transfermarkt_id,player_name,player_url,status,name_home_country_fbref,dob_age,place_birth,height,citizenship,position,foot,debut_season,debut_age,first_club,debut_year,transfermarkt_url
28990,Charlie Adam,https://fbref.com/en/players/aff418dc/Charlie-Adam,Success,Not found,10-Dec-85,Not found,185,Scotland sct,MF,Left,2003-2004,17 years,Rangers,2003,https://www.transfermarkt.com/charlie-adam/profil/spieler/28990
8883,Emmanuel Adebayor,https://fbref.com/en/players/936d9e3e/Emmanuel-Adebayor,Success,Not found,26-Feb-84,Not found,191,Togo,FW,Right,2001-2002,17 years,Metz,2001,https://www.transfermarkt.com/emmanuel-adebayor/profil/spieler/8883
37148,Gabriel Agbonlahor,https://fbref.com/en/players/db80f5f1/Gabriel-Agbonlahor,Success,Not found,13-Oct-86,Not found,180,England eng,FW-MF (WM),Right,2005-2006,18 years,Sheffield Weds,2005,https://www.transfermarkt.com/gabriel-agbonlahor/profil/spieler/37148
22832,Daniel Agger,https://fbref.com/en/players/f1ea4af0/Daniel-Agger,Success,Not found,12-Dec-84,Not found,191,Denmark,DF (CB),Left,2004-2005,19 years,Brøndby,2004,https://www.transfermarkt.com/daniel-agger/profil/spieler/22832
8559,Yakubu Aiyegbeni,https://fbref.com/en/players/a1fe3f62/Yakubu-Aiyegbeni,Success,Not found,22-Nov-82,Not found,183,Nigeria,FW,Both,2002-2003,19 years,Portsmouth,2002,https://www.transfermarkt.com/yakubu-aiyegbeni/profil/spieler/8559
61560,Marc Albrighton,https://fbref.com/en/players/b827d5b3/Marc-Albrighton,Success,Not found,18-Nov-89,Not found,175,England eng,DF-FW-MF (AM-WM),Right,2009-2010,19 years,Aston Villa,2009,https://www.transfermarkt.com/marc-albrighton/profil/spieler/61560
14259,Antolín Alcaraz,https://fbref.com/en/players/cee38e27/Antolin-Alcaraz,Success,Not found,30-Jul-82,Not found,185,Paraguay,"DF (CB, left)",Right,2002-2003,20 years,Beira-Mar,2002,https://www.transfermarkt.com/antoln-alcaraz/profil/spieler/14259
349066,Alex,https://fbref.com/en/players/350188c1/Alexandre-Bonnet,Success,Not found,17-Oct-86,Not found,173,France,MF (AM),Left,2005-2006,18 years,Toulouse,2005,https://www.transfermarkt.com/alex/profil/spieler/349066
16621,Manuel Almunia,https://fbref.com/en/players/9f6b2f8c/Manuel-Almunia,Success,Not found,19-May-77,Not found,191,Not found,GK,Not found,2001-2002,24 years,Eibar,2001,https://www.transfermarkt.com/manuel-almunia/profil/spieler/16621
112515,Marcos Alonso,https://fbref.com/en/players/06b1b4a2/Marcos-Alonso-Pena,Success,Not found,1-Oct-59,Not found,176,Spain,"FW-MF (WM, right)",Not found,1988-1989,28 years,Atlético Madrid,1988,https://www.transfermarkt.com/marcos-alonso/profil/spieler/112515
92381,Sammy Ameobi,https://fbref.com/en/players/acd61628/Sammy-Ameobi,Success,Not found,1-May-92,Not found,192,England eng,FW-MF (AM-WM),Left,2010-2011,18 years,Newcastle Utd,2010,https://www.transfermarkt.com/sammy-ameobi/profil/spieler/92381
3276,Shola Ameobi,https://fbref.com/en/players/e79a368b/Shola-Ameobi,Success,Not found,12-Oct-81,Not found,191,Nigeria ng  Other: England,FW,Both,2000-2001,18 years,Newcastle Utd,2000,https://www.transfermarkt.com/shola-ameobi/profil/spieler/3276
8564,Anderson,https://fbref.com/en/players/b3ab8f5c/Paul-Anderson,Success,Not found,23-Jul-88,Not found,175,England eng,MF (WM),Both,2007-2008,19 years,Swansea City,2007,https://www.transfermarkt.com/anderson/profil/spieler/8564
8035,Keith Andrews,https://fbref.com/en/players/5bca867f/Keith-Andrews,Success,Not found,13-Sep-80,Not found,183,Republic of Ireland,MF (DM),Not found,2001-2002,20 years,Wolves,2001,https://www.transfermarkt.com/keith-andrews/profil/spieler/8035
3226,Nicolas Anelka,https://fbref.com/en/players/931ed5e9/Nicolas-Anelka,Success,Not found,14-Mar-79,Not found,186,France,FW,Right,1995-1996,16 years,Paris S-G,1995,https://www.transfermarkt.com/nicolas-anelka/profil/spieler/3226
27448,Marcos Angeleri,https://fbref.com/en/players/f1c9c320/Marcos-Angeleri,Success,Not found,7-Apr-83,Not found,182,Argentina,"DF (CB-FB, right)",Right,2010-2011,27 years,Sunderland,2010,https://www.transfermarkt.com/marcos-angeleri/profil/spieler/27448
39532,Victor Anichebe,https://fbref.com/en/players/4aed5c19/Victor-Anichebe,Success,Not found,23-Apr-88,Not found,185,Nigeria,FW,Right,2005-2006,17 years,Everton,2005,https://www.transfermarkt.com/victor-anichebe/profil/spieler/39532
15378,Andrey Arshavin,https://fbref.com/en/players/8fd1ea1f/Andrey-Arshavin,Success,Not found,29-May-81,Not found,172,Russia,"FW-MF (AM-WM, left)",Not found,2001,19 years,Zenit,Not found,https://www.transfermarkt.com/andrey-arshavin/profil/spieler/15378
7451,Mikel Arteta,https://fbref.com/en/players/d934d1e6/Mikel-Arteta,Success,Not found,26-Mar-82,Not found,177,Spain,MF,Right,2000-2001,18 years,Paris S-G,2000,https://www.transfermarkt.com/mikel-arteta/profil/spieler/7451
18310,Benoît Assou-Ekotto,https://fbref.com/en/players/a557e6b0/Benoit-Assou-Ekotto,Success,Not found,24-Mar-84,Not found,178,Cameroon cm  Other: France,"DF (FB, left)",Left,2003-2004,19 years,Lens,2003,https://www.transfermarkt.com/benot-assou-ekotto/profil/spieler/18310
7570,Fábio Aurélio,https://fbref.com/en/players/68f0ce09/Fabio-Aurelio,Success,Not found,24-Sep-79,Not found,173,Brazil,"DF-MF (FB-WM, left)",Not found,2000-2001,20 years,Valencia,2000,https://www.transfermarkt.com/fbio-aurlio/profil/spieler/7570
40205,Demba Ba,https://fbref.com/en/players/8b683d09/Demba-Ba,Success,Not found,25-May-85,Not found,189,Senegal sn  Other: France,FW,Right,2006-2007,21 years,Mouscron,2006,https://www.transfermarkt.com/demba-ba/profil/spieler/40205
16135,Ryan Babel,https://fbref.com/en/players/6438d426/Ryan-Babel,Success,Not found,19-Dec-86,Not found,185,Netherlands,"FW-MF (AM-WM, left)",Right,2003-2004,16 years,Ajax,2003,https://www.transfermarkt.com/ryan-babel/profil/spieler/16135
13507,Leighton Baines,https://fbref.com/en/players/b18095b6/Leighton-Baines,Success,Not found,11-Dec-84,Not found,170,England eng,"DF (FB, left)",Left,2002-2003,17 years,Wigan Athletic,2002,https://www.transfermarkt.com/leighton-baines/profil/spieler/13507
4115,Chris Baird,https://fbref.com/en/players/55fd8c81/Chris-Baird,Success,Not found,25-Feb-82,Not found,179,Northern Ireland nir,DF-MF (CB-FB),Right,2002-2003,20 years,Southampton,2002,https://www.transfermarkt.com/chris-baird/profil/spieler/4115
62638,Nathan Baker,https://fbref.com/en/players/b18af9e3/Nathan-Baker,Success,Not found,23-Apr-91,Not found,191,England eng,"DF (CB-FB, left)",Left,2009-2010,18 years,Lincoln City,2009,https://www.transfermarkt.com/nathan-baker/profil/spieler/62638
39381,Gareth Bale,https://fbref.com/en/players/a58bb1e1/Gareth-Bale,Success,Not found,16-Jul-89,Not found,185,Wales wls,FW-MF (AM-WM),Left,2005-2006,16 years,Southampton,2005,https://www.transfermarkt.com/gareth-bale/profil/spieler/39381
45146,Mario Balotelli,https://fbref.com/en/players/8ff07990/Mario-Balotelli,Success,Not found,12-Aug-90,Not found,189,Italy,FW,Right,2007-2008,16 years,Inter,2007,https://www.transfermarkt.com/mario-balotelli/profil/spieler/45146
61561,Barry Bannan,https://fbref.com/en/players/9469fb13/Barry-Bannan,Success,Not found,"December 1, 1989 (Age: 35-359d)","Airdrie, Scotland, United Kingdom",169,Scotland sct,"MF (AM-CM-DM, left)",Left,2008-2009,18 years,Derby County,2008,https://www.transfermarkt.com/barry-bannan/profil/spieler/61561
16660,Alex Baptiste,https://fbref.com/en/players/7b72f0b6/Alex-Baptiste,Success,Not found,31-Jan-86,Not found,180,Not found,"DF (CB-FB, right)",Right,2002-2003,16 years,Mansfield Town,2002,https://www.transfermarkt.com/alex-baptiste/profil/spieler/16660
15773,Phil Bardsley,https://fbref.com/en/players/1ae30132/Phil-Bardsley,Success,Not found,28-Jun-85,Not found,180,Scotland sct  Other: England,"DF (FB, right)",Right,2003-2004,18 years,Antwerp,2003,https://www.transfermarkt.com/phil-bardsley/profil/spieler/15773
37236,Giles Barnes,https://fbref.com/en/players/e663724a/Giles-Barnes,Success,Not found,5-Aug-88,Not found,188,Jamaica jm  Other: England,FW-MF (AM),Both,2005-2006,16 years,Derby County,2005,https://www.transfermarkt.com/giles-barnes/profil/spieler/37236
51079,Pablo Barrera,https://fbref.com/en/players/ff70b131/Pablo-Barrera,Success,Not found,"June 21, 1987 (Age: 38-157d)","Tlalnepantla de Baz, Estado de México, Mexico",175,Mexico,"FW-MF (AM-WM, right)",Right,2005-2006,18 years,UNAM,2005,https://www.transfermarkt.com/pablo-barrera/profil/spieler/51079
3291,Gareth Barry,https://fbref.com/en/players/7dbbe367/Gareth-Barry,Success,Not found,23-Feb-81,Not found,183,England eng,MF (CM-DM),Left,1997-1998,16 years,Aston Villa,1997,https://www.transfermarkt.com/gareth-barry/profil/spieler/3291
3292,Joey Barton,https://fbref.com/en/players/93bfa675/Joey-Barton,Success,Not found,2-Sep-82,Not found,180,England eng,MF (CM),Right,2002-2003,19 years,Manchester City,2002,https://www.transfermarkt.com/joey-barton/profil/spieler/3292
52495,Chris Basham,https://fbref.com/en/players/1aa84968/Chris-Basham,Success,Not found,20-Jul-88,Not found,185,Not found,"DF-MF (CB, right)",Right,2006-2007,18 years,Stafford Rangers,2006,https://www.transfermarkt.com/chris-basham/profil/spieler/52495
33951,Sébastien Bassong,https://fbref.com/en/players/0d521662/Sebastien-Bassong,Success,Not found,9-Jul-86,Not found,188,Cameroon cm  Other: France,DF,Left,2005-2006,19 years,Metz,2005,https://www.transfermarkt.com/sbastien-bassong/profil/spieler/33951
82734,Jose Baxter,https://fbref.com/en/players/185990eb/Jose-Baxter,Success,Not found,7-Feb-92,Not found,180,England eng,FW-MF (AM),Right,2008-2009,16 years,Everton,2008,https://www.transfermarkt.com/jose-baxter/profil/spieler/82734
3112,James Beattie,https://fbref.com/en/players/7c881089/James-Beattie,Success,Not found,27-Feb-78,Not found,185,England eng,FW,Not found,1996-1997,18 years,Blackburn,1996,https://www.transfermarkt.com/james-beattie/profil/spieler/3112
18871,Jean Beausejour,https://fbref.com/en/players/c8404849/Jean-Beausejour,Success,Not found,1-Jun-84,Not found,178,Chile,"DF-FW-MF (FB-WM, left)",Left,2004-2005,20 years,Servette,2004,https://www.transfermarkt.com/jean-beausejour/profil/spieler/18871
26541,Bebé,https://fbref.com/en/players/d8712bf9/Bebe,Success,Not found,"July 12, 1990 (Age: 35-136d)","Cacém, Portugal",190,Cape Verde cv  Other: Portugal,FW-MF (AM-WM),Right,2010-2011,20 years,Manchester Utd,2010,https://www.transfermarkt.com/beb/profil/spieler/26541
38874,Jermaine Beckford,https://fbref.com/en/players/393303c7/Jermaine-Beckford,Success,Not found,9-Dec-83,Not found,188,Jamaica jm  Other: England,FW,Right,2005-2006,21 years,Leeds United,2005,https://www.transfermarkt.com/jermaine-beckford/profil/spieler/38874
26898,Roman Bednář,https://fbref.com/en/players/a6979454/Roman-Bednar,Success,Not found,26-Mar-83,Not found,191,Czech Republic,FW,Not found,2005-2006,22 years,Hearts,2005,https://www.transfermarkt.com/roman-bedn/profil/spieler/26898
33873,Asmir Begović,https://fbref.com/en/players/7b4de647/Asmir-Begovic,Success,Not found,"June 20, 1987 (Age: 38-158d)","Trebinje, Bosnia and Herzegovina",199,Bosnia and Herzegovina ba  Other: Canada,GK,Right,2005-2006,18 years,La Louvière,2005,https://www.transfermarkt.com/asmir-begovi/profil/spieler/33873
21905,Valon Behrami,https://fbref.com/en/players/d3d758d8/Valon-Behrami,Success,Not found,19-Apr-85,Not found,184,Switzerland ch  Other: Kosovo,DF-MF (CM),Right,2003-2004,18 years,Genoa,2003,https://www.transfermarkt.com/valon-behrami/profil/spieler/21905
18900,Hatem Ben Arfa,https://fbref.com/en/players/74dc806c/Hatem-Ben-Arfa,Success,Not found,7-Mar-87,Not found,178,France,FW-MF (AM-WM),Left,2004-2005,17 years,Lyon,2004,https://www.transfermarkt.com/hatem-ben-arfa/profil/spieler/18900
20714,Tal Ben Haim,https://fbref.com/en/players/8ca0559d/Tal-Ben-Haim,Success,Not found,5-Aug-89,Not found,175,Israel,FW-MF (WM),Left,2017-2018,27 years,Sparta Prague,2017,https://www.transfermarkt.com/tal-ben-haim/profil/spieler/20714
7858,Yossi Benayoun,https://fbref.com/en/players/8414bb13/Yossi-Benayoun,Success,Not found,5-May-80,Not found,178,Israel,MF (AM),Not found,2002-2003,22 years,Racing Sant,2002,https://www.transfermarkt.com/yossi-benayoun/profil/spieler/7858
34557,Nicklas Bendtner,https://fbref.com/en/players/9f9c57f0/Nicklas-Bendtner,Success,Not found,16-Jan-88,Not found,194,Denmark,FW,Right,2006-2007,18 years,Birmingham City,2006,https://www.transfermarkt.com/nicklas-bendtner/profil/spieler/34557
12063,Benjani,https://fbref.com/en/players/9fc277ee/Benjani,Success,Not found,13-Aug-78,Not found,188,Zimbabwe,FW,Not found,2002-2003,23 years,Auxerre,2002,https://www.transfermarkt.com/benjani/profil/spieler/12063
13239,Darren Bent,https://fbref.com/en/players/fe97f10b/Darren-Bent,Success,Not found,6-Feb-84,Not found,180,England eng,FW,Right,2001-2002,17 years,Ipswich Town,2001,https://www.transfermarkt.com/darren-bent/profil/spieler/13239
9958,Marcus Bent,https://fbref.com/en/players/69166246/Marcus-Bent,Success,Not found,19-May-78,Not found,188,England eng,FW,Not found,1997-1998,19 years,Crystal Palace,1997,https://www.transfermarkt.com/marcus-bent/profil/spieler/9958
3205,David Bentley,https://fbref.com/en/players/a00fbcec/David-Bentley,Success,Not found,27-Aug-84,Not found,175,England eng,MF (AM-WM),Right,2003-2004,18 years,Arsenal,2003,https://www.transfermarkt.com/david-bentley/profil/spieler/3205
65,Dimitar Berbatov,https://fbref.com/en/players/f5781978/Dimitar-Berbatov,Success,Not found,30-Jan-81,Not found,189,Bulgaria,FW,Right,2000-2001,19 years,Leverkusen,2000,https://www.transfermarkt.com/dimitar-berbatov/profil/spieler/65
36602,Christophe Berra,https://fbref.com/en/players/8455984a/Christophe-Berra,Success,Not found,31-Jan-85,Not found,186,Scotland sct,DF (CB),Left,2003-2004,18 years,Hearts,2003,https://www.transfermarkt.com/christophe-berra/profil/spieler/36602
40611,Ryan Bertrand,https://fbref.com/en/players/01226327/Ryan-Bertrand,Success,Not found,5-Aug-89,Not found,179,England eng,"DF-MF (FB, left)",Left,2006-2007,16 years,Bournemouth,2006,https://www.transfermarkt.com/ryan-bertrand/profil/spieler/40611
28244,Leon Best,https://fbref.com/en/players/0780ab75/Leon-Best,Success,Not found,19-Sep-86,Not found,185,Republic of Ireland ie  Other: England,FW,Right,2004-2005,17 years,QPR,2004,https://www.transfermarkt.com/leon-best/profil/spieler/28244
3923,Habib Beye,https://fbref.com/en/players/459b0b19/Habib-Beye,Success,Not found,19-Oct-77,Not found,182,Senegal sn  Other: France,"DF (FB, right)",Not found,1997-1998,19 years,Paris S-G,1997,https://www.transfermarkt.com/habib-beye/profil/spieler/3923
16690,Diniyar Bilyaletdinov,https://fbref.com/en/players/7e8050c6/Diniyar-Bilyaletdinov,Success,Not found,27-Feb-85,Not found,186,Russia,MF,Left,2004,18 years,Loko Moscow,Not found,https://www.transfermarkt.com/diniyar-bilyaletdinov/profil/spieler/16690
62049,Mame Biram Diouf,https://fbref.com/en/players/7f4f3e49/Mame-Biram-Diouf,Success,Not found,"December 16, 1987 (Age: 37-344d)",Senegal,185,Senegal,FW-MF,Right,2008,20 years,Molde,Not found,https://www.transfermarkt.com/mame-biram-diouf/profil/spieler/62049
3490,Robbie Blake,https://fbref.com/en/players/ddc0a1fd/Robbie-Blake,Success,Not found,4-Mar-76,Not found,175,Not found,FW-MF (AM),Not found,1999-2000,23 years,Bradford City,1999,https://www.transfermarkt.com/robbie-blake/profil/spieler/3490
3422,Luís Boa Morte,https://fbref.com/en/players/59ab6332/Luis-Boa-Morte,Success,Not found,4-Aug-77,Not found,178,Portugal,FW-MF (AM-WM),Not found,1997-1998,19 years,Arsenal,1997,https://www.transfermarkt.com/lus-boa-morte/profil/spieler/3422
26485,Jérôme Boateng,https://fbref.com/en/players/2db2fd7b/Jerome-Boateng,Success,Not found,3-Sep-88,Not found,192,Germany,DF (CB-FB),Right,2006-2007,17 years,Hertha BSC,2006,https://www.transfermarkt.com/jrme-boateng/profil/spieler/26485
31336,Ruud Boffin,https://fbref.com/en/players/ad19ca64/Ruud-Boffin,Success,Not found,5-Nov-87,Not found,196,Not found,GK,Right,2007-2008,19 years,FC Eindhoven,2007,https://www.transfermarkt.com/ruud-boffin/profil/spieler/31336
55247,Ádám Bogdán,https://fbref.com/en/players/56f99ec7/Adam-Bogdan,Success,Not found,27-Sep-87,Not found,194,Hungary,GK,Right,2009-2010,21 years,Crewe Alexandra,2009,https://www.transfermarkt.com/dm-bogdn/profil/spieler/55247
40822,Mauro Boselli,https://fbref.com/en/players/284e865d/Mauro-Boselli,Success,Not found,22-May-85,Not found,182,Argentina,FW,Right,2005-2006,20 years,Málaga B,2005,https://www.transfermarkt.com/mauro-boselli/profil/spieler/40822
9813,José Bosingwa,https://fbref.com/en/players/13dd442f/Jose-Bosingwa,Success,Not found,24-Aug-82,Not found,183,Portugal pt  Other: Congo DR,"DF (FB, right)",Right,2001-2002,18 years,Boavista,2001,https://www.transfermarkt.com/jos-bosingwa/profil/spieler/9813
3877,Lee Bowyer,https://fbref.com/en/players/f4fd57ba/Lee-Bowyer,Success,Not found,3-Jan-77,Not found,175,England eng,MF (AM),Not found,1996-1997,19 years,Leeds United,1996,https://www.transfermarkt.com/lee-bowyer/profil/spieler/3877
88262,Dedryck Boyata,https://fbref.com/en/players/7c473e12/Dedryck-Boyata,Success,Not found,28-Nov-90,Not found,188,Belgium,DF (CB-FB),Right,2009-2010,18 years,Manchester City,2009,https://www.transfermarkt.com/dedryck-boyata/profil/spieler/88262
19641,Emmerson Boyce,https://fbref.com/en/players/84bfbd38/Emmerson-Boyce,Success,Not found,24-Sep-79,Not found,184,Barbados bb  Other: England,DF (CB),Right,2002-2003,22 years,Luton Town,2002,https://www.transfermarkt.com/emmerson-boyce/profil/spieler/19641
30593,Michael Bradley,https://fbref.com/en/players/fd5e3a73/Michael-Bradley,Success,Not found,31-Jul-87,Not found,189,United States,DF-MF (CM-DM),Right,2005,17 years,MetroStars,Not found,https://www.transfermarkt.com/michael-bradley/profil/spieler/30593
3130,Titus Bramble,https://fbref.com/en/players/83ac7c3c/Titus-Bramble,Success,Not found,31-Jul-81,Not found,185,England eng,DF (CB),Not found,2000-2001,19 years,Ipswich Town,2000,https://www.transfermarkt.com/titus-bramble/profil/spieler/3130
3682,Wayne Bridge,https://fbref.com/en/players/86b982bc/Wayne-Bridge,Success,Not found,5-Aug-80,Not found,178,England eng,"DF (FB, left)",Not found,1998-1999,17 years,Southampton,1998,https://www.transfermarkt.com/wayne-bridge/profil/spieler/3682
51318,Matthew Briggs,https://fbref.com/en/players/182c89db/Matthew-Briggs,Success,Not found,6-Mar-91,Not found,189,Guyana gy  Other: England,DF (FB),Left,2006-2007,15 years,Fulham,2006,https://www.transfermarkt.com/matthew-briggs/profil/spieler/51318
3405,Wes Brown,https://fbref.com/en/players/659ccc97/Wes-Brown,Success,Not found,13-Oct-79,Not found,185,England eng,DF (CB),Right,1997-1998,17 years,Manchester Utd,1997,https://www.transfermarkt.com/wes-brown/profil/spieler/3405
88721,Jeffrey Bruma,https://fbref.com/en/players/fbffc4b1/Jeffrey-Bruma,Success,Not found,13-Nov-91,Not found,189,Netherlands,DF (CB-FB),Right,2009-2010,17 years,Grimsby Town,2009,https://www.transfermarkt.com/jeffrey-bruma/profil/spieler/88721
36814,Chris Brunt,https://fbref.com/en/players/ec7e6ad1/Chris-Brunt,Success,Not found,14-Dec-84,Not found,180,Northern Ireland nir,"DF-MF (AM-WM, left)",Left,2003-2004,18 years,Sheffield Weds,2003,https://www.transfermarkt.com/chris-brunt/profil/spieler/36814
49319,Mark Bunn,https://fbref.com/en/players/a6738b6c/Mark-Bunn,Success,Not found,16-Nov-84,Not found,183,Not found,GK,Right,2006-2007,21 years,Northampton,2006,https://www.transfermarkt.com/mark-bunn/profil/spieler/49319
27511,Gary Cahill,https://fbref.com/en/players/7914b9fe/Gary-Cahill,Success,Not found,19-Dec-85,Not found,193,England eng,DF (CB),Right,2004-2005,18 years,Burnley,2004,https://www.transfermarkt.com/gary-cahill/profil/spieler/27511
13556,Tim Cahill,https://fbref.com/en/players/e5a2dfc2/Tim-Cahill,Success,Not found,6-Dec-79,Not found,178,Australia,FW-MF (AM),Right,2001-2002,21 years,Millwall,2001,https://www.transfermarkt.com/tim-cahill/profil/spieler/13556
3791,Gary Caldwell,https://fbref.com/en/players/5dc37f4a/Gary-Caldwell,Success,Not found,12-Apr-82,Not found,180,Scotland sct,DF-MF,Right,2001-2002,19 years,Hibernian,2001,https://www.transfermarkt.com/gary-caldwell/profil/spieler/3791
3462,Steven Caldwell,https://fbref.com/en/players/6839f68e/Steven-Caldwell,Success,Not found,12-Sep-80,Not found,180,Scotland sct,DF (CB-FB),Right,2000-2001,19 years,Newcastle Utd,2000,https://www.transfermarkt.com/steven-caldwell/profil/spieler/3462
37896,DJ Campbell,https://fbref.com/en/players/d9129797/DJ-Campbell,Success,Not found,12-Nov-81,Not found,178,Not found,FW,Not found,2005-2006,23 years,Brentford,2005,https://www.transfermarkt.com/dj-campbell/profil/spieler/37896
42411,Fraizer Campbell,https://fbref.com/en/players/81d63375/Fraizer-Campbell,Success,Not found,13-Sep-87,Not found,180,England eng,FW,Right,2007-2008,19 years,Hull City,2007,https://www.transfermarkt.com/fraizer-campbell/profil/spieler/42411
3198,Sol Campbell,https://fbref.com/en/players/3e3b2fbd/Sol-Campbell,Success,Not found,18-Sep-74,Not found,188,England eng,DF-FW (CB),Not found,1992-1993,17 years,Tottenham,1992,https://www.transfermarkt.com/sol-campbell/profil/spieler/3198
3570,John Carew,https://fbref.com/en/players/91ef929d/John-Carew,Success,Not found,5-Sep-79,Not found,193,Norway,FW,Not found,2000,20 years,Rosenborg,Not found,https://www.transfermarkt.com/john-carew/profil/spieler/3570
10387,David Carney,https://fbref.com/en/players/f3041886/David-Carney,Success,Not found,30-Nov-83,Not found,181,Australia,"DF-MF (FB-WM, left)",Not found,2005-2006,21 years,Sydney FC,2005,https://www.transfermarkt.com/david-carney/profil/spieler/10387
4046,Stephen Carr,https://fbref.com/en/players/eb0ae1e9/Stephen-Carr,Success,Not found,29-Aug-76,Not found,175,Republic of Ireland,"DF (FB, right)",Not found,1993-1994,16 years,Tottenham,1993,https://www.transfermarkt.com/stephen-carr/profil/spieler/4046
3597,Jamie Carragher,https://fbref.com/en/players/d0ebce19/Jamie-Carragher,Success,Not found,28-Jan-78,Not found,185,England eng,"DF-MF (CB-DM-FB, right)",Not found,1996-1997,18 years,Liverpool,1996,https://www.transfermarkt.com/jamie-carragher/profil/spieler/3597
3878,Michael Carrick,https://fbref.com/en/players/ab7263c1/Michael-Carrick,Success,Not found,28-Jul-81,Not found,188,England eng,MF (CM-DM),Both,1999-2000,18 years,West Ham,1999,https://www.transfermarkt.com/michael-carrick/profil/spieler/3878
48066,Andy Carroll,https://fbref.com/en/players/b581987a/Andy-Carroll,Success,Not found,6-Jan-89,Not found,191,England eng,FW,Left,2006-2007,17 years,Newcastle Utd,2006,https://www.transfermarkt.com/andy-carroll/profil/spieler/48066
14555,Scott Carson,https://fbref.com/en/players/3e1550ee/Scott-Carson,Success,Not found,3-Sep-85,Not found,192,England eng,GK,Right,2003-2004,17 years,Leeds United,2003,https://www.transfermarkt.com/scott-carson/profil/spieler/14555
59606,Craig Cathcart,https://fbref.com/en/players/89e4b358/Craig-Cathcart,Success,Not found,6-Feb-89,Not found,188,Northern Ireland nir,DF (CB),Right,2008-2009,19 years,Plymouth Argyle,2008,https://www.transfermarkt.com/craig-cathcart/profil/spieler/59606
37363,Lee Cattermole,https://fbref.com/en/players/538e77d5/Lee-Cattermole,Success,Not found,21-Mar-88,Not found,178,England eng,MF (DM),Right,2005-2006,17 years,Middlesbrough,2005,https://www.transfermarkt.com/lee-cattermole/profil/spieler/37363
21354,Marek Čech,https://fbref.com/en/players/bc9fd7f1/Marek-Cech,Success,Not found,8-Apr-76,Not found,187,Czech Republic,GK,Not found,2007,30 years,LE Vladivostok,Not found,https://www.transfermarkt.com/marek-ech/profil/spieler/21354
5658,Petr Čech,https://fbref.com/en/players/71672fa0/Petr-Cech,Success,Not found,20-May-82,Not found,196,Czech Republic,GK,Left,2002-2003,20 years,Rennes,2002,https://www.transfermarkt.com/petr-ech/profil/spieler/5658
19085,Marouane Chamakh,https://fbref.com/en/players/790ca5f3/Marouane-Chamakh,Success,Not found,10-Jan-84,Not found,188,Morocco ma  Other: France,FW,Right,2002-2003,18 years,Bordeaux,2002,https://www.transfermarkt.com/marouane-chamakh/profil/spieler/19085
18875,Pascal Chimbonda,https://fbref.com/en/players/5cbb464e/Pascal-Chimbonda,Success,Not found,21-Feb-79,Not found,180,France fr  Other: Guadeloupe,DF,Not found,1999-2000,20 years,Le Havre,1999,https://www.transfermarkt.com/pascal-chimbonda/profil/spieler/18875
98240,Ciaran Clark,https://fbref.com/en/players/2b91cf8e/Ciaran-Clark,Success,Not found,26-Sep-89,Not found,188,Republic of Ireland ie  Other: England,"DF-MF (CB, left)",Left,2009-2010,19 years,Aston Villa,2009,https://www.transfermarkt.com/ciaran-clark/profil/spieler/98240
73484,Tom Cleverley,https://fbref.com/en/players/6cdd8245/Tom-Cleverley,Success,Not found,12-Aug-89,Not found,175,England eng,MF (CM),Right,2008-2009,18 years,Leicester City,2008,https://www.transfermarkt.com/tom-cleverley/profil/spieler/73484
7449,Gaël Clichy,https://fbref.com/en/players/450ad405/Gael-Clichy,Success,Not found,26-Jul-85,Not found,176,France,"DF (FB, left)",Left,2003-2004,18 years,Arsenal,2003,https://www.transfermarkt.com/gal-clichy/profil/spieler/7449
24209,Tamir Cohen,https://fbref.com/en/players/d1b983de/Tamir-Cohen,Success,Not found,4-Mar-84,Not found,181,Israel,MF (AM),Not found,2007-2008,23 years,Bolton,2007,https://www.transfermarkt.com/tamir-cohen/profil/spieler/24209
61644,Jack Colback,https://fbref.com/en/players/963a9201/Jack-Colback,Success,Not found,24-Oct-89,Not found,176,England eng,"DF-MF (DM, left)",Left,2009-2010,19 years,Ipswich Town,2009,https://www.transfermarkt.com/jack-colback/profil/spieler/61644
3182,Ashley Cole,https://fbref.com/en/players/be091289/Ashley-Cole,Success,Not found,20-Dec-80,Not found,176,England eng,"DF (FB, left)",Left,1999-2000,18 years,Arsenal,1999,https://www.transfermarkt.com/ashley-cole/profil/spieler/3182
3179,Carlton Cole,https://fbref.com/en/players/51b2effb/Carlton-Cole,Success,Not found,12-Oct-83,Not found,191,England eng,FW,Right,2001-2002,17 years,Chelsea,2001,https://www.transfermarkt.com/carlton-cole/profil/spieler/3179
3876,Joe Cole,https://fbref.com/en/players/2c2f117b/Joe-Cole,Success,Not found,8-Nov-81,Not found,175,England eng,MF (AM-WM),Right,1998-1999,16 years,West Ham,1998,https://www.transfermarkt.com/joe-cole/profil/spieler/3876
68390,Séamus Coleman,https://fbref.com/en/players/0420d84f/Seamus-Coleman,Success,Not found,"October 11, 1988 (Age: 37-045d)","Donegal, Republic of Ireland",177,Republic of Ireland,"DF-MF (CB-FB, right)",Right,2009-2010,20 years,Blackpool,2009,https://www.transfermarkt.com/samus-coleman/profil/spieler/68390
26183,Danny Collins,https://fbref.com/en/players/b89cd819/Danny-Collins,Success,Not found,6-Aug-80,Not found,185,Wales wls  Other: England,DF (CB-FB),Left,2004-2005,23 years,Chester City,2004,https://www.transfermarkt.com/danny-collins/profil/spieler/26183
12691,James Collins,https://fbref.com/en/players/95471a13/James-Collins,Success,Not found,"December 1, 1990 (Age: 34-359d)","Coventry, England, United Kingdom",188,Republic of Ireland ie  Other: England,FW,Right,2009-2010,18 years,Darlington,2009,https://www.transfermarkt.com/james-collins/profil/spieler/12691
61568,Jack Collison,https://fbref.com/en/players/0566f8a9/Jack-Collison,Success,Not found,2-Oct-88,Not found,183,Wales wls  Other: England,MF,Not found,2007-2008,18 years,West Ham,2007,https://www.transfermarkt.com/jack-collison/profil/spieler/61568
6150,Fabricio Coloccini,https://fbref.com/en/players/78b3399f/Fabricio-Coloccini,Success,Not found,22-Jan-82,Not found,183,Argentina,"DF-MF (CB-DM-FB, right)",Right,2001-2002,19 years,Alavés,2001,https://www.transfermarkt.com/fabricio-coloccini/profil/spieler/6150
61646,Jordan Cook,https://fbref.com/en/players/28a7e81c/Jordan-Cook,Success,Not found,20-Mar-90,Not found,175,Not found,FW,Right,2009-2010,19 years,Darlington,2009,https://www.transfermarkt.com/jordan-cook/profil/spieler/61646
34393,Vedran Ćorluka,https://fbref.com/en/players/6ceef869/Vedran-Corluka,Success,Not found,5-Feb-86,Not found,192,Croatia hr  Other: Bosnia and Herzegovina,DF (CB),Right,2007-2008,21 years,Manchester City,2007,https://www.transfermarkt.com/vedran-orluka/profil/spieler/34393
37398,Manuel da Costa,https://fbref.com/en/players/50e14b3c/Manuel-da-Costa,Success,Not found,6-May-86,Not found,192,Morocco ma  Other: France,DF (CB),Right,2005-2006,19 years,Nancy,2005,https://www.transfermarkt.com/manuel-da-costa/profil/spieler/37398
37150,Simon Cox,https://fbref.com/en/players/6124c209/Simon-Cox,Success,Not found,28-Apr-87,Not found,180,Republic of Ireland ie  Other: England,FW,Right,2005-2006,18 years,Reading,2005,https://www.transfermarkt.com/simon-cox/profil/spieler/37150
4129,Jody Craddock,https://fbref.com/en/players/573e5dd2/Jody-Craddock,Success,Not found,25-Jul-75,Not found,183,Not found,DF-MF (CB),Not found,1999-2000,24 years,Sunderland,1999,https://www.transfermarkt.com/jody-craddock/profil/spieler/4129
9499,Stephen Crainey,https://fbref.com/en/players/2f6dd6a3/Stephen-Crainey,Success,Not found,22-Jun-81,Not found,175,Scotland sct,"DF (FB, left)",Right,2000-2001,19 years,Celtic,2000,https://www.transfermarkt.com/stephen-crainey/profil/spieler/9499
4072,Peter Crouch,https://fbref.com/en/players/73d9bdc7/Peter-Crouch,Success,Not found,30-Jan-81,Not found,201,England eng,FW,Right,2001-2002,20 years,Portsmouth,2001,https://www.transfermarkt.com/peter-crouch/profil/spieler/4072
3151,Carlo Cudicini,https://fbref.com/en/players/df77463a/Carlo-Cudicini,Success,Not found,6-Sep-73,Not found,185,Italy,GK,Not found,1996-1997,22 years,Lazio,1996,https://www.transfermarkt.com/carlo-cudicini/profil/spieler/3151
16576,Carlos Cuéllar,https://fbref.com/en/players/1222ab35/Carlos-Cuellar,Success,Not found,23-Aug-81,Not found,190,Not found,DF (CB),Right,2001-2002,19 years,Numancia,2001,https://www.transfermarkt.com/carlos-cullar/profil/spieler/16576
62688,Scott Dann,https://fbref.com/en/players/52105203/Scott-Dann,Success,Not found,14-Feb-87,Not found,188,England eng,DF (CB),Right,2004-2005,17 years,Walsall,2004,https://www.transfermarkt.com/scott-dann/profil/spieler/62688
18227,Curtis Davies,https://fbref.com/en/players/607fb965/Curtis-Davies,Success,Not found,15-Mar-85,Not found,188,Sierra Leone sl  Other: England,DF (CB),Right,2003-2004,18 years,Luton Town,2003,https://www.transfermarkt.com/curtis-davies/profil/spieler/18227
4114,Kevin Davies,https://fbref.com/en/players/2f726a89/Kevin-Davies,Success,Not found,26-Mar-77,Not found,183,England eng,FW,Not found,1997-1998,20 years,Southampton,1997,https://www.transfermarkt.com/kevin-davies/profil/spieler/4114
36917,Mark Davies,https://fbref.com/en/players/3de91e73/Mark-Davies,Success,Not found,18-Feb-88,Not found,180,England eng,MF,Right,2005-2006,17 years,Wolves,2005,https://www.transfermarkt.com/mark-davies/profil/spieler/36917
4056,Simon Davies,https://fbref.com/en/players/522b6d6c/Simon-Davies,Success,Not found,23-Oct-79,Not found,178,Wales wls,MF (WM),Right,1999-2000,19 years,Tottenham,1999,https://www.transfermarkt.com/simon-davies/profil/spieler/4056
9988,Michael Dawson,https://fbref.com/en/players/4771114f/Michael-Dawson,Success,Not found,18-Nov-83,Not found,188,England eng,"DF (CB, right)",Right,2001-2002,17 years,Nott'ham Forest,2001,https://www.transfermarkt.com/michael-dawson/profil/spieler/9988
3875,Jermain Defoe,https://fbref.com/en/players/f1e8372d/Jermain-Defoe,Success,Not found,7-Oct-82,Not found,170,England eng,FW,Right,2000-2001,17 years,West Ham,2000,https://www.transfermarkt.com/jermain-defoe/profil/spieler/3875
610849,Rory Delap,https://fbref.com/en/players/9b0dac73/Rory-Delap,Success,Not found,6-Jul-76,Not found,183,Republic of Ireland,MF (AM),Not found,1997-1998,21 years,Derby County,1997,https://www.transfermarkt.com/rory-delap/profil/spieler/610849
62642,Nathan Delfouneso,https://fbref.com/en/players/49ae4072/Nathan-Delfouneso,Success,Not found,2-Feb-91,Not found,185,England eng,FW-MF,Right,2008-2009,17 years,Aston Villa,2008,https://www.transfermarkt.com/nathan-delfouneso/profil/spieler/62642
50362,Fabian Delph,https://fbref.com/en/players/111c3236/Fabian-Delph,Success,Not found,21-Nov-89,Not found,175,England eng,DF-MF,Left,2007-2008,17 years,Leeds United,2007,https://www.transfermarkt.com/fabian-delph/profil/spieler/50362
19368,Mousa Dembélé,https://fbref.com/en/players/f7ee69fb/Mousa-Dembele,Success,Not found,16-Jul-87,Not found,185,Belgium,MF (DM),Left,2003-2004,16 years,Beerschot,2003,https://www.transfermarkt.com/mousa-dembl/profil/spieler/19368
42188,Ishmel Demontagnac,https://fbref.com/en/players/81c7d697/Ishmel-Demontagnac,Success,Not found,15-Jun-88,Not found,178,England eng,MF (WM),Not found,2005-2006,17 years,Walsall,2005,https://www.transfermarkt.com/ishmel-demontagnac/profil/spieler/42188
27577,Clint Dempsey,https://fbref.com/en/players/523d9de6/Clint-Dempsey,Success,Not found,9-Mar-83,Not found,188,United States,FW-MF (AM-WM),Right,2004,20 years,NE Revolution,Not found,https://www.transfermarkt.com/clint-dempsey/profil/spieler/27577
7660,Denílson,https://fbref.com/en/players/87582241/Denilson,Success,Not found,24-Aug-77,Not found,177,Brazil,MF (AM-WM),Not found,1998-1999,20 years,Real Betis,1998,https://www.transfermarkt.com/denlson/profil/spieler/7660
3516,Edwin van der Sar,https://fbref.com/en/players/98ee8a67/Edwin-van-der-Sar,Success,Not found,29-Oct-70,Not found,197,Netherlands,GK,Right,1999-2000,28 years,Juventus,1999,https://www.transfermarkt.com/edwin-van-der-sar/profil/spieler/3516
4192,Rafael van der Vaart,https://fbref.com/en/players/41473b67/Rafael-van-der-Vaart,Success,Not found,11-Feb-83,Not found,176,Netherlands,MF (AM),Left,2000-2001,17 years,Ajax,2000,https://www.transfermarkt.com/rafael-van-der-vaart/profil/spieler/4192
15175,Matt Derbyshire,https://fbref.com/en/players/193ed0c0/Matt-Derbyshire,Success,Not found,14-Apr-86,Not found,185,England eng,FW,Right,2004-2005,18 years,Blackburn,2004,https://www.transfermarkt.com/matt-derbyshire/profil/spieler/15175
59783,Franco Di Santo,https://fbref.com/en/players/549c6ba7/Franco-Di-Santo,Success,Not found,7-Apr-89,Not found,193,Argentina,FW,Right,2008-2009,19 years,Chelsea,2008,https://www.transfermarkt.com/franco-di-santo/profil/spieler/59783
26763,Abou Diaby,https://fbref.com/en/players/8c8b5071/Abou-Diaby,Success,Not found,11-May-86,Not found,190,France,MF (DM),Right,2004-2005,18 years,Auxerre,2004,https://www.transfermarkt.com/abou-diaby/profil/spieler/26763
23197,Alessandro Diamanti,https://fbref.com/en/players/cb5af1af/Alessandro-Diamanti,Success,Not found,2-May-83,Not found,180,Italy,FW-MF (AM),Left,2004-2005,21 years,AlbinoLeffe,2004,https://www.transfermarkt.com/alessandro-diamanti/profil/spieler/23197
70950,Mohamed Diamé,https://fbref.com/en/players/b7d082af/Mohamed-Diame,Success,Not found,14-Jun-87,Not found,185,Senegal sn  Other: France,MF (AM-CM-DM),Right,2008-2009,21 years,Rayo Vallecano,2008,https://www.transfermarkt.com/mohamed-diam/profil/spieler/70950
3600,Salif Diao,https://fbref.com/en/players/acc326da/Salif-Diao,Success,Not found,10-Feb-77,Not found,186,Senegal,MF (DM),Not found,1996-1997,19 years,Monaco,1996,https://www.transfermarkt.com/salif-diao/profil/spieler/3600
63285,Kagisho Dikgacoi,https://fbref.com/en/players/701d7cac/Kagisho-Dikgacoi,Success,Not found,24-Nov-84,Not found,180,South Africa,MF (CM-DM),Right,2009-2010,24 years,Fulham,2009,https://www.transfermarkt.com/kagisho-dikgacoi/profil/spieler/63285
3356,Sylvain Distin,https://fbref.com/en/players/002d06bb/Sylvain-Distin,Success,Not found,16-Dec-77,Not found,192,Not found,DF (CB),Left,2000-2001,22 years,Paris S-G,2000,https://www.transfermarkt.com/sylvain-distin/profil/spieler/3356
34561,Johan Djourou,https://fbref.com/en/players/b8673e18/Johan-Djourou,Success,Not found,18-Jan-87,Not found,192,Switzerland ch  Other: Côte d'Ivoire,DF (CB),Right,2005-2006,18 years,Arsenal,2005,https://www.transfermarkt.com/johan-djourou/profil/spieler/34561
36608,Graham Dorrans,https://fbref.com/en/players/eeb032db/Graham-Dorrans,Success,Not found,5-May-87,Not found,175,Scotland sct,FW-MF (AM-DM),Both,2004-2005,17 years,Livingston,2004,https://www.transfermarkt.com/graham-dorrans/profil/spieler/36608
44674,Giovani dos Santos,https://fbref.com/en/players/7dba6233/Giovani-dos-Santos,Success,Not found,11-May-89,Not found,175,Mexico,FW-MF (AM-WM),Left,2007-2008,18 years,Barcelona,2007,https://www.transfermarkt.com/giovani-dos-santos/profil/spieler/44674
4063,Stewart Downing,https://fbref.com/en/players/b13c4620/Stewart-Downing,Success,Not found,22-Jul-84,Not found,180,England eng,"FW-MF (AM-WM, left)",Left,2001-2002,17 years,Middlesbrough,2001,https://www.transfermarkt.com/stewart-downing/profil/spieler/4063
28728,Colin Doyle,https://fbref.com/en/players/93b41c46/Colin-Doyle,Success,Not found,"June 12, 1985 (Age: 40-166d)","Cork, Republic of Ireland",196,Republic of Ireland,GK,Right,2004-2005,19 years,Nott'ham Forest,2004,https://www.transfermarkt.com/colin-doyle/profil/spieler/28728
35193,Kevin Doyle,https://fbref.com/en/players/c4689de2/Kevin-Doyle,Success,Not found,18-Sep-83,Not found,182,Republic of Ireland,FW,Right,2005-2006,21 years,Reading,2005,https://www.transfermarkt.com/kevin-doyle/profil/spieler/35193
3924,Didier Drogba,https://fbref.com/en/players/945dea33/Didier-Drogba,Success,Not found,11-Mar-78,Not found,189,Côte d'Ivoire,FW,Right,2001-2002,23 years,Guingamp,2001,https://www.transfermarkt.com/didier-drogba/profil/spieler/3924
3259,Damien Duff,https://fbref.com/en/players/057a6936/Damien-Duff,Success,Not found,2-Mar-79,Not found,176,Republic of Ireland,"FW-MF (WM, left & right)",Not found,1996-1997,17 years,Blackburn,1996,https://www.transfermarkt.com/damien-duff/profil/spieler/3259
4243,David Dunn,https://fbref.com/en/players/7ecdf483/David-Dunn,Success,Not found,27-Dec-79,Not found,178,England eng,MF,Left,1998-1999,18 years,Blackburn,1998,https://www.transfermarkt.com/david-dunn/profil/spieler/4243
3807,Richard Dunne,https://fbref.com/en/players/6cbc015d/Richard-Dunne,Success,Not found,21-Sep-79,Not found,188,Republic of Ireland,DF (CB),Right,1996-1997,16 years,Everton,1996,https://www.transfermarkt.com/richard-dunne/profil/spieler/3807
3118,Kieron Dyer,https://fbref.com/en/players/90b5a2f2/Kieron-Dyer,Success,Not found,29-Dec-78,Not found,173,England eng,MF (AM-WM),Not found,1999-2000,20 years,Newcastle Utd,1999,https://www.transfermarkt.com/kieron-dyer/profil/spieler/3118
28396,Edin Džeko,https://fbref.com/en/players/3bb7f478/Edin-Dzeko,Success,Not found,"March 17, 1986 (Age: 39-253d)","Sarajevo, Bosnia and Herzegovina",193,Bosnia and Herzegovina,FW,Right,2007-2008,21 years,Wolfsburg,2007,https://www.transfermarkt.com/edin-deko/profil/spieler/28396
49428,Neal Eardley,https://fbref.com/en/players/2bb4411f/Neal-Eardley,Success,Not found,6-Nov-88,Not found,180,Wales wls,"DF (FB, right)",Right,2006-2007,17 years,Oldham Athletic,2006,https://www.transfermarkt.com/neal-eardley/profil/spieler/49428
27621,Sylvan Ebanks-Blake,https://fbref.com/en/players/9dfe6a3f/Sylvan-Ebanks-Blake,Success,Not found,29-Mar-86,Not found,178,England eng,FW,Right,2006-2007,20 years,Plymouth Argyle,2006,https://www.transfermarkt.com/sylvan-ebanks-blake/profil/spieler/27621
13058,Emmanuel Eboué,https://fbref.com/en/players/1bfae04c/Emmanuel-Eboue,Success,Not found,4-Jun-83,Not found,178,Côte d'Ivoire,"DF-MF (FB-WM, right)",Right,2003-2004,20 years,Beveren,2003,https://www.transfermarkt.com/emmanuel-ebou/profil/spieler/13058
88983,Nathan Eccleston,https://fbref.com/en/players/5d83b302/Nathan-Eccleston,Success,Not found,30-Dec-90,Not found,178,England eng,FW,Not found,2009-2010,18 years,Huddersfield,2009,https://www.transfermarkt.com/nathan-eccleston/profil/spieler/88983
54949,David Edwards,https://fbref.com/en/players/9961eefb/David-Edwards,Success,Not found,3-Feb-86,Not found,180,Wales wls  Other: England,MF (CM),Right,2002-2003,16 years,Shrewsbury,2002,https://www.transfermarkt.com/david-edwards/profil/spieler/54949
4068,Rob Edwards,https://fbref.com/en/players/c1b6c33b/Rob-Edwards,Success,Not found,1-Jan-73,Not found,183,Wales wls,DF,Not found,2001-2002,28 years,Preston,2001,https://www.transfermarkt.com/rob-edwards/profil/spieler/4068
4383,Johan Elmander,https://fbref.com/en/players/3438cef9/Johan-Elmander,Success,Not found,27-May-81,Not found,188,Sweden,FW,Not found,2000-2001,19 years,Feyenoord,2000,https://www.transfermarkt.com/johan-elmander/profil/spieler/4383
66333,Ahmed Elmohamady,https://fbref.com/en/players/615ef733/Ahmed-Elmohamady,Success,Not found,9-Sep-87,Not found,182,Egypt,"DF-MF (FB-WM, right)",Right,2010-2011,22 years,Sunderland,2010,https://www.transfermarkt.com/ahmed-elmohamady/profil/spieler/66333
42048,George Elokobi,https://fbref.com/en/players/36aad3ed/George-Elokobi,Success,Not found,31-Jan-86,Not found,176,Not found,"DF (FB, left)",Not found,2004-2005,18 years,Chester City,2004,https://www.transfermarkt.com/george-elokobi/profil/spieler/42048
4367,Brett Emerton,https://fbref.com/en/players/a1866af0/Brett-Emerton,Success,Not found,22-Feb-79,Not found,185,Australia,"DF-MF (FB-WM, right)",Right,2000-2001,21 years,Feyenoord,2000,https://www.transfermarkt.com/brett-emerton/profil/spieler/4367
27969,Jay Emmanuel-Thomas,https://fbref.com/en/players/b5f1c3c8/Jay-Emmanuel-Thomas,Success,Not found,"December 27, 1990 (Age: 34-333d)","London, England, United Kingdom",191,England eng,FW-MF (AM-WM),Right,2009-2010,18 years,Blackpool,2009,https://www.transfermarkt.com/jay-emmanuel-thomas/profil/spieler/27969
35571,José Enrique,https://fbref.com/en/players/d56364d5/Jose-Enrique,Success,Not found,23-Jan-86,Not found,184,Spain,"DF (FB, left)",Left,2005-2006,19 years,Celta Vigo,2005,https://www.transfermarkt.com/jos-enrique/profil/spieler/35571
5588,Michael Essien,https://fbref.com/en/players/d6577282/Michael-Essien,Success,Not found,3-Dec-82,Not found,177,Ghana,DF-MF,Right,2000-2001,17 years,Bastia,2000,https://www.transfermarkt.com/michael-essien/profil/spieler/5588
3788,Matthew Etherington,https://fbref.com/en/players/ef616df9/Matthew-Etherington,Success,Not found,14-Aug-81,Not found,178,England eng,"MF (WM, left)",Not found,1999-2000,17 years,Tottenham,1999,https://www.transfermarkt.com/matthew-etherington/profil/spieler/3788
14011,Dickson Etuhu,https://fbref.com/en/players/0f04d7b6/Dickson-Etuhu,Success,Not found,8-Jun-82,Not found,188,Nigeria,MF (DM),Right,2001-2002,19 years,Manchester City,2001,https://www.transfermarkt.com/dickson-etuhu/profil/spieler/14011
3092,Jason Euell,https://fbref.com/en/players/d97fe8bd/Jason-Euell,Success,Not found,6-Feb-77,Not found,180,Jamaica jm  Other: England,FW-MF (CM),Not found,1995-1996,18 years,Wimbledon,1995,https://www.transfermarkt.com/jason-euell/profil/spieler/3092
42412,Jonny Evans,https://fbref.com/en/players/f8fcd2a5/Jonny-Evans,Success,Not found,3-Jan-88,Not found,188,Northern Ireland nir,DF (CB),Right,2006-2007,18 years,Sunderland,2006,https://www.transfermarkt.com/jonny-evans/profil/spieler/42412
37127,Ian Evatt,https://fbref.com/en/players/749bcfb8/Ian-Evatt,Success,Not found,19-Nov-81,Not found,191,Not found,DF (CB),Right,2000-2001,18 years,Derby County,2000,https://www.transfermarkt.com/ian-evatt/profil/spieler/37127
5285,Patrice Evra,https://fbref.com/en/players/51a3caf1/Patrice-Evra,Success,Not found,15-May-81,Not found,174,France fr  Other: Senegal,"DF (FB, left)",Left,2002-2003,21 years,Monaco,2002,https://www.transfermarkt.com/patrice-evra/profil/spieler/5285
29692,Łukasz Fabiański,https://fbref.com/en/players/9328b835/Lukasz-Fabianski,Success,Not found,"April 18, 1985 (Age: 40-221d)","Kostrzyn nad Odrą, Poland",190,Poland,GK,Right,2005-2006,20 years,Legia Warsaw,2005,https://www.transfermarkt.com/ukasz-fabiaski/profil/spieler/29692
5775,Fábio,https://fbref.com/en/players/0555525f/Fabio-Simplicio,Success,Not found,23-Sep-79,Not found,171,Brazil,MF (CM-DM),Right,2004-2005,24 years,Parma,2004,https://www.transfermarkt.com/fbio/profil/spieler/5775
8806,Cesc Fàbregas,https://fbref.com/en/players/33508c78/Cesc-Fabregas,Success,Not found,4-May-87,Not found,175,Spain,FW-MF (AM-CM-DM),Right,2004-2005,17 years,Arsenal,2004,https://www.transfermarkt.com/cesc-fbregas/profil/spieler/8806
29878,Keith Fahey,https://fbref.com/en/players/e4def09b/Keith-Fahey,Success,Not found,15-Jan-83,Not found,178,Republic of Ireland,MF,Not found,2008-2009,25 years,Birmingham City,2008,https://www.transfermarkt.com/keith-fahey/profil/spieler/29878
18093,Julien Faubert,https://fbref.com/en/players/525642e0/Julien-Faubert,Success,Not found,1-Aug-83,Not found,180,France fr  Other: Martinique,"DF-FW-MF (FB-WM, right)",Right,2004-2005,20 years,Bordeaux,2004,https://www.transfermarkt.com/julien-faubert/profil/spieler/18093
6107,Abdoulaye Faye,https://fbref.com/en/players/99df1bff/Abdoulaye-Faye,Success,Not found,26-Feb-78,Not found,188,Senegal,DF-MF (CB-DM),Left,2002-2003,24 years,Lens,2002,https://www.transfermarkt.com/abdoulaye-faye/profil/spieler/6107
39679,Marouane Fellaini,https://fbref.com/en/players/87575fd9/Marouane-Fellaini,Success,Not found,22-Nov-87,Not found,194,Belgium,MF (AM-CM-DM),Right,2006-2007,18 years,Standard Liège,2006,https://www.transfermarkt.com/marouane-fellaini/profil/spieler/39679
3698,Anton Ferdinand,https://fbref.com/en/players/d1891093/Anton-Ferdinand,Success,Not found,18-Feb-85,Not found,186,England eng,DF (CB),Right,2003-2004,18 years,West Ham,2003,https://www.transfermarkt.com/anton-ferdinand/profil/spieler/3698
3235,Rio Ferdinand,https://fbref.com/en/players/52465662/Rio-Ferdinand,Success,Not found,7-Nov-78,Not found,189,England eng,DF (CB),Right,1995-1996,16 years,West Ham,1995,https://www.transfermarkt.com/rio-ferdinand/profil/spieler/3235
10251,Barry Ferguson,https://fbref.com/en/players/43420ade/Barry-Ferguson,Success,Not found,2-Feb-78,Not found,178,Scotland sct,MF (CM),Not found,2000-2001,22 years,Rangers,2000,https://www.transfermarkt.com/barry-ferguson/profil/spieler/10251
62052,Shane Ferguson,https://fbref.com/en/players/a0f6ddc3/Shane-Ferguson,Success,Not found,"July 12, 1991 (Age: 34-136d)","Derry, Northern Ireland, United Kingdom",176,Northern Ireland nir,"DF-MF (FB-WM, left)",Left,2010-2011,19 years,Newcastle Utd,2010,https://www.transfermarkt.com/shane-ferguson/profil/spieler/62052
9832,Paulo Ferreira,https://fbref.com/en/players/5bb53020/Leonidas-Ferreira-de-Paulo-Junior,Success,Not found,23-Feb-75,Not found,185,Not found,MF,Not found,1996-1997,21 years,CSKA Moscow,1996,https://www.transfermarkt.com/paulo-ferreira/profil/spieler/9832
62240,Maynor Figueroa,https://fbref.com/en/players/d8524b21/Maynor-Figueroa,Success,Not found,2-May-83,Not found,180,Honduras,"DF (CB-FB, left)",Left,2007-2008,24 years,Wigan Athletic,2007,https://www.transfermarkt.com/maynor-figueroa/profil/spieler/62240
145922,Jon Flanagan,https://fbref.com/en/players/f2428fd4/Jon-Flanagan,Success,Not found,1-Jan-93,Not found,181,England eng,"DF (FB, right)",Right,2010-2011,17 years,Liverpool,2010,https://www.transfermarkt.com/jon-flanagan/profil/spieler/145922
3547,Darren Fletcher,https://fbref.com/en/players/184e4970/Darren-Fletcher,Success,Not found,1-Feb-84,Not found,184,Scotland sct,MF (DM),Right,2003-2004,19 years,Manchester Utd,2003,https://www.transfermarkt.com/darren-fletcher/profil/spieler/3547
35099,Steven Fletcher,https://fbref.com/en/players/2c9c3502/Steven-Fletcher,Success,Not found,26-Mar-87,Not found,185,Scotland sct  Other: England,FW,Left,2003-2004,16 years,Hibernian,2003,https://www.transfermarkt.com/steven-fletcher/profil/spieler/35099
33491,Kevin Foley,https://fbref.com/en/players/11b3d067/Kevin-Foley,Success,Not found,1-Nov-84,Not found,175,Republic of Ireland ie  Other: England,"DF-MF (FB, right)",Right,2002-2003,17 years,Luton Town,2002,https://www.transfermarkt.com/kevin-foley/profil/spieler/33491
121257,Adam Forshaw,https://fbref.com/en/players/9f1938ab/Adam-Forshaw,Success,Not found,"October 8, 1991 (Age: 34-048d)","Liverpool, England, United Kingdom",185,Not found,MF (DM),Right,2010-2011,18 years,Everton,2010,https://www.transfermarkt.com/adam-forshaw/profil/spieler/121257
5652,Marc-Antoine Fortuné,https://fbref.com/en/players/402077cd/Marc-Antoine-Fortune,Success,Not found,2-Jul-81,Not found,183,Not found,FW,Right,2002-2003,21 years,Lille,2002,https://www.transfermarkt.com/marc-antoine-fortun/profil/spieler/5652
13572,Ben Foster,https://fbref.com/en/players/d0b3ceb9/Ben-Foster,Success,Not found,3-Apr-83,Not found,194,England eng,GK,Left,2004-2005,21 years,Harriers,2004,https://www.transfermarkt.com/ben-foster/profil/spieler/13572
3476,Brad Friedel,https://fbref.com/en/players/b8c0a975/Brad-Friedel,Success,Not found,18-May-71,Not found,188,United States,GK,Right,1996,24 years,Columbus Crew,Not found,https://www.transfermarkt.com/brad-friedel/profil/spieler/3476
14014,Ricardo Fuller,https://fbref.com/en/players/c764fa54/Ricardo-Fuller,Success,Not found,31-Oct-79,Not found,191,Jamaica,FW,Right,2001-2002,21 years,Hearts,2001,https://www.transfermarkt.com/ricardo-fuller/profil/spieler/14014
12709,Danny Gabbidon,https://fbref.com/en/players/90148433/Danny-Gabbidon,Success,Not found,8-Aug-79,Not found,178,Wales wls,DF (CB),Right,2002-2003,22 years,Cardiff City,2002,https://www.transfermarkt.com/danny-gabbidon/profil/spieler/12709
3156,William Gallas,https://fbref.com/en/players/286fb7e0/William-Gallas,Success,Not found,17-Aug-77,Not found,181,France,DF (CB),Not found,1996-1997,18 years,Caen,1996,https://www.transfermarkt.com/william-gallas/profil/spieler/3156
22741,Morten Gamst Pedersen,https://fbref.com/en/players/c75d2fba/Morten-Gamst-Pedersen,Success,Not found,8-Sep-81,Not found,180,Norway,FW-MF (AM-WM),Left,2000,18 years,Tromsø,Not found,https://www.transfermarkt.com/morten-gamst-pedersen/profil/spieler/22741
37171,Craig Gardner,https://fbref.com/en/players/1117b9ff/Craig-Gardner,Success,Not found,25-Nov-86,Not found,178,England eng,MF (CM),Right,2005-2006,18 years,Aston Villa,2005,https://www.transfermarkt.com/craig-gardner/profil/spieler/37171
6264,Ricardo Gardner,https://fbref.com/en/players/b6a1eaa0/Ricardo-Gardner,Success,Not found,25-Sep-78,Not found,175,Jamaica,"DF-MF (AM-FB-WM, left)",Left,2001-2002,22 years,Bolton,2001,https://www.transfermarkt.com/ricardo-gardner/profil/spieler/6264
18324,Zoltán Gera,https://fbref.com/en/players/08bd23a0/Zoltan-Gera,Success,Not found,22-Apr-79,Not found,183,Hungary,MF (AM),Right,2004-2005,25 years,West Brom,2004,https://www.transfermarkt.com/zoltn-gera/profil/spieler/18324
3109,Steven Gerrard,https://fbref.com/en/players/caeb5442/Steven-Gerrard,Success,Not found,30-May-80,Not found,183,England eng,MF,Right,1998-1999,18 years,Liverpool,1998,https://www.transfermarkt.com/steven-gerrard/profil/spieler/3109
44792,Kieran Gibbs,https://fbref.com/en/players/46ee5234/Kieran-Gibbs,Success,Not found,26-Sep-89,Not found,178,England eng,"DF-MF (FB, left)",Left,2007-2008,17 years,Norwich City,2007,https://www.transfermarkt.com/kieran-gibbs/profil/spieler/44792
42413,Darron Gibson,https://fbref.com/en/players/f0e72e1c/Darron-Gibson,Success,Not found,25-Oct-87,Not found,183,Republic of Ireland ie  Other: Northern Ireland,MF,Right,2007-2008,19 years,Wolves,2007,https://www.transfermarkt.com/darron-gibson/profil/spieler/42413
3406,Ryan Giggs,https://fbref.com/en/players/561de8d0/Ryan-Giggs,Success,Not found,29-Nov-73,Not found,180,Wales wls  Other: England,FW-MF (WM),Not found,1992-1993,18 years,Manchester Utd,1992,https://www.transfermarkt.com/ryan-giggs/profil/spieler/3406
48254,Matt Gilks,https://fbref.com/en/players/49b8c292/Matt-Gilks,Success,Not found,4-Jun-82,Not found,185,Scotland sct  Other: England,GK,Right,2002-2003,20 years,Rochdale,2002,https://www.transfermarkt.com/matt-gilks/profil/spieler/48254
5286,Gaël Givet,https://fbref.com/en/players/6d28f149/Gael-Givet,Success,Not found,9-Oct-81,Not found,181,France,DF (CB),Not found,2000-2001,18 years,Monaco,2000,https://www.transfermarkt.com/gal-givet/profil/spieler/5286
19857,Steve Gohouri,https://fbref.com/en/players/0d058ab8/Steve-Gohouri,Success,Not found,8-Feb-81,Not found,189,Côte d'Ivoire,DF (CB-FB),Not found,2005-2006,24 years,Young Boys,2005,https://www.transfermarkt.com/steve-gohouri/profil/spieler/19857
19059,Heurelho Gomes,https://fbref.com/en/players/d596e193/Heurelho-Gomes,Success,Not found,15-Feb-81,Not found,191,Brazil,GK,Right,2004-2005,23 years,PSV Eindhoven,2004,https://www.transfermarkt.com/heurelho-gomes/profil/spieler/19059
39010,Jordi Gómez,https://fbref.com/en/players/d92b0327/Jordi-Gomez,Success,Not found,24-May-85,Not found,178,Spain,MF (CM),Left,2007-2008,22 years,Espanyol,2007,https://www.transfermarkt.com/jordi-gmez/profil/spieler/39010
12589,Craig Gordon,https://fbref.com/en/players/b15780e3/Craig-Gordon,Success,Not found,"December 31, 1982 (Age: 42-329d)","Edinburgh, Scotland, United Kingdom",193,Scotland sct,GK,Right,2002-2003,19 years,Hearts,2002,https://www.transfermarkt.com/craig-gordon/profil/spieler/12589
44983,Dan Gosling,https://fbref.com/en/players/7fec31a0/Dan-Gosling,Success,Not found,1-Feb-90,Not found,178,England eng,DF-MF (CM),Right,2006-2007,16 years,Plymouth Argyle,2006,https://www.transfermarkt.com/dan-gosling/profil/spieler/44983
41978,Hérold Goulon,https://fbref.com/en/players/e818c267/Herold-Goulon,Success,Not found,12-Jun-88,Not found,192,France,DF-MF (DM),Right,2008-2009,20 years,Le Mans,2008,https://www.transfermarkt.com/hrold-goulon/profil/spieler/41978
56785,Elliot Grandin,https://fbref.com/en/players/ddbf3019/Elliot-Grandin,Success,Not found,17-Oct-87,Not found,178,France,FW-MF (AM-WM),Right,2004-2005,16 years,Caen,2004,https://www.transfermarkt.com/elliot-grandin/profil/spieler/56785
11680,Robert Green,https://fbref.com/en/players/a350680b/Robert-Green,Success,Not found,18-Jan-80,Not found,191,England eng,GK,Right,2001-2002,21 years,Norwich City,2001,https://www.transfermarkt.com/robert-green/profil/spieler/11680
3865,Jonathan Greening,https://fbref.com/en/players/892c1d7a/Jonathan-Greening,Success,Not found,2-Jan-79,Not found,180,England eng,MF,Not found,1998-1999,19 years,Manchester Utd,1998,https://www.transfermarkt.com/jonathan-greening/profil/spieler/3865
6021,Vince Grella,https://fbref.com/en/players/db61f587/Vince-Grella,Success,Not found,5-Oct-79,Not found,180,Australia,MF (DM),Not found,1998-1999,18 years,Empoli,1998,https://www.transfermarkt.com/vince-grella/profil/spieler/6021
74768,Adlène Guedioura,https://fbref.com/en/players/f75825e3/Adlene-Guedioura,Success,Not found,12-Nov-85,Not found,183,Algeria dz  Other: France,MF (CM),Both,2008-2009,22 years,Kortrijk,2008,https://www.transfermarkt.com/adlne-guedioura/profil/spieler/74768
91956,Magaye Gueye,https://fbref.com/en/players/82b85f5a/Magaye-Gueye,Success,Not found,6-Jul-90,Not found,179,France fr  Other: Senegal,FW-MF (WM),Left,2009-2010,19 years,Strasbourg,2009,https://www.transfermarkt.com/magaye-gueye/profil/spieler/91956
16716,Danny Guthrie,https://fbref.com/en/players/fff10a46/Danny-Guthrie,Success,Not found,18-Apr-87,Not found,170,England eng,MF (CM-WM),Right,2006-2007,19 years,Southampton,2006,https://www.transfermarkt.com/danny-guthrie/profil/spieler/16716
26443,Jonás Gutiérrez,https://fbref.com/en/players/816fd91c/Jonas-Gutierrez,Success,Not found,5-Jul-83,Not found,185,Argentina,MF (WM),Right,2005-2006,22 years,Mallorca,2005,https://www.transfermarkt.com/jons-gutirrez/profil/spieler/26443
3176,Eiður Guðjohnsen,https://fbref.com/en/players/32fc9ff2/Eidur-Gudjohnsen,Success,Not found,15-Sep-78,Not found,187,Iceland,FW-MF (AM),Right,2000-2001,21 years,Chelsea,2000,https://www.transfermarkt.com/eiur-gujohnsen/profil/spieler/3176
26802,Asamoah Gyan,https://fbref.com/en/players/7f7bbbc2/Asamoah-Gyan,Success,Not found,22-Nov-85,Not found,180,Ghana,FW,Right,2003-2004,17 years,Udinese,2003,https://www.transfermarkt.com/asamoah-gyan/profil/spieler/26802
26633,Ali Al-Habsi,https://fbref.com/en/players/032f766b/Ali-Al-Habsi,Success,Not found,30-Dec-81,Not found,194,Oman,GK,Right,2003,21 years,Lyn,Not found,https://www.transfermarkt.com/ali-al-habsi/profil/spieler/26633
54432,El Hadji Diouf,https://fbref.com/en/players/1a4542c8/El-Hadji-Diouf,Success,Not found,15-Jan-81,Not found,182,Senegal,FW-MF (WM),Right,1998-1999,17 years,Sochaux,1998,https://www.transfermarkt.com/el-hadji-diouf/profil/spieler/54432
4140,Marcus Hahnemann,https://fbref.com/en/players/c6be3102/Marcus-Hahnemann,Success,Not found,15-Jun-72,Not found,191,United States,GK,Not found,1997,24 years,Colorado Rapids,Not found,https://www.transfermarkt.com/marcus-hahnemann/profil/spieler/4140
42062,Greg Halford,https://fbref.com/en/players/06d45e81/Greg-Halford,Success,Not found,8-Dec-84,Not found,196,England eng,DF-FW-MF (CM-FB),Right,2002-2003,17 years,Colchester Utd,2002,https://www.transfermarkt.com/greg-halford/profil/spieler/42062
67815,Rafik Halliche,https://fbref.com/en/players/ecb2f4e3/Rafik-Halliche,Success,Not found,2-Sep-86,Not found,187,Algeria,DF (CB),Right,2007-2008,20 years,Nacional,2007,https://www.transfermarkt.com/rafik-halliche/profil/spieler/67815
99972,Mark Halstead,https://fbref.com/en/players/ff36c850/Mark-Halstead,Success,Not found,17-Sep-90,Not found,190,Not found,GK,Right,2010-2011,19 years,Kettering Town,2010,https://www.transfermarkt.com/mark-halstead/profil/spieler/99972
38091,Adam Hammill,https://fbref.com/en/players/ffd4896e/Adam-Hammill,Success,Not found,25-Jan-88,Not found,189,England eng,FW-MF (WM),Left,2006-2007,18 years,Dunfermline Ath.,2006,https://www.transfermarkt.com/adam-hammill/profil/spieler/38091
25553,Brede Hangeland,https://fbref.com/en/players/7cbeb80c/Brede-Hangeland,Success,Not found,20-Jun-81,Not found,199,Norway no  Other: United States,DF (CB),Right,2001,19 years,Viking,Not found,https://www.transfermarkt.com/brede-hangeland/profil/spieler/25553
121385,Grant Hanley,https://fbref.com/en/players/e9254eec/Grant-Hanley,Success,Not found,"November 20, 1991 (Age: 34-005d)","Dumfries, Scotland, United Kingdom",188,Scotland sct,DF (CB),Right,2009-2010,17 years,Blackburn,2009,https://www.transfermarkt.com/grant-hanley/profil/spieler/121385
10011,Marlon Harewood,https://fbref.com/en/players/34dab521/Marlon-Harewood,Success,Not found,25-Aug-79,Not found,185,Not found,FW,Not found,1998-1999,18 years,Nott'ham Forest,1998,https://www.transfermarkt.com/marlon-harewood/profil/spieler/10011
201,Owen Hargreaves,https://fbref.com/en/players/1b2b5b86/Owen-Hargreaves,Success,Not found,20-Jan-81,Not found,180,England eng  Other: Canada,MF,Not found,2000-2001,19 years,Bayern Munich,2000,https://www.transfermarkt.com/owen-hargreaves/profil/spieler/201
3562,Steve Harper,https://fbref.com/en/players/a98f1d52/Steve-Harper,Success,Not found,14-Mar-75,Not found,188,Not found,GK,Right,1998-1999,23 years,Newcastle Utd,1998,https://www.transfermarkt.com/steve-harper/profil/spieler/3562
40204,Joe Hart,https://fbref.com/en/players/cb4f24c6/Joe-Hart,Success,Not found,19-Apr-87,Not found,196,England eng,GK,Right,2004-2005,17 years,Shrewsbury,2004,https://www.transfermarkt.com/joe-hart/profil/spieler/40204
4315,John Heitinga,https://fbref.com/en/players/2661360d/John-Heitinga,Success,Not found,15-Nov-83,Not found,180,Netherlands,DF-MF (CB),Right,2001-2002,17 years,Ajax,2001,https://www.transfermarkt.com/john-heitinga/profil/spieler/4315
13485,Bjørn Helge Riise,https://fbref.com/en/players/831674a5/Bjorn-Helge-Riise,Success,Not found,21-Jun-83,Not found,175,Norway,MF (CM),Right,2003-2004,20 years,Standard Liège,2003,https://www.transfermarkt.com/bjrn-helge-riise/profil/spieler/13485
61651,Jordan Henderson,https://fbref.com/en/players/935e6b8f/Jordan-Henderson,Success,Not found,"June 17, 1990 (Age: 35-161d)","Sunderland, England, United Kingdom",182,England eng,"MF (CM-DM-WM, right)",Right,2008-2009,18 years,Coventry City,2008,https://www.transfermarkt.com/jordan-henderson/profil/spieler/61651
45494,Wayne Hennessey,https://fbref.com/en/players/76eca7e2/Wayne-Hennessey,Success,Not found,24-Jan-87,Not found,196,Wales wls,GK,Right,2006-2007,19 years,Stockport,2006,https://www.transfermarkt.com/wayne-hennessey/profil/spieler/45494
13582,Karl Henry,https://fbref.com/en/players/5eac3bb7/Karl-Henry,Success,Not found,26-Nov-82,Not found,183,Not found,"DF-MF (DM-FB, right)",Right,2002-2003,19 years,Stoke City,2002,https://www.transfermarkt.com/karl-henry/profil/spieler/13582
61572,Chris Herd,https://fbref.com/en/players/3d5db1eb/Chris-Herd,Success,Not found,4-Apr-89,Not found,173,Australia,DF-MF,Right,2007-2008,18 years,Wycombe,2007,https://www.transfermarkt.com/chris-herd/profil/spieler/61572
50935,Javier Hernández,https://fbref.com/en/players/b68138a8/Javier-Hernandez,Success,Not found,30-Jan-04,Not found,Not found,Not found,MF,Not found,2023-2024,19 years,Espanyol,2023,https://www.transfermarkt.com/javier-hernndez/profil/spieler/50935
3142,Emile Heskey,https://fbref.com/en/players/30184789/Emile-Heskey,Success,Not found,11-Jan-78,Not found,192,England eng,FW,Right,1994-1995,16 years,Leicester City,1994,https://www.transfermarkt.com/emile-heskey/profil/spieler/3142
3614,Tony Hibbert,https://fbref.com/en/players/c878c4bf/Tony-Hibbert,Success,Not found,20-Feb-81,Not found,172,Not found,"DF (FB, right)",Right,2000-2001,19 years,Everton,2000,https://www.transfermarkt.com/tony-hibbert/profil/spieler/3614
3686,Danny Higginbotham,https://fbref.com/en/players/688135a1/Danny-Higginbotham,Success,Not found,29-Dec-78,Not found,185,Gibraltar,"DF (CB-FB, left)",Not found,1997-1998,18 years,Manchester Utd,1997,https://www.transfermarkt.com/danny-higginbotham/profil/spieler/3686
67081,Zavon Hines,https://fbref.com/en/players/29b8c15b/Zavon-Hines,Success,Not found,27-Dec-88,Not found,178,England eng  Other: Jamaica,FW-MF (WM),Not found,2007-2008,18 years,Coventry City,2007,https://www.transfermarkt.com/zavon-hines/profil/spieler/67081
1573,Thomas Hitzlsperger,https://fbref.com/en/players/2757060a/Thomas-Hitzlsperger,Success,Not found,5-Apr-82,Not found,183,Germany,MF (CM),Not found,2000-2001,18 years,Aston Villa,2000,https://www.transfermarkt.com/thomas-hitzlsperger/profil/spieler/1573
597,Alexander Hleb,https://fbref.com/en/players/35cf43aa/Alexander-Hleb,Success,Not found,1-May-81,Not found,185,Belarus,MF (AM-WM),Both,2000-2001,19 years,Stuttgart,2000,https://www.transfermarkt.com/alexander-hleb/profil/spieler/597
61573,Jonathan Hogg,https://fbref.com/en/players/9306d5ea/Jonathan-Hogg,Success,Not found,"December 6, 1988 (Age: 36-354d)","Middlesbrough, England, United Kingdom",170,Not found,MF (CM-DM),Right,2009-2010,20 years,Darlington,2009,https://www.transfermarkt.com/jonathan-hogg/profil/spieler/61573
58993,Junior Hoilett,https://fbref.com/en/players/33af5b9e/Junior-Hoilett,Success,Not found,"June 5, 1990 (Age: 35-173d)","Brampton, Ontario, Canada",174,Canada,FW-MF (AM-WM),Right,2007-2008,17 years,Paderborn 07,2007,https://www.transfermarkt.com/junior-hoilett/profil/spieler/58993
30071,Stuart Holden,https://fbref.com/en/players/b8e24504/Stuart-Holden,Success,Not found,1-Aug-85,Not found,178,United States us  Other: Scotland,MF,Right,2006,20 years,Houston Dynamo,Not found,https://www.transfermarkt.com/stuart-holden/profil/spieler/30071
4267,Tim Howard,https://fbref.com/en/players/c444465e/Tim-Howard,Success,Not found,6-Mar-79,Not found,191,United States,GK,Right,1998,18 years,MetroStars,Not found,https://www.transfermarkt.com/tim-howard/profil/spieler/4267
13465,Tom Huddlestone,https://fbref.com/en/players/464cbbc9/Tom-Huddlestone,Success,Not found,28-Dec-86,Not found,190,England eng,MF (CM-DM),Right,2003-2004,16 years,Derby County,2003,https://www.transfermarkt.com/tom-huddlestone/profil/spieler/13465
3580,Aaron Hughes,https://fbref.com/en/players/dccccccc/Aaron-Hughes,Success,Not found,8-Nov-79,Not found,183,Northern Ireland nir,DF (CB),Right,1997-1998,17 years,Newcastle Utd,1997,https://www.transfermarkt.com/aaron-hughes/profil/spieler/3580
36799,Stephen Hunt,https://fbref.com/en/players/51ac7604/Stephen-Hunt,Success,Not found,1-Aug-81,Not found,172,Republic of Ireland,FW-MF (AM-WM),Left,2002-2003,20 years,Brentford,2002,https://www.transfermarkt.com/stephen-hunt/profil/spieler/36799
110863,James Hurst,https://fbref.com/en/players/a59de39b/James-Hurst,Success,Not found,31-Jan-92,Not found,185,England eng,DF,Right,2010-2011,18 years,West Brom,2010,https://www.transfermarkt.com/james-hurst/profil/spieler/110863
2998,Robert Huth,https://fbref.com/en/players/0bd1ea64/Robert-Huth,Success,Not found,18-Aug-84,Not found,191,Germany,DF (CB),Right,2001-2002,16 years,Chelsea,2001,https://www.transfermarkt.com/robert-huth/profil/spieler/2998
9619,Alan Hutton,https://fbref.com/en/players/688ae34c/Alan-Hutton,Success,Not found,30-Nov-84,Not found,185,Scotland sct,"DF (FB, right)",Right,2002-2003,17 years,Rangers,2002,https://www.transfermarkt.com/alan-hutton/profil/spieler/9619
8116,Pablo Ibáñez,https://fbref.com/en/players/23ca89f2/Pablo-Ibanez,Success,Not found,3-Aug-81,Not found,192,Spain,DF (CB),Not found,2002-2003,20 years,Albacete,2002,https://www.transfermarkt.com/pablo-ibez/profil/spieler/8116
17432,Hérita Ilunga,https://fbref.com/en/players/1550f0e0/Herita-Ilunga,Success,Not found,25-Feb-82,Not found,180,Congo DR,"DF (FB, left)",Not found,2004-2005,22 years,Saint-Étienne,2004,https://www.transfermarkt.com/hrita-ilunga/profil/spieler/17432
34838,Stephen Ireland,https://fbref.com/en/players/bcf30f17/Stephen-Ireland,Success,Not found,22-Aug-86,Not found,173,Republic of Ireland,MF (AM),Right,2005-2006,18 years,Manchester City,2005,https://www.transfermarkt.com/stephen-ireland/profil/spieler/34838
36827,Branislav Ivanović,https://fbref.com/en/players/85f8571a/Branislav-Ivanovic,Success,Not found,22-Feb-84,Not found,188,Serbia,"DF (CB-FB, right)",Right,2006,21 years,Loko Moscow,Not found,https://www.transfermarkt.com/branislav-ivanovi/profil/spieler/36827
3692,Jussi Jääskeläinen,https://fbref.com/en/players/340d2a24/Jussi-Jaaskelainen,Success,Not found,19-Apr-75,Not found,191,Finland,GK,Right,2001-2002,26 years,Bolton,2001,https://www.transfermarkt.com/jussi-jskelinen/profil/spieler/3692
1423,Lars Jacobsen,https://fbref.com/en/players/bef72e41/Lars-Jacobsen,Success,Not found,20-Sep-79,Not found,181,Denmark,"DF (CB-FB, right)",Both,2002-2003,22 years,Hamburger SV,2002,https://www.transfermarkt.com/lars-jacobsen/profil/spieler/1423
13520,Phil Jagielka,https://fbref.com/en/players/3233eefd/Phil-Jagielka,Success,Not found,17-Aug-82,Not found,180,England eng,DF-MF (CB-DM),Right,2001-2002,18 years,Sheffield Utd,2001,https://www.transfermarkt.com/phil-jagielka/profil/spieler/13520
40429,Gonzalo Jara,https://fbref.com/en/players/9b1b4782/Gonzalo-Jara,Success,Not found,29-Aug-85,Not found,178,Chile,DF-MF (CB),Right,2009-2010,23 years,West Brom,2009,https://www.transfermarkt.com/gonzalo-jara/profil/spieler/40429
15921,Matthew Jarvis,https://fbref.com/en/players/02d6d2b4/Matthew-Jarvis,Success,Not found,22-May-86,Not found,170,England eng,"MF (WM, left)",Both,2003-2004,17 years,Gillingham,2003,https://www.transfermarkt.com/matthew-jarvis/profil/spieler/15921
3461,Jermaine Jenas,https://fbref.com/en/players/3149f712/Jermaine-Jenas,Success,Not found,18-Feb-83,Not found,181,England eng,MF,Not found,2001-2002,18 years,Nott'ham Forest,2001,https://www.transfermarkt.com/jermaine-jenas/profil/spieler/3461
35855,Cameron Jerome,https://fbref.com/en/players/680fb5ee/Cameron-Jerome,Success,Not found,14-Aug-86,Not found,185,England eng,FW,Right,2004-2005,17 years,Cardiff City,2004,https://www.transfermarkt.com/cameron-jerome/profil/spieler/35855
4592,Park Ji-sung,https://fbref.com/en/players/3de4cb30/Park-Ji-sung,Success,Not found,25-Feb-81,Not found,173,Korea Republic,MF,Not found,2002-2003,21 years,PSV Eindhoven,2002,https://www.transfermarkt.com/park-ji-sung/profil/spieler/4592
6065,Martin Jiránek,https://fbref.com/en/players/eb005dc3/Martin-Jiranek,Success,Not found,25-May-79,Not found,189,Czech Republic,"DF (CB-FB, right)",Right,2000-2001,21 years,Reggina,2000,https://www.transfermarkt.com/martin-jirnek/profil/spieler/6065
34156,Jô,Not found,No URL,Not found,Not found,Not found,Not found,Not found,Not found,Not found,Not found,Not found,Not found,Not found,https://www.transfermarkt.com/j/profil/spieler/34156
31579,Adam Johnson,https://fbref.com/en/players/1ba61951/Adam-Johnson,Success,Not found,14-Jul-87,Not found,181,England eng,MF (WM),Left,2005-2006,18 years,Middlesbrough,2005,https://www.transfermarkt.com/adam-johnson/profil/spieler/31579
14031,Andrew Johnson,https://fbref.com/en/players/facd1b3e/Andrew-Johnson,Success,Not found,10-Feb-81,Not found,170,England eng,FW,Right,2001-2002,20 years,Birmingham City,2001,https://www.transfermarkt.com/andrew-johnson/profil/spieler/14031
38773,Eddie Johnson,https://fbref.com/en/players/391c966a/Eddie-Johnson,Success,Not found,20-Sep-84,Not found,178,England eng,FW-MF,Not found,2003-2004,18 years,Antwerp,2003,https://www.transfermarkt.com/eddie-johnson/profil/spieler/38773
3881,Glen Johnson,https://fbref.com/en/players/8cceca90/Glen-Johnson,Success,Not found,23-Aug-84,Not found,182,England eng,"DF (FB, right)",Both,2002-2003,17 years,Millwall,2002,https://www.transfermarkt.com/glen-johnson/profil/spieler/3881
42751,Roger Johnson,https://fbref.com/en/players/f6e08a82/Roger-Johnson,Success,Not found,28-Apr-83,Not found,191,Not found,DF,Right,2002-2003,19 years,Wycombe,2002,https://www.transfermarkt.com/roger-johnson/profil/spieler/42751
24634,David Jones,https://fbref.com/en/players/2f0edbe7/David-Jones,Success,Not found,4-Nov-84,Not found,180,England eng,MF (CM),Left,2005-2006,20 years,NEC Nijmegen,2005,https://www.transfermarkt.com/david-jones/profil/spieler/24634
1321,Jermaine Jones,https://fbref.com/en/players/0c577541/Jermaine-Jones,Success,Not found,3-Nov-81,Not found,184,United States us  Other: Germany,MF (AM-DM),Both,2000-2001,18 years,Eint Frankfurt,2000,https://www.transfermarkt.com/jermaine-jones/profil/spieler/1321
28245,Kenwyne Jones,https://fbref.com/en/players/5f3b634e/Kenwyne-Jones,Success,Not found,5-Oct-84,Not found,188,Trinidad and Tobago,FW,Right,2004-2005,19 years,Sheffield Weds,2004,https://www.transfermarkt.com/kenwyne-jones/profil/spieler/28245
117996,Phil Jones,https://fbref.com/en/players/def899bd/Phil-Jones,Success,Not found,21-Feb-92,Not found,185,England eng,"DF-MF (CB, left)",Right,2009-2010,17 years,Blackburn,2009,https://www.transfermarkt.com/phil-jones/profil/spieler/117996
4672,Nigel de Jong,https://fbref.com/en/players/a0e209bc/Nigel-de-Jong,Success,Not found,30-Nov-84,Not found,174,Netherlands,MF (DM),Right,2002-2003,17 years,Ajax,2002,https://www.transfermarkt.com/nigel-de-jong/profil/spieler/4672
14933,Milan Jovanović,https://fbref.com/en/players/bd89b75e/Milan-Jovanovic,Success,Not found,18-Apr-81,Not found,183,Serbia,"FW-MF (WM, left)",Not found,2004,22 years,Loko Moscow,Not found,https://www.transfermarkt.com/milan-jovanovi/profil/spieler/14933
27114,Younès Kaboul,https://fbref.com/en/players/3680d723/Younes-Kaboul,Success,Not found,4-Jan-86,Not found,190,France,DF (CB),Right,2004-2005,18 years,Auxerre,2004,https://www.transfermarkt.com/youns-kaboul/profil/spieler/27114
74297,Gaël Kakuta,https://fbref.com/en/players/5b1bf5e3/Gael-Kakuta,Success,Not found,"June 21, 1991 (Age: 34-157d)","Lille, France",173,Congo DR cd  Other: France,FW-MF (AM-WM),Left,2009-2010,18 years,Chelsea,2009,https://www.transfermarkt.com/gal-kakuta/profil/spieler/74297
36371,Nikola Kalinić,https://fbref.com/en/players/d4931a5a/Nikola-Kalinic,Success,Not found,5-Jan-88,Not found,187,Croatia,FW,Right,2007-2008,19 years,Hajduk Split,2007,https://www.transfermarkt.com/nikola-kalini/profil/spieler/36371
7971,Salomon Kalou,https://fbref.com/en/players/2042d931/Salomon-Kalou,Success,Not found,5-Aug-85,Not found,183,Côte d'Ivoire,FW-MF (AM),Right,2004-2005,18 years,Feyenoord,2004,https://www.transfermarkt.com/salomon-kalou/profil/spieler/7971
6053,Diomansy Kamara,https://fbref.com/en/players/71e8454e/Diomansy-Kamara,Success,Not found,8-Nov-80,Not found,185,Senegal sn  Other: France,FW,Not found,2001-2002,20 years,Modena,2001,https://www.transfermarkt.com/diomansy-kamara/profil/spieler/6053
3144,Robbie Keane,https://fbref.com/en/players/f45e1bb2/Robbie-Keane,Success,Not found,8-Jul-80,Not found,175,Republic of Ireland,FW,Right,1999-2000,19 years,Coventry City,1999,https://www.transfermarkt.com/robbie-keane/profil/spieler/3144
24476,Dekel Keinan,https://fbref.com/en/players/8e3c9fb3/Dekel-Keinan,Success,Not found,15-Sep-84,Not found,184,Israel,DF (CB),Not found,2010-2011,25 years,Blackpool,2010,https://www.transfermarkt.com/dekel-keinan/profil/spieler/24476
78959,Martin Kelly,https://fbref.com/en/players/d7492450/Martin-Kelly,Success,Not found,27-Apr-90,Not found,191,England eng,"DF-MF (CB-FB, right)",Right,2008-2009,18 years,Huddersfield,2008,https://www.transfermarkt.com/martin-kelly/profil/spieler/78959
12125,Stephen Kelly,https://fbref.com/en/players/4d7dd756/Stephen-Kelly,Success,Not found,6-Sep-83,Not found,184,Republic of Ireland,"DF (FB, right)",Right,2002-2003,18 years,QPR,2002,https://www.transfermarkt.com/stephen-kelly/profil/spieler/12125
29419,Andy Keogh,https://fbref.com/en/players/c7e84594/Andy-Keogh,Success,Not found,16-May-86,Not found,183,Republic of Ireland,FW-MF (WM),Right,2004-2005,18 years,Bury,2004,https://www.transfermarkt.com/andy-keogh/profil/spieler/29419
25366,Michael Kightly,https://fbref.com/en/players/26e5c484/Michael-Kightly,Success,Not found,24-Jan-86,Not found,175,England eng,"FW-MF (WM, left)",Right,2002-2003,16 years,Southend United,2002,https://www.transfermarkt.com/michael-kightly/profil/spieler/25366
3360,Ledley King,https://fbref.com/en/players/83ca192d/Ledley-King,Success,Not found,12-Oct-80,Not found,188,England eng,DF-MF (CB-DM),Not found,1998-1999,17 years,Tottenham,1998,https://www.transfermarkt.com/ledley-king/profil/spieler/3360
7125,Richard Kingson,https://fbref.com/en/players/05380aa0/Richard-Kingson,Success,Not found,13-Jun-78,Not found,183,Ghana,GK,Not found,2001-2002,23 years,Antalyaspor,2001,https://www.transfermarkt.com/richard-kingson/profil/spieler/7125
3219,Chris Kirkland,https://fbref.com/en/players/710265d2/Chris-Kirkland,Success,Not found,2-May-81,Not found,191,England eng,GK,Right,2000-2001,19 years,Coventry City,2000,https://www.transfermarkt.com/chris-kirkland/profil/spieler/3219
690,Ivan Klasnić,https://fbref.com/en/players/214ed478/Ivan-Klasnic,Success,Not found,29-Jan-80,Not found,186,Croatia hr  Other: Germany,FW,Not found,2001-2002,21 years,Werder Bremen,2001,https://www.transfermarkt.com/ivan-klasni/profil/spieler/690
4012,Zat Knight,https://fbref.com/en/players/607efc45/Zat-Knight,Success,Not found,2-May-80,Not found,198,England eng,DF (CB),Right,2001-2002,21 years,Fulham,2001,https://www.transfermarkt.com/zat-knight/profil/spieler/4012
46156,Aleksandar Kolarov,https://fbref.com/en/players/eda40760/Aleksandar-Kolarov,Success,Not found,10-Nov-85,Not found,187,Serbia,"DF (FB, left)",Left,2007-2008,21 years,Lazio,2007,https://www.transfermarkt.com/aleksandar-kolarov/profil/spieler/46156
9594,Vincent Kompany,https://fbref.com/en/players/d2bff301/Vincent-Kompany,Success,Not found,10-Apr-86,Not found,193,Belgium,DF (CB),Right,2003-2004,17 years,Anderlecht,2003,https://www.transfermarkt.com/vincent-kompany/profil/spieler/9594
3296,Paul Konchesky,https://fbref.com/en/players/941bcf75/Paul-Konchesky,Success,Not found,15-May-81,Not found,178,England eng,"DF-FW-MF (AM-FB, left)",Left,1998-1999,17 years,Charlton Ath,1998,https://www.transfermarkt.com/paul-konchesky/profil/spieler/3296
15881,Sergei Kornilenko,https://fbref.com/en/players/be1797d6/Sergei-Kornilenko,Success,Not found,14-Jun-83,Not found,186,Belarus,FW,Right,2003-2004,20 years,Dynamo Kyiv,2003,https://www.transfermarkt.com/sergei-kornilenko/profil/spieler/15881
76277,Laurent Koscielny,https://fbref.com/en/players/f5efb153/Laurent-Koscielny,Success,Not found,10-Sep-85,Not found,186,France,DF (CB),Right,2009-2010,23 years,Lorient,2009,https://www.transfermarkt.com/laurent-koscielny/profil/spieler/76277
9702,Radoslav Kováč,https://fbref.com/en/players/cf3f2f6d/Radoslav-Kovac,Success,Not found,27-Nov-79,Not found,189,Czech Republic,DF-MF (CB-DM),Right,2005,25 years,Spartak Moscow,Not found,https://www.transfermarkt.com/radoslav-kov/profil/spieler/9702
16746,Niko Kranjčar,https://fbref.com/en/players/403d2184/Niko-Kranjcar,Success,Not found,13-Aug-84,Not found,186,Croatia,MF (AM),Both,2006-2007,21 years,Portsmouth,2006,https://www.transfermarkt.com/niko-kranjar/profil/spieler/16746
33027,Tim Krul,https://fbref.com/en/players/f23f9d20/Tim-Krul,Success,Not found,3-Apr-88,Not found,193,Netherlands,GK,Left,2007-2008,19 years,Falkirk,2007,https://www.transfermarkt.com/tim-krul/profil/spieler/33027
12398,Shefki Kuqi,https://fbref.com/en/players/1e05027f/Shefki-Kuqi,Success,Not found,10-Nov-76,Not found,188,Finland fi  Other: Kosovo,FW,Not found,2001-2002,24 years,Sheffield Weds,2001,https://www.transfermarkt.com/shefki-kuqi/profil/spieler/12398
1320,Tomasz Kuszczak,https://fbref.com/en/players/a924380b/Tomasz-Kuszczak,Success,Not found,20-Mar-82,Not found,191,Poland,GK,Right,2004-2005,22 years,West Brom,2004,https://www.transfermarkt.com/tomasz-kuszczak/profil/spieler/1320
4010,Dirk Kuyt,https://fbref.com/en/players/cd53ecf4/Dirk-Kuyt,Success,Not found,22-Jul-80,Not found,184,Netherlands,DF-FW-MF (AM-FB),Right,2000-2001,20 years,Utrecht,2000,https://www.transfermarkt.com/dirk-kuyt/profil/spieler/4010
9706,Sotirios Kyrgiakos,https://fbref.com/en/players/2bc82fdc/Sotirios-Kyrgiakos,Success,Not found,23-Jul-79,Not found,193,Greece,DF (CB),Not found,2001-2002,22 years,Panathinaikos,2001,https://www.transfermarkt.com/sotirios-kyrgiakos/profil/spieler/9706
110865,Louis Laing,https://fbref.com/en/players/827ae666/Louis-Laing,Success,Not found,6-Mar-93,Not found,188,England eng,DF,Right,2010-2011,17 years,Sunderland,2010,https://www.transfermarkt.com/louis-laing/profil/spieler/110865
3163,Frank Lampard,https://fbref.com/en/players/268df6b1/Frank-Lampard,Success,Not found,20-Jun-78,Not found,184,England eng,MF,Both,1995-1996,17 years,West Ham,1995,https://www.transfermarkt.com/frank-lampard/profil/spieler/3163
31720,Sebastian Larsson,https://fbref.com/en/players/b26efc36/Sebastian-Larsson,Success,Not found,6-Jun-85,Not found,178,Sweden,"MF (CM-DM-WM, right)",Right,2005-2006,20 years,Arsenal,2005,https://www.transfermarkt.com/sebastian-larsson/profil/spieler/31720
122,Jens Lehmann,https://fbref.com/en/players/d1ca1129/Jens-Lehmann,Success,Not found,10-Nov-69,Not found,190,Germany,GK,Not found,1991-1992,21 years,Schalke 04,1991,https://www.transfermarkt.com/jens-lehmann/profil/spieler/122
41414,Lucas Leiva,https://fbref.com/en/players/4c78b5ed/Lucas-Leiva,Success,Not found,9-Jan-87,Not found,179,Brazil,MF (CM-DM),Right,2007-2008,20 years,Liverpool,2007,https://www.transfermarkt.com/lucas-leiva/profil/spieler/41414
14221,Aaron Lennon,https://fbref.com/en/players/2ff964a0/Aaron-Lennon,Success,Not found,16-Apr-87,Not found,165,England eng,"FW-MF (AM-WM, right)",Right,2003-2004,16 years,Leeds United,2003,https://www.transfermarkt.com/aaron-lennon/profil/spieler/14221
4241,Joleon Lescott,https://fbref.com/en/players/62393d3b/Joleon-Lescott,Success,Not found,16-Aug-82,Not found,188,England eng,DF (CB),Left,2001-2002,18 years,Wolves,2001,https://www.transfermarkt.com/joleon-lescott/profil/spieler/4241
61575,Eric Lichaj,https://fbref.com/en/players/7636a420/Eric-Lichaj,Success,Not found,17-Nov-88,Not found,180,United States,"DF (FB, right)",Right,2009-2010,20 years,Leyton Orient,2009,https://www.transfermarkt.com/eric-lichaj/profil/spieler/61575
88596,Amine Linganzi,https://fbref.com/en/players/e465378c/Amine-Linganzi,Success,Not found,16-Nov-89,Not found,186,Congo cg  Other: Algeria,MF (DM),Right,2008-2009,18 years,Saint-Étienne,2008,https://www.transfermarkt.com/amine-linganzi/profil/spieler/88596
45383,Adrián López,https://fbref.com/en/players/88a359d4/Adrian-Lopez,Success,Not found,8-Jan-88,Not found,183,Spain,FW,Right,2006-2007,18 years,La Coruña,2006,https://www.transfermarkt.com/adrin-lpez/profil/spieler/45383
117997,Jason Lowe,https://fbref.com/en/players/e000b843/Jason-Lowe,Success,Not found,"September 2, 1991 (Age: 34-084d)","Wigan, England, United Kingdom",183,England eng,DF-MF (CM-DM-FB-WM),Left,2010-2011,18 years,Oldham Athletic,2010,https://www.transfermarkt.com/jason-lowe/profil/spieler/117997
52576,Kazenga LuaLua,https://fbref.com/en/players/d732d28a/Kazenga-LuaLua,Success,Not found,"December 10, 1990 (Age: 34-350d)","Kinshasa, Congo DR",180,Not found,"FW-MF (WM, left)",Right,2007-2008,16 years,Newcastle Utd,2007,https://www.transfermarkt.com/kazenga-lualua/profil/spieler/52576
46741,David Luiz,https://fbref.com/en/players/c0e27d1a/David-Luiz,Success,Not found,"April 22, 1987 (Age: 38-217d)","Diadema, Brazil",189,Brazil,DF-MF (CB-DM),Right,2006-2007,19 years,Benfica,2006,https://www.transfermarkt.com/david-luiz/profil/spieler/46741
121334,Craig Lynch,https://fbref.com/en/players/243a84ca/Craig-Lynch,Success,Not found,25-Mar-92,Not found,183,Not found,FW-MF,Not found,2010-2011,18 years,Sunderland,2010,https://www.transfermarkt.com/craig-lynch/profil/spieler/121334
9620,Peter Løvenkrands,https://fbref.com/en/players/609f6984/Peter-Lovenkrands,Success,Not found,29-Jan-80,Not found,180,Denmark,FW-MF (WM),Not found,2000-2001,20 years,Rangers,2000,https://www.transfermarkt.com/peter-lvenkrands/profil/spieler/9620
61887,Federico Macheda,https://fbref.com/en/players/e14daddc/Federico-Macheda,Success,Not found,"August 22, 1991 (Age: 34-095d)","Rome, Italy",184,Italy,FW,Right,2008-2009,16 years,Manchester Utd,2008,https://www.transfermarkt.com/federico-macheda/profil/spieler/61887
5648,Jean Makoun,https://fbref.com/en/players/728c9139/Jean-Makoun,Success,Not found,29-May-83,Not found,173,Cameroon,MF (DM),Right,2002-2003,19 years,Lille,2002,https://www.transfermarkt.com/jean-makoun/profil/spieler/5648
3569,Steed Malbranque,https://fbref.com/en/players/e3df61bc/Steed-Malbranque,Success,Not found,6-Jan-80,Not found,168,France fr  Other: Belgium,MF (AM-CM-WM),Right,1997-1998,17 years,Lyon,1997,https://www.transfermarkt.com/steed-malbranque/profil/spieler/3569
5461,Florent Malouda,https://fbref.com/en/players/6fe6d820/Florent-Malouda,Success,Not found,13-Jun-80,Not found,180,France fr  Other: French Guiana,"FW-MF (AM-WM, left)",Left,1997-1998,17 years,Châteauroux,1997,https://www.transfermarkt.com/florent-malouda/profil/spieler/5461
38100,Michael Mancienne,https://fbref.com/en/players/2db3ae0a/Michael-Mancienne,Success,Not found,8-Jan-88,Not found,184,Seychelles sc  Other: England,DF-MF (CB-FB),Right,2006-2007,18 years,QPR,2006,https://www.transfermarkt.com/michael-mancienne/profil/spieler/38100
5794,Obafemi Martins,https://fbref.com/en/players/70849fc2/Obafemi-Martins,Success,Not found,28-Oct-84,Not found,170,Nigeria,FW,Both,2002-2003,17 years,Inter,2002,https://www.transfermarkt.com/obafemi-martins/profil/spieler/5794
19981,Javier Mascherano,https://fbref.com/en/players/5070881b/Javier-Mascherano,Success,Not found,8-Jun-84,Not found,174,Argentina,DF-MF (CB-DM),Right,2006-2007,22 years,West Ham,2006,https://www.transfermarkt.com/javier-mascherano/profil/spieler/19981
41416,James McArthur,https://fbref.com/en/players/cee31595/James-McArthur,Success,Not found,7-Oct-87,Not found,178,Scotland sct,MF (CM-WM),Right,2007-2008,19 years,Hamilton Acad.,2007,https://www.transfermarkt.com/james-mcarthur/profil/spieler/41416
3091,Benni McCarthy,https://fbref.com/en/players/a6f401c6/Benni-McCarthy,Success,Not found,12-Nov-77,Not found,183,South Africa,FW,Not found,1999-2000,21 years,Celta Vigo,1999,https://www.transfermarkt.com/benni-mccarthy/profil/spieler/3091
45333,James McCarthy,https://fbref.com/en/players/64b08de7/James-McCarthy,Success,Not found,12-Nov-90,Not found,180,Republic of Ireland ie  Other: Scotland,MF,Right,2007-2008,16 years,Hamilton Acad.,2007,https://www.transfermarkt.com/james-mccarthy/profil/spieler/45333
128905,Josh McEachran,https://fbref.com/en/players/48565585/Josh-McEachran,Success,Not found,"March 1, 1993 (Age: 32-269d)","Oxford, England, United Kingdom",178,England eng,MF (CM-DM),Left,2010-2011,17 years,Chelsea,2010,https://www.transfermarkt.com/josh-mceachran/profil/spieler/128905
9956,James McFadden,https://fbref.com/en/players/2cfdae75/James-McFadden,Success,Not found,14-Apr-83,Not found,178,Scotland sct,FW-MF (AM),Left,2000-2001,17 years,Motherwell,2000,https://www.transfermarkt.com/james-mcfadden/profil/spieler/9956
61632,Ryan McGivern,https://fbref.com/en/players/4c2e7e85/Ryan-McGivern,Success,Not found,8-Jan-90,Not found,188,Northern Ireland nir,DF,Right,2008-2009,18 years,Morecambe,2008,https://www.transfermarkt.com/ryan-mcgivern/profil/spieler/61632
61711,Callum McManaman,https://fbref.com/en/players/1a5dbcc2/Callum-McManaman,Success,Not found,"April 25, 1991 (Age: 34-214d)","Whiston, England, United Kingdom",174,England eng,"FW-MF (AM-WM, right)",Right,2008-2009,17 years,Wigan Athletic,2008,https://www.transfermarkt.com/callum-mcmanaman/profil/spieler/61711
13168,Raul Meireles,https://fbref.com/en/players/e767cd27/Raul-Meireles,Success,Not found,17-Mar-83,Not found,180,Portugal,MF,Left,2003-2004,20 years,Boavista,2003,https://www.transfermarkt.com/raul-meireles/profil/spieler/13168
5315,Abdoulaye Méïté,https://fbref.com/en/players/2b548af1/Abdoulaye-Meite,Success,Not found,6-Oct-80,Not found,185,Côte d'Ivoire ci  Other: France,DF (CB),Right,2000-2001,19 years,Marseille,2000,https://www.transfermarkt.com/abdoulaye-mt/profil/spieler/5315
5917,John Mensah,https://fbref.com/en/players/142ed694/John-Mensah,Success,Not found,29-Nov-82,Not found,177,Ghana,DF (CB),Right,2001-2002,18 years,Genoa,2001,https://www.transfermarkt.com/john-mensah/profil/spieler/5917
68183,David Meyler,https://fbref.com/en/players/8ea6417a/David-Meyler,Success,Not found,29-May-89,Not found,189,Republic of Ireland,MF,Right,2009-2010,20 years,Sunderland,2009,https://www.transfermarkt.com/david-meyler/profil/spieler/68183
50219,Simon Mignolet,https://fbref.com/en/players/d436eb94/Simon-Mignolet,Success,Not found,"March 6, 1988 (Age: 37-264d)","Sint-Truiden, Belgium",193,Belgium,GK,Right,2006-2007,18 years,Sint-Truiden,2006,https://www.transfermarkt.com/simon-mignolet/profil/spieler/50219
36123,Nenad Milijaš,https://fbref.com/en/players/10206347/Nenad-Milijas,Success,Not found,30-Apr-83,Not found,188,Serbia,MF,Not found,2008-2009,25 years,Red Star,2008,https://www.transfermarkt.com/nenad-milija/profil/spieler/36123
38776,Ishmael Miller,https://fbref.com/en/players/58f1973e/Ishmael-Miller,Success,Not found,5-Mar-87,Not found,191,Not found,FW,Left,2005-2006,18 years,Manchester City,2005,https://www.transfermarkt.com/ishmael-miller/profil/spieler/38776
3333,James Milner,https://fbref.com/en/players/2f90f6b8/James-Milner,Success,Not found,"January 4, 1986 (Age: 39-325d)","Leeds, England, United Kingdom",176,England eng,DF-MF (CM-FB-WM),Right,2002-2003,16 years,Leeds United,2002,https://www.transfermarkt.com/james-milner/profil/spieler/3333
27992,Luka Modrić,https://fbref.com/en/players/6025fab1/Luka-Modric,Success,Not found,"September 9, 1985 (Age: 40-077d)","Zadar, Croatia",174,Croatia,MF (AM-CM-DM-WM),Right,2007-2008,21 years,Dinamo Zagreb,2007,https://www.transfermarkt.com/luka-modri/profil/spieler/27992
121391,Josh Morris,https://fbref.com/en/players/6449a543/Josh-Morris,Success,Not found,30-Sep-91,Not found,180,England eng,DF-FW-MF,Not found,2010-2011,18 years,Blackburn,2010,https://www.transfermarkt.com/josh-morris/profil/spieler/121391
27614,James Morrison,https://fbref.com/en/players/21a66e33/James-Morrison,Success,Not found,25-May-86,Not found,183,Scotland sct  Other: England,FW-MF (AM-DM-WM),Right,2003-2004,17 years,Middlesbrough,2003,https://www.transfermarkt.com/james-morrison/profil/spieler/27614
59866,Victor Moses,https://fbref.com/en/players/e726e11e/Victor-Moses,Success,Not found,12-Dec-90,Not found,177,Nigeria ng  Other: England,"DF-FW-MF (AM-DM-WM, right)",Right,2007-2008,16 years,Crystal Palace,2007,https://www.transfermarkt.com/victor-moses/profil/spieler/59866
58188,Steven Mouyokolo,https://fbref.com/en/players/6d60be73/Steven-Mouyokolo,Success,Not found,24-Jan-87,Not found,190,Not found,DF (CB),Not found,2009-2010,22 years,Hull City,2009,https://www.transfermarkt.com/steven-mouyokolo/profil/spieler/58188
35586,Fabrice Muamba,https://fbref.com/en/players/f5a2bebe/Fabrice-Muamba,Success,Not found,6-Apr-88,Not found,188,England eng,MF (CM-DM),Not found,2006-2007,18 years,Birmingham City,2006,https://www.transfermarkt.com/fabrice-muamba/profil/spieler/35586
45455,Geoffrey Mujangi Bia,https://fbref.com/en/players/3a90713b/Geoffrey-Mujangi-Bia,Success,Not found,12-Aug-89,Not found,175,Belgium,MF (AM-WM),Right,2006-2007,16 years,Charleroi,2006,https://www.transfermarkt.com/geoffrey-mujangi-bia/profil/spieler/45455
45272,Youssouf Mulumbu,https://fbref.com/en/players/a275b145/Youssouf-Mulumbu,Success,Not found,25-Jan-87,Not found,177,Congo DR cd  Other: France,MF (CM-DM),Right,2006-2007,19 years,Paris S-G,2006,https://www.transfermarkt.com/youssouf-mulumbu/profil/spieler/45272
17129,Sulley Muntari,https://fbref.com/en/players/e185aa52/Sulley-Muntari,Success,Not found,27-Aug-84,Not found,179,Ghana,MF (CB-DM),Left,2002-2003,17 years,Udinese,2002,https://www.transfermarkt.com/sulley-muntari/profil/spieler/17129
3221,Danny Murphy,https://fbref.com/en/players/03a97c40/Danny-Murphy,Success,Not found,18-Mar-77,Not found,175,England eng,MF (CM),Not found,1997-1998,20 years,Liverpool,1997,https://www.transfermarkt.com/danny-murphy/profil/spieler/3221
3868,David Murphy,https://fbref.com/en/players/b05e73d5/David-Murphy,Success,Not found,1-Mar-84,Not found,185,England eng,"DF (FB, left)",Not found,2001-2002,17 years,Middlesbrough,2001,https://www.transfermarkt.com/david-murphy/profil/spieler/3868
57207,Jordon Mutch,https://fbref.com/en/players/37c408cc/Jordon-Mutch,Success,Not found,2-Dec-91,Not found,175,England eng,MF,Right,2009-2010,17 years,Hereford United,2009,https://www.transfermarkt.com/jordon-mutch/profil/spieler/57207
3838,Boaz Myhill,https://fbref.com/en/players/7ca2d989/Boaz-Myhill,Success,Not found,9-Nov-82,Not found,191,"Wales wls  Other: England , United States",GK,Right,2002-2003,19 years,Bradford City,2002,https://www.transfermarkt.com/boaz-myhill/profil/spieler/3838
41242,David N'Gog,https://fbref.com/en/players/beec2968/David-NGog,Success,Not found,1-Apr-89,Not found,189,France,FW,Right,2006-2007,17 years,Paris S-G,2006,https://www.transfermarkt.com/david-ngog/profil/spieler/41242
22165,Charles N'Zogbia,https://fbref.com/en/players/4e31f3e2/Charles-NZogbia,Success,Not found,28-May-86,Not found,170,France,"DF-FW-MF (FB-WM, left)",Left,2004-2005,18 years,Newcastle Utd,2004,https://www.transfermarkt.com/charles-nzogbia/profil/spieler/22165
33706,Nani,https://fbref.com/en/players/e278c9be/Jonathan-Nanizayamo,Success,Not found,21-Feb-92,Not found,194,Not found,FW,Right,2014-2015,22 years,Tours,2014,https://www.transfermarkt.com/nani/profil/spieler/33706
18935,Samir Nasri,https://fbref.com/en/players/165bed61/Samir-Nasri,Success,Not found,26-Jun-87,Not found,175,France,FW-MF (AM),Right,2004-2005,17 years,Marseille,2004,https://www.transfermarkt.com/samir-nasri/profil/spieler/18935
28878,Ryan Nelsen,https://fbref.com/en/players/510f2c7c/Ryan-Nelsen,Success,Not found,18-Oct-77,Not found,185,New Zealand,DF (CB),Not found,2001,23 years,D.C. United,Not found,https://www.transfermarkt.com/ryan-nelsen/profil/spieler/28878
3403,Gary Neville,https://fbref.com/en/players/1b013e33/Gary-Neville,Success,Not found,18-Feb-75,Not found,180,England eng,"DF (FB, right)",Not found,1993-1994,18 years,Manchester Utd,1993,https://www.transfermarkt.com/gary-neville/profil/spieler/3403
3404,Phil Neville,https://fbref.com/en/players/3db5e0ec/Phil-Neville,Success,Not found,21-Jan-77,Not found,180,England eng,DF-MF,Right,1994-1995,17 years,Manchester Utd,1994,https://www.transfermarkt.com/phil-neville/profil/spieler/3404
31835,Mark Noble,https://fbref.com/en/players/ff527768/Mark-Noble,Success,Not found,8-May-87,Not found,180,England eng,MF (AM-CM-DM),Right,2004-2005,17 years,West Ham,2004,https://www.transfermarkt.com/mark-noble/profil/spieler/31835
121340,Ryan Noble,https://fbref.com/en/players/7f758194/Ryan-Noble,Success,Not found,11-Jun-91,Not found,182,England eng,FW,Not found,2010-2011,19 years,Derby County,2010,https://www.transfermarkt.com/ryan-noble/profil/spieler/121340
3950,Kevin Nolan,https://fbref.com/en/players/3d307105/Kevin-Nolan,Success,Not found,24-Jun-82,Not found,183,England eng,MF (AM),Right,2001-2002,19 years,Bolton,2001,https://www.transfermarkt.com/kevin-nolan/profil/spieler/3950
119123,Frank Nouble,https://fbref.com/en/players/0a8e46da/Frank-Nouble,Success,Not found,"September 24, 1991 (Age: 34-062d)","Lewisham, England, United Kingdom",191,England eng,FW-MF (AM),Right,2009-2010,17 years,West Brom,2009,https://www.transfermarkt.com/frank-nouble/profil/spieler/119123
73734,Steven Nzonzi,https://fbref.com/en/players/c7526c18/Steven-Nzonzi,Success,Not found,"December 15, 1988 (Age: 36-345d)","La Garenne-Colombes, France",197,France,MF (CM-DM),Right,2009-2010,20 years,Blackburn,2009,https://www.transfermarkt.com/steven-nzonzi/profil/spieler/73734
869490,Andy O'Brien,https://fbref.com/en/players/1719f6b2/Andy-OBrien,Success,Not found,29-Jun-79,Not found,191,Republic of Ireland ie  Other: England,DF (CB),Right,1999-2000,20 years,Bradford City,1999,https://www.transfermarkt.com/andy-obrien/profil/spieler/869490
15708,Garry O'Connor,https://fbref.com/en/players/07fffbc5/Garry-OConnor,Success,Not found,7-May-83,Not found,185,Scotland sct,FW,Not found,2000-2001,17 years,Hibernian,2000,https://www.transfermarkt.com/garry-oconnor/profil/spieler/15708
38090,Jamie O'Hara,https://fbref.com/en/players/7578d85c/Jamie-OHara,Success,Not found,25-Sep-86,Not found,180,England eng,"MF (WM, left)",Left,2005-2006,18 years,Chesterfield,2005,https://www.transfermarkt.com/jamie-ohara/profil/spieler/38090
3995,Gary O'Neil,https://fbref.com/en/players/754d4ac4/Gary-O'Neil,Success,Not found,18-May-83,Not found,178,England eng,MF (AM),Right,2001-2002,18 years,Portsmouth,2001,https://www.transfermarkt.com/gary-oneil/profil/spieler/3995
3540,John O'Shea,https://fbref.com/en/players/7c1f4685/John-OShea,Success,Not found,30-Apr-81,Not found,192,Republic of Ireland,DF-MF (CB),Right,2001-2002,20 years,Manchester Utd,2001,https://www.transfermarkt.com/john-oshea/profil/spieler/3540
43261,Gabriel Obertan,https://fbref.com/en/players/adc264a8/Gabriel-Obertan,Success,Not found,26-Feb-89,Not found,186,France,FW-MF (AM-WM),Right,2006-2007,17 years,Bordeaux,2006,https://www.transfermarkt.com/gabriel-obertan/profil/spieler/43261
30739,John Obi Mikel,https://fbref.com/en/players/424d5f72/John-Obi-Mikel,Success,Not found,22-Apr-87,Not found,189,Nigeria,MF (CM-DM),Right,2005,17 years,Lyn,Not found,https://www.transfermarkt.com/john-obi-mikel/profil/spieler/30739
35852,Victor Obinna,https://fbref.com/en/players/c21b9d9d/Victor-Obinna,Success,Not found,25-Mar-87,Not found,178,Nigeria,FW,Left,2005-2006,18 years,Chievo,2005,https://www.transfermarkt.com/victor-obinna/profil/spieler/35852
12516,Peter Odemwingie,https://fbref.com/en/players/b16150ac/Peter-Odemwingie,Success,Not found,15-Jul-81,Not found,182,Nigeria,FW,Both,2003-2004,22 years,La Louvière,2003,https://www.transfermarkt.com/peter-odemwingie/profil/spieler/12516
25248,Jonas Olsson,https://fbref.com/en/players/48844a9b/Jonas-Olsson,Success,Not found,10-Mar-83,Not found,193,Sweden,DF (CB),Left,2003,19 years,Landskrona,Not found,https://www.transfermarkt.com/jonas-olsson/profil/spieler/25248
38073,Martin Olsson,https://fbref.com/en/players/2f72f79e/Martin-Olsson,Success,Not found,"May 17, 1988 (Age: 37-192d)","Gävle, Sweden",178,Sweden,"DF-MF (FB-WM, left)",Left,2007-2008,19 years,Blackburn,2007,https://www.transfermarkt.com/martin-olsson/profil/spieler/38073
28810,Nedum Onuoha,https://fbref.com/en/players/b28a0b5a/Nedum-Onuoha,Success,Not found,12-Nov-86,Not found,188,England eng  Other: Nigeria,"DF (CB, left)",Right,2004-2005,17 years,Manchester City,2004,https://www.transfermarkt.com/nedum-onuoha/profil/spieler/28810
4113,Brett Ormerod,https://fbref.com/en/players/fde1ce8d/Brett-Ormerod,Success,Not found,18-Oct-76,Not found,180,Not found,FW,Not found,2001-2002,24 years,Southampton,2001,https://www.transfermarkt.com/brett-ormerod/profil/spieler/4113
3620,Leon Osman,https://fbref.com/en/players/a014c247/Leon-Osman,Success,Not found,17-May-81,Not found,174,England eng,MF,Right,2002-2003,21 years,Carlisle United,2002,https://www.transfermarkt.com/leon-osman/profil/spieler/3620
1397,Michael Owen,https://fbref.com/en/players/88b3f52c/Michael-Owen,Success,Not found,14-Dec-79,Not found,172,England eng,FW,Not found,1996-1997,16 years,Liverpool,1996,https://www.transfermarkt.com/michael-owen/profil/spieler/1397
28285,Daniel Pacheco,https://fbref.com/en/players/5b2a4b8d/Daniel-Pacheco,Success,Not found,"January 5, 1991 (Age: 34-324d)","Málaga, Spain",168,Spain,FW-MF (AM-WM),Not found,2009-2010,18 years,Liverpool,2009,https://www.transfermarkt.com/daniel-pacheco/profil/spieler/28285
35235,John Paintsil,https://fbref.com/en/players/2def72a3/John-Paintsil,Success,Not found,15-Jun-81,Not found,178,Ghana,"DF-MF (DM-FB, right)",Not found,2006-2007,25 years,West Ham,2006,https://www.transfermarkt.com/john-paintsil/profil/spieler/35235
58361,Wilson Palacios,https://fbref.com/en/players/58df81fc/Wilson-Palacios,Success,Not found,29-Jul-84,Not found,178,Honduras,MF (DM),Right,2007-2008,23 years,Birmingham City,2007,https://www.transfermarkt.com/wilson-palacios/profil/spieler/58361
3785,Scott Parker,https://fbref.com/en/players/65faf2a1/Scott-Parker,Success,Not found,13-Oct-80,Not found,175,England eng,MF (DM),Right,1998-1999,17 years,Charlton Ath,1998,https://www.transfermarkt.com/scott-parker/profil/spieler/3785
3866,Stuart Parnaby,https://fbref.com/en/players/389cc3d7/Stuart-Parnaby,Success,Not found,19-Jul-82,Not found,178,England eng,"DF (FB, right)",Not found,2002-2003,20 years,Middlesbrough,2002,https://www.transfermarkt.com/stuart-parnaby/profil/spieler/3866
15072,Roman Pavlyuchenko,https://fbref.com/en/players/fd7afe52/Roman-Pavlyuchenko,Success,Not found,15-Dec-81,Not found,188,Russia,FW,Both,2001,19 years,Rotor Volgograd,Not found,https://www.transfermarkt.com/roman-pavlyuchenko/profil/spieler/15072
3195,Jermaine Pennant,https://fbref.com/en/players/c6043950/Jermaine-Pennant,Success,Not found,15-Jan-83,Not found,175,England eng,"MF (AM-WM, right)",Right,2001-2002,18 years,Watford,2001,https://www.transfermarkt.com/jermaine-pennant/profil/spieler/3195
49409,James Perch,https://fbref.com/en/players/c461de51/James-Perch,Success,Not found,28-Sep-85,Not found,180,Not found,DF-MF (CB-DM-FB),Right,2004-2005,18 years,Nott'ham Forest,2004,https://www.transfermarkt.com/james-perch/profil/spieler/49409
4380,Robin van Persie,https://fbref.com/en/players/3fcab3a8/Robin-van-Persie,Success,Not found,6-Aug-83,Not found,186,Netherlands,FW,Left,2001-2002,17 years,Feyenoord,2001,https://www.transfermarkt.com/robin-van-persie/profil/spieler/4380
670,Martin Petrov,https://fbref.com/en/players/011360ce/Martin-Petrov,Success,Not found,15-Jan-79,Not found,179,Bulgaria,"FW-MF (WM, left)",Not found,2001-2002,22 years,Wolfsburg,2001,https://www.transfermarkt.com/martin-petrov/profil/spieler/670
3252,Stiliyan Petrov,https://fbref.com/en/players/61e5c1a8/Stiliyan-Petrov,Success,Not found,5-Jul-79,Not found,180,Bulgaria,MF,Not found,2000-2001,21 years,Celtic,2000,https://www.transfermarkt.com/stiliyan-petrov/profil/spieler/3252
3131,Kevin Phillips,https://fbref.com/en/players/23d97ca1/Kevin-Phillips,Success,Not found,25-Jul-73,Not found,170,England eng,FW,Not found,1999-2000,26 years,Sunderland,1999,https://www.transfermarkt.com/kevin-phillips/profil/spieler/3131
77274,Matt Phillips,https://fbref.com/en/players/7bb5f40e/Matt-Phillips,Success,Not found,"March 13, 1991 (Age: 34-257d)","Aylesbury, England, United Kingdom",183,Scotland sct  Other: England,DF-FW-MF (AM-WM),Right,2007-2008,16 years,Wycombe,2007,https://www.transfermarkt.com/matt-phillips/profil/spieler/77274
4321,Steven Pienaar,https://fbref.com/en/players/8056f6e6/Steven-Pienaar,Success,Not found,17-Mar-82,Not found,170,South Africa,MF (AM-WM),Both,2001-2002,19 years,Ajax,2001,https://www.transfermarkt.com/steven-pienaar/profil/spieler/4321
5683,Frédéric Piquionne,https://fbref.com/en/players/62f579c5/Frederic-Piquionne,Success,Not found,8-Dec-78,Not found,188,"France fr  Other: Martinique , New Caledonia",FW,Not found,2001-2002,22 years,Rennes,2001,https://www.transfermarkt.com/frdric-piquionne/profil/spieler/5683
3185,Robert Pirès,https://fbref.com/en/players/59bfafcf/Robert-Pires,Success,Not found,29-Oct-73,Not found,185,France,FW-MF (AM-WM),Not found,1995-1996,21 years,Metz,1995,https://www.transfermarkt.com/robert-pirs/profil/spieler/3185
32217,Mike Pollitt,https://fbref.com/en/players/a31d9d81/Mike-Pollitt,Success,Not found,29-Feb-72,Not found,193,Not found,GK,Not found,2001-2002,29 years,Rotherham Utd,2001,https://www.transfermarkt.com/mike-pollitt/profil/spieler/32217
1443,Christian Poulsen,https://fbref.com/en/players/4b83b362/Christian-Poulsen,Success,Not found,28-Feb-80,Not found,182,Denmark,MF (DM),Not found,2002-2003,22 years,Schalke 04,2002,https://www.transfermarkt.com/christian-poulsen/profil/spieler/1443
3546,Danny Pugh,https://fbref.com/en/players/7f60e79c/Danny-Pugh,Success,Not found,19-Oct-82,Not found,183,Not found,"DF-MF (CM-FB, left)",Right,2002-2003,19 years,Manchester Utd,2002,https://www.transfermarkt.com/danny-pugh/profil/spieler/3546
47995,Jason Puncheon,https://fbref.com/en/players/fd3f57ce/Jason-Puncheon,Success,Not found,18-Jun-86,Not found,173,Not found,MF (AM-WM),Left,2003-2004,17 years,Wimbledon,2003,https://www.transfermarkt.com/jason-puncheon/profil/spieler/47995
4098,Paul Rachubka,https://fbref.com/en/players/f3229025/Paul-Rachubka,Success,Not found,21-May-81,Not found,185,England eng  Other: United States,GK,Right,2000-2001,19 years,Manchester Utd,2000,https://www.transfermarkt.com/paul-rachubka/profil/spieler/4098
357164,Rafael,https://fbref.com/en/players/1590d66a/Rafael-Clavero,Success,Not found,10-Jan-77,Not found,175,Not found,"DF (FB, left)",Not found,2000-2001,23 years,Numancia,2000,https://www.transfermarkt.com/rafael/profil/spieler/357164
54170,Ramires,https://fbref.com/en/players/6ca3ad8f/Bruno-Ramires,Success,Not found,"March 18, 1994 (Age: 31-252d)",Brazil,189,Not found,DF-MF,Right,2014,19 years,Cruzeiro,Not found,https://www.transfermarkt.com/ramires/profil/spieler/54170
50057,Aaron Ramsey,https://fbref.com/en/players/e1618c22/Aaron-Ramsey,Success,Not found,"January 21, 2003 (Age: 22-308d)","England, United Kingdom",178,England eng,MF,Not found,2019-2020,16 years,Aston Villa,2019,https://www.transfermarkt.com/aaron-ramsey/profil/spieler/50057
88750,Nile Ranger,https://fbref.com/en/players/161e95ac/Nile-Ranger,Success,Not found,"April 11, 1991 (Age: 34-228d)","Wood Green, England, United Kingdom",188,England eng,FW,Right,2009-2010,18 years,Newcastle Utd,2009,https://www.transfermarkt.com/nile-ranger/profil/spieler/88750
224090,Abdul Razak,https://fbref.com/en/players/354b46ef/Abdul-Razak-Dikeni,Success,Not found,13-Jan-04,Not found,Not found,Not found,DF,Not found,2020-2021,16 years,Holstein Kiel,2020,https://www.transfermarkt.com/abdul-razak/profil/spieler/224090
10008,Andy Reid,https://fbref.com/en/players/8c4c0cf8/Andy-Reid,Success,Not found,29-Jul-82,Not found,175,Republic of Ireland,MF,Not found,2001-2002,19 years,Nott'ham Forest,2001,https://www.transfermarkt.com/andy-reid/profil/spieler/10008
7330,Steven Reid,https://fbref.com/en/players/e26f852b/Steven-Reid,Success,Not found,10-Mar-81,Not found,185,Republic of Ireland ie  Other: England,"DF-MF (FB, right)",Right,2001-2002,20 years,Millwall,2001,https://www.transfermarkt.com/steven-reid/profil/spieler/7330
37526,Winston Reid,https://fbref.com/en/players/562eed5c/Winston-Reid,Success,Not found,3-Jul-88,Not found,190,New Zealand nz  Other: Denmark,DF (CB),Right,2005-2006,17 years,Midtjylland,2005,https://www.transfermarkt.com/winston-reid/profil/spieler/37526
7825,Pepe Reina,https://fbref.com/en/players/e358587b/Pepe-Reina,Success,Not found,31-Aug-82,Not found,188,Spain,GK,Right,2000-2001,17 years,Barcelona,2000,https://www.transfermarkt.com/pepe-reina/profil/spieler/7825
14060,Nigel Reo-Coker,https://fbref.com/en/players/110d0643/Nigel-Reo-Coker,Success,Not found,14-May-84,Not found,172,England eng,MF,Right,2001-2002,17 years,Wimbledon,2001,https://www.transfermarkt.com/nigel-reo-coker/profil/spieler/14060
32617,Micah Richards,https://fbref.com/en/players/ff87875a/Micah-Richards,Success,Not found,24-Jun-88,Not found,180,England eng,"DF (CB-FB, right)",Right,2005-2006,17 years,Manchester City,2005,https://www.transfermarkt.com/micah-richards/profil/spieler/32617
3548,Kieran Richardson,https://fbref.com/en/players/d2bf40b4/Kieran-Richardson,Success,Not found,21-Oct-84,Not found,175,England eng,"DF-MF (WM, left)",Left,2002-2003,17 years,Manchester Utd,2002,https://www.transfermarkt.com/kieran-richardson/profil/spieler/3548
30434,Sam Ricketts,https://fbref.com/en/players/3f8ef948/Sam-Ricketts,Success,Not found,11-Oct-81,Not found,185,Wales wls  Other: England,DF (CB-FB),Both,2002-2003,20 years,Oxford United,2002,https://www.transfermarkt.com/sam-ricketts/profil/spieler/30434
4070,Liam Ridgewell,https://fbref.com/en/players/7c9e057e/Liam-Ridgewell,Success,Not found,21-Jul-84,Not found,188,England eng,"DF (CB, left)",Left,2002-2003,18 years,Bournemouth,2002,https://www.transfermarkt.com/liam-ridgewell/profil/spieler/4070
37713,Cristian Riveros,https://fbref.com/en/players/56cc93db/Cristian-Riveros,Success,Not found,29-Aug-98,Not found,Not found,Not found,GK,Not found,2020,21 years,Nacional,Not found,https://www.transfermarkt.com/cristian-riveros/profil/spieler/37713
3666,Jason Roberts,https://fbref.com/en/players/62487637/Jason-Roberts,Success,Not found,25-Jan-78,Not found,185,Grenada gd  Other: England,FW,Not found,2001-2002,23 years,West Brom,2001,https://www.transfermarkt.com/jason-roberts/profil/spieler/3666
183299,Jack Robinson,https://fbref.com/en/players/7399c7a8/Jack-Robinson,Success,Not found,"September 1, 1993 (Age: 32-085d)","Warrington, England, United Kingdom",180,England eng,"DF (CB-FB, left)",Left,2009-2010,15 years,Liverpool,2009,https://www.transfermarkt.com/jack-robinson/profil/spieler/183299
3630,Paul Robinson,https://fbref.com/en/players/80cdbbe1/Paul-Robinson,Success,Not found,14-Dec-78,Not found,178,England eng,"DF (CB-FB, left)",Left,1999-2000,20 years,Watford,1999,https://www.transfermarkt.com/paul-robinson/profil/spieler/3630
67548,Rubén Rochina,https://fbref.com/en/players/ecd8c01e/Ruben-Rochina,Success,Not found,23-Mar-91,Not found,182,Spain,FW-MF,Left,2010-2011,19 years,Barcelona B,2010,https://www.transfermarkt.com/rubn-rochina/profil/spieler/67548
37934,Hugo Rodallega,https://fbref.com/en/players/9683d0b2/Hugo-Rodallega,Success,Not found,"July 25, 1985 (Age: 40-123d)","Candelaria, Colombia",180,Colombia,FW,Right,2005-2006,20 years,Monterrey,2005,https://www.transfermarkt.com/hugo-rodallega/profil/spieler/37934
357565,Rodrigo,https://fbref.com/en/players/ec2042ad/Rodrigo-Taddei,Success,Not found,6-Mar-80,Not found,177,Not found,DF-FW-MF (FB-WM),Not found,2002-2003,22 years,Siena,2002,https://www.transfermarkt.com/rodrigo/profil/spieler/357565
7895,Maxi Rodríguez,https://fbref.com/en/players/4f06b1e0/Maxi-Rodriguez,Success,Not found,2-Jan-81,Not found,180,Argentina,FW-MF (AM-WM),Not found,2002-2003,21 years,Espanyol,2002,https://www.transfermarkt.com/maxi-rodrguez/profil/spieler/7895
57079,Jack Rodwell,https://fbref.com/en/players/a07579ee/Jack-Rodwell,Success,Not found,11-Mar-91,Not found,188,England eng,DF-MF,Right,2007-2008,16 years,Everton,2007,https://www.transfermarkt.com/jack-rodwell/profil/spieler/57079
3332,Wayne Rooney,https://fbref.com/en/players/f07be45a/Wayne-Rooney,Success,Not found,24-Oct-85,Not found,176,England eng,FW-MF (AM),Right,2002-2003,16 years,Everton,2002,https://www.transfermarkt.com/wayne-rooney/profil/spieler/3332
50174,Danny Rose,https://fbref.com/en/players/d08e15e1/Danny-Rose,Success,Not found,"December 10, 1993 (Age: 31-350d)","Barnsley, England, United Kingdom",173,Not found,FW,Right,2010-2011,16 years,Barnsley,2010,https://www.transfermarkt.com/danny-rose/profil/spieler/50174
132,Tomáš Rosický,https://fbref.com/en/players/dbb688e3/Tomas-Rosicky,Success,Not found,4-Oct-80,Not found,180,Czech Republic,MF (AM-WM),Both,2000-2001,19 years,Dortmund,2000,https://www.transfermarkt.com/tom-rosick/profil/spieler/132
14066,Wayne Routledge,https://fbref.com/en/players/1d387eee/Wayne-Routledge,Success,Not found,7-Jan-85,Not found,169,England eng,FW-MF (WM),Right,2001-2002,16 years,Crystal Palace,2001,https://www.transfermarkt.com/wayne-routledge/profil/spieler/14066
26764,Bacary Sagna,https://fbref.com/en/players/6ef56efd/Bacary-Sagna,Success,Not found,14-Feb-83,Not found,176,France,"DF (FB, right)",Right,2004-2005,21 years,Auxerre,2004,https://www.transfermarkt.com/bacary-sagna/profil/spieler/26764
4015,Louis Saha,https://fbref.com/en/players/7106e4fe/Louis-Saha,Success,Not found,8-Aug-78,Not found,183,France,FW,Not found,1997-1998,18 years,Metz,1997,https://www.transfermarkt.com/louis-saha/profil/spieler/4015
31434,Carlos Salcido,https://fbref.com/en/players/190bc058/Carlos-Salcido,Success,Not found,2-Apr-80,Not found,176,Mexico,DF-MF (CB-FB),Not found,2003-2004,23 years,Guadalajara,2003,https://www.transfermarkt.com/carlos-salcido/profil/spieler/31434
7515,Míchel Salgado,https://fbref.com/en/players/68f36bc6/Michel-Salgado,Success,Not found,22-Oct-75,Not found,174,Spain,"DF (FB, right)",Not found,1994-1995,18 years,Celta Vigo,1994,https://www.transfermarkt.com/mchel-salgado/profil/spieler/7515
29016,Christopher Samba,https://fbref.com/en/players/e43cada1/Christopher-Samba,Success,Not found,28-Mar-84,Not found,195,Congo cg  Other: France,DF (CB),Right,2005-2006,21 years,Hertha BSC,2005,https://www.transfermarkt.com/christopher-samba/profil/spieler/29016
68331,Conor Sammon,https://fbref.com/en/players/70c3608c/Conor-Sammon,Success,Not found,"November 6, 1986 (Age: 39-019d)","Dublin, Republic of Ireland",188,Republic of Ireland,FW,Right,2008-2009,21 years,Kilmarnock,2008,https://www.transfermarkt.com/conor-sammon/profil/spieler/68331
315853,Sandro,https://fbref.com/en/players/833fb62e/Sandro-Ramirez,Success,Not found,"July 9, 1995 (Age: 30-139d)","Las Palmas de Gran Canaria, Spain",175,Spain,FW-MF,Right,2013-2014,18 years,Barcelona B,2013,https://www.transfermarkt.com/sandro/profil/spieler/315853
6934,Tuncay Şanlı,https://fbref.com/en/players/e7a2dc67/Tuncay-Sanli,Success,Not found,16-Jan-82,Not found,182,Turkey,FW-MF (AM),Not found,2002-2003,20 years,Fenerbahçe,2002,https://www.transfermarkt.com/tuncay-anl/profil/spieler/6934
215,Roque Santa Cruz,https://fbref.com/en/players/7f2107eb/Roque-Santa-Cruz,Success,Not found,"August 16, 1981 (Age: 44-101d)","Luque, Paraguay",191,Paraguay,FW,Right,1999-2000,17 years,Bayern Munich,1999,https://www.transfermarkt.com/roque-santa-cruz/profil/spieler/215
2953,Paul Scharner,https://fbref.com/en/players/d8bcce3d/Paul-Scharner,Success,Not found,11-Mar-80,Not found,191,Austria,DF-MF (CB-DM),Not found,2003-2004,23 years,Austria Wien,2003,https://www.transfermarkt.com/paul-scharner/profil/spieler/2953
3397,Paul Scholes,https://fbref.com/en/players/24a3a72c/Paul-Scholes,Success,Not found,16-Nov-74,Not found,171,England eng,MF (CM),Not found,1994-1995,19 years,Manchester Utd,1994,https://www.transfermarkt.com/paul-scholes/profil/spieler/3397
3357,Mark Schwarzer,https://fbref.com/en/players/da409c6f/Mark-Schwarzer,Success,Not found,6-Oct-72,Not found,194,Australia,GK,Right,1994-1995,21 years,Dresden,1994,https://www.transfermarkt.com/mark-schwarzer/profil/spieler/3357
70714,Freddie Sears,https://fbref.com/en/players/07059b2e/Freddie-Sears,Success,Not found,"November 27, 1989 (Age: 35-363d)","Hornchurch, England, United Kingdom",170,England eng,FW-MF,Right,2007-2008,17 years,West Ham,2007,https://www.transfermarkt.com/freddie-sears/profil/spieler/70714
4277,Philippe Senderos,https://fbref.com/en/players/b1d82fc2/Philippe-Senderos,Success,Not found,14-Feb-85,Not found,189,Switzerland,DF (CB),Right,2004-2005,19 years,Arsenal,2004,https://www.transfermarkt.com/philippe-senderos/profil/spieler/4277
37157,Stéphane Sessègnon,https://fbref.com/en/players/35c5f9b1/Stephane-Sessegnon,Success,Not found,1-Jun-84,Not found,168,Benin,FW-MF (AM-WM),Right,2006-2007,22 years,Le Mans,2006,https://www.transfermarkt.com/stphane-sessgnon/profil/spieler/37157
45861,Ryan Shawcross,https://fbref.com/en/players/285a3d44/Ryan-Shawcross,Success,Not found,4-Oct-87,Not found,191,England eng,"DF (CB, right)",Right,2007-2008,19 years,Stoke City,2007,https://www.transfermarkt.com/ryan-shawcross/profil/spieler/45861
71292,Jonjo Shelvey,https://fbref.com/en/players/3727dd3c/Jonjo-Shelvey,Success,Not found,27-Feb-92,Not found,183,England eng,MF (CM-DM),Right,2007-2008,15 years,Charlton Ath,2007,https://www.transfermarkt.com/jonjo-shelvey/profil/spieler/71292
13426,Nicky Shorey,https://fbref.com/en/players/9665e2ea/Nicky-Shorey,Success,Not found,19-Feb-81,Not found,175,England eng,"DF-MF (DM-FB, left)",Not found,2002-2003,21 years,Reading,2002,https://www.transfermarkt.com/nicky-shorey/profil/spieler/13426
92109,Ryan Shotton,https://fbref.com/en/players/09f82c6e/Ryan-Shotton,Success,Not found,30-Oct-88,Not found,191,Not found,"DF-FW-MF (CB-FB-WM, right)",Right,2007-2008,18 years,Altrincham,2007,https://www.transfermarkt.com/ryan-shotton/profil/spieler/92109
14069,Mamady Sidibé,https://fbref.com/en/players/c4fe1d3a/Mamady-Sidibe,Success,Not found,18-Dec-79,Not found,194,Mali,FW,Not found,2002-2003,22 years,Gillingham,2002,https://www.transfermarkt.com/mamady-sidib/profil/spieler/14069
13427,Steve Sidwell,https://fbref.com/en/players/ed083afd/Steve-Sidwell,Success,Not found,14-Dec-82,Not found,178,England eng,MF (CM),Right,2002-2003,19 years,Reading,2002,https://www.transfermarkt.com/steve-sidwell/profil/spieler/13427
35518,David Silva,https://fbref.com/en/players/9d7db7fc/David-da-Silva,Success,Not found,"November 12, 1989 (Age: 36-013d)","Guarulhos, Brazil",Not found,Not found,FW,Not found,2016,26 years,Zweigen,Not found,https://www.transfermarkt.com/david-silva/profil/spieler/35518
14244,Paulo da Silva,https://fbref.com/en/players/c31c5bb4/Edmilson-Paulo-da-Silva,Success,Not found,16-Apr-68,Not found,176,Not found,FW,Not found,1994-1995,26 years,Seraing,1994,https://www.transfermarkt.com/paulo-da-silva/profil/spieler/14244
37442,Danny Simpson,https://fbref.com/en/players/3201b03d/Danny-Simpson,Success,Not found,4-Jan-87,Not found,178,Not found,"DF (FB, right)",Right,2006-2007,19 years,Sunderland,2006,https://www.transfermarkt.com/danny-simpson/profil/spieler/37442
24180,Martin Škrtel,https://fbref.com/en/players/defb905a/Martin-Skrtel,Success,Not found,15-Dec-84,Not found,191,Slovakia,DF (CB),Right,2004,19 years,Zenit,Not found,https://www.transfermarkt.com/martin-krtel/profil/spieler/24180
103427,Chris Smalling,https://fbref.com/en/players/b6964eb6/Chris-Smalling,Success,Not found,"November 22, 1989 (Age: 36-003d)","Greenwich, England, United Kingdom",194,England eng,DF (CB),Right,2008-2009,18 years,Fulham,2008,https://www.transfermarkt.com/chris-smalling/profil/spieler/103427
101327,Alan Smith,https://fbref.com/en/players/fdac06ea/Alan-Smith,Success,Not found,28-Oct-80,Not found,178,England eng,FW-MF,Right,1998-1999,17 years,Leeds United,1998,https://www.transfermarkt.com/alan-smith/profil/spieler/101327
27394,Alexandre Song,https://fbref.com/en/players/1c32281d/Alexandre-Song,Success,Not found,9-Sep-87,Not found,185,Cameroon,DF-MF (AM-CB-DM),Both,2004-2005,16 years,Bastia,2004,https://www.transfermarkt.com/alexandre-song/profil/spieler/27394
44986,Keith Southern,https://fbref.com/en/players/8db518ba/Keith-Southern,Success,Not found,24-Apr-81,Not found,178,Not found,MF (DM),Not found,2002-2003,21 years,Blackpool,2002,https://www.transfermarkt.com/keith-southern/profil/spieler/44986
52111,Jay Spearing,https://fbref.com/en/players/f26579f5/Jay-Spearing,Success,Not found,"November 25, 1988 (Age: 37-000d)","Wallasey, England, United Kingdom",168,Not found,MF (CM-DM),Right,2009-2010,20 years,Leicester City,2009,https://www.transfermarkt.com/jay-spearing/profil/spieler/52111
24637,Jonathan Spector,https://fbref.com/en/players/3670bd5c/Jonathan-Spector,Success,Not found,1-Mar-86,Not found,182,United States,DF-MF (CB),Right,2004-2005,18 years,Manchester Utd,2004,https://www.transfermarkt.com/jonathan-spector/profil/spieler/24637
61588,Jordan Spence,https://fbref.com/en/players/f7780381/Jordan-Spence,Success,Not found,24-May-90,Not found,182,England eng,"DF (FB, right)",Right,2008-2009,18 years,Leyton Orient,2008,https://www.transfermarkt.com/jordan-spence/profil/spieler/61588
5293,Sébastien Squillaci,https://fbref.com/en/players/f7ec06db/Sebastien-Squillaci,Success,Not found,11-Aug-80,Not found,183,France,DF (CB),Right,2002-2003,21 years,Monaco,2002,https://www.transfermarkt.com/sbastien-squillaci/profil/spieler/5293
24877,Ronnie Stam,https://fbref.com/en/players/eb383c11/Ronnie-Stam,Success,Not found,18-Jun-84,Not found,175,Not found,"DF-MF (CB-FB, right)",Right,2002-2003,18 years,NAC Breda,2002,https://www.transfermarkt.com/ronnie-stam/profil/spieler/24877
87672,Junior Stanislas,https://fbref.com/en/players/6992791d/Junior-Stanislas,Success,Not found,26-Nov-89,Not found,183,England eng,"FW-MF (WM, left)",Right,2008-2009,18 years,Southend United,2008,https://www.transfermarkt.com/junior-stanislas/profil/spieler/87672
34349,Richard Stearman,https://fbref.com/en/players/9a3a436e/Richard-Stearman,Success,Not found,19-Aug-87,Not found,191,England eng,"DF (CB-FB, right)",Right,2004-2005,16 years,Leicester City,2004,https://www.transfermarkt.com/richard-stearman/profil/spieler/34349
30304,Grétar Steinsson,https://fbref.com/en/players/a79e86c4/Gretar-Steinsson,Success,Not found,9-Jan-82,Not found,189,Iceland,"DF (FB, right)",Not found,2004-2005,22 years,Young Boys,2004,https://www.transfermarkt.com/grtar-steinsson/profil/spieler/30304
67339,David Stockdale,https://fbref.com/en/players/dc168826/David-Stockdale,Success,Not found,20-Sep-85,Not found,191,Not found,GK,Right,2002-2003,16 years,York City,2002,https://www.transfermarkt.com/david-stockdale/profil/spieler/67339
47082,Daniel Sturridge,https://fbref.com/en/players/1b7ec703/Daniel-Sturridge,Success,Not found,1-Sep-89,Not found,188,England eng,FW-MF (WM),Left,2006-2007,16 years,Manchester City,2006,https://www.transfermarkt.com/daniel-sturridge/profil/spieler/47082
44352,Luis Suárez,https://fbref.com/en/players/eeba07f8/Luis-Javier-Suarez,Success,Not found,"December 2, 1997 (Age: 27-358d)","Colombia, Colombia",185,Colombia,FW,Right,2017-2018,19 years,Valladolid,2017,https://www.transfermarkt.com/luis-surez/profil/spieler/44352
43248,Ludovic Sylvestre,https://fbref.com/en/players/37103874/Ludovic-Sylvestre,Success,Not found,5-Feb-84,Not found,182,Not found,MF,Right,2005-2006,21 years,Barcelona,2005,https://www.transfermarkt.com/ludovic-sylvestre/profil/spieler/43248
44058,Wojciech Szczęsny,https://fbref.com/en/players/01b8a2b2/Wojciech-Szczesny,Success,Not found,"April 18, 1990 (Age: 35-221d)","Warsaw, Poland",195,Poland,GK,Right,2009-2010,19 years,Brentford,2009,https://www.transfermarkt.com/wojciech-szczsny/profil/spieler/44058
3473,Thomas Sørensen,https://fbref.com/en/players/31d82fec/Thomas-Sorensen,Success,Not found,12-Jun-76,Not found,193,Denmark,GK,Right,1999-2000,23 years,Sunderland,1999,https://www.transfermarkt.com/thomas-srensen/profil/spieler/3473
6893,Gabriel Tamaș,https://fbref.com/en/players/5d2c2f2b/Gabriel-Tamas,Success,Not found,9-Nov-83,Not found,188,Romania,DF (CB),Right,2003-2004,19 years,Galatasaray,2003,https://www.transfermarkt.com/gabriel-tama/profil/spieler/6893
9218,Matthew Taylor,https://fbref.com/en/players/3b2c9cac/Matthew-Taylor,Success,Not found,27-Nov-81,Not found,178,England eng,"DF-MF (AM-CM-FB-WM, left)",Left,2002-2003,20 years,Portsmouth,2002,https://www.transfermarkt.com/matthew-taylor/profil/spieler/9218
33785,Ryan Taylor,https://fbref.com/en/players/5c6dd7bc/Ryan-Taylor,Success,Not found,19-Aug-84,Not found,179,England eng,"DF-MF (DM-FB, right)",Right,2002-2003,17 years,Tranmere Rovers,2002,https://www.transfermarkt.com/ryan-taylor/profil/spieler/33785
17273,Steven Taylor,https://fbref.com/en/players/9f9ba8ca/Steven-Taylor,Success,Not found,23-Jan-86,Not found,188,England eng,DF (CB),Right,2003-2004,17 years,Wycombe,2003,https://www.transfermarkt.com/steven-taylor/profil/spieler/17273
49101,Gary Taylor-Fletcher,https://fbref.com/en/players/62c612b8/Gary-Taylor-Fletcher,Success,Not found,4-Jun-81,Not found,183,Not found,FW-MF,Right,2002-2003,21 years,Leyton Orient,2002,https://www.transfermarkt.com/gary-taylor-fletcher/profil/spieler/49101
37058,Somen Tchoyi,https://fbref.com/en/players/84f5fc82/Somen-Tchoyi,Success,Not found,29-Mar-83,Not found,190,Cameroon,MF (AM),Not found,2005,21 years,Odd,Not found,https://www.transfermarkt.com/somen-tchoyi/profil/spieler/37058
3160,John Terry,https://fbref.com/en/players/68517cfd/John-Terry,Success,Not found,7-Dec-80,Not found,187,England eng,DF (CB),Right,1998-1999,17 years,Chelsea,1998,https://www.transfermarkt.com/john-terry/profil/spieler/3160
4276,Carlos Tevez,https://fbref.com/en/players/c1a26d43/Carlos-Tevez,Success,Not found,5-Feb-84,Not found,173,Argentina,FW-MF,Both,2006-2007,22 years,West Ham,2006,https://www.transfermarkt.com/carlos-tevez/profil/spieler/4276
62275,Hendry Thomas,https://fbref.com/en/players/bf53ebe9/Hendry-Thomas,Success,Not found,23-Feb-85,Not found,180,Honduras,MF (DM),Not found,2009-2010,24 years,Wigan Athletic,2009,https://www.transfermarkt.com/hendry-thomas/profil/spieler/62275
3560,Jerome Thomas,https://fbref.com/en/players/94cf0dab/Jerome-Thomas,Success,Not found,23-Mar-83,Not found,178,England eng,"FW-MF (WM, left)",Left,2002-2003,19 years,QPR,2002,https://www.transfermarkt.com/jerome-thomas/profil/spieler/3560
128910,George Thorne,https://fbref.com/en/players/e1a933d2/George-Thorne,Success,Not found,4-Jan-93,Not found,188,England eng,MF,Right,2009-2010,16 years,West Brom,2009,https://www.transfermarkt.com/george-thorne/profil/spieler/128910
33478,Cheick Tioté,https://fbref.com/en/players/e1270968/Cheick-Tiote,Success,Not found,21-Jun-86,Not found,180,Côte d'Ivoire,MF (DM),Right,2005-2006,19 years,Anderlecht,2005,https://www.transfermarkt.com/cheick-tiot/profil/spieler/33478
61592,James Tomkins,https://fbref.com/en/players/e7ca0439/James-Tomkins,Success,Not found,29-Mar-89,Not found,190,England eng,"DF-MF (CB-DM, right)",Right,2007-2008,18 years,West Ham,2007,https://www.transfermarkt.com/james-tomkins/profil/spieler/61592
13544,Michael Tonge,https://fbref.com/en/players/046f30a8/Michael-Tonge,Success,Not found,7-Apr-83,Not found,183,England eng,MF,Left,2001-2002,18 years,Sheffield Utd,2001,https://www.transfermarkt.com/michael-tonge/profil/spieler/13544
7767,Fernando Torres,https://fbref.com/en/players/bdf7b97d/Fernando-Torres,Success,Not found,20-Mar-84,Not found,185,Spain,FW,Right,2001-2002,17 years,Atlético Madrid,2001,https://www.transfermarkt.com/fernando-torres/profil/spieler/7767
3202,Kolo Touré,https://fbref.com/en/players/3301c9f4/Kolo-Toure,Success,Not found,19-Mar-81,Not found,183,Côte d'Ivoire,DF (CB),Right,2002-2003,21 years,Arsenal,2002,https://www.transfermarkt.com/kolo-tour/profil/spieler/3202
13091,Yaya Touré,https://fbref.com/en/players/c204f844/Yaya-Toure,Success,Not found,13-May-83,Not found,191,Côte d'Ivoire,MF (CB-CM),Right,2003-2004,20 years,Beveren,2003,https://www.transfermarkt.com/yaya-tour/profil/spieler/13091
12127,Michael Turner,https://fbref.com/en/players/422a65eb/Michael-Turner,Success,Not found,9-Nov-83,Not found,193,Not found,DF (CB),Right,2002-2003,18 years,Leyton Orient,2002,https://www.transfermarkt.com/michael-turner/profil/spieler/12127
3273,Matt Upson,https://fbref.com/en/players/1a6e6d03/Matt-Upson,Success,Not found,18-Apr-79,Not found,185,England eng,DF (CB),Left,1997-1998,18 years,Arsenal,1997,https://www.transfermarkt.com/matt-upson/profil/spieler/3273
33544,Antonio Valencia,https://fbref.com/en/players/c56a24e4/Antonio-Valencia,Success,Not found,5-May-25,Not found,164,Bolivia,MF,Not found,1950,25 years,bo Bolivia,Not found,https://www.transfermarkt.com/antonio-valencia/profil/spieler/33544
4323,Jelle Van Damme,https://fbref.com/en/players/406eb232/Jelle-Van-Damme,Success,Not found,10-Oct-83,Not found,194,Belgium,"DF-MF (AM-CB-DM-FB-WM, left)",Left,2002-2003,18 years,Ajax,2002,https://www.transfermarkt.com/jelle-van-damme/profil/spieler/4323
14177,Luke Varney,https://fbref.com/en/players/1757d8ed/Luke-Varney,Success,Not found,28-Sep-82,Not found,180,Not found,FW-MF (WM),Right,2003-2004,20 years,Crewe Alexandra,2003,https://www.transfermarkt.com/luke-varney/profil/spieler/14177
14178,David Vaughan,https://fbref.com/en/players/b950cb68/David-Vaughan,Success,Not found,18-Feb-83,Not found,170,Wales wls,MF (CM-DM),Left,2001-2002,18 years,Crewe Alexandra,2001,https://www.transfermarkt.com/david-vaughan/profil/spieler/14178
30471,James Vaughan,https://fbref.com/en/players/4fb0dc59/James-Vaughan,Success,Not found,14-Jul-88,Not found,180,England eng,FW,Right,2004-2005,16 years,Everton,2004,https://www.transfermarkt.com/james-vaughan/profil/spieler/30471
35773,Carlos Vela,https://fbref.com/en/players/6c502207/Carlos-Alberto-Vela,Success,Not found,14-Mar-84,Not found,178,Not found,FW,Not found,2006-2007,22 years,Monterrey,2006,https://www.transfermarkt.com/carlos-vela/profil/spieler/35773
124495,Apostolos Vellios,https://fbref.com/en/players/44918bf5/Apostolos-Vellios,Success,Not found,8-Jan-92,Not found,191,Greece,FW,Right,2009-2010,17 years,Iraklis,2009,https://www.transfermarkt.com/apostolos-vellios/profil/spieler/124495
15904,Thomas Vermaelen,https://fbref.com/en/players/d0d79694/Thomas-Vermaelen,Success,Not found,14-Nov-85,Not found,183,Belgium,"DF (CB, left)",Left,2003-2004,17 years,Ajax,2003,https://www.transfermarkt.com/thomas-vermaelen/profil/spieler/15904
19726,Nemanja Vidić,https://fbref.com/en/players/4b30b37e/Nemanja-Vidic,Success,Not found,21-Oct-81,Not found,190,Serbia,DF (CB),Right,2004,22 years,Spartak Moscow,Not found,https://www.transfermarkt.com/nemanja-vidi/profil/spieler/19726
3183,Patrick Vieira,https://fbref.com/en/players/55a500df/Patrick-Vieira,Success,Not found,"January 11, 1992 (Age: 33-318d)","Rio de Janeiro, Brazil",181,Not found,MF (AM),Not found,2014,22 years,Palmeiras,Not found,https://www.transfermarkt.com/patrick-vieira/profil/spieler/3183
48078,Sam Vokes,https://fbref.com/en/players/1d6ac165/Sam-Vokes,Success,Not found,"October 21, 1989 (Age: 36-035d)","Southampton, England, United Kingdom",186,Wales wls  Other: England,FW,Right,2006-2007,16 years,Bournemouth,2006,https://www.transfermarkt.com/sam-vokes/profil/spieler/48078
121416,Reece Wabara,https://fbref.com/en/players/0c7d15af/Reece-Wabara,Success,Not found,28-Dec-91,Not found,182,England eng,DF,Right,2010-2011,18 years,Manchester City,2010,https://www.transfermarkt.com/reece-wabara/profil/spieler/121416
61674,Martyn Waghorn,https://fbref.com/en/players/8ebea784/Martyn-Waghorn,Success,Not found,"January 23, 1990 (Age: 35-306d)","South Shields, England, United Kingdom",176,England eng,FW-MF (AM),Left,2007-2008,17 years,Sunderland,2007,https://www.transfermarkt.com/martyn-waghorn/profil/spieler/61674
33713,Theo Walcott,https://fbref.com/en/players/1ecb65be/Theo-Walcott,Success,Not found,16-Mar-89,Not found,176,England eng,"FW-MF (AM-WM, right)",Right,2005-2006,16 years,Southampton,2005,https://www.transfermarkt.com/theo-walcott/profil/spieler/33713
95424,Kyle Walker,https://fbref.com/en/players/984a5a64/Kyle-Walker-Peters,Success,Not found,"April 13, 1997 (Age: 28-226d)","London, England, United Kingdom",173,England eng,DF-MF (FB),Right,2015-2016,18 years,Tottenham,2015,https://www.transfermarkt.com/kyle-walker/profil/spieler/95424
3306,Jonathan Walters,https://fbref.com/en/players/0356cf4f/Jonathan-Walters,Success,Not found,20-Sep-83,Not found,183,Republic of Ireland ie  Other: England,"FW-MF (WM, right)",Right,2002-2003,18 years,Bolton,2002,https://www.transfermarkt.com/jonathan-walters/profil/spieler/3306
34691,Stephen Ward,https://fbref.com/en/players/3831b9fe/Stephen-Ward,Success,Not found,20-Aug-85,Not found,185,Republic of Ireland,"DF-FW-MF (FB-WM, left)",Left,2006-2007,20 years,Wolves,2006,https://www.transfermarkt.com/stephen-ward/profil/spieler/34691
3308,Stephen Warnock,https://fbref.com/en/players/07869028/Stephen-Warnock,Success,Not found,12-Dec-81,Not found,180,England eng,"DF (FB, left)",Left,2002-2003,20 years,Bradford City,2002,https://www.transfermarkt.com/stephen-warnock/profil/spieler/3308
14081,Ben Watson,https://fbref.com/en/players/df540668/Ben-Watson,Success,Not found,9-Jul-85,Not found,178,England eng,MF (CM-DM),Both,2002-2003,17 years,Crystal Palace,2002,https://www.transfermarkt.com/ben-watson/profil/spieler/14081
49693,Andreas Weimann,https://fbref.com/en/players/5996ffd9/Andreas-Weimann,Success,Not found,"August 5, 1991 (Age: 34-112d)",Austria,188,Austria,FW-MF (AM-WM),Right,2010-2011,18 years,Aston Villa,2010,https://www.transfermarkt.com/andreas-weimann/profil/spieler/49693
67063,Danny Welbeck,https://fbref.com/en/players/ce5143da/Danny-Welbeck,Success,Not found,"November 26, 1990 (Age: 34-364d)","Manchester, England, United Kingdom",185,England eng,FW-MF (WM),Right,2008-2009,17 years,Manchester Utd,2008,https://www.transfermarkt.com/danny-welbeck/profil/spieler/67063
29199,David Wheater,https://fbref.com/en/players/2ad3ea29/David-Wheater,Success,Not found,14-Feb-87,Not found,196,England eng,"DF (CB-FB, right)",Right,2005-2006,18 years,Doncaster,2005,https://www.transfermarkt.com/david-wheater/profil/spieler/29199
12124,Glenn Whelan,https://fbref.com/en/players/d5bd56a5/Glenn-Whelan,Success,Not found,13-Jan-84,Not found,180,Republic of Ireland,MF (CM-DM),Right,2003-2004,19 years,Bury,2003,https://www.transfermarkt.com/glenn-whelan/profil/spieler/12124
13683,Dean Whitehead,https://fbref.com/en/players/a32204c9/Dean-Whitehead,Success,Not found,21-Jan-82,Not found,180,Not found,"DF-MF (CM-FB, right)",Right,2002-2003,20 years,Oxford United,2002,https://www.transfermarkt.com/dean-whitehead/profil/spieler/13683
13616,Andy Wilkinson,https://fbref.com/en/players/9aca56d3/Andy-Wilkinson,Success,Not found,6-Aug-84,Not found,180,Not found,"DF (FB, right)",Right,2003-2004,18 years,Stoke City,2003,https://www.transfermarkt.com/andy-wilkinson/profil/spieler/13616
10642,Mike Williamson,https://fbref.com/en/players/98fbb38d/Mike-Williamson,Success,Not found,8-Nov-83,Not found,193,Not found,DF (CB),Right,2003-2004,19 years,Torquay United,2003,https://www.transfermarkt.com/mike-williamson/profil/spieler/10642
74223,Jack Wilshere,https://fbref.com/en/players/9c318325/Jack-Wilshere,Success,Not found,1-Jan-92,Not found,172,England eng,MF,Left,2008-2009,16 years,Arsenal,2008,https://www.transfermarkt.com/jack-wilshere/profil/spieler/74223
103819,Danny Wilson,https://fbref.com/en/players/9cfe9254/Danny-Wilson,Success,Not found,"December 27, 1991 (Age: 33-333d)","Livingston, Scotland, United Kingdom",187,Scotland sct,DF (CB),Left,2009-2010,17 years,Rangers,2009,https://www.transfermarkt.com/danny-wilson/profil/spieler/103819
30456,Marc Wilson,https://fbref.com/en/players/c325c010/Marc-Wilson,Success,Not found,17-Aug-87,Not found,188,Republic of Ireland ie  Other: Northern Ireland,DF-MF,Right,2005-2006,17 years,Yeovil Town,2005,https://www.transfermarkt.com/marc-wilson/profil/spieler/30456
108725,Chris Wood,https://fbref.com/en/players/4e9a0555/Chris-Wood,Success,Not found,"December 7, 1991 (Age: 33-353d)","Auckland, New Zealand",191,New Zealand,FW,Right,2008-2009,16 years,West Brom,2008,https://www.transfermarkt.com/chris-wood/profil/spieler/108725
3467,Shaun Wright-Phillips,https://fbref.com/en/players/e1e0b05f/Shaun-Wright-Phillips,Success,Not found,25-Oct-81,Not found,166,England eng,"FW-MF (AM-WM, right)",Right,2000-2001,18 years,Manchester City,2000,https://www.transfermarkt.com/shaun-wright-phillips/profil/spieler/3467
15465,Xisco,https://fbref.com/en/players/d2790f7a/Xisco,Success,Not found,26-Jun-86,Not found,188,Spain,FW,Right,2004-2005,18 years,La Coruña,2004,https://www.transfermarkt.com/xisco/profil/spieler/15465
14086,Ashley Young,https://fbref.com/en/players/be927d03/Ashley-Young,Success,Not found,"July 9, 1985 (Age: 40-139d)","Stevenage, England, United Kingdom",175,England eng,"DF-FW-MF (FB-WM, left)",Right,2003-2004,18 years,Watford,2003,https://www.transfermarkt.com/ashley-young/profil/spieler/14086
3271,Luke Young,https://fbref.com/en/players/409a29d7/Luke-Young,Success,Not found,19-Jul-79,Not found,180,England eng,"DF (FB, right)",Not found,1998-1999,19 years,Tottenham,1998,https://www.transfermarkt.com/luke-young/profil/spieler/3271
20007,Pablo Zabaleta,https://fbref.com/en/players/6813ac34/Pablo-Zabaleta,Success,Not found,16-Jan-85,Not found,176,Argentina,"DF-MF (FB, right)",Right,2005-2006,20 years,Espanyol,2005,https://www.transfermarkt.com/pablo-zabaleta/profil/spieler/20007
4205,Bobby Zamora,https://fbref.com/en/players/7ddb3563/Bobby-Zamora,Success,Not found,16-Jan-81,Not found,185,England eng,FW,Both,2002-2003,21 years,Brighton,2002,https://www.transfermarkt.com/bobby-zamora/profil/spieler/4205
3173,Boudewijn Zenden,https://fbref.com/en/players/4e27a622/Boudewijn-Zenden,Success,Not found,15-Aug-76,Not found,174,Netherlands,"DF-FW-MF (AM-FB-WM, left)",Not found,1998-1999,21 years,Barcelona,1998,https://www.transfermarkt.com/boudewijn-zenden/profil/spieler/3173
16760,Yuri Zhirkov,https://fbref.com/en/players/ed2b33cb/Yuri-Zhirkov,Success,Not found,20-Aug-83,Not found,180,Russia,"DF-MF (FB-WM, left)",Left,2004,20 years,CSKA Moscow,Not found,https://www.transfermarkt.com/yuri-zhirkov/profil/spieler/16760
19729,Nikola Žigić,https://fbref.com/en/players/aad584e0/Nikola-Zigic,Success,Not found,25-Sep-80,Not found,202,Serbia,FW,Right,2006-2007,25 years,Racing Sant,2006,https://www.transfermarkt.com/nikola-igi/profil/spieler/19729
22645,Ronald Zubar,https://fbref.com/en/players/57935ba0/Ronald-Zubar,Success,Not found,20-Sep-85,Not found,186,France fr  Other: Guadeloupe,DF,Right,2004-2005,18 years,Caen,2004,https://www.transfermarkt.com/ronald-zubar/profil/spieler/22645
27304,Gianni Zuiverloon,https://fbref.com/en/players/22d7fe43/Gianni-Zuiverloon,Success,Not found,30-Dec-86,Not found,179,Netherlands,DF (CB-FB),Right,2004-2005,17 years,Feyenoord,2004,https://www.transfermarkt.com/gianni-zuiverloon/profil/spieler/27304
52119,Patrick van Aanholt,https://fbref.com/en/players/5f09991f/Patrick-van-Aanholt,Success,Not found,"August 29, 1990 (Age: 35-088d)","Gemeente 's-Hertogenbosch, Netherlands",175,Netherlands,"DF (FB, left)",Left,2009-2010,18 years,Coventry City,2009,https://www.transfermarkt.com/patrick-van-aanholt/profil/spieler/52119
26399,Sergio Agüero,https://fbref.com/en/players/4d034881/Sergio-Aguero,Success,Not found,2-Jun-88,Not found,172,Argentina,FW,Right,2006-2007,18 years,Atlético Madrid,2006,https://www.transfermarkt.com/sergio-agero/profil/spieler/26399
24862,Kemy Agustien,https://fbref.com/en/players/027a5151/Kemy-Agustien,Success,Not found,20-Aug-86,Not found,178,Curaçao cw  Other: Netherlands,DF-MF (CB-CM),Right,2004-2005,17 years,Willem II,2004,https://www.transfermarkt.com/kemy-agustien/profil/spieler/24862
1089574,Patrick Agyemang,https://fbref.com/en/players/80f1245c/Patrick-Agyemang,Success,Not found,29-Sep-80,Not found,185,Ghana gh  Other: England,FW,Not found,2001-2002,20 years,Wimbledon,2001,https://www.transfermarkt.com/patrick-agyemang/profil/spieler/1089574
51452,Joe Allen,https://fbref.com/en/players/9feb8f24/Joe-Allen,Success,Not found,"March 14, 1990 (Age: 35-256d)","Carmarthen, Wales, United Kingdom",168,Wales wls,MF (CM-DM-WM),Right,2006-2007,16 years,Swansea City,2006,https://www.transfermarkt.com/joe-allen/profil/spieler/51452
73472,Ben Amos,https://fbref.com/en/players/f6799cd2/Ben-Amos,Success,Not found,"April 10, 1990 (Age: 35-229d)","Macclesfield, England, United Kingdom",185,England eng,GK,Right,2009-2010,19 years,P'borough Utd,2009,https://www.transfermarkt.com/ben-amos/profil/spieler/73472
159570,Bruno Andrade,https://fbref.com/en/players/6e87c80f/Bruno-Andrade,Success,Not found,"October 2, 1993 (Age: 32-054d)","Viseu, Portugal",175,Not found,FW-MF (WM),Right,2010-2011,16 years,QPR,2010,https://www.transfermarkt.com/bruno-andrade/profil/spieler/159570
3220,John Arne Riise,https://fbref.com/en/players/9bf988c2/John-Arne-Riise,Success,Not found,24-Sep-80,Not found,185,Norway,"DF-MF (FB-WM, left)",Not found,1998-1999,17 years,Monaco,1998,https://www.transfermarkt.com/john-arne-riise/profil/spieler/3220
78966,Daniel Ayala,https://fbref.com/en/players/302560a0/Daniel-Ayala,Success,Not found,7-Nov-90,Not found,190,Spain,DF (CB),Right,2009-2010,18 years,Liverpool,2009,https://www.transfermarkt.com/daniel-ayala/profil/spieler/78966
131978,Ross Barkley,https://fbref.com/en/players/3a24769f/Ross-Barkley,Success,Not found,"December 5, 1993 (Age: 31-355d)","Liverpool, England, United Kingdom",189,England eng,MF (AM-CM),Right,2011-2012,17 years,Everton,2011,https://www.transfermarkt.com/ross-barkley/profil/spieler/131978
33484,Leon Barnett,https://fbref.com/en/players/76854cdf/Leon-Barnett,Success,Not found,30-Nov-85,Not found,185,Not found,DF (CB-FB),Right,2005-2006,19 years,Luton Town,2005,https://www.transfermarkt.com/leon-barnett/profil/spieler/33484
3297,Craig Bellamy,https://fbref.com/en/players/b9eae55b/Craig-Bellamy,Success,Not found,13-Jul-79,Not found,175,Wales wls,FW,Not found,2000-2001,21 years,Coventry City,2000,https://www.transfermarkt.com/craig-bellamy/profil/spieler/3297
43193,Elliott Bennett,https://fbref.com/en/players/02c9ea40/Elliott-Bennett,Success,Not found,18-Dec-88,Not found,175,Not found,"DF-MF (AM-FB-WM, right)",Right,2007-2008,18 years,Crewe Alexandra,2007,https://www.transfermarkt.com/elliott-bennett/profil/spieler/43193
67252,Ryan Bennett,https://fbref.com/en/players/0bad4516/Ryan-Bennett,Success,Not found,6-Mar-90,Not found,188,England eng,DF (CB),Right,2006-2007,16 years,Grimsby Town,2006,https://www.transfermarkt.com/ryan-bennett/profil/spieler/67252
57973,Federico Bessone,https://fbref.com/en/players/7570ed49/Federico-Bessone,Success,Not found,23-Jan-84,Not found,178,Not found,"DF (FB, left)",Left,2007-2008,23 years,Gimnàstic,2007,https://www.transfermarkt.com/federico-bessone/profil/spieler/57973
67369,Nick Blackman,https://fbref.com/en/players/d4e7c451/Nick-Blackman,Success,Not found,11-Nov-89,Not found,188,Not found,FW-MF,Right,2006-2007,16 years,Macclesfield,2006,https://www.transfermarkt.com/nick-blackman/profil/spieler/67369
8188,Jay Bothroyd,https://fbref.com/en/players/8cdc5afd/Jay-Bothroyd,Success,Not found,7-May-82,Not found,190,England eng,FW,Not found,2000-2001,18 years,Coventry City,2000,https://www.transfermarkt.com/jay-bothroyd/profil/spieler/8188
40043,Leon Britton,https://fbref.com/en/players/b92dd711/Leon-Britton,Success,Not found,16-Sep-82,Not found,165,England eng,MF,Right,2002-2003,19 years,Swansea City,2002,https://www.transfermarkt.com/leon-britton/profil/spieler/40043
13878,Ákos Buzsáky,https://fbref.com/en/players/3fe9ae90/Akos-Buzsaky,Success,Not found,7-May-82,Not found,180,Hungary,MF (AM),Not found,2002-2003,20 years,Porto,2002,https://www.transfermarkt.com/kos-buzsky/profil/spieler/13878
29434,Yohan Cabaye,https://fbref.com/en/players/ad7b19ef/Yohan-Cabaye,Success,Not found,14-Jan-86,Not found,175,France,MF (CM),Right,2004-2005,18 years,Lille,2004,https://www.transfermarkt.com/yohan-cabaye/profil/spieler/29434
146488,Samir Carruthers,https://fbref.com/en/players/5a853458/Samir-Carruthers,Success,Not found,4-Apr-93,Not found,173,Republic of Ireland ie  Other: England,MF (WM),Left,2011-2012,18 years,Aston Villa,2011,https://www.transfermarkt.com/samir-carruthers/profil/spieler/146488
121280,Steven Caulker,https://fbref.com/en/players/2592d9b5/Steven-Caulker,Success,Not found,"December 29, 1991 (Age: 33-331d)","Feltham, England, United Kingdom",191,Sierra Leone sl  Other: England,DF (CB),Right,2009-2010,17 years,Yeovil Town,2009,https://www.transfermarkt.com/steven-caulker/profil/spieler/121280
21010,Radek Černý,https://fbref.com/en/players/190c0bb8/Radek-Cerny,Success,Not found,18-Feb-74,Not found,187,Czech Republic,GK,Not found,2004-2005,30 years,Tottenham,2004,https://www.transfermarkt.com/radek-ern/profil/spieler/21010
30982,Park Chu-young,https://fbref.com/en/players/d9fa272a/Park-Chu-young,Success,Not found,10-Jul-85,Not found,182,Korea Republic,FW-MF (AM),Right,2008-2009,23 years,Monaco,2008,https://www.transfermarkt.com/park-chu-young/profil/spieler/30982
3966,Djibril Cissé,https://fbref.com/en/players/7e6917be/Djibril-Cisse,Success,Not found,12-Aug-81,Not found,182,France,FW,Right,1998-1999,16 years,Auxerre,1998,https://www.transfermarkt.com/djibril-ciss/profil/spieler/3966
33952,Papiss Cissé,https://fbref.com/en/players/40f3ff51/Papiss-Cisse,Success,Not found,3-Jun-85,Not found,183,Senegal,FW,Right,2005-2006,20 years,Metz,2005,https://www.transfermarkt.com/papiss-ciss/profil/spieler/33952
102427,Sebastián Coates,https://fbref.com/en/players/1fbbfbde/Sebastian-Coates,Success,Not found,"October 7, 1990 (Age: 35-049d)","Montevideo, Uruguay",196,Uruguay,DF (CB),Right,2011-2012,20 years,Liverpool,2011,https://www.transfermarkt.com/sebastin-coates/profil/spieler/102427
34559,Matthew Connolly,https://fbref.com/en/players/2797fc1d/Matthew-Connolly,Success,Not found,24-Sep-87,Not found,189,Not found,DF (CB),Right,2006-2007,18 years,Bournemouth,2006,https://www.transfermarkt.com/matthew-connolly/profil/spieler/34559
74869,Francis Coquelin,https://fbref.com/en/players/a6951bf8/Francis-Coquelin,Success,Not found,"May 13, 1991 (Age: 34-196d)","Laval, France",178,France,DF-MF (CM-DM-FB),Right,2010-2011,19 years,Lorient,2010,https://www.transfermarkt.com/francis-coquelin/profil/spieler/74869
14003,Andrew Crofts,https://fbref.com/en/players/5ba16a76/Andrew-Crofts,Success,Not found,29-May-84,Not found,175,Wales wls  Other: England,MF,Right,2003-2004,19 years,Gillingham,2003,https://www.transfermarkt.com/andrew-crofts/profil/spieler/14003
51536,Albert Crusat,https://fbref.com/en/players/ba027002/Albert-Crusat,Success,Not found,13-May-82,Not found,165,Spain,"FW-MF (AM-WM, left)",Not found,2002-2003,20 years,Espanyol,2002,https://www.transfermarkt.com/albert-crusat/profil/spieler/51536
129054,David Davis,https://fbref.com/en/players/d992542e/David-Davis,Success,Not found,20-Feb-91,Not found,173,Not found,MF (CM),Right,2009-2010,18 years,Darlington,2009,https://www.transfermarkt.com/david-davis/profil/spieler/129054
121477,Craig Dawson,https://fbref.com/en/players/3e9e06cb/Craig-Dawson,Success,Not found,6-May-90,Not found,188,England eng,DF (CB-FB),Right,2009-2010,19 years,Rochdale,2009,https://www.transfermarkt.com/craig-dawson/profil/spieler/121477
55687,Ritchie De Laet,https://fbref.com/en/players/dc234f98/Ritchie-De-Laet,Success,Not found,28-Nov-88,Not found,186,Belgium,DF (CB-FB),Right,2008-2009,19 years,Wrexham,2008,https://www.transfermarkt.com/ritchie-de-laet/profil/spieler/55687
14007,Shaun Derry,https://fbref.com/en/players/e3606bf2/Shaun-Derry,Success,Not found,6-Dec-77,Not found,183,Not found,MF,Not found,2001-2002,23 years,Portsmouth,2001,https://www.transfermarkt.com/shaun-derry/profil/spieler/14007
136589,Samba Diakité,https://fbref.com/en/players/6bc6f173/Samba-Diakite,Success,Not found,24-Jan-89,Not found,186,Mali ml  Other: France,MF (DM),Right,2009-2010,20 years,Nancy,2009,https://www.transfermarkt.com/samba-diakit/profil/spieler/136589
5352,Mahamadou Diarra,https://fbref.com/en/players/4a6c3ade/Mahamadou-Diarra,Success,Not found,18-May-81,Not found,183,Mali,MF (CM-DM),Not found,2000-2001,19 years,Vitesse,2000,https://www.transfermarkt.com/mahamadou-diarra/profil/spieler/5352
12693,Stephen Dobbie,https://fbref.com/en/players/2d67e9c7/Stephen-Dobbie,Success,Not found,5-Dec-82,Not found,178,Not found,FW,Right,2003-2004,20 years,Hibernian,2003,https://www.transfermarkt.com/stephen-dobbie/profil/spieler/12693
171679,Matt Doherty,https://fbref.com/en/players/d557d734/Matt-Doherty,Success,Not found,"January 16, 1992 (Age: 33-313d)","Dublin, Republic of Ireland",182,Republic of Ireland,"DF-MF (DM-FB-WM, right)",Right,2011-2012,19 years,Hibernian,2011,https://www.transfermarkt.com/matt-doherty/profil/spieler/171679
164265,Ji Dong-won,https://fbref.com/en/players/7d841904/Ji-Dong-won,Success,Not found,"May 28, 1991 (Age: 34-181d)","Jeju-si, Korea Republic",189,Korea Republic,FW-MF,Right,2011-2012,20 years,Sunderland,2011,https://www.transfermarkt.com/ji-dong-won/profil/spieler/164265
102584,Doni,https://fbref.com/en/players/4b6a7e60/Cristiano-Doni,Success,Not found,1-Apr-73,Not found,186,Italy,MF (AM),Not found,1997-1998,24 years,Brescia,1997,https://www.transfermarkt.com/doni/profil/spieler/102584
68,Landon Donovan,https://fbref.com/en/players/594d4046/Landon-Donovan,Success,Not found,4-Mar-82,Not found,173,United States,FW-MF (AM-WM),Both,2001,18 years,SJ Earthquakes,Not found,https://www.transfermarkt.com/landon-donovan/profil/spieler/68
35631,Royston Drenthe,https://fbref.com/en/players/3d512ff2/Royston-Drenthe,Success,Not found,8-Apr-87,Not found,168,Netherlands,"DF-MF (DM-FB-WM, left)",Left,2005-2006,18 years,Feyenoord,2005,https://www.transfermarkt.com/royston-drenthe/profil/spieler/35631
11663,Adam Drury,https://fbref.com/en/players/cc8f5f70/Adam-Drury,Success,Not found,29-Aug-78,Not found,180,Not found,DF,Not found,2001-2002,22 years,Norwich City,2001,https://www.transfermarkt.com/adam-drury/profil/spieler/11663
119269,Shane Duffy,https://fbref.com/en/players/7314bba4/Shane-Duffy,Success,Not found,"January 1, 1992 (Age: 33-328d)","Derry, Northern Ireland, United Kingdom",193,Republic of Ireland ie  Other: Northern Ireland,"DF-MF (CB, right)",Right,2010-2011,18 years,Burnley,2010,https://www.transfermarkt.com/shane-duffy/profil/spieler/119269
37011,Nathan Dyer,https://fbref.com/en/players/6dfd5af0/Nathan-Dyer,Success,Not found,29-Nov-87,Not found,165,Not found,"FW-MF (WM, right)",Right,2005-2006,17 years,Burnley,2005,https://www.transfermarkt.com/nathan-dyer/profil/spieler/37011
24635,Chris Eagles,https://fbref.com/en/players/92aadee9/Chris-Eagles,Success,Not found,19-Nov-85,Not found,178,Not found,"MF (WM, right)",Right,2004-2005,18 years,Watford,2004,https://www.transfermarkt.com/chris-eagles/profil/spieler/24635
31883,Hogan Ephraim,https://fbref.com/en/players/668b380c/Hogan-Ephraim,Success,Not found,31-Mar-88,Not found,175,England eng,FW-MF (WM),Not found,2006-2007,18 years,Colchester Utd,2006,https://www.transfermarkt.com/hogan-ephraim/profil/spieler/31883
88067,Alejandro Faurlín,https://fbref.com/en/players/594d286e/Alejandro-Faurlin,Success,Not found,9-Aug-86,Not found,185,Argentina,MF,Left,2009-2010,22 years,QPR,2009,https://www.transfermarkt.com/alejandro-faurln/profil/spieler/88067
146494,Anthony Forde,https://fbref.com/en/players/2d139834/Anthony-Forde,Success,Not found,"November 16, 1993 (Age: 32-009d)","Ballingarry, Republic of Ireland",175,Republic of Ireland,DF-FW-MF (FB-WM),Right,2011-2012,17 years,Wolves,2011,https://www.transfermarkt.com/anthony-forde/profil/spieler/146494
55870,Mauro Formica,https://fbref.com/en/players/fd554256/Mauro-Formica,Success,Not found,4-Apr-88,Not found,176,Argentina,MF (AM),Right,2011-2012,23 years,Blackburn,2011,https://www.transfermarkt.com/mauro-formica/profil/spieler/55870
4219,David Fox,https://fbref.com/en/players/102a7473/David-Fox,Success,Not found,13-Dec-83,Not found,180,England eng,MF,Right,2004-2005,20 years,Shrewsbury,2004,https://www.transfermarkt.com/david-fox/profil/spieler/4219
146844,Kerim Frei,https://fbref.com/en/players/729e3e14/Kerim-Frei,Success,Not found,"November 19, 1993 (Age: 32-006d)","Feldkirch, Austria",171,"Turkey tr  Other: Austria , Switzerland",FW-MF (AM-WM),Right,2011-2012,17 years,Fulham,2011,https://www.transfermarkt.com/kerim-frei/profil/spieler/146844
93056,Emmanuel Frimpong,https://fbref.com/en/players/7a2b16ff/Emmanuel-Frimpong,Success,Not found,17-Nov-05,Not found,Not found,Not found,FW,Not found,2022-2023,16 years,Leverkusen,2022,https://www.transfermarkt.com/emmanuel-frimpong/profil/spieler/93056
141655,Zeki Fryers,https://fbref.com/en/players/f58d6213/Zeki-Fryers,Success,Not found,9-Sep-92,Not found,183,Not found,DF (CB),Left,2011-2012,18 years,Manchester Utd,2011,https://www.transfermarkt.com/zeki-fryers/profil/spieler/141655
17879,Márton Fülöp,https://fbref.com/en/players/3267fa3b/Marton-Fulop,Success,Not found,3-May-83,Not found,198,Hungary,GK,Not found,2004-2005,21 years,Chesterfield,2004,https://www.transfermarkt.com/mrton-flp/profil/spieler/17879
110861,Gary Gardner,https://fbref.com/en/players/d9d58641/Gary-Gardner,Success,Not found,29-Jun-92,Not found,188,England eng,MF (CM),Right,2011-2012,19 years,Coventry City,2011,https://www.transfermarkt.com/gary-gardner/profil/spieler/110861
59377,David de Gea,https://fbref.com/en/players/7ba6d84e/David-de-Gea,Success,Not found,"November 7, 1990 (Age: 35-018d)","Madrid, Spain",192,Spain,GK,Right,2009-2010,18 years,Atlético Madrid,2009,https://www.transfermarkt.com/david-de-gea/profil/spieler/59377
34534,Marcel Gecov,https://fbref.com/en/players/b93f1d15/Marcel-Gecov,Success,Not found,1-Jan-88,Not found,182,Czech Republic,MF (DM),Right,2009-2010,21 years,Slovan Liberec,2009,https://www.transfermarkt.com/marcel-gecov/profil/spieler/34534
33481,Gervinho,https://fbref.com/en/players/e468c053/Gervinho,Success,Not found,27-May-87,Not found,179,Côte d'Ivoire,FW-MF (AM),Right,2005-2006,18 years,Beveren,2005,https://www.transfermarkt.com/gervinho/profil/spieler/33481
3146,Shay Given,https://fbref.com/en/players/0db918ff/Shay-Given,Success,Not found,20-Apr-76,Not found,185,Republic of Ireland,GK,Right,1996-1997,20 years,Blackburn,1996,https://www.transfermarkt.com/shay-given/profil/spieler/3146
37677,David Goodwillie,https://fbref.com/en/players/079413e5/David-Goodwillie,Success,Not found,28-Mar-89,Not found,175,Scotland sct,FW,Right,2005-2006,16 years,Dundee United,2005,https://www.transfermarkt.com/david-goodwillie/profil/spieler/37677
145488,Johnny Gorman,https://fbref.com/en/players/0dcc8a9f/Johnny-Gorman,Success,Not found,26-Oct-92,Not found,175,Northern Ireland nir  Other: England,MF (WM),Not found,2011-2012,18 years,Wolves,2011,https://www.transfermarkt.com/johnny-gorman/profil/spieler/145488
39700,Mark Gower,https://fbref.com/en/players/84e341f9/Mark-Gower,Success,Not found,5-Oct-78,Not found,180,Not found,MF,Not found,2003-2004,24 years,Southend United,2003,https://www.transfermarkt.com/mark-gower/profil/spieler/39700
29152,Danny Graham,https://fbref.com/en/players/7d7bdee6/Danny-Graham,Success,Not found,12-Aug-85,Not found,185,England eng,FW,Right,2003-2004,17 years,Darlington,2003,https://www.transfermarkt.com/danny-graham/profil/spieler/29152
6833,Zdeněk Grygera,https://fbref.com/en/players/a00c9b66/Zdenek-Grygera,Success,Not found,14-May-80,Not found,185,Czech Republic,"DF (CB-FB, right)",Not found,2003-2004,23 years,Ajax,2003,https://www.transfermarkt.com/zdenk-grygera/profil/spieler/6833
39471,Brad Guzan,https://fbref.com/en/players/d899e3bf/Brad-Guzan,Success,Not found,"September 9, 1984 (Age: 41-077d)","Evergreen Park, Illinois, United States",193,United States,GK,Left,2005,20 years,Chivas USA,Not found,https://www.transfermarkt.com/brad-guzan/profil/spieler/39471
6580,Fitz Hall,https://fbref.com/en/players/f799f31c/Fitz-Hall,Success,Not found,20-Dec-80,Not found,193,Not found,DF-FW (FB),Not found,2002-2003,21 years,Oldham Athletic,2002,https://www.transfermarkt.com/fitz-hall/profil/spieler/6580
155233,Michael Harriman,https://fbref.com/en/players/4c3e2fd0/Michael-Harriman,Success,Not found,23-Oct-92,Not found,168,Republic of Ireland ie  Other: England,DF-MF,Right,2011-2012,18 years,QPR,2011,https://www.transfermarkt.com/michael-harriman/profil/spieler/155233
9886,Heiðar Helguson,https://fbref.com/en/players/5491eca5/Heidar-Helguson,Success,Not found,22-Aug-77,Not found,177,Iceland,FW,Not found,1999-2000,21 years,Watford,1999,https://www.transfermarkt.com/heiar-helguson/profil/spieler/9886
173585,Adam Henley,https://fbref.com/en/players/f50cf139/Adam-Henley,Success,Not found,14-Jun-94,Not found,178,Wales wls  Other: United States,DF,Right,2011-2012,17 years,Blackburn,2011,https://www.transfermarkt.com/adam-henley/profil/spieler/173585
3207,Thierry Henry,https://fbref.com/en/players/c0c5ee74/Thierry-Henry,Success,Not found,17-Aug-77,Not found,188,France,FW,Not found,1995-1996,17 years,Monaco,1995,https://www.transfermarkt.com/thierry-henry/profil/spieler/3207
13886,Henrique Hilário,https://fbref.com/en/players/0fbcbed1/Henrique-Hilario,Success,Not found,21-Oct-75,Not found,189,Portugal,GK,Right,2001-2002,25 years,Varzim,2001,https://www.transfermarkt.com/henrique-hilrio/profil/spieler/13886
13583,Clint Hill,https://fbref.com/en/players/c0936ded/Clint-Hill,Success,Not found,19-Oct-78,Not found,183,Not found,DF (CB),Left,2002-2003,23 years,Oldham Athletic,2002,https://www.transfermarkt.com/clint-hill/profil/spieler/13583
13412,Grant Holt,https://fbref.com/en/players/1b64c1b2/Grant-Holt,Success,Not found,12-Apr-81,Not found,183,Not found,FW,Both,2002-2003,21 years,Sheffield Weds,2002,https://www.transfermarkt.com/grant-holt/profil/spieler/13412
24589,Wes Hoolahan,https://fbref.com/en/players/5236a502/Wes-Hoolahan,Success,Not found,20-May-82,Not found,168,Republic of Ireland,MF (AM),Left,2005-2006,23 years,Livingston,2005,https://www.transfermarkt.com/wes-hoolahan/profil/spieler/24589
45395,Jonny Howson,https://fbref.com/en/players/08b10f50/Jonny-Howson,Success,Not found,"May 21, 1988 (Age: 37-188d)","Morley, England, United Kingdom",180,England eng,DF-MF (AM-CM-DM),Right,2006-2007,18 years,Leeds United,2006,https://www.transfermarkt.com/jonny-howson/profil/spieler/45395
9980,Robert Hulse,https://fbref.com/en/players/edaf9ca0/Robert-Hulse,Success,Not found,25-Oct-79,Not found,185,Not found,FW,Not found,2001-2002,21 years,Crewe Alexandra,2001,https://www.transfermarkt.com/robert-hulse/profil/spieler/9980
40617,Sam Hutchinson,https://fbref.com/en/players/800a3404/Sam-Hutchinson,Success,Not found,"August 3, 1989 (Age: 36-114d)","Slough, England, United Kingdom",182,England eng,DF-MF (CB-CM-DM-FB),Right,2006-2007,16 years,Chelsea,2006,https://www.transfermarkt.com/sam-hutchinson/profil/spieler/40617
26412,Carl Ikeme,https://fbref.com/en/players/8646429b/Carl-Ikeme,Success,Not found,8-Jun-86,Not found,188,Nigeria ng  Other: England,GK,Right,2005-2006,19 years,Stockport,2005,https://www.transfermarkt.com/carl-ikeme/profil/spieler/26412
44913,Simeon Jackson,https://fbref.com/en/players/8f8bbbac/Simeon-Jackson,Success,Not found,28-Mar-87,Not found,175,Canada ca  Other: Jamaica,FW,Right,2004-2005,17 years,R&D,2004,https://www.transfermarkt.com/simeon-jackson/profil/spieler/44913
25742,Nikica Jelavić,https://fbref.com/en/players/1a29f38c/Nikica-Jelavic,Success,Not found,27-Aug-85,Not found,188,Croatia,FW,Both,2007-2008,21 years,Zulte Waregem,2007,https://www.transfermarkt.com/nikica-jelavi/profil/spieler/25742
126321,Carl Jenkinson,https://fbref.com/en/players/874125a3/Carl-Jenkinson,Success,Not found,"February 8, 1992 (Age: 33-290d)","Harlow, England, United Kingdom",187,England eng,"DF (FB, right)",Right,2010-2011,18 years,Charlton Ath,2010,https://www.transfermarkt.com/carl-jenkinson/profil/spieler/126321
49327,Bradley Johnson,https://fbref.com/en/players/e0d9bbbe/Bradley-Johnson,Success,Not found,28-Apr-87,Not found,183,Not found,"DF-MF (CM-DM-WM, left)",Right,2004-2005,17 years,Cambridge Utd,2004,https://www.transfermarkt.com/bradley-johnson/profil/spieler/49327
36866,Billy Jones,https://fbref.com/en/players/aa3cb1ad/Billy-Jones,Success,Not found,24-Mar-87,Not found,181,England eng,"DF (FB, right)",Both,2003-2004,16 years,Crewe Alexandra,2003,https://www.transfermarkt.com/billy-jones/profil/spieler/36866
4042,Brad Jones,https://fbref.com/en/players/ffc1c226/Brad-Jones,Success,Not found,19-Mar-82,Not found,191,Australia,GK,Left,2002-2003,20 years,Stockport,2002,https://www.transfermarkt.com/brad-jones/profil/spieler/4042
45298,Eggert Jónsson,Not found,No URL,Not found,Not found,Not found,Not found,Not found,Not found,Not found,Not found,Not found,Not found,Not found,https://www.transfermarkt.com/eggert-jnsson/profil/spieler/45298
51040,Alexander Kačaniklić,https://fbref.com/en/players/8ba3a754/Alexander-Kacaniklic,Success,Not found,13-Aug-91,Not found,180,Sweden,FW-MF (WM),Left,2011-2012,19 years,Watford,2011,https://www.transfermarkt.com/alexander-kaanikli/profil/spieler/51040
130108,Pajtim Kasami,https://fbref.com/en/players/fc8c588f/Pajtim-Kasami,Success,Not found,"June 2, 1992 (Age: 33-176d)","Struga, North Macedonia",188,Switzerland,"FW-MF (AM-DM, right)",Left,2009-2010,17 years,Bellinzona,2009,https://www.transfermarkt.com/pajtim-kasami/profil/spieler/130108
121388,Jake Kean,https://fbref.com/en/players/66d29ce7/Jake-Kean,Success,Not found,4-Feb-91,Not found,193,England eng,GK,Right,2010-2011,19 years,Hartlepool Utd,2010,https://www.transfermarkt.com/jake-kean/profil/spieler/121388
118535,Will Keane,https://fbref.com/en/players/fc7f8f87/Will-Keane,Success,Not found,"January 11, 1993 (Age: 32-318d)","Stockport, England, United Kingdom",188,Republic of Ireland ie  Other: England,FW-MF (AM),Right,2011-2012,18 years,Manchester Utd,2011,https://www.transfermarkt.com/will-keane/profil/spieler/118535
13524,Paddy Kenny,https://fbref.com/en/players/b03eb26c/Paddy-Kenny,Success,Not found,17-May-78,Not found,185,Republic of Ireland ie  Other: England,GK,Right,2002-2003,24 years,Sheffield Utd,2002,https://www.transfermarkt.com/paddy-kenny/profil/spieler/13524
4095,Matthew Kilgallon,https://fbref.com/en/players/7c6a3c44/Matthew-Kilgallon,Success,Not found,8-Jan-84,Not found,185,England eng,DF (CB-FB),Right,2002-2003,18 years,Leeds United,2002,https://www.transfermarkt.com/matthew-kilgallon/profil/spieler/4095
182660,Cameron Lancaster,https://fbref.com/en/players/7eadfdd6/Cameron-Lancaster,Success,Not found,"November 5, 1992 (Age: 33-020d)","Camden, England, United Kingdom",183,Not found,FW,Not found,2010-2011,17 years,Dag & Red,2010,https://www.transfermarkt.com/cameron-lancaster/profil/spieler/182660
44794,Henri Lansbury,https://fbref.com/en/players/fe8e6fa1/Henri-Lansbury,Success,Not found,12-Oct-90,Not found,183,England eng,MF (CM),Right,2008-2009,17 years,Scunthorpe Utd,2008,https://www.transfermarkt.com/henri-lansbury/profil/spieler/44794
14792,Simon Lappin,https://fbref.com/en/players/a985ccde/Simon-Lappin,Success,Not found,25-Jan-83,Not found,180,Scotland sct,"DF-MF (FB-WM, left)",Not found,2006-2007,23 years,St Mirren,2006,https://www.transfermarkt.com/simon-lappin/profil/spieler/14792
22491,Anders Lindegaard,https://fbref.com/en/players/636f1a28/Anders-Lindegaard,Success,Not found,13-Apr-84,Not found,193,Denmark,GK,Right,2006-2007,22 years,Odense,2006,https://www.transfermarkt.com/anders-lindegaard/profil/spieler/22491
20975,Leroy Lita,https://fbref.com/en/players/238f467d/Leroy-Lita,Success,Not found,28-Dec-84,Not found,175,England eng,FW,Right,2002-2003,17 years,Bristol City,2002,https://www.transfermarkt.com/leroy-lita/profil/spieler/20975
61832,Jake Livermore,https://fbref.com/en/players/b98570d1/Jake-Livermore,Success,Not found,14-Nov-89,Not found,175,England eng,MF (CM-DM),Right,2007-2008,17 years,MK Dons,2007,https://www.transfermarkt.com/jake-livermore/profil/spieler/61832
37304,Shane Long,https://fbref.com/en/players/9f472354/Shane-Long,Success,Not found,22-Jan-87,Not found,180,Republic of Ireland,FW,Right,2005-2006,18 years,Reading,2005,https://www.transfermarkt.com/shane-long/profil/spieler/37304
96341,Romelu Lukaku,https://fbref.com/en/players/5eae500a/Romelu-Lukaku,Success,Not found,"May 13, 1993 (Age: 32-196d)","Antwerpen, Belgium",192,Belgium,FW,Left,2009-2010,16 years,Anderlecht,2009,https://www.transfermarkt.com/romelu-lukaku/profil/spieler/96341
15929,Jamie Mackie,https://fbref.com/en/players/d0de6b37/Jamie-Mackie,Success,Not found,22-Sep-85,Not found,173,Scotland sct  Other: England,FW-MF (WM),Right,2003-2004,17 years,Wimbledon,2003,https://www.transfermarkt.com/jamie-mackie/profil/spieler/15929
32660,Stefan Maierhofer,https://fbref.com/en/players/6dfec8d4/Stefan-Maierhofer,Success,Not found,16-Aug-82,Not found,202,Austria,FW,Right,2006-2007,23 years,Koblenz,2006,https://www.transfermarkt.com/stefan-maierhofer/profil/spieler/32660
9508,Shaun Maloney,https://fbref.com/en/players/0558e236/Shaun-Maloney,Success,Not found,24-Jan-83,Not found,171,Scotland sct  Other: Malaysia,FW-MF (WM),Both,2000-2001,17 years,Celtic,2000,https://www.transfermarkt.com/shaun-maloney/profil/spieler/9508
248054,Chris Martin,https://fbref.com/en/players/c21e39f9/Chris-Martin,Success,Not found,"November 4, 1988 (Age: 37-021d)","Norwich, England, United Kingdom",185,Scotland sct  Other: England,FW,Right,2006-2007,17 years,Norwich City,2006,https://www.transfermarkt.com/chris-martin/profil/spieler/248054
67303,Russell Martin,https://fbref.com/en/players/24952f1e/Russell-Martin,Success,Not found,4-Jan-86,Not found,183,Scotland sct  Other: England,DF (CB),Right,2004-2005,18 years,Wycombe,2004,https://www.transfermarkt.com/russell-martin/profil/spieler/67303
39909,Sylvain Marveaux,https://fbref.com/en/players/4ef705ab/Sylvain-Marveaux,Success,Not found,15-Apr-86,Not found,172,France,FW-MF (AM),Left,2006-2007,20 years,Rennes,2006,https://www.transfermarkt.com/sylvain-marveaux/profil/spieler/39909
44068,Juan Mata,https://fbref.com/en/players/29733c72/Juan-Mata,Success,Not found,"April 28, 1988 (Age: 37-211d)","Villafranca Montes de Oca, Spain",170,Spain,FW-MF (AM-WM),Left,2006-2007,18 years,Real Madrid B,2006,https://www.transfermarkt.com/juan-mata/profil/spieler/44068
121260,Conor McAleny,https://fbref.com/en/players/5dc37d9d/Conor-McAleny,Success,Not found,"August 12, 1992 (Age: 33-105d)","Liverpool, England, United Kingdom",178,Not found,FW-MF (AM),Right,2011-2012,18 years,Everton,2011,https://www.transfermarkt.com/conor-mcaleny/profil/spieler/121260
40567,Gareth McAuley,https://fbref.com/en/players/ac7d7378/Gareth-McAuley,Success,Not found,5-Dec-79,Not found,191,Northern Ireland nir,DF (CB),Right,2004-2005,24 years,Lincoln City,2004,https://www.transfermarkt.com/gareth-mcauley/profil/spieler/40567
85935,James McClean,https://fbref.com/en/players/53538b39/James-McClean,Success,Not found,"April 22, 1989 (Age: 36-217d)","Derry, Northern Ireland, United Kingdom",180,Republic of Ireland ie  Other: Northern Ireland,"DF-FW-MF (AM-FB-WM, left)",Left,2011-2012,22 years,Sunderland,2011,https://www.transfermarkt.com/james-mcclean/profil/spieler/85935
14050,Tyrone Mears,https://fbref.com/en/players/6f34d0b5/Tyrone-Mears,Success,Not found,18-Feb-83,Not found,181,Jamaica jm  Other: England,"DF (FB, right)",Right,2001-2002,18 years,Manchester City,2001,https://www.transfermarkt.com/tyrone-mears/profil/spieler/14050
6710,Per Mertesacker,https://fbref.com/en/players/5be28712/Per-Mertesacker,Success,Not found,29-Sep-84,Not found,198,Germany,DF (CB),Right,2003-2004,18 years,Hannover 96,2003,https://www.transfermarkt.com/per-mertesacker/profil/spieler/6710
70245,Ignasi Miquel,https://fbref.com/en/players/174f09a6/Ignasi-Miquel,Success,Not found,"September 28, 1992 (Age: 33-058d)","Barcelona, Spain",193,Spain,"DF (CB, left)",Left,2011-2012,18 years,Arsenal,2011,https://www.transfermarkt.com/ignasi-miquel/profil/spieler/70245
129688,Ryo Miyaichi,https://fbref.com/en/players/c4acb36f/Ryo-Miyaichi,Success,Not found,"December 14, 1992 (Age: 32-346d)","Okazaki, Japan",183,Japan,FW-MF (AM-WM),Both,2010-2011,17 years,Feyenoord,2010,https://www.transfermarkt.com/ryo-miyaichi/profil/spieler/129688
50512,Anthony Modeste,https://fbref.com/en/players/34e4343c/Anthony-Modeste,Success,Not found,14-Apr-88,Not found,187,France,FW,Right,2007-2008,19 years,Nice,2007,https://www.transfermarkt.com/anthony-modeste/profil/spieler/50512
4111,Garry Monk,https://fbref.com/en/players/a70de3a4/Garry-Monk,Success,Not found,6-Mar-79,Not found,183,Not found,DF (CB),Not found,1998-1999,19 years,Southampton,1998,https://www.transfermarkt.com/garry-monk/profil/spieler/4111
4075,Luke Moore,https://fbref.com/en/players/bf06d13a/Luke-Moore,Success,Not found,13-Feb-86,Not found,180,England eng,FW,Both,2003-2004,17 years,Wycombe,2003,https://www.transfermarkt.com/luke-moore/profil/spieler/4075
9850,Vangelis Moras,https://fbref.com/en/players/bffec2a8/Vangelis-Moras,Success,Not found,26-Aug-81,Not found,193,Greece,DF (CB),Right,2002-2003,20 years,Proodeftiki,2002,https://www.transfermarkt.com/vangelis-moras/profil/spieler/9850
104725,Steve Morison,https://fbref.com/en/players/292064fa/Steve-Morison,Success,Not found,29-Aug-83,Not found,188,Wales wls  Other: England,FW,Right,2002-2003,18 years,Northampton,2002,https://www.transfermarkt.com/steve-morison/profil/spieler/104725
66219,Kyle Naughton,https://fbref.com/en/players/e860c42f/Kyle-Naughton,Success,Not found,17-Nov-88,Not found,180,England eng,DF (CB-FB),Right,2007-2008,18 years,Gretna,2007,https://www.transfermarkt.com/kyle-naughton/profil/spieler/66219
72264,Marcus Olsson,https://fbref.com/en/players/47e41ec8/Marcus-Olsson,Success,Not found,"May 17, 1988 (Age: 37-192d)","Gävle, Sweden",180,Sweden,"DF-FW-MF (FB-WM, left)",Left,2008,19 years,Halmstad,Not found,https://www.transfermarkt.com/marcus-olsson/profil/spieler/72264
29117,Andrea Orlandi,https://fbref.com/en/players/b1403ee6/Andrea-Orlandi,Success,Not found,3-Aug-84,Not found,180,Not found,FW-MF (AM-CM-WM),Left,2003-2004,18 years,Alavés,2003,https://www.transfermarkt.com/andrea-orlandi/profil/spieler/29117
16091,Bradley Orr,https://fbref.com/en/players/78142987/Bradley-Orr,Success,Not found,1-Nov-82,Not found,183,Not found,"DF (FB, right)",Right,2003-2004,20 years,Burnley,2003,https://www.transfermarkt.com/bradley-orr/profil/spieler/16091
143424,Alex Oxlade-Chamberlain,https://fbref.com/en/players/38c7feef/Alex-Oxlade-Chamberlain,Success,Not found,15-Aug-93,Not found,180,England eng,FW-MF (AM-CM-WM),Right,2009-2010,15 years,Southampton,2009,https://www.transfermarkt.com/alex-oxlade-chamberlain/profil/spieler/143424
67996,Bruno Perone,https://fbref.com/en/players/58591790/Bruno-Perone,Success,Not found,6-Jul-87,Not found,191,Not found,DF-MF (CB-DM),Right,2011-2012,24 years,QPR,2011,https://www.transfermarkt.com/bruno-perone/profil/spieler/67996
75296,Radosav Petrović,https://fbref.com/en/players/7214c684/Radosav-Petrovic,Success,Not found,"March 8, 1989 (Age: 36-262d)","Ub, Serbia",193,Serbia,DF-MF (DM),Right,2008-2009,19 years,Partizan,2008,https://www.transfermarkt.com/radosav-petrovi/profil/spieler/75296
67322,Anthony Pilkington,https://fbref.com/en/players/b31af577/Anthony-Pilkington,Success,Not found,6-Jun-88,Not found,183,Republic of Ireland ie  Other: England,FW-MF (AM-WM),Both,2006-2007,18 years,Stockport,2006,https://www.transfermarkt.com/anthony-pilkington/profil/spieler/67322
5896,David Pizarro,https://fbref.com/en/players/8b92c119/David-Pizarro,Success,Not found,11-Sep-79,Not found,168,Chile,MF (CM),Right,1999-2000,19 years,Udinese,1999,https://www.transfermarkt.com/david-pizarro/profil/spieler/5896
122153,Paul Pogba,https://fbref.com/en/players/867239d3/Paul-Pogba,Success,Not found,"March 15, 1993 (Age: 32-255d)","Lagny-sur-Marne, France",191,France,MF (CM-DM-WM),Right,2011-2012,18 years,Manchester Utd,2011,https://www.transfermarkt.com/paul-pogba/profil/spieler/122153
15074,Pavel Pogrebnyak,https://fbref.com/en/players/f1085969/Pavel-Pogrebnyak,Success,Not found,8-Nov-83,Not found,187,Russia,FW,Left,2002,18 years,Spartak Moscow,Not found,https://www.transfermarkt.com/pavel-pogrebnyak/profil/spieler/15074
28957,Darren Pratley,https://fbref.com/en/players/bfc3bf1b/Darren-Pratley,Success,Not found,"April 22, 1985 (Age: 40-217d)","Barking, England, United Kingdom",185,Not found,DF-MF (CM-DM),Right,2003-2004,18 years,Fulham,2003,https://www.transfermarkt.com/darren-pratley/profil/spieler/28957
66550,Àngel Rangel,https://fbref.com/en/players/93ee387c/Angel-Rangel,Success,Not found,28-Oct-82,Not found,188,Not found,"DF (FB, right)",Right,2007-2008,24 years,Swansea City,2007,https://www.transfermarkt.com/ngel-rangel/profil/spieler/66550
145466,Tim Ream,https://fbref.com/en/players/28b40c9c/Tim-Ream,Success,Not found,"October 5, 1987 (Age: 38-051d)","St. Louis, Missouri, United States",185,United States,"DF (CB, left)",Left,2010,22 years,NY Red Bulls,Not found,https://www.transfermarkt.com/tim-ream/profil/spieler/145466
120241,Jazz Richards,https://fbref.com/en/players/afef14da/Jazz-Richards,Success,Not found,12-Apr-91,Not found,185,Wales wls,"DF-MF (FB, right)",Right,2009-2010,18 years,Swansea City,2009,https://www.transfermarkt.com/jazz-richards/profil/spieler/120241
125117,Joe Riley,https://fbref.com/en/players/4d4e417c/Joe-Riley,Success,Not found,"December 6, 1996 (Age: 28-354d)","Blackpool, England, United Kingdom",176,Not found,DF-MF (CM-FB),Right,2015-2016,18 years,Manchester Utd,2015,https://www.transfermarkt.com/joe-riley/profil/spieler/125117
66100,Oriol Romeu,https://fbref.com/en/players/4b511457/Oriol-Romeu,Success,Not found,24-Sep-91,Not found,183,Spain,MF (CM-DM),Right,2010-2011,18 years,Barcelona B,2010,https://www.transfermarkt.com/oriol-romeu/profil/spieler/66100
74088,Declan Rudd,https://fbref.com/en/players/42f4f848/Declan-Rudd,Success,Not found,16-Jan-91,Not found,191,England eng,GK,Right,2009-2010,18 years,Norwich City,2009,https://www.transfermarkt.com/declan-rudd/profil/spieler/74088
29712,John Ruddy,https://fbref.com/en/players/da8b19e2/John-Ruddy,Success,Not found,"October 24, 1986 (Age: 39-032d)","Cambridgeshire, England, United Kingdom",193,England eng,GK,Right,2003-2004,16 years,Cambridge Utd,2003,https://www.transfermarkt.com/john-ruddy/profil/spieler/29712
39642,Bryan Ruiz,https://fbref.com/en/players/df165eba/Bryan-Ruiz,Success,Not found,5-Aug-02,Not found,Not found,Not found,DF,Right,2020,17 years,Aragua,Not found,https://www.transfermarkt.com/bryan-ruiz/profil/spieler/39642
64535,Orlando Sá,https://fbref.com/en/players/e054ee4e/Orlando-Sa,Success,Not found,26-May-88,Not found,188,Portugal,FW,Right,2008-2009,20 years,Braga,2008,https://www.transfermarkt.com/orlando-s/profil/spieler/64535
84344,Davide Santon,https://fbref.com/en/players/88c89891/Davide-Santon,Success,Not found,2-Jan-91,Not found,186,Italy,DF (FB),Right,2008-2009,17 years,Inter,2008,https://www.transfermarkt.com/davide-santon/profil/spieler/84344
54275,André Santos,https://fbref.com/en/players/e68ad30f/Andres-Santos,Success,Not found,19-Jan-80,Not found,176,Not found,MF (AM),Not found,2004-2005,24 years,Lleida,2004,https://www.transfermarkt.com/andr-santos/profil/spieler/54275
107010,Stefan Savić,https://fbref.com/en/players/a3638b1a/Stefan-Savicevic,Success,Not found,12-Apr-07,Not found,Not found,Not found,MF,Not found,2023-2024,16 years,Gladbach,2023,https://www.transfermarkt.com/stefan-savi/profil/spieler/107010
90466,Gylfi Sigurðsson,https://fbref.com/en/players/76dd1480/Gylfi-Sigurdsson,Success,Not found,"September 8, 1989 (Age: 36-078d)","Hafnarfjörður, Iceland",186,Iceland,FW-MF (AM-CM-WM),Right,2008-2009,18 years,Crewe Alexandra,2008,https://www.transfermarkt.com/gylfi-sigursson/profil/spieler/90466
31552,Scott Sinclair,https://fbref.com/en/players/273c483b/Scott-Sinclair,Success,Not found,"March 25, 1989 (Age: 36-245d)","Bath, England, United Kingdom",175,England eng,FW-MF (AM-WM),Right,2004-2005,15 years,Bristol Rovers,2004,https://www.transfermarkt.com/scott-sinclair/profil/spieler/31552
164785,Jordan Slew,https://fbref.com/en/players/372307ab/Jordan-Slew,Success,Not found,"September 7, 1992 (Age: 33-079d)","Gleadless, England, United Kingdom",191,England eng,FW-MF,Right,2010-2011,17 years,Sheffield Utd,2010,https://www.transfermarkt.com/jordan-slew/profil/spieler/164785
61841,Adam Smith,https://fbref.com/en/players/20b104bc/Adam-Smith,Success,Not found,"April 29, 1991 (Age: 34-210d)","London, England, United Kingdom",174,England eng,"DF-MF (FB, right)",Right,2009-2010,18 years,Wycombe,2009,https://www.transfermarkt.com/adam-smith/profil/spieler/61841
176056,Tommy Smith,https://fbref.com/en/players/066be641/Tommy-Smith,Success,Not found,22-May-80,Not found,173,England eng,"FW-MF (WM, right)",Right,1999-2000,19 years,Watford,1999,https://www.transfermarkt.com/tommy-smith/profil/spieler/176056
120599,Marvin Sordell,https://fbref.com/en/players/9f596d20/Marvin-Sordell,Success,Not found,"February 17, 1991 (Age: 34-281d)","Pinner, England, United Kingdom",177,England eng,FW,Right,2009-2010,18 years,Tranmere Rovers,2009,https://www.transfermarkt.com/marvin-sordell/profil/spieler/120599
134425,Raheem Sterling,https://fbref.com/en/players/b400bde0/Raheem-Sterling,Success,Not found,8-Dec-94,Not found,170,England eng  Other: Jamaica,FW-MF (AM-WM),Right,2011-2012,16 years,Liverpool,2011,https://www.transfermarkt.com/raheem-sterling/profil/spieler/134425
92544,Denis Stracqualursi,https://fbref.com/en/players/623e9fe1/Denis-Stracqualursi,Success,Not found,20-Oct-87,Not found,190,Not found,FW,Not found,2011-2012,23 years,Everton,2011,https://www.transfermarkt.com/denis-stracqualursi/profil/spieler/92544
29975,Andrew Surman,https://fbref.com/en/players/7d41b619/Andrew-Surman,Success,Not found,20-Aug-86,Not found,178,England eng  Other: South Africa,MF (CM-DM),Left,2004-2005,17 years,Walsall,2004,https://www.transfermarkt.com/andrew-surman/profil/spieler/29975
45287,Adel Taarabt,https://fbref.com/en/players/47dc80f5/Adel-Taarabt,Success,Not found,"May 24, 1989 (Age: 36-185d)","Fes-Medina, Morocco",177,Morocco ma  Other: France,FW-MF (AM-CM-WM),Right,2006-2007,17 years,Lens,2006,https://www.transfermarkt.com/adel-taarabt/profil/spieler/45287
28922,Taye Taiwo,https://fbref.com/en/players/1e437f1f/Taye-Taiwo,Success,Not found,16-Apr-85,Not found,183,Nigeria,"DF (FB, left)",Right,2004-2005,19 years,Marseille,2004,https://www.transfermarkt.com/taye-taiwo/profil/spieler/28922
7337,Alan Tate,https://fbref.com/en/players/d25626aa/Alan-Tate,Success,Not found,2-Sep-82,Not found,185,Not found,DF,Not found,2002-2003,19 years,Swansea City,2002,https://www.transfermarkt.com/alan-tate/profil/spieler/7337
67416,Neil Taylor,https://fbref.com/en/players/c2f9d19f/Neil-Taylor,Success,Not found,7-Feb-89,Not found,175,Wales wls,"DF-MF (FB, left)",Left,2007-2008,18 years,Wrexham,2007,https://www.transfermarkt.com/neil-taylor/profil/spieler/67416
67346,Marc Tierney,https://fbref.com/en/players/d4c01c38/Marc-Tierney,Success,Not found,23-Aug-85,Not found,183,Not found,"DF (FB, left)",Not found,2003-2004,17 years,Oldham Athletic,2003,https://www.transfermarkt.com/marc-tierney/profil/spieler/67346
33783,Armand Traoré,https://fbref.com/en/players/021ea92d/Armand-Traore,Success,Not found,8-Oct-89,Not found,184,Senegal sn  Other: France,"DF-MF (FB-WM, left)",Left,2007-2008,17 years,Arsenal,2007,https://www.transfermarkt.com/armand-traor/profil/spieler/33783
488,Gerhard Tremmel,https://fbref.com/en/players/4370cecc/Gerhard-Tremmel,Success,Not found,16-Nov-78,Not found,190,Not found,GK,Right,1999-2000,20 years,Unterhaching,1999,https://www.transfermarkt.com/gerhard-tremmel/profil/spieler/488
129505,Marcello Trotta,https://fbref.com/en/players/acdad0aa/Marcello-Trotta,Success,Not found,"September 29, 1992 (Age: 33-057d)","Santa Maria Capua Vetere, Italy",188,Italy,FW,Left,2011-2012,18 years,Wycombe,2011,https://www.transfermarkt.com/marcello-trotta/profil/spieler/129505
29159,Ross Turnbull,https://fbref.com/en/players/6db380ef/Ross-Turnbull,Success,Not found,4-Jan-85,Not found,193,England eng,GK,Right,2003-2004,18 years,Darlington,2003,https://www.transfermarkt.com/ross-turnbull/profil/spieler/29159
173804,Josh Vela,https://fbref.com/en/players/dede4a42/Josh-Vela,Success,Not found,"December 14, 1993 (Age: 31-346d)","Salford, England, United Kingdom",181,Not found,"DF-MF (CM-DM-FB, right)",Right,2011-2012,17 years,Bolton,2011,https://www.transfermarkt.com/josh-vela/profil/spieler/173804
26276,Michel Vorm,https://fbref.com/en/players/1bebde9d/Michel-Vorm,Success,Not found,20-Oct-83,Not found,183,Netherlands,GK,Right,2006-2007,22 years,Utrecht,2006,https://www.transfermarkt.com/michel-vorm/profil/spieler/26276
6404,Dorus de Vries,https://fbref.com/en/players/e704919e/Dorus-de-Vries,Success,Not found,29-Dec-80,Not found,190,Not found,GK,Right,2003-2004,22 years,ADO Den Haag,2003,https://www.transfermarkt.com/dorus-de-vries/profil/spieler/6404
76560,Haris Vučkić,https://fbref.com/en/players/a8f4dfb9/Haris-Vuckic,Success,Not found,"August 21, 1992 (Age: 33-096d)","Ljubljana, Slovenia",185,Slovenia,FW-MF (AM),Both,2009-2010,16 years,Newcastle Utd,2009,https://www.transfermarkt.com/haris-vuki/profil/spieler/76560
27239,Simon Vukčević,https://fbref.com/en/players/562d696a/Simon-Vukcevic,Success,Not found,29-Jan-86,Not found,179,Montenegro me  Other: Serbia,MF (AM),Left,2006,20 years,Saturn,Not found,https://www.transfermarkt.com/simon-vukevi/profil/spieler/27239
15838,Elliott Ward,https://fbref.com/en/players/58e98028/Elliott-Ward,Success,Not found,19-Jan-85,Not found,185,Not found,DF (CB),Right,2004-2005,19 years,Bristol Rovers,2004,https://www.transfermarkt.com/elliott-ward/profil/spieler/15838
15164,Keiren Westwood,https://fbref.com/en/players/674ef042/Keiren-Westwood,Success,Not found,23-Oct-84,Not found,188,Republic of Ireland ie  Other: England,GK,Left,2005-2006,20 years,Carlisle United,2005,https://www.transfermarkt.com/keiren-westwood/profil/spieler/15164
22230,Zak Whitbread,https://fbref.com/en/players/846e7a85/Zak-Whitbread,Success,Not found,4-Mar-84,Not found,188,United States,DF (CB),Left,2005-2006,21 years,Millwall,2005,https://www.transfermarkt.com/zak-whitbread/profil/spieler/22230
95435,Connor Wickham,https://fbref.com/en/players/41cc19c2/Connor-Wickham,Success,Not found,"March 31, 1993 (Age: 32-239d)","Hereford, England, United Kingdom",191,England eng,FW-MF (WM),Right,2008-2009,15 years,Ipswich Town,2008,https://www.transfermarkt.com/connor-wickham/profil/spieler/95435
67202,Aaron Wilbraham,https://fbref.com/en/players/9b2c7f55/Aaron-Wilbraham,Success,Not found,21-Oct-79,Not found,191,Not found,FW,Right,2000,20 years,Moss,Not found,https://www.transfermarkt.com/aaron-wilbraham/profil/spieler/67202
67355,Ashley Williams,https://fbref.com/en/players/a498e276/Ashley-Williams,Success,Not found,23-Aug-84,Not found,183,Wales wls  Other: England,DF (CB),Right,2003-2004,18 years,Stockport,2003,https://www.transfermarkt.com/ashley-williams/profil/spieler/67355
3224,Jonathan Woodgate,https://fbref.com/en/players/9482a3bd/Jonathan-Woodgate,Success,Not found,22-Jan-80,Not found,188,England eng,DF (CB),Right,1998-1999,18 years,Leeds United,1998,https://www.transfermarkt.com/jonathan-woodgate/profil/spieler/3224
122721,Nico Yennaris,https://fbref.com/en/players/8cc4b934/Nico-Yennaris,Success,Not found,"May 23, 1993 (Age: 32-186d)","Leytonstone, England, United Kingdom",174,China PR cn  Other: England,DF-MF (CM-DM-FB),Right,2011-2012,18 years,Arsenal,2011,https://www.transfermarkt.com/nico-yennaris/profil/spieler/122721
25523,Karim El Ahmadi,https://fbref.com/en/players/0ff9eabc/Karim-El-Ahmadi,Success,Not found,27-Jan-85,Not found,185,Morocco ma  Other: Netherlands,MF (CM-DM),Right,2003-2004,18 years,Twente,2003,https://www.transfermarkt.com/karim-el-ahmadi/profil/spieler/25523
177476,Nathan Aké,https://fbref.com/en/players/eaeca114/Nathan-Ake,Success,Not found,"February 18, 1995 (Age: 30-280d)","The Hague, Netherlands",180,Netherlands,"DF-MF (CB-FB, left)",Left,2012-2013,17 years,Chelsea,2012,https://www.transfermarkt.com/nathan-ak/profil/spieler/177476
61559,Hope Akpan,https://fbref.com/en/players/1ccbca79/Hope-Akpan,Success,Not found,14-Aug-91,Not found,180,Nigeria ng  Other: England,MF (CM),Right,2010-2011,18 years,Hull City,2010,https://www.transfermarkt.com/hope-akpan/profil/spieler/61559
30670,Vurnon Anita,https://fbref.com/en/players/2d368fd5/Vurnon-Anita,Success,Not found,4-Apr-89,Not found,167,Curaçao cw  Other: Netherlands,DF-MF (CM-DM-FB),Right,2005-2006,16 years,Ajax,2005,https://www.transfermarkt.com/vurnon-anita/profil/spieler/30670
57275,Oussama Assaidi,https://fbref.com/en/players/483322fe/Oussama-Assaidi,Success,Not found,15-Aug-88,Not found,176,Morocco,FW-MF (AM-WM),Right,2007-2008,18 years,Omniworld,2007,https://www.transfermarkt.com/oussama-assaidi/profil/spieler/57275
57500,César Azpilicueta,https://fbref.com/en/players/53cad200/Cesar-Azpilicueta,Success,Not found,"August 28, 1989 (Age: 36-089d)","Pamplona, Spain",178,Spain,"DF-MF (CB-FB, right)",Right,2006-2007,16 years,Osasuna,2006,https://www.transfermarkt.com/csar-azpilicueta/profil/spieler/57500
67421,Kyle Bartley,https://fbref.com/en/players/18e96f64/Kyle-Bartley,Success,Not found,"May 22, 1991 (Age: 34-187d)","Stockport, England, United Kingdom",191,England eng,DF (CB),Right,2009-2010,18 years,Sheffield Utd,2009,https://www.transfermarkt.com/kyle-bartley/profil/spieler/67421
71020,Luciano Becchio,https://fbref.com/en/players/3b3d4028/Luciano-Becchio,Success,Not found,28-Dec-83,Not found,187,Not found,FW,Left,2004-2005,20 years,Ciudad Murcia,2004,https://www.transfermarkt.com/luciano-becchio/profil/spieler/71020
90964,Joe Bennett,https://fbref.com/en/players/dc936144/Joe-Bennett,Success,Not found,28-Mar-90,Not found,177,England eng,"DF-MF (FB, left)",Left,2008-2009,18 years,Middlesbrough,2008,https://www.transfermarkt.com/joe-bennett/profil/spieler/90964
50201,Christian Benteke,https://fbref.com/en/players/ab070c55/Christian-Benteke,Success,Not found,"December 3, 1990 (Age: 34-357d)","Kinshasa, Congo DR",190,Belgium be  Other: Congo DR,FW,Right,2007-2008,16 years,Genk,2007,https://www.transfermarkt.com/christian-benteke/profil/spieler/50201
158697,Gaël Bigirimana,https://fbref.com/en/players/b48778f2/Gael-Bigirimana,Success,Not found,"October 22, 1993 (Age: 32-034d)","Bujumbura, Burundi",173,Burundi bi  Other: England,MF (CM),Right,2011-2012,17 years,Coventry City,2011,https://www.transfermarkt.com/gal-bigirimana/profil/spieler/158697
96754,Fabio Borini,https://fbref.com/en/players/ef5b337e/Fabio-Borini,Success,Not found,"March 29, 1991 (Age: 34-241d)","Bentivoglio, Italy",180,Italy,FW-MF (AM),Right,2009-2010,18 years,Chelsea,2009,https://www.transfermarkt.com/fabio-borini/profil/spieler/96754
15220,Artur Boruc,https://fbref.com/en/players/34ccf6fa/Artur-Boruc,Success,Not found,20-Feb-80,Not found,193,Poland,GK,Right,2002-2003,22 years,Legia Warsaw,2002,https://www.transfermarkt.com/artur-boruc/profil/spieler/15220
94655,Jordan Bowery,https://fbref.com/en/players/8f5a4e15/Jordan-Bowery,Success,Not found,"July 2, 1991 (Age: 34-146d)","Nottingham, England, United Kingdom",185,Saint Kitts and Nevis kn  Other: England,DF-FW-MF,Right,2008-2009,17 years,Chesterfield,2008,https://www.transfermarkt.com/jordan-bowery/profil/spieler/94655
245805,Izzy Brown,https://fbref.com/en/players/bf54c8cc/Izzy-Brown,Success,Not found,7-Jan-97,Not found,182,England eng,FW-MF (AM),Right,2012-2013,15 years,West Brom,2012,https://www.transfermarkt.com/izzy-brown/profil/spieler/245805
38003,Alexander Büttner,https://fbref.com/en/players/a44f7c60/Alexander-Buttner,Success,Not found,"February 11, 1989 (Age: 36-287d)","Gemeente Doetinchem, Netherlands",176,Netherlands,"DF-MF (FB, left)",Left,2007-2008,18 years,Vitesse,2007,https://www.transfermarkt.com/alexander-bttner/profil/spieler/38003
31642,Geoff Cameron,https://fbref.com/en/players/1a160ea3/Geoff-Cameron,Success,Not found,11-Jul-85,Not found,191,United States,DF-MF (CB-DM),Right,2008,22 years,Houston Dynamo,Not found,https://www.transfermarkt.com/geoff-cameron/profil/spieler/31642
42411,Lee Camp,https://fbref.com/en/players/df4b8b69/Lee-Camp,Success,Not found,22-Aug-84,Not found,185,Northern Ireland nir  Other: England,GK,Right,2003-2004,18 years,QPR,2003,https://www.transfermarkt.com/lee-camp/profil/spieler/42411
126722,Eduard Campabadal,https://fbref.com/en/players/bbf23a57/Eduard-Campabadal,Success,Not found,"January 26, 1993 (Age: 32-303d)","Tarragona, Spain",183,Spain,"DF (FB, right)",Right,2012-2013,19 years,Wigan Athletic,2012,https://www.transfermarkt.com/eduard-campabadal/profil/spieler/126722
204354,Adam Campbell,https://fbref.com/en/players/e3aa211f/Adam-Campbell,Success,Not found,"January 1, 1995 (Age: 30-328d)","North Shields, England, United Kingdom",168,England eng,FW-MF (WM),Both,2012-2013,17 years,Newcastle Utd,2012,https://www.transfermarkt.com/adam-campbell/profil/spieler/204354
37712,Daniel Carriço,https://fbref.com/en/players/e1deea75/Daniel-Carrico,Success,Not found,4-Aug-88,Not found,182,Portugal,DF-MF (CB-DM),Right,2008-2009,19 years,Sporting CP,2008,https://www.transfermarkt.com/daniel-carrio/profil/spieler/37712
121279,Tom Carroll,https://fbref.com/en/players/5a1900a4/Tom-Carroll,Success,Not found,"May 28, 1992 (Age: 33-181d)","Watford, England, United Kingdom",171,England eng,"MF (CM-DM, left)",Left,2010-2011,18 years,Leyton Orient,2010,https://www.transfermarkt.com/tom-carroll/profil/spieler/121279
15799,Santi Cazorla,https://fbref.com/en/players/e2e9c250/Santi-Cazorla,Success,Not found,"December 13, 1984 (Age: 40-347d)","Lugo de Llanera, Spain",165,Spain,MF (AM-WM),Right,2003-2004,18 years,Villarreal,2003,https://www.transfermarkt.com/santi-cazorla/profil/spieler/15799
22412,Júlio César,https://fbref.com/en/players/754ac76b/Julio-Cesar,Success,Not found,18-Nov-78,Not found,185,Not found,DF (CB),Not found,1996-1997,17 years,Valladolid,1996,https://www.transfermarkt.com/jlio-csar/profil/spieler/22412
9975,Richard Chaplow,https://fbref.com/en/players/66835431/Richard-Chaplow,Success,Not found,2-Feb-85,Not found,175,England eng,MF,Right,2002-2003,17 years,Burnley,2002,https://www.transfermarkt.com/richard-chaplow/profil/spieler/9975
85177,Nathaniel Clyne,https://fbref.com/en/players/0442183b/Nathaniel-Clyne,Success,Not found,"April 5, 1991 (Age: 34-234d)","Stockwell, England, United Kingdom",175,England eng,"DF (FB, right)",Right,2008-2009,17 years,Crystal Palace,2008,https://www.transfermarkt.com/nathaniel-clyne/profil/spieler/85177
128901,Conor Coady,https://fbref.com/en/players/2928dca2/Conor-Coady,Success,Not found,"February 25, 1993 (Age: 32-273d)","Liverpool, England, United Kingdom",185,England eng,DF-MF (CB-DM-WM),Right,2012-2013,19 years,Liverpool,2012,https://www.transfermarkt.com/conor-coady/profil/spieler/128901
40613,Jack Cork,https://fbref.com/en/players/74e12f1e/Jack-Cork,Success,Not found,25-Jun-89,Not found,185,England eng,DF-MF (CM-DM),Right,2006-2007,17 years,Bournemouth,2006,https://www.transfermarkt.com/jack-cork/profil/spieler/40613
80444,Philippe Coutinho,https://fbref.com/en/players/0ef89a37/Philippe-Coutinho,Success,Not found,"June 12, 1992 (Age: 33-166d)","Rio de Janeiro, Brazil",172,Brazil,FW-MF (AM-WM),Right,2010-2011,18 years,Inter,2010,https://www.transfermarkt.com/philippe-coutinho/profil/spieler/80444
40614,Shaun Cummings,https://fbref.com/en/players/6bfe339f/Shaun-Cummings,Success,Not found,25-Feb-89,Not found,183,Jamaica jm  Other: England,DF,Right,2008-2009,19 years,MK Dons,2008,https://www.transfermarkt.com/shaun-cummings/profil/spieler/40614
192765,Ben Davies,https://fbref.com/en/players/b99746b2/Ben-Davies,Success,Not found,27-May-81,Not found,170,Not found,DF-MF,Right,2004-2005,23 years,Chester City,2004,https://www.transfermarkt.com/ben-davies/profil/spieler/192765
13640,Kelvin Davis,https://fbref.com/en/players/33b6ee02/Kelvin-Davis,Success,Not found,29-Sep-76,Not found,185,England eng,GK,Right,2001-2002,24 years,Wimbledon,2001,https://www.transfermarkt.com/kelvin-davis/profil/spieler/13640
28973,Steven Davis,https://fbref.com/en/players/cf15bbb1/Steven-Davis,Success,Not found,1-Jan-85,Not found,170,Northern Ireland nir,MF (CM-DM),Right,2004-2005,19 years,Aston Villa,2004,https://www.transfermarkt.com/steven-davis/profil/spieler/28973
57488,Simon Dawkins,https://fbref.com/en/players/9db762f1/Simon-Dawkins,Success,Not found,1-Dec-87,Not found,178,Jamaica jm  Other: England,FW-MF,Right,2008-2009,20 years,Leyton Orient,2008,https://www.transfermarkt.com/simon-dawkins/profil/spieler/57488
41818,Steve De Ridder,https://fbref.com/en/players/7561b81d/Steve-De-Ridder,Success,Not found,25-Feb-87,Not found,179,Belgium,FW-MF (AM-WM),Right,2006-2007,19 years,Gent,2006,https://www.transfermarkt.com/steve-de-ridder/profil/spieler/41818
27306,Mathieu Debuchy,https://fbref.com/en/players/92232aad/Mathieu-Debuchy,Success,Not found,28-Jul-85,Not found,177,France,"DF (FB, right)",Right,2003-2004,18 years,Lille,2003,https://www.transfermarkt.com/mathieu-debuchy/profil/spieler/27306
13979,Ashkan Dejagah,https://fbref.com/en/players/5171db60/Ashkan-Dejagah,Success,Not found,5-Jul-86,Not found,181,Iran ir  Other: Germany,FW-MF (AM-WM),Right,2004-2005,18 years,Hertha BSC,2004,https://www.transfermarkt.com/ashkan-dejagah/profil/spieler/13979
1368,Guy Demel,https://fbref.com/en/players/605bba68/Guy-Demel,Success,Not found,13-Jun-81,Not found,189,Côte d'Ivoire ci  Other: France,"DF-MF (FB, right)",Right,2002-2003,21 years,Dortmund,2002,https://www.transfermarkt.com/guy-demel/profil/spieler/1368
1327,Alou Diarra,https://fbref.com/en/players/9b74ce00/Alou-Diarra,Success,Not found,15-Jul-81,Not found,190,France,MF (DM),Right,2002-2003,21 years,Le Havre,2002,https://www.transfermarkt.com/alou-diarra/profil/spieler/1327
50987,Maurice Edu,https://fbref.com/en/players/748dbb80/Maurice-Edu,Success,Not found,18-Apr-86,Not found,183,United States,DF-MF (CM-DM),Right,2007,20 years,Toronto FC,Not found,https://www.transfermarkt.com/maurice-edu/profil/spieler/50987
39037,Rob Elliot,https://fbref.com/en/players/9ade4dc1/Robbie-Elliott,Success,Not found,25-Dec-73,Not found,178,Not found,"DF (FB, left)",Not found,1993-1994,19 years,Newcastle Utd,1993,https://www.transfermarkt.com/rob-elliot/profil/spieler/39037
20586,Urby Emanuelson,https://fbref.com/en/players/66e83563/Urby-Emanuelson,Success,Not found,16-Jun-86,Not found,176,Netherlands,"DF-FW-MF (FB-WM, left)",Left,2004-2005,18 years,Ajax,2004,https://www.transfermarkt.com/urby-emanuelson/profil/spieler/20586
47344,Eyong Enoh,https://fbref.com/en/players/d3dcab48/Eyong-Enoh,Success,Not found,23-Mar-86,Not found,180,Cameroon,MF (DM),Right,2008-2009,22 years,Ajax,2008,https://www.transfermarkt.com/eyong-enoh/profil/spieler/47344
71096,Roger Espinoza,https://fbref.com/en/players/60b7c195/Roger-Espinoza,Success,Not found,25-Oct-86,Not found,181,Honduras,"DF-MF (CM-DM-FB-WM, right)",Left,2008,21 years,KC Wizards,Not found,https://www.transfermarkt.com/roger-espinoza/profil/spieler/71096
59340,Iago Falque,https://fbref.com/en/players/440c84ed/Iago-Falque,Success,Not found,4-Jan-90,Not found,174,Spain,FW-MF (AM-WM),Left,2010-2011,20 years,Villarreal B,2010,https://www.transfermarkt.com/iago-falque/profil/spieler/59340
4233,Adam Federici,https://fbref.com/en/players/e5ea8be7/Adam-Federici,Success,Not found,31-Jan-85,Not found,188,Australia,GK,Right,2006-2007,21 years,Reading,2006,https://www.transfermarkt.com/adam-federici/profil/spieler/4233
51681,Chico Flores,https://fbref.com/en/players/95825cf2/Chico-Flores,Success,Not found,6-Mar-87,Not found,187,Spain,DF (CB),Right,2006-2007,19 years,Cádiz,2006,https://www.transfermarkt.com/chico-flores/profil/spieler/51681
33829,José Fonte,https://fbref.com/en/players/90f87966/Jose-Fonte,Success,Not found,"December 22, 1983 (Age: 41-338d)","Penafiel, Portugal",187,Portugal,"DF (CB, right)",Right,2005-2006,21 years,Paços de Ferreira,2005,https://www.transfermarkt.com/jos-fonte/profil/spieler/33829
31553,Danny Fox,https://fbref.com/en/players/857ec97f/Danny-Fox,Success,Not found,29-May-86,Not found,183,Scotland sct  Other: England,"DF-MF (CB-FB-WM, left)",Left,2005-2006,19 years,Walsall,2005,https://www.transfermarkt.com/danny-fox/profil/spieler/31553
107350,Fraser Fyvie,https://fbref.com/en/players/c9c0913c/Fraser-Fyvie,Success,Not found,"March 27, 1993 (Age: 32-243d)","Aberdeen, Scotland, United Kingdom",172,Scotland sct,MF,Not found,2009-2010,16 years,Aberdeen,2009,https://www.transfermarkt.com/fraser-fyvie/profil/spieler/107350
36350,Javi García,https://fbref.com/en/players/8560652b/Javi-Garcia-Almendro,Success,Not found,1-Oct-69,Not found,Not found,Not found,FW,Not found,1992-1993,22 years,Rayo Vallecano,1992,https://www.transfermarkt.com/javi-garca/profil/spieler/36350
7571,Javier Garrido,https://fbref.com/en/players/3b142ce5/Javier-Garrido,Success,Not found,15-Mar-85,Not found,180,Spain,"DF (CB-FB, left)",Left,2004-2005,19 years,Real Sociedad,2004,https://www.transfermarkt.com/javier-garrido/profil/spieler/7571
195488,Paulo Gazzaniga,https://fbref.com/en/players/63d17038/Paulo-Gazzaniga,Success,Not found,"January 2, 1992 (Age: 33-327d)","Chateaubriand, Argentina",196,Argentina,GK,Right,2011-2012,19 years,Gillingham,2011,https://www.transfermarkt.com/paulo-gazzaniga/profil/spieler/195488
82442,Olivier Giroud,https://fbref.com/en/players/16ceb862/Olivier-Giroud,Success,Not found,"September 30, 1986 (Age: 39-056d)","Chambéry, France",192,France,FW,Left,2009-2010,22 years,Tours,2009,https://www.transfermarkt.com/olivier-giroud/profil/spieler/82442
159471,Serge Gnabry,https://fbref.com/en/players/88e357ef/Serge-Gnabry,Success,Not found,"July 14, 1995 (Age: 30-134d)","Stuttgart, Germany",173,Germany,FW-MF (AM-WM),Right,2012-2013,17 years,Arsenal,2012,https://www.transfermarkt.com/serge-gnabry/profil/spieler/159471
90273,Román Golobart,https://fbref.com/en/players/564f1536/Roman-Golobart,Success,Not found,21-Mar-92,Not found,193,Spain,DF (CB),Not found,2011-2012,19 years,Inverness CT,2011,https://www.transfermarkt.com/romn-golobart/profil/spieler/90273
30379,Kaspars Gorkšs,https://fbref.com/en/players/a340b996/Kaspars-Gorkss,Success,Not found,6-Nov-81,Not found,191,Latvia,DF,Right,2003,21 years,Öster,Not found,https://www.transfermarkt.com/kaspars-gorks/profil/spieler/30379
23825,Yoan Gouffran,https://fbref.com/en/players/a28d181a/Yoan-Gouffran,Success,Not found,25-May-86,Not found,176,France,FW-MF (WM),Right,2004-2005,18 years,Caen,2004,https://www.transfermarkt.com/yoan-gouffran/profil/spieler/23825
44065,Esteban Granero,https://fbref.com/en/players/1b17ed86/Esteban-Granero,Success,Not found,2-Jul-87,Not found,180,Spain,MF,Right,2006-2007,19 years,Real Madrid B,2006,https://www.transfermarkt.com/esteban-granero/profil/spieler/44065
43853,Chris Gunter,https://fbref.com/en/players/8593f88c/Christian-Gunter,Success,Not found,"February 28, 1993 (Age: 32-270d)","Villingen-Schwenningen, Germany",184,Germany,"DF-MF (FB-WM, left)",Left,2012-2013,19 years,Freiburg,2012,https://www.transfermarkt.com/chris-gunter/profil/spieler/43853
31067,Jonathan de Guzmán,https://fbref.com/en/players/1bcca8b8/Jonathan-de-Guzman,Success,Not found,"September 13, 1987 (Age: 38-073d)","Toronto, Ontario, Canada",173,Netherlands nl  Other: Canada,MF (AM-CM-DM),Right,2005-2006,17 years,Feyenoord,2005,https://www.transfermarkt.com/jonathan-de-guzmn/profil/spieler/31067
170929,Massadio Haïdara,https://fbref.com/en/players/5167c97e/Massadio-Haidara,Success,Not found,"December 2, 1992 (Age: 32-358d)","Trappes, France",179,Mali ml  Other: France,"DF-MF (FB, left)",Left,2010-2011,17 years,Nancy,2010,https://www.transfermarkt.com/massadio-hadara/profil/spieler/170929
121236,Robert Hall,https://fbref.com/en/players/89602ebf/Robert-Hall,Success,Not found,20-Oct-93,Not found,173,England eng,FW-MF (WM),Right,2011-2012,17 years,MK Dons,2011,https://www.transfermarkt.com/robert-hall/profil/spieler/121236
3634,Ian Harte,https://fbref.com/en/players/fd4fa092/Ian-Harte,Success,Not found,31-Aug-77,Not found,175,Republic of Ireland,"DF (FB, left)",Left,1995-1996,17 years,Leeds United,1995,https://www.transfermarkt.com/ian-harte/profil/spieler/3634
50202,Eden Hazard,https://fbref.com/en/players/a39bb753/Eden-Hazard,Success,Not found,7-Jan-91,Not found,173,Belgium,"FW-MF (AM-WM, left)",Right,2007-2008,16 years,Lille,2007,https://www.transfermarkt.com/eden-hazard/profil/spieler/50202
189740,Ángelo Henríquez,https://fbref.com/en/players/6f3a433e/Angelo-Henriquez,Success,Not found,"April 13, 1994 (Age: 31-226d)","Santiago, Chile",175,Chile,FW,Right,2012-2013,18 years,Wigan Athletic,2012,https://www.transfermarkt.com/ngelo-henrquez/profil/spieler/189740
46220,Pablo Hernández,https://fbref.com/en/players/c0398aca/Pablo-Hernandez,Success,Not found,11-Apr-85,Not found,173,Spain,"FW-MF (AM-WM, right)",Right,2005-2006,20 years,Valencia,2005,https://www.transfermarkt.com/pablo-hernndez/profil/spieler/46220
21496,Brett Holman,https://fbref.com/en/players/4f0d1bbe/Brett-Holman,Success,Not found,27-Mar-84,Not found,177,Australia,FW-MF (AM-WM),Right,2002-2003,18 years,Excelsior,2002,https://www.transfermarkt.com/brett-holman/profil/spieler/21496
55508,Lewis Holtby,https://fbref.com/en/players/410ab123/Lewis-Holtby,Success,Not found,"September 18, 1990 (Age: 35-068d)","Erkelenz, Germany",176,Germany,MF (AM-CM-DM-WM),Left,2007-2008,16 years,AA Aachen,2007,https://www.transfermarkt.com/lewis-holtby/profil/spieler/55508
4624,Jos Hooiveld,https://fbref.com/en/players/f544a6ab/Jos-Hooiveld,Success,Not found,22-Apr-83,Not found,193,Netherlands,DF-MF (CB),Left,2003-2004,20 years,Heerenveen,2003,https://www.transfermarkt.com/jos-hooiveld/profil/spieler/4624
12628,Noel Hunt,https://fbref.com/en/players/6825c1f9/Noel-Hunt,Success,Not found,26-Dec-82,Not found,173,Republic of Ireland,FW-MF (WM),Left,2002-2003,19 years,Dunfermline Ath.,2002,https://www.transfermarkt.com/noel-hunt/profil/spieler/12628
195652,Jordon Ibe,https://fbref.com/en/players/9f736ed2/Jordon-Ibe,Success,Not found,8-Dec-95,Not found,176,England eng,"FW-MF (WM, right)",Right,2011-2012,15 years,Wycombe,2011,https://www.transfermarkt.com/jordon-ibe/profil/spieler/195652
81785,Shinji Kagawa,https://fbref.com/en/players/5afafbfe/Shinji-Kagawa,Success,Not found,"March 17, 1989 (Age: 36-253d)","Kobe, Japan",175,Japan,FW-MF (AM-CM),Right,2010-2011,21 years,Dortmund,2010,https://www.transfermarkt.com/shinji-kagawa/profil/spieler/81785
39049,Kei Kamara,https://fbref.com/en/players/6e3f3809/Kei-Kamara,Success,Not found,"September 1, 1984 (Age: 41-085d)","Kenema, Sierra Leone",188,Sierra Leone,FW,Right,2006,21 years,Columbus Crew,Not found,https://www.transfermarkt.com/kei-kamara/profil/spieler/39049
132098,Harry Kane,https://fbref.com/en/players/21a66f6a/Harry-Kane,Success,Not found,"July 28, 1993 (Age: 32-120d)","Walthamstow, England, United Kingdom",188,England eng,FW,Right,2010-2011,17 years,Leyton Orient,2010,https://www.transfermarkt.com/harry-kane/profil/spieler/132098
61447,Jem Karacan,https://fbref.com/en/players/7027738f/Jem-Karacan,Success,Not found,21-Feb-89,Not found,178,Turkey tr  Other: England,MF (DM),Both,2007-2008,18 years,Bournemouth,2007,https://www.transfermarkt.com/jem-karacan/profil/spieler/61447
6106,Giorgos Karagounis,https://fbref.com/en/players/ed2192d0/Giorgos-Karagounis,Success,Not found,6-Mar-77,Not found,176,Greece,MF,Not found,2000-2001,23 years,Panathinaikos,2000,https://www.transfermarkt.com/giorgos-karagounis/profil/spieler/6106
33822,Jimmy Kébé,https://fbref.com/en/players/ea7c7cdf/Jimmy-Kebe,Success,Not found,19-Jan-84,Not found,187,Mali,"MF (AM-WM, right)",Not found,2007-2008,23 years,Reading,2007,https://www.transfermarkt.com/jimmy-kb/profil/spieler/33822
133392,Billy Knott,https://fbref.com/en/players/49809c96/Billy-Knott,Success,Not found,28-Nov-92,Not found,173,England eng,MF,Right,2011-2012,18 years,AFC Wimbledon,2011,https://www.transfermarkt.com/billy-knott/profil/spieler/133392
8552,Arouna Koné,https://fbref.com/en/players/f9a72ca4/Arouna-Kone,Success,Not found,11-Nov-83,Not found,182,Côte d'Ivoire,FW,Right,2003-2004,19 years,Roda JC,2003,https://www.transfermarkt.com/arouna-kon/profil/spieler/8552
43530,Adam Lallana,https://fbref.com/en/players/99813635/Adam-Lallana,Success,Not found,10-May-88,Not found,173,England eng,FW-MF (AM-CM-WM),Right,2006-2007,18 years,Southampton,2006,https://www.transfermarkt.com/adam-lallana/profil/spieler/43530
35035,Roland Lamah,https://fbref.com/en/players/336a36fb/Roland-Lamah,Success,Not found,31-Dec-87,Not found,180,Belgium be  Other: Côte d'Ivoire,"FW-MF (WM, left)",Left,2006-2007,18 years,Anderlecht,2006,https://www.transfermarkt.com/roland-lamah/profil/spieler/35035
49655,Rickie Lambert,https://fbref.com/en/players/495de82c/Rickie-Lambert,Success,Not found,16-Feb-82,Not found,187,England eng,FW,Right,2002-2003,20 years,Stockport,2002,https://www.transfermarkt.com/rickie-lambert/profil/spieler/49655
46106,Adam le Fondre,https://fbref.com/en/players/f3a77fec/Adam-le-Fondre,Success,Not found,2-Dec-86,Not found,177,Not found,FW,Right,2004-2005,17 years,Stockport,2004,https://www.transfermarkt.com/adam-le-fondre/profil/spieler/46106
14041,Mikele Leigertwood,https://fbref.com/en/players/3cd9228b/Mikele-Leigertwood,Success,Not found,12-Nov-82,Not found,188,Antigua and Barbuda ag  Other: England,DF-MF (DM),Not found,2002-2003,19 years,Wimbledon,2002,https://www.transfermarkt.com/mikele-leigertwood/profil/spieler/14041
17965,Hugo Lloris,https://fbref.com/en/players/8f62b6ee/Hugo-Lloris,Success,Not found,"December 26, 1986 (Age: 38-334d)","Nice, France",188,France,GK,Left,2005-2006,18 years,Nice,2005,https://www.transfermarkt.com/hugo-lloris/profil/spieler/17965
102258,Matthew Lowton,https://fbref.com/en/players/9a9c05db/Matthew-Lowton,Success,Not found,9-Jun-89,Not found,180,Not found,"DF (FB, right)",Right,2009-2010,20 years,Ferencváros,2009,https://www.transfermarkt.com/matthew-lowton/profil/spieler/102258
46831,Modibo Maïga,https://fbref.com/en/players/a546477d/Modibo-Maiga,Success,Not found,3-Sep-87,Not found,185,Mali,FW-MF (WM),Left,2007-2008,19 years,Le Mans,2007,https://www.transfermarkt.com/modibo-maga/profil/spieler/46831
218144,Mikael Mandron,https://fbref.com/en/players/47a26e7c/Mikael-Mandron,Success,Not found,"October 11, 1994 (Age: 31-045d)","Boulogne-sur-Mer, France",191,Not found,FW,Right,2012-2013,17 years,Sunderland,2012,https://www.transfermarkt.com/mikael-mandron/profil/spieler/218144
4796,Kader Mangane,https://fbref.com/en/players/dbb10755/Kader-Mangane,Success,Not found,23-Mar-83,Not found,193,Senegal,DF-MF (CB),Right,2003-2004,20 years,Xamax,2003,https://www.transfermarkt.com/kader-mangane/profil/spieler/4796
33781,Vito Mannone,https://fbref.com/en/players/c4173f1a/Vito-Mannone,Success,Not found,"March 2, 1988 (Age: 37-268d)","Desio, Italy",191,Italy,GK,Right,2006-2007,18 years,Barnsley,2006,https://www.transfermarkt.com/vito-mannone/profil/spieler/33781
36233,Stanislav Manolev,https://fbref.com/en/players/42138efa/Stanislav-Manolev,Success,Not found,16-Dec-85,Not found,185,Bulgaria,"DF-MF (FB, right)",Right,2009-2010,23 years,PSV Eindhoven,2009,https://www.transfermarkt.com/stanislav-manolev/profil/spieler/36233
38145,Adrian Mariappa,https://fbref.com/en/players/8aa5f52c/Adrian-Mariappa,Success,Not found,"October 3, 1986 (Age: 39-053d)","Harrow, England, United Kingdom",180,Jamaica jm  Other: England,"DF (CB, right)",Right,2005-2006,18 years,Watford,2005,https://www.transfermarkt.com/adrian-mariappa/profil/spieler/38145
35251,Marko Marin,https://fbref.com/en/players/a022e78c/Marko-Marin,Success,Not found,13-Mar-89,Not found,170,Germany de  Other: Bosnia and Herzegovina,FW-MF (AM-WM),Right,2006-2007,17 years,Gladbach,2006,https://www.transfermarkt.com/marko-marin/profil/spieler/35251
55709,Emmanuel Mayuka,https://fbref.com/en/players/126fd532/Emmanuel-Mayuka,Success,Not found,21-Nov-90,Not found,180,Zambia,FW,Both,2010-2011,19 years,Young Boys,2010,https://www.transfermarkt.com/emmanuel-mayuka/profil/spieler/55709
27470,Stéphane Mbia,https://fbref.com/en/players/c39d9657/Stephane-Mbia,Success,Not found,20-May-86,Not found,190,Cameroon,DF-MF (CB-DM),Right,2004-2005,18 years,Rennes,2004,https://www.transfermarkt.com/stphane-mbia/profil/spieler/27470
14047,Jobi McAnuff,https://fbref.com/en/players/0f602616/Jobi-McAnuff,Success,Not found,9-Nov-81,Not found,180,Jamaica jm  Other: England,MF (CM),Right,2001-2002,19 years,Wimbledon,2001,https://www.transfermarkt.com/jobi-mcanuff/profil/spieler/14047
95976,Alex McCarthy,https://fbref.com/en/players/36c2ca73/Alex-McCarthy,Success,Not found,"December 3, 1989 (Age: 35-357d)","Guildford, England, United Kingdom",193,England eng,GK,Right,2007-2008,17 years,Woking,2007,https://www.transfermarkt.com/alex-mccarthy/profil/spieler/95976
3775,George McCartney,https://fbref.com/en/players/f6c4946d/George-McCartney,Success,Not found,29-Apr-81,Not found,183,Northern Ireland nir,DF,Left,2000-2001,19 years,Sunderland,2000,https://www.transfermarkt.com/george-mccartney/profil/spieler/3775
69653,Garath McCleary,https://fbref.com/en/players/3d383df8/Garath-McCleary,Success,Not found,"May 15, 1987 (Age: 38-194d)","Oxford, England, United Kingdom",188,Jamaica jm  Other: England,FW-MF (AM-WM),Right,2007-2008,20 years,Nott'ham Forest,2007,https://www.transfermarkt.com/garath-mccleary/profil/spieler/69653
70789,Michu,https://fbref.com/en/players/98429b7b/Michu,Success,Not found,21-Mar-86,Not found,185,Spain,FW-MF (AM),Left,2007-2008,21 years,Celta Vigo,2007,https://www.transfermarkt.com/michu/profil/spieler/70789
33639,Kevin Mirallas,https://fbref.com/en/players/aa51343f/Kevin-Mirallas,Success,Not found,5-Oct-87,Not found,182,Belgium,FW-MF (AM-WM),Right,2004-2005,16 years,Lille,2004,https://www.transfermarkt.com/kevin-mirallas/profil/spieler/33639
154293,Adam Mitchell,https://fbref.com/en/players/c2a4ce02/Adam-Mitchell,Success,Not found,18-Oct-93,Not found,Not found,Not found,FW-MF (WM),Not found,2012-2013,18 years,Sunderland,2012,https://www.transfermarkt.com/adam-mitchell/profil/spieler/154293
43003,Nacho Monreal,https://fbref.com/en/players/d4cb83cc/Nacho-Monreal,Success,Not found,26-Feb-86,Not found,178,Spain,"DF (FB, left)",Left,2006-2007,20 years,Osasuna,2006,https://www.transfermarkt.com/nacho-monreal/profil/spieler/43003
79723,Sean Morrison,https://fbref.com/en/players/09fec029/Sean-Morrison,Success,Not found,8-Jan-91,Not found,193,Not found,"DF (CB, right)",Right,2007-2008,16 years,Swindon Town,2007,https://www.transfermarkt.com/sean-morrison/profil/spieler/79723
33195,Ján Mucha,https://fbref.com/en/players/1fa82e32/Jan-Mucha,Success,Not found,5-Dec-82,Not found,189,Slovakia,GK,Right,2006-2007,23 years,Legia Warsaw,2006,https://www.transfermarkt.com/jn-mucha/profil/spieler/33195
77737,Alfred N'Diaye,https://fbref.com/en/players/7789bf63/Alfred-NDiaye,Success,Not found,6-Mar-90,Not found,188,Senegal sn  Other: France,DF-MF (CM-DM),Right,2008-2009,18 years,Nancy,2008,https://www.transfermarkt.com/alfred-ndiaye/profil/spieler/77737
12763,Steven Naismith,https://fbref.com/en/players/5e98c186/Steven-Naismith,Success,Not found,14-Sep-86,Not found,178,Scotland sct,FW-MF (AM),Right,2003-2004,16 years,Kilmarnock,2003,https://www.transfermarkt.com/steven-naismith/profil/spieler/12763
143559,Matija Nastasić,https://fbref.com/en/players/f35430a4/Matija-Nastasic,Success,Not found,28-Mar-93,Not found,187,Serbia,"DF (CB, left)",Left,2011-2012,18 years,Fiorentina,2011,https://www.transfermarkt.com/matija-nastasi/profil/spieler/143559
34672,Joey O'Brien,https://fbref.com/en/players/ce46f501/Joey-OBrien,Success,Not found,17-Feb-86,Not found,180,Republic of Ireland,"DF-MF (DM-FB, left & right)",Right,2004-2005,18 years,Sheffield Weds,2004,https://www.transfermarkt.com/joey-obrien/profil/spieler/34672
85314,Oscar,https://fbref.com/en/players/fc647b34/Oscar-Trejo,Success,Not found,"April 26, 1988 (Age: 37-213d)","Santiago del Estero, Argentina",177,Not found,FW-MF (AM),Right,2006-2007,18 years,Mallorca,2006,https://www.transfermarkt.com/oscar/profil/spieler/85314
124983,Bryan Oviedo,https://fbref.com/en/players/31faf295/Bryan-Oviedo,Success,Not found,"February 18, 1990 (Age: 35-280d)","San José, Costa Rica",172,Costa Rica,"DF-MF (CB-FB-WM, left)",Left,2009-2010,19 years,FC Copenhagen,2009,https://www.transfermarkt.com/bryan-oviedo/profil/spieler/124983
47768,Alex Pearce,https://fbref.com/en/players/66e0514a/Alex-Pearce,Success,Not found,9-Nov-88,Not found,188,"Republic of Ireland ie  Other: England , Scotland",DF-MF (CB),Right,2006-2007,17 years,Northampton,2006,https://www.transfermarkt.com/alex-pearce/profil/spieler/47768
2874,Mladen Petrić,https://fbref.com/en/players/2cc63c53/Mladen-Petric,Success,Not found,1-Jan-81,Not found,185,Croatia hr  Other: Bosnia and Herzegovina,FW,Left,2003-2004,22 years,Grasshopper,2003,https://www.transfermarkt.com/mladen-petri/profil/spieler/2874
176485,Lucas Piazon,https://fbref.com/en/players/f201798c/Lucas-Piazon,Success,Not found,"January 20, 1994 (Age: 31-309d)","São Paulo, Brazil",182,Brazil,FW-MF (AM-WM),Right,2012-2013,18 years,Málaga,2012,https://www.transfermarkt.com/lucas-piazon/profil/spieler/176485
15185,Lukas Podolski,https://fbref.com/en/players/88f0a9a0/Lukas-Podolski,Success,Not found,"June 4, 1985 (Age: 40-174d)","Gliwice, Poland",181,Germany de  Other: Poland,FW-MF (AM),Left,2003-2004,18 years,Köln,2003,https://www.transfermarkt.com/lukas-podolski/profil/spieler/15185
1094,Emanuel Pogatetz,https://fbref.com/en/players/6b08d120/Emanuel-Pogatetz,Success,Not found,16-Jan-83,Not found,190,Austria,"DF (CB-FB, left)",Left,2003-2004,20 years,Grazer AK,2003,https://www.transfermarkt.com/emanuel-pogatetz/profil/spieler/1094
19721,Goran Popov,https://fbref.com/en/players/4b7fd1e2/Goran-Popov,Success,Not found,2-Oct-84,Not found,189,North Macedonia,"DF-MF (FB-WM, left)",Left,2003-2004,18 years,AEK Athens,2003,https://www.transfermarkt.com/goran-popov/profil/spieler/19721
207037,Dan Potts,https://fbref.com/en/players/3595affe/Dan-Potts,Success,Not found,13-Apr-94,Not found,173,England eng,"DF (FB, left)",Left,2011-2012,17 years,West Ham,2011,https://www.transfermarkt.com/dan-potts/profil/spieler/207037
134424,Nick Powell,https://fbref.com/en/players/05ca4fcb/Nick-Powell,Success,Not found,"March 23, 1994 (Age: 31-247d)","Crewe, England, United Kingdom",183,England eng,FW-MF (AM),Right,2010-2011,16 years,Crewe Alexandra,2010,https://www.transfermarkt.com/nick-powell/profil/spieler/134424
22801,Guly do Prado,https://fbref.com/en/players/3ed6e788/Guly-do-Prado,Success,Not found,31-Dec-81,Not found,190,Not found,FW-MF (AM-CM),Right,2002-2003,20 years,Catania,2002,https://www.transfermarkt.com/guly-do-prado/profil/spieler/22801
123742,Gastón Ramírez,https://fbref.com/en/players/2c851997/Gaston-Ramirez,Success,Not found,"December 2, 1990 (Age: 34-358d)","Fray Bentos, Uruguay",183,Uruguay,FW-MF (AM),Left,2010-2011,19 years,Bologna,2010,https://www.transfermarkt.com/gastn-ramrez/profil/spieler/123742
26066,Iván Ramis,https://fbref.com/en/players/d2be40f2/Ivan-Ramis,Success,Not found,25-Oct-84,Not found,188,Spain,DF (CB),Right,2003-2004,18 years,Mallorca,2003,https://www.transfermarkt.com/ivn-ramis/profil/spieler/26066
171234,Ben Reeves,https://fbref.com/en/players/4db1f85d/Ben-Reeves,Success,Not found,"November 19, 1991 (Age: 34-006d)","Verwood, England, United Kingdom",177,Northern Ireland nir  Other: England,MF,Left,2011-2012,19 years,Dag & Red,2011,https://www.transfermarkt.com/ben-reeves/profil/spieler/171234
182579,Karim Rekik,https://fbref.com/en/players/3376a776/Karim-Rekik,Success,Not found,2-Dec-94,Not found,186,Netherlands,"DF (CB, left)",Left,2011-2012,16 years,Portsmouth,2011,https://www.transfermarkt.com/karim-rekik/profil/spieler/182579
45121,Loïc Rémy,https://fbref.com/en/players/5c2da10f/Loic-Remy,Success,Not found,2-Jan-87,Not found,184,France,FW,Right,2006-2007,19 years,Lyon,2006,https://www.transfermarkt.com/loc-rmy/profil/spieler/45121
4094,Frazer Richardson,https://fbref.com/en/players/4b3d3a68/Frazer-Richardson,Success,Not found,29-Oct-82,Not found,181,Not found,DF (FB),Right,2002-2003,19 years,Stoke City,2002,https://www.transfermarkt.com/frazer-richardson/profil/spieler/4094
1662,Sascha Riether,https://fbref.com/en/players/3cb009c5/Sascha-Riether,Success,Not found,23-Mar-83,Not found,174,Germany,"DF-MF (CM-FB, right)",Right,2003-2004,20 years,Freiburg,2003,https://www.transfermarkt.com/sascha-riether/profil/spieler/1662
101118,Joel Robles,https://fbref.com/en/players/cda0b317/Joel-Robles,Success,Not found,"June 17, 1990 (Age: 35-161d)","Getafe, Spain",195,Spain,GK,Right,2009-2010,19 years,Atlético Madrid,2009,https://www.transfermarkt.com/joel-robles/profil/spieler/101118
65976,Hal Robson-Kanu,https://fbref.com/en/players/fb2dec57/Hal-Robson-Kanu,Success,Not found,21-May-89,Not found,183,Wales wls  Other: England,FW-MF (AM-WM),Left,2007-2008,18 years,Southend United,2007,https://www.transfermarkt.com/hal-robson-kanu/profil/spieler/65976
53360,Jay Rodriguez,https://fbref.com/en/players/4ab53cdb/Jay-Rodriguez,Success,Not found,"July 29, 1989 (Age: 36-119d)","Burnley, England, United Kingdom",185,England eng,FW-MF,Right,2007-2008,18 years,Stirling Albion,2007,https://www.transfermarkt.com/jay-rodriguez/profil/spieler/53360
27505,Markus Rosenberg,https://fbref.com/en/players/5faa73aa/Markus-Rosenberg,Success,Not found,27-Sep-82,Not found,184,Sweden,FW,Right,2001,18 years,Malmö,Not found,https://www.transfermarkt.com/markus-rosenberg/profil/spieler/27505
31095,Nuri Şahin,https://fbref.com/en/players/f4081572/Nuri-Sahin,Success,Not found,5-Sep-88,Not found,180,Turkey tr  Other: Germany,MF (DM),Left,2005-2006,16 years,Dortmund,2005,https://www.transfermarkt.com/nuri-ahin/profil/spieler/31095
203784,Dominic Samuel,https://fbref.com/en/players/65829d85/Dominic-Samuel,Success,Not found,"April 11, 1994 (Age: 31-228d)","Southwark, England, United Kingdom",182,England eng,FW-MF,Right,2012-2013,18 years,Colchester Utd,2012,https://www.transfermarkt.com/dominic-samuel/profil/spieler/203784
56818,Morgan Schneiderlin,https://fbref.com/en/players/51b41c5c/Morgan-Schneiderlin,Success,Not found,8-Nov-89,Not found,181,France,MF (CM-DM),Right,2007-2008,17 years,Strasbourg,2007,https://www.transfermarkt.com/morgan-schneiderlin/profil/spieler/56818
49542,Billy Sharp,https://fbref.com/en/players/e8c9f4e9/Billy-Sharp,Success,Not found,"February 5, 1986 (Age: 39-293d)","Sheffield, England, United Kingdom",175,Not found,FW,Right,2004-2005,18 years,R&D,2004,https://www.transfermarkt.com/billy-sharp/profil/spieler/49542
183288,Luke Shaw,https://fbref.com/en/players/9c94165b/Luke-Shaw,Success,Not found,"July 12, 1995 (Age: 30-136d)","Kingston upon Thames, England, United Kingdom",185,England eng,"DF-MF (FB-WM, left)",Left,2012-2013,17 years,Southampton,2012,https://www.transfermarkt.com/luke-shaw/profil/spieler/183288
71107,Brek Shea,https://fbref.com/en/players/adb6ae24/Brek-Shea,Success,Not found,28-Feb-90,Not found,191,United States,"DF-FW-MF (AM-WM, left)",Left,2008,17 years,FC Dallas,Not found,https://www.transfermarkt.com/brek-shea/profil/spieler/71107
44760,Itay Shechter,https://fbref.com/en/players/adfc4cc1/Itay-Shechter,Success,Not found,22-Feb-87,Not found,178,Israel,FW,Both,2011-2012,24 years,Kaiserslautern,2011,https://www.transfermarkt.com/itay-shechter/profil/spieler/44760
18301,Maicon Sisenando,https://fbref.com/en/players/fbc5d136/Maicon-Sisenando,Success,Not found,26-Jul-81,Not found,184,Brazil,"DF (FB, right)",Right,2004-2005,23 years,Monaco,2004,https://www.transfermarkt.com/maicon-sisenando/profil/spieler/18301
46001,Moussa Sissoko,https://fbref.com/en/players/2acd49b9/Moussa-Sissoko,Success,Not found,"August 16, 1989 (Age: 36-101d)","Le Blanc-Mesnil, France",187,France,"FW-MF (AM-CM-DM-WM, right)",Right,2007-2008,17 years,Toulouse,2007,https://www.transfermarkt.com/moussa-sissoko/profil/spieler/46001
33754,Alex Smith,https://fbref.com/en/players/bb91617c/Alex-Smithies,Success,Not found,5-Mar-90,Not found,185,England eng,GK,Right,2007-2008,17 years,Huddersfield,2007,https://www.transfermarkt.com/alex-smith/profil/spieler/33754
22614,Robert Snodgrass,https://fbref.com/en/players/9f4647e9/Robert-Snodgrass,Success,Not found,7-Sep-87,Not found,182,Scotland sct,FW-MF (AM-DM-WM),Left,2004-2005,16 years,Livingston,2004,https://www.transfermarkt.com/robert-snodgrass/profil/spieler/22614
85706,Enda Stevens,https://fbref.com/en/players/17d4507a/Enda-Stevens,Success,Not found,9-Jul-90,Not found,183,Republic of Ireland,"DF-MF (DM-FB-WM, left)",Left,2012-2013,22 years,Aston Villa,2012,https://www.transfermarkt.com/enda-stevens/profil/spieler/85706
81796,Ki Sung-yueng,https://fbref.com/en/players/1d8c99b0/Ki-Sung-yueng,Success,Not found,"January 24, 1989 (Age: 36-305d)","Gwangju, Korea Republic",187,Korea Republic,MF (CM-DM),Right,2009-2010,20 years,Celtic,2009,https://www.transfermarkt.com/ki-sung-yueng/profil/spieler/81796
111961,Suso,https://fbref.com/en/players/ac78902c/Suso-Santana,Success,Not found,2-Mar-85,Not found,177,Not found,"FW-MF (AM-WM, right)",Not found,2006-2007,21 years,Tenerife,2006,https://www.transfermarkt.com/suso/profil/spieler/111961
160080,Yacouba Sylla,https://fbref.com/en/players/f121f4b7/Yacouba-Sylla,Success,Not found,"November 29, 1990 (Age: 34-361d)","Étampes, France",184,Mali ml  Other: France,MF,Right,2010-2011,19 years,Clermont Foot,2010,https://www.transfermarkt.com/yacouba-sylla/profil/spieler/160080
42284,Jay Tabb,https://fbref.com/en/players/69cc718f/Jay-Tabb,Success,Not found,21-Feb-84,Not found,170,Republic of Ireland ie  Other: England,MF (CM-WM),Left,2002-2003,18 years,Brentford,2002,https://www.transfermarkt.com/jay-tabb/profil/spieler/42284
62094,James Tavernier,https://fbref.com/en/players/be765073/James-Tavernier,Success,Not found,"October 31, 1991 (Age: 34-025d)","Bradford, England, United Kingdom",182,Not found,"DF (FB, right)",Right,2010-2011,18 years,Gateshead,2010,https://www.transfermarkt.com/james-tavernier/profil/spieler/62094
3190,Stuart Taylor,https://fbref.com/en/players/30871c08/Stuart-Taylor,Success,Not found,28-Nov-80,Not found,196,England eng,GK,Right,2001-2002,20 years,Arsenal,2001,https://www.transfermarkt.com/stuart-taylor/profil/spieler/3190
12384,Alexander Tettey,https://fbref.com/en/players/75566759/Alexander-Tettey,Success,Not found,4-Apr-86,Not found,180,Norway no  Other: Ghana,MF (DM),Right,2004,17 years,Rosenborg,Not found,https://www.transfermarkt.com/alexander-tettey/profil/spieler/12384
29356,Dwight Tiendalli,https://fbref.com/en/players/e7a1007d/Dwight-Tiendalli,Success,Not found,21-Oct-85,Not found,180,Netherlands nl  Other: Suriname,DF (FB),Right,2004-2005,18 years,Utrecht,2004,https://www.transfermarkt.com/dwight-tiendalli/profil/spieler/29356
61842,Andros Townsend,https://fbref.com/en/players/b28bbd58/Andros-Townsend,Success,Not found,"July 16, 1991 (Age: 34-132d)","Leytonstone, England, United Kingdom",183,England eng,"FW-MF (AM-WM, right)",Left,2008-2009,17 years,Yeovil Town,2008,https://www.transfermarkt.com/andros-townsend/profil/spieler/61842
9413,Ricardo Vaz Tê,https://fbref.com/en/players/238aa706/Ricardo-Vaz-Te,Success,Not found,1-Oct-86,Not found,188,Portugal,FW-MF,Right,2003-2004,16 years,Bolton,2003,https://www.transfermarkt.com/ricardo-vaz-t/profil/spieler/9413
43250,Jan Vertonghen,https://fbref.com/en/players/ba23a904/Jan-Vertonghen,Success,Not found,24-Apr-87,Not found,189,Belgium,"DF (CB-FB, left)",Left,2006-2007,19 years,RKC Waalwijk,2006,https://www.transfermarkt.com/jan-vertonghen/profil/spieler/43250
30697,Ron Vlaar,https://fbref.com/en/players/366f6f12/Ron-Vlaar,Success,Not found,16-Feb-85,Not found,189,Netherlands,"DF (CB, right)",Right,2004-2005,19 years,AZ Alkmaar,2004,https://www.transfermarkt.com/ron-vlaar/profil/spieler/30697
181579,James Ward-Prowse,https://fbref.com/en/players/3515d404/James-Ward-Prowse,Success,Not found,"November 1, 1994 (Age: 31-024d)","Portsmouth, England, United Kingdom",173,England eng,MF (AM-CM-DM),Right,2012-2013,17 years,Southampton,2012,https://www.transfermarkt.com/james-ward-prowse/profil/spieler/181579
91317,Ashley Westwood,https://fbref.com/en/players/495945ef/Ashley-Westwood,Success,Not found,"April 1, 1990 (Age: 35-238d)","Nantwich, England, United Kingdom",170,Not found,"MF (CM-DM-WM, right)",Right,2008-2009,18 years,Crewe Alexandra,2008,https://www.transfermarkt.com/ashley-westwood/profil/spieler/91317
12704,Steven Whittaker,https://fbref.com/en/players/06f81a8c/Steven-Whittaker,Success,Not found,16-Jun-84,Not found,185,Scotland sct,"DF-MF (FB, right)",Right,2001-2002,17 years,Hibernian,2001,https://www.transfermarkt.com/steven-whittaker/profil/spieler/12704
128287,Derrick Williams,https://fbref.com/en/players/c0a28fbd/Derrick-Williams,Success,Not found,"January 17, 1993 (Age: 32-312d)","Hamburg, Germany",180,Republic of Ireland ie  Other: Germany,"DF (CB-FB, left)",Left,2012-2013,19 years,Aston Villa,2012,https://www.transfermarkt.com/derrick-williams/profil/spieler/128287
128912,Andre Wisdom,https://fbref.com/en/players/ab6a3628/Andre-Wisdom,Success,Not found,9-May-93,Not found,186,England eng,"DF (CB-FB, right)",Right,2012-2013,19 years,Liverpool,2012,https://www.transfermarkt.com/andre-wisdom/profil/spieler/128912
45330,Claudio Yacob,https://fbref.com/en/players/bda6ffd4/Claudio-Yacob,Success,Not found,18-Jul-87,Not found,198,Argentina,MF (CM-DM),Right,2012-2013,25 years,West Brom,2012,https://www.transfermarkt.com/claudio-yacob/profil/spieler/45330
57480,Mapou Yanga-Mbiwa,https://fbref.com/en/players/20573d10/Mapou-Yanga-Mbiwa,Success,Not found,"May 15, 1989 (Age: 36-194d)","Bangui, Central African Republic",184,France fr  Other: Central African Republic,DF (CB),Right,2009-2010,20 years,Montpellier,2009,https://www.transfermarkt.com/mapou-yanga-mbiwa/profil/spieler/57480
81789,Maya Yoshida,https://fbref.com/en/players/caffaf5a/Maya-Yoshida,Success,Not found,"August 24, 1988 (Age: 37-093d)","Nagasaki-shi, Japan",189,Japan,DF (CB),Right,2010-2011,21 years,VVV-Venlo,2010,https://www.transfermarkt.com/maya-yoshida/profil/spieler/81789
34495,Adrián,https://fbref.com/en/players/57ebd662/Adrian-Gonzalez,Success,Not found,25-May-88,Not found,183,Spain,MF (AM-CM),Left,2006-2007,18 years,Real Madrid B,2006,https://www.transfermarkt.com/adrin/profil/spieler/34495
197642,Chuba Akpom,https://fbref.com/en/players/e2b384d2/Chuba-Akpom,Success,Not found,"October 9, 1995 (Age: 30-047d)","Newham, England, United Kingdom",183,England eng,FW-MF,Right,2013-2014,17 years,Brentford,2013,https://www.transfermarkt.com/chuba-akpom/profil/spieler/197642
44352,Luis Alberto,https://fbref.com/en/players/5294a83f/Luis-Alberto,Success,Not found,"September 28, 1992 (Age: 33-058d)","San José del Valle, Spain",182,Spain,"FW-MF (AM-CM-WM, left)",Right,2010-2011,17 years,Sevilla,2010,https://www.transfermarkt.com/luis-alberto/profil/spieler/44352
39378,Jozy Altidore,https://fbref.com/en/players/8db8ad1e/Jozy-Altidore,Success,Not found,6-Nov-89,Not found,185,United States,FW,Right,2006,16 years,NY Red Bulls,Not found,https://www.transfermarkt.com/jozy-altidore/profil/spieler/39378
42198,Sone Aluko,https://fbref.com/en/players/5a75d4cc/Sone-Aluko,Success,Not found,19-Feb-89,Not found,173,Nigeria ng  Other: England,FW-MF (AM),Left,2007-2008,18 years,Aberdeen,2007,https://www.transfermarkt.com/sone-aluko/profil/spieler/42198
39883,Morgan Amalfitano,https://fbref.com/en/players/ab914649/Morgan-Amalfitano,Success,Not found,20-Mar-85,Not found,176,France,MF (AM),Right,2006-2007,21 years,Sedan,2006,https://www.transfermarkt.com/morgan-amalfitano/profil/spieler/39883
85289,Jordi Amat,https://fbref.com/en/players/d70a2141/Jordi-Amat,Success,Not found,"March 21, 1992 (Age: 33-249d)","Canet de Mar, Spain",184,Indonesia id  Other: Spain,DF (CB),Right,2009-2010,17 years,Espanyol,2009,https://www.transfermarkt.com/jordi-amat/profil/spieler/85289
35548,Fernando Amorebieta,https://fbref.com/en/players/b2bbc0ec/Fernando-Amorebieta,Success,Not found,29-Mar-85,Not found,192,Venezuela ve  Other: Spain,DF (CB),Right,2005-2006,20 years,Athletic Club,2005,https://www.transfermarkt.com/fernando-amorebieta/profil/spieler/35548
73786,Pablo Armero,https://fbref.com/en/players/afabf74e/Pablo-Armero,Success,Not found,2-Nov-86,Not found,174,Colombia,"DF-MF (FB-WM, left)",Left,2010-2011,23 years,Udinese,2010,https://www.transfermarkt.com/pablo-armero/profil/spieler/73786
250426,Adam Armstrong,https://fbref.com/en/players/68c720b5/Adam-Armstrong,Success,Not found,"February 10, 1997 (Age: 28-288d)","Newcastle upon Tyne, England, United Kingdom",172,England eng,FW-MF (AM),Right,2013-2014,16 years,Newcastle Utd,2013,https://www.transfermarkt.com/adam-armstrong/profil/spieler/250426
41384,Marko Arnautović,https://fbref.com/en/players/00459419/Marko-Arnautovic,Success,Not found,"April 19, 1989 (Age: 36-220d)",Austria,192,Austria,FW-MF (AM-WM),Right,2006-2007,17 years,Twente,2006,https://www.transfermarkt.com/marko-arnautovi/profil/spieler/41384
72047,Iago Aspas,https://fbref.com/en/players/7dcf86f6/Iago-Aspas,Success,Not found,"August 1, 1987 (Age: 38-116d)","Moaña, Spain",176,Spain,FW-MF,Left,2010-2011,22 years,Celta Vigo,2010,https://www.transfermarkt.com/iago-aspas/profil/spieler/72047
169090,El-Hadji Ba,https://fbref.com/en/players/8fb79730/Daouda-El-Hadji-Ba,Success,Not found,28-Nov-88,Not found,177,Not found,DF,Not found,2017-2018,28 years,Martigues,2017,https://www.transfermarkt.com/el-hadji-ba/profil/spieler/169090
126014,Leandro Bacuna,https://fbref.com/en/players/9dc69d38/Leandro-Bacuna,Success,Not found,"August 21, 1991 (Age: 34-096d)","Groningen, Netherlands",187,"Curaçao cw  Other: Netherlands Antilles , Netherlands","DF-MF (CM-DM-FB-WM, right)",Right,2009-2010,17 years,Groningen,2009,https://www.transfermarkt.com/leandro-bacuna/profil/spieler/126014
245537,Nabil Bentaleb,https://fbref.com/en/players/3189f61a/Nabil-Bentaleb,Success,Not found,"November 24, 1994 (Age: 31-001d)","Lille, France",187,Algeria dz  Other: France,MF (CM-DM),Left,2013-2014,18 years,Tottenham,2013,https://www.transfermarkt.com/nabil-bentaleb/profil/spieler/245537
128897,Saido Berahino,https://fbref.com/en/players/25b166d0/Saido-Berahino,Success,Not found,4-Aug-93,Not found,179,Burundi bi  Other: England,FW-MF,Right,2011-2012,17 years,Northampton,2011,https://www.transfermarkt.com/saido-berahino/profil/spieler/128897
181477,Thievy Bifouma,https://fbref.com/en/players/5978dc3c/Thievy-Bifouma,Success,Not found,"May 13, 1992 (Age: 33-196d)","Saint-Denis, France",180,Congo cg  Other: France,FW-MF (AM),Right,2010-2011,18 years,Espanyol,2010,https://www.transfermarkt.com/thievy-bifouma/profil/spieler/181477
128375,Kim Bo-kyung,https://fbref.com/en/players/587ddfd6/Kim-Bo-kyung,Success,Not found,"October 6, 1989 (Age: 36-050d)","Gurye-gun, Korea Republic",178,Korea Republic,MF (AM),Left,2012-2013,22 years,Cardiff City,2012,https://www.transfermarkt.com/kim-bo-kyung/profil/spieler/128375
18091,Derek Boateng,https://fbref.com/en/players/e9ef3a0d/Derek-Boateng,Success,Not found,2-May-83,Not found,183,Ghana,MF (DM),Right,2000-2001,17 years,Kalamata,2000,https://www.transfermarkt.com/derek-boateng/profil/spieler/18091
75471,Yannick Bolasie,https://fbref.com/en/players/715fc0fe/Yannick-Bolasie,Success,Not found,"May 24, 1989 (Age: 36-185d)","Lyon, France",185,Congo DR cd  Other: France,FW-MF (AM-WM),Right,2008-2009,19 years,R&D,2008,https://www.transfermarkt.com/yannick-bolasie/profil/spieler/75471
81808,Wilfried Bony,https://fbref.com/en/players/61abe9b6/Wilfried-Bony,Success,Not found,10-Dec-88,Not found,183,Côte d'Ivoire,FW,Right,2009-2010,20 years,Sparta Prague,2009,https://www.transfermarkt.com/wilfried-bony/profil/spieler/81808
5825,Marco Borriello,https://fbref.com/en/players/a889ffc7/Marco-Borriello,Success,Not found,18-Jun-82,Not found,186,Italy,FW,Both,2002-2003,20 years,Empoli,2002,https://www.transfermarkt.com/marco-borriello/profil/spieler/5825
45623,George Boyd,https://fbref.com/en/players/0a9048ce/George-Boyd,Success,Not found,2-Oct-85,Not found,185,Scotland sct  Other: England,FW-MF (WM),Left,2006-2007,20 years,Stevenage,2006,https://www.transfermarkt.com/george-boyd/profil/spieler/45623
128229,Robbie Brady,https://fbref.com/en/players/96bb8cc2/Robbie-Brady,Success,Not found,"January 14, 1992 (Age: 33-315d)","Dublin, Republic of Ireland",178,Republic of Ireland,DF-FW-MF (FB-WM),Left,2011-2012,19 years,Hull City,2011,https://www.transfermarkt.com/robbie-brady/profil/spieler/128229
40612,Liam Bridcutt,https://fbref.com/en/players/d6066695/Liam-Bridcutt,Success,Not found,8-May-89,Not found,175,Scotland sct  Other: England,DF-MF (CM-DM),Right,2007-2008,18 years,Yeovil Town,2007,https://www.transfermarkt.com/liam-bridcutt/profil/spieler/40612
37957,Alex Bruce,https://fbref.com/en/players/102ed2b2/Alex-Bruce,Success,Not found,28-Sep-84,Not found,180,"Northern Ireland nir  Other: England , Republic of Ireland",DF,Right,2004-2005,19 years,Sheffield Weds,2004,https://www.transfermarkt.com/alex-bruce/profil/spieler/37957
134270,Dan Burn,https://fbref.com/en/players/b2d31e83/Dan-Burn,Success,Not found,"May 9, 1992 (Age: 33-200d)","Blyth, England, United Kingdom",198,England eng,"DF (CB-FB, left)",Left,2009-2010,17 years,Darlington,2009,https://www.transfermarkt.com/dan-burn/profil/spieler/134270
128899,Jack Butland,https://fbref.com/en/players/cc70a1d5/Jack-Butland,Success,Not found,"March 10, 1993 (Age: 32-260d)","City of Bristol, England, United Kingdom",193,England eng,GK,Right,2011-2012,18 years,Cheltenham,2011,https://www.transfermarkt.com/jack-butland/profil/spieler/128899
231572,Cabral,https://fbref.com/en/players/487b7f40/Millene-Cabral,Success,Not found,"November 29, 1997 (Age: 27-361d)","Pôrto Alegre, Brazil",164,Not found,FW,Not found,2024-2025,26 years,Dep La Coruña,2024,https://www.transfermarkt.com/cabral/profil/spieler/231572
237686,Cala,https://fbref.com/en/players/e412488f/Emanuele-Calaio,Success,Not found,8-Jan-82,Not found,179,Italy,FW,Not found,1999-2000,17 years,Torino,1999,https://www.transfermarkt.com/cala/profil/spieler/237686
120095,José Campaña,https://fbref.com/en/players/61220da2/Jose-Campana,Success,Not found,31-May-93,Not found,179,Spain,MF (AM-CM),Right,2011-2012,18 years,Sevilla,2011,https://www.transfermarkt.com/jos-campaa/profil/spieler/120095
7657,José Cañas,https://fbref.com/en/players/72a2e37e/Juan-Jose-Canas,Success,Not found,17-Apr-72,Not found,179,Not found,MF,Not found,1994-1995,22 years,Real Betis,1994,https://www.transfermarkt.com/jos-caas/profil/spieler/7657
63494,Étienne Capoue,https://fbref.com/en/players/5acc4a10/Etienne-Capoue,Success,Not found,11-Jul-88,Not found,189,France,MF (CM-DM),Right,2007-2008,19 years,Toulouse,2007,https://www.transfermarkt.com/tienne-capoue/profil/spieler/63494
132214,João Carlos Teixeira,https://fbref.com/en/players/601299e9/Joao-Carlos-Teixeira,Success,Not found,"January 18, 1993 (Age: 32-311d)","Braga, Portugal",177,Portugal,FW-MF,Right,2013-2014,20 years,Liverpool,2013,https://www.transfermarkt.com/joo-carlos-teixeira/profil/spieler/132214
70131,Ondřej Čelůstka,https://fbref.com/en/players/393a257c/Ondrej-Celustka,Success,Not found,18-Jun-89,Not found,185,Czech Republic,DF (CB-FB),Right,2009-2010,20 years,Palermo,2009,https://www.transfermarkt.com/ondej-elstka/profil/spieler/70131
59631,Nacer Chadli,https://fbref.com/en/players/5b54bf3b/Nacer-Chadli,Success,Not found,2-Aug-89,Not found,187,Belgium,FW-MF (AM-WM),Right,2007-2008,17 years,AGOVV,2007,https://www.transfermarkt.com/nacer-chadli/profil/spieler/59631
215118,Calum Chambers,https://fbref.com/en/players/dc6f5bdd/Calum-Chambers,Success,Not found,"January 20, 1995 (Age: 30-309d)","Petersfield, England, United Kingdom",183,England eng,DF-MF (CB-FB),Right,2013-2014,18 years,Southampton,2013,https://www.transfermarkt.com/calum-chambers/profil/spieler/215118
73482,James Chester,https://fbref.com/en/players/a772eba6/James-Chester,Success,Not found,"January 23, 1989 (Age: 36-306d)","Warrington, England, United Kingdom",177,Wales wls  Other: England,DF (CB),Right,2008-2009,19 years,P'borough Utd,2008,https://www.transfermarkt.com/james-chester/profil/spieler/73482
123261,Vlad Chiricheș,https://fbref.com/en/players/c316607a/Vlad-Chiriches,Success,Not found,"November 14, 1989 (Age: 36-011d)","Bacău, Romania",184,Romania,"DF-MF (CB, right)",Right,2009-2010,19 years,Internațional,2009,https://www.transfermarkt.com/vlad-chiriche/profil/spieler/123261
57515,Aly Cissokho,https://fbref.com/en/players/83a2bb30/Aly-Cissokho,Success,Not found,"September 15, 1987 (Age: 38-071d)","Blois, France",182,France,"DF (FB, left)",Left,2008-2009,20 years,Vitória Setúbal,2008,https://www.transfermarkt.com/aly-cissokho/profil/spieler/57515
141650,Larnell Cole,https://fbref.com/en/players/ce1faab0/Larnell-Cole,Success,Not found,9-Mar-93,Not found,168,England eng,MF,Right,2013-2014,20 years,MK Dons,2013,https://www.transfermarkt.com/larnell-cole/profil/spieler/141650
203412,Andreas Cornelius,https://fbref.com/en/players/c693347d/Andreas-Cornelius,Success,Not found,"March 16, 1993 (Age: 32-254d)","Copenhagen, Denmark",193,Denmark,FW,Left,2011-2012,18 years,FC Copenhagen,2011,https://www.transfermarkt.com/andreas-cornelius/profil/spieler/203412
14746,Don Cowie,https://fbref.com/en/players/c06e8b72/Don-Cowie,Success,Not found,15-Feb-83,Not found,180,Scotland sct,MF,Right,2007-2008,24 years,Inverness CT,2007,https://www.transfermarkt.com/don-cowie/profil/spieler/14746
45921,Luke Daniels,https://fbref.com/en/players/87fce32b/Luke-Daniels,Success,Not found,"January 5, 1988 (Age: 37-324d)","Bolton, England, United Kingdom",193,England eng,GK,Right,2007-2008,19 years,Motherwell,2007,https://www.transfermarkt.com/luke-daniels/profil/spieler/45921
187285,Chris David,https://fbref.com/en/players/51ceacc1/Chris-David,Success,Not found,6-Mar-93,Not found,170,Netherlands,FW-MF,Left,2013-2014,20 years,Fulham,2013,https://www.transfermarkt.com/chris-david/profil/spieler/187285
88755,Kevin De Bruyne,https://fbref.com/en/players/e46012d4/Kevin-De-Bruyne,Success,Not found,"June 28, 1991 (Age: 34-150d)","Gent, Belgium",181,Belgium,FW-MF (AM-CM-WM),Right,2008-2009,17 years,Genk,2008,https://www.transfermarkt.com/kevin-de-bruyne/profil/spieler/88755
36861,Damien Delaney,https://fbref.com/en/players/210d9ecb/Damien-Delaney,Success,Not found,20-Jul-81,Not found,191,Republic of Ireland,DF (CB),Left,2000-2001,19 years,Leicester City,2000,https://www.transfermarkt.com/damien-delaney/profil/spieler/36861
229004,Moussa Dembélé,https://fbref.com/en/players/e7986081/Moussa-Dembele,Success,Not found,"July 12, 1996 (Age: 29-136d)","Pontoise, France",183,France,FW,Right,2013-2014,17 years,Fulham,2013,https://www.transfermarkt.com/moussa-dembl/profil/spieler/229004
2963,Martín Demichelis,https://fbref.com/en/players/e9c7102a/Martin-Demichelis,Success,Not found,20-Dec-80,Not found,184,Argentina,DF-MF (CB-DM),Right,2003-2004,22 years,Bayern Munich,2003,https://www.transfermarkt.com/martn-demichelis/profil/spieler/2963
129476,Gerard Deulofeu,https://fbref.com/en/players/39583cfd/Gerard-Deulofeu,Success,Not found,13-Mar-94,Not found,176,Spain,FW-MF (WM),Right,2010-2011,16 years,Barcelona B,2010,https://www.transfermarkt.com/gerard-deulofeu/profil/spieler/129476
41749,Modibo Diakité,https://fbref.com/en/players/e5eb4ab4/Modibo-Diakite,Success,Not found,2-Mar-87,Not found,192,Not found,DF (CB),Both,2005-2006,18 years,Pescara,2005,https://www.transfermarkt.com/modibo-diakit/profil/spieler/41749
21863,Andrea Dossena,https://fbref.com/en/players/3ae59b9c/Andrea-Dossena,Success,Not found,11-Sep-81,Not found,180,Italy,"DF-MF (FB-WM, left)",Left,2001-2002,19 years,Hellas Verona,2001,https://www.transfermarkt.com/andrea-dossena/profil/spieler/21863
170321,Paul Dummett,https://fbref.com/en/players/3fe6bd8c/Paul-Dummett,Success,Not found,"September 26, 1991 (Age: 34-060d)","Newcastle upon Tyne, England, United Kingdom",185,Wales wls  Other: England,"DF (FB, left)",Left,2011-2012,19 years,Gateshead,2011,https://www.transfermarkt.com/paul-dummett/profil/spieler/170321
37787,Marvin Emnes,https://fbref.com/en/players/a5900d91/Marvin-Emnes,Success,Not found,27-May-88,Not found,180,Netherlands,FW-MF (WM),Both,2005-2006,17 years,Sparta R'dam,2005,https://www.transfermarkt.com/marvin-emnes/profil/spieler/37787
69633,Christian Eriksen,https://fbref.com/en/players/980522ec/Christian-Eriksen,Success,Not found,"February 14, 1992 (Age: 33-284d)","Middelfart, Denmark",177,Denmark,FW-MF (AM-CM-DM),Right,2009-2010,17 years,Ajax,2009,https://www.transfermarkt.com/christian-eriksen/profil/spieler/69633
4257,Samuel Eto'o,https://fbref.com/en/players/06420c93/Samuel-Etoo,Success,Not found,10-Mar-81,Not found,179,Cameroon,FW,Right,1998-1999,17 years,Espanyol,1998,https://www.transfermarkt.com/samuel-etoo/profil/spieler/4257
63342,Leroy Fer,https://fbref.com/en/players/3cefa66a/Leroy-Fer,Success,Not found,"January 5, 1990 (Age: 35-324d)","Zoetermeer, Netherlands",188,Netherlands,MF (CM-DM),Right,2007-2008,17 years,Feyenoord,2007,https://www.transfermarkt.com/leroy-fer/profil/spieler/63342
26267,Fernandinho,https://fbref.com/en/players/9e23bf9b/Fernandinho,Success,Not found,"September 15, 1994 (Age: 31-071d)","Aracaju, Brazil",Not found,Not found,MF,Not found,2014,19 years,Palmeiras,Not found,https://www.transfermarkt.com/fernandinho/profil/spieler/26267
17396,Mathieu Flamini,https://fbref.com/en/players/148d4105/Mathieu-Flamini,Success,Not found,7-Mar-84,Not found,178,France,MF (DM),Both,2003-2004,19 years,Marseille,2003,https://www.transfermarkt.com/mathieu-flamini/profil/spieler/17396
14013,Matty Fryatt,https://fbref.com/en/players/4980fb08/Matty-Fryatt,Success,Not found,5-Mar-86,Not found,178,England eng,FW,Both,2003-2004,17 years,Carlisle United,2003,https://www.transfermarkt.com/matty-fryatt/profil/spieler/14013
171260,Jay Fulton,https://fbref.com/en/players/434ad289/Jay-Fulton,Success,Not found,"April 1, 1994 (Age: 31-238d)","Bolton, England, United Kingdom",178,Scotland sct  Other: England,MF (CM-DM),Right,2010-2011,16 years,Falkirk,2010,https://www.transfermarkt.com/jay-fulton/profil/spieler/171260
227183,Sam Gallagher,https://fbref.com/en/players/44361ade/Sam-Gallagher,Success,Not found,"September 15, 1995 (Age: 30-071d)","Crediton, England, United Kingdom",193,England eng  Other: Scotland,FW-MF,Right,2013-2014,17 years,Southampton,2013,https://www.transfermarkt.com/sam-gallagher/profil/spieler/227183
110860,Luke Garbutt,https://fbref.com/en/players/41017ad5/Luke-Garbutt,Success,Not found,"May 21, 1993 (Age: 32-188d)","Harrogate, England, United Kingdom",180,England eng,"DF-MF (FB, left)",Left,2011-2012,18 years,Cheltenham,2011,https://www.transfermarkt.com/luke-garbutt/profil/spieler/110860
33249,Owen Garvan,https://fbref.com/en/players/47b3b724/Owen-Garvan,Success,Not found,29-Jan-88,Not found,183,Republic of Ireland,MF,Left,2005-2006,17 years,Ipswich Town,2005,https://www.transfermarkt.com/owen-garvan/profil/spieler/33249
196522,Dwight Gayle,https://fbref.com/en/players/e58a03c6/Dwight-Gayle,Success,Not found,"October 17, 1990 (Age: 35-039d)","Walthamstow, England, United Kingdom",177,Not found,FW,Right,2012-2013,21 years,P'borough Utd,2012,https://www.transfermarkt.com/dwight-gayle/profil/spieler/196522
104941,Mohamed Gedo,https://fbref.com/en/players/814ef6ba/Mohamed-Gedo,Success,Not found,30-Oct-84,Not found,Not found,Not found,FW,Not found,2012-2013,27 years,Hull City,2012,https://www.transfermarkt.com/mohamed-gedo/profil/spieler/104941
39908,Rudy Gestede,https://fbref.com/en/players/822b3ef9/Rudy-Gestede,Success,Not found,10-Oct-88,Not found,193,Benin bj  Other: France,FW,Right,2007-2008,18 years,Metz,2007,https://www.transfermarkt.com/rudy-gestede/profil/spieler/39908
84835,Emanuele Giaccherini,https://fbref.com/en/players/1c50f354/Emanuele-Giaccherini,Success,Not found,5-May-85,Not found,167,Italy,FW-MF (AM),Right,2009-2010,24 years,Cesena,2009,https://www.transfermarkt.com/emanuele-giaccherini/profil/spieler/84835
147034,Marco van Ginkel,https://fbref.com/en/players/47681787/Marco-van-Ginkel,Success,Not found,"December 1, 1992 (Age: 32-359d)","Gemeente Amersfoort, Netherlands",186,Netherlands,MF (CM),Right,2009-2010,16 years,Vitesse,2009,https://www.transfermarkt.com/marco-van-ginkel/profil/spieler/147034
203460,Jack Grealish,https://fbref.com/en/players/b0b4fd3e/Jack-Grealish,Success,Not found,"September 10, 1995 (Age: 30-076d)","Birmingham, England, United Kingdom",175,England eng  Other: Republic of Ireland,"FW-MF (AM-WM, left)",Right,2013-2014,17 years,Notts County,2013,https://www.transfermarkt.com/jack-grealish/profil/spieler/203460
98596,John Guidetti,https://fbref.com/en/players/99bebd12/John-Guidetti,Success,Not found,"April 15, 1992 (Age: 33-224d)","Stockholm, Sweden",185,Sweden,FW,Right,2008,15 years,Brommapojkarna,Not found,https://www.transfermarkt.com/john-guidetti/profil/spieler/98596
63821,Aron Gunnarsson,https://fbref.com/en/players/e2533c20/Aron-Gunnarsson,Success,Not found,"April 22, 1989 (Age: 36-217d)","Akureyri, Iceland",178,Iceland,DF-MF (CM-DM-FB-WM),Right,2007-2008,18 years,AZ Alkmaar,2007,https://www.transfermarkt.com/aron-gunnarsson/profil/spieler/63821
238185,Rhys Healey,https://fbref.com/en/players/07ace8c3/Rhys-Healey,Success,Not found,"December 6, 1994 (Age: 30-354d)","Manchester, England, United Kingdom",175,Not found,FW,Right,2013-2014,18 years,Cardiff City,2013,https://www.transfermarkt.com/rhys-healey/profil/spieler/238185
102132,Nicklas Helenius,https://fbref.com/en/players/ae3d2f47/Nicklas-Helenius,Success,Not found,"May 8, 1991 (Age: 34-201d)","Svenstrup, Denmark",196,Denmark,FW,Right,2010-2011,19 years,Aalborg,2010,https://www.transfermarkt.com/nicklas-helenius/profil/spieler/102132
42513,Gary Hooper,https://fbref.com/en/players/b73ce4ba/Gary-Hooper,Success,Not found,"January 26, 1988 (Age: 37-303d)","Harlow, England, United Kingdom",177,Not found,FW,Right,2006-2007,18 years,Leyton Orient,2006,https://www.transfermarkt.com/gary-hooper/profil/spieler/42513
3640,Mark Hudson,https://fbref.com/en/players/e4e3de44/Mark-Hudson,Success,Not found,30-Mar-82,Not found,185,Not found,DF (CB),Right,2003-2004,21 years,Oldham Athletic,2003,https://www.transfermarkt.com/mark-hudson/profil/spieler/3640
157368,Tom Ince,https://fbref.com/en/players/67d23ab0/Tom-Ince,Success,Not found,"January 30, 1992 (Age: 33-299d)","Stockport, England, United Kingdom",178,England eng,FW-MF (AM-WM),Left,2010-2011,18 years,Notts County,2010,https://www.transfermarkt.com/tom-ince/profil/spieler/157368
73323,Jo Inge Berget,https://fbref.com/en/players/f512a009/Jo-Inge-Berget,Success,Not found,"September 11, 1990 (Age: 35-075d)","Hadeland, Norway",186,Norway,FW-MF (AM),Right,2007,16 years,Lyn,Not found,https://www.transfermarkt.com/jo-inge-berget/profil/spieler/73323
2857,Eldin Jakupović,https://fbref.com/en/players/1148323a/Eldin-Jakupovic,Success,Not found,"October 2, 1984 (Age: 41-054d)","Kozarac, Bosnia and Herzegovina",191,Switzerland ch  Other: Bosnia and Herzegovina,GK,Right,2004-2005,19 years,Grasshopper,2004,https://www.transfermarkt.com/eldin-jakupovi/profil/spieler/2857
325105,Tom James,https://fbref.com/en/players/e7ca0439/James-Tomkins,Success,Not found,29-Mar-89,Not found,190,England eng,"DF-MF (CB-DM, right)",Right,2007-2008,18 years,West Ham,2007,https://www.transfermarkt.com/tom-james/profil/spieler/325105
177847,Adnan Januzaj,https://fbref.com/en/players/4737cebe/Adnan-Januzaj,Success,Not found,"February 5, 1995 (Age: 30-293d)","Brussels, Belgium",182,Belgium,"FW-MF (AM-WM, right)",Left,2013-2014,18 years,Manchester Utd,2013,https://www.transfermarkt.com/adnan-januzaj/profil/spieler/177847
28336,Mile Jedinak,https://fbref.com/en/players/22fd2214/Mile-Jedinak,Success,Not found,3-Aug-84,Not found,191,Australia,MF (DM),Both,2006-2007,21 years,Central Coast,2006,https://www.transfermarkt.com/mile-jedinak/profil/spieler/28336
238585,Declan John,https://fbref.com/en/players/8e42ea27/Declan-John,Success,Not found,"June 30, 1995 (Age: 30-148d)","Merthyr Tydfil, Wales, United Kingdom",178,Wales wls,"DF-MF (FB, left)",Left,2013-2014,18 years,Cardiff City,2013,https://www.transfermarkt.com/declan-john/profil/spieler/238585
72522,Luuk de Jong,https://fbref.com/en/players/abb3bb95/Luuk-de-Jong,Success,Not found,"August 27, 1990 (Age: 35-090d)","Aigle, Switzerland",188,Netherlands nl  Other: Switzerland,FW,Right,2008-2009,17 years,De Graafschap,2008,https://www.transfermarkt.com/luuk-de-jong/profil/spieler/72522
46104,Stevan Jovetić,https://fbref.com/en/players/f36c432f/Stevan-Jovetic,Success,Not found,"November 2, 1989 (Age: 36-023d)","Podgorica, Montenegro",183,Montenegro,FW-MF,Right,2008-2009,18 years,Fiorentina,2008,https://www.transfermarkt.com/stevan-joveti/profil/spieler/46104
148657,Tomáš Kalas,https://fbref.com/en/players/df618867/Tomas-Kalas,Success,Not found,"May 15, 1993 (Age: 32-194d)","Olomouc, Czech Republic",184,Czech Republic,DF (CB),Right,2009-2010,16 years,Sigma Olomouc,2009,https://www.transfermarkt.com/tom-kalas/profil/spieler/148657
3730,Kim Källström,https://fbref.com/en/players/c9880157/Kim-Kallstrom,Success,Not found,24-Aug-82,Not found,185,Sweden,MF (DM),Left,2001,18 years,Häcken,Not found,https://www.transfermarkt.com/kim-kllstrm/profil/spieler/3730
26946,Robert Koren,https://fbref.com/en/players/f68eaab2/Robert-Koren,Success,Not found,20-Sep-80,Not found,175,Slovenia,DF-MF,Not found,2004,23 years,Lillestrøm,Not found,https://www.transfermarkt.com/robert-koren/profil/spieler/26946
63824,Libor Kozák,https://fbref.com/en/players/979d0640/Libor-Kozak,Success,Not found,30-May-89,Not found,193,Czech Republic,FW,Right,2008-2009,19 years,Lazio,2008,https://www.transfermarkt.com/libor-kozk/profil/spieler/63824
36787,William Kvist,https://fbref.com/en/players/e805c6be/William-Kvist,Success,Not found,25-Aug-94,Not found,Not found,Not found,MF,Not found,2014,19 years,Landskrona,Not found,https://www.transfermarkt.com/william-kvist/profil/spieler/36787
111630,Érik Lamela,https://fbref.com/en/players/abe66106/Erik-Lamela,Success,Not found,4-Mar-92,Not found,184,Argentina,"FW-MF (AM-WM, right)",Left,2011-2012,19 years,Roma,2011,https://www.transfermarkt.com/rik-lamela/profil/spieler/111630
229970,Tom Lawrence,https://fbref.com/en/players/7e2f45f4/Tom-Lawrence,Success,Not found,"January 13, 1994 (Age: 31-316d)","Wrexham, Wales, United Kingdom",175,Wales wls,FW-MF (AM),Right,2013-2014,19 years,Manchester Utd,2013,https://www.transfermarkt.com/tom-lawrence/profil/spieler/229970
34409,Joe Ledley,https://fbref.com/en/players/c221f149/Joe-Ledley,Success,Not found,23-Jan-87,Not found,183,Wales wls,"MF (CM-WM, left)",Left,2004-2005,17 years,Cardiff City,2004,https://www.transfermarkt.com/joe-ledley/profil/spieler/34409
229826,Elliot Lee,https://fbref.com/en/players/e5192234/Elliot-Lee,Success,Not found,"December 16, 1994 (Age: 30-344d)","Durham, England, United Kingdom",180,Not found,FW-MF (CM),Both,2013-2014,18 years,Colchester Utd,2013,https://www.transfermarkt.com/elliot-lee/profil/spieler/229826
25834,Joe Lewis,https://fbref.com/en/players/d45bc2f4/Joe-Lewis,Success,Not found,6-Oct-87,Not found,198,England eng,GK,Right,2006-2007,18 years,Stockport,2006,https://www.transfermarkt.com/joe-lewis/profil/spieler/25834
37838,Dejan Lovren,https://fbref.com/en/players/1a2935f6/Dejan-Lovren,Success,Not found,"July 5, 1989 (Age: 36-143d)","Zenica, Bosnia and Herzegovina",188,Croatia hr  Other: Bosnia and Herzegovina,DF (CB),Right,2007-2008,18 years,Inter Zaprešić,2007,https://www.transfermarkt.com/dejan-lovren/profil/spieler/37838
203464,Jamar Loza,https://fbref.com/en/players/e8f3848e/Jamar-Loza,Success,Not found,10-May-94,Not found,178,Jamaica,FW-MF,Right,2013-2014,19 years,Southend United,2013,https://www.transfermarkt.com/jamar-loza/profil/spieler/203464
13829,Diego Lugano,https://fbref.com/en/players/303ad7c3/Diego-Lugano,Success,Not found,2-Nov-80,Not found,188,Uruguay,DF (CB),Right,2006-2007,25 years,Fenerbahçe,2006,https://www.transfermarkt.com/diego-lugano/profil/spieler/13829
126516,Antonio Luna,https://fbref.com/en/players/ed239245/Antonio-Luna,Success,Not found,17-Mar-91,Not found,178,Spain,"DF (FB, left)",Left,2009-2010,18 years,Sevilla,2009,https://www.transfermarkt.com/antonio-luna/profil/spieler/126516
9500,David Marshall,https://fbref.com/en/players/4d93d433/David-Marshall,Success,Not found,5-Mar-85,Not found,191,Scotland sct,GK,Right,2003-2004,18 years,Celtic,2003,https://www.transfermarkt.com/david-marshall/profil/spieler/9500
74683,Nemanja Matić,https://fbref.com/en/players/eb7822d7/Nemanja-Matic,Success,Not found,"August 1, 1988 (Age: 37-116d)","Šabac, Serbia",194,Serbia,MF (CM-DM),Left,2009-2010,20 years,Chelsea,2009,https://www.transfermarkt.com/nemanja-mati/profil/spieler/74683
136647,Charalampos Mavrias,https://fbref.com/en/players/1cfd188f/Charalampos-Mavrias,Success,Not found,"February 21, 1994 (Age: 31-277d)","Nomós Zakýnthou, Greece",177,Greece,"DF-FW-MF (WM, right)",Right,2010-2011,16 years,Panathinaikos,2010,https://www.transfermarkt.com/charalampos-mavrias/profil/spieler/136647
39705,Nicky Maynard,https://fbref.com/en/players/2d6ef68e/Nicky-Maynard,Success,Not found,11-Dec-86,Not found,189,Not found,FW,Right,2005-2006,18 years,Crewe Alexandra,2005,https://www.transfermarkt.com/nicky-maynard/profil/spieler/39705
29974,Paddy McCarthy,https://fbref.com/en/players/74a9a389/Paddy-McCarthy,Success,Not found,31-May-83,Not found,185,Republic of Ireland,DF (CB),Right,2002-2003,19 years,Notts County,2002,https://www.transfermarkt.com/paddy-mccarthy/profil/spieler/29974
21333,Aiden McGeady,https://fbref.com/en/players/c7df693b/Aiden-McGeady,Success,Not found,4-Apr-86,Not found,180,Republic of Ireland ie  Other: Scotland,FW-MF (AM-WM),Both,2003-2004,17 years,Celtic,2003,https://www.transfermarkt.com/aiden-mcgeady/profil/spieler/21333
9422,Allan McGregor,https://fbref.com/en/players/f3a97d02/Allan-McGregor,Success,Not found,31-Jan-82,Not found,183,Scotland sct,GK,Right,2001-2002,19 years,Rangers,2001,https://www.transfermarkt.com/allan-mcgregor/profil/spieler/9422
45631,Aaron McLean,https://fbref.com/en/players/dc49ea82/Aaron-McLean,Success,Not found,25-May-83,Not found,177,Not found,FW,Not found,2002-2003,19 years,Leyton Orient,2002,https://www.transfermarkt.com/aaron-mclean/profil/spieler/45631
11365,Kevin McNaughton,https://fbref.com/en/players/40a814af/Kevin-McNaughton,Success,Not found,28-Aug-82,Not found,178,Scotland sct,DF,Right,2000-2001,17 years,Aberdeen,2000,https://www.transfermarkt.com/kevin-mcnaughton/profil/spieler/11365
24636,Paul McShane,https://fbref.com/en/players/5785993d/Paul-McShane,Success,Not found,6-Jan-86,Not found,183,Republic of Ireland,DF (CB),Right,2004-2005,18 years,Walsall,2004,https://www.transfermarkt.com/paul-mcshane/profil/spieler/24636
60889,Gary Medel,https://fbref.com/en/players/563a68ad/Gary-Medel,Success,Not found,"August 3, 1987 (Age: 38-114d)","Santiago, Chile",171,Chile,DF-MF (CB-DM),Right,2010-2011,22 years,Sevilla,2010,https://www.transfermarkt.com/gary-medel/profil/spieler/60889
160348,Mesca,https://fbref.com/en/players/7969682e/Mesca,Success,Not found,6-May-93,Not found,175,Portugal pt  Other: Guinea-Bissau,MF,Both,2013-2014,20 years,Crewe Alexandra,2013,https://www.transfermarkt.com/mesca/profil/spieler/160348
34944,Kostas Mitroglou,https://fbref.com/en/players/c6ac6579/Kostas-Mitroglou,Success,Not found,12-Mar-88,Not found,189,Greece,FW,Right,2007-2008,19 years,Olympiacos,2007,https://www.transfermarkt.com/kostas-mitroglou/profil/spieler/34944
128907,Ravel Morrison,https://fbref.com/en/players/bf59c794/Ravel-Morrison,Success,Not found,2-Feb-93,Not found,175,Jamaica jm  Other: England,MF,Right,2011-2012,18 years,West Ham,2011,https://www.transfermarkt.com/ravel-morrison/profil/spieler/128907
77559,Dean Moxey,https://fbref.com/en/players/8616e501/Dean-Moxey,Success,Not found,14-Jan-86,Not found,180,Not found,DF-FW-MF (FB),Left,2006-2007,20 years,Exeter City,2006,https://www.transfermarkt.com/dean-moxey/profil/spieler/77559
74228,Marc Muniesa,https://fbref.com/en/players/4db76f57/Marc-Muniesa,Success,Not found,"March 27, 1992 (Age: 33-243d)","Lloret de Mar, Spain",181,Spain,"DF-MF (CB-DM-FB, left)",Left,2008-2009,16 years,Barcelona,2008,https://www.transfermarkt.com/marc-muniesa/profil/spieler/74228
199528,Josh Murphy,https://fbref.com/en/players/b30c7426/Josh-Murphy,Success,Not found,"February 24, 1995 (Age: 30-274d)","Wembley, England, United Kingdom",173,England eng,"FW-MF (AM-WM, left)",Right,2013-2014,18 years,Norwich City,2013,https://www.transfermarkt.com/josh-murphy/profil/spieler/199528
45693,Glenn Murray,https://fbref.com/en/players/f2f29dda/Glenn-Murray,Success,Not found,25-Sep-83,Not found,183,Not found,FW,Right,2005-2006,21 years,Carlisle United,2005,https://www.transfermarkt.com/glenn-murray/profil/spieler/45693
190831,Mats Møller Dæhli,https://fbref.com/en/players/fcf5211e/Mats-Moller-Daehli,Success,Not found,"March 2, 1995 (Age: 30-268d)","Oslo, Norway",172,Norway,FW-MF (AM-CM),Right,2013,17 years,Molde,Not found,https://www.transfermarkt.com/mats-mller-dhli/profil/spieler/190831
15956,Jesús Navas,https://fbref.com/en/players/3f10bd22/Jesus-Navas,Success,Not found,21-Nov-85,Not found,172,Spain,"DF-FW-MF (AM-FB-WM, right)",Right,2003-2004,17 years,Sevilla,2003,https://www.transfermarkt.com/jess-navas/profil/spieler/15956
18644,Álvaro Negredo,https://fbref.com/en/players/63b0ca6b/Alvaro-Negredo,Success,Not found,20-Aug-85,Not found,186,Spain,FW,Left,2005-2006,19 years,Real Madrid B,2005,https://www.transfermarkt.com/lvaro-negredo/profil/spieler/18644
22203,Antonio Nocerino,https://fbref.com/en/players/07cf67f3/Antonio-Nocerino,Success,Not found,9-Apr-85,Not found,175,Italy,MF,Right,2003-2004,18 years,Avellino,2003,https://www.transfermarkt.com/antonio-nocerino/profil/spieler/22203
81202,Craig Noone,https://fbref.com/en/players/274e493e/Craig-Noone,Success,Not found,17-Nov-87,Not found,173,Not found,FW-MF (AM-WM),Left,2008-2009,20 years,Plymouth Argyle,2008,https://www.transfermarkt.com/craig-noone/profil/spieler/81202
93626,Stuart O'Keefe,https://fbref.com/en/players/d0f8d154/Stuart-OKeefe,Success,Not found,4-Mar-91,Not found,173,Not found,MF (CM-DM),Right,2008-2009,17 years,Southend United,2008,https://www.transfermarkt.com/stuart-okeefe/profil/spieler/93626
305069,Liam O'Neil,https://fbref.com/en/players/22e07c17/Liam-ONeil,Success,Not found,31-Jul-93,Not found,173,Not found,DF-MF (CM),Right,2012,18 years,VPS,Not found,https://www.transfermarkt.com/liam-oneil/profil/spieler/305069
129085,Jores Okore,https://fbref.com/en/players/bd7138e5/Jores-Okore,Success,Not found,11-Aug-92,Not found,183,Denmark dk  Other: Côte d'Ivoire,DF (CB),Right,2010-2011,17 years,Nordsjælland,2010,https://www.transfermarkt.com/jores-okore/profil/spieler/129085
37389,Dani Osvaldo,https://fbref.com/en/players/3f0eba4f/Dani-Osvaldo,Success,Not found,12-Jan-86,Not found,182,Italy it  Other: Argentina,FW,Right,2005-2006,19 years,Atalanta,2005,https://www.transfermarkt.com/dani-osvaldo/profil/spieler/37389
35664,Mesut Özil,https://fbref.com/en/players/16380240/Mesut-Ozil,Success,Not found,15-Oct-88,Not found,183,Germany,MF (AM-WM),Left,2006-2007,17 years,Schalke 04,2006,https://www.transfermarkt.com/mesut-zil/profil/spieler/35664
47659,Costel Pantilimon,https://fbref.com/en/players/d24e154c/Costel-Pantilimon,Success,Not found,1-Feb-87,Not found,201,Romania,GK,Right,2006-2007,19 years,Politehnica Timișoara,2006,https://www.transfermarkt.com/costel-pantilimon/profil/spieler/47659
41665,Jonathan Parr,https://fbref.com/en/players/62110c96/Jonathan-Parr,Success,Not found,21-Oct-88,Not found,182,Norway,"DF (FB, left)",Both,2006,17 years,Lyn,Not found,https://www.transfermarkt.com/jonathan-parr/profil/spieler/41665
57229,Paulinho,https://fbref.com/en/players/df547bba/Paulinho,Success,Not found,10-Jan-86,Not found,176,Brazil,FW,Not found,2004-2005,18 years,Livorno,2004,https://www.transfermarkt.com/paulinho/profil/spieler/57229
43763,Erik Pieters,https://fbref.com/en/players/1ef37668/Erik-Pieters,Success,Not found,7-Aug-88,Not found,184,Netherlands,"DF-MF (CB-FB, left)",Left,2006-2007,17 years,Utrecht,2006,https://www.transfermarkt.com/erik-pieters/profil/spieler/43763
188853,Alejandro Pozuelo,https://fbref.com/en/players/5e1280ff/Alejandro-Pozuelo,Success,Not found,"September 20, 1991 (Age: 34-066d)","Sevilla, Spain",170,Not found,FW-MF (AM),Both,2011-2012,19 years,Betis,2011,https://www.transfermarkt.com/alejandro-pozuelo/profil/spieler/188853
200777,Alex Pritchard,https://fbref.com/en/players/ff9fcd4d/Alex-Pritchard,Success,Not found,"May 3, 1993 (Age: 32-206d)","Orsett, England, United Kingdom",171,England eng,FW-MF (AM),Right,2012-2013,19 years,P'borough Utd,2012,https://www.transfermarkt.com/alex-pritchard/profil/spieler/200777
31535,Nick Proschwitz,https://fbref.com/en/players/9cf4fd68/Nick-Proschwitz,Success,Not found,28-Nov-86,Not found,192,Not found,FW,Right,2010-2011,23 years,Thun,2010,https://www.transfermarkt.com/nick-proschwitz/profil/spieler/31535
43266,Stephen Quinn,https://fbref.com/en/players/9ff17f6f/Stephen-Quinn,Success,Not found,"April 1, 1986 (Age: 39-238d)","Clondalkin, Republic of Ireland",168,Republic of Ireland,FW-MF (CM-DM),Left,2005-2006,19 years,Rotherham Utd,2005,https://www.transfermarkt.com/stephen-quinn/profil/spieler/43266
14940,Răzvan Raț,https://fbref.com/en/players/0a0ee36e/Razvan-Rat,Success,Not found,26-May-81,Not found,178,Romania,"DF (FB, left)",Left,2003-2004,22 years,Shakhtar,2003,https://www.transfermarkt.com/rzvan-ra/profil/spieler/14940
129078,Nathan Redmond,https://fbref.com/en/players/ab651565/Nathan-Redmond,Success,Not found,6-Mar-94,Not found,173,England eng,"FW-MF (AM-WM, left)",Right,2011-2012,17 years,Birmingham City,2011,https://www.transfermarkt.com/nathan-redmond/profil/spieler/129078
226973,Harrison Reed,https://fbref.com/en/players/803ae100/Harrison-Reed,Success,Not found,"January 27, 1995 (Age: 30-302d)","Worthing, England, United Kingdom",176,England eng,MF (DM),Right,2013-2014,18 years,Southampton,2013,https://www.transfermarkt.com/harrison-reed/profil/spieler/226973
87422,Valentin Roberge,https://fbref.com/en/players/f373db50/Valentin-Roberge,Success,Not found,"June 9, 1987 (Age: 38-169d)","Montreuil, France",185,Cyprus cy  Other: France,DF (CB),Left,2008-2009,21 years,Aris,2008,https://www.transfermarkt.com/valentin-roberge/profil/spieler/87422
225452,Patrick Roberts,https://fbref.com/en/players/59d93937/Patrick-Roberts,Success,Not found,"February 5, 1997 (Age: 28-293d)","Kingston upon Thames, England, United Kingdom",167,England eng,"FW-MF (AM-WM, right)",Left,2013-2014,16 years,Fulham,2013,https://www.transfermarkt.com/patrick-roberts/profil/spieler/225452
183299,Callum Robinson,https://fbref.com/en/players/e75750a3/Callum-Robinson,Success,Not found,"February 2, 1995 (Age: 30-296d)","Northampton, England, United Kingdom",178,Republic of Ireland ie  Other: England,FW-MF (AM),Right,2013-2014,18 years,Aston Villa,2013,https://www.transfermarkt.com/callum-robinson/profil/spieler/183299
15166,Liam Rosenior,https://fbref.com/en/players/8b0d6fe9/Liam-Rosenior,Success,Not found,9-Jul-84,Not found,178,England eng,DF,Right,2002-2003,18 years,Bristol City,2002,https://www.transfermarkt.com/liam-rosenior/profil/spieler/15166
60591,Yannick Sagbo,https://fbref.com/en/players/8320d584/Yannick-Sagbo,Success,Not found,12-Apr-88,Not found,183,Côte d'Ivoire ci  Other: France,FW,Right,2008-2009,20 years,Monaco,2008,https://www.transfermarkt.com/yannick-sagbo/profil/spieler/60591
47713,Mamadou Sakho,https://fbref.com/en/players/87935cf3/Mamadou-Sakho,Success,Not found,13-Feb-90,Not found,188,France,"DF (CB, left)",Left,2007-2008,17 years,Paris S-G,2007,https://www.transfermarkt.com/mamadou-sakho/profil/spieler/47713
148455,Mohamed Salah,https://fbref.com/en/players/e342ad68/Mohamed-Salah,Success,Not found,"June 15, 1992 (Age: 33-163d)","Basyūn, Egypt",175,Egypt,"FW-MF (AM-WM, right)",Left,2012-2013,20 years,Basel,2012,https://www.transfermarkt.com/mohamed-salah/profil/spieler/148455
127194,Yaya Sanogo,https://fbref.com/en/players/11ced928/Yaya-Sanogo,Success,Not found,27-Jan-93,Not found,194,France,FW,Right,2009-2010,16 years,Auxerre,2009,https://www.transfermarkt.com/yaya-sanogo/profil/spieler/127194
58205,André Schürrle,https://fbref.com/en/players/ecbb3fdf/Andre-Schurrle,Success,Not found,6-Nov-90,Not found,183,Germany,FW-MF (WM),Right,2009-2010,18 years,Mainz 05,2009,https://www.transfermarkt.com/andr-schrrle/profil/spieler/58205
51088,Ignacio Scocco,https://fbref.com/en/players/705a763a/Ignacio-Scocco,Success,Not found,29-May-85,Not found,172,Argentina,FW-MF (AM-WM),Right,2006-2007,21 years,UNAM,2006,https://www.transfermarkt.com/ignacio-scocco/profil/spieler/51088
175745,Brad Smith,https://fbref.com/en/players/59e7d8e8/Brad-Smith,Success,Not found,23-Apr-97,Not found,183,Not found,MF,Left,2015-2016,18 years,Dundee United,2015,https://www.transfermarkt.com/brad-smith/profil/spieler/175745
34870,Roberto Soldado,https://fbref.com/en/players/9d66fbe3/Roberto-Soldado,Success,Not found,27-May-85,Not found,179,Spain,FW,Right,2005-2006,20 years,Real Madrid,2005,https://www.transfermarkt.com/roberto-soldado/profil/spieler/34870
12814,Julián Speroni,https://fbref.com/en/players/8e65a5e5/Julian-Speroni,Success,Not found,18-May-79,Not found,183,Argentina,GK,Right,2001-2002,22 years,Dundee,2001,https://www.transfermarkt.com/julin-speroni/profil/spieler/12814
4311,Maarten Stekelenburg,https://fbref.com/en/players/fefce889/Maarten-Stekelenburg,Success,Not found,22-Sep-82,Not found,197,Netherlands,GK,Right,2002-2003,19 years,Ajax,2002,https://www.transfermarkt.com/maarten-stekelenburg/profil/spieler/4311
186590,John Stones,https://fbref.com/en/players/5eecec3d/John-Stones,Success,Not found,"May 28, 1994 (Age: 31-181d)","Barnsley, England, United Kingdom",188,England eng,"DF (CB, right)",Right,2011-2012,17 years,Barnsley,2011,https://www.transfermarkt.com/john-stones/profil/spieler/186590
197693,John Swift,https://fbref.com/en/players/646ee278/John-Swift,Success,Not found,"June 23, 1995 (Age: 30-155d)","Portsmouth, England, United Kingdom",182,England eng,FW-MF (AM),Right,2013-2014,18 years,Chelsea,2013,https://www.transfermarkt.com/john-swift/profil/spieler/197693
198513,Muamer Tanković,https://fbref.com/en/players/b44c39da/Muamer-Tankovic,Success,Not found,"February 22, 1995 (Age: 30-276d)","Norrköping, Sweden",179,Sweden,FW-MF (AM),Right,2013-2014,18 years,Fulham,2013,https://www.transfermarkt.com/muamer-tankovi/profil/spieler/198513
29158,Andrew Taylor,https://fbref.com/en/players/fb67faf8/Andrew-Taylor,Success,Not found,1-Aug-86,Not found,178,England eng,"DF-MF (FB-WM, left)",Left,2005-2006,18 years,Bradford City,2005,https://www.transfermarkt.com/andrew-taylor/profil/spieler/29158
60603,Kévin Théophile-Catherine,https://fbref.com/en/players/6b994195/Kevin-Theophile-Catherine,Success,Not found,"October 28, 1989 (Age: 36-028d)","Saint-Brieuc, France",183,France fr  Other: Martinique,DF (CB-FB),Right,2009-2010,19 years,Rennes,2009,https://www.transfermarkt.com/kvin-thophile-catherine/profil/spieler/60603
87282,Aleksandar Tonev,https://fbref.com/en/players/c15d1af9/Aleksandar-Tonev,Success,Not found,3-Feb-90,Not found,178,Bulgaria,MF (AM-WM),Both,2009-2010,19 years,OFC Sliven,2009,https://www.transfermarkt.com/aleksandar-tonev/profil/spieler/87282
69006,Lacina Traoré,https://fbref.com/en/players/883f251e/Lacina-Traore,Success,Not found,20-May-90,Not found,203,Côte d'Ivoire,FW,Left,2008-2009,18 years,CFR Cluj,2008,https://www.transfermarkt.com/lacina-traor/profil/spieler/69006
110868,Ryan Tunnicliffe,https://fbref.com/en/players/534e83a0/Ryan-Tunnicliffe,Success,Not found,30-Dec-92,Not found,183,England eng,MF (CM-DM),Right,2011-2012,18 years,P'borough Utd,2011,https://www.transfermarkt.com/ryan-tunnicliffe/profil/spieler/110868
39518,Ben Turner,https://fbref.com/en/players/b034ebe2/Ben-Turner,Success,Not found,21-Jan-88,Not found,193,England eng,DF (CB),Right,2006-2007,18 years,P'borough Utd,2006,https://www.transfermarkt.com/ben-turner/profil/spieler/39518
141835,Álvaro Vázquez,https://fbref.com/en/players/d2d8675a/Alvaro-Vazquez,Success,Not found,"April 27, 1991 (Age: 34-212d)","Badalona, Spain",182,Spain,FW,Right,2010-2011,19 years,Espanyol,2010,https://www.transfermarkt.com/lvaro-vzquez/profil/spieler/141835
202228,Miloš Veljković,https://fbref.com/en/players/a5ae8f8e/Milos-Veljkovic,Success,Not found,"September 26, 1995 (Age: 30-060d)","Belgrade, Serbia",184,Serbia rs  Other: Switzerland,DF (CB),Right,2013-2014,17 years,Tottenham,2013,https://www.transfermarkt.com/milo-veljkovi/profil/spieler/202228
94783,Santiago Vergini,https://fbref.com/en/players/6d041dd0/Santiago-Vergini,Success,Not found,3-Aug-88,Not found,191,Argentina,"DF (CB, right)",Right,2013-2014,24 years,Sunderland,2013,https://www.transfermarkt.com/santiago-vergini/profil/spieler/94783
101500,Matěj Vydra,https://fbref.com/en/players/0d4ceb32/Matej-Vydra,Success,Not found,"May 1, 1992 (Age: 33-208d)","Chotěboř, Czech Republic",180,Czech Republic,FW-MF (AM),Right,2009-2010,17 years,Baník Ostrava,2009,https://www.transfermarkt.com/matj-vydra/profil/spieler/101500
77760,Victor Wanyama,https://fbref.com/en/players/e0900238/Victor-Wanyama,Success,Not found,"June 25, 1991 (Age: 34-153d)","Nairobi, Kenya",188,Kenya,MF (CM-DM),Right,2009-2010,18 years,Beerschot,2009,https://www.transfermarkt.com/victor-wanyama/profil/spieler/77760
92572,Joel Ward,https://fbref.com/en/players/8a7ff278/Joel-Ward,Success,Not found,29-Oct-89,Not found,188,Not found,"DF-MF (DM-FB, right)",Right,2008-2009,18 years,Bournemouth,2008,https://www.transfermarkt.com/joel-ward/profil/spieler/92572
3762,Peter Whittingham,https://fbref.com/en/players/f2286f20/Peter-Whittingham,Success,Not found,8-Sep-84,Not found,178,England eng,MF (WM),Left,2002-2003,17 years,Aston Villa,2002,https://www.transfermarkt.com/peter-whittingham/profil/spieler/3762
170322,Jonny Williams,https://fbref.com/en/players/49b8432c/Jonny-Williams,Success,Not found,"October 9, 1993 (Age: 32-047d)","Pembury, England, United Kingdom",168,Wales wls,FW-MF (AM-CM),Left,2011-2012,17 years,Crystal Palace,2011,https://www.transfermarkt.com/jonny-williams/profil/spieler/170322
661171,Willian,https://fbref.com/en/players/f4dfafb8/Willian,Success,Not found,21-May-99,Not found,Not found,Not found,DF,Not found,2020-2021,21 years,Ourense CF,2020,https://www.transfermarkt.com/willian/profil/spieler/661171
39033,James Wilson,https://fbref.com/en/players/77621175/James-Wilson,Success,Not found,"February 26, 1989 (Age: 36-272d)","Chepstow, Wales, United Kingdom",191,Wales wls,DF (CB),Right,2008-2009,19 years,Bristol City,2008,https://www.transfermarkt.com/james-wilson/profil/spieler/39033
54775,Magnus Wolff Eikrem,https://fbref.com/en/players/3a770838/Magnus-Wolff-Eikrem,Success,Not found,"August 8, 1990 (Age: 35-109d)","Molde, Norway",183,Norway,FW-MF (AM),Right,2011,20 years,Molde,Not found,https://www.transfermarkt.com/magnus-wolff-eikrem/profil/spieler/54775
41355,Ricky van Wolfswinkel,https://fbref.com/en/players/dbe16ade/Ricky-van-Wolfswinkel,Success,Not found,"January 27, 1989 (Age: 36-302d)","Woudenberg, Netherlands",185,Netherlands,FW-MF,Right,2007-2008,18 years,Vitesse,2007,https://www.transfermarkt.com/ricky-van-wolfswinkel/profil/spieler/41355
169801,Cauley Woodrow,https://fbref.com/en/players/d3085b49/Cauley-Woodrow,Success,Not found,"December 2, 1994 (Age: 30-358d)","Hemel Hempstead, England, United Kingdom",184,England eng,FW-MF,Right,2013-2014,18 years,Southend United,2013,https://www.transfermarkt.com/cauley-woodrow/profil/spieler/169801
3270,Joseph Yobo,https://fbref.com/en/players/acd633df/Joseph-Yobo,Success,Not found,6-Sep-80,Not found,188,Nigeria,DF (CB),Right,2001-2002,20 years,Marseille,2001,https://www.transfermarkt.com/joseph-yobo/profil/spieler/3270
145988,Wilfried Zaha,https://fbref.com/en/players/b2bc3b1f/Wilfried-Zaha,Success,Not found,"November 10, 1992 (Age: 33-015d)","Abidjan, Côte d'Ivoire",180,Côte d'Ivoire ci  Other: England,FW-MF (AM-WM),Right,2009-2010,16 years,Crystal Palace,2009,https://www.transfermarkt.com/wilfried-zaha/profil/spieler/145988
25542,Elsad Zverotić,https://fbref.com/en/players/e7fd18a4/Elsad-Zverotic,Success,Not found,31-Oct-86,Not found,178,Montenegro,"DF-MF (CB-DM-FB, right)",Right,2008-2009,21 years,Luzern,2008,https://www.transfermarkt.com/elsad-zveroti/profil/spieler/25542
258188,Rolando Aarons,https://fbref.com/en/players/c5942695/Rolando-Aarons,Success,Not found,"November 16, 1995 (Age: 30-009d)","Kingston, Jamaica",175,England eng  Other: Jamaica,MF (WM),Left,2014-2015,18 years,Newcastle Utd,2014,https://www.transfermarkt.com/rolando-aarons/profil/spieler/258188
111036,Mehdi Abeid,https://fbref.com/en/players/a4c3f7af/Mehdi-Abeid,Success,Not found,"August 6, 1992 (Age: 33-111d)","Montreuil, France",178,Algeria dz  Other: France,MF (CM-DM),Right,2012-2013,19 years,St Johnstone,2012,https://www.transfermarkt.com/mehdi-abeid/profil/spieler/111036
42710,Toby Alderweireld,https://fbref.com/en/players/f7d50789/Toby-Alderweireld,Success,Not found,2-Mar-89,Not found,187,Belgium,DF (CB-FB),Right,2008-2009,19 years,Ajax,2008,https://www.transfermarkt.com/toby-alderweireld/profil/spieler/42710
128895,Jak Alnwick,https://fbref.com/en/players/b0835fc0/Jak-Alnwick,Success,Not found,"June 17, 1993 (Age: 32-161d)","Hexham, England, United Kingdom",187,England eng,GK,Right,2011-2012,18 years,Gateshead,2011,https://www.transfermarkt.com/jak-alnwick/profil/spieler/128895
76077,Ricky Álvarez,https://fbref.com/en/players/92a5ac34/Ricky-Alvarez,Success,Not found,12-Apr-88,Not found,188,Argentina,MF (AM-WM),Left,2011-2012,23 years,Inter,2011,https://www.transfermarkt.com/ricky-lvarez/profil/spieler/76077
55291,Scott Arfield,https://fbref.com/en/players/b1313ec4/Scott-Arfield,Success,Not found,"November 1, 1988 (Age: 37-024d)","Livingston, Scotland, United Kingdom",178,Canada ca  Other: Scotland,MF (AM-CM-WM),Right,2007-2008,18 years,Falkirk,2007,https://www.transfermarkt.com/scott-arfield/profil/spieler/55291
186997,Christian Atsu,https://fbref.com/en/players/8816329f/Christian-Atsu,Success,Not found,10-Jan-92,Not found,172,Ghana,"FW-MF (WM, left)",Left,2011-2012,19 years,Rio Ave,2011,https://www.transfermarkt.com/christian-atsu/profil/spieler/186997
129627,Charlie Austin,https://fbref.com/en/players/8d228291/Charlie-Austin,Success,Not found,5-Jul-89,Not found,188,Not found,FW,Right,2009-2010,20 years,Swindon Town,2009,https://www.transfermarkt.com/charlie-austin/profil/spieler/129627
63200,Ashley Barnes,https://fbref.com/en/players/2691c772/Ashley-Barnes,Success,Not found,"October 30, 1989 (Age: 36-026d)","Bath, England, United Kingdom",183,England eng  Other: Austria,FW-MF,Right,2007-2008,17 years,Salisbury City,2007,https://www.transfermarkt.com/ashley-barnes/profil/spieler/63200
189070,Modou Barrow,https://fbref.com/en/players/75783f5f/Modou-Barrow,Success,Not found,"October 13, 1992 (Age: 33-043d)","Banjul, Gambia",176,Gambia,FW-MF (AM),Right,2012,19 years,Norrköping,Not found,https://www.transfermarkt.com/modou-barrow/profil/spieler/189070
191217,Héctor Bellerín,https://fbref.com/en/players/f874dd44/Hector-Bellerin,Success,Not found,"March 19, 1995 (Age: 30-251d)","Barcelona, Spain",177,Spain,"DF-MF (FB, right)",Right,2013-2014,18 years,Watford,2013,https://www.transfermarkt.com/hctor-bellern/profil/spieler/191217
93905,Muhamed Bešić,https://fbref.com/en/players/7ca9f0f0/Muhamed-Besic,Success,Not found,"September 10, 1992 (Age: 33-076d)","Berlin, Germany",177,Bosnia and Herzegovina ba  Other: Germany,DF-MF (CM-DM),Right,2010-2011,17 years,Hamburger SV,2010,https://www.transfermarkt.com/muhamed-bei/profil/spieler/93905
134414,Tyler Blackett,https://fbref.com/en/players/a68a5466/Tyler-Blackett,Success,Not found,2-Apr-94,Not found,186,England eng,"DF (CB-FB, left)",Left,2013-2014,19 years,Blackpool,2013,https://www.transfermarkt.com/tyler-blackett/profil/spieler/134414
54576,Sebastián Blanco,https://fbref.com/en/players/4ddd0834/Sebastian-Blanco,Success,Not found,"March 15, 1988 (Age: 37-255d)","Lomas de Zamora, Argentina",168,Argentina,FW-MF (AM),Right,2011-2012,23 years,Metalist,2011,https://www.transfermarkt.com/sebastin-blanco/profil/spieler/54576
12282,Daley Blind,https://fbref.com/en/players/691bef82/Daley-Blind,Success,Not found,"March 9, 1990 (Age: 35-261d)","Amsterdam, Netherlands",180,Netherlands,"DF-MF (CB-DM-FB, left)",Left,2008-2009,18 years,Ajax,2008,https://www.transfermarkt.com/daley-blind/profil/spieler/12282
156934,Tyias Browning,https://fbref.com/en/players/c4e180f0/Tyias-Browning,Success,Not found,"May 27, 1994 (Age: 31-182d)","Liverpool, England, United Kingdom",181,China PR cn  Other: England,DF (CB),Right,2013-2014,19 years,Wigan Athletic,2013,https://www.transfermarkt.com/tyias-browning/profil/spieler/156934
77329,Will Buckley,https://fbref.com/en/players/b1929302/Will-Buckley,Success,Not found,21-Nov-89,Not found,183,Not found,"FW-MF (WM, left)",Both,2007-2008,17 years,Rochdale,2007,https://www.transfermarkt.com/will-buckley/profil/spieler/77329
264220,Reece Burke,https://fbref.com/en/players/a681b7b7/Reece-Burke,Success,Not found,"September 2, 1996 (Age: 29-084d)","Newham, England, United Kingdom",188,England eng,"DF (CB, right)",Right,2014-2015,17 years,West Ham,2014,https://www.transfermarkt.com/reece-burke/profil/spieler/264220
19948,Willy Caballero,https://fbref.com/en/players/a179d516/Willy-Caballero,Success,Not found,28-Sep-81,Not found,185,Argentina,GK,Right,2004-2005,22 years,Elche,2004,https://www.transfermarkt.com/willy-caballero/profil/spieler/19948
113707,Rémy Cabella,https://fbref.com/en/players/148e136f/Remy-Cabella,Success,Not found,"March 8, 1990 (Age: 35-262d)","Ajaccio, France",171,France,FW-MF (AM),Right,2010-2011,20 years,Arles-Avignon,2010,https://www.transfermarkt.com/rmy-cabella/profil/spieler/113707
7520,Esteban Cambiasso,https://fbref.com/en/players/4d801075/Esteban-Cambiasso,Success,Not found,18-Aug-80,Not found,177,Argentina,MF (DM),Left,2002-2003,21 years,Real Madrid,2002,https://www.transfermarkt.com/esteban-cambiasso/profil/spieler/7520
131248,Joel Campbell,https://fbref.com/en/players/895ff3ca/Joel-Campbell,Success,Not found,"June 26, 1992 (Age: 33-152d)","San José, Costa Rica",178,Costa Rica,FW-MF (AM),Left,2011-2012,19 years,Lorient,2011,https://www.transfermarkt.com/joel-campbell/profil/spieler/131248
119296,Emre Can,https://fbref.com/en/players/d2515542/Emre-Can-Agil,Success,Not found,16-Oct-03,Not found,Not found,Not found,MF,Not found,2019-2020,15 years,Arminia,2019,https://www.transfermarkt.com/emre-can/profil/spieler/119296
128900,Nathaniel Chalobah,https://fbref.com/en/players/422862ea/Nathaniel-Chalobah,Success,Not found,"December 12, 1994 (Age: 30-348d)","Freetown, Sierra Leone",185,England eng  Other: Sierra Leone,DF-MF (CM),Right,2012-2013,17 years,Watford,2012,https://www.transfermarkt.com/nathaniel-chalobah/profil/spieler/128900
196948,Andreas Christensen,https://fbref.com/en/players/1cb49278/Andreas-Christensen,Success,Not found,"April 10, 1996 (Age: 29-229d)","Lillerød, Denmark",188,Denmark,DF-MF (CB),Right,2014-2015,18 years,Chelsea,2014,https://www.transfermarkt.com/andreas-christensen/profil/spieler/196948
362809,Brandon Comley,https://fbref.com/en/players/caf7a176/Brandon-Comley,Success,Not found,"November 18, 1995 (Age: 30-007d)","Islington, England, United Kingdom",180,Montserrat ms  Other: England,MF (CM-DM),Right,2014-2015,18 years,QPR,2014,https://www.transfermarkt.com/brandon-comley/profil/spieler/362809
44779,Diego Costa,https://fbref.com/en/players/a190d597/Diego-Costa,Success,Not found,7-Oct-88,Not found,188,Spain es  Other: Brazil,FW,Right,2006-2007,17 years,Braga,2006,https://www.transfermarkt.com/diego-costa/profil/spieler/44779
108390,Thibaut Courtois,https://fbref.com/en/players/1840e36d/Thibaut-Courtois,Success,Not found,"May 11, 1992 (Age: 33-198d)","Bree, Belgium",199,Belgium,GK,Left,2008-2009,16 years,Genk,2008,https://www.transfermarkt.com/thibaut-courtois/profil/spieler/108390
92571,Aaron Cresswell,https://fbref.com/en/players/4f974391/Aaron-Cresswell,Success,Not found,"December 15, 1989 (Age: 35-345d)","Liverpool, England, United Kingdom",170,England eng,"DF-MF (CB-FB, left)",Left,2008-2009,18 years,Tranmere Rovers,2008,https://www.transfermarkt.com/aaron-cresswell/profil/spieler/92571
91970,Juan Cuadrado,https://fbref.com/en/players/0ab1f153/Juan-Cuadrado,Success,Not found,"May 26, 1988 (Age: 37-183d)","Bogotá, Colombia",178,Colombia,"DF-FW-MF (AM-FB-WM, right)",Right,2009-2010,21 years,Udinese,2009,https://www.transfermarkt.com/juan-cuadrado/profil/spieler/91970
137669,Jason Davidson,https://fbref.com/en/players/46bcd68d/Jason-Davidson,Success,Not found,"June 29, 1991 (Age: 34-149d)","Melbourne, Australia",180,Australia,"DF-MF (FB, left)",Left,2009-2010,18 years,Paços de Ferreira,2009,https://www.transfermarkt.com/jason-davidson/profil/spieler/137669
45320,Ángel Di María,https://fbref.com/en/players/19cda00b/Angel-Di-Maria,Success,Not found,"February 14, 1988 (Age: 37-284d)","Rosario, Argentina",180,Argentina,FW-MF (AM-CM-WM),Left,2007-2008,19 years,Benfica,2007,https://www.transfermarkt.com/ngel-di-mara/profil/spieler/45320
175722,Eric Dier,https://fbref.com/en/players/ac861941/Eric-Dier,Success,Not found,"January 15, 1994 (Age: 31-314d)","Cheltenham, England, United Kingdom",188,England eng,DF-MF (CB-DM),Right,2012-2013,18 years,Sporting CP,2012,https://www.transfermarkt.com/eric-dier/profil/spieler/175722
173832,Michael Doughty,https://fbref.com/en/players/e98740ac/Michael-Doughty,Success,Not found,20-Nov-92,Not found,185,Wales wls  Other: England,MF (CM-WM),Right,2011-2012,18 years,Crawley Town,2011,https://www.transfermarkt.com/michael-doughty/profil/spieler/173832
73491,Danny Drinkwater,https://fbref.com/en/players/2649ff32/Danny-Drinkwater,Success,Not found,5-Mar-90,Not found,178,England eng,MF (CM-DM),Right,2009-2010,19 years,Huddersfield,2009,https://www.transfermarkt.com/danny-drinkwater/profil/spieler/73491
119269,Michael Duff,https://fbref.com/en/players/eabdc970/Michael-Duff,Success,Not found,11-Jan-78,Not found,185,Northern Ireland nir,DF (CB),Right,2002-2003,24 years,Cheltenham,2002,https://www.transfermarkt.com/michael-duff/profil/spieler/119269
27805,Eljero Elia,https://fbref.com/en/players/05cb19c5/Eljero-Elia,Success,Not found,13-Feb-87,Not found,176,Netherlands,"FW-MF (WM, left)",Right,2004-2005,17 years,ADO Den Haag,2004,https://www.transfermarkt.com/eljero-elia/profil/spieler/27805
39152,Radamel Falcao,https://fbref.com/en/players/66116290/Radamel-Falcao,Success,Not found,"February 10, 1986 (Age: 39-288d)","Santa Marta, Colombia",177,Colombia,FW,Right,2009-2010,23 years,Porto,2009,https://www.transfermarkt.com/radamel-falcao/profil/spieler/39152
45314,Federico Fazio,https://fbref.com/en/players/4e358a2d/Federico-Fazio,Success,Not found,17-Mar-87,Not found,195,Argentina,DF (CB),Right,2007-2008,20 years,Sevilla B,2007,https://www.transfermarkt.com/federico-fazio/profil/spieler/45314
85475,Federico Fernández,https://fbref.com/en/players/f25b010f/Federico-Fernandez,Success,Not found,21-Feb-89,Not found,189,Argentina,DF (CB),Right,2011-2012,22 years,Napoli,2011,https://www.transfermarkt.com/federico-fernndez/profil/spieler/85475
7767,Fernando,https://fbref.com/en/players/1aa72854/Fernando-Soriano,Success,Not found,24-Sep-79,Not found,189,Spain,MF (CM-DM),Right,2001-2002,21 years,Recreativo,2001,https://www.transfermarkt.com/fernando/profil/spieler/7767
52570,Fraser Forster,https://fbref.com/en/players/c3e39f12/Fraser-Forster,Success,Not found,17-Mar-88,Not found,201,England eng,GK,Right,2008-2009,20 years,Stockport,2008,https://www.transfermarkt.com/fraser-forster/profil/spieler/52570
351755,Darnell Furlong,https://fbref.com/en/players/3ec9195b/Darnell-Furlong,Success,Not found,"October 31, 1995 (Age: 30-025d)","Luton, England, United Kingdom",180,Not found,"DF-MF (FB, right)",Right,2014-2015,18 years,QPR,2014,https://www.transfermarkt.com/darnell-furlong/profil/spieler/351755
208244,Brendan Galloway,https://fbref.com/en/players/321506b3/Brendan-Galloway,Success,Not found,"March 17, 1996 (Age: 29-253d)","Harare, Zimbabwe",186,Zimbabwe zw  Other: England,DF,Left,2011-2012,15 years,MK Dons,2011,https://www.transfermarkt.com/brendan-galloway/profil/spieler/208244
121686,Cristian Gamboa,https://fbref.com/en/players/f27680d9/Cristian-Gamboa,Success,Not found,24-Oct-89,Not found,175,Costa Rica,"DF-MF (DM-FB, right)",Right,2011,21 years,Fredrikstad,Not found,https://www.transfermarkt.com/cristian-gamboa/profil/spieler/121686
226964,Dominic Gape,https://fbref.com/en/players/f744b4df/Dominic-Gape,Success,Not found,"September 9, 1994 (Age: 31-077d)","Burton Bradstock, England, United Kingdom",180,Not found,MF (CM),Right,2014-2015,19 years,Southampton,2014,https://www.transfermarkt.com/dominic-gape/profil/spieler/226964
57423,Florin Gardoș,https://fbref.com/en/players/70eb7e9d/Florin-Gardos,Success,Not found,29-Oct-88,Not found,194,Romania,DF-MF (CB-DM),Right,2010-2011,21 years,Steaua,2010,https://www.transfermarkt.com/florin-gardo/profil/spieler/57423
127987,Carles Gil,https://fbref.com/en/players/11c30a46/Carles-Gil,Success,Not found,"November 22, 1992 (Age: 33-003d)","Valencia, Spain",170,Spain,FW-MF (AM-WM),Left,2012-2013,19 years,Elche,2012,https://www.transfermarkt.com/carles-gil/profil/spieler/127987
22388,Bafétimbi Gomis,https://fbref.com/en/players/3d6686f9/Bafetimbi-Gomis,Success,Not found,6-Aug-85,Not found,185,France,FW,Right,2004-2005,18 years,Saint-Étienne,2004,https://www.transfermarkt.com/baftimbi-gomis/profil/spieler/22388
374889,Kenji Gorré,https://fbref.com/en/players/52d1a4c6/Kenji-Gorre,Success,Not found,"September 29, 1994 (Age: 31-057d)","Gemeente Spijkenisse, Netherlands",178,Curaçao cw  Other: Netherlands,FW-MF,Right,2014-2015,19 years,Swansea City,2014,https://www.transfermarkt.com/kenji-gorr/profil/spieler/374889
264199,Reece Grego-Cox,https://fbref.com/en/players/16f65d25/Reece-Grego-Cox,Success,Not found,"November 12, 1996 (Age: 29-013d)","Hammersmith, England, United Kingdom",170,Republic of Ireland ie  Other: England,FW-MF,Right,2014-2015,17 years,QPR,2014,https://www.transfermarkt.com/reece-grego-cox/profil/spieler/264199
265471,Matt Grimes,https://fbref.com/en/players/81a487b9/Matt-Grimes,Success,Not found,"July 15, 1995 (Age: 30-133d)","Exeter, England, United Kingdom",178,England eng,MF (CM-DM),Left,2013-2014,18 years,Exeter City,2013,https://www.transfermarkt.com/matt-grimes/profil/spieler/265471
67283,Ben Hamer,https://fbref.com/en/players/d822a850/Ben-Hamer,Success,Not found,"November 20, 1987 (Age: 38-005d)","Chard, England, United Kingdom",180,Not found,GK,Right,2006-2007,18 years,Crawley Town,2006,https://www.transfermarkt.com/ben-hamer/profil/spieler/67283
33065,Dean Hammond,https://fbref.com/en/players/577c12e5/Dean-Hammond,Success,Not found,7-Mar-83,Not found,183,Not found,MF,Right,2002-2003,19 years,Brighton,2002,https://www.transfermarkt.com/dean-hammond/profil/spieler/33065
34130,Tom Heaton,https://fbref.com/en/players/a6de6361/Tom-Heaton,Success,Not found,"April 15, 1986 (Age: 39-224d)","Chester, England, United Kingdom",187,England eng,GK,Right,2005-2006,19 years,Swindon Town,2005,https://www.transfermarkt.com/tom-heaton/profil/spieler/34130
314237,Rushian Hepburn-Murphy,https://fbref.com/en/players/1e2012a6/Rushian-Hepburn-Murphy,Success,Not found,"September 19, 1998 (Age: 27-067d)","Birmingham, England, United Kingdom",187,England eng,FW,Right,2014-2015,15 years,Aston Villa,2014,https://www.transfermarkt.com/rushian-hepburn-murphy/profil/spieler/314237
76608,Abel Hernández,https://fbref.com/en/players/a36da810/Abel-Hernandez,Success,Not found,"August 8, 1990 (Age: 35-109d)","Pando, Uruguay",185,Uruguay,FW,Left,2008-2009,17 years,Palermo,2008,https://www.transfermarkt.com/abel-hernndez/profil/spieler/76608
99343,Ander Herrera,https://fbref.com/en/players/436a9dd0/Ander-Herrera,Success,Not found,"August 14, 1989 (Age: 36-103d)","Zaragoza, Spain",181,Spain,"MF (AM-CM-DM-WM, right)",Right,2008-2009,18 years,Zaragoza,2008,https://www.transfermarkt.com/ander-herrera/profil/spieler/99343
315185,Jake Hesketh,https://fbref.com/en/players/4c83c9f8/Jake-Hesketh,Success,Not found,27-Mar-96,Not found,168,Not found,FW-MF,Right,2014-2015,18 years,Southampton,2014,https://www.transfermarkt.com/jake-hesketh/profil/spieler/315185
64308,Brown Ideye,https://fbref.com/en/players/f519b556/Brown-Ideye,Success,Not found,"October 10, 1988 (Age: 37-046d)","Lagos, Nigeria",180,Nigeria,FW,Right,2007-2008,18 years,Xamax,2007,https://www.transfermarkt.com/brown-ideye/profil/spieler/64308
134294,Danny Ings,https://fbref.com/en/players/07802f7f/Danny-Ings,Success,Not found,"July 23, 1992 (Age: 33-125d)","Winchester, England, United Kingdom",178,England eng,FW,Right,2010-2011,18 years,Bournemouth,2010,https://www.transfermarkt.com/danny-ings/profil/spieler/134294
226965,Lloyd Isgrove,https://fbref.com/en/players/430696d5/Lloyd-Isgrove,Success,Not found,12-Jan-93,Not found,178,Wales wls  Other: England,"MF (WM, right)",Right,2013-2014,20 years,P'borough Utd,2013,https://www.transfermarkt.com/lloyd-isgrove/profil/spieler/226965
43722,Mauricio Isla,https://fbref.com/en/players/de4517dd/Mauricio-Isla,Success,Not found,"June 12, 1988 (Age: 37-166d)","Buin, Chile",176,Chile,"DF-MF (FB-WM, right)",Right,2007-2008,19 years,Udinese,2007,https://www.transfermarkt.com/mauricio-isla/profil/spieler/43722
73522,Matty James,https://fbref.com/en/players/ebd0a048/Matty-James,Success,Not found,"July 22, 1991 (Age: 34-126d)","Bacup, England, United Kingdom",178,England eng,MF (CM-DM),Right,2009-2010,18 years,Preston,2009,https://www.transfermarkt.com/matty-james/profil/spieler/73522
60744,Daryl Janmaat,https://fbref.com/en/players/45da6694/Daryl-Janmaat,Success,Not found,22-Jul-89,Not found,185,Netherlands,"DF (CB-FB, right)",Right,2007-2008,18 years,ADO Den Haag,2007,https://www.transfermarkt.com/daryl-janmaat/profil/spieler/60744
45509,Siem de Jong,https://fbref.com/en/players/cf2a6ace/Siem-de-Jong,Success,Not found,28-Jan-89,Not found,185,Netherlands nl  Other: Switzerland,FW-MF (AM),Right,2007-2008,18 years,Ajax,2007,https://www.transfermarkt.com/siem-de-jong/profil/spieler/45509
33507,Lukas Jutkiewicz,https://fbref.com/en/players/3943a06f/Lukas-Jutkiewicz,Success,Not found,28-Mar-89,Not found,185,Not found,FW,Left,2005-2006,16 years,Swindon Town,2005,https://www.transfermarkt.com/lukas-jutkiewicz/profil/spieler/33507
118534,Michael Keane,https://fbref.com/en/players/c5b7c315/Michael-Keane,Success,Not found,"January 11, 1993 (Age: 32-318d)","Stockport, England, United Kingdom",191,England eng,DF (CB),Right,2012-2013,19 years,Leicester City,2012,https://www.transfermarkt.com/michael-keane/profil/spieler/118534
56872,Andy King,https://fbref.com/en/players/d790907f/Andy-King,Success,Not found,29-Oct-88,Not found,183,Wales wls  Other: England,MF (CM),Right,2007-2008,18 years,Leicester City,2007,https://www.transfermarkt.com/andy-king/profil/spieler/56872
149237,Anthony Knockaert,https://fbref.com/en/players/6c679c6d/Anthony-Knockaert,Success,Not found,"November 20, 1991 (Age: 34-005d)","Roubaix, France",172,France,"FW-MF (AM-WM, right)",Left,2011-2012,19 years,Guingamp,2011,https://www.transfermarkt.com/anthony-knockaert/profil/spieler/149237
66934,Cheikhou Kouyaté,https://fbref.com/en/players/8d3c902d/Cheikhou-Kouyate,Success,Not found,"December 21, 1989 (Age: 35-339d)",Senegal,193,Senegal,DF-MF (CB-CM-DM),Right,2007-2008,17 years,Brussels,2007,https://www.transfermarkt.com/cheikhou-kouyat/profil/spieler/66934
347895,Cole Kpekawa,https://fbref.com/en/players/ee15cb07/Cole-Kpekawa,Success,Not found,20-May-96,Not found,176,England eng,DF,Right,2014-2015,18 years,Portsmouth,2014,https://www.transfermarkt.com/cole-kpekawa/profil/spieler/347895
46580,Andrej Kramarić,https://fbref.com/en/players/603cb947/Andrej-Kramaric,Success,Not found,"June 19, 1991 (Age: 34-159d)","Zagreb, Croatia",180,Croatia,FW-MF (AM-CM),Right,2008-2009,17 years,Dinamo Zagreb,2008,https://www.transfermarkt.com/andrej-kramari/profil/spieler/46580
44675,Bojan Krkić,https://fbref.com/en/players/9fa0a0b8/Bojan-Krkic,Success,Not found,28-Aug-90,Not found,170,Spain,FW-MF (AM-WM),Right,2007-2008,16 years,Barcelona,2007,https://www.transfermarkt.com/bojan-krki/profil/spieler/44675
85928,Daniel Lafferty,https://fbref.com/en/players/cfc41f7a/Daniel-Lafferty,Success,Not found,"April 1, 1989 (Age: 36-238d)","Derry, Northern Ireland, United Kingdom",185,Northern Ireland nir,"DF (FB, left)",Left,2009-2010,20 years,Ayr United,2009,https://www.transfermarkt.com/daniel-lafferty/profil/spieler/85928
141660,Jesse Lingard,https://fbref.com/en/players/810e3c74/Jesse-Lingard,Success,Not found,"December 15, 1992 (Age: 32-345d)","Warrington, England, United Kingdom",174,England eng,FW-MF (AM),Right,2012-2013,19 years,Leicester City,2012,https://www.transfermarkt.com/jesse-lingard/profil/spieler/141660
202886,Ruben Loftus-Cheek,https://fbref.com/en/players/e97fd090/Ruben-Loftus-Cheek,Success,Not found,"January 23, 1996 (Age: 29-306d)","Lewisham, England, United Kingdom",191,England eng,MF (AM-WM),Right,2014-2015,18 years,Chelsea,2014,https://www.transfermarkt.com/ruben-loftus-cheek/profil/spieler/202886
111114,Kevin Long,https://fbref.com/en/players/27465a11/Kevin-Cheung-a-Long,Success,Not found,10-Jan-88,Not found,Not found,Not found,DF,Not found,2019-2020,31 years,CSC Cayenne,2019,https://www.transfermarkt.com/kevin-long/profil/spieler/111114
21725,Filipe Luís,https://fbref.com/en/players/e4ed2628/Filipe-Luis,Success,Not found,9-Aug-85,Not found,182,Brazil,"DF (CB-FB, left)",Left,2005-2006,19 years,Real Madrid B,2005,https://www.transfermarkt.com/filipe-lus/profil/spieler/21725
177907,Harry Maguire,https://fbref.com/en/players/d8931174/Harry-Maguire,Success,Not found,"March 5, 1993 (Age: 32-265d)","Sheffield, England, United Kingdom",188,England eng,DF (CB),Right,2010-2011,17 years,Sheffield Utd,2010,https://www.transfermarkt.com/harry-maguire/profil/spieler/177907
171424,Riyad Mahrez,https://fbref.com/en/players/892d5bb1/Riyad-Mahrez,Success,Not found,"February 21, 1991 (Age: 34-277d)","Sarcelles, France",178,Algeria dz  Other: France,"FW-MF (AM-WM, right)",Left,2011-2012,20 years,Le Havre,2011,https://www.transfermarkt.com/riyad-mahrez/profil/spieler/171424
285845,Ainsley Maitland-Niles,https://fbref.com/en/players/e3a5814e/Ainsley-Maitland-Niles,Success,Not found,"August 29, 1997 (Age: 28-088d)","London, England, United Kingdom",180,England eng,DF-FW-MF (FB-WM),Right,2014-2015,16 years,Arsenal,2014,https://www.transfermarkt.com/ainsley-maitland-niles/profil/spieler/285845
200512,Sadio Mané,https://fbref.com/en/players/c691bfe2/Sadio-Mane,Success,Not found,"April 10, 1992 (Age: 33-229d)","Sédhiou, Senegal",175,Senegal,"FW-MF (AM, left)",Right,2011-2012,19 years,Metz,2011,https://www.transfermarkt.com/sadio-man/profil/spieler/200512
90681,Eliaquim Mangala,https://fbref.com/en/players/f520049f/Eliaquim-Mangala,Success,Not found,13-Feb-91,Not found,188,France,DF (CB),Left,2008-2009,17 years,Standard Liège,2008,https://www.transfermarkt.com/eliaquim-mangala/profil/spieler/90681
162029,Javier Manquillo,https://fbref.com/en/players/758dd7f0/Javier-Manquillo,Success,Not found,5-May-94,Not found,175,Spain,"DF (FB, right)",Right,2012-2013,18 years,Atlético Madrid,2012,https://www.transfermarkt.com/javier-manquillo/profil/spieler/162029
144303,Lazar Marković,https://fbref.com/en/players/723ba189/Lazar-Markovic,Success,Not found,2-Mar-94,Not found,176,Serbia,"FW-MF (AM-WM, right)",Right,2011-2012,17 years,Partizan,2011,https://www.transfermarkt.com/lazar-markovi/profil/spieler/144303
4055,Dean Marney,https://fbref.com/en/players/b3379356/Dean-Marney,Success,Not found,31-Jan-84,Not found,183,England eng,MF,Right,2002-2003,18 years,Swindon Town,2002,https://www.transfermarkt.com/dean-marney/profil/spieler/4055
111873,Emiliano Martínez,https://fbref.com/en/players/7956236f/Emiliano-Martinez,Success,Not found,"September 2, 1992 (Age: 33-084d)","Mar del Plata, Argentina",193,Argentina,GK,Right,2011-2012,18 years,Oxford United,2011,https://www.transfermarkt.com/emiliano-martnez/profil/spieler/111873
61834,Ryan Mason,https://fbref.com/en/players/c8fac933/Ryan-Mason,Success,Not found,13-Jun-91,Not found,175,England eng,MF,Right,2009-2010,18 years,Yeovil Town,2009,https://www.transfermarkt.com/ryan-mason/profil/spieler/61834
227185,Jason McCarthy,https://fbref.com/en/players/63741fb9/Jason-McCarthy,Success,Not found,"November 7, 1995 (Age: 30-018d)","Southampton, England, United Kingdom",186,Not found,"DF-MF (CB-FB, right)",Right,2014-2015,18 years,Southampton,2014,https://www.transfermarkt.com/jason-mccarthy/profil/spieler/227185
167268,Paddy McNair,https://fbref.com/en/players/8ac454b5/Paddy-McNair,Success,Not found,"April 27, 1995 (Age: 30-212d)","Ballyclare, Northern Ireland, United Kingdom",183,Northern Ireland nir,DF-MF (CB-CM),Right,2014-2015,19 years,Manchester Utd,2014,https://www.transfermarkt.com/paddy-mcnair/profil/spieler/167268
74810,Ben Mee,https://fbref.com/en/players/8df7a2fb/Ben-Mee,Success,Not found,"September 21, 1989 (Age: 36-065d)","Sale, England, United Kingdom",180,England eng,"DF (CB, left)",Left,2010-2011,20 years,Leicester City,2010,https://www.transfermarkt.com/ben-mee/profil/spieler/74810
77932,Jefferson Montero,https://fbref.com/en/players/fa6561bf/Jefferson-Montero,Success,Not found,1-Sep-89,Not found,169,Ecuador,FW-MF (AM-WM),Left,2009-2010,19 years,Villarreal B,2009,https://www.transfermarkt.com/jefferson-montero/profil/spieler/77932
128906,Liam Moore,https://fbref.com/en/players/bcee97a4/Liam-Moore,Success,Not found,31-Jan-93,Not found,186,Jamaica jm  Other: England,"DF (CB-FB, left)",Right,2011-2012,18 years,Bradford City,2011,https://www.transfermarkt.com/liam-moore/profil/spieler/128906
207917,Alberto Moreno,https://fbref.com/en/players/116731aa/Alberto-Lopez-Moreno,Success,Not found,25-Feb-67,Not found,183,Not found,FW,Not found,1988-1989,21 years,Valladolid,1988,https://www.transfermarkt.com/alberto-moreno/profil/spieler/207917
10003,Wes Morgan,https://fbref.com/en/players/80c31c97/Wes-Morgan,Success,Not found,21-Jan-84,Not found,188,Jamaica jm  Other: England,"DF (CB, right)",Right,2002-2003,18 years,Harriers,2002,https://www.transfermarkt.com/wes-morgan/profil/spieler/10003
44855,Dame N'Doye,https://fbref.com/en/players/4574720b/Dame-NDoye,Success,Not found,21-Feb-85,Not found,186,Senegal,FW,Right,2007-2008,22 years,Panathinaikos,2007,https://www.transfermarkt.com/dame-ndoye/profil/spieler/44855
574901,Nenê,https://fbref.com/en/players/265ebd37/Nene,Success,Not found,"July 19, 1981 (Age: 44-129d)","Jundiaí, Brazil",181,Brazil,FW-MF (AM-WM),Left,2003-2004,22 years,Mallorca,2003,https://www.transfermarkt.com/nen/profil/spieler/574901
33963,David Nugent,https://fbref.com/en/players/f9b5e5bd/David-Nugent,Success,Not found,2-May-85,Not found,180,England eng,FW,Right,2002-2003,17 years,Bury,2002,https://www.transfermarkt.com/david-nugent/profil/spieler/33963
72768,Nélson Oliveira,https://fbref.com/en/players/f716e4e4/Nelson-Oliveira,Success,Not found,"August 8, 1991 (Age: 34-109d)","Barcelos, Portugal",186,Portugal,FW,Right,2009-2010,17 years,Rio Ave,2009,https://www.transfermarkt.com/nlson-oliveira/profil/spieler/72768
73396,David Ospina,https://fbref.com/en/players/82b1198a/David-Ospina,Success,Not found,"August 31, 1988 (Age: 37-086d)","Medellín, Colombia",183,Colombia,GK,Right,2008-2009,19 years,Nice,2008,https://www.transfermarkt.com/david-ospina/profil/spieler/73396
149498,Gabriel Paulista,https://fbref.com/en/players/b7ca5c51/Gabriel-Paulista,Success,Not found,"November 26, 1990 (Age: 34-364d)","Fortaleza, Brazil",187,Not found,DF (CB),Right,2013-2014,22 years,Villarreal,2013,https://www.transfermarkt.com/gabriel-paulista/profil/spieler/149498
29594,Graziano Pellè,https://fbref.com/en/players/9654d8de/Graziano-Pelle,Success,Not found,15-Jul-85,Not found,194,Italy,FW,Right,2003-2004,18 years,Lecce,2003,https://www.transfermarkt.com/graziano-pell/profil/spieler/29594
203394,Andreas Pereira,https://fbref.com/en/players/6639e500/Andreas-Pereira,Success,Not found,"January 1, 1996 (Age: 29-328d)","Duffel, Belgium",177,Brazil br  Other: Belgium,MF (AM),Right,2014-2015,18 years,Manchester Utd,2014,https://www.transfermarkt.com/andreas-pereira/profil/spieler/203394
246968,Ayoze Pérez,https://fbref.com/en/players/819aa8e7/Ayoze-Perez,Success,Not found,"July 29, 1993 (Age: 32-119d)","Santa Cruz de Tenerife, Spain",179,Spain,FW-MF (AM-WM),Right,2013-2014,20 years,Tenerife,2013,https://www.transfermarkt.com/ayoze-prez/profil/spieler/246968
17804,Sébastien Pocognoli,https://fbref.com/en/players/cc41eec1/Sebastien-Pocognoli,Success,Not found,1-Aug-87,Not found,182,Belgium,"DF-MF (FB-WM, left)",Left,2003-2004,15 years,Genk,2003,https://www.transfermarkt.com/sbastien-pocognoli/profil/spieler/17804
183286,Diego Poyet,https://fbref.com/en/players/5aa00dc3/Diego-Poyet,Success,Not found,8-Apr-95,Not found,180,"Uruguay uy  Other: England , Spain",MF,Right,2013-2014,18 years,Charlton Ath,2013,https://www.transfermarkt.com/diego-poyet/profil/spieler/183286
135105,José Pozo,https://fbref.com/en/players/fc8b614b/Jose-Pozo,Success,Not found,"March 15, 1996 (Age: 29-255d)","Málaga, Spain",170,Spain,FW-MF (AM),Right,2014-2015,18 years,Manchester City,2014,https://www.transfermarkt.com/jos-pozo/profil/spieler/135105
5668,Anthony Réveillère,https://fbref.com/en/players/8ad24039/Anthony-Reveillere,Success,Not found,10-Nov-79,Not found,180,France,"DF (CB-FB, right)",Right,1997-1998,17 years,Rennes,1997,https://www.transfermarkt.com/anthony-rveillre/profil/spieler/5668
61637,Emmanuel Rivière,https://fbref.com/en/players/2bae5658/Emmanuel-Riviere,Success,Not found,"March 3, 1990 (Age: 35-267d)","Le Lamentin, Martinique",182,France fr  Other: Martinique,FW,Right,2008-2009,18 years,Saint-Étienne,2008,https://www.transfermarkt.com/emmanuel-rivire/profil/spieler/61637
234803,Andrew Robertson,https://fbref.com/en/players/2e4f5f03/Andrew-Robertson,Success,Not found,"March 11, 1994 (Age: 31-259d)","Glasgow, Scotland, United Kingdom",178,Scotland sct,"DF-MF (FB, left)",Left,2013-2014,19 years,Dundee United,2013,https://www.transfermarkt.com/andrew-robertson/profil/spieler/234803
93176,Marcos Rojo,https://fbref.com/en/players/e0991c04/Marcos-Rojo,Success,Not found,"March 20, 1990 (Age: 35-250d)","La Plata, Argentina",186,Argentina,"DF (CB-FB, left)",Left,2011-2012,21 years,Spartak Moscow,2011,https://www.transfermarkt.com/marcos-rojo/profil/spieler/93176
120610,Diafra Sakho,https://fbref.com/en/players/57c433c8/Diafra-Sakho,Success,Not found,24-Dec-89,Not found,184,Senegal,FW,Right,2009-2010,19 years,Metz,2009,https://www.transfermarkt.com/diafra-sakho/profil/spieler/120610
6855,Georgios Samaras,https://fbref.com/en/players/1b77cb6a/Georgios-Samaras,Success,Not found,21-Feb-85,Not found,192,Greece,"FW-MF (WM, left)",Both,2002-2003,17 years,Heerenveen,2002,https://www.transfermarkt.com/georgios-samaras/profil/spieler/6855
40433,Alexis Sánchez,https://fbref.com/en/players/2c0f8e9e/Alexis-Sanchez,Success,Not found,"December 19, 1988 (Age: 36-341d)","Tocopilla, Chile",168,Chile,FW-MF (AM-WM),Right,2008-2009,19 years,Udinese,2008,https://www.transfermarkt.com/alexis-snchez/profil/spieler/40433
7509,Carlos Sánchez,https://fbref.com/en/players/8b7d33d9/Carlos-Sanchez,Success,Not found,19-Jan-78,Not found,184,Not found,GK,Not found,2001-2002,23 years,Real Madrid,2001,https://www.transfermarkt.com/carlos-snchez/profil/spieler/7509
157506,Jeffrey Schlupp,https://fbref.com/en/players/3312f911/Jeffrey-Schlupp,Success,Not found,"December 23, 1992 (Age: 32-337d)","Hamburg, Germany",178,Ghana gh  Other: Germany,"DF-FW-MF (FB-WM, left)",Left,2010-2011,17 years,Brentford,2010,https://www.transfermarkt.com/jeffrey-schlupp/profil/spieler/157506
16911,Kasper Schmeichel,https://fbref.com/en/players/53af52f3/Kasper-Schmeichel,Success,Not found,"November 5, 1986 (Age: 39-020d)","Copenhagen, Denmark",189,Denmark,GK,Right,2005-2006,18 years,Darlington,2005,https://www.transfermarkt.com/kasper-schmeichel/profil/spieler/16911
247647,Ryan Seager,https://fbref.com/en/players/49ef3149/Ryan-Seager,Success,Not found,5-Feb-96,Not found,176,England eng,FW,Right,2014-2015,18 years,Southampton,2014,https://www.transfermarkt.com/ryan-seager/profil/spieler/247647
11756,Jason Shackell,https://fbref.com/en/players/8d8655a9/Jason-Shackell,Success,Not found,27-Sep-83,Not found,193,Not found,DF (CB),Left,2002-2003,18 years,Norwich City,2002,https://www.transfermarkt.com/jason-shackell/profil/spieler/11756
335541,Ollie Shenton,https://fbref.com/en/players/8981c6bd/Ollie-Shenton,Success,Not found,6-Nov-97,Not found,186,Not found,MF,Left,2014-2015,16 years,Stoke City,2014,https://www.transfermarkt.com/ollie-shenton/profil/spieler/335541
236513,Jerome Sinclair,https://fbref.com/en/players/1695c659/Jerome-Sinclair,Success,Not found,20-Sep-96,Not found,181,England eng,FW,Left,2014-2015,17 years,Wigan Athletic,2014,https://www.transfermarkt.com/jerome-sinclair/profil/spieler/236513
125868,Pape Souaré,https://fbref.com/en/players/46b5375e/Pape-Souare,Success,Not found,"June 6, 1990 (Age: 35-172d)",Senegal,178,Senegal,"DF (FB, left)",Left,2010-2011,20 years,Lille,2010,https://www.transfermarkt.com/pape-souar/profil/spieler/125868
127160,Benjamin Stambouli,https://fbref.com/en/players/5939baa2/Benjamin-Stambouli,Success,Not found,"August 13, 1990 (Age: 35-104d)","Marseille, France",180,France,DF-MF (CB-CM-DM),Right,2010-2011,19 years,Montpellier,2010,https://www.transfermarkt.com/benjamin-stambouli/profil/spieler/127160
110867,Jed Steer,https://fbref.com/en/players/a8a3d139/Jed-Steer,Success,Not found,"September 23, 1992 (Age: 33-063d)","Norwich, England, United Kingdom",188,England eng,GK,Left,2011-2012,18 years,Yeovil Town,2011,https://www.transfermarkt.com/jed-steer/profil/spieler/110867
36139,Dušan Tadić,https://fbref.com/en/players/2475dcc6/Dusan-Tadic,Success,Not found,"November 20, 1988 (Age: 37-005d)","Bačka Topola, Serbia",181,Serbia,FW-MF (AM),Left,2008-2009,19 years,Vojvodina,2008,https://www.transfermarkt.com/duan-tadi/profil/spieler/36139
250478,Matt Targett,https://fbref.com/en/players/e514ab62/Matt-Targett,Success,Not found,"September 18, 1995 (Age: 30-068d)","Winchester, England, United Kingdom",178,England eng,"DF-MF (FB, left)",Left,2014-2015,18 years,Southampton,2014,https://www.transfermarkt.com/matt-targett/profil/spieler/250478
107617,Dionatan Teixeira,https://fbref.com/en/players/f7f09bee/Dionatan-Teixeira,Success,Not found,24-Jul-92,Not found,193,Brazil br  Other: Slovakia,DF (CB),Left,2014-2015,22 years,Stoke City,2014,https://www.transfermarkt.com/dionatan-teixeira/profil/spieler/107617
128911,Tom Thorpe,https://fbref.com/en/players/6d071cae/Tom-Thorpe,Success,Not found,13-Jan-93,Not found,185,England eng,DF,Right,2013-2014,20 years,Birmingham City,2013,https://www.transfermarkt.com/tom-thorpe/profil/spieler/128911
95810,Kieran Trippier,https://fbref.com/en/players/21512407/Kieran-Trippier,Success,Not found,"September 19, 1990 (Age: 35-067d)","Bury, England, United Kingdom",178,England eng,"DF-MF (FB, right)",Right,2009-2010,18 years,Barnsley,2009,https://www.transfermarkt.com/kieran-trippier/profil/spieler/95810
54890,Leonardo Ulloa,https://fbref.com/en/players/eed56f6c/Leonardo-Ulloa,Success,Not found,26-Jul-86,Not found,190,Not found,FW,Right,2008-2009,22 years,Castellón,2008,https://www.transfermarkt.com/leonardo-ulloa/profil/spieler/54890
158022,Fredrik Ulvestad,https://fbref.com/en/players/8f160d73/Fredrik-Ulvestad,Success,Not found,"June 17, 1992 (Age: 33-161d)","Ålesund, Norway",183,Norway,DF-MF (CM-DM-FB),Right,2010,17 years,Aalesund,Not found,https://www.transfermarkt.com/fredrik-ulvestad/profil/spieler/158022
7589,Víctor Valdés,https://fbref.com/en/players/e029e404/Victor-Valdes,Success,Not found,14-Jan-82,Not found,183,Spain,GK,Right,2002-2003,20 years,Barcelona,2002,https://www.transfermarkt.com/vctor-valds/profil/spieler/7589
139503,Enner Valencia,https://fbref.com/en/players/fb485406/Enner-Valencia,Success,Not found,"November 4, 1989 (Age: 36-021d)","San Lorenzo, Ecuador",174,Ecuador,FW-MF (AM),Right,2013-2014,23 years,Pachuca,2013,https://www.transfermarkt.com/enner-valencia/profil/spieler/139503
197838,Jamie Vardy,https://fbref.com/en/players/45963054/Jamie-Vardy,Success,Not found,"January 11, 1987 (Age: 38-318d)","Sheffield, England, United Kingdom",178,England eng,FW,Right,2011-2012,24 years,Fleetwood Town,2011,https://www.transfermarkt.com/jamie-vardy/profil/spieler/197838
31316,Silvestre Varela,https://fbref.com/en/players/9dffef9e/Silvestre-Varela,Success,Not found,2-Feb-85,Not found,180,Portugal,FW-MF (WM),Right,2005-2006,20 years,Sporting CP,2005,https://www.transfermarkt.com/silvestre-varela/profil/spieler/31316
89718,Eduardo Vargas,https://fbref.com/en/players/50e31840/Carlos-Eduardo-Vargas,Success,Not found,26-Feb-87,Not found,185,Not found,FW,Not found,2015-2016,28 years,Real Potosí,2015,https://www.transfermarkt.com/eduardo-vargas/profil/spieler/89718
9509,Ross Wallace,https://fbref.com/en/players/b4e56bbd/Ross-Wallace,Success,Not found,23-May-85,Not found,168,Scotland sct,FW-MF (WM),Left,2003-2004,18 years,Celtic,2003,https://www.transfermarkt.com/ross-wallace/profil/spieler/9509
16947,Marcin Wasilewski,https://fbref.com/en/players/24249219/Marcin-Wasilewski,Success,Not found,9-Jun-80,Not found,186,Poland,DF (CB-FB),Right,2002-2003,22 years,Wisła Płock,2002,https://www.transfermarkt.com/marcin-wasilewski/profil/spieler/16947
53173,Philipp Wollscheid,https://fbref.com/en/players/c4cca587/Philipp-Wollscheid,Success,Not found,6-Mar-89,Not found,194,Germany,DF (CB),Both,2010-2011,21 years,Nürnberg,2010,https://www.transfermarkt.com/philipp-wollscheid/profil/spieler/53173
255916,DeAndre Yedlin,https://fbref.com/en/players/ae0a7ddf/DeAndre-Yedlin,Success,Not found,"July 9, 1993 (Age: 32-139d)","Seattle, Washington, United States",173,United States,"DF-MF (FB, right)",Right,2013,19 years,Seattle Sounders,Not found,https://www.transfermarkt.com/deandre-yedlin/profil/spieler/255916
26456,Mauro Zárate,https://fbref.com/en/players/cc18ff4c/Mauro-Zarate,Success,Not found,18-Mar-87,Not found,176,Argentina,FW-MF (AM),Right,2007-2008,20 years,Birmingham City,2007,https://www.transfermarkt.com/mauro-zrate/profil/spieler/26456
157509,Kurt Zouma,https://fbref.com/en/players/ce4246f5/Kurt-Zouma,Success,Not found,"October 27, 1994 (Age: 31-029d)","Lyon, France",190,France,DF (CB),Right,2011-2012,16 years,Saint-Étienne,2011,https://www.transfermarkt.com/kurt-zouma/profil/spieler/157509
94307,Filip Đuričić,https://fbref.com/en/players/eccbe56a/Filip-Djuricic,Success,Not found,"January 30, 1992 (Age: 33-299d)","Obrenovac, Serbia",181,Serbia,FW-MF (AM),Right,2009-2010,17 years,Heerenveen,2009,https://www.transfermarkt.com/filip-urii/profil/spieler/94307
9966,Almen Abdi,https://fbref.com/en/players/8d425d84/Almen-Abdi,Success,Not found,21-Oct-86,Not found,182,Switzerland ch  Other: Kosovo,MF (AM),Right,2003-2004,16 years,Zürich,2003,https://www.transfermarkt.com/almen-abdi/profil/spieler/9966
331726,Tammy Abraham,https://fbref.com/en/players/f586779e/Tammy-Abraham,Success,Not found,"October 2, 1997 (Age: 28-054d)","Camberwell, England, United Kingdom",190,England eng,FW,Right,2015-2016,17 years,Chelsea,2015,https://www.transfermarkt.com/tammy-abraham/profil/spieler/331726
15760,Ibrahim Afellay,https://fbref.com/en/players/9a8c6673/Ibrahim-Afellay,Success,Not found,2-Apr-86,Not found,180,Netherlands,FW-MF (AM-WM),Right,2004-2005,18 years,PSV Eindhoven,2004,https://www.transfermarkt.com/ibrahim-afellay/profil/spieler/15760
110858,Benik Afobe,https://fbref.com/en/players/b63f4077/Benik-Afobe,Success,Not found,"February 12, 1993 (Age: 32-286d)","Leyton, England, United Kingdom",183,Congo DR cd  Other: England,FW,Both,2010-2011,17 years,Huddersfield,2010,https://www.transfermarkt.com/benik-afobe/profil/spieler/110858
207929,Dele Alli,https://fbref.com/en/players/cea4ee8f/Dele-Alli,Success,Not found,11-Apr-96,Not found,188,England eng,FW-MF (AM),Right,2012-2013,16 years,MK Dons,2012,https://www.transfermarkt.com/dele-alli/profil/spieler/207929
111073,Ryan Allsop,https://fbref.com/en/players/af615123/Ryan-Allsop,Success,Not found,"June 17, 1992 (Age: 33-161d)","Birmingham, England, United Kingdom",189,England eng,GK,Right,2012-2013,20 years,Leyton Orient,2012,https://www.transfermarkt.com/ryan-allsop/profil/spieler/111073
214056,Daniel Amartey,https://fbref.com/en/players/1a4ef233/Daniel-Amartey,Success,Not found,21-Dec-94,Not found,182,Ghana,"DF-MF (CB, right)",Right,2013,18 years,Djurgården,Not found,https://www.transfermarkt.com/daniel-amartey/profil/spieler/214056
241229,Jordan Amavi,https://fbref.com/en/players/22721b88/Jordan-Amavi,Success,Not found,9-Mar-94,Not found,176,France,"DF (FB, left)",Left,2013-2014,19 years,Nice,2013,https://www.transfermarkt.com/jordan-amavi/profil/spieler/241229
55619,Nordin Amrabat,https://fbref.com/en/players/7c2a398c/Nordin-Amrabat,Success,Not found,"March 31, 1987 (Age: 38-239d)","Gemeente Naarden, Netherlands",175,Morocco ma  Other: Netherlands,FW-MF (AM-CM-WM),Right,2007-2008,20 years,VVV-Venlo,2007,https://www.transfermarkt.com/nordin-amrabat/profil/spieler/55619
37397,José Ángel Crespo,https://fbref.com/en/players/8ec4c2f7/Jose-Angel-Crespo,Success,Not found,9-Feb-87,Not found,183,Spain,DF (CB-FB),Right,2005-2006,18 years,Sevilla,2005,https://www.transfermarkt.com/jos-ngel-crespo/profil/spieler/37397
104124,Michail Antonio,https://fbref.com/en/players/ac05f970/Michail-Antonio,Success,Not found,"March 28, 1990 (Age: 35-242d)","Wandsworth, England, United Kingdom",180,Jamaica jm  Other: England,FW-MF (WM),Right,2008-2009,18 years,Cheltenham,2008,https://www.transfermarkt.com/michail-antonio/profil/spieler/104124
107427,Ikechi Anya,https://fbref.com/en/players/c55e973d/Ikechi-Anya,Success,Not found,3-Jan-88,Not found,170,Scotland sct,"FW-MF (WM, right)",Right,2004-2005,16 years,Wycombe,2004,https://www.transfermarkt.com/ikechi-anya/profil/spieler/107427
69001,Giedrius Arlauskis,https://fbref.com/en/players/1858bbf7/Giedrius-Arlauskis,Success,Not found,1-Dec-87,Not found,184,Lithuania,GK,Left,2007-2008,19 years,Unirea Urziceni,2007,https://www.transfermarkt.com/giedrius-arlauskis/profil/spieler/69001
55742,Harry Arter,https://fbref.com/en/players/2f4c5a52/Harry-Arter,Success,Not found,28-Dec-89,Not found,178,Republic of Ireland ie  Other: England,MF (DM),Both,2010-2011,20 years,Carlisle United,2010,https://www.transfermarkt.com/harry-arter/profil/spieler/55742
45403,André Ayew,https://fbref.com/en/players/5dbefa9d/Andre-Ayew,Success,Not found,17-Dec-89,Not found,176,Ghana gh  Other: France,FW-MF (AM-WM),Left,2007-2008,17 years,Marseille,2007,https://www.transfermarkt.com/andr-ayew/profil/spieler/45403
108354,Jordan Ayew,https://fbref.com/en/players/da052c14/Jordan-Ayew,Success,Not found,"September 11, 1991 (Age: 34-075d)","Marseille, France",182,Ghana gh  Other: France,FW-MF (AM),Right,2009-2010,17 years,Marseille,2009,https://www.transfermarkt.com/jordan-ayew/profil/spieler/108354
183334,Patrick Bamford,https://fbref.com/en/players/93feac6e/Patrick-Bamford,Success,Not found,"September 5, 1993 (Age: 32-081d)","Grantham, England, United Kingdom",188,England eng,FW-MF (WM),Left,2011-2012,17 years,Nott'ham Forest,2011,https://www.transfermarkt.com/patrick-bamford/profil/spieler/183334
50477,Yohan Benalouane,https://fbref.com/en/players/8309b068/Yohan-Benalouane,Success,Not found,28-Mar-87,Not found,187,Tunisia tn  Other: France,DF (CB-FB),Left,2007-2008,20 years,Saint-Étienne,2007,https://www.transfermarkt.com/yohan-benalouane/profil/spieler/50477
129554,Steven Berghuis,https://fbref.com/en/players/713c144a/Steven-Berghuis,Success,Not found,"December 19, 1991 (Age: 33-341d)","Apeldoorn, Netherlands",180,Netherlands,"FW-MF (AM-CM-WM, right)",Left,2010-2011,18 years,Twente,2010,https://www.transfermarkt.com/steven-berghuis/profil/spieler/129554
244125,Hiram Boateng,https://fbref.com/en/players/929917ce/Hiram-Boateng,Success,Not found,"January 8, 1996 (Age: 29-321d)","Wandsworth, England, United Kingdom",170,Not found,FW-MF (CM),Left,2013-2014,17 years,Crawley Town,2013,https://www.transfermarkt.com/hiram-boateng/profil/spieler/244125
258879,Cameron Borthwick-Jackson,https://fbref.com/en/players/ff61102d/Cameron-Borthwick-Jackson,Success,Not found,2-Feb-97,Not found,183,England eng,"DF-MF (FB, left)",Left,2015-2016,18 years,Manchester Utd,2015,https://www.transfermarkt.com/cameron-borthwick-jackson/profil/spieler/258879
261357,Cameron Brannagan,https://fbref.com/en/players/9220e731/Cameron-Brannagan,Success,Not found,"May 9, 1996 (Age: 29-200d)","Manchester, England, United Kingdom",180,England eng,"MF (CM-DM, left)",Right,2014-2015,18 years,Liverpool,2014,https://www.transfermarkt.com/cameron-brannagan/profil/spieler/261357
76799,Miguel Britos,https://fbref.com/en/players/356a9a62/Miguel-Britos,Success,Not found,17-Jul-85,Not found,188,Not found,DF (CB),Left,2008-2009,23 years,Bologna,2008,https://www.transfermarkt.com/miguel-britos/profil/spieler/76799
236953,Sam Byram,https://fbref.com/en/players/1bf811d4/Sam-Byram,Success,Not found,"September 16, 1993 (Age: 32-070d)","Borough of Thurrock, England, United Kingdom",180,Not found,DF-MF (FB-WM),Right,2012-2013,18 years,Leeds United,2012,https://www.transfermarkt.com/sam-byram/profil/spieler/236953
251845,Sergi Canós,https://fbref.com/en/players/1137759d/Sergi-Canos,Success,Not found,"February 2, 1997 (Age: 28-296d)","Nules, Spain",175,Spain,DF-FW-MF (AM-WM),Right,2015-2016,18 years,Liverpool,2015,https://www.transfermarkt.com/sergi-cans/profil/spieler/251845
100507,Juan Carlos Paredes,https://fbref.com/en/players/5d8c6afd/Juan-Carlos-Paredes,Success,Not found,"July 8, 1987 (Age: 38-140d)","Esmeraldas, Ecuador",176,Ecuador,"DF-MF (FB-WM, right)",Right,2014,26 years,Barcelona,Not found,https://www.transfermarkt.com/juan-carlos-paredes/profil/spieler/100507
229695,Bersant Celina,https://fbref.com/en/players/3043d33f/Bersant-Celina,Success,Not found,"September 9, 1996 (Age: 29-077d)","Prizren, Kosovo",177,Kosovo xk  Other: Norway,FW-MF (AM),Right,2015-2016,18 years,Manchester City,2015,https://www.transfermarkt.com/bersant-celina/profil/spieler/229695
242273,Pedro Chirivella,https://fbref.com/en/players/68a26d51/Pedro-Chirivella,Success,Not found,"May 23, 1997 (Age: 28-186d)","Valencia, Spain",178,Spain,MF (CM-DM),Right,2015-2016,18 years,Liverpool,2015,https://www.transfermarkt.com/pedro-chirivella/profil/spieler/242273
316551,Jake Clarke-Salter,https://fbref.com/en/players/0df092d3/Jake-Clarke-Salter,Success,Not found,"September 22, 1997 (Age: 28-064d)","London, England, United Kingdom",188,England eng,"DF (CB, left)",Right,2015-2016,17 years,Chelsea,2015,https://www.transfermarkt.com/jake-clarke-salter/profil/spieler/316551
104223,Jordy Clasie,https://fbref.com/en/players/31c01b85/Jordy-Clasie,Success,Not found,"June 27, 1991 (Age: 34-151d)","Gemeente Haarlem, Netherlands",169,Netherlands,MF (AM-CM-DM-WM),Both,2010-2011,19 years,Excelsior,2010,https://www.transfermarkt.com/jordy-clasie/profil/spieler/104223
308632,Callum Connolly,https://fbref.com/en/players/39ad0b72/Callum-Connolly,Success,Not found,"September 23, 1997 (Age: 28-063d)","Liverpool, England, United Kingdom",183,England eng,DF-MF (CB-FB),Right,2015-2016,17 years,Everton,2015,https://www.transfermarkt.com/callum-connolly/profil/spieler/308632
90836,Steve Cook,https://fbref.com/en/players/3e5e4e63/Steve-Cook,Success,Not found,"April 19, 1991 (Age: 34-220d)","Hastings, England, United Kingdom",185,Not found,DF-MF (CB),Right,2008-2009,17 years,Brighton,2008,https://www.transfermarkt.com/steve-cook/profil/spieler/90836
242606,Josh Cullen,https://fbref.com/en/players/f6d7d690/Josh-Cullen,Success,Not found,"April 7, 1996 (Age: 29-232d)","Southend-on-Sea, England, United Kingdom",180,Republic of Ireland ie  Other: England,DF-MF (CM-DM),Right,2014-2015,18 years,West Ham,2014,https://www.transfermarkt.com/josh-cullen/profil/spieler/242606
61819,Charlie Daniels,https://fbref.com/en/players/9d107085/Charlie-Daniels,Success,Not found,7-Sep-86,Not found,178,Not found,"DF-MF (FB, left)",Left,2006-2007,19 years,Chesterfield,2006,https://www.transfermarkt.com/charlie-daniels/profil/spieler/61819
99397,Karl Darlow,https://fbref.com/en/players/cde3309f/Karl-Darlow,Success,Not found,"October 8, 1990 (Age: 35-048d)","Northampton, England, United Kingdom",185,Wales wls  Other: England,GK,Right,2010-2011,19 years,Nott'ham Forest,2010,https://www.transfermarkt.com/karl-darlow/profil/spieler/99397
54906,Matteo Darmian,https://fbref.com/en/players/96e0490d/Matteo-Darmian,Success,Not found,"December 2, 1989 (Age: 35-358d)","Legnano, Italy",182,Italy,"DF-MF (CB-FB-WM, right)",Right,2006-2007,16 years,Milan,2006,https://www.transfermarkt.com/matteo-darmian/profil/spieler/54906
314210,Tom Davies,https://fbref.com/en/players/9228b07c/Tom-Davies,Success,Not found,"June 30, 1998 (Age: 27-148d)","Liverpool, England, United Kingdom",180,England eng,MF (CM),Right,2015-2016,17 years,Everton,2015,https://www.transfermarkt.com/tom-davies/profil/spieler/314210
65477,Troy Deeney,https://fbref.com/en/players/82e34b69/Troy-Deeney,Success,Not found,29-Jun-88,Not found,183,Not found,FW,Right,2006-2007,18 years,Walsall,2006,https://www.transfermarkt.com/troy-deeney/profil/spieler/65477
261738,Joe Dodoo,https://fbref.com/en/players/beed85c7/Joe-Dodoo,Success,Not found,"June 29, 1995 (Age: 30-149d)","Kumasi, Ghana",183,England eng,FW-MF,Right,2015-2016,20 years,Leicester City,2015,https://www.transfermarkt.com/joe-dodoo/profil/spieler/261738
75287,Seydou Doumbia,https://fbref.com/en/players/c49afee6/Seydou-Doumbia,Success,Not found,31-Dec-87,Not found,179,Côte d'Ivoire,FW,Both,2008-2009,20 years,Young Boys,2008,https://www.transfermarkt.com/seydou-doumbia/profil/spieler/75287
258916,Kieran Dowell,https://fbref.com/en/players/2f6ec02a/Kieran-Dowell,Success,Not found,"October 10, 1997 (Age: 28-046d)","Ormskirk, England, United Kingdom",184,England eng,FW-MF (AM),Left,2015-2016,17 years,Everton,2015,https://www.transfermarkt.com/kieran-dowell/profil/spieler/258916
369081,Éder,https://fbref.com/en/players/5a325298/Eder,Success,Not found,15-Nov-86,Not found,178,Italy it  Other: Brazil,FW,Left,2006-2007,19 years,Empoli,2006,https://www.transfermarkt.com/der/profil/spieler/369081
160438,Mohamed Elneny,https://fbref.com/en/players/47a34c4f/Mohamed-Elneny,Success,Not found,"July 11, 1992 (Age: 33-137d)","Al Maḩallah al Kubrá, Egypt",180,Egypt,MF (CM-DM),Right,2012-2013,20 years,Basel,2012,https://www.transfermarkt.com/mohamed-elneny/profil/spieler/160438
37152,Tommy Elphick,https://fbref.com/en/players/14caf5c9/Tommy-Elphick,Success,Not found,7-Sep-87,Not found,187,Not found,"DF (CB, right)",Right,2006-2007,18 years,Brighton,2006,https://www.transfermarkt.com/tommy-elphick/profil/spieler/37152
120630,Emmanuel Emenike,https://fbref.com/en/players/df6bcd09/Emmanuel-Emenike,Success,Not found,10-May-87,Not found,182,Nigeria,FW,Right,2010-2011,23 years,Karabükspor,2010,https://www.transfermarkt.com/emmanuel-emenike/profil/spieler/120630
387331,Sam Field,https://fbref.com/en/players/bd8a7d05/Sam-Field,Success,Not found,"May 8, 1998 (Age: 27-201d)","England, United Kingdom",180,England eng,MF (CM-DM),Right,2015-2016,17 years,West Brom,2015,https://www.transfermarkt.com/sam-field/profil/spieler/387331
131789,Roberto Firmino,https://fbref.com/en/players/4c370d81/Roberto-Firmino,Success,Not found,"October 2, 1991 (Age: 34-054d)","Maceió, Brazil",181,Brazil,FW-MF (AM),Right,2010-2011,18 years,Hoffenheim,2010,https://www.transfermarkt.com/roberto-firmino/profil/spieler/131789
315131,Timothy Fosu-Mensah,https://fbref.com/en/players/a9142dc3/Timothy-Fosu-Mensah,Success,Not found,2-Jan-98,Not found,190,Netherlands,DF,Right,2015-2016,17 years,Manchester Utd,2015,https://www.transfermarkt.com/timothy-fosu-mensah/profil/spieler/315131
13573,Simon Francis,https://fbref.com/en/players/1e0b6a73/Simon-Francis,Success,Not found,16-Feb-85,Not found,191,Not found,"DF (CB-FB, right)",Right,2002-2003,17 years,Bradford City,2002,https://www.transfermarkt.com/simon-francis/profil/spieler/13573
6636,Christian Fuchs,https://fbref.com/en/players/a67a09fb/Christian-Fuchs,Success,Not found,7-Apr-86,Not found,186,Austria,"DF-MF (FB, left)",Left,2003-2004,17 years,Mattersburg,2003,https://www.transfermarkt.com/christian-fuchs/profil/spieler/6636
11111,Ramiro Funes Mori,https://fbref.com/en/players/89cbc961/Ramiro-Funes-Mori,Success,Not found,"March 5, 1991 (Age: 34-265d)","Mendoza, Argentina",193,Argentina,DF (CB),Both,2014,22 years,River Plate,Not found,https://www.transfermarkt.com/ramiro-funes-mori/profil/spieler/11111
126665,Idrissa Gana Gueye,https://fbref.com/en/players/72c812f3/Idrissa-Gana-Gueye,Success,Not found,"September 26, 1989 (Age: 36-060d)",Senegal,174,Senegal,MF (CM-DM),Right,2010-2011,20 years,Lille,2010,https://www.transfermarkt.com/idrissa-gana-gueye/profil/spieler/126665
277118,Manu García,https://fbref.com/en/players/05a4465d/Manu-Garcia,Success,Not found,26-Apr-86,Not found,182,Spain,MF (CM-WM),Left,2013-2014,27 years,Alavés,2013,https://www.transfermarkt.com/manu-garca/profil/spieler/277118
256178,Joe Gomez,https://fbref.com/en/players/7a11550b/Joe-Gomez,Success,Not found,"May 23, 1997 (Age: 28-186d)","Catford, England, United Kingdom",188,England eng,"DF (CB-FB, right)",Right,2014-2015,17 years,Charlton Ath,2014,https://www.transfermarkt.com/joe-gomez/profil/spieler/256178
35413,Lewis Grabban,https://fbref.com/en/players/1a857282/Lewis-Grabban,Success,Not found,12-Jan-88,Not found,183,Not found,FW-MF (WM),Both,2006-2007,18 years,Oldham Athletic,2006,https://www.transfermarkt.com/lewis-grabban/profil/spieler/35413
28140,Max Gradel,https://fbref.com/en/players/21c502ae/Maxime-Gradeler,Success,Not found,8-Oct-88,Not found,Not found,Not found,FW,Not found,2017-2018,28 years,Grandvillars,2017,https://www.transfermarkt.com/max-gradel/profil/spieler/28140
292417,Demarai Gray,https://fbref.com/en/players/4468ec10/Demarai-Gray,Success,Not found,"June 28, 1996 (Age: 29-150d)","Birmingham, England, United Kingdom",178,Jamaica jm  Other: England,FW-MF (AM-WM),Right,2013-2014,17 years,Birmingham City,2013,https://www.transfermarkt.com/demarai-gray/profil/spieler/292417
309841,André Green,https://fbref.com/en/players/6e287b7a/Andre-Green,Success,Not found,"July 26, 1998 (Age: 27-122d)","Solihull, England, United Kingdom",180,England eng,FW-MF,Right,2014-2015,16 years,Aston Villa,2014,https://www.transfermarkt.com/andr-green/profil/spieler/309841
320213,Rees Greenwood,https://fbref.com/en/players/e5e459d4/Rees-Greenwood,Success,Not found,10-Dec-96,Not found,179,Not found,FW,Right,2015-2016,18 years,Sunderland,2015,https://www.transfermarkt.com/rees-greenwood/profil/spieler/320213
138335,Jakob Haugaard,https://fbref.com/en/players/142741bb/Jakob-Haugaard,Success,Not found,"May 1, 1992 (Age: 33-208d)","Sundbyerne, Denmark",199,Denmark,GK,Right,2012-2013,20 years,Midtjylland,2012,https://www.transfermarkt.com/jakob-haugaard/profil/spieler/138335
91845,Son Heung-min,https://fbref.com/en/players/92e7e919/Son-Heung-min,Success,Not found,"July 8, 1992 (Age: 33-140d)","Chuncheon, Korea Republic",183,Korea Republic,FW-MF (AM-WM),Right,2010-2011,18 years,Hamburger SV,2010,https://www.transfermarkt.com/son-heung-min/profil/spieler/91845
41112,José Holebas,https://fbref.com/en/players/12aa7661/Jose-Holebas,Success,Not found,27-Jun-84,Not found,184,Greece gr  Other: Germany,"DF-MF (CB-FB-WM, left)",Left,2007-2008,23 years,1860 Munich,2007,https://www.transfermarkt.com/jos-holebas/profil/spieler/41112
218140,George Honeyman,https://fbref.com/en/players/84afeaff/George-Honeyman,Success,Not found,"September 8, 1994 (Age: 31-078d)","Prudhoe, England, United Kingdom",173,Not found,FW-MF (AM-CM),Right,2014-2015,19 years,Sunderland,2014,https://www.transfermarkt.com/george-honeyman/profil/spieler/218140
92141,Víctor Ibarbo,https://fbref.com/en/players/552d1e41/Victor-Ibarbo,Success,Not found,19-May-90,Not found,188,Colombia,FW-MF (AM-WM),Right,2011-2012,21 years,Cagliari,2011,https://www.transfermarkt.com/vctor-ibarbo/profil/spieler/92141
62121,Odion Ighalo,https://fbref.com/en/players/03622183/Odion-Ighalo,Success,Not found,"June 16, 1989 (Age: 36-162d)","Lagos, Nigeria",188,Nigeria,FW,Right,2007,17 years,Lyn,Not found,https://www.transfermarkt.com/odion-ighalo/profil/spieler/62121
295330,Kelechi Iheanacho,https://fbref.com/en/players/c92e1a31/Kelechi-Iheanacho,Success,Not found,"October 3, 1996 (Age: 29-053d)",Nigeria,185,Nigeria,FW-MF,Left,2015-2016,18 years,Manchester City,2015,https://www.transfermarkt.com/kelechi-iheanacho/profil/spieler/295330
130756,Giannelli Imbula,https://fbref.com/en/players/b86fe156/Giannelli-Imbula,Success,Not found,12-Sep-92,Not found,186,"Congo DR cd  Other: Belgium , France",MF,Left,2009-2010,16 years,Guingamp,2009,https://www.transfermarkt.com/giannelli-imbula/profil/spieler/130756
19041,Gökhan Inler,https://fbref.com/en/players/3200c583/Gokhan-Inler,Success,Not found,27-Jun-84,Not found,183,Switzerland,MF (CM-DM),Both,2004-2005,20 years,Aarau,2004,https://www.transfermarkt.com/gkhan-inler/profil/spieler/19041
81455,Juan Iturbe,https://fbref.com/en/players/2c0fbaf5/Juan-Iturbe,Success,Not found,"June 4, 1993 (Age: 32-174d)","Buenos Aires, Argentina",172,Paraguay py  Other: Argentina,FW-MF (AM-WM),Both,2011-2012,18 years,Porto,2011,https://www.transfermarkt.com/juan-iturbe/profil/spieler/81455
242631,Alex Iwobi,https://fbref.com/en/players/6ca5ec4b/Alex-Iwobi,Success,Not found,"May 3, 1996 (Age: 29-206d)","Lagos, Nigeria",180,Nigeria ng  Other: England,FW-MF (AM-CM-WM),Right,2015-2016,19 years,Arsenal,2015,https://www.transfermarkt.com/alex-iwobi/profil/spieler/242631
81999,Joselu,https://fbref.com/en/players/a5e9c273/Joselu,Success,Not found,3-Mar-91,Not found,177,Not found,FW,Not found,2009-2010,18 years,Villarreal B,2009,https://www.transfermarkt.com/joselu/profil/spieler/81999
126737,Juanmi,https://fbref.com/en/players/9c6886e6/Juanmi,Success,Not found,9-Mar-71,Not found,181,Spain,GK,Not found,1993-1994,22 years,Zaragoza,1993,https://www.transfermarkt.com/juanmi/profil/spieler/126737
244130,Sullay Kaikai,https://fbref.com/en/players/fc166e49/Sullay-Kaikai,Success,Not found,"August 26, 1995 (Age: 30-091d)","Southwark, England, United Kingdom",182,Sierra Leone sl  Other: England,FW-MF (AM-WM),Right,2013-2014,17 years,Crawley Town,2013,https://www.transfermarkt.com/sullay-kaikai/profil/spieler/244130
225083,N'Golo Kanté,https://fbref.com/en/players/b9fbae28/NGolo-Kante,Success,Not found,"March 29, 1991 (Age: 34-241d)","Paris, France",169,France,MF (CM-DM-WM),Right,2011-2012,20 years,Boulogne,2011,https://www.transfermarkt.com/ngolo-kant/profil/spieler/225083
281404,Kenedy,https://fbref.com/en/players/97778030/Daniel-Kenedy,Success,Not found,18-Feb-74,Not found,181,Portugal,DF-MF (FB),Not found,1996-1997,22 years,Paris S-G,1996,https://www.transfermarkt.com/kenedy/profil/spieler/281404
258883,Jonjoe Kenny,https://fbref.com/en/players/099e666f/Jonjoe-Kenny,Success,Not found,"March 15, 1997 (Age: 28-255d)","Kirkdale, England, United Kingdom",176,England eng,"DF-FW-MF (FB, right)",Right,2015-2016,18 years,Wigan Athletic,2015,https://www.transfermarkt.com/jonjoe-kenny/profil/spieler/258883
57410,Yann Kermorgant,https://fbref.com/en/players/0172d6cc/Yann-Kermorgant,Success,Not found,8-Nov-81,Not found,184,Not found,FW,Right,2009-2010,27 years,Leicester City,2009,https://www.transfermarkt.com/yann-kermorgant/profil/spieler/57410
103565,Wahbi Khazri,https://fbref.com/en/players/2677a1de/Wahbi-Khazri,Success,Not found,8-Feb-91,Not found,182,Tunisia tn  Other: France,FW-MF (AM-WM),Right,2009-2010,18 years,Bastia,2009,https://www.transfermarkt.com/wahbi-khazri/profil/spieler/103565
91059,Joshua King,https://fbref.com/en/players/86109b3b/Joshua-King,Success,Not found,"January 3, 2007 (Age: 18-326d)","England, United Kingdom",Not found,England eng,MF,Not found,2023-2024,16 years,Fulham,2023,https://www.transfermarkt.com/joshua-king/profil/spieler/91059
184398,Stephen Kingsley,https://fbref.com/en/players/488cc9c7/Stephen-Kingsley,Success,Not found,"July 23, 1994 (Age: 31-125d)","Stirling, Scotland, United Kingdom",178,Scotland sct,"DF (FB, left)",Right,2010-2011,16 years,Falkirk,2010,https://www.transfermarkt.com/stephen-kingsley/profil/spieler/184398
49734,Jan Kirchhoff,https://fbref.com/en/players/a14d04e3/Jan-Kirchhoff,Success,Not found,1-Oct-90,Not found,195,Germany,DF-MF (CB),Right,2008-2009,17 years,Mainz 05,2008,https://www.transfermarkt.com/jan-kirchhoff/profil/spieler/49734
65255,Timm Klose,https://fbref.com/en/players/5f1d07f6/Timm-Klose,Success,Not found,9-May-88,Not found,193,Switzerland ch  Other: Germany,DF (CB),Right,2010-2011,22 years,Thun,2010,https://www.transfermarkt.com/timm-klose/profil/spieler/65255
57420,Lamine Koné,https://fbref.com/en/players/a46472d0/Lamine-Kone,Success,Not found,1-Feb-89,Not found,189,Côte d'Ivoire ci  Other: France,"DF (CB, right)",Right,2009-2010,20 years,Châteauroux,2009,https://www.transfermarkt.com/lamine-kon/profil/spieler/57420
36884,Kyle Lafferty,https://fbref.com/en/players/3bf81c50/Kyle-Lafferty,Success,Not found,16-Sep-87,Not found,193,Northern Ireland nir,FW,Right,2005-2006,17 years,Darlington,2005,https://www.transfermarkt.com/kyle-lafferty/profil/spieler/36884
135853,Manuel Lanzini,https://fbref.com/en/players/26f6dca8/Manuel-Lanzini,Success,Not found,"February 15, 1993 (Age: 32-283d)","San Antonio de Padua, Argentina",170,Argentina,FW-MF (AM),Right,2015-2016,22 years,West Ham,2015,https://www.transfermarkt.com/manuel-lanzini/profil/spieler/135853
183318,Jamaal Lascelles,https://fbref.com/en/players/450ab6fc/Jamaal-Lascelles,Success,Not found,"November 11, 1993 (Age: 32-014d)","Derby, England, United Kingdom",189,England eng,DF (CB),Right,2011-2012,17 years,Stevenage,2011,https://www.transfermarkt.com/jamaal-lascelles/profil/spieler/183318
58576,Miguel Layún,https://fbref.com/en/players/ad6295d4/Miguel-Layun,Success,Not found,25-Jun-88,Not found,179,Mexico,"DF-MF (FB-WM, right)",Right,2007-2008,19 years,Veracruz,2007,https://www.transfermarkt.com/miguel-layn/profil/spieler/58576
314266,Jonathan Leko,https://fbref.com/en/players/76b5cbbd/Jonathan-Leko,Success,Not found,"April 24, 1999 (Age: 26-215d)","Kinshasa, Congo DR",182,England eng,FW-MF,Right,2015-2016,16 years,West Brom,2015,https://www.transfermarkt.com/jonathan-leko/profil/spieler/314266
38497,Jeremain Lens,https://fbref.com/en/players/6f1721f0/Jeremain-Lens,Success,Not found,24-Nov-87,Not found,178,Netherlands,"FW-MF (AM-WM, right)",Right,2006-2007,18 years,AZ Alkmaar,2006,https://www.transfermarkt.com/jeremain-lens/profil/spieler/38497
179451,Donald Love,https://fbref.com/en/players/160599ed/Donald-Love,Success,Not found,"December 2, 1994 (Age: 30-358d)","Rochdale, England, United Kingdom",179,Scotland sct  Other: England,"DF-MF (DM-FB-WM, right)",Right,2015-2016,20 years,Manchester Utd,2015,https://www.transfermarkt.com/donald-love/profil/spieler/179451
251289,Jordan Lyden,https://fbref.com/en/players/f246a2a8/Jordan-Lyden,Success,Not found,30-Jan-96,Not found,178,Australia,MF,Right,2015-2016,19 years,Aston Villa,2015,https://www.transfermarkt.com/jordan-lyden/profil/spieler/251289
60573,Yann M'Vila,https://fbref.com/en/players/d4133fa1/Yann-MVila,Success,Not found,"June 29, 1990 (Age: 35-149d)","Amiens, France",182,France,MF (CM-DM),Right,2009-2010,19 years,Dijon,2009,https://www.transfermarkt.com/yann-mvila/profil/spieler/60573
10375,Shaun MacDonald,https://fbref.com/en/players/7d64f98a/Shaun-MacDonald,Success,Not found,"October 20, 1996 (Age: 29-036d)","England, United Kingdom",Not found,Not found,GK,Right,2019-2020,22 years,Torquay,2019,https://www.transfermarkt.com/shaun-macdonald/profil/spieler/10375
28261,José Manuel Jurado,https://fbref.com/en/players/71d4e271/Jose-Manuel-Jurado,Success,Not found,29-Jun-86,Not found,176,Spain,MF (AM),Right,2005-2006,19 years,Real Madrid,2005,https://www.transfermarkt.com/jos-manuel-jurado/profil/spieler/28261
182877,Anthony Martial,https://fbref.com/en/players/8b788c01/Anthony-Martial,Success,Not found,"December 5, 1995 (Age: 29-355d)","Massy, France",184,France,FW-MF (AM),Right,2012-2013,16 years,Lyon,2012,https://www.transfermarkt.com/anthony-martial/profil/spieler/182877
91251,Cuco Martina,https://fbref.com/en/players/22551915/Cuco-Martina,Success,Not found,"September 25, 1989 (Age: 36-061d)","Rotterdam, Netherlands",185,Curaçao cw  Other: Netherlands,DF-MF (CB-FB),Right,2008-2009,18 years,RBC Roosendaal,2008,https://www.transfermarkt.com/cuco-martina/profil/spieler/91251
108878,Adam Matthews,https://fbref.com/en/players/d8bffa70/Adam-Matthews,Success,Not found,"January 13, 1992 (Age: 33-316d)","Swansea, Wales, United Kingdom",178,Wales wls,"DF-MF (FB, right)",Right,2009-2010,17 years,Cardiff City,2009,https://www.transfermarkt.com/adam-matthews/profil/spieler/108878
183321,Kevin Mbabu,https://fbref.com/en/players/493924a7/Kevin-Mbabu,Success,Not found,"April 19, 1995 (Age: 30-220d)","Chêne-Bougeries, Switzerland",184,Switzerland,"DF-MF (FB, right)",Right,2012-2013,17 years,Servette,2012,https://www.transfermarkt.com/kevin-mbabu/profil/spieler/183321
203348,Chancel Mbemba,https://fbref.com/en/players/e76cb9cc/Chancel-Mbemba,Success,Not found,"August 8, 1994 (Age: 31-109d)","Kinshasa, Congo DR",182,Congo DR,"DF (CB, right)",Right,2013-2014,18 years,Anderlecht,2013,https://www.transfermarkt.com/chancel-mbemba/profil/spieler/203348
44624,Dieumerci Mbokani,https://fbref.com/en/players/d9847696/Dieumerci-Mbokani,Success,Not found,22-Nov-85,Not found,185,Congo DR,FW,Right,2006-2007,20 years,Anderlecht,2006,https://www.transfermarkt.com/dieumerci-mbokani/profil/spieler/44624
167850,Memphis,https://fbref.com/en/players/5a1ae50b/Memphis-Simdze-Fokoua,Success,Not found,4-Mar-08,Not found,Not found,Not found,FW,Not found,2024-2025,16 years,Mannheim,2024,https://www.transfermarkt.com/memphis/profil/spieler/167850
245893,Matt Miazga,https://fbref.com/en/players/9fc0f253/Matt-Miazga,Success,Not found,"July 19, 1995 (Age: 30-129d)","Clifton, New Jersey, United States",191,United States us  Other: Poland,DF (CB),Right,2013,17 years,NY Red Bulls,Not found,https://www.transfermarkt.com/matt-miazga/profil/spieler/245893
253677,Tyrone Mings,https://fbref.com/en/players/8397a50c/Tyrone-Mings,Success,Not found,"March 13, 1993 (Age: 32-257d)","Bath, England, United Kingdom",195,England eng,"DF (CB-FB, left)",Left,2012-2013,19 years,Ipswich Town,2012,https://www.transfermarkt.com/tyrone-mings/profil/spieler/253677
51152,Aleksandar Mitrović,https://fbref.com/en/players/3925dbd6/Aleksandar-Mitrovic,Success,Not found,"September 16, 1994 (Age: 31-070d)","Smederevo, Serbia",189,Serbia,FW,Right,2012-2013,17 years,Partizan,2012,https://www.transfermarkt.com/aleksandar-mitrovi/profil/spieler/51152
241119,Clinton N'Jie,https://fbref.com/en/players/77f278a0/Clinton-NJie,Success,Not found,15-Aug-93,Not found,175,Cameroon,FW-MF,Right,2012-2013,18 years,Lyon,2012,https://www.transfermarkt.com/clinton-njie/profil/spieler/241119
209781,Oumar Niasse,https://fbref.com/en/players/af721f98/Oumar-Niasse,Success,Not found,18-Apr-90,Not found,182,Senegal,FW-MF (WM),Right,2012,21 years,Brann,Not found,https://www.transfermarkt.com/oumar-niasse/profil/spieler/209781
75890,Kristoffer Nordfeldt,https://fbref.com/en/players/78549904/Kristoffer-Nordfeldt,Success,Not found,"June 23, 1989 (Age: 36-155d)","Stockholm, Sweden",190,Sweden,GK,Right,2008,18 years,Brommapojkarna,Not found,https://www.transfermarkt.com/kristoffer-nordfeldt/profil/spieler/75890
111508,Allan Nyom,https://fbref.com/en/players/97572117/Allan-Nyom,Success,Not found,"May 10, 1988 (Age: 37-199d)","Neuilly-sur-Seine, France",186,Cameroon cm  Other: France,"DF-MF (FB, right)",Right,2010-2011,22 years,Granada,2010,https://www.transfermarkt.com/allan-nyom/profil/spieler/111508
61583,Eunan O'Kane,https://fbref.com/en/players/b7f8b1fc/Eunan-OKane,Success,Not found,10-Jul-90,Not found,168,Republic of Ireland ie  Other: Northern Ireland,MF,Left,2009-2010,19 years,Torquay United,2009,https://www.transfermarkt.com/eunan-okane/profil/spieler/61583
101213,Pedro Obiang,https://fbref.com/en/players/ba1e04b3/Pedro-Obiang,Success,Not found,"March 27, 1992 (Age: 33-243d)","Alcalá de Henares, Spain",185,Equatorial Guinea gq  Other: Spain,MF (CM-DM),Right,2010-2011,18 years,Sampdoria,2010,https://www.transfermarkt.com/pedro-obiang/profil/spieler/101213
38388,Vadis Odjidja-Ofoe,https://fbref.com/en/players/518918ad/Vadis-Odjidja-Ofoe,Success,Not found,"February 21, 1989 (Age: 36-277d)","Gent, Belgium",185,Belgium,DF-MF (AM-CM-DM-WM),Right,2007-2008,18 years,Hamburger SV,2007,https://www.transfermarkt.com/vadis-odjidja-ofoe/profil/spieler/38388
48002,Angelo Ogbonna,https://fbref.com/en/players/74b2cd7e/Angelo-Ogbonna,Success,Not found,23-May-88,Not found,191,Italy,DF (CB),Left,2006-2007,18 years,Torino,2006,https://www.transfermarkt.com/angelo-ogbonna/profil/spieler/48002
236510,Sheyi Ojo,https://fbref.com/en/players/7b9a86e6/Sheyi-Ojo,Success,Not found,"June 19, 1997 (Age: 28-159d)","Hemel Hempstead, England, United Kingdom",178,England eng,FW-MF (AM-WM),Left,2014-2015,17 years,Wigan Athletic,2014,https://www.transfermarkt.com/sheyi-ojo/profil/spieler/236510
79642,Shinji Okazaki,https://fbref.com/en/players/68796d61/Shinji-Okazaki,Success,Not found,16-Apr-86,Not found,174,Japan,FW-MF,Right,2010-2011,24 years,Stuttgart,2010,https://www.transfermarkt.com/shinji-okazaki/profil/spieler/79642
243589,Josh Onomah,https://fbref.com/en/players/6612cd8c/Josh-Onomah,Success,Not found,"April 27, 1997 (Age: 28-212d)","Enfield, England, United Kingdom",185,England eng,FW-MF,Right,2014-2015,17 years,Tottenham,2014,https://www.transfermarkt.com/josh-onomah/profil/spieler/243589
148368,Divock Origi,https://fbref.com/en/players/43a166b4/Divock-Origi,Success,Not found,18-Apr-95,Not found,186,Belgium,FW-MF (WM),Right,2012-2013,17 years,Lille,2012,https://www.transfermarkt.com/divock-origi/profil/spieler/148368
54781,Nicolás Otamendi,https://fbref.com/en/players/0d267745/Nicolas-Otamendi,Success,Not found,"February 12, 1988 (Age: 37-286d)","Buenos Aires, Argentina",183,Argentina,DF (CB),Right,2010-2011,22 years,Porto,2010,https://www.transfermarkt.com/nicols-otamendi/profil/spieler/54781
314959,Obbi Oulare,https://fbref.com/en/players/9e49c320/Obbi-Oulare,Success,Not found,8-Jan-96,Not found,196,Belgium,FW,Right,2014-2015,18 years,Club Brugge,2014,https://www.transfermarkt.com/obbi-oulare/profil/spieler/314959
314295,Reece Oxford,https://fbref.com/en/players/8b6e0db2/Reece-Oxford,Success,Not found,16-Dec-98,Not found,190,England eng,DF (CB),Right,2014-2015,15 years,West Ham,2014,https://www.transfermarkt.com/reece-oxford/profil/spieler/314295
68306,Alberto Paloschi,https://fbref.com/en/players/b5cae4e6/Alberto-Paloschi,Success,Not found,4-Jan-90,Not found,182,Italy,FW,Right,2007-2008,17 years,Milan,2007,https://www.transfermarkt.com/alberto-paloschi/profil/spieler/68306
37579,Alexandre Pato,https://fbref.com/en/players/7dd83c7d/Alexandre-Pato,Success,Not found,2-Sep-89,Not found,181,Brazil,FW-MF,Right,2007-2008,17 years,Milan,2007,https://www.transfermarkt.com/alexandre-pato/profil/spieler/37579
37647,Dimitri Payet,https://fbref.com/en/players/58ae47b2/Dimitri-Payet,Success,Not found,"March 29, 1987 (Age: 38-241d)","Saint-Pierre, Réunion",175,France fr  Other: Réunion,FW-MF (AM-WM),Right,2005-2006,18 years,Nantes,2005,https://www.transfermarkt.com/dimitri-payet/profil/spieler/37647
65278,Pedro,https://fbref.com/en/players/d66b9872/Pedro-Leon,Success,Not found,"November 24, 1986 (Age: 39-001d)","Mula, Spain",182,Spain,"FW-MF (AM-WM, right)",Right,2004-2005,17 years,Real Murcia,2004,https://www.transfermarkt.com/pedro/profil/spieler/65278
220755,Matthew Pennington,https://fbref.com/en/players/0ff967f7/Matthew-Pennington,Success,Not found,"October 6, 1994 (Age: 31-050d)","Warrington, England, United Kingdom",185,England eng,DF (CB),Right,2013-2014,18 years,Tranmere Rovers,2013,https://www.transfermarkt.com/matthew-pennington/profil/spieler/220755
130164,Jordan Pickford,https://fbref.com/en/players/4806ec67/Jordan-Pickford,Success,Not found,"March 7, 1994 (Age: 31-263d)","Washington, England, United Kingdom",185,England eng,GK,Left,2011-2012,17 years,Darlington,2011,https://www.transfermarkt.com/jordan-pickford/profil/spieler/130164
82281,Ivo Pinto,https://fbref.com/en/players/8d82551b/Ivo-Pinto,Success,Not found,"January 7, 1990 (Age: 35-322d)","Lourosa, Portugal",184,Portugal,"DF (FB, right)",Right,2009-2010,19 years,Vitória Setúbal,2009,https://www.transfermarkt.com/ivo-pinto/profil/spieler/82281
37981,Sebastian Prödl,https://fbref.com/en/players/f5e6d08d/Sebastian-Prodl,Success,Not found,21-Jun-87,Not found,194,Austria,DF-MF (CB),Right,2006-2007,19 years,Sturm Graz,2006,https://www.transfermarkt.com/sebastian-prdl/profil/spieler/37981
36939,Marc Pugh,https://fbref.com/en/players/9aacb284/Marc-Pugh,Success,Not found,2-Apr-87,Not found,180,Not found,FW-MF (WM),Right,2005-2006,18 years,Bury,2005,https://www.transfermarkt.com/marc-pugh/profil/spieler/36939
224884,Baba Rahman,https://fbref.com/en/players/e4086af3/Baba-Rahman,Success,Not found,"July 2, 1994 (Age: 31-146d)","Tamale, Ghana",179,Ghana,"DF-MF (CB-FB, left)",Left,2012-2013,18 years,Greuther Fürth,2012,https://www.transfermarkt.com/baba-rahman/profil/spieler/224884
262545,Connor Randall,https://fbref.com/en/players/412e1445/Connor-Randall,Success,Not found,"October 21, 1995 (Age: 30-035d)","Liverpool, England, United Kingdom",180,England eng,"DF-MF (DM-FB, right)",Right,2014-2015,18 years,Shrewsbury,2014,https://www.transfermarkt.com/connor-randall/profil/spieler/262545
51321,Darren Randolph,https://fbref.com/en/players/6385ebfb/Darren-Randolph,Success,Not found,12-May-87,Not found,188,Republic of Ireland,GK,Right,2006-2007,19 years,Gillingham,2006,https://www.transfermarkt.com/darren-randolph/profil/spieler/51321
198495,Tokelo Rantie,https://fbref.com/en/players/7ef25942/Tokelo-Rantie,Success,Not found,8-Sep-90,Not found,172,South Africa,FW,Right,2012,21 years,Malmö,Not found,https://www.transfermarkt.com/tokelo-rantie/profil/spieler/198495
258923,Marcus Rashford,https://fbref.com/en/players/a1d5bd30/Marcus-Rashford,Success,Not found,"October 31, 1997 (Age: 28-025d)","Wythenshawe, England, United Kingdom",180,England eng,FW-MF (AM),Right,2015-2016,17 years,Manchester Utd,2015,https://www.transfermarkt.com/marcus-rashford/profil/spieler/258923
92469,Matt Ritchie,https://fbref.com/en/players/71ef519e/Matt-Ritchie,Success,Not found,"September 10, 1989 (Age: 36-076d)","Gosport, England, United Kingdom",173,Scotland sct  Other: England,"DF-FW-MF (AM-DM-FB-WM, right)",Left,2008-2009,18 years,Dag & Red,2008,https://www.transfermarkt.com/matt-ritchie/profil/spieler/92469
296986,Tyler Roberts,https://fbref.com/en/players/91ac3046/Tyler-Roberts,Success,Not found,"December 22, 2003 (Age: 21-338d)","England, United Kingdom",Not found,Jamaica jm  Other: England,MF,Not found,2020-2021,16 years,Wolves,2020,https://www.transfermarkt.com/tyler-roberts/profil/spieler/296986
257968,Thomas Robson,https://fbref.com/en/players/a18298ff/Thomas-Robson,Success,Not found,"September 11, 1995 (Age: 30-075d)","Sunderland, England, United Kingdom",178,Not found,"DF-MF (FB, left)",Left,2014-2015,18 years,Sunderland,2014,https://www.transfermarkt.com/thomas-robson/profil/spieler/257968
30690,Sergio Romero,https://fbref.com/en/players/af4a9326/Sergio-Esteban-Romero,Success,Not found,22-Nov-88,Not found,175,Not found,FW,Right,2015,26 years,Millonarios,Not found,https://www.transfermarkt.com/sergio-romero/profil/spieler/30690
80197,Salomón Rondón,https://fbref.com/en/players/b318a643/Salomon-Rondon,Success,Not found,"September 16, 1989 (Age: 36-070d)","Caracas, Venezuela",189,Venezuela,FW,Right,2008-2009,18 years,Las Palmas,2008,https://www.transfermarkt.com/salomn-rondn/profil/spieler/80197
258924,Jordan Rossiter,https://fbref.com/en/players/0e459095/Jordan-Rossiter,Success,Not found,"March 24, 1997 (Age: 28-246d)","Liverpool, England, United Kingdom",178,England eng,MF (CM),Right,2014-2015,17 years,Liverpool,2014,https://www.transfermarkt.com/jordan-rossiter/profil/spieler/258924
51540,Henri Saivet,https://fbref.com/en/players/f3709655/Henri-Saivet,Success,Not found,"October 26, 1990 (Age: 35-030d)",Senegal,174,Senegal sn  Other: France,FW-MF (AM-DM-WM),Right,2007-2008,16 years,Bordeaux,2007,https://www.transfermarkt.com/henri-saivet/profil/spieler/51540
46791,Bakary Sako,https://fbref.com/en/players/381d7d54/Bakary-Sako,Success,Not found,"April 26, 1988 (Age: 37-213d)","Ivry-sur-Seine, France",180,Mali ml  Other: France,FW-MF (AM-WM),Left,2009-2010,21 years,Saint-Étienne,2009,https://www.transfermarkt.com/bakary-sako/profil/spieler/46791
2514,Bastian Schweinsteiger,https://fbref.com/en/players/ccc22fea/Bastian-Schweinsteiger,Success,Not found,1-Aug-84,Not found,183,Germany,DF-MF (CB),Right,2002-2003,17 years,Bayern Munich,2002,https://www.transfermarkt.com/bastian-schweinsteiger/profil/spieler/2514
86792,Xherdan Shaqiri,https://fbref.com/en/players/6421ec64/Xherdan-Shaqiri,Success,Not found,"October 10, 1991 (Age: 34-046d)","Komuna e Gjilanit, Kosovo",169,Switzerland,FW-MF (AM-WM),Left,2009-2010,17 years,Basel,2009,https://www.transfermarkt.com/xherdan-shaqiri/profil/spieler/86792
112988,Cédric Soares,https://fbref.com/en/players/839c14e1/Cedric-Soares,Success,Not found,"August 31, 1991 (Age: 34-086d)","Singen, Germany",169,Portugal pt  Other: Germany,"DF-MF (FB, right)",Right,2010-2011,18 years,Sporting CP,2010,https://www.transfermarkt.com/cdric-soares/profil/spieler/112988
250431,Jamie Sterry,https://fbref.com/en/players/f13d0f83/Jamie-Sterry,Success,Not found,"November 21, 1995 (Age: 30-004d)","Newcastle upon Tyne, England, United Kingdom",178,Not found,"DF-MF (FB, right)",Right,2014-2015,18 years,Newcastle Utd,2014,https://www.transfermarkt.com/jamie-sterry/profil/spieler/250431
200782,Kevin Stewart,https://fbref.com/en/players/ff674795/Kevin-Stewart,Success,Not found,7-Sep-93,Not found,182,Jamaica jm  Other: England,DF-MF (DM),Right,2012-2013,18 years,Crewe Alexandra,2012,https://www.transfermarkt.com/kevin-stewart/profil/spieler/200782
37337,Mario Suárez,https://fbref.com/en/players/7106f0a0/Mario-Suarez,Success,Not found,24-Feb-87,Not found,188,Spain,MF (DM),Right,2005-2006,18 years,Atlético Madrid,2005,https://www.transfermarkt.com/mario-surez/profil/spieler/37337
184892,Florian Thauvin,https://fbref.com/en/players/2b9fdeea/Florian-Thauvin,Success,Not found,"January 26, 1993 (Age: 32-303d)","Orléans, France",179,France,"FW-MF (AM-WM, right)",Left,2010-2011,17 years,Grenoble,2010,https://www.transfermarkt.com/florian-thauvin/profil/spieler/184892
36500,Ola Toivonen,https://fbref.com/en/players/de4fe7a2/Ola-Toivonen,Success,Not found,3-Jul-86,Not found,190,Sweden,FW-MF (AM),Right,2006,19 years,Örgryte,Not found,https://www.transfermarkt.com/ola-toivonen/profil/spieler/36500
104586,Lee Tomlin,https://fbref.com/en/players/ef1739b9/Lee-Tomlin,Success,Not found,12-Jan-89,Not found,180,Not found,FW-MF (AM-WM),Right,2005-2006,16 years,R&D,2005,https://www.transfermarkt.com/lee-tomlin/profil/spieler/104586
303254,Fikayo Tomori,https://fbref.com/en/players/7edfbb8a/Fikayo-Tomori,Success,Not found,"December 19, 1997 (Age: 27-341d)","Calgary, Alberta, Canada",185,England eng  Other: Canada,DF (CB),Right,2015-2016,17 years,Chelsea,2015,https://www.transfermarkt.com/fikayo-tomori/profil/spieler/303254
265132,Kevin Toner,https://fbref.com/en/players/e2910435/Kevin-Toner,Success,Not found,"July 18, 1996 (Age: 29-130d)","Ashbourne, Republic of Ireland",180,Not found,DF,Right,2015-2016,19 years,Aston Villa,2015,https://www.transfermarkt.com/kevin-toner/profil/spieler/265132
251664,Ivan Toney,https://fbref.com/en/players/e09f279b/Ivan-Toney,Success,Not found,"March 16, 1996 (Age: 29-254d)","Northampton, England, United Kingdom",179,England eng,FW,Right,2013-2014,17 years,Northampton,2013,https://www.transfermarkt.com/ivan-toney/profil/spieler/251664
204103,Adama Traoré,https://fbref.com/en/players/9a28eba4/Adama-Traore,Success,Not found,"January 25, 1996 (Age: 29-304d)","l'Hospitalet de Llobregat, Spain",178,Spain es  Other: Mali,"FW-MF (AM-WM, right)",Right,2013-2014,17 years,Barcelona,2013,https://www.transfermarkt.com/adama-traor/profil/spieler/204103
131996,Bertrand Traoré,https://fbref.com/en/players/c47541e0/Bertrand-Traore,Success,Not found,"September 6, 1995 (Age: 30-080d)","Bobo-Dioulasso, Burkina Faso",177,Burkina Faso,"FW-MF (AM-WM, right)",Left,2013-2014,17 years,Vitesse,2013,https://www.transfermarkt.com/bertrand-traor/profil/spieler/131996
139208,Virgil van Dijk,https://fbref.com/en/players/e06683ca/Virgil-van-Dijk,Success,Not found,"July 8, 1991 (Age: 34-140d)","Breda, Netherlands",193,Netherlands,"DF (CB, left)",Right,2010-2011,19 years,Groningen,2010,https://www.transfermarkt.com/virgil-van-dijk/profil/spieler/139208
188862,Guillermo Varela,https://fbref.com/en/players/5c961282/Guillermo-Varela,Success,Not found,"March 24, 1993 (Age: 32-246d)","Montevideo, Uruguay",171,Uruguay,"DF (FB, right)",Right,2015-2016,22 years,Manchester Utd,2015,https://www.transfermarkt.com/guillermo-varela/profil/spieler/188862
164771,Jordan Veretout,https://fbref.com/en/players/4a56052c/Jordan-Veretout,Success,Not found,"March 1, 1993 (Age: 32-269d)","Ancenis, France",176,France,MF (CM-DM-WM),Right,2010-2011,17 years,Nantes,2010,https://www.transfermarkt.com/jordan-veretout/profil/spieler/164771
203026,Danny Ward,https://fbref.com/en/players/cfb29823/Danny-Ward,Success,Not found,"December 11, 1991 (Age: 33-349d)","Bradford, England, United Kingdom",180,Not found,FW-MF (AM-WM),Right,2009-2010,17 years,Bolton,2009,https://www.transfermarkt.com/danny-ward/profil/spieler/203026
248045,Duncan Watmore,https://fbref.com/en/players/2b2bae51/Duncan-Watmore,Success,Not found,8-Mar-94,Not found,175,England eng,FW-MF (AM-WM),Right,2013-2014,19 years,Hibernian,2013,https://www.transfermarkt.com/duncan-watmore/profil/spieler/248045
251058,James Weir,https://fbref.com/en/players/c8d651c1/James-Weir,Success,Not found,4-Aug-95,Not found,183,England eng,MF,Right,2015-2016,19 years,Manchester Utd,2015,https://www.transfermarkt.com/james-weir/profil/spieler/251058
49499,Georginio Wijnaldum,https://fbref.com/en/players/eb58eef0/Georginio-Wijnaldum,Success,Not found,"November 11, 1990 (Age: 35-014d)","Rotterdam, Netherlands",175,Netherlands,FW-MF (AM-CM-DM-WM),Right,2006-2007,15 years,Feyenoord,2006,https://www.transfermarkt.com/georginio-wijnaldum/profil/spieler/49499
123682,Callum Wilson,https://fbref.com/en/players/c596fcb0/Callum-Wilson,Success,Not found,"February 27, 1992 (Age: 33-271d)","Coventry, England, United Kingdom",180,England eng,FW,Right,2010-2011,18 years,Coventry City,2010,https://www.transfermarkt.com/callum-wilson/profil/spieler/123682
122675,Kevin Wimmer,https://fbref.com/en/players/faf55ce4/Kevin-Wimmer,Success,Not found,"November 15, 1992 (Age: 33-010d)","Wels Stadt, Austria",187,Austria,"DF (CB, left)",Left,2012-2013,19 years,Köln,2012,https://www.transfermarkt.com/kevin-wimmer/profil/spieler/122675
