"player_name","nationality","fbref_url","transfer_url","career_length","retired","retirement_age","age_current","debut_age","debut_year","injury_count_total","days_missed_total","games_missed_total","total_matches_club","seasons_club","foot","position_simple","height","debut_age_num","height_clean","debut_year_num","injuries_per_season","foot_clean","event","debut_band","height_group","inj_band","debut_decade","nationality_clean","region"
"Alex","Brazil","https://fbref.com/en/players/58721835/Alex","https://www.transfermarkt.com/alex/profil/spieler/15420",14,"Yes",34,43,"22 years","2004",15,336,59,354,12,"right","Defender","188",22,188,2004,1.25,"right",1,"[21,24)","(185,203]","(9,57]","2000s","Brazil","South_America"
"Anderson","Brazil","https://fbref.com/en/players/ffcbeb74/Anderson","https://www.transfermarkt.com/anderson/profil/spieler/31645",15,"Yes",31,37,"17 years","2005",8,429,75,236,13,"left","Midfield","176",17,176,2005,0.615384615384615,"left",1,"[15,18)","[165,180]","(3,9]","2000s","Brazil","South_America"
"Bebé","Cape Verde  Portugal","https://fbref.com/en/players/d8712bf9/Bebe","https://www.transfermarkt.com/bebe/profil/spieler/153427",15,"No",NA,35,"20 years","2010",3,601,92,334,16,"right","Attack","190",20,190,2010,0.1875,"right",0,"[18,21)","(185,203]","[0,3]","2010s","Cape Verde Portugal","EU_Major"
"Rory Delap","Ireland  England","https://fbref.com/en/players/9b0dac73/Rory-Delap","https://www.transfermarkt.com/rory-delap/profil/spieler/4112",16,"Yes",37,49,"21 years","1997",1,77,13,446,17,"right","Midfield","183",21,183,1997,0.0588235294117647,"right",1,"[21,24)","(180,185]","[0,3]","1990s","Ireland England","UK_Ireland"
"Denílson","Brazil","https://fbref.com/en/players/2f07dee0/Denilson","https://www.transfermarkt.com/denilson/profil/spieler/42352",16,"Yes",33,37,"18 years","2006",4,117,21,176,9,"right","Midfield","179",18,179,2006,0.444444444444444,"right",1,"[18,21)","[165,180]","(3,9]","2000s","Brazil","South_America"
"Fábio","Brazil  Portugal","https://fbref.com/en/players/bc7b4580/Fabio","https://www.transfermarkt.com/fabio/profil/spieler/61891",15,"Yes",34,35,"19 years","2009",12,622,95,307,16,"right","Defender","172",19,172,2009,0.75,"right",1,"[18,21)","[165,180]","(9,57]","2000s","Brazil Portugal","EU_Major"
"Vince Grella","Australia  Italy","https://fbref.com/en/players/db61f587/Vince-Grella","https://www.transfermarkt.com/vincenzo-grella/profil/spieler/6021",14,"Yes",33,46,"18 years","1998",4,336,62,255,13,"both","Midfield","180",18,180,1998,0.307692307692308,"both",1,"[18,21)","[165,180]","(3,9]","1990s","Australia Italy","EU_Major"
"El Hadji Diouf","Senegal  France","https://fbref.com/en/players/1a4542c8/El-Hadji-Diouf","https://www.transfermarkt.com/el-hadji-diouf/profil/spieler/3604",17,"Yes",34,44,"17 years","1998",2,28,6,448,16,"right","Attack","182",17,182,1998,0.125,"right",1,"[15,18)","(180,185]","[0,3]","1990s","Senegal France","EU_Major"
"Park Ji-sung","Korea, South","https://fbref.com/en/players/3de4cb30/Park-Ji-sung","https://www.transfermarkt.com/ji-sung-park/profil/spieler/4592",14,"Yes",33,44,"21 years","2002",7,351,68,304,12,"both","Attack","173",21,173,2002,0.583333333333333,"both",1,"[21,24)","[165,180]","(3,9]","2000s","Korea, South","Rest_of_World"
"Sergei Kornilenko","Belarus  Russia","https://fbref.com/en/players/be1797d6/Sergei-Kornilenko","https://www.transfermarkt.com/sergey-kornilenko/profil/spieler/15881",22,"Yes",38,42,"20 years","2003",2,91,9,285,16,"left","Attack","186",20,186,2003,0.125,"left",1,"[18,21)","(185,203]","[0,3]","2000s","Belarus Russia","Rest_of_World"
"Sotirios Kyrgiakos","Greece","https://fbref.com/en/players/2bc82fdc/Sotirios-Kyrgiakos","https://www.transfermarkt.com/sotiris-kyrgiakos/profil/spieler/9706",14,"Yes",34,46,"22 years","2001",6,299,20,272,12,"right","Defender","193",22,193,2001,0.5,"right",1,"[21,24)","(185,203]","(3,9]","2000s","Greece","Rest_of_World"
"Adrián López","Spain","https://fbref.com/en/players/70392341/Adrian-Lopez","https://www.transfermarkt.com/adrian-lopez/profil/spieler/44966",12,"Yes",32,38,"20 years","2007",2,80,14,47,9,"right","Defender","184",20,184,2007,0.222222222222222,"right",1,"[18,21)","(180,185]","[0,3]","2000s","Spain","EU_Major"
"Andy O'Brien","Ireland  England","https://fbref.com/en/players/1719f6b2/Andy-OBrien","https://www.transfermarkt.com/andrew-obrien/profil/spieler/3228",18,"Yes",35,46,"20 years","1999",1,9,2,405,16,"right","Defender","191",20,191,1999,0.0625,"right",1,"[18,21)","(185,203]","[0,3]","1990s","Ireland England","UK_Ireland"
"Frédéric Piquionne","Martinique  France","https://fbref.com/en/players/62f579c5/Frederic-Piquionne","https://www.transfermarkt.com/frederic-piquionne/profil/spieler/5683",15,"Yes",37,47,"22 years","2001",0,0,0,402,15,"right","Attack","188",22,188,2001,0,"right",1,"[21,24)","(185,203]","[0,3]","2000s","Martinique France","EU_Major"
"Rafael","Brazil  Portugal","https://fbref.com/en/players/9a1f2e1c/Rafael","https://www.transfermarkt.com/rafael/profil/spieler/61892",16,"Yes",34,35,"18 years","2008",26,1158,220,327,17,"right","Defender","173",18,173,2008,1.52941176470588,"right",1,"[18,21)","[165,180]","(9,57]","2000s","Brazil Portugal","EU_Major"
"Abdul Razak","Cote d'Ivoire","https://fbref.com/en/players/5e61927c/Abdul-Razak","https://www.transfermarkt.com/abdul-razak/profil/spieler/177321",15,"No",NA,33,"17 years","2010",1,13,0,124,11,"right","Midfield","180",17,180,2010,0.0909090909090909,"right",0,"[15,18)","[165,180]","[0,3]","2010s","Cote d'Ivoire","Rest_of_World"
"Jack Robinson","England","https://fbref.com/en/players/7399c7a8/Jack-Robinson","https://www.transfermarkt.com/jack-robinson/profil/spieler/128909",16,"No",NA,32,"15 years","2009",5,806,136,343,16,"left","Defender","180",15,180,2009,0.3125,"left",0,"[15,18)","[165,180]","(3,9]","2000s","England","UK_Ireland"
"Rodrigo","Spain  Brazil","https://fbref.com/en/players/1fb1c435/Rodrigo","https://www.transfermarkt.com/rodrigo/profil/spieler/131505",11,"No",NA,34,"19 years","2010",19,618,105,431,13,"left","Attack","180",19,180,2010,1.46153846153846,"left",0,"[18,21)","[165,180]","(9,57]","2010s","Spain Brazil","EU_Major"
"Sandro","Brazil  Portugal","https://fbref.com/en/players/c1c2c925/Sandro","https://www.transfermarkt.com/sandro/profil/spieler/74590",16,"Yes",35,36,"21 years","2010",10,623,104,219,12,"right","Midfield","188",21,188,2010,0.833333333333333,"right",1,"[21,24)","(185,203]","(9,57]","2010s","Brazil Portugal","EU_Major"
"Paulo da Silva","Paraguay","https://fbref.com/en/players/47560da8/Paulo-da-Silva","https://www.transfermarkt.com/paulo-da-silva/profil/spieler/38800",24,"Yes",44,45,"21 years","2001",1,31,6,587,22,"right","Defender","184",21,184,2001,0.0454545454545455,"right",1,"[21,24)","(180,185]","[0,3]","2000s","Paraguay","Rest_of_World"
"Alan Smith","England","https://fbref.com/en/players/fdac06ea/Alan-Smith","https://www.transfermarkt.com/alan-smith/profil/spieler/3768",19,"Yes",37,45,"17 years","1998",2,340,57,526,20,"right","Midfield","178",17,178,1998,0.1,"right",1,"[15,18)","[165,180]","[0,3]","1990s","England","UK_Ireland"
"Alexandre Song","Cameroon  France","https://fbref.com/en/players/1c32281d/Alexandre-Song","https://www.transfermarkt.com/alex-song/profil/spieler/27394",20,"Yes",36,38,"16 years","2004",9,264,40,355,16,"right","Midfield","185",16,185,2004,0.5625,"right",1,"[15,18)","(180,185]","(3,9]","2000s","Cameroon France","EU_Major"
"Matt Upson","England","https://fbref.com/en/players/1a6e6d03/Matt-Upson","https://www.transfermarkt.com/matthew-upson/profil/spieler/3273",19,"Yes",37,46,"18 years","1997",3,194,42,396,19,"left","Defender","185",18,185,1997,0.157894736842105,"left",1,"[18,21)","(180,185]","[0,3]","1990s","England","UK_Ireland"
"Xisco","Spain","https://fbref.com/en/players/d2790f7a/Xisco","https://www.transfermarkt.com/xisco/profil/spieler/34564",19,"Yes",37,39,"18 years","2004",9,289,50,365,18,"right","Attack","188",18,188,2004,0.5,"right",1,"[18,21)","(185,203]","(3,9]","2000s","Spain","EU_Major"
"Yuri Zhirkov","Russia","https://fbref.com/en/players/ed2b33cb/Yuri-Zhirkov","https://www.transfermarkt.com/yuriy-zhirkov/profil/spieler/16760",18,"Yes",38,42,"20 years","Not found",10,645,88,451,24,"left","Midfield","180",20,180,NA,0.416666666666667,"left",1,"[18,21)","[165,180]","(9,57]","NAs","Russia","Rest_of_World"
"Patrick Agyemang","Ghana  England","https://fbref.com/en/players/80f1245c/Patrick-Agyemang","https://www.transfermarkt.com/patrick-agyemang/profil/spieler/13982",18,"Yes",37,45,"20 years","2001",0,0,0,405,14,"right","Attack","185",20,185,2001,0,"right",1,"[18,21)","(180,185]","[0,3]","2000s","Ghana England","UK_Ireland"
"Bruno Andrade","Portugal  Cape Verde","https://fbref.com/en/players/6e87c80f/Bruno-Andrade","https://www.transfermarkt.com/bruno-andrade/profil/spieler/169633",15,"No",NA,32,"16 years","2010",0,0,0,319,15,"right","Midfield","175",16,175,2010,0,"right",0,"[15,18)","[165,180]","[0,3]","2010s","Portugal Cape Verde","EU_Major"
"Park Chu-young","Korea, South","https://fbref.com/en/players/d9fa272a/Park-Chu-young","https://www.transfermarkt.com/chu-young-park/profil/spieler/30982",20,"Yes",39,40,"23 years","2008",3,246,30,318,16,"right","Attack","182",23,182,2008,0.1875,"right",1,"[21,24)","(180,185]","[0,3]","2000s","Korea, South","Rest_of_World"
"Ji Dong-won","Korea, South","https://fbref.com/en/players/7d841904/Ji-Dong-won","https://www.transfermarkt.com/dong-won-ji/profil/spieler/164265",16,"No",NA,34,"20 years","2011",24,1078,155,272,16,"right","Attack","189",20,189,2011,1.5,"right",0,"[18,21)","(185,203]","(9,57]","2010s","Korea, South","Rest_of_World"
"Doni","Brazil  Italy","https://fbref.com/en/players/b8be3693/Doni","https://www.transfermarkt.com/doni/profil/spieler/20392",12,"Yes",33,46,"25 years","2005",3,187,23,187,7,"right","Goalkeeper","194",25,194,2005,0.428571428571429,"right",1,"[24,30]","(185,203]","[0,3]","2000s","Brazil Italy","EU_Major"
"Robert Hulse","England","https://fbref.com/en/players/edaf9ca0/Robert-Hulse","https://www.transfermarkt.com/rob-hulse/profil/spieler/9980",13,"Yes",33,46,"21 years","2001",0,0,0,350,12,"right","Attack","185",21,185,2001,0,"right",1,"[21,24)","(180,185]","[0,3]","2000s","England","UK_Ireland"
"Chris Martin","Scotland  England","https://fbref.com/en/players/c21e39f9/Chris-Martin","https://www.transfermarkt.com/chris-martin/profil/spieler/46154",19,"No",NA,37,"17 years","2006",2,68,15,647,19,"right","Attack","185",17,185,2006,0.105263157894737,"right",0,"[15,18)","(180,185]","[0,3]","2000s","Scotland England","UK_Ireland"
"Tommy Smith","England","https://fbref.com/en/players/066be641/Tommy-Smith","https://www.transfermarkt.com/tommy-smith/profil/spieler/12401",17,"Yes",35,45,"19 years","1999",1,64,16,470,14,"right","Attack","173",19,173,1999,0.0714285714285714,"right",1,"[18,21)","[165,180]","[0,3]","1990s","England","UK_Ireland"
"Lee Camp","Northern Ireland  England","https://fbref.com/en/players/df4b8b69/Lee-Camp","https://www.transfermarkt.com/lee-camp/profil/spieler/13443",19,"Yes",37,41,"18 years","2003",0,0,0,560,18,"right","Goalkeeper","185",18,185,2003,0,"right",1,"[18,21)","(180,185]","[0,3]","2000s","Northern Ireland England","UK_Ireland"
"Javier Garrido","Spain","https://fbref.com/en/players/3b142ce5/Javier-Garrido","https://www.transfermarkt.com/javier-garrido/profil/spieler/23218",18,"Yes",35,40,"19 years","2004",5,139,23,235,12,"left","Defender","180",19,180,2004,0.416666666666667,"left",1,"[18,21)","[165,180]","(3,9]","2000s","Spain","EU_Major"
"Giorgos Karagounis","Greece","https://fbref.com/en/players/ed2192d0/Giorgos-Karagounis","https://www.transfermarkt.com/georgios-karagounis/profil/spieler/6106",18,"Yes",37,48,"23 years","2000",1,14,2,371,15,"right","Midfield","176",23,176,2000,0.0666666666666667,"right",1,"[21,24)","[165,180]","[0,3]","2000s","Greece","Rest_of_World"
"Maicon Sisenando","Brazil","https://fbref.com/en/players/fbc5d136/Maicon-Sisenando","https://www.transfermarkt.com/maicon/profil/spieler/18301",19,"Yes",39,44,"23 years","2004",19,626,125,392,14,"right","Defender","184",23,184,2004,1.35714285714286,"right",1,"[21,24)","(180,185]","(9,57]","2000s","Brazil","South_America"
"Alex Smith","England","https://fbref.com/en/players/1c8af6eb/Alex-Smith","https://www.transfermarkt.com/alex-smith/profil/spieler/116655",14,"No",NA,34,"20 years","2012",0,0,0,25,5,"left","Midfield","177",20,177,2012,0,"left",0,"[18,21)","[165,180]","[0,3]","2010s","England","UK_Ireland"
"Ki Sung-yueng","Korea, South","https://fbref.com/en/players/1d8c99b0/Ki-Sung-yueng","https://www.transfermarkt.com/sung-yueng-ki/profil/spieler/81796",18,"No",NA,36,"20 years","2009",18,1059,133,427,17,"right","Midfield","187",20,187,2009,1.05882352941176,"right",0,"[18,21)","(185,203]","(9,57]","2000s","Korea, South","Rest_of_World"
"Adrián","Spain","https://fbref.com/en/players/f76e6b4e/Adrian","https://www.transfermarkt.com/adrian/profil/spieler/71271",13,"No",NA,38,"25 years","2012",2,42,11,226,13,"right","Goalkeeper","190",25,190,2012,0.153846153846154,"right",0,"[24,30]","(185,203]","[0,3]","2010s","Spain","EU_Major"
"Sone Aluko","Nigeria  England","https://fbref.com/en/players/5a75d4cc/Sone-Aluko","https://www.transfermarkt.com/sone-aluko/profil/spieler/42198",17,"Yes",35,36,"18 years","2007",7,248,78,459,18,"left","Attack","173",18,173,2007,0.388888888888889,"left",1,"[18,21)","[165,180]","(3,9]","2000s","Nigeria England","UK_Ireland"
"Kim Bo-kyung","Korea, South","https://fbref.com/en/players/587ddfd6/Kim-Bo-kyung","https://www.transfermarkt.com/bo-kyung-kim/profil/spieler/128375",16,"No",NA,36,"22 years","2012",5,123,20,324,13,"left","Attack","178",22,178,2012,0.384615384615385,"left",0,"[21,24)","[165,180]","(3,9]","2010s","Korea, South","Rest_of_World"
"Cabral","Switzerland  Cape Verde","https://fbref.com/en/players/5c5f1c9d/Cabral","https://www.transfermarkt.com/cabral/profil/spieler/33046",15,"Yes",31,37,"18 years","2007",6,133,15,181,10,"right","Midfield","178",18,178,2007,0.6,"right",1,"[18,21)","[165,180]","(3,9]","2000s","Switzerland Cape Verde","Rest_of_World"
"Cala","Spain","https://fbref.com/en/players/fe05804b/Cala","https://www.transfermarkt.com/juan-cala/profil/spieler/67089",15,"Yes",33,36,"17 years","2007",7,488,59,305,17,"right","Defender","187",17,187,2007,0.411764705882353,"right",1,"[15,18)","(185,203]","(3,9]","2000s","Spain","EU_Major"
"José Cañas","Spain","https://fbref.com/en/players/ab77f2d9/Jose-Canas","https://www.transfermarkt.com/jose-alberto-canas/profil/spieler/69609",17,"No",NA,38,"21 years","2008",8,309,53,271,13,"right","Midfield","177",21,177,2008,0.615384615384615,"right",0,"[21,24)","[165,180]","(3,9]","2000s","Spain","EU_Major"
"Mats Møller Dæhli","Norway","https://fbref.com/en/players/fcf5211e/Mats-Moller-Daehli","https://www.transfermarkt.com/mats-moller-daehli/profil/spieler/190831",12,"No",NA,30,"17 years","Not found",16,536,79,289,15,"right","Midfield","172",17,172,NA,1.06666666666667,"right",0,"[15,18)","[165,180]","(9,57]","NAs","Norway","Rest_of_World"
"Liam O'Neil","England  Wales","https://fbref.com/en/players/22e07c17/Liam-ONeil","https://www.transfermarkt.com/liam-oneil/profil/spieler/141349",12,"Yes",30,32,"18 years","Not found",0,0,0,257,12,"right","Midfield","173",18,173,NA,0,"right",1,"[18,21)","[165,180]","[0,3]","NAs","England Wales","UK_Ireland"
"Willian","Brazil","https://fbref.com/en/players/8b9ebd03/Willian","https://www.transfermarkt.com/willian/profil/spieler/52769",19,"No",NA,37,"18 years","2007",17,276,49,697,20,"right","Attack","175",18,175,2007,0.85,"right",0,"[18,21)","[165,180]","(9,57]","2000s","Brazil","South_America"
"James Wilson","England","https://fbref.com/en/players/b0d786ee/James-Wilson","https://www.transfermarkt.com/james-wilson/profil/spieler/214104",12,"No",NA,30,"17 years","2013",5,395,58,236,12,"left","Attack","180",17,180,2013,0.416666666666667,"left",0,"[15,18)","[165,180]","(3,9]","2010s","England","UK_Ireland"
"Michael Duff","Northern Ireland","https://fbref.com/en/players/eabdc970/Michael-Duff","https://www.transfermarkt.com/michael-duff/profil/spieler/36894",12,"Yes",38,47,"24 years","2002",1,40,8,429,14,"right","Defender","185",24,185,2002,0.0714285714285714,"right",1,"[24,30]","(180,185]","[0,3]","2000s","Northern Ireland","UK_Ireland"
"Fernando","Brazil  Portugal","https://fbref.com/en/players/41f32541/Fernando","https://www.transfermarkt.com/fernando/profil/spieler/51174",18,"No",NA,38,"20 years","2007",27,961,128,578,19,"right","Midfield","183",20,183,2007,1.42105263157895,"right",0,"[18,21)","(180,185]","(9,57]","2000s","Brazil Portugal","EU_Major"
"Nenê","Brazil  Spain","https://fbref.com/en/players/265ebd37/Nene","https://www.transfermarkt.com/nene/profil/spieler/29091",23,"No",NA,44,"22 years","2003",3,153,21,698,22,"left","Attack","181",22,181,2003,0.136363636363636,"left",0,"[21,24)","(180,185]","[0,3]","2000s","Brazil Spain","EU_Major"
"José Pozo","Spain","https://fbref.com/en/players/fc8b614b/Jose-Pozo","https://www.transfermarkt.com/jose-pozo/profil/spieler/195605",11,"No",NA,29,"18 years","2014",4,220,29,250,12,"left","Attack","170",18,170,2014,0.333333333333333,"left",0,"[18,21)","[165,180]","(3,9]","2010s","Spain","EU_Major"
"Carlos Sánchez","Colombia","https://fbref.com/en/players/50b51fac/Carlos-Sanchez","https://www.transfermarkt.com/carlos-sanchez/profil/spieler/51226",18,"Yes",38,39,"21 years","2007",5,329,57,467,18,"left","Midfield","182",21,182,2007,0.277777777777778,"left",1,"[21,24)","(180,185]","(3,9]","2000s","Colombia","Rest_of_World"
"Filip Đuričić","Serbia","https://fbref.com/en/players/eccbe56a/Filip-Djuricic","https://www.transfermarkt.com/filip-djuricic/profil/spieler/94307",15,"No",NA,33,"17 years","2009",12,370,64,407,17,"right","Attack","181",17,181,2009,0.705882352941177,"right",0,"[15,18)","(180,185]","(9,57]","2000s","Serbia","Rest_of_World"
"Éder","Portugal  Guinea-Bissau","https://fbref.com/en/players/f0fc9d0e/Eder","https://www.transfermarkt.com/eder/profil/spieler/84481",14,"Yes",34,37,"20 years","2008",5,120,22,339,14,"both","Attack","189",20,189,2008,0.357142857142857,"both",1,"[18,21)","(185,203]","(3,9]","2000s","Portugal Guinea-Bissau","EU_Major"
"Son Heung-min","Korea, South","https://fbref.com/en/players/92e7e919/Son-Heung-min","https://www.transfermarkt.com/heung-min-son/profil/spieler/91845",15,"No",NA,33,"18 years","2010",17,458,77,614,16,"both","Attack","183",18,183,2010,1.0625,"both",0,"[18,21)","(180,185]","(9,57]","2010s","Korea, South","Rest_of_World"
"Jordan Pickford","England","https://fbref.com/en/players/4806ec67/Jordan-Pickford","https://www.transfermarkt.com/jordan-pickford/profil/spieler/130164",10,"No",NA,31,"17 years","2011",4,120,27,486,15,"left","Goalkeeper","185",17,185,2011,0.266666666666667,"left",0,"[15,18)","(180,185]","(3,9]","2010s","England","UK_Ireland"
"Charlie Adam","Scotland","https://fbref.com/en/players/aff418dc/Charlie-Adam","https://www.transfermarkt.com/charlie-adam/profil/spieler/28990",18,"Yes",36,40,"17 years","2003",4,183,30,452,19,"left","Midfield","185",17,185,2003,0.210526315789474,"left",1,"[15,18)","(180,185]","(3,9]","2000s","Scotland","UK_Ireland"
"Emmanuel Adebayor","Togo  Nigeria","https://fbref.com/en/players/936d9e3e/Emmanuel-Adebayor","https://www.transfermarkt.com/emmanuel-adebayor/profil/spieler/8883",22,"Yes",39,41,"17 years","2001",19,214,43,488,19,"right","Attack","191",17,191,2001,1,"right",1,"[15,18)","(185,203]","(9,57]","2000s","Togo Nigeria","Rest_of_World"
"Gabriel Agbonlahor","England  Nigeria","https://fbref.com/en/players/db80f5f1/Gabriel-Agbonlahor","https://www.transfermarkt.com/gabriel-agbonlahor/profil/spieler/37148",13,"Yes",31,39,"18 years","2005",12,365,46,362,13,"right","Attack","180",18,180,2005,0.923076923076923,"right",1,"[18,21)","[165,180]","(9,57]","2000s","England Nigeria","UK_Ireland"
"Daniel Agger","Denmark","https://fbref.com/en/players/f1ea4af0/Daniel-Agger","https://www.transfermarkt.com/daniel-agger/profil/spieler/22832",12,"Yes",31,40,"19 years","2004",10,579,122,284,12,"left","Defender","191",19,191,2004,0.833333333333333,"left",1,"[18,21)","(185,203]","(9,57]","2000s","Denmark","Rest_of_World"
"Yakubu Aiyegbeni","Nigeria","https://fbref.com/en/players/a1fe3f62/Yakubu-Aiyegbeni","https://www.transfermarkt.com/yakubu-aiyegbeni/profil/spieler/8559",19,"Yes",35,43,"19 years","2002",1,184,34,350,13,"Not found","Attack","183",19,183,2002,0.0769230769230769,"unknown",1,"[18,21)","(180,185]","[0,3]","2000s","Nigeria","Rest_of_World"
"Marc Albrighton","England","https://fbref.com/en/players/b827d5b3/Marc-Albrighton","https://www.transfermarkt.com/marc-albrighton/profil/spieler/61560",15,"Yes",34,36,"19 years","2009",5,254,34,421,16,"right","Midfield","175",19,175,2009,0.3125,"right",1,"[18,21)","[165,180]","(3,9]","2000s","England","UK_Ireland"
"Antolín Alcaraz","Paraguay  Italy","https://fbref.com/en/players/cee38e27/Antolin-Alcaraz","https://www.transfermarkt.com/antoln-alcaraz/profil/spieler/14259",21,"Yes",41,43,"20 years","2002",7,541,96,453,21,"right","Defender","185",20,185,2002,0.333333333333333,"right",1,"[18,21)","(180,185]","(3,9]","2000s","Paraguay Italy","EU_Major"
"Manuel Almunia","Spain","https://fbref.com/en/players/9f6b2f8c/Manuel-Almunia","https://www.transfermarkt.com/manuel-almunia/profil/spieler/16621",13,"Yes",37,48,"24 years","2001",7,161,36,282,13,"right","Goalkeeper","191",24,191,2001,0.538461538461538,"right",1,"[24,30]","(185,203]","(3,9]","2000s","Spain","EU_Major"
"Marcos Alonso","Spain","https://fbref.com/en/players/f4290206/Marcos-Alonso","https://www.transfermarkt.com/marcos-alonso/profil/spieler/112515",15,"No",NA,34,"18 years","2009",12,482,87,441,18,"left","Defender","188",18,188,2009,0.666666666666667,"left",0,"[18,21)","(185,203]","(9,57]","2000s","Spain","EU_Major"
"Sammy Ameobi","England  Nigeria","https://fbref.com/en/players/acd61628/Sammy-Ameobi","https://www.transfermarkt.com/sammy-ameobi/profil/spieler/92381",11,"Yes",30,33,"18 years","2010",2,159,24,284,11,"left","Attack","192",18,192,2010,0.181818181818182,"left",1,"[18,21)","(185,203]","[0,3]","2010s","England Nigeria","UK_Ireland"
"Shola Ameobi","Nigeria  England","https://fbref.com/en/players/e79a368b/Shola-Ameobi","https://www.transfermarkt.com/shola-ameobi/profil/spieler/3276",18,"Yes",36,44,"18 years","2000",5,97,19,431,18,"right","Attack","191",18,191,2000,0.277777777777778,"right",1,"[18,21)","(185,203]","(3,9]","2000s","Nigeria England","UK_Ireland"
"Keith Andrews","Ireland  England","https://fbref.com/en/players/5bca867f/Keith-Andrews","https://www.transfermarkt.com/keith-andrews/profil/spieler/8035",15,"Yes",34,45,"20 years","2001",1,14,3,348,14,"right","Midfield","183",20,183,2001,0.0714285714285714,"right",1,"[18,21)","(180,185]","[0,3]","2000s","Ireland England","UK_Ireland"
"Nicolas Anelka","France  Martinique","https://fbref.com/en/players/931ed5e9/Nicolas-Anelka","https://www.transfermarkt.com/nicolas-anelka/profil/spieler/3226",20,"Yes",36,46,"16 years","1995",13,294,53,564,20,"right","Attack","186",16,186,1995,0.65,"right",1,"[15,18)","(185,203]","(9,57]","1990s","France Martinique","EU_Major"
"Marcos Angeleri","Argentina  Italy","https://fbref.com/en/players/f1c9c320/Marcos-Angeleri","https://www.transfermarkt.com/marcos-angeleri/profil/spieler/27448",18,"Yes",37,42,"27 years","2010",7,543,90,160,12,"right","Defender","182",27,182,2010,0.583333333333333,"right",1,"[24,30]","(180,185]","(3,9]","2010s","Argentina Italy","EU_Major"
"Victor Anichebe","Nigeria  England","https://fbref.com/en/players/4aed5c19/Victor-Anichebe","https://www.transfermarkt.com/victor-anichebe/profil/spieler/39532",13,"Yes",30,37,"17 years","2005",9,512,106,224,12,"right","Attack","185",17,185,2005,0.75,"right",1,"[15,18)","(180,185]","(3,9]","2000s","Nigeria England","UK_Ireland"
"Andrey Arshavin","Russia","https://fbref.com/en/players/8fd1ea1f/Andrey-Arshavin","https://www.transfermarkt.com/andrey-arshavin/profil/spieler/15378",18,"Yes",37,44,"19 years","Not found",6,116,23,454,20,"both","Attack","172",19,172,NA,0.3,"both",1,"[18,21)","[165,180]","(3,9]","NAs","Russia","Rest_of_World"
"Mikel Arteta","Spain","https://fbref.com/en/players/d934d1e6/Mikel-Arteta","https://www.transfermarkt.com/mikel-arteta/profil/spieler/7451",16,"Yes",34,43,"18 years","2000",14,701,168,434,16,"right","Midfield","177",18,177,2000,0.875,"right",1,"[18,21)","[165,180]","(9,57]","2000s","Spain","EU_Major"
"Benoît Assou-Ekotto","Cameroon  France","https://fbref.com/en/players/a557e6b0/Benoit-Assou-Ekotto","https://www.transfermarkt.com/benot-assou-ekotto/profil/spieler/18310",14,"Yes",34,41,"19 years","2003",6,521,100,344,14,"left","Defender","178",19,178,2003,0.428571428571429,"left",1,"[18,21)","[165,180]","(3,9]","2000s","Cameroon France","EU_Major"
"Fábio Aurélio","Brazil  Italy","https://fbref.com/en/players/68f0ce09/Fabio-Aurelio","https://www.transfermarkt.com/fbio-aurlio/profil/spieler/7570",17,"Yes",34,46,"20 years","2000",7,342,67,227,12,"left","Defender","173",20,173,2000,0.583333333333333,"left",1,"[18,21)","[165,180]","(3,9]","2000s","Brazil Italy","EU_Major"
"Demba Ba","Senegal  France","https://fbref.com/en/players/8b683d09/Demba-Ba","https://www.transfermarkt.com/demba-ba/profil/spieler/40205",15,"Yes",36,40,"21 years","2006",16,805,98,387,18,"right","Attack","189",21,189,2006,0.888888888888889,"right",1,"[21,24)","(185,203]","(9,57]","2000s","Senegal France","EU_Major"
"Ryan Babel","Netherlands  Suriname","https://fbref.com/en/players/6438d426/Ryan-Babel","https://www.transfermarkt.com/ryan-babel/profil/spieler/16135",20,"Yes",37,38,"16 years","2003",23,516,113,539,18,"right","Attack","185",16,185,2003,1.27777777777778,"right",1,"[15,18)","(180,185]","(9,57]","2000s","Netherlands Suriname","EU_Major"
"Leighton Baines","England","https://fbref.com/en/players/b18095b6/Leighton-Baines","https://www.transfermarkt.com/leighton-baines/profil/spieler/13507",17,"Yes",35,40,"17 years","2002",6,379,61,523,18,"left","Defender","170",17,170,2002,0.333333333333333,"left",1,"[15,18)","[165,180]","(3,9]","2000s","England","UK_Ireland"
"Chris Baird","Northern Ireland","https://fbref.com/en/players/55fd8c81/Chris-Baird","https://www.transfermarkt.com/chris-baird/profil/spieler/4115",15,"Yes",36,43,"20 years","2002",3,34,7,353,15,"right","Midfield","179",20,179,2002,0.2,"right",1,"[18,21)","[165,180]","[0,3]","2000s","Northern Ireland","UK_Ireland"
"Nathan Baker","England","https://fbref.com/en/players/b18af9e3/Nathan-Baker","https://www.transfermarkt.com/nathan-baker/profil/spieler/62638",12,"Yes",31,34,"18 years","2009",8,888,90,288,13,"left","Defender","191",18,191,2009,0.615384615384615,"left",1,"[18,21)","(185,203]","(3,9]","2000s","England","UK_Ireland"
"Gareth Bale","Wales","https://fbref.com/en/players/a58bb1e1/Gareth-Bale","https://www.transfermarkt.com/gareth-bale/profil/spieler/39381",17,"Yes",33,36,"16 years","2005",43,1122,256,505,18,"left","Attack","185",16,185,2005,2.38888888888889,"left",1,"[15,18)","(180,185]","(9,57]","2000s","Wales","UK_Ireland"
"Mario Balotelli","Italy  Ghana","https://fbref.com/en/players/8ff07990/Mario-Balotelli","https://www.transfermarkt.com/mario-balotelli/profil/spieler/45146",18,"No",NA,35,"16 years","2007",36,906,135,437,18,"right","Attack","189",16,189,2007,2,"right",0,"[15,18)","(185,203]","(9,57]","2000s","Italy Ghana","EU_Major"
"Barry Bannan","Scotland","https://fbref.com/en/players/9469fb13/Barry-Bannan","https://www.transfermarkt.com/barry-bannan/profil/spieler/61561",17,"No",NA,36,"18 years","2008",1,77,18,599,18,"left","Midfield","169",18,169,2008,0.0555555555555556,"left",0,"[18,21)","[165,180]","[0,3]","2000s","Scotland","UK_Ireland"
"Alex Baptiste","England","https://fbref.com/en/players/7b72f0b6/Alex-Baptiste","https://www.transfermarkt.com/alex-baptiste/profil/spieler/16660",17,"No",NA,39,"16 years","2002",1,198,33,548,21,"right","Defender","180",16,180,2002,0.0476190476190476,"right",0,"[15,18)","[165,180]","[0,3]","2000s","England","UK_Ireland"
"Phil Bardsley","Scotland  England","https://fbref.com/en/players/1ae30132/Phil-Bardsley","https://www.transfermarkt.com/phil-bardsley/profil/spieler/15773",20,"Yes",38,40,"18 years","2003",14,285,42,366,19,"right","Defender","180",18,180,2003,0.736842105263158,"right",1,"[18,21)","[165,180]","(9,57]","2000s","Scotland England","UK_Ireland"
"Giles Barnes","Jamaica  England","https://fbref.com/en/players/e663724a/Giles-Barnes","https://www.transfermarkt.com/giles-barnes/profil/spieler/37236",14,"Yes",31,37,"16 years","2005",6,167,29,319,16,"right","Attack","188",16,188,2005,0.375,"right",1,"[15,18)","(185,203]","(3,9]","2000s","Jamaica England","UK_Ireland"
"Pablo Barrera","Mexico","https://fbref.com/en/players/ff70b131/Pablo-Barrera","https://www.transfermarkt.com/pablo-barrera/profil/spieler/51079",19,"No",NA,38,"18 years","2005",1,184,34,473,23,"right","Attack","175",18,175,2005,0.0434782608695652,"right",0,"[18,21)","[165,180]","[0,3]","2000s","Mexico","Rest_of_World"
"Gareth Barry","England","https://fbref.com/en/players/7dbbe367/Gareth-Barry","https://www.transfermarkt.com/gareth-barry/profil/spieler/3291",27,"No",NA,44,"16 years","1997",3,126,21,733,23,"left","Midfield","183",16,183,1997,0.130434782608696,"left",0,"[15,18)","(180,185]","[0,3]","1990s","England","UK_Ireland"
"Joey Barton","England","https://fbref.com/en/players/93bfa675/Joey-Barton","https://www.transfermarkt.com/joey-barton/profil/spieler/3292",14,"Yes",34,43,"19 years","2002",3,125,19,400,15,"right","Midfield","180",19,180,2002,0.2,"right",1,"[18,21)","[165,180]","[0,3]","2000s","England","UK_Ireland"
"Chris Basham","England","https://fbref.com/en/players/1aa84968/Chris-Basham","https://www.transfermarkt.com/chris-basham/profil/spieler/52495",16,"Yes",36,37,"18 years","2006",5,500,57,505,18,"right","Defender","185",18,185,2006,0.277777777777778,"right",1,"[18,21)","(180,185]","(3,9]","2000s","England","UK_Ireland"
"Sébastien Bassong","Cameroon  France","https://fbref.com/en/players/0d521662/Sebastien-Bassong","https://www.transfermarkt.com/sbastien-bassong/profil/spieler/33951",14,"Yes",33,39,"19 years","2005",1,8,3,277,13,"left","Defender","188",19,188,2005,0.0769230769230769,"left",1,"[18,21)","(185,203]","[0,3]","2000s","Cameroon France","EU_Major"
"Jose Baxter","England","https://fbref.com/en/players/185990eb/Jose-Baxter","https://www.transfermarkt.com/jose-baxter/profil/spieler/82734",13,"Yes",29,33,"16 years","2008",0,0,0,235,12,"right","Attack","180",16,180,2008,0,"right",1,"[15,18)","[165,180]","[0,3]","2000s","England","UK_Ireland"
"James Beattie","England","https://fbref.com/en/players/7c881089/James-Beattie","https://www.transfermarkt.com/james-beattie/profil/spieler/3112",17,"Yes",35,47,"18 years","1996",2,93,17,448,17,"right","Attack","185",18,185,1996,0.117647058823529,"right",1,"[18,21)","(180,185]","[0,3]","1990s","England","UK_Ireland"
"Jean Beausejour","Chile  Haiti","https://fbref.com/en/players/c8404849/Jean-Beausejour","https://www.transfermarkt.com/jean-beausejour/profil/spieler/18871",20,"Yes",37,41,"20 years","2004",17,374,58,347,16,"left","Defender","178",20,178,2004,1.0625,"left",1,"[18,21)","[165,180]","(9,57]","2000s","Chile Haiti","Rest_of_World"
"Jermaine Beckford","Jamaica  England","https://fbref.com/en/players/393303c7/Jermaine-Beckford","https://www.transfermarkt.com/jermaine-beckford/profil/spieler/38874",13,"Yes",35,42,"21 years","2005",1,186,34,366,14,"right","Attack","188",21,188,2005,0.0714285714285714,"right",1,"[21,24)","(185,203]","[0,3]","2000s","Jamaica England","UK_Ireland"
"Roman Bednář","Czech Republic","https://fbref.com/en/players/a6979454/Roman-Bednar","https://www.transfermarkt.com/roman-bedn/profil/spieler/26898",21,"No",NA,42,"22 years","2005",2,45,7,231,11,"right","Attack","191",22,191,2005,0.181818181818182,"right",0,"[21,24)","(185,203]","[0,3]","2000s","Czech Republic","Rest_of_World"
"Asmir Begović","Bosnia-Herzegovina  Canada","https://fbref.com/en/players/7b4de647/Asmir-Begovic","https://www.transfermarkt.com/asmir-begovi/profil/spieler/33873",20,"No",NA,38,"18 years","2005",3,45,10,422,20,"right","Goalkeeper","199",18,199,2005,0.15,"right",0,"[18,21)","(185,203]","[0,3]","2000s","Bosnia-Herzegovina Canada","Rest_of_World"
"Valon Behrami","Switzerland  Kosovo","https://fbref.com/en/players/d3d758d8/Valon-Behrami","https://www.transfermarkt.com/valon-behrami/profil/spieler/21905",19,"Yes",37,40,"18 years","2003",29,933,177,472,19,"right","Midfield","184",18,184,2003,1.52631578947368,"right",1,"[18,21)","(180,185]","(9,57]","2000s","Switzerland Kosovo","Rest_of_World"
"Hatem Ben Arfa","France  Tunisia","https://fbref.com/en/players/74dc806c/Hatem-Ben-Arfa","https://www.transfermarkt.com/hatem-ben-arfa/profil/spieler/18900",20,"Yes",37,38,"17 years","2004",9,593,182,393,18,"left","Attack","178",17,178,2004,0.5,"left",1,"[15,18)","[165,180]","(3,9]","2000s","France Tunisia","EU_Major"
"Tal Ben Haim","Israel","https://fbref.com/en/players/2277a390/Tal-Ben-Haim","https://www.transfermarkt.com/tal-ben-haim/profil/spieler/20714",20,"Yes",39,43,"22 years","2004",2,92,21,266,16,"right","Defender","183",22,183,2004,0.125,"right",1,"[21,24)","(180,185]","[0,3]","2000s","Israel","Rest_of_World"
"Yossi Benayoun","Israel","https://fbref.com/en/players/8414bb13/Yossi-Benayoun","https://www.transfermarkt.com/yossi-benayoun/profil/spieler/7858",22,"Yes",39,45,"22 years","2002",4,295,57,357,14,"right","Attack","178",22,178,2002,0.285714285714286,"right",1,"[21,24)","[165,180]","(3,9]","2000s","Israel","Rest_of_World"
"Nicklas Bendtner","Denmark","https://fbref.com/en/players/9f9c57f0/Nicklas-Bendtner","https://www.transfermarkt.com/nicklas-bendtner/profil/spieler/34557",13,"Yes",31,37,"18 years","2006",12,397,88,353,17,"N/A","Attack","194",18,194,2006,0.705882352941177,"unknown",1,"[18,21)","(185,203]","(9,57]","2000s","Denmark","Rest_of_World"
"Benjani","Zimbabwe","https://fbref.com/en/players/9fc277ee/Benjani","https://www.transfermarkt.com/benjani/profil/spieler/12063",13,"Yes",35,47,"23 years","2002",2,141,24,238,11,"right","Attack","188",23,188,2002,0.181818181818182,"right",1,"[21,24)","(185,203]","[0,3]","2000s","Zimbabwe","Rest_of_World"
"Darren Bent","England  Jamaica","https://fbref.com/en/players/fe97f10b/Darren-Bent","https://www.transfermarkt.com/darren-bent/profil/spieler/13239",17,"Yes",34,41,"17 years","2001",9,387,80,516,17,"right","Attack","180",17,180,2001,0.529411764705882,"right",1,"[15,18)","[165,180]","(3,9]","2000s","England Jamaica","UK_Ireland"
"Marcus Bent","England  Jamaica","https://fbref.com/en/players/69166246/Marcus-Bent","https://www.transfermarkt.com/marcus-bent/profil/spieler/9958",28,"No",NA,47,"19 years","1997",1,44,11,312,11,"right","Attack","188",19,188,1997,0.0909090909090909,"right",0,"[18,21)","(185,203]","[0,3]","1990s","England Jamaica","UK_Ireland"
"David Bentley","England","https://fbref.com/en/players/a00fbcec/David-Bentley","https://www.transfermarkt.com/david-bentley/profil/spieler/3205",10,"Yes",29,41,"18 years","2003",1,179,43,216,10,"right","Midfield","175",18,175,2003,0.1,"right",1,"[18,21)","[165,180]","[0,3]","2000s","England","UK_Ireland"
"Dimitar Berbatov","Bulgaria","https://fbref.com/en/players/f5781978/Dimitar-Berbatov","https://www.transfermarkt.com/dimitar-berbatov/profil/spieler/65",18,"Yes",37,44,"19 years","2000",14,264,50,533,18,"N/A","Attack","189",19,189,2000,0.777777777777778,"unknown",1,"[18,21)","(185,203]","(9,57]","2000s","Bulgaria","Rest_of_World"
"Christophe Berra","Scotland  France","https://fbref.com/en/players/8455984a/Christophe-Berra","https://www.transfermarkt.com/christophe-berra/profil/spieler/36602",19,"Yes",37,40,"18 years","2003",7,332,37,568,19,"left","Defender","186",18,186,2003,0.368421052631579,"left",1,"[18,21)","(185,203]","(3,9]","2000s","Scotland France","UK_Ireland"
"Ryan Bertrand","England","https://fbref.com/en/players/01226327/Ryan-Bertrand","https://www.transfermarkt.com/ryan-bertrand/profil/spieler/40611",15,"Yes",33,36,"16 years","2006",11,913,139,450,17,"left","Defender","179",16,179,2006,0.647058823529412,"left",1,"[15,18)","[165,180]","(9,57]","2000s","England","UK_Ireland"
"Leon Best","Ireland  England","https://fbref.com/en/players/0780ab75/Leon-Best","https://www.transfermarkt.com/leon-best/profil/spieler/28244",13,"Yes",31,39,"17 years","2004",4,418,13,291,14,"right","Attack","185",17,185,2004,0.285714285714286,"right",1,"[15,18)","(180,185]","(3,9]","2000s","Ireland England","UK_Ireland"
"Habib Beye","Senegal  France","https://fbref.com/en/players/459b0b19/Habib-Beye","https://www.transfermarkt.com/habib-beye/profil/spieler/3923",14,"Yes",34,48,"19 years","1997",2,90,15,347,15,"right","Defender","182",19,182,1997,0.133333333333333,"right",1,"[18,21)","(180,185]","[0,3]","1990s","Senegal France","EU_Major"
"Diniyar Bilyaletdinov","Russia","https://fbref.com/en/players/7e8050c6/Diniyar-Bilyaletdinov","https://www.transfermarkt.com/diniyar-bilyaletdinov/profil/spieler/16690",14,"Yes",33,40,"18 years","Not found",4,250,30,304,17,"left","Attack","186",18,186,NA,0.235294117647059,"left",1,"[18,21)","(185,203]","(3,9]","NAs","Russia","Rest_of_World"
"Mame Biram Diouf","Senegal","https://fbref.com/en/players/7f4f3e49/Mame-Biram-Diouf","https://www.transfermarkt.com/mame-biram-diouf/profil/spieler/62049",18,"No",NA,37,"20 years","Not found",9,378,50,415,16,"right","Attack","185",20,185,NA,0.5625,"right",0,"[18,21)","(180,185]","(3,9]","NAs","Senegal","Rest_of_World"
"Robbie Blake","England","https://fbref.com/en/players/ddc0a1fd/Robbie-Blake","https://www.transfermarkt.com/robbie-blake/profil/spieler/3490",16,"Yes",37,49,"23 years","1999",0,0,0,421,14,"Not found","Attack","175",23,175,1999,0,"unknown",1,"[21,24)","[165,180]","[0,3]","1990s","England","UK_Ireland"
"Luís Boa Morte","Portugal  Sao Tome and Principe","https://fbref.com/en/players/59ab6332/Luis-Boa-Morte","https://www.transfermarkt.com/lus-boa-morte/profil/spieler/3422",15,"Yes",35,48,"19 years","1997",1,230,32,317,14,"left","Midfield","178",19,178,1997,0.0714285714285714,"left",1,"[18,21)","[165,180]","[0,3]","1990s","Portugal Sao Tome and Principe","EU_Major"
"Jérôme Boateng","Germany","https://fbref.com/en/players/2db2fd7b/Jerome-Boateng","https://www.transfermarkt.com/jrme-boateng/profil/spieler/26485",19,"Yes",37,37,"17 years","2006",57,1188,195,526,20,"right","Defender","192",17,192,2006,2.85,"right",1,"[15,18)","(185,203]","(9,57]","2000s","Germany","EU_Major"
"Ruud Boffin","Belgium","https://fbref.com/en/players/ad19ca64/Ruud-Boffin","https://www.transfermarkt.com/ruud-boffin/profil/spieler/31336",16,"Yes",35,38,"19 years","2007",7,110,19,354,14,"right","Goalkeeper","196",19,196,2007,0.5,"right",1,"[18,21)","(185,203]","(3,9]","2000s","Belgium","EU_Major"
"Ádám Bogdán","Hungary","https://fbref.com/en/players/56f99ec7/Adam-Bogdan","https://www.transfermarkt.com/dm-bogdn/profil/spieler/55247",11,"Yes",35,38,"21 years","2009",3,733,129,165,12,"right","Goalkeeper","194",21,194,2009,0.25,"right",1,"[21,24)","(185,203]","[0,3]","2000s","Hungary","Rest_of_World"
"Mauro Boselli","Argentina  Mexico","https://fbref.com/en/players/284e865d/Mauro-Boselli","https://www.transfermarkt.com/mauro-boselli/profil/spieler/40822",18,"Yes",38,40,"20 years","2005",8,163,42,381,15,"right","Attack","182",20,182,2005,0.533333333333333,"right",1,"[18,21)","(180,185]","(3,9]","2000s","Argentina Mexico","South_America"
"José Bosingwa","Portugal  DR Congo","https://fbref.com/en/players/13dd442f/Jose-Bosingwa","https://www.transfermarkt.com/jos-bosingwa/profil/spieler/9813",14,"Yes",33,43,"18 years","2001",13,753,124,410,15,"right","Defender","183",18,183,2001,0.866666666666667,"right",1,"[18,21)","(180,185]","(9,57]","2000s","Portugal DR Congo","EU_Major"
"Lee Bowyer","England","https://fbref.com/en/players/f4fd57ba/Lee-Bowyer","https://www.transfermarkt.com/lee-bowyer/profil/spieler/3877",17,"Yes",35,48,"19 years","1996",1,88,15,491,16,"right","Midfield","175",19,175,1996,0.0625,"right",1,"[18,21)","[165,180]","[0,3]","1990s","England","UK_Ireland"
"Dedryck Boyata","Belgium  DR Congo","https://fbref.com/en/players/7c473e12/Dedryck-Boyata","https://www.transfermarkt.com/dedryck-boyata/profil/spieler/88262",15,"Yes",34,35,"18 years","2009",25,930,139,247,15,"right","Defender","188",18,188,2009,1.66666666666667,"right",1,"[18,21)","(185,203]","(9,57]","2000s","Belgium DR Congo","EU_Major"
"Emmerson Boyce","Barbados  England","https://fbref.com/en/players/84bfbd38/Emmerson-Boyce","https://www.transfermarkt.com/emmerson-boyce/profil/spieler/19641",18,"Yes",42,46,"22 years","2002",2,37,5,440,14,"right","Defender","184",22,184,2002,0.142857142857143,"right",1,"[21,24)","(180,185]","[0,3]","2000s","Barbados England","UK_Ireland"
"Michael Bradley","United States","https://fbref.com/en/players/fd5e3a73/Michael-Bradley","https://www.transfermarkt.com/michael-bradley/profil/spieler/30593",19,"Yes",36,38,"17 years","Not found",8,563,74,508,20,"right","Midfield","189",17,189,NA,0.4,"right",1,"[15,18)","(185,203]","(3,9]","NAs","United States","Rest_of_World"
"Titus Bramble","England  Montserrat","https://fbref.com/en/players/83ac7c3c/Titus-Bramble","https://www.transfermarkt.com/titus-bramble/profil/spieler/3130",14,"Yes",31,44,"19 years","2000",3,141,27,329,13,"right","Defender","185",19,185,2000,0.230769230769231,"right",1,"[18,21)","(180,185]","[0,3]","2000s","England Montserrat","UK_Ireland"
"Wayne Bridge","England","https://fbref.com/en/players/86b982bc/Wayne-Bridge","https://www.transfermarkt.com/wayne-bridge/profil/spieler/3682",15,"Yes",33,45,"17 years","1998",3,222,47,397,16,"left","Defender","178",17,178,1998,0.1875,"left",1,"[15,18)","[165,180]","[0,3]","1990s","England","UK_Ireland"
"Matthew Briggs","Guyana  England","https://fbref.com/en/players/182c89db/Matthew-Briggs","https://www.transfermarkt.com/matthew-briggs/profil/spieler/51318",16,"Yes",32,34,"15 years","2006",2,344,67,125,11,"left","Defender","189",15,189,2006,0.181818181818182,"left",1,"[15,18)","(185,203]","[0,3]","2000s","Guyana England","UK_Ireland"
"Wes Brown","England","https://fbref.com/en/players/659ccc97/Wes-Brown","https://www.transfermarkt.com/wes-brown/profil/spieler/3405",20,"Yes",38,46,"17 years","1997",12,1399,302,394,19,"right","Defender","185",17,185,1997,0.631578947368421,"right",1,"[15,18)","(180,185]","(9,57]","1990s","England","UK_Ireland"
"Jeffrey Bruma","Netherlands  Suriname","https://fbref.com/en/players/fbffc4b1/Jeffrey-Bruma","https://www.transfermarkt.com/jeffrey-bruma/profil/spieler/88721",16,"Yes",33,34,"17 years","2009",18,634,84,289,15,"right","Defender","189",17,189,2009,1.2,"right",1,"[15,18)","(185,203]","(9,57]","2000s","Netherlands Suriname","EU_Major"
"Chris Brunt","Northern Ireland","https://fbref.com/en/players/ec7e6ad1/Chris-Brunt","https://www.transfermarkt.com/chris-brunt/profil/spieler/36814",16,"Yes",36,40,"18 years","2003",4,272,42,559,18,"left","Midfield","180",18,180,2003,0.222222222222222,"left",1,"[18,21)","[165,180]","(3,9]","2000s","Northern Ireland","UK_Ireland"
"Mark Bunn","England  Ireland","https://fbref.com/en/players/a6738b6c/Mark-Bunn","https://www.transfermarkt.com/mark-bunn/profil/spieler/49319",10,"Yes",34,41,"21 years","2006",1,37,6,175,11,"right","Goalkeeper","183",21,183,2006,0.0909090909090909,"right",1,"[21,24)","(180,185]","[0,3]","2000s","England Ireland","UK_Ireland"
"Gary Cahill","England","https://fbref.com/en/players/7914b9fe/Gary-Cahill","https://www.transfermarkt.com/gary-cahill/profil/spieler/27511",18,"Yes",36,39,"18 years","2004",14,410,72,543,18,"right","Defender","193",18,193,2004,0.777777777777778,"right",1,"[18,21)","(185,203]","(9,57]","2000s","England","UK_Ireland"
"Tim Cahill","Australia  Samoa","https://fbref.com/en/players/e5a2dfc2/Tim-Cahill","https://www.transfermarkt.com/tim-cahill/profil/spieler/13556",18,"Yes",39,46,"21 years","2001",2,238,25,492,19,"right","Attack","178",21,178,2001,0.105263157894737,"right",1,"[21,24)","[165,180]","[0,3]","2000s","Australia Samoa","Rest_of_World"
"Gary Caldwell","Scotland","https://fbref.com/en/players/5dc37f4a/Gary-Caldwell","https://www.transfermarkt.com/gary-caldwell/profil/spieler/3791",12,"Yes",32,43,"19 years","2001",3,104,5,377,14,"right","Defender","180",19,180,2001,0.214285714285714,"right",1,"[18,21)","[165,180]","[0,3]","2000s","Scotland","UK_Ireland"
"Steven Caldwell","Scotland","https://fbref.com/en/players/6839f68e/Steven-Caldwell","https://www.transfermarkt.com/steven-caldwell/profil/spieler/3462",14,"Yes",34,45,"19 years","2000",3,188,33,363,16,"right","Defender","180",19,180,2000,0.1875,"right",1,"[18,21)","[165,180]","[0,3]","2000s","Scotland","UK_Ireland"
"DJ Campbell","England","https://fbref.com/en/players/d9129797/DJ-Campbell","https://www.transfermarkt.com/dj-campbell/profil/spieler/37896",9,"Yes",33,44,"23 years","2005",3,338,40,232,9,"right","Attack","178",23,178,2005,0.333333333333333,"right",1,"[21,24)","[165,180]","[0,3]","2000s","England","UK_Ireland"
"Fraizer Campbell","England  Jamaica","https://fbref.com/en/players/81d63375/Fraizer-Campbell","https://www.transfermarkt.com/fraizer-campbell/profil/spieler/42411",16,"Yes",34,38,"19 years","2007",6,644,108,381,15,"right","Attack","180",19,180,2007,0.4,"right",1,"[18,21)","[165,180]","(3,9]","2000s","England Jamaica","UK_Ireland"
"Sol Campbell","England  Jamaica","https://fbref.com/en/players/3e3b2fbd/Sol-Campbell","https://www.transfermarkt.com/sol-campbell/profil/spieler/3198",18,"Yes",36,51,"17 years","1992",1,19,4,551,19,"right","Defender","188",17,188,1992,0.0526315789473684,"right",1,"[15,18)","(185,203]","[0,3]","1990s","England Jamaica","UK_Ireland"
"John Carew","Norway","https://fbref.com/en/players/91ef929d/John-Carew","https://www.transfermarkt.com/john-carew/profil/spieler/3570",14,"Yes",32,46,"20 years","Not found",6,210,42,388,14,"right","Attack","193",20,193,NA,0.428571428571429,"right",1,"[18,21)","(185,203]","(3,9]","NAs","Norway","Rest_of_World"
"David Carney","Australia","https://fbref.com/en/players/f3041886/David-Carney","https://www.transfermarkt.com/david-carney/profil/spieler/10387",13,"Yes",34,42,"21 years","2005",0,0,0,188,13,"left","Midfield","181",21,181,2005,0,"left",1,"[21,24)","(180,185]","[0,3]","2000s","Australia","Rest_of_World"
"Stephen Carr","Ireland","https://fbref.com/en/players/eb0ae1e9/Stephen-Carr","https://www.transfermarkt.com/stephen-carr/profil/spieler/4046",19,"Yes",36,49,"16 years","1993",3,534,89,428,16,"right","Defender","175",16,175,1993,0.1875,"right",1,"[15,18)","[165,180]","[0,3]","1990s","Ireland","UK_Ireland"
"Jamie Carragher","England  Malta","https://fbref.com/en/players/d0ebce19/Jamie-Carragher","https://www.transfermarkt.com/jamie-carragher/profil/spieler/3597",17,"Yes",35,47,"18 years","1996",3,228,48,638,17,"right","Defender","185",18,185,1996,0.176470588235294,"right",1,"[18,21)","(180,185]","[0,3]","1990s","England Malta","UK_Ireland"
"Michael Carrick","England","https://fbref.com/en/players/ab7263c1/Michael-Carrick","https://www.transfermarkt.com/michael-carrick/profil/spieler/3878",18,"Yes",36,44,"18 years","1999",11,516,106,619,19,"right","Midfield","188",18,188,1999,0.578947368421053,"right",1,"[18,21)","(185,203]","(9,57]","1990s","England","UK_Ireland"
"Andy Carroll","England","https://fbref.com/en/players/b581987a/Andy-Carroll","https://www.transfermarkt.com/andy-carroll/profil/spieler/48066",18,"No",NA,36,"17 years","2006",25,1921,255,414,19,"left","Attack","191",17,191,2006,1.31578947368421,"left",0,"[15,18)","(185,203]","(9,57]","2000s","England","UK_Ireland"
"Scott Carson","England","https://fbref.com/en/players/3e1550ee/Scott-Carson","https://www.transfermarkt.com/scott-carson/profil/spieler/14555",22,"Yes",40,40,"17 years","2003",3,94,26,482,18,"right","Goalkeeper","192",17,192,2003,0.166666666666667,"right",1,"[15,18)","(185,203]","[0,3]","2000s","England","UK_Ireland"
"Craig Cathcart","Northern Ireland","https://fbref.com/en/players/89e4b358/Craig-Cathcart","https://www.transfermarkt.com/craig-cathcart/profil/spieler/59606",16,"Yes",34,36,"19 years","2008",7,331,57,405,15,"right","Defender","188",19,188,2008,0.466666666666667,"right",1,"[18,21)","(185,203]","(3,9]","2000s","Northern Ireland","UK_Ireland"
"Lee Cattermole","England","https://fbref.com/en/players/538e77d5/Lee-Cattermole","https://www.transfermarkt.com/lee-cattermole/profil/spieler/37363",15,"Yes",32,37,"17 years","2005",14,889,177,357,15,"right","Midfield","178",17,178,2005,0.933333333333333,"right",1,"[15,18)","[165,180]","(9,57]","2000s","England","UK_Ireland"
"Marek Čech","Slovakia","https://fbref.com/en/players/4261b6d5/Marek-Cech","https://www.transfermarkt.com/marek-ech/profil/spieler/21354",12,"Yes",33,42,"22 years","2005",7,92,15,197,12,"left","Defender","183",22,183,2005,0.583333333333333,"left",1,"[21,24)","(180,185]","(3,9]","2000s","Slovakia","Rest_of_World"
"Petr Čech","Czech Republic","https://fbref.com/en/players/71672fa0/Petr-Cech","https://www.transfermarkt.com/petr-ech/profil/spieler/5658",20,"Yes",37,43,"20 years","2002",15,425,113,664,19,"left","Goalkeeper","196",20,196,2002,0.789473684210526,"left",1,"[18,21)","(185,203]","(9,57]","2000s","Czech Republic","Rest_of_World"
"Marouane Chamakh","Morocco  France","https://fbref.com/en/players/790ca5f3/Marouane-Chamakh","https://www.transfermarkt.com/marouane-chamakh/profil/spieler/19085",16,"Yes",35,41,"18 years","2002",4,310,41,386,15,"right","Attack","188",18,188,2002,0.266666666666667,"right",1,"[18,21)","(185,203]","(3,9]","2000s","Morocco France","EU_Major"
"Pascal Chimbonda","Guadeloupe  France","https://fbref.com/en/players/5cbb464e/Pascal-Chimbonda","https://www.transfermarkt.com/pascal-chimbonda/profil/spieler/18875",25,"No",NA,46,"20 years","1999",0,0,0,313,13,"right","Defender","180",20,180,1999,0,"right",0,"[18,21)","[165,180]","[0,3]","1990s","Guadeloupe France","EU_Major"
"Ciaran Clark","Ireland  England","https://fbref.com/en/players/2b91cf8e/Ciaran-Clark","https://www.transfermarkt.com/ciaran-clark/profil/spieler/98240",15,"Yes",34,36,"19 years","2009",14,555,79,290,15,"left","Defender","188",19,188,2009,0.933333333333333,"left",1,"[18,21)","(185,203]","(9,57]","2000s","Ireland England","UK_Ireland"
"Tom Cleverley","England","https://fbref.com/en/players/6cdd8245/Tom-Cleverley","https://www.transfermarkt.com/tom-cleverley/profil/spieler/73484",13,"Yes",33,36,"18 years","2008",10,816,130,365,15,"right","Midfield","175",18,175,2008,0.666666666666667,"right",1,"[18,21)","[165,180]","(9,57]","2000s","England","UK_Ireland"
"Gaël Clichy","France  Martinique","https://fbref.com/en/players/450ad405/Gael-Clichy","https://www.transfermarkt.com/gal-clichy/profil/spieler/7449",19,"Yes",37,40,"18 years","2003",21,460,114,595,20,"left","Defender","176",18,176,2003,1.05,"left",1,"[18,21)","[165,180]","(9,57]","2000s","France Martinique","EU_Major"
"Tamir Cohen","Israel  Italy","https://fbref.com/en/players/d1b983de/Tamir-Cohen","https://www.transfermarkt.com/tamir-cohen/profil/spieler/24209",12,"Yes",30,41,"23 years","2007",1,48,9,59,6,"right","Midfield","181",23,181,2007,0.166666666666667,"right",1,"[21,24)","(180,185]","[0,3]","2000s","Israel Italy","EU_Major"
"Jack Colback","England","https://fbref.com/en/players/963a9201/Jack-Colback","https://www.transfermarkt.com/jack-colback/profil/spieler/61644",17,"No",NA,36,"19 years","2009",4,176,29,456,15,"left","Midfield","176",19,176,2009,0.266666666666667,"left",0,"[18,21)","[165,180]","(3,9]","2000s","England","UK_Ireland"
"Ashley Cole","England  Barbados","https://fbref.com/en/players/be091289/Ashley-Cole","https://www.transfermarkt.com/ashley-cole/profil/spieler/3182",19,"Yes",38,44,"18 years","1999",10,243,57,605,20,"left","Defender","176",18,176,1999,0.5,"left",1,"[18,21)","[165,180]","(9,57]","1990s","England Barbados","UK_Ireland"
"Carlton Cole","England  Sierra Leone","https://fbref.com/en/players/51b2effb/Carlton-Cole","https://www.transfermarkt.com/carlton-cole/profil/spieler/3179",15,"Yes",33,42,"17 years","2001",6,152,24,350,16,"right","Attack","191",17,191,2001,0.375,"right",1,"[15,18)","(185,203]","(3,9]","2000s","England Sierra Leone","UK_Ireland"
"Joe Cole","England","https://fbref.com/en/players/2c2f117b/Joe-Cole","https://www.transfermarkt.com/joe-cole/profil/spieler/3876",20,"Yes",37,44,"16 years","1998",14,541,135,586,21,"right","Attack","175",16,175,1998,0.666666666666667,"right",1,"[15,18)","[165,180]","(9,57]","1990s","England","UK_Ireland"
"Séamus Coleman","Ireland","https://fbref.com/en/players/0420d84f/Seamus-Coleman","https://www.transfermarkt.com/samus-coleman/profil/spieler/68390",19,"No",NA,37,"20 years","2009",24,1179,188,421,17,"right","Defender","177",20,177,2009,1.41176470588235,"right",0,"[18,21)","[165,180]","(9,57]","2000s","Ireland","UK_Ireland"
"Danny Collins","Wales  England","https://fbref.com/en/players/b89cd819/Danny-Collins","https://www.transfermarkt.com/danny-collins/profil/spieler/26183",14,"Yes",38,45,"23 years","2004",0,0,0,432,15,"left","Defender","185",23,185,2004,0,"left",1,"[21,24)","(180,185]","[0,3]","2000s","Wales England","UK_Ireland"
"James Collins","Wales","https://fbref.com/en/players/c61f1719/James-Collins","https://www.transfermarkt.com/james-collins/profil/spieler/12691",18,"Yes",37,42,"18 years","2002",9,453,70,350,17,"right","Defender","188",18,188,2002,0.529411764705882,"right",1,"[18,21)","(185,203]","(3,9]","2000s","Wales","UK_Ireland"
"Jack Collison","Wales  England","https://fbref.com/en/players/0566f8a9/Jack-Collison","https://www.transfermarkt.com/jack-collison/profil/spieler/61568",8,"Yes",27,37,"18 years","2007",3,692,100,130,8,"right","Midfield","183",18,183,2007,0.375,"right",1,"[18,21)","(180,185]","[0,3]","2000s","Wales England","UK_Ireland"
"Fabricio Coloccini","Argentina  Italy","https://fbref.com/en/players/78b3399f/Fabricio-Coloccini","https://www.transfermarkt.com/fabricio-coloccini/profil/spieler/6150",17,"Yes",39,43,"19 years","2001",4,218,34,563,25,"right","Defender","183",19,183,2001,0.16,"right",1,"[18,21)","(180,185]","(3,9]","2000s","Argentina Italy","EU_Major"
"Jordan Cook","England","https://fbref.com/en/players/28a7e81c/Jordan-Cook","https://www.transfermarkt.com/jordan-cook/profil/spieler/61646",15,"No",NA,35,"19 years","2009",0,0,0,214,12,"right","Attack","175",19,175,2009,0,"right",0,"[18,21)","[165,180]","[0,3]","2000s","England","UK_Ireland"
"Vedran Ćorluka","Croatia","https://fbref.com/en/players/6ceef869/Vedran-Corluka","https://www.transfermarkt.com/vedran-orluka/profil/spieler/34393",17,"Yes",35,39,"21 years","2007",11,333,58,358,15,"right","Defender","192",21,192,2007,0.733333333333333,"right",1,"[21,24)","(185,203]","(9,57]","2000s","Croatia","Rest_of_World"
"Manuel da Costa","Morocco  Portugal","https://fbref.com/en/players/50e14b3c/Manuel-da-Costa","https://www.transfermarkt.com/manuel-da-costa/profil/spieler/37398",18,"Yes",37,39,"19 years","2005",8,231,51,280,17,"right","Defender","192",19,192,2005,0.470588235294118,"right",1,"[18,21)","(185,203]","(3,9]","2000s","Morocco Portugal","EU_Major"
"Simon Cox","Ireland  England","https://fbref.com/en/players/6124c209/Simon-Cox","https://www.transfermarkt.com/simon-cox/profil/spieler/37150",16,"Yes",34,38,"18 years","2005",0,0,0,494,16,"left","Attack","180",18,180,2005,0,"left",1,"[18,21)","[165,180]","[0,3]","2000s","Ireland England","UK_Ireland"
"Jody Craddock","England","https://fbref.com/en/players/573e5dd2/Jody-Craddock","https://www.transfermarkt.com/jody-craddock/profil/spieler/4129",15,"Yes",37,50,"24 years","1999",1,18,3,327,13,"right","Defender","183",24,183,1999,0.0769230769230769,"right",1,"[24,30]","(180,185]","[0,3]","1990s","England","UK_Ireland"
"Stephen Crainey","Scotland","https://fbref.com/en/players/2f6dd6a3/Stephen-Crainey","https://www.transfermarkt.com/stephen-crainey/profil/spieler/9499",17,"Yes",35,44,"19 years","2000",0,0,0,359,15,"left","Defender","175",19,175,2000,0,"left",1,"[18,21)","[165,180]","[0,3]","2000s","Scotland","UK_Ireland"
"Peter Crouch","England  Ireland","https://fbref.com/en/players/73d9bdc7/Peter-Crouch","https://www.transfermarkt.com/peter-crouch/profil/spieler/4072",19,"Yes",38,44,"20 years","2001",2,31,7,605,18,"right","Attack","201",20,201,2001,0.111111111111111,"right",1,"[18,21)","(185,203]","[0,3]","2000s","England Ireland","UK_Ireland"
"Carlo Cudicini","Italy","https://fbref.com/en/players/df77463a/Carlo-Cudicini","https://www.transfermarkt.com/carlo-cudicini/profil/spieler/3151",17,"Yes",40,52,"22 years","1996",5,282,58,211,15,"right","Goalkeeper","185",22,185,1996,0.333333333333333,"right",1,"[21,24)","(180,185]","(3,9]","1990s","Italy","EU_Major"
"Carlos Cuéllar","Spain","https://fbref.com/en/players/1222ab35/Carlos-Cuellar","https://www.transfermarkt.com/carlos-cullar/profil/spieler/16576",18,"Yes",38,44,"19 years","2001",9,202,33,353,15,"right","Defender","190",19,190,2001,0.6,"right",1,"[18,21)","(185,203]","(3,9]","2000s","Spain","EU_Major"
"Scott Dann","England","https://fbref.com/en/players/52105203/Scott-Dann","https://www.transfermarkt.com/scott-dann/profil/spieler/62688",16,"Yes",36,38,"17 years","2004",8,667,84,468,18,"right","Defender","188",17,188,2004,0.444444444444444,"right",1,"[15,18)","(185,203]","(3,9]","2000s","England","UK_Ireland"
"Curtis Davies","Sierra Leone  England","https://fbref.com/en/players/607fb965/Curtis-Davies","https://www.transfermarkt.com/curtis-davies/profil/spieler/18227",19,"Yes",39,40,"18 years","2003",10,858,145,622,21,"right","Defender","188",18,188,2003,0.476190476190476,"right",1,"[18,21)","(185,203]","(9,57]","2000s","Sierra Leone England","UK_Ireland"
"Kevin Davies","England","https://fbref.com/en/players/2f726a89/Kevin-Davies","https://www.transfermarkt.com/kevin-davies/profil/spieler/4114",18,"Yes",38,48,"20 years","1997",1,25,6,579,18,"right","Attack","183",20,183,1997,0.0555555555555556,"right",1,"[18,21)","(180,185]","[0,3]","1990s","England","UK_Ireland"
"Mark Davies","England","https://fbref.com/en/players/3de91e73/Mark-Davies","https://www.transfermarkt.com/mark-davies/profil/spieler/36917",12,"Yes",29,37,"17 years","2005",3,322,63,222,11,"right","Midfield","180",17,180,2005,0.272727272727273,"right",1,"[15,18)","[165,180]","[0,3]","2000s","England","UK_Ireland"
"Simon Davies","Wales","https://fbref.com/en/players/522b6d6c/Simon-Davies","https://www.transfermarkt.com/simon-davies/profil/spieler/4056",13,"Yes",33,46,"19 years","1999",11,615,91,315,13,"right","Midfield","178",19,178,1999,0.846153846153846,"right",1,"[18,21)","[165,180]","(9,57]","1990s","Wales","UK_Ireland"
"Michael Dawson","England","https://fbref.com/en/players/4771114f/Michael-Dawson","https://www.transfermarkt.com/michael-dawson/profil/spieler/9988",19,"Yes",37,42,"17 years","2001",9,424,88,515,20,"right","Defender","188",17,188,2001,0.45,"right",1,"[15,18)","(185,203]","(3,9]","2000s","England","UK_Ireland"
"Jermain Defoe","England  St. Lucia","https://fbref.com/en/players/f1e8372d/Jermain-Defoe","https://www.transfermarkt.com/jermain-defoe/profil/spieler/3875",21,"Yes",39,43,"17 years","2000",11,439,106,643,23,"right","Attack","170",17,170,2000,0.478260869565217,"right",1,"[15,18)","[165,180]","(9,57]","2000s","England St. Lucia","UK_Ireland"
"Nathan Delfouneso","England  Nigeria","https://fbref.com/en/players/49ae4072/Nathan-Delfouneso","https://www.transfermarkt.com/nathan-delfouneso/profil/spieler/62642",15,"Yes",33,34,"17 years","2008",0,0,0,404,15,"right","Attack","185",17,185,2008,0,"right",1,"[15,18)","(180,185]","[0,3]","2000s","England Nigeria","UK_Ireland"
"Fabian Delph","England  Guyana","https://fbref.com/en/players/111c3236/Fabian-Delph","https://www.transfermarkt.com/fabian-delph/profil/spieler/50362",15,"Yes",32,36,"17 years","2007",26,1249,216,293,15,"left","Midfield","175",17,175,2007,1.73333333333333,"left",1,"[15,18)","[165,180]","(9,57]","2000s","England Guyana","UK_Ireland"
"Mousa Dembélé","Belgium  Mali","https://fbref.com/en/players/f7ee69fb/Mousa-Dembele","https://www.transfermarkt.com/mousa-dembl/profil/spieler/19368",19,"Yes",35,38,"16 years","2003",16,474,98,545,19,"left","Midfield","185",16,185,2003,0.842105263157895,"left",1,"[15,18)","(180,185]","(9,57]","2000s","Belgium Mali","EU_Major"
"Ishmel Demontagnac","England  Jamaica","https://fbref.com/en/players/81c7d697/Ishmel-Demontagnac","https://www.transfermarkt.com/ishmel-demontagnac/profil/spieler/42188",5,"Yes",26,37,"17 years","2005",0,0,0,163,9,"left","Attack","178",17,178,2005,0,"left",1,"[15,18)","[165,180]","[0,3]","2000s","England Jamaica","UK_Ireland"
"Clint Dempsey","United States","https://fbref.com/en/players/523d9de6/Clint-Dempsey","https://www.transfermarkt.com/clint-dempsey/profil/spieler/27577",14,"Yes",35,42,"20 years","Not found",11,346,70,428,17,"right","Attack","188",20,188,NA,0.647058823529412,"right",1,"[18,21)","(185,203]","(9,57]","NAs","United States","Rest_of_World"
"Edwin van der Sar","Netherlands","https://fbref.com/en/players/98ee8a67/Edwin-van-der-Sar","https://www.transfermarkt.com/edwin-van-der-sar/profil/spieler/3516",20,"Yes",40,55,"28 years","1999",3,75,15,460,14,"right","Goalkeeper","197",28,197,1999,0.214285714285714,"right",1,"[24,30]","(185,203]","[0,3]","1990s","Netherlands","EU_Major"
"Rafael van der Vaart","Netherlands  Spain","https://fbref.com/en/players/41473b67/Rafael-van-der-Vaart","https://www.transfermarkt.com/rafael-van-der-vaart/profil/spieler/4192",18,"Yes",35,42,"17 years","2000",29,775,127,481,19,"N/A","Attack","176",17,176,2000,1.52631578947368,"unknown",1,"[15,18)","[165,180]","(9,57]","2000s","Netherlands Spain","EU_Major"
"Matt Derbyshire","England","https://fbref.com/en/players/193ed0c0/Matt-Derbyshire","https://www.transfermarkt.com/matt-derbyshire/profil/spieler/15175",20,"No",NA,39,"18 years","2004",1,17,3,335,15,"right","Attack","185",18,185,2004,0.0666666666666667,"right",0,"[18,21)","(180,185]","[0,3]","2000s","England","UK_Ireland"
"Franco Di Santo","Argentina  Italy","https://fbref.com/en/players/549c6ba7/Franco-Di-Santo","https://www.transfermarkt.com/franco-di-santo/profil/spieler/59783",18,"Yes",35,36,"19 years","2008",16,416,62,381,18,"right","Attack","193",19,193,2008,0.888888888888889,"right",1,"[18,21)","(185,203]","(9,57]","2000s","Argentina Italy","EU_Major"
"Abou Diaby","France  Cote d'Ivoire","https://fbref.com/en/players/8c8b5071/Abou-Diaby","https://www.transfermarkt.com/abou-diaby/profil/spieler/26763",14,"Yes",32,39,"18 years","2004",21,1768,395,170,13,"right","Midfield","190",18,190,2004,1.61538461538462,"right",1,"[18,21)","(185,203]","(9,57]","2000s","France Cote d'Ivoire","EU_Major"
"Alessandro Diamanti","Italy","https://fbref.com/en/players/cb5af1af/Alessandro-Diamanti","https://www.transfermarkt.com/alessandro-diamanti/profil/spieler/23197",18,"Yes",39,42,"21 years","2004",10,444,51,420,18,"left","Attack","180",21,180,2004,0.555555555555556,"left",1,"[21,24)","[165,180]","(9,57]","2000s","Italy","EU_Major"
"Mohamed Diamé","Senegal  France","https://fbref.com/en/players/b7d082af/Mohamed-Diame","https://www.transfermarkt.com/mohamed-diam/profil/spieler/70950",17,"No",NA,38,"21 years","2008",7,349,49,369,13,"right","Midfield","185",21,185,2008,0.538461538461538,"right",0,"[21,24)","(180,185]","(3,9]","2000s","Senegal France","EU_Major"
"Salif Diao","Senegal  France","https://fbref.com/en/players/acc326da/Salif-Diao","https://www.transfermarkt.com/salif-diao/profil/spieler/3600",16,"Yes",35,48,"19 years","1996",2,32,6,240,16,"right","Midfield","186",19,186,1996,0.125,"right",1,"[18,21)","(185,203]","[0,3]","1990s","Senegal France","EU_Major"
"Kagisho Dikgacoi","South Africa","https://fbref.com/en/players/701d7cac/Kagisho-Dikgacoi","https://www.transfermarkt.com/kagisho-dikgacoi/profil/spieler/63285",12,"Yes",33,41,"24 years","2009",2,84,19,155,8,"right","Midfield","180",24,180,2009,0.25,"right",1,"[24,30]","[165,180]","[0,3]","2000s","South Africa","Rest_of_World"
"Sylvain Distin","France  Guadeloupe","https://fbref.com/en/players/002d06bb/Sylvain-Distin","https://www.transfermarkt.com/sylvain-distin/profil/spieler/3356",17,"Yes",38,47,"22 years","2000",1,9,2,532,16,"left","Defender","192",22,192,2000,0.0625,"left",1,"[21,24)","(185,203]","[0,3]","2000s","France Guadeloupe","EU_Major"
"Johan Djourou","Switzerland  Cote d'Ivoire","https://fbref.com/en/players/b8673e18/Johan-Djourou","https://www.transfermarkt.com/johan-djourou/profil/spieler/34561",16,"Yes",34,38,"18 years","2005",34,795,234,274,16,"N/A","Defender","192",18,192,2005,2.125,"unknown",1,"[18,21)","(185,203]","(9,57]","2000s","Switzerland Cote d'Ivoire","Rest_of_World"
"Graham Dorrans","Scotland","https://fbref.com/en/players/eeb032db/Graham-Dorrans","https://www.transfermarkt.com/graham-dorrans/profil/spieler/36608",20,"No",NA,38,"17 years","2004",9,673,108,361,17,"right","Midfield","175",17,175,2004,0.529411764705882,"right",0,"[15,18)","[165,180]","(3,9]","2000s","Scotland","UK_Ireland"
"Giovani dos Santos","Mexico  Spain","https://fbref.com/en/players/7dba6233/Giovani-dos-Santos","https://www.transfermarkt.com/giovani-dos-santos/profil/spieler/44674",16,"Yes",34,36,"18 years","2007",13,378,73,309,16,"left","Attack","175",18,175,2007,0.8125,"left",1,"[18,21)","[165,180]","(9,57]","2000s","Mexico Spain","EU_Major"
"Stewart Downing","England","https://fbref.com/en/players/b13c4620/Stewart-Downing","https://www.transfermarkt.com/stewart-downing/profil/spieler/4063",20,"Yes",37,41,"17 years","2001",2,209,48,646,20,"left","Midfield","180",17,180,2001,0.1,"left",1,"[15,18)","[165,180]","[0,3]","2000s","England","UK_Ireland"
"Colin Doyle","Ireland","https://fbref.com/en/players/93b41c46/Colin-Doyle","https://www.transfermarkt.com/colin-doyle/profil/spieler/28728",21,"Yes",40,40,"19 years","2004",2,123,23,193,14,"right","Goalkeeper","196",19,196,2004,0.142857142857143,"right",1,"[18,21)","(185,203]","[0,3]","2000s","Ireland","UK_Ireland"
"Kevin Doyle","Ireland","https://fbref.com/en/players/c4689de2/Kevin-Doyle","https://www.transfermarkt.com/kevin-doyle/profil/spieler/35193",16,"Yes",34,42,"21 years","2005",4,69,14,403,13,"right","Attack","182",21,182,2005,0.307692307692308,"right",1,"[21,24)","(180,185]","(3,9]","2000s","Ireland","UK_Ireland"
"Didier Drogba","Cote d'Ivoire  France","https://fbref.com/en/players/945dea33/Didier-Drogba","https://www.transfermarkt.com/didier-drogba/profil/spieler/3924",19,"Yes",40,47,"23 years","2001",27,546,108,533,18,"both","Attack","189",23,189,2001,1.5,"both",1,"[21,24)","(185,203]","(9,57]","2000s","Cote d'Ivoire France","EU_Major"
"Damien Duff","Ireland","https://fbref.com/en/players/057a6936/Damien-Duff","https://www.transfermarkt.com/damien-duff/profil/spieler/3259",18,"Yes",36,46,"17 years","1996",17,765,122,472,18,"left","Attack","176",17,176,1996,0.944444444444444,"left",1,"[15,18)","[165,180]","(9,57]","1990s","Ireland","UK_Ireland"
"David Dunn","England","https://fbref.com/en/players/7ecdf483/David-Dunn","https://www.transfermarkt.com/david-dunn/profil/spieler/4243",18,"Yes",36,45,"18 years","1998",5,203,38,325,16,"right","Attack","178",18,178,1998,0.3125,"right",1,"[18,21)","[165,180]","(3,9]","1990s","England","UK_Ireland"
"Richard Dunne","Ireland","https://fbref.com/en/players/6cbc015d/Richard-Dunne","https://www.transfermarkt.com/richard-dunne/profil/spieler/3807",18,"Yes",35,46,"16 years","1996",3,428,74,529,18,"right","Defender","188",16,188,1996,0.166666666666667,"right",1,"[15,18)","(185,203]","[0,3]","1990s","Ireland","UK_Ireland"
"Kieron Dyer","England  Antigua and Barbuda","https://fbref.com/en/players/90b5a2f2/Kieron-Dyer","https://www.transfermarkt.com/kieron-dyer/profil/spieler/3118",17,"Yes",34,46,"20 years","1999",6,691,119,267,14,"right","Midfield","173",20,173,1999,0.428571428571429,"right",1,"[18,21)","[165,180]","(3,9]","1990s","England Antigua and Barbuda","UK_Ireland"
"Edin Džeko","Bosnia-Herzegovina","https://fbref.com/en/players/3bb7f478/Edin-Dzeko","https://www.transfermarkt.com/edin-deko/profil/spieler/28396",20,"No",NA,39,"21 years","2007",16,231,43,758,20,"right","Attack","193",21,193,2007,0.8,"right",0,"[21,24)","(185,203]","(9,57]","2000s","Bosnia-Herzegovina","Rest_of_World"
"Neal Eardley","Wales","https://fbref.com/en/players/2bb4411f/Neal-Eardley","https://www.transfermarkt.com/neal-eardley/profil/spieler/49428",13,"Yes",33,37,"17 years","2006",0,0,0,410,15,"right","Defender","180",17,180,2006,0,"right",1,"[15,18)","[165,180]","[0,3]","2000s","Wales","UK_Ireland"
"Sylvan Ebanks-Blake","England  Jamaica","https://fbref.com/en/players/9dfe6a3f/Sylvan-Ebanks-Blake","https://www.transfermarkt.com/sylvan-ebanks-blake/profil/spieler/27621",13,"Yes",32,39,"20 years","2006",3,125,19,319,11,"right","Attack","178",20,178,2006,0.272727272727273,"right",1,"[18,21)","[165,180]","[0,3]","2000s","England Jamaica","UK_Ireland"
"Emmanuel Eboué","Cote d'Ivoire  Belgium","https://fbref.com/en/players/1bfae04c/Emmanuel-Eboue","https://www.transfermarkt.com/emmanuel-ebou/profil/spieler/13058",13,"Yes",32,42,"20 years","2003",3,47,15,321,11,"right","Defender","178",20,178,2003,0.272727272727273,"right",1,"[18,21)","[165,180]","[0,3]","2000s","Cote d'Ivoire Belgium","EU_Major"
"Nathan Eccleston","England","https://fbref.com/en/players/5d83b302/Nathan-Eccleston","https://www.transfermarkt.com/nathan-eccleston/profil/spieler/88983",10,"Yes",28,34,"18 years","2009",1,13,6,87,7,"right","Attack","178",18,178,2009,0.142857142857143,"right",1,"[18,21)","[165,180]","[0,3]","2000s","England","UK_Ireland"
"David Edwards","Wales  England","https://fbref.com/en/players/9961eefb/David-Edwards","https://www.transfermarkt.com/david-edwards/profil/spieler/54949",16,"Yes",37,39,"16 years","2002",5,104,20,527,18,"right","Midfield","180",16,180,2002,0.277777777777778,"right",1,"[15,18)","[165,180]","(3,9]","2000s","Wales England","UK_Ireland"
"Rob Edwards","Wales","https://fbref.com/en/players/270efb21/Rob-Edwards","https://www.transfermarkt.com/rob-edwards/profil/spieler/4068",10,"Yes",30,42,"19 years","2002",0,0,0,213,11,"right","Defender","185",19,185,2002,0,"right",1,"[18,21)","(180,185]","[0,3]","2000s","Wales","UK_Ireland"
"Johan Elmander","Sweden","https://fbref.com/en/players/3438cef9/Johan-Elmander","https://www.transfermarkt.com/johan-elmander/profil/spieler/4383",23,"Yes",42,44,"19 years","2000",8,213,54,478,19,"right","Attack","188",19,188,2000,0.421052631578947,"right",1,"[18,21)","(185,203]","(3,9]","2000s","Sweden","Rest_of_World"
"Ahmed Elmohamady","Egypt","https://fbref.com/en/players/615ef733/Ahmed-Elmohamady","https://www.transfermarkt.com/ahmed-elmohamady/profil/spieler/66333",16,"Yes",33,38,"22 years","2010",2,62,5,383,11,"right","Defender","182",22,182,2010,0.181818181818182,"right",1,"[21,24)","(180,185]","[0,3]","2010s","Egypt","Rest_of_World"
"George Elokobi","Cameroon  England","https://fbref.com/en/players/36aad3ed/George-Elokobi","https://www.transfermarkt.com/george-elokobi/profil/spieler/42048",16,"Yes",36,39,"18 years","2004",1,312,47,262,16,"left","Defender","176",18,176,2004,0.0625,"left",1,"[18,21)","[165,180]","[0,3]","2000s","Cameroon England","UK_Ireland"
"Brett Emerton","Australia","https://fbref.com/en/players/a1866af0/Brett-Emerton","https://www.transfermarkt.com/brett-emerton/profil/spieler/4367",13,"Yes",34,46,"21 years","2000",5,256,41,427,14,"right","Midfield","185",21,185,2000,0.357142857142857,"right",1,"[21,24)","(180,185]","(3,9]","2000s","Australia","Rest_of_World"
"Jay Emmanuel-Thomas","England  St. Lucia","https://fbref.com/en/players/b5f1c3c8/Jay-Emmanuel-Thomas","https://www.transfermarkt.com/jay-emmanuel-thomas/profil/spieler/27969",16,"No",NA,34,"18 years","2009",0,0,0,327,14,"left","Attack","191",18,191,2009,0,"left",0,"[18,21)","(185,203]","[0,3]","2000s","England St. Lucia","UK_Ireland"
"José Enrique","Spain","https://fbref.com/en/players/d56364d5/Jose-Enrique","https://www.transfermarkt.com/jos-enrique/profil/spieler/35571",12,"Yes",31,39,"19 years","2005",8,472,79,271,12,"left","Defender","184",19,184,2005,0.666666666666667,"left",1,"[18,21)","(180,185]","(3,9]","2000s","Spain","EU_Major"
"Michael Essien","Ghana  France","https://fbref.com/en/players/d6577282/Michael-Essien","https://www.transfermarkt.com/michael-essien/profil/spieler/5588",20,"Yes",37,43,"17 years","2000",7,744,142,433,16,"right","Midfield","177",17,177,2000,0.4375,"right",1,"[15,18)","[165,180]","(3,9]","2000s","Ghana France","EU_Major"
"Matthew Etherington","England","https://fbref.com/en/players/ef616df9/Matthew-Etherington","https://www.transfermarkt.com/matthew-etherington/profil/spieler/3788",14,"Yes",32,44,"17 years","1999",4,146,27,379,15,"left","Midfield","178",17,178,1999,0.266666666666667,"left",1,"[15,18)","[165,180]","(3,9]","1990s","England","UK_Ireland"
"Dickson Etuhu","Nigeria  England","https://fbref.com/en/players/0f04d7b6/Dickson-Etuhu","https://www.transfermarkt.com/dickson-etuhu/profil/spieler/14011",16,"Yes",35,43,"19 years","2001",6,275,46,380,15,"right","Midfield","188",19,188,2001,0.4,"right",1,"[18,21)","(185,203]","(3,9]","2000s","Nigeria England","UK_Ireland"
"Jason Euell","Jamaica  England","https://fbref.com/en/players/d97fe8bd/Jason-Euell","https://www.transfermarkt.com/jason-euell/profil/spieler/3092",17,"Yes",35,48,"18 years","1995",0,0,0,390,16,"Not found","Attack","180",18,180,1995,0,"unknown",1,"[18,21)","[165,180]","[0,3]","1990s","Jamaica England","UK_Ireland"
"Jonny Evans","Northern Ireland","https://fbref.com/en/players/f8fcd2a5/Jonny-Evans","https://www.transfermarkt.com/jonny-evans/profil/spieler/42412",18,"Yes",37,37,"18 years","2006",30,953,187,489,19,"both","Defender","188",18,188,2006,1.57894736842105,"both",1,"[18,21)","(185,203]","(9,57]","2000s","Northern Ireland","UK_Ireland"
"Ian Evatt","England","https://fbref.com/en/players/749bcfb8/Ian-Evatt","https://www.transfermarkt.com/ian-evatt/profil/spieler/37127",17,"Yes",36,44,"18 years","2000",0,0,0,533,18,"right","Defender","191",18,191,2000,0,"right",1,"[18,21)","(185,203]","[0,3]","2000s","England","UK_Ireland"
"Patrice Evra","France  Senegal","https://fbref.com/en/players/51a3caf1/Patrice-Evra","https://www.transfermarkt.com/patrice-evra/profil/spieler/5285",19,"Yes",38,44,"21 years","2002",7,111,26,591,16,"left","Defender","174",21,174,2002,0.4375,"left",1,"[21,24)","[165,180]","(3,9]","2000s","France Senegal","EU_Major"
"Łukasz Fabiański","Poland","https://fbref.com/en/players/9328b835/Lukasz-Fabianski","https://www.transfermarkt.com/ukasz-fabiaski/profil/spieler/29692",20,"No",NA,40,"20 years","2005",16,651,129,466,20,"right","Goalkeeper","190",20,190,2005,0.8,"right",0,"[18,21)","(185,203]","(9,57]","2000s","Poland","Rest_of_World"
"Cesc Fàbregas","Spain","https://fbref.com/en/players/33508c78/Cesc-Fabregas","https://www.transfermarkt.com/cesc-fbregas/profil/spieler/8806",19,"Yes",36,38,"17 years","2004",28,867,179,671,19,"right","Midfield","175",17,175,2004,1.47368421052632,"right",1,"[15,18)","[165,180]","(9,57]","2000s","Spain","EU_Major"
"Keith Fahey","Ireland","https://fbref.com/en/players/e4def09b/Keith-Fahey","https://www.transfermarkt.com/keith-fahey/profil/spieler/29878",14,"Yes",34,42,"25 years","2008",3,126,23,166,7,"right","Midfield","178",25,178,2008,0.428571428571429,"right",1,"[24,30]","[165,180]","[0,3]","2000s","Ireland","UK_Ireland"
"Julien Faubert","Martinique  France","https://fbref.com/en/players/525642e0/Julien-Faubert","https://www.transfermarkt.com/julien-faubert/profil/spieler/18093",15,"Yes",36,42,"20 years","2004",3,263,42,316,13,"right","Defender","180",20,180,2004,0.230769230769231,"right",1,"[18,21)","[165,180]","[0,3]","2000s","Martinique France","EU_Major"
"Abdoulaye Faye","Senegal  France","https://fbref.com/en/players/99df1bff/Abdoulaye-Faye","https://www.transfermarkt.com/abdoulaye-faye/profil/spieler/6107",13,"Yes",37,47,"24 years","2002",1,8,1,302,13,"right","Defender","188",24,188,2002,0.0769230769230769,"right",1,"[24,30]","(185,203]","[0,3]","2000s","Senegal France","EU_Major"
"Marouane Fellaini","Belgium  Morocco","https://fbref.com/en/players/87575fd9/Marouane-Fellaini","https://www.transfermarkt.com/marouane-fellaini/profil/spieler/39679",18,"Yes",36,38,"18 years","2006",17,752,109,497,18,"right","Midfield","194",18,194,2006,0.944444444444444,"right",1,"[18,21)","(185,203]","(9,57]","2000s","Belgium Morocco","EU_Major"
"Anton Ferdinand","England  St. Lucia","https://fbref.com/en/players/d1891093/Anton-Ferdinand","https://www.transfermarkt.com/anton-ferdinand/profil/spieler/3698",16,"Yes",34,40,"18 years","2003",4,95,13,387,16,"right","Defender","186",18,186,2003,0.25,"right",1,"[18,21)","(185,203]","(3,9]","2000s","England St. Lucia","UK_Ireland"
"Rio Ferdinand","England","https://fbref.com/en/players/52465662/Rio-Ferdinand","https://www.transfermarkt.com/rio-ferdinand/profil/spieler/3235",19,"Yes",36,47,"16 years","1995",11,351,81,610,20,"right","Defender","189",16,189,1995,0.55,"right",1,"[15,18)","(185,203]","(9,57]","1990s","England","UK_Ireland"
"Barry Ferguson","Scotland","https://fbref.com/en/players/43420ade/Barry-Ferguson","https://www.transfermarkt.com/barry-ferguson/profil/spieler/10251",18,"Yes",37,47,"22 years","2000",4,313,51,482,16,"right","Midfield","178",22,178,2000,0.25,"right",1,"[21,24)","[165,180]","(3,9]","2000s","Scotland","UK_Ireland"
"Shane Ferguson","Northern Ireland","https://fbref.com/en/players/a0f6ddc3/Shane-Ferguson","https://www.transfermarkt.com/shane-ferguson/profil/spieler/62052",15,"No",NA,34,"19 years","2010",0,0,0,353,14,"left","Midfield","176",19,176,2010,0,"left",0,"[18,21)","[165,180]","[0,3]","2010s","Northern Ireland","UK_Ireland"
"Paulo Ferreira","Portugal","https://fbref.com/en/players/4ca16d65/Paulo-Ferreira","https://www.transfermarkt.com/paulo-ferreira/profil/spieler/9832",12,"Yes",34,46,"22 years","2001",1,199,33,297,12,"right","Defender","182",22,182,2001,0.0833333333333333,"right",1,"[21,24)","(180,185]","[0,3]","2000s","Portugal","EU_Major"
"Maynor Figueroa","Honduras","https://fbref.com/en/players/d8524b21/Maynor-Figueroa","https://www.transfermarkt.com/maynor-figueroa/profil/spieler/62240",14,"Yes",38,42,"24 years","2007",4,126,18,360,15,"left","Defender","180",24,180,2007,0.266666666666667,"left",1,"[24,30]","[165,180]","(3,9]","2000s","Honduras","Rest_of_World"
"Jon Flanagan","England  Ireland","https://fbref.com/en/players/f2428fd4/Jon-Flanagan","https://www.transfermarkt.com/jon-flanagan/profil/spieler/145922",11,"Yes",29,32,"17 years","2010",7,761,119,94,9,"right","Defender","181",17,181,2010,0.777777777777778,"right",1,"[15,18)","(180,185]","(3,9]","2010s","England Ireland","UK_Ireland"
"Darren Fletcher","Scotland","https://fbref.com/en/players/184e4970/Darren-Fletcher","https://www.transfermarkt.com/darren-fletcher/profil/spieler/3547",16,"Yes",35,41,"19 years","2003",6,603,105,426,17,"right","Midfield","184",19,184,2003,0.352941176470588,"right",1,"[18,21)","(180,185]","(3,9]","2000s","Scotland","UK_Ireland"
"Steven Fletcher","Scotland  England","https://fbref.com/en/players/2c9c3502/Steven-Fletcher","https://www.transfermarkt.com/steven-fletcher/profil/spieler/35099",21,"Yes",38,38,"16 years","2003",7,274,36,695,22,"left","Attack","185",16,185,2003,0.318181818181818,"left",1,"[15,18)","(180,185]","(3,9]","2000s","Scotland England","UK_Ireland"
"Kevin Foley","Ireland  England","https://fbref.com/en/players/11b3d067/Kevin-Foley","https://www.transfermarkt.com/kevin-foley/profil/spieler/33491",13,"Yes",33,41,"17 years","2002",2,160,30,396,16,"right","Defender","175",17,175,2002,0.125,"right",1,"[15,18)","[165,180]","[0,3]","2000s","Ireland England","UK_Ireland"
"Adam Forshaw","England","https://fbref.com/en/players/9f1938ab/Adam-Forshaw","https://www.transfermarkt.com/adam-forshaw/profil/spieler/121257",15,"No",NA,34,"18 years","2010",3,764,86,369,17,"right","Midfield","185",18,185,2010,0.176470588235294,"right",0,"[18,21)","(180,185]","[0,3]","2010s","England","UK_Ireland"
"Marc-Antoine Fortuné","French Guiana  France","https://fbref.com/en/players/402077cd/Marc-Antoine-Fortune","https://www.transfermarkt.com/marc-antoine-fortun/profil/spieler/5652",19,"Yes",40,44,"21 years","2002",2,87,19,472,15,"N/A","Attack","183",21,183,2002,0.133333333333333,"unknown",1,"[21,24)","(180,185]","[0,3]","2000s","French Guiana France","EU_Major"
"Ben Foster","England","https://fbref.com/en/players/d0b3ceb9/Ben-Foster","https://www.transfermarkt.com/ben-foster/profil/spieler/13572",18,"Yes",40,42,"21 years","2004",7,801,122,502,20,"left","Goalkeeper","194",21,194,2004,0.35,"left",1,"[21,24)","(185,203]","(3,9]","2000s","England","UK_Ireland"
"Brad Friedel","United States  England","https://fbref.com/en/players/b8c0a975/Brad-Friedel","https://www.transfermarkt.com/brad-friedel/profil/spieler/3476",19,"Yes",44,54,"24 years","Not found",0,0,0,521,18,"right","Goalkeeper","188",24,188,NA,0,"right",1,"[24,30]","(185,203]","[0,3]","NAs","United States England","UK_Ireland"
"Ricardo Fuller","Jamaica","https://fbref.com/en/players/c764fa54/Ricardo-Fuller","https://www.transfermarkt.com/ricardo-fuller/profil/spieler/14014",20,"Yes",41,46,"21 years","2001",1,224,39,440,15,"right","Attack","191",21,191,2001,0.0666666666666667,"right",1,"[21,24)","(185,203]","[0,3]","2000s","Jamaica","Rest_of_World"
"Danny Gabbidon","Wales  Jamaica","https://fbref.com/en/players/90148433/Danny-Gabbidon","https://www.transfermarkt.com/danny-gabbidon/profil/spieler/12709",18,"Yes",37,46,"22 years","2002",3,250,46,260,12,"right","Defender","178",22,178,2002,0.25,"right",1,"[21,24)","[165,180]","[0,3]","2000s","Wales Jamaica","UK_Ireland"
"William Gallas","France  Guadeloupe","https://fbref.com/en/players/286fb7e0/William-Gallas","https://www.transfermarkt.com/william-gallas/profil/spieler/3156",19,"Yes",37,48,"18 years","1996",12,306,66,530,18,"right","Defender","181",18,181,1996,0.666666666666667,"right",1,"[18,21)","(180,185]","(9,57]","1990s","France Guadeloupe","EU_Major"
"Morten Gamst Pedersen","Norway","https://fbref.com/en/players/c75d2fba/Morten-Gamst-Pedersen","https://www.transfermarkt.com/morten-gamst-pedersen/profil/spieler/22741",24,"Yes",42,44,"18 years","Not found",1,29,8,502,21,"left","Midfield","180",18,180,NA,0.0476190476190476,"left",1,"[18,21)","[165,180]","[0,3]","NAs","Norway","Rest_of_World"
"Craig Gardner","England","https://fbref.com/en/players/1117b9ff/Craig-Gardner","https://www.transfermarkt.com/craig-gardner/profil/spieler/37171",14,"Yes",33,39,"18 years","2005",1,24,4,347,15,"right","Midfield","178",18,178,2005,0.0666666666666667,"right",1,"[18,21)","[165,180]","[0,3]","2000s","England","UK_Ireland"
"Ricardo Gardner","Jamaica","https://fbref.com/en/players/b6a1eaa0/Ricardo-Gardner","https://www.transfermarkt.com/ricardo-gardner/profil/spieler/6264",14,"Yes",33,47,"22 years","2001",4,350,62,266,11,"N/A","Defender","175",22,175,2001,0.363636363636364,"unknown",1,"[21,24)","[165,180]","(3,9]","2000s","Jamaica","Rest_of_World"
"Zoltán Gera","Hungary","https://fbref.com/en/players/08bd23a0/Zoltan-Gera","https://www.transfermarkt.com/zoltn-gera/profil/spieler/18324",19,"Yes",39,46,"25 years","2004",5,556,80,364,16,"right","Attack","183",25,183,2004,0.3125,"right",1,"[24,30]","(180,185]","(3,9]","2000s","Hungary","Rest_of_World"
"Steven Gerrard","England","https://fbref.com/en/players/caeb5442/Steven-Gerrard","https://www.transfermarkt.com/steven-gerrard/profil/spieler/3109",18,"Yes",36,45,"18 years","1998",18,474,97,653,19,"right","Midfield","183",18,183,1998,0.947368421052632,"right",1,"[18,21)","(180,185]","(9,57]","1990s","England","UK_Ireland"
"Kieran Gibbs","England","https://fbref.com/en/players/46ee5234/Kieran-Gibbs","https://www.transfermarkt.com/kieran-gibbs/profil/spieler/44792",15,"Yes",33,36,"17 years","2007",13,513,121,326,16,"left","Defender","178",17,178,2007,0.8125,"left",1,"[15,18)","[165,180]","(9,57]","2000s","England","UK_Ireland"
"Darron Gibson","Ireland  Northern Ireland","https://fbref.com/en/players/f0e72e1c/Darron-Gibson","https://www.transfermarkt.com/darron-gibson/profil/spieler/42413",16,"Yes",34,38,"19 years","2007",9,772,123,180,14,"right","Midfield","183",19,183,2007,0.642857142857143,"right",1,"[18,21)","(180,185]","(3,9]","2000s","Ireland Northern Ireland","UK_Ireland"
"Ryan Giggs","Wales","https://fbref.com/en/players/561de8d0/Ryan-Giggs","https://www.transfermarkt.com/ryan-giggs/profil/spieler/3406",23,"Yes",40,52,"18 years","1992",6,151,34,783,22,"left","Midfield","180",18,180,1992,0.272727272727273,"left",1,"[18,21)","[165,180]","(3,9]","1990s","Wales","UK_Ireland"
"Matt Gilks","Scotland  England","https://fbref.com/en/players/49b8c292/Matt-Gilks","https://www.transfermarkt.com/matt-gilks/profil/spieler/48254",13,"Yes",39,43,"20 years","2002",3,417,61,457,19,"right","Goalkeeper","185",20,185,2002,0.157894736842105,"right",1,"[18,21)","(180,185]","[0,3]","2000s","Scotland England","UK_Ireland"
"Gaël Givet","France","https://fbref.com/en/players/6d28f149/Gael-Givet","https://www.transfermarkt.com/gal-givet/profil/spieler/5286",15,"Yes",34,44,"18 years","2000",3,67,12,405,15,"left","Defender","181",18,181,2000,0.2,"left",1,"[18,21)","(180,185]","[0,3]","2000s","France","EU_Major"
"Steve Gohouri","Cote d'Ivoire  France","https://fbref.com/en/players/0d058ab8/Steve-Gohouri","https://www.transfermarkt.com/steve-gohouri/profil/spieler/19857",16,"No",NA,44,"24 years","2005",9,174,28,138,9,"N/A","Defender","189",24,189,2005,1,"unknown",0,"[24,30]","(185,203]","(3,9]","2000s","Cote d'Ivoire France","EU_Major"
"Heurelho Gomes","Brazil","https://fbref.com/en/players/d596e193/Heurelho-Gomes","https://www.transfermarkt.com/heurelho-gomes/profil/spieler/19059",18,"Yes",39,44,"23 years","2004",3,226,29,449,15,"right","Goalkeeper","191",23,191,2004,0.2,"right",1,"[21,24)","(185,203]","[0,3]","2000s","Brazil","South_America"
"Jordi Gómez","Spain","https://fbref.com/en/players/d92b0327/Jordi-Gomez","https://www.transfermarkt.com/jordi-gmez/profil/spieler/39010",16,"Yes",38,40,"22 years","2007",3,459,29,311,14,"left","Midfield","178",22,178,2007,0.214285714285714,"left",1,"[21,24)","[165,180]","[0,3]","2000s","Spain","EU_Major"
"Craig Gordon","Scotland","https://fbref.com/en/players/b15780e3/Craig-Gordon","https://www.transfermarkt.com/craig-gordon/profil/spieler/12589",23,"No",NA,42,"19 years","2002",14,1894,210,541,21,"left","Goalkeeper","193",19,193,2002,0.666666666666667,"left",0,"[18,21)","(185,203]","(9,57]","2000s","Scotland","UK_Ireland"
"Dan Gosling","England","https://fbref.com/en/players/7fec31a0/Dan-Gosling","https://www.transfermarkt.com/dan-gosling/profil/spieler/44983",19,"Yes",35,35,"16 years","2006",10,874,123,326,18,"right","Midfield","178",16,178,2006,0.555555555555556,"right",1,"[15,18)","[165,180]","(9,57]","2000s","England","UK_Ireland"
"Hérold Goulon","France","https://fbref.com/en/players/e818c267/Herold-Goulon","https://www.transfermarkt.com/hrold-goulon/profil/spieler/41978",17,"No",NA,37,"20 years","2008",1,292,39,75,7,"right","Defender","192",20,192,2008,0.142857142857143,"right",0,"[18,21)","(185,203]","[0,3]","2000s","France","EU_Major"
"Elliot Grandin","France  DR Congo","https://fbref.com/en/players/ddbf3019/Elliot-Grandin","https://www.transfermarkt.com/elliot-grandin/profil/spieler/56785",18,"Yes",35,38,"16 years","2004",0,0,0,120,11,"right","Attack","178",16,178,2004,0,"right",1,"[15,18)","[165,180]","[0,3]","2000s","France DR Congo","EU_Major"
"Robert Green","England","https://fbref.com/en/players/a350680b/Robert-Green","https://www.transfermarkt.com/robert-green/profil/spieler/11680",20,"Yes",39,45,"21 years","2001",2,38,7,602,17,"right","Goalkeeper","191",21,191,2001,0.117647058823529,"right",1,"[21,24)","(185,203]","[0,3]","2000s","England","UK_Ireland"
"Jonathan Greening","England","https://fbref.com/en/players/892c1d7a/Jonathan-Greening","https://www.transfermarkt.com/jonathan-greening/profil/spieler/3865",19,"Yes",38,46,"19 years","1998",2,37,8,411,17,"right","Midfield","180",19,180,1998,0.117647058823529,"right",1,"[18,21)","[165,180]","[0,3]","1990s","England","UK_Ireland"
"Adlène Guedioura","Algeria  France","https://fbref.com/en/players/f75825e3/Adlene-Guedioura","https://www.transfermarkt.com/adlne-guedioura/profil/spieler/74768",16,"Yes",38,40,"22 years","2008",9,634,93,252,12,"right","Midfield","183",22,183,2008,0.75,"right",1,"[21,24)","(180,185]","(3,9]","2000s","Algeria France","EU_Major"
"Magaye Gueye","Senegal  France","https://fbref.com/en/players/82b85f5a/Magaye-Gueye","https://www.transfermarkt.com/magaye-gueye/profil/spieler/91956",17,"No",NA,35,"19 years","2009",1,179,38,145,8,"left","Attack","179",19,179,2009,0.125,"left",0,"[18,21)","[165,180]","[0,3]","2000s","Senegal France","EU_Major"
"Danny Guthrie","England","https://fbref.com/en/players/fff10a46/Danny-Guthrie","https://www.transfermarkt.com/danny-guthrie/profil/spieler/16716",15,"Yes",34,38,"19 years","2006",1,26,3,292,13,"right","Midfield","170",19,170,2006,0.0769230769230769,"right",1,"[18,21)","[165,180]","[0,3]","2000s","England","UK_Ireland"
"Jonás Gutiérrez","Argentina  Italy","https://fbref.com/en/players/816fd91c/Jonas-Gutierrez","https://www.transfermarkt.com/jons-gutirrez/profil/spieler/26443",20,"Yes",38,42,"22 years","2005",5,291,52,383,19,"right","Midfield","185",22,185,2005,0.263157894736842,"right",1,"[21,24)","(180,185]","(3,9]","2000s","Argentina Italy","EU_Major"
"Eiður Guðjohnsen","Iceland","https://fbref.com/en/players/32fc9ff2/Eidur-Gudjohnsen","https://www.transfermarkt.com/eiur-gujohnsen/profil/spieler/3176",23,"Yes",38,47,"21 years","2000",3,253,47,463,18,"N/A","Attack","187",21,187,2000,0.166666666666667,"unknown",1,"[21,24)","(185,203]","[0,3]","2000s","Iceland","Rest_of_World"
"Asamoah Gyan","Ghana","https://fbref.com/en/players/7f7bbbc2/Asamoah-Gyan","https://www.transfermarkt.com/asamoah-gyan/profil/spieler/26802",18,"Yes",36,40,"17 years","2003",16,339,45,227,14,"right","Attack","180",17,180,2003,1.14285714285714,"right",1,"[15,18)","[165,180]","(9,57]","2000s","Ghana","Rest_of_World"
"Ali Al-Habsi","Oman","https://fbref.com/en/players/032f766b/Ali-Al-Habsi","https://www.transfermarkt.com/ali-al-habsi/profil/spieler/26633",17,"Yes",38,43,"21 years","Not found",1,27,9,338,14,"right","Goalkeeper","194",21,194,NA,0.0714285714285714,"right",1,"[21,24)","(185,203]","[0,3]","NAs","Oman","Rest_of_World"
"Marcus Hahnemann","United States  Germany","https://fbref.com/en/players/c6be3102/Marcus-Hahnemann","https://www.transfermarkt.com/marcus-hahnemann/profil/spieler/4140",18,"Yes",42,53,"24 years","Not found",1,26,4,385,13,"right","Goalkeeper","191",24,191,NA,0.0769230769230769,"right",1,"[24,30]","(185,203]","[0,3]","NAs","United States Germany","EU_Major"
"Greg Halford","England","https://fbref.com/en/players/06d45e81/Greg-Halford","https://www.transfermarkt.com/greg-halford/profil/spieler/42062",19,"Yes",40,41,"17 years","2002",1,34,6,495,19,"right","Defender","196",17,196,2002,0.0526315789473684,"right",1,"[15,18)","(185,203]","[0,3]","2000s","England","UK_Ireland"
"Rafik Halliche","Algeria","https://fbref.com/en/players/ecb2f4e3/Rafik-Halliche","https://www.transfermarkt.com/rafik-halliche/profil/spieler/67815",14,"Yes",33,39,"20 years","2007",7,378,45,123,9,"right","Defender","187",20,187,2007,0.777777777777778,"right",1,"[18,21)","(185,203]","(3,9]","2000s","Algeria","Rest_of_World"
"Mark Halstead","England","https://fbref.com/en/players/ff36c850/Mark-Halstead","https://www.transfermarkt.com/mark-halstead/profil/spieler/99972",15,"No",NA,35,"19 years","2010",0,0,0,142,11,"right","Goalkeeper","190",19,190,2010,0,"right",0,"[18,21)","(185,203]","[0,3]","2010s","England","UK_Ireland"
"Adam Hammill","England  Ireland","https://fbref.com/en/players/ffd4896e/Adam-Hammill","https://www.transfermarkt.com/adam-hammill/profil/spieler/38091",19,"No",NA,37,"18 years","2006",0,0,0,409,15,"left","Attack","189",18,189,2006,0,"left",0,"[18,21)","(185,203]","[0,3]","2000s","England Ireland","UK_Ireland"
"Brede Hangeland","Norway  United States","https://fbref.com/en/players/7cbeb80c/Brede-Hangeland","https://www.transfermarkt.com/brede-hangeland/profil/spieler/25553",16,"Yes",35,44,"19 years","Not found",4,156,29,463,18,"right","Defender","199",19,199,NA,0.222222222222222,"right",1,"[18,21)","(185,203]","(3,9]","NAs","Norway United States","Rest_of_World"
"Grant Hanley","Scotland","https://fbref.com/en/players/e9254eec/Grant-Hanley","https://www.transfermarkt.com/grant-hanley/profil/spieler/121385",16,"No",NA,34,"17 years","2009",10,574,96,430,17,"right","Defender","188",17,188,2009,0.588235294117647,"right",0,"[15,18)","(185,203]","(9,57]","2000s","Scotland","UK_Ireland"
"Marlon Harewood","England  Barbados","https://fbref.com/en/players/34dab521/Marlon-Harewood","https://www.transfermarkt.com/marlon-harewood/profil/spieler/10011",18,"Yes",36,46,"18 years","1998",1,38,4,442,15,"right","Attack","185",18,185,1998,0.0666666666666667,"right",1,"[18,21)","(180,185]","[0,3]","1990s","England Barbados","UK_Ireland"
"Owen Hargreaves","England  Canada","https://fbref.com/en/players/1b2b5b86/Owen-Hargreaves","https://www.transfermarkt.com/owen-hargreaves/profil/spieler/201",12,"Yes",31,44,"19 years","2000",6,746,168,223,12,"N/A","Midfield","180",19,180,2000,0.5,"unknown",1,"[18,21)","[165,180]","(3,9]","2000s","England Canada","UK_Ireland"
"Steve Harper","England","https://fbref.com/en/players/a98f1d52/Steve-Harper","https://www.transfermarkt.com/steve-harper/profil/spieler/3562",19,"Yes",41,50,"23 years","1998",2,126,19,203,15,"right","Goalkeeper","188",23,188,1998,0.133333333333333,"right",1,"[21,24)","(185,203]","[0,3]","1990s","England","UK_Ireland"
"Joe Hart","England","https://fbref.com/en/players/cb4f24c6/Joe-Hart","https://www.transfermarkt.com/joe-hart/profil/spieler/40204",18,"Yes",37,38,"17 years","2004",3,27,8,638,20,"right","Goalkeeper","196",17,196,2004,0.15,"right",1,"[15,18)","(185,203]","[0,3]","2000s","England","UK_Ireland"
"John Heitinga","Netherlands","https://fbref.com/en/players/2661360d/John-Heitinga","https://www.transfermarkt.com/john-heitinga/profil/spieler/4315",15,"Yes",32,42,"17 years","2001",1,22,4,356,15,"right","Defender","180",17,180,2001,0.0666666666666667,"right",1,"[15,18)","[165,180]","[0,3]","2000s","Netherlands","EU_Major"
"Bjørn Helge Riise","Norway","https://fbref.com/en/players/831674a5/Bjorn-Helge-Riise","https://www.transfermarkt.com/bjrn-helge-riise/profil/spieler/13485",18,"Yes",40,42,"20 years","2003",1,32,8,299,16,"right","Midfield","175",20,175,2003,0.0625,"right",1,"[18,21)","[165,180]","[0,3]","2000s","Norway","Rest_of_World"
"Jordan Henderson","England","https://fbref.com/en/players/935e6b8f/Jordan-Henderson","https://www.transfermarkt.com/jordan-henderson/profil/spieler/61651",17,"No",NA,35,"18 years","2008",25,764,141,629,19,"right","Midfield","182",18,182,2008,1.31578947368421,"right",0,"[18,21)","(180,185]","(9,57]","2000s","England","UK_Ireland"
"Wayne Hennessey","Wales","https://fbref.com/en/players/76eca7e2/Wayne-Hennessey","https://www.transfermarkt.com/wayne-hennessey/profil/spieler/45494",18,"Yes",38,38,"19 years","2006",9,632,108,325,16,"right","Goalkeeper","196",19,196,2006,0.5625,"right",1,"[18,21)","(185,203]","(3,9]","2000s","Wales","UK_Ireland"
"Karl Henry","England  Jamaica","https://fbref.com/en/players/5eac3bb7/Karl-Henry","https://www.transfermarkt.com/karl-henry/profil/spieler/13582",17,"Yes",36,43,"19 years","2002",1,28,4,508,17,"right","Midfield","183",19,183,2002,0.0588235294117647,"right",1,"[18,21)","(180,185]","[0,3]","2000s","England Jamaica","UK_Ireland"
"Chris Herd","Australia  Scotland","https://fbref.com/en/players/3d5db1eb/Chris-Herd","https://www.transfermarkt.com/chris-herd/profil/spieler/61572",11,"Yes",32,36,"18 years","2007",5,294,47,128,11,"right","Midfield","173",18,173,2007,0.454545454545455,"right",1,"[18,21)","[165,180]","(3,9]","2000s","Australia Scotland","UK_Ireland"
"Javier Hernández","Mexico","https://fbref.com/en/players/189cee7b/Javier-Hernandez","https://www.transfermarkt.com/javier-hernndez/profil/spieler/50935",20,"No",NA,37,"18 years","2006",18,676,98,492,23,"right","Attack","175",18,175,2006,0.782608695652174,"right",0,"[18,21)","[165,180]","(9,57]","2000s","Mexico","Rest_of_World"
"Emile Heskey","England  Antigua and Barbuda","https://fbref.com/en/players/30184789/Emile-Heskey","https://www.transfermarkt.com/emile-heskey/profil/spieler/3142",21,"Yes",38,47,"16 years","1994",7,118,24,650,21,"right","Attack","192",16,192,1994,0.333333333333333,"right",1,"[15,18)","(185,203]","(3,9]","1990s","England Antigua and Barbuda","UK_Ireland"
"Tony Hibbert","England","https://fbref.com/en/players/c878c4bf/Tony-Hibbert","https://www.transfermarkt.com/tony-hibbert/profil/spieler/3614",15,"Yes",35,44,"19 years","2000",6,732,122,286,16,"right","Defender","172",19,172,2000,0.375,"right",1,"[18,21)","[165,180]","(3,9]","2000s","England","UK_Ireland"
"Danny Higginbotham","Gibraltar  England","https://fbref.com/en/players/688135a1/Danny-Higginbotham","https://www.transfermarkt.com/danny-higginbotham/profil/spieler/3686",16,"Yes",35,46,"18 years","1997",3,197,25,370,16,"left","Defender","185",18,185,1997,0.1875,"left",1,"[18,21)","(180,185]","[0,3]","1990s","Gibraltar England","UK_Ireland"
"Zavon Hines","Jamaica  England","https://fbref.com/en/players/29b8c15b/Zavon-Hines","https://www.transfermarkt.com/zavon-hines/profil/spieler/67081",11,"Yes",30,36,"18 years","2007",2,93,14,180,11,"right","Attack","178",18,178,2007,0.181818181818182,"right",1,"[18,21)","[165,180]","[0,3]","2000s","Jamaica England","UK_Ireland"
"Thomas Hitzlsperger","Germany","https://fbref.com/en/players/2757060a/Thomas-Hitzlsperger","https://www.transfermarkt.com/thomas-hitzlsperger/profil/spieler/1573",13,"Yes",31,43,"18 years","2000",6,423,100,271,13,"left","Midfield","183",18,183,2000,0.461538461538462,"left",1,"[18,21)","(180,185]","(3,9]","2000s","Germany","EU_Major"
"Alexander Hleb","Belarus","https://fbref.com/en/players/35cf43aa/Alexander-Hleb","https://www.transfermarkt.com/alexander-hleb/profil/spieler/597",21,"Yes",38,44,"19 years","2000",19,545,100,452,18,"N/A","Attack","185",19,185,2000,1.05555555555556,"unknown",1,"[18,21)","(180,185]","(9,57]","2000s","Belarus","Rest_of_World"
"Jonathan Hogg","England","https://fbref.com/en/players/9306d5ea/Jonathan-Hogg","https://www.transfermarkt.com/jonathan-hogg/profil/spieler/61573",16,"No",NA,37,"20 years","2009",9,186,22,506,16,"right","Midfield","170",20,170,2009,0.5625,"right",0,"[18,21)","[165,180]","(3,9]","2000s","England","UK_Ireland"
"Junior Hoilett","Canada  Jamaica","https://fbref.com/en/players/33af5b9e/Junior-Hoilett","https://www.transfermarkt.com/junior-hoilett/profil/spieler/58993",18,"No",NA,35,"17 years","2007",6,247,44,537,20,"right","Attack","174",17,174,2007,0.3,"right",0,"[15,18)","[165,180]","(3,9]","2000s","Canada Jamaica","Rest_of_World"
"Stuart Holden","United States  Scotland","https://fbref.com/en/players/b8e24504/Stuart-Holden","https://www.transfermarkt.com/stuart-holden/profil/spieler/30071",10,"Yes",30,40,"20 years","Not found",4,704,117,122,7,"both","Midfield","178",20,178,NA,0.571428571428571,"both",1,"[18,21)","[165,180]","(3,9]","NAs","United States Scotland","UK_Ireland"
"Tim Howard","United States  Hungary","https://fbref.com/en/players/c444465e/Tim-Howard","https://www.transfermarkt.com/tim-howard/profil/spieler/4267",22,"Yes",41,46,"18 years","Not found",4,208,26,626,24,"right","Goalkeeper","191",18,191,NA,0.166666666666667,"right",1,"[18,21)","(185,203]","(3,9]","NAs","United States Hungary","Rest_of_World"
"Tom Huddlestone","England","https://fbref.com/en/players/464cbbc9/Tom-Huddlestone","https://www.transfermarkt.com/tom-huddlestone/profil/spieler/13465",21,"Yes",37,38,"16 years","2003",7,539,142,542,20,"right","Midfield","190",16,190,2003,0.35,"right",1,"[15,18)","(185,203]","(3,9]","2000s","England","UK_Ireland"
"Aaron Hughes","Northern Ireland","https://fbref.com/en/players/dccccccc/Aaron-Hughes","https://www.transfermarkt.com/aaron-hughes/profil/spieler/3580",21,"Yes",39,46,"17 years","1997",7,173,31,576,23,"right","Defender","183",17,183,1997,0.304347826086957,"right",1,"[15,18)","(180,185]","(3,9]","1990s","Northern Ireland","UK_Ireland"
"Stephen Hunt","Ireland","https://fbref.com/en/players/51ac7604/Stephen-Hunt","https://www.transfermarkt.com/stephen-hunt/profil/spieler/36799",16,"Yes",34,44,"20 years","2002",2,530,53,387,14,"left","Midfield","172",20,172,2002,0.142857142857143,"left",1,"[18,21)","[165,180]","[0,3]","2000s","Ireland","UK_Ireland"
"James Hurst","England","https://fbref.com/en/players/a59de39b/James-Hurst","https://www.transfermarkt.com/james-hurst/profil/spieler/110863",15,"No",NA,33,"18 years","2010",0,0,0,114,8,"right","Defender","185",18,185,2010,0,"right",0,"[18,21)","(180,185]","[0,3]","2010s","England","UK_Ireland"
"Robert Huth","Germany","https://fbref.com/en/players/0bd1ea64/Robert-Huth","https://www.transfermarkt.com/robert-huth/profil/spieler/2998",16,"Yes",33,41,"16 years","2001",7,473,90,360,17,"N/A","Defender","191",16,191,2001,0.411764705882353,"unknown",1,"[15,18)","(185,203]","(3,9]","2000s","Germany","EU_Major"
"Alan Hutton","Scotland","https://fbref.com/en/players/688ae34c/Alan-Hutton","https://www.transfermarkt.com/alan-hutton/profil/spieler/9619",17,"Yes",35,41,"17 years","2002",7,2654,65,406,17,"right","Defender","185",17,185,2002,0.411764705882353,"right",1,"[15,18)","(180,185]","(3,9]","2000s","Scotland","UK_Ireland"
"Pablo Ibáñez","Spain","https://fbref.com/en/players/23ca89f2/Pablo-Ibanez","https://www.transfermarkt.com/pablo-ibez/profil/spieler/8116",10,"Yes",31,44,"20 years","2002",1,10,3,279,11,"right","Defender","192",20,192,2002,0.0909090909090909,"right",1,"[18,21)","(185,203]","[0,3]","2000s","Spain","EU_Major"
"Hérita Ilunga","DR Congo  France","https://fbref.com/en/players/1550f0e0/Herita-Ilunga","https://www.transfermarkt.com/hrita-ilunga/profil/spieler/17432",13,"Yes",34,43,"22 years","2004",2,26,4,299,11,"left","Defender","180",22,180,2004,0.181818181818182,"left",1,"[21,24)","[165,180]","[0,3]","2000s","DR Congo France","EU_Major"
"Stephen Ireland","Ireland","https://fbref.com/en/players/bcf30f17/Stephen-Ireland","https://www.transfermarkt.com/stephen-ireland/profil/spieler/34838",20,"No",NA,39,"18 years","2005",6,748,85,266,12,"right","Attack","173",18,173,2005,0.5,"right",0,"[18,21)","[165,180]","(3,9]","2000s","Ireland","UK_Ireland"
"Branislav Ivanović","Serbia","https://fbref.com/en/players/85f8571a/Branislav-Ivanovic","https://www.transfermarkt.com/branislav-ivanovi/profil/spieler/36827",17,"Yes",37,41,"21 years","Not found",6,113,23,527,17,"right","Defender","188",21,188,NA,0.352941176470588,"right",1,"[21,24)","(185,203]","(3,9]","NAs","Serbia","Rest_of_World"
"Jussi Jääskeläinen","Finland","https://fbref.com/en/players/340d2a24/Jussi-Jaaskelainen","https://www.transfermarkt.com/jussi-jskelinen/profil/spieler/3692",25,"Yes",42,50,"26 years","2001",1,70,13,494,17,"right","Goalkeeper","191",26,191,2001,0.0588235294117647,"right",1,"[24,30]","(185,203]","[0,3]","2000s","Finland","Rest_of_World"
"Lars Jacobsen","Denmark","https://fbref.com/en/players/bef72e41/Lars-Jacobsen","https://www.transfermarkt.com/lars-jacobsen/profil/spieler/1423",16,"Yes",36,46,"22 years","2002",4,378,93,344,14,"both","Defender","181",22,181,2002,0.285714285714286,"both",1,"[21,24)","(180,185]","(3,9]","2000s","Denmark","Rest_of_World"
"Phil Jagielka","England  Poland","https://fbref.com/en/players/3233eefd/Phil-Jagielka","https://www.transfermarkt.com/phil-jagielka/profil/spieler/13520",24,"Yes",41,43,"18 years","2001",15,689,131,687,22,"right","Defender","180",18,180,2001,0.681818181818182,"right",1,"[18,21)","[165,180]","(9,57]","2000s","England Poland","UK_Ireland"
"Gonzalo Jara","Chile","https://fbref.com/en/players/9b1b4782/Gonzalo-Jara","https://www.transfermarkt.com/gonzalo-jara/profil/spieler/40429",21,"Yes",38,40,"23 years","2009",10,207,32,273,17,"right","Defender","178",23,178,2009,0.588235294117647,"right",1,"[21,24)","[165,180]","(9,57]","2000s","Chile","Rest_of_World"
"Matthew Jarvis","England","https://fbref.com/en/players/02d6d2b4/Matthew-Jarvis","https://www.transfermarkt.com/matthew-jarvis/profil/spieler/15921",18,"Yes",35,39,"17 years","2003",7,710,105,408,18,"Not found","Attack","170",17,170,2003,0.388888888888889,"unknown",1,"[15,18)","[165,180]","(3,9]","2000s","England","UK_Ireland"
"Jermaine Jenas","England","https://fbref.com/en/players/3149f712/Jermaine-Jenas","https://www.transfermarkt.com/jermaine-jenas/profil/spieler/3461",14,"Yes",31,42,"18 years","2001",7,865,89,391,13,"right","Midfield","181",18,181,2001,0.538461538461538,"right",1,"[18,21)","(180,185]","(3,9]","2000s","England","UK_Ireland"
"Cameron Jerome","England  Grenada","https://fbref.com/en/players/680fb5ee/Cameron-Jerome","https://www.transfermarkt.com/cameron-jerome/profil/spieler/35855",19,"Yes",37,39,"17 years","2004",5,142,19,681,20,"right","Attack","185",17,185,2004,0.25,"right",1,"[15,18)","(180,185]","(3,9]","2000s","England Grenada","UK_Ireland"
"Martin Jiránek","Czech Republic","https://fbref.com/en/players/eb005dc3/Martin-Jiranek","https://www.transfermarkt.com/martin-jirnek/profil/spieler/6065",25,"Yes",45,46,"21 years","2000",0,0,0,374,19,"right","Defender","189",21,189,2000,0,"right",1,"[21,24)","(185,203]","[0,3]","2000s","Czech Republic","Rest_of_World"
"Jô","Brazil","https://fbref.com/en/players/e47d11f8/Jo","https://www.transfermarkt.com/j/profil/spieler/34156",22,"Yes",38,38,"18 years","Not found",5,213,21,381,18,"left","Attack","189",18,189,NA,0.277777777777778,"left",1,"[18,21)","(185,203]","(3,9]","NAs","Brazil","South_America"
"Adam Johnson","England","https://fbref.com/en/players/1ba61951/Adam-Johnson","https://www.transfermarkt.com/adam-johnson/profil/spieler/31579",10,"Yes",28,38,"18 years","2005",2,81,19,329,12,"left","Attack","181",18,181,2005,0.166666666666667,"left",1,"[18,21)","(180,185]","[0,3]","2000s","England","UK_Ireland"
"Andrew Johnson","England","https://fbref.com/en/players/facd1b3e/Andrew-Johnson","https://www.transfermarkt.com/andrew-johnson/profil/spieler/14031",16,"Yes",33,44,"20 years","2001",12,603,127,345,14,"right","Attack","170",20,170,2001,0.857142857142857,"right",1,"[18,21)","[165,180]","(9,57]","2000s","England","UK_Ireland"
"Eddie Johnson","United States","https://fbref.com/en/players/3552c7f5/Eddie-Johnson","https://www.transfermarkt.com/eddie-johnson/profil/spieler/38773",14,"Yes",31,41,"16 years","Not found",1,305,44,279,14,"right","Attack","183",16,183,NA,0.0714285714285714,"right",1,"[15,18)","(180,185]","[0,3]","NAs","United States","Rest_of_World"
"Glen Johnson","England","https://fbref.com/en/players/8cceca90/Glen-Johnson","https://www.transfermarkt.com/glen-johnson/profil/spieler/3881",15,"Yes",33,41,"17 years","2002",17,631,139,418,16,"both","Defender","182",17,182,2002,1.0625,"both",1,"[15,18)","(180,185]","(9,57]","2000s","England","UK_Ireland"
"Roger Johnson","England","https://fbref.com/en/players/f6e08a82/Roger-Johnson","https://www.transfermarkt.com/roger-johnson/profil/spieler/42751",13,"Yes",36,42,"19 years","2002",0,0,0,521,18,"right","Defender","191",19,191,2002,0,"right",1,"[18,21)","(185,203]","[0,3]","2000s","England","UK_Ireland"
"David Jones","England  Wales","https://fbref.com/en/players/2f0edbe7/David-Jones","https://www.transfermarkt.com/david-jones/profil/spieler/24634",17,"Yes",37,41,"20 years","2005",3,99,17,393,16,"left","Midfield","180",20,180,2005,0.1875,"left",1,"[18,21)","[165,180]","[0,3]","2000s","England Wales","UK_Ireland"
"Jermaine Jones","United States  Germany","https://fbref.com/en/players/0c577541/Jermaine-Jones","https://www.transfermarkt.com/jermaine-jones/profil/spieler/1321",19,"Yes",38,44,"18 years","2000",14,819,159,295,15,"both","Midfield","184",18,184,2000,0.933333333333333,"both",1,"[18,21)","(180,185]","(9,57]","2000s","United States Germany","EU_Major"
"Kenwyne Jones","Trinidad and Tobago","https://fbref.com/en/players/5f3b634e/Kenwyne-Jones","https://www.transfermarkt.com/kenwyne-jones/profil/spieler/28245",13,"Yes",33,41,"19 years","2004",2,226,38,369,13,"right","Attack","188",19,188,2004,0.153846153846154,"right",1,"[18,21)","(185,203]","[0,3]","2000s","Trinidad and Tobago","Rest_of_World"
"Phil Jones","England","https://fbref.com/en/players/def899bd/Phil-Jones","https://www.transfermarkt.com/phil-jones/profil/spieler/117996",14,"Yes",32,33,"17 years","2009",23,1239,254,255,12,"right","Defender","185",17,185,2009,1.91666666666667,"right",1,"[15,18)","(180,185]","(9,57]","2000s","England","UK_Ireland"
"Nigel de Jong","Netherlands  Suriname","https://fbref.com/en/players/a0e209bc/Nigel-de-Jong","https://www.transfermarkt.com/nigel-de-jong/profil/spieler/4672",19,"Yes",36,41,"17 years","2002",11,428,97,463,17,"right","Midfield","174",17,174,2002,0.647058823529412,"right",1,"[15,18)","[165,180]","(9,57]","2000s","Netherlands Suriname","EU_Major"
"Milan Jovanović","Serbia","https://fbref.com/en/players/bd89b75e/Milan-Jovanovic","https://www.transfermarkt.com/milan-jovanovi/profil/spieler/14933",11,"Yes",32,44,"22 years","Not found",3,56,9,226,9,"left","Attack","183",22,183,NA,0.333333333333333,"left",1,"[21,24)","(180,185]","[0,3]","NAs","Serbia","Rest_of_World"
"Younès Kaboul","France  Morocco","https://fbref.com/en/players/3680d723/Younes-Kaboul","https://www.transfermarkt.com/youns-kaboul/profil/spieler/27114",14,"Yes",32,39,"18 years","2004",12,769,143,277,14,"right","Defender","190",18,190,2004,0.857142857142857,"right",1,"[18,21)","(185,203]","(9,57]","2000s","France Morocco","EU_Major"
"Gaël Kakuta","DR Congo  France","https://fbref.com/en/players/5b1bf5e3/Gael-Kakuta","https://www.transfermarkt.com/gal-kakuta/profil/spieler/74297",16,"No",NA,34,"18 years","2009",25,603,115,347,17,"left","Attack","173",18,173,2009,1.47058823529412,"left",0,"[18,21)","[165,180]","(9,57]","2000s","DR Congo France","EU_Major"
"Nikola Kalinić","Croatia","https://fbref.com/en/players/d4931a5a/Nikola-Kalinic","https://www.transfermarkt.com/nikola-kalini/profil/spieler/36371",18,"Yes",36,37,"19 years","2007",15,338,54,447,17,"both","Attack","187",19,187,2007,0.882352941176471,"both",1,"[18,21)","(185,203]","(9,57]","2000s","Croatia","Rest_of_World"
"Salomon Kalou","Cote d'Ivoire","https://fbref.com/en/players/2042d931/Salomon-Kalou","https://www.transfermarkt.com/salomon-kalou/profil/spieler/7971",20,"Yes",38,40,"18 years","2004",14,160,16,546,17,"right","Attack","183",18,183,2004,0.823529411764706,"right",1,"[18,21)","(180,185]","(9,57]","2000s","Cote d'Ivoire","Rest_of_World"
"Diomansy Kamara","Senegal  France","https://fbref.com/en/players/71e8454e/Diomansy-Kamara","https://www.transfermarkt.com/diomansy-kamara/profil/spieler/6053",15,"Yes",35,45,"20 years","2001",3,321,49,348,15,"both","Attack","185",20,185,2001,0.2,"both",1,"[18,21)","(180,185]","[0,3]","2000s","Senegal France","EU_Major"
"Robbie Keane","Ireland","https://fbref.com/en/players/f45e1bb2/Robbie-Keane","https://www.transfermarkt.com/robbie-keane/profil/spieler/3144",20,"Yes",37,45,"19 years","1999",16,503,75,542,20,"right","Attack","175",19,175,1999,0.8,"right",1,"[18,21)","[165,180]","(9,57]","1990s","Ireland","UK_Ireland"
"Dekel Keinan","Israel","https://fbref.com/en/players/8e3c9fb3/Dekel-Keinan","https://www.transfermarkt.com/dekel-keinan/profil/spieler/24476",23,"No",NA,41,"25 years","2010",0,0,0,134,12,"left","Defender","184",25,184,2010,0,"left",0,"[24,30]","(180,185]","[0,3]","2010s","Israel","Rest_of_World"
"Martin Kelly","England","https://fbref.com/en/players/d7492450/Martin-Kelly","https://www.transfermarkt.com/martin-kelly/profil/spieler/78959",16,"Yes",35,35,"18 years","2008",13,602,129,215,16,"right","Defender","191",18,191,2008,0.8125,"right",1,"[18,21)","(185,203]","(9,57]","2000s","England","UK_Ireland"
"Stephen Kelly","Ireland","https://fbref.com/en/players/4d7dd756/Stephen-Kelly","https://www.transfermarkt.com/stephen-kelly/profil/spieler/12125",13,"Yes",33,42,"18 years","2002",4,61,12,292,15,"right","Defender","184",18,184,2002,0.266666666666667,"right",1,"[18,21)","(180,185]","(3,9]","2000s","Ireland","UK_Ireland"
"Andy Keogh","Ireland  Australia","https://fbref.com/en/players/c7e84594/Andy-Keogh","https://www.transfermarkt.com/andy-keogh/profil/spieler/29419",19,"No",NA,39,"18 years","2004",2,88,18,507,18,"right","Attack","183",18,183,2004,0.111111111111111,"right",0,"[18,21)","(180,185]","[0,3]","2000s","Ireland Australia","UK_Ireland"
"Michael Kightly","England","https://fbref.com/en/players/26e5c484/Michael-Kightly","https://www.transfermarkt.com/michael-kightly/profil/spieler/25366",15,"Yes",35,39,"16 years","2002",2,233,33,342,16,"right","Attack","175",16,175,2002,0.125,"right",1,"[15,18)","[165,180]","[0,3]","2000s","England","UK_Ireland"
"Ledley King","England  Antigua and Barbuda","https://fbref.com/en/players/83ca192d/Ledley-King","https://www.transfermarkt.com/ledley-king/profil/spieler/3360",13,"Yes",31,45,"17 years","1998",6,513,105,281,14,"right","Defender","188",17,188,1998,0.428571428571429,"right",1,"[15,18)","(185,203]","(3,9]","1990s","England Antigua and Barbuda","UK_Ireland"
"Richard Kingson","Ghana  Türkiye","https://fbref.com/en/players/05380aa0/Richard-Kingson","https://www.transfermarkt.com/richard-kingson/profil/spieler/7125",17,"Yes",37,47,"23 years","2001",5,68,10,75,8,"right","Goalkeeper","183",23,183,2001,0.625,"right",1,"[21,24)","(180,185]","(3,9]","2000s","Ghana Türkiye","Rest_of_World"
"Chris Kirkland","England","https://fbref.com/en/players/710265d2/Chris-Kirkland","https://www.transfermarkt.com/chris-kirkland/profil/spieler/3219",16,"Yes",35,44,"19 years","2000",2,112,5,300,16,"right","Goalkeeper","191",19,191,2000,0.125,"right",1,"[18,21)","(185,203]","[0,3]","2000s","England","UK_Ireland"
"Ivan Klasnić","Croatia","https://fbref.com/en/players/214ed478/Ivan-Klasnic","https://www.transfermarkt.com/ivan-klasni/profil/spieler/690",15,"Yes",33,45,"21 years","2001",10,530,112,287,12,"N/A","Attack","186",21,186,2001,0.833333333333333,"unknown",1,"[21,24)","(185,203]","(9,57]","2000s","Croatia","Rest_of_World"
"Zat Knight","England","https://fbref.com/en/players/607efc45/Zat-Knight","https://www.transfermarkt.com/zat-knight/profil/spieler/4012",14,"Yes",35,45,"21 years","2001",1,56,9,371,15,"right","Defender","198",21,198,2001,0.0666666666666667,"right",1,"[21,24)","(185,203]","[0,3]","2000s","England","UK_Ireland"
"Aleksandar Kolarov","Serbia","https://fbref.com/en/players/eda40760/Aleksandar-Kolarov","https://www.transfermarkt.com/aleksandar-kolarov/profil/spieler/46156",18,"Yes",36,40,"21 years","2007",13,239,42,451,15,"left","Defender","187",21,187,2007,0.866666666666667,"left",1,"[21,24)","(185,203]","(9,57]","2000s","Serbia","Rest_of_World"
"Vincent Kompany","Belgium  DR Congo","https://fbref.com/en/players/d2bff301/Vincent-Kompany","https://www.transfermarkt.com/vincent-kompany/profil/spieler/9594",17,"Yes",34,39,"17 years","2003",35,1437,248,471,17,"right","Defender","193",17,193,2003,2.05882352941176,"right",1,"[15,18)","(185,203]","(9,57]","2000s","Belgium DR Congo","EU_Major"
"Paul Konchesky","England","https://fbref.com/en/players/941bcf75/Paul-Konchesky","https://www.transfermarkt.com/paul-konchesky/profil/spieler/3296",21,"Yes",37,44,"17 years","1998",4,76,19,557,19,"left","Defender","178",17,178,1998,0.210526315789474,"left",1,"[15,18)","[165,180]","(3,9]","1990s","England","UK_Ireland"
"Laurent Koscielny","France  Poland","https://fbref.com/en/players/f5efb153/Laurent-Koscielny","https://www.transfermarkt.com/laurent-koscielny/profil/spieler/76277",17,"Yes",36,40,"23 years","2009",23,585,90,428,13,"right","Defender","186",23,186,2009,1.76923076923077,"right",1,"[21,24)","(185,203]","(9,57]","2000s","France Poland","EU_Major"
"Radoslav Kováč","Czech Republic","https://fbref.com/en/players/cf3f2f6d/Radoslav-Kovac","https://www.transfermarkt.com/radoslav-kov/profil/spieler/9702",18,"Yes",36,46,"25 years","Not found",1,32,7,280,19,"right","Defender","189",25,189,NA,0.0526315789473684,"right",1,"[24,30]","(185,203]","[0,3]","NAs","Czech Republic","Rest_of_World"
"Niko Kranjčar","Croatia","https://fbref.com/en/players/403d2184/Niko-Kranjcar","https://www.transfermarkt.com/niko-kranjar/profil/spieler/16746",14,"Yes",33,41,"21 years","2006",8,510,129,239,15,"both","Attack","186",21,186,2006,0.533333333333333,"both",1,"[21,24)","(185,203]","(3,9]","2000s","Croatia","Rest_of_World"
"Tim Krul","Netherlands","https://fbref.com/en/players/f23f9d20/Tim-Krul","https://www.transfermarkt.com/tim-krul/profil/spieler/33027",16,"Yes",37,37,"19 years","2007",10,805,136,405,18,"left","Goalkeeper","193",19,193,2007,0.555555555555556,"left",1,"[18,21)","(185,203]","(9,57]","2000s","Netherlands","EU_Major"
"Shefki Kuqi","Finland  Kosovo","https://fbref.com/en/players/1e05027f/Shefki-Kuqi","https://www.transfermarkt.com/shefki-kuqi/profil/spieler/12398",18,"Yes",36,49,"24 years","2001",0,0,0,405,14,"right","Attack","188",24,188,2001,0,"right",1,"[24,30]","(185,203]","[0,3]","2000s","Finland Kosovo","Rest_of_World"
"Tomasz Kuszczak","Poland  England","https://fbref.com/en/players/a924380b/Tomasz-Kuszczak","https://www.transfermarkt.com/tomasz-kuszczak/profil/spieler/1320",15,"Yes",37,43,"22 years","2004",1,24,3,276,14,"N/A","Goalkeeper","191",22,191,2004,0.0714285714285714,"unknown",1,"[21,24)","(185,203]","[0,3]","2000s","Poland England","UK_Ireland"
"Dirk Kuyt","Netherlands","https://fbref.com/en/players/cd53ecf4/Dirk-Kuyt","https://www.transfermarkt.com/dirk-kuyt/profil/spieler/4010",19,"Yes",37,45,"20 years","2000",11,141,34,654,17,"right","Attack","184",20,184,2000,0.647058823529412,"right",1,"[18,21)","(180,185]","(9,57]","2000s","Netherlands","EU_Major"
"Louis Laing","England","https://fbref.com/en/players/827ae666/Louis-Laing","https://www.transfermarkt.com/louis-laing/profil/spieler/110865",10,"Yes",28,32,"17 years","2010",3,73,8,129,9,"right","Defender","188",17,188,2010,0.333333333333333,"right",1,"[15,18)","(185,203]","[0,3]","2010s","England","UK_Ireland"
"Frank Lampard","England","https://fbref.com/en/players/268df6b1/Frank-Lampard","https://www.transfermarkt.com/frank-lampard/profil/spieler/3163",21,"Yes",38,47,"17 years","1995",14,397,93,763,22,"right","Midfield","184",17,184,1995,0.636363636363636,"right",1,"[15,18)","(180,185]","(9,57]","1990s","England","UK_Ireland"
"Sebastian Larsson","Sweden","https://fbref.com/en/players/b26efc36/Sebastian-Larsson","https://www.transfermarkt.com/sebastian-larsson/profil/spieler/31720",17,"Yes",37,40,"20 years","2005",2,110,20,535,18,"right","Midfield","178",20,178,2005,0.111111111111111,"right",1,"[18,21)","[165,180]","[0,3]","2000s","Sweden","Rest_of_World"
"Jens Lehmann","Germany","https://fbref.com/en/players/d1ca1129/Jens-Lehmann","https://www.transfermarkt.com/jens-lehmann/profil/spieler/122",23,"Yes",41,56,"21 years","1991",3,12,1,654,20,"N/A","Goalkeeper","190",21,190,1991,0.15,"unknown",1,"[21,24)","(185,203]","[0,3]","1990s","Germany","EU_Major"
"Lucas Leiva","Brazil  Italy","https://fbref.com/en/players/4c78b5ed/Lucas-Leiva","https://www.transfermarkt.com/lucas-leiva/profil/spieler/41414",17,"Yes",36,38,"20 years","2007",19,774,131,534,16,"right","Midfield","179",20,179,2007,1.1875,"right",1,"[18,21)","[165,180]","(9,57]","2000s","Brazil Italy","EU_Major"
"Aaron Lennon","England  Ireland","https://fbref.com/en/players/2ff964a0/Aaron-Lennon","https://www.transfermarkt.com/aaron-lennon/profil/spieler/14221",19,"Yes",35,38,"16 years","2003",8,373,79,555,19,"right","Attack","165",16,165,2003,0.421052631578947,"right",1,"[15,18)","[165,180]","(3,9]","2000s","England Ireland","UK_Ireland"
"Joleon Lescott","England","https://fbref.com/en/players/62393d3b/Joleon-Lescott","https://www.transfermarkt.com/joleon-lescott/profil/spieler/4241",17,"Yes",34,43,"18 years","2001",4,187,39,502,15,"left","Defender","188",18,188,2001,0.266666666666667,"left",1,"[18,21)","(185,203]","(3,9]","2000s","England","UK_Ireland"
"Eric Lichaj","United States  Poland","https://fbref.com/en/players/7636a420/Eric-Lichaj","https://www.transfermarkt.com/eric-lichaj/profil/spieler/61575",11,"Yes",32,37,"20 years","2009",1,36,5,331,12,"right","Defender","180",20,180,2009,0.0833333333333333,"right",1,"[18,21)","[165,180]","[0,3]","2000s","United States Poland","Rest_of_World"
"Amine Linganzi","Congo  France","https://fbref.com/en/players/e465378c/Amine-Linganzi","https://www.transfermarkt.com/amine-linganzi/profil/spieler/88596",11,"Yes",29,36,"18 years","2008",0,0,0,98,9,"right","Midfield","186",18,186,2008,0,"right",1,"[18,21)","(185,203]","[0,3]","2000s","Congo France","EU_Major"
"Jason Lowe","England","https://fbref.com/en/players/e000b843/Jason-Lowe","https://www.transfermarkt.com/jason-lowe/profil/spieler/117997",15,"No",NA,34,"18 years","2010",1,182,33,449,16,"right","Midfield","183",18,183,2010,0.0625,"right",0,"[18,21)","(180,185]","[0,3]","2010s","England","UK_Ireland"
"Kazenga LuaLua","DR Congo  England","https://fbref.com/en/players/d732d28a/Kazenga-LuaLua","https://www.transfermarkt.com/kazenga-lualua/profil/spieler/52576",18,"No",NA,35,"16 years","2007",3,254,31,316,17,"right","Attack","180",16,180,2007,0.176470588235294,"right",0,"[15,18)","[165,180]","[0,3]","2000s","DR Congo England","UK_Ireland"
"David Luiz","Brazil","https://fbref.com/en/players/c0e27d1a/David-Luiz","https://www.transfermarkt.com/david-luiz/profil/spieler/46741",19,"No",NA,38,"19 years","2006",30,703,134,590,21,"right","Defender","189",19,189,2006,1.42857142857143,"right",0,"[18,21)","(185,203]","(9,57]","2000s","Brazil","South_America"
"Peter Løvenkrands","Denmark","https://fbref.com/en/players/609f6984/Peter-Lovenkrands","https://www.transfermarkt.com/peter-lvenkrands/profil/spieler/9620",14,"Yes",34,45,"20 years","2000",2,25,5,320,14,"left","Attack","180",20,180,2000,0.142857142857143,"left",1,"[18,21)","[165,180]","[0,3]","2000s","Denmark","Rest_of_World"
"Federico Macheda","Italy","https://fbref.com/en/players/e14daddc/Federico-Macheda","https://www.transfermarkt.com/federico-macheda/profil/spieler/61887",17,"No",NA,34,"16 years","2008",9,134,25,353,18,"right","Attack","184",16,184,2008,0.5,"right",0,"[15,18)","(180,185]","(3,9]","2000s","Italy","EU_Major"
"Jean Makoun","Cameroon  France","https://fbref.com/en/players/728c9139/Jean-Makoun","https://www.transfermarkt.com/jean-makoun/profil/spieler/5648",17,"Yes",36,42,"19 years","2002",2,46,12,411,15,"right","Midfield","173",19,173,2002,0.133333333333333,"right",1,"[18,21)","[165,180]","[0,3]","2000s","Cameroon France","EU_Major"
"Steed Malbranque","France  Belgium","https://fbref.com/en/players/e3df61bc/Steed-Malbranque","https://www.transfermarkt.com/steed-malbranque/profil/spieler/3569",23,"Yes",41,45,"17 years","1997",3,25,5,580,21,"right","Midfield","168",17,168,1997,0.142857142857143,"right",1,"[15,18)","[165,180]","[0,3]","1990s","France Belgium","EU_Major"
"Florent Malouda","France  French Guiana","https://fbref.com/en/players/6fe6d820/Florent-Malouda","https://www.transfermarkt.com/florent-malouda/profil/spieler/5461",22,"Yes",38,45,"17 years","1997",8,177,45,546,17,"left","Attack","180",17,180,1997,0.470588235294118,"left",1,"[15,18)","[165,180]","(3,9]","1990s","France French Guiana","EU_Major"
"Michael Mancienne","Seychelles  England","https://fbref.com/en/players/2db3ae0a/Michael-Mancienne","https://www.transfermarkt.com/michael-mancienne/profil/spieler/38100",17,"Yes",35,37,"18 years","2006",8,461,111,375,18,"right","Defender","184",18,184,2006,0.444444444444444,"right",1,"[18,21)","(180,185]","(3,9]","2000s","Seychelles England","UK_Ireland"
"Obafemi Martins","Nigeria  Italy","https://fbref.com/en/players/70849fc2/Obafemi-Martins","https://www.transfermarkt.com/obafemi-martins/profil/spieler/5794",18,"Yes",36,41,"17 years","2002",13,1317,57,414,19,"N/A","Attack","170",17,170,2002,0.684210526315789,"unknown",1,"[15,18)","[165,180]","(9,57]","2000s","Nigeria Italy","EU_Major"
"Javier Mascherano","Argentina  Italy","https://fbref.com/en/players/5070881b/Javier-Mascherano","https://www.transfermarkt.com/javier-mascherano/profil/spieler/19981",17,"Yes",36,41,"22 years","2006",13,431,75,497,16,"right","Midfield","174",22,174,2006,0.8125,"right",1,"[21,24)","[165,180]","(9,57]","2000s","Argentina Italy","EU_Major"
"James McArthur","Scotland","https://fbref.com/en/players/cee31595/James-McArthur","https://www.transfermarkt.com/james-mcarthur/profil/spieler/41416",18,"Yes",35,38,"19 years","2007",6,246,36,493,16,"both","Midfield","178",19,178,2007,0.375,"both",1,"[18,21)","[165,180]","(3,9]","2000s","Scotland","UK_Ireland"
"Benni McCarthy","South Africa","https://fbref.com/en/players/a6f401c6/Benni-McCarthy","https://www.transfermarkt.com/benni-mccarthy/profil/spieler/3091",16,"Yes",35,48,"21 years","1999",2,84,17,339,14,"right","Attack","183",21,183,1999,0.142857142857143,"right",1,"[21,24)","(180,185]","[0,3]","1990s","South Africa","Rest_of_World"
"James McCarthy","Ireland  Scotland","https://fbref.com/en/players/64b08de7/James-McCarthy","https://www.transfermarkt.com/james-mccarthy/profil/spieler/45333",20,"No",NA,35,"16 years","2007",10,827,145,393,16,"right","Midfield","180",16,180,2007,0.625,"right",0,"[15,18)","[165,180]","(9,57]","2000s","Ireland Scotland","UK_Ireland"
"Josh McEachran","England  Scotland","https://fbref.com/en/players/48565585/Josh-McEachran","https://www.transfermarkt.com/josh-mceachran/profil/spieler/128905",15,"No",NA,32,"17 years","2010",5,687,72,351,16,"left","Midfield","178",17,178,2010,0.3125,"left",0,"[15,18)","[165,180]","(3,9]","2010s","England Scotland","UK_Ireland"
"James McFadden","Scotland","https://fbref.com/en/players/2cfdae75/James-McFadden","https://www.transfermarkt.com/james-mcfadden/profil/spieler/9956",17,"Yes",34,42,"17 years","2000",7,427,70,348,18,"left","Attack","178",17,178,2000,0.388888888888889,"left",1,"[15,18)","[165,180]","(3,9]","2000s","Scotland","UK_Ireland"
"Ryan McGivern","Northern Ireland","https://fbref.com/en/players/4c2e7e85/Ryan-McGivern","https://www.transfermarkt.com/ryan-mcgivern/profil/spieler/61632",16,"Yes",35,35,"18 years","2008",3,69,13,209,10,"left","Defender","188",18,188,2008,0.3,"left",1,"[18,21)","(185,203]","[0,3]","2000s","Northern Ireland","UK_Ireland"
"Callum McManaman","England  Ireland","https://fbref.com/en/players/1a5dbcc2/Callum-McManaman","https://www.transfermarkt.com/callum-mcmanaman/profil/spieler/61711",16,"No",NA,34,"17 years","2008",5,151,25,341,16,"right","Attack","174",17,174,2008,0.3125,"right",0,"[15,18)","[165,180]","(3,9]","2000s","England Ireland","UK_Ireland"
"Raul Meireles","Portugal","https://fbref.com/en/players/e767cd27/Raul-Meireles","https://www.transfermarkt.com/raul-meireles/profil/spieler/13168",14,"Yes",33,42,"20 years","2003",16,358,123,372,13,"both","Midfield","180",20,180,2003,1.23076923076923,"both",1,"[18,21)","[165,180]","(9,57]","2000s","Portugal","EU_Major"
"Abdoulaye Méïté","Cote d'Ivoire  France","https://fbref.com/en/players/2b548af1/Abdoulaye-Meite","https://www.transfermarkt.com/abdoulaye-mt/profil/spieler/5315",19,"Yes",37,45,"19 years","2000",2,108,20,351,17,"right","Defender","185",19,185,2000,0.117647058823529,"right",1,"[18,21)","(180,185]","[0,3]","2000s","Cote d'Ivoire France","EU_Major"
"John Mensah","Ghana","https://fbref.com/en/players/142ed694/John-Mensah","https://www.transfermarkt.com/john-mensah/profil/spieler/5917",17,"Yes",34,43,"18 years","2001",7,356,46,184,12,"right","Defender","177",18,177,2001,0.583333333333333,"right",1,"[18,21)","[165,180]","(3,9]","2000s","Ghana","Rest_of_World"
"David Meyler","Ireland","https://fbref.com/en/players/8ea6417a/David-Meyler","https://www.transfermarkt.com/david-meyler/profil/spieler/68183",11,"Yes",30,36,"20 years","2009",2,140,30,210,10,"right","Midfield","189",20,189,2009,0.2,"right",1,"[18,21)","(185,203]","[0,3]","2000s","Ireland","UK_Ireland"
"Simon Mignolet","Belgium","https://fbref.com/en/players/d436eb94/Simon-Mignolet","https://www.transfermarkt.com/simon-mignolet/profil/spieler/50219",18,"No",NA,37,"18 years","2006",8,260,46,532,19,"right","Goalkeeper","193",18,193,2006,0.421052631578947,"right",0,"[18,21)","(185,203]","(3,9]","2000s","Belgium","EU_Major"
"Nenad Milijaš","Serbia","https://fbref.com/en/players/10206347/Nenad-Milijas","https://www.transfermarkt.com/nenad-milija/profil/spieler/36123",15,"Yes",36,42,"25 years","2008",0,0,0,209,12,"left","Midfield","188",25,188,2008,0,"left",1,"[24,30]","(185,203]","[0,3]","2000s","Serbia","Rest_of_World"
"Ishmael Miller","England","https://fbref.com/en/players/58f1973e/Ishmael-Miller","https://www.transfermarkt.com/ishmael-miller/profil/spieler/38776",14,"Yes",33,38,"18 years","2005",1,173,28,250,13,"left","Attack","191",18,191,2005,0.0769230769230769,"left",1,"[18,21)","(185,203]","[0,3]","2000s","England","UK_Ireland"
"James Milner","England","https://fbref.com/en/players/2f90f6b8/James-Milner","https://www.transfermarkt.com/james-milner/profil/spieler/3333",23,"No",NA,39,"16 years","2002",27,814,140,813,25,"right","Midfield","176",16,176,2002,1.08,"right",0,"[15,18)","[165,180]","(9,57]","2000s","England","UK_Ireland"
"Luka Modrić","Croatia","https://fbref.com/en/players/6025fab1/Luka-Modric","https://www.transfermarkt.com/luka-modri/profil/spieler/27992",22,"No",NA,40,"21 years","2007",30,545,116,763,22,"right","Midfield","174",21,174,2007,1.36363636363636,"right",0,"[21,24)","[165,180]","(9,57]","2000s","Croatia","Rest_of_World"
"Josh Morris","England","https://fbref.com/en/players/6449a543/Josh-Morris","https://www.transfermarkt.com/josh-morris/profil/spieler/121391",15,"No",NA,34,"18 years","2010",2,170,31,325,13,"left","Midfield","180",18,180,2010,0.153846153846154,"left",0,"[18,21)","[165,180]","[0,3]","2010s","England","UK_Ireland"
"James Morrison","Scotland  England","https://fbref.com/en/players/21a66e33/James-Morrison","https://www.transfermarkt.com/james-morrison/profil/spieler/27614",16,"Yes",33,39,"17 years","2003",4,399,62,404,16,"right","Midfield","183",17,183,2003,0.25,"right",1,"[15,18)","(180,185]","(3,9]","2000s","Scotland England","UK_Ireland"
"Victor Moses","Nigeria  England","https://fbref.com/en/players/e726e11e/Victor-Moses","https://www.transfermarkt.com/victor-moses/profil/spieler/59866",18,"No",NA,34,"16 years","2007",20,811,139,454,18,"right","Attack","177",16,177,2007,1.11111111111111,"right",0,"[15,18)","[165,180]","(9,57]","2000s","Nigeria England","UK_Ireland"
"Steven Mouyokolo","France  Congo","https://fbref.com/en/players/6d60be73/Steven-Mouyokolo","https://www.transfermarkt.com/steven-mouyokolo/profil/spieler/58188",7,"Yes",27,38,"22 years","2009",3,241,43,31,4,"right","Defender","190",22,190,2009,0.75,"right",1,"[21,24)","(185,203]","[0,3]","2000s","France Congo","EU_Major"
"Fabrice Muamba","England  DR Congo","https://fbref.com/en/players/f5a2bebe/Fabrice-Muamba","https://www.transfermarkt.com/fabrice-muamba/profil/spieler/35586",6,"Yes",24,37,"18 years","2006",0,0,0,201,6,"right","Midfield","188",18,188,2006,0,"right",1,"[18,21)","(185,203]","[0,3]","2000s","England DR Congo","UK_Ireland"
"Geoffrey Mujangi Bia","Belgium  DR Congo","https://fbref.com/en/players/3a90713b/Geoffrey-Mujangi-Bia","https://www.transfermarkt.com/geoffrey-mujangi-bia/profil/spieler/45455",19,"No",NA,36,"16 years","2006",7,243,37,227,14,"right","Attack","175",16,175,2006,0.5,"right",0,"[15,18)","[165,180]","(3,9]","2000s","Belgium DR Congo","EU_Major"
"Youssouf Mulumbu","DR Congo  France","https://fbref.com/en/players/a275b145/Youssouf-Mulumbu","https://www.transfermarkt.com/youssouf-mulumbu/profil/spieler/45272",19,"No",NA,38,"19 years","2006",7,614,23,291,14,"right","Midfield","177",19,177,2006,0.5,"right",0,"[18,21)","[165,180]","(3,9]","2000s","DR Congo France","EU_Major"
"Sulley Muntari","Ghana","https://fbref.com/en/players/e185aa52/Sulley-Muntari","https://www.transfermarkt.com/sulley-muntari/profil/spieler/17129",19,"Yes",37,41,"17 years","2002",12,327,56,376,17,"left","Midfield","179",17,179,2002,0.705882352941177,"left",1,"[15,18)","[165,180]","(9,57]","2000s","Ghana","Rest_of_World"
"Danny Murphy","England","https://fbref.com/en/players/03a97c40/Danny-Murphy","https://www.transfermarkt.com/danny-murphy/profil/spieler/3221",16,"Yes",36,48,"20 years","1997",4,91,22,511,16,"right","Midfield","175",20,175,1997,0.25,"right",1,"[18,21)","[165,180]","(3,9]","1990s","England","UK_Ireland"
"David Murphy","England","https://fbref.com/en/players/b05e73d5/David-Murphy","https://www.transfermarkt.com/david-murphy/profil/spieler/3868",13,"Yes",30,41,"17 years","2001",2,329,38,243,12,"left","Defender","185",17,185,2001,0.166666666666667,"left",1,"[15,18)","(180,185]","[0,3]","2000s","England","UK_Ireland"
"Jordon Mutch","England","https://fbref.com/en/players/37c408cc/Jordon-Mutch","https://www.transfermarkt.com/jordon-mutch/profil/spieler/57207",16,"No",NA,34,"17 years","2009",11,657,114,250,15,"right","Midfield","175",17,175,2009,0.733333333333333,"right",0,"[15,18)","[165,180]","(9,57]","2000s","England","UK_Ireland"
"Boaz Myhill","Wales  United States","https://fbref.com/en/players/7ca2d989/Boaz-Myhill","https://www.transfermarkt.com/boaz-myhill/profil/spieler/3838",16,"Yes",36,43,"19 years","2002",3,130,21,398,17,"right","Goalkeeper","191",19,191,2002,0.176470588235294,"right",1,"[18,21)","(185,203]","[0,3]","2000s","Wales United States","UK_Ireland"
"David N'Gog","France  Cameroon","https://fbref.com/en/players/beec2968/David-NGog","https://www.transfermarkt.com/david-ngog/profil/spieler/41242",17,"Yes",34,36,"17 years","2006",1,216,8,282,14,"right","Attack","189",17,189,2006,0.0714285714285714,"right",1,"[15,18)","(185,203]","[0,3]","2000s","France Cameroon","EU_Major"
"Charles N'Zogbia","France  DR Congo","https://fbref.com/en/players/4e31f3e2/Charles-NZogbia","https://www.transfermarkt.com/charles-nzogbia/profil/spieler/22165",12,"Yes",30,39,"18 years","2004",7,3790,81,295,11,"left","Attack","170",18,170,2004,0.636363636363636,"left",1,"[18,21)","[165,180]","(3,9]","2000s","France DR Congo","EU_Major"
"Nani","Portugal  Cape Verde","https://fbref.com/en/players/15e9c7e6/Nani","https://www.transfermarkt.com/nani/profil/spieler/33706",20,"Yes",38,39,"18 years","2005",27,753,131,545,21,"both","Attack","175",18,175,2005,1.28571428571429,"both",1,"[18,21)","[165,180]","(9,57]","2000s","Portugal Cape Verde","EU_Major"
"Samir Nasri","France  Algeria","https://fbref.com/en/players/165bed61/Samir-Nasri","https://www.transfermarkt.com/samir-nasri/profil/spieler/18935",17,"Yes",34,38,"17 years","2004",30,1148,191,462,16,"right","Attack","175",17,175,2004,1.875,"right",1,"[15,18)","[165,180]","(9,57]","2000s","France Algeria","EU_Major"
"Ryan Nelsen","New Zealand","https://fbref.com/en/players/510f2c7c/Ryan-Nelsen","https://www.transfermarkt.com/ryan-nelsen/profil/spieler/28878",12,"Yes",35,48,"23 years","Not found",6,414,60,282,13,"right","Defender","185",23,185,NA,0.461538461538462,"right",1,"[21,24)","(180,185]","(3,9]","NAs","New Zealand","Rest_of_World"
"Gary Neville","England","https://fbref.com/en/players/1b013e33/Gary-Neville","https://www.transfermarkt.com/gary-neville/profil/spieler/3403",16,"Yes",35,50,"18 years","1993",3,377,79,512,19,"right","Defender","180",18,180,1993,0.157894736842105,"right",1,"[18,21)","[165,180]","[0,3]","1990s","England","UK_Ireland"
"Phil Neville","England","https://fbref.com/en/players/3db5e0ec/Phil-Neville","https://www.transfermarkt.com/phil-neville/profil/spieler/3404",18,"Yes",36,48,"17 years","1994",6,262,49,577,19,"right","Defender","180",17,180,1994,0.315789473684211,"right",1,"[15,18)","[165,180]","(3,9]","1990s","England","UK_Ireland"
"Mark Noble","England  Ireland","https://fbref.com/en/players/ff527768/Mark-Noble","https://www.transfermarkt.com/mark-noble/profil/spieler/31835",18,"Yes",35,38,"17 years","2004",13,283,53,521,18,"right","Midfield","180",17,180,2004,0.722222222222222,"right",1,"[15,18)","[165,180]","(9,57]","2000s","England Ireland","UK_Ireland"
"Kevin Nolan","England","https://fbref.com/en/players/3d307105/Kevin-Nolan","https://www.transfermarkt.com/kevin-nolan/profil/spieler/3950",19,"Yes",36,43,"19 years","2001",3,87,18,517,15,"right","Attack","183",19,183,2001,0.2,"right",1,"[18,21)","(180,185]","[0,3]","2000s","England","UK_Ireland"
"Frank Nouble","England  Cote d'Ivoire","https://fbref.com/en/players/0a8e46da/Frank-Nouble","https://www.transfermarkt.com/frank-nouble/profil/spieler/119123",17,"No",NA,34,"17 years","2009",1,45,7,487,16,"right","Attack","191",17,191,2009,0.0625,"right",0,"[15,18)","(185,203]","[0,3]","2000s","England Cote d'Ivoire","UK_Ireland"
"Steven Nzonzi","France  DR Congo","https://fbref.com/en/players/c7526c18/Steven-Nzonzi","https://www.transfermarkt.com/steven-nzonzi/profil/spieler/73734",17,"No",NA,36,"20 years","2009",5,55,11,499,15,"right","Midfield","197",20,197,2009,0.333333333333333,"right",0,"[18,21)","(185,203]","(3,9]","2000s","France DR Congo","EU_Major"
"Garry O'Connor","Scotland","https://fbref.com/en/players/07fffbc5/Garry-OConnor","https://www.transfermarkt.com/garry-oconnor/profil/spieler/15708",16,"Yes",33,42,"17 years","2000",2,160,29,293,15,"right","Attack","185",17,185,2000,0.133333333333333,"right",1,"[15,18)","(180,185]","[0,3]","2000s","Scotland","UK_Ireland"
"Jamie O'Hara","England","https://fbref.com/en/players/7578d85c/Jamie-OHara","https://www.transfermarkt.com/jamie-ohara/profil/spieler/38090",11,"Yes",32,39,"18 years","2005",4,73,16,227,13,"left","Midfield","180",18,180,2005,0.307692307692308,"left",1,"[18,21)","[165,180]","(3,9]","2000s","England","UK_Ireland"
"Gary O'Neil","England","https://fbref.com/en/players/754d4ac4/Gary-O'Neil","https://www.transfermarkt.com/gary-oneil/profil/spieler/3995",20,"Yes",36,42,"18 years","2001",4,335,50,491,18,"right","Midfield","178",18,178,2001,0.222222222222222,"right",1,"[18,21)","[165,180]","(3,9]","2000s","England","UK_Ireland"
"John O'Shea","Ireland","https://fbref.com/en/players/7c1f4685/John-OShea","https://www.transfermarkt.com/john-oshea/profil/spieler/3540",19,"Yes",38,44,"20 years","2001",6,247,29,579,18,"right","Defender","192",20,192,2001,0.333333333333333,"right",1,"[18,21)","(185,203]","(3,9]","2000s","Ireland","UK_Ireland"
"Gabriel Obertan","France  Guadeloupe","https://fbref.com/en/players/adc264a8/Gabriel-Obertan","https://www.transfermarkt.com/gabriel-obertan/profil/spieler/43261",19,"No",NA,36,"17 years","2006",8,537,104,344,18,"right","Attack","186",17,186,2006,0.444444444444444,"right",0,"[15,18)","(185,203]","(3,9]","2000s","France Guadeloupe","EU_Major"
"John Obi Mikel","Nigeria  England","https://fbref.com/en/players/424d5f72/John-Obi-Mikel","https://www.transfermarkt.com/john-obi-mikel/profil/spieler/30739",17,"Yes",35,38,"17 years","Not found",9,310,49,440,16,"right","Midfield","189",17,189,NA,0.5625,"right",1,"[15,18)","(185,203]","(3,9]","NAs","Nigeria England","UK_Ireland"
"Victor Obinna","Nigeria  Italy","https://fbref.com/en/players/c21b9d9d/Victor-Obinna","https://www.transfermarkt.com/victor-obinna/profil/spieler/35852",12,"Yes",30,38,"18 years","2005",3,145,12,233,12,"N/A","Attack","178",18,178,2005,0.25,"unknown",1,"[18,21)","[165,180]","[0,3]","2000s","Nigeria Italy","EU_Major"
"Peter Odemwingie","Nigeria  Russia","https://fbref.com/en/players/b16150ac/Peter-Odemwingie","https://www.transfermarkt.com/peter-odemwingie/profil/spieler/12516",16,"Yes",37,44,"22 years","2003",3,287,52,354,16,"right","Attack","182",22,182,2003,0.1875,"right",1,"[21,24)","(180,185]","[0,3]","2000s","Nigeria Russia","Rest_of_World"
"Jonas Olsson","Sweden","https://fbref.com/en/players/48844a9b/Jonas-Olsson","https://www.transfermarkt.com/jonas-olsson/profil/spieler/25248",16,"Yes",36,42,"19 years","Not found",7,261,57,448,18,"left","Defender","193",19,193,NA,0.388888888888889,"left",1,"[18,21)","(185,203]","(3,9]","NAs","Sweden","Rest_of_World"
"Martin Olsson","Sweden","https://fbref.com/en/players/2f72f79e/Martin-Olsson","https://www.transfermarkt.com/martin-olsson/profil/spieler/38073",18,"No",NA,37,"19 years","2007",11,577,101,431,22,"left","Defender","178",19,178,2007,0.5,"left",0,"[18,21)","[165,180]","(9,57]","2000s","Sweden","Rest_of_World"
"Nedum Onuoha","England  Nigeria","https://fbref.com/en/players/b28a0b5a/Nedum-Onuoha","https://www.transfermarkt.com/nedum-onuoha/profil/spieler/28810",17,"Yes",34,39,"17 years","2004",7,141,23,393,17,"right","Defender","188",17,188,2004,0.411764705882353,"right",1,"[15,18)","(185,203]","(3,9]","2000s","England Nigeria","UK_Ireland"
"Brett Ormerod","England","https://fbref.com/en/players/fde1ce8d/Brett-Ormerod","https://www.transfermarkt.com/brett-ormerod/profil/spieler/4113",14,"Yes",39,49,"24 years","2001",0,0,0,357,13,"right","Attack","180",24,180,2001,0,"right",1,"[24,30]","[165,180]","[0,3]","2000s","England","UK_Ireland"
"Leon Osman","England","https://fbref.com/en/players/a014c247/Leon-Osman","https://www.transfermarkt.com/leon-osman/profil/spieler/3620",14,"Yes",35,44,"21 years","2002",7,168,41,411,14,"right","Midfield","174",21,174,2002,0.5,"right",1,"[21,24)","[165,180]","(3,9]","2000s","England","UK_Ireland"
"Michael Owen","England","https://fbref.com/en/players/88b3f52c/Michael-Owen","https://www.transfermarkt.com/michael-owen/profil/spieler/1397",16,"Yes",33,45,"16 years","1996",9,877,165,424,17,"both","Attack","172",16,172,1996,0.529411764705882,"both",1,"[15,18)","[165,180]","(3,9]","1990s","England","UK_Ireland"
"Daniel Pacheco","Spain","https://fbref.com/en/players/5b2a4b8d/Daniel-Pacheco","https://www.transfermarkt.com/daniel-pacheco/profil/spieler/28285",16,"No",NA,34,"18 years","2009",6,234,32,320,16,"both","Attack","168",18,168,2009,0.375,"both",0,"[18,21)","[165,180]","(3,9]","2000s","Spain","EU_Major"
"John Paintsil","Ghana","https://fbref.com/en/players/2def72a3/John-Paintsil","https://www.transfermarkt.com/john-paintsil/profil/spieler/35235",14,"Yes",35,44,"25 years","2006",1,94,29,123,9,"right","Defender","178",25,178,2006,0.111111111111111,"right",1,"[24,30]","[165,180]","[0,3]","2000s","Ghana","Rest_of_World"
"Wilson Palacios","Honduras","https://fbref.com/en/players/58df81fc/Wilson-Palacios","https://www.transfermarkt.com/wilson-palacios/profil/spieler/58361",12,"Yes",35,41,"23 years","2007",0,0,0,180,9,"right","Midfield","178",23,178,2007,0,"right",1,"[21,24)","[165,180]","[0,3]","2000s","Honduras","Rest_of_World"
"Scott Parker","England","https://fbref.com/en/players/65faf2a1/Scott-Parker","https://www.transfermarkt.com/scott-parker/profil/spieler/3785",20,"Yes",36,45,"17 years","1998",8,339,71,484,18,"right","Midfield","175",17,175,1998,0.444444444444444,"right",1,"[15,18)","[165,180]","(3,9]","1990s","England","UK_Ireland"
"Stuart Parnaby","England","https://fbref.com/en/players/389cc3d7/Stuart-Parnaby","https://www.transfermarkt.com/stuart-parnaby/profil/spieler/3866",13,"Yes",33,43,"20 years","2002",0,0,0,176,12,"right","Defender","178",20,178,2002,0,"right",1,"[18,21)","[165,180]","[0,3]","2000s","England","UK_Ireland"
"Roman Pavlyuchenko","Russia","https://fbref.com/en/players/fd7afe52/Roman-Pavlyuchenko","https://www.transfermarkt.com/roman-pavlyuchenko/profil/spieler/15072",23,"Yes",40,43,"19 years","Not found",6,132,19,396,20,"right","Attack","188",19,188,NA,0.3,"right",1,"[18,21)","(185,203]","(3,9]","NAs","Russia","Rest_of_World"
"Jermaine Pennant","England  Jamaica","https://fbref.com/en/players/c6043950/Jermaine-Pennant","https://www.transfermarkt.com/jermaine-pennant/profil/spieler/3195",17,"Yes",35,42,"18 years","2001",3,36,8,340,16,"right","Attack","175",18,175,2001,0.1875,"right",1,"[18,21)","[165,180]","[0,3]","2000s","England Jamaica","UK_Ireland"
"James Perch","England  Jamaica","https://fbref.com/en/players/c461de51/James-Perch","https://www.transfermarkt.com/james-perch/profil/spieler/49409",21,"Yes",39,40,"18 years","2004",1,311,51,596,19,"right","Defender","180",18,180,2004,0.0526315789473684,"right",1,"[18,21)","[165,180]","[0,3]","2000s","England Jamaica","UK_Ireland"
"Robin van Persie","Netherlands","https://fbref.com/en/players/3fcab3a8/Robin-van-Persie","https://www.transfermarkt.com/robin-van-persie/profil/spieler/4380",17,"Yes",35,42,"17 years","2001",30,741,150,520,18,"left","Attack","186",17,186,2001,1.66666666666667,"left",1,"[15,18)","(185,203]","(9,57]","2000s","Netherlands","EU_Major"
"Martin Petrov","Bulgaria","https://fbref.com/en/players/011360ce/Martin-Petrov","https://www.transfermarkt.com/martin-petrov/profil/spieler/670",15,"Yes",35,46,"22 years","2001",4,194,39,327,15,"N/A","Attack","179",22,179,2001,0.266666666666667,"unknown",1,"[21,24)","[165,180]","(3,9]","2000s","Bulgaria","Rest_of_World"
"Stiliyan Petrov","Bulgaria","https://fbref.com/en/players/61e5c1a8/Stiliyan-Petrov","https://www.transfermarkt.com/stiliyan-petrov/profil/spieler/3252",17,"Yes",37,46,"21 years","2000",2,1543,5,438,14,"right","Midfield","180",21,180,2000,0.142857142857143,"right",1,"[21,24)","[165,180]","[0,3]","2000s","Bulgaria","Rest_of_World"
"Kevin Phillips","England","https://fbref.com/en/players/23d97ca1/Kevin-Phillips","https://www.transfermarkt.com/kevin-phillips/profil/spieler/3131",18,"Yes",40,52,"26 years","1999",1,32,4,452,15,"right","Attack","170",26,170,1999,0.0666666666666667,"right",1,"[24,30]","[165,180]","[0,3]","1990s","England","UK_Ireland"
"Matt Phillips","Scotland  England","https://fbref.com/en/players/7bb5f40e/Matt-Phillips","https://www.transfermarkt.com/matt-phillips/profil/spieler/77274",15,"No",NA,34,"16 years","2007",7,427,67,561,19,"right","Attack","183",16,183,2007,0.368421052631579,"right",0,"[15,18)","(180,185]","(3,9]","2000s","Scotland England","UK_Ireland"
"Steven Pienaar","South Africa","https://fbref.com/en/players/8056f6e6/Steven-Pienaar","https://www.transfermarkt.com/steven-pienaar/profil/spieler/4321",16,"Yes",35,43,"19 years","2001",10,607,102,389,17,"both","Midfield","170",19,170,2001,0.588235294117647,"both",1,"[18,21)","[165,180]","(9,57]","2000s","South Africa","Rest_of_World"
"Robert Pirès","France  Portugal","https://fbref.com/en/players/59bfafcf/Robert-Pires","https://www.transfermarkt.com/robert-pirs/profil/spieler/3185",22,"Yes",41,52,"21 years","1995",2,420,82,579,16,"right","Midfield","185",21,185,1995,0.125,"right",1,"[21,24)","(180,185]","[0,3]","1990s","France Portugal","EU_Major"
"Mike Pollitt","England","https://fbref.com/en/players/a31d9d81/Mike-Pollitt","https://www.transfermarkt.com/mike-pollitt/profil/spieler/32217",13,"Yes",42,53,"29 years","2001",1,198,22,218,11,"right","Goalkeeper","193",29,193,2001,0.0909090909090909,"right",1,"[24,30]","(185,203]","[0,3]","2000s","England","UK_Ireland"
"Christian Poulsen","Denmark","https://fbref.com/en/players/4b83b362/Christian-Poulsen","https://www.transfermarkt.com/christian-poulsen/profil/spieler/1443",15,"Yes",36,45,"22 years","2002",4,94,21,411,14,"N/A","Midfield","182",22,182,2002,0.285714285714286,"unknown",1,"[21,24)","(180,185]","(3,9]","2000s","Denmark","Rest_of_World"
"Danny Pugh","England","https://fbref.com/en/players/7f60e79c/Danny-Pugh","https://www.transfermarkt.com/danny-pugh/profil/spieler/3546",20,"Yes",39,43,"19 years","2002",0,0,0,377,17,"left","Defender","183",19,183,2002,0,"left",1,"[18,21)","(180,185]","[0,3]","2000s","England","UK_Ireland"
"Jason Puncheon","England  Jamaica","https://fbref.com/en/players/fd3f57ce/Jason-Puncheon","https://www.transfermarkt.com/jason-puncheon/profil/spieler/47995",21,"Yes",38,39,"17 years","2003",2,278,29,436,15,"left","Midfield","173",17,173,2003,0.133333333333333,"left",1,"[15,18)","[165,180]","[0,3]","2000s","England Jamaica","UK_Ireland"
"Paul Rachubka","England  United States","https://fbref.com/en/players/f3229025/Paul-Rachubka","https://www.transfermarkt.com/paul-rachubka/profil/spieler/4098",18,"Yes",37,44,"19 years","2000",1,168,25,328,16,"right","Goalkeeper","185",19,185,2000,0.0625,"right",1,"[18,21)","(180,185]","[0,3]","2000s","England United States","UK_Ireland"
"Ramires","Brazil","https://fbref.com/en/players/4cce2c67/Ramires","https://www.transfermarkt.com/ramires/profil/spieler/54170",13,"Yes",33,38,"22 years","2009",3,75,12,335,11,"right","Midfield","180",22,180,2009,0.272727272727273,"right",1,"[21,24)","[165,180]","[0,3]","2000s","Brazil","South_America"
"Aaron Ramsey","Wales","https://fbref.com/en/players/ef619b0b/Aaron-Ramsey","https://www.transfermarkt.com/aaron-ramsey/profil/spieler/50057",18,"No",NA,34,"16 years","2007",35,1369,263,505,19,"right","Midfield","182",16,182,2007,1.84210526315789,"right",0,"[15,18)","(180,185]","(9,57]","2000s","Wales","UK_Ireland"
"Nile Ranger","England  Jamaica","https://fbref.com/en/players/161e95ac/Nile-Ranger","https://www.transfermarkt.com/nile-ranger/profil/spieler/88750",16,"No",NA,34,"18 years","2009",1,76,14,155,11,"right","Attack","188",18,188,2009,0.0909090909090909,"right",0,"[18,21)","(185,203]","[0,3]","2000s","England Jamaica","UK_Ireland"
"Andy Reid","Ireland","https://fbref.com/en/players/8c4c0cf8/Andy-Reid","https://www.transfermarkt.com/andy-reid/profil/spieler/10008",16,"Yes",34,43,"19 years","2001",4,4196,114,395,14,"left","Midfield","175",19,175,2001,0.285714285714286,"left",1,"[18,21)","[165,180]","(3,9]","2000s","Ireland","UK_Ireland"
"Steven Reid","Ireland  England","https://fbref.com/en/players/e26f852b/Steven-Reid","https://www.transfermarkt.com/steven-reid/profil/spieler/7330",14,"Yes",34,44,"20 years","2001",6,519,89,262,14,"right","Defender","185",20,185,2001,0.428571428571429,"right",1,"[18,21)","(180,185]","(3,9]","2000s","Ireland England","UK_Ireland"
"Winston Reid","New Zealand  Denmark","https://fbref.com/en/players/562eed5c/Winston-Reid","https://www.transfermarkt.com/winston-reid/profil/spieler/37526",17,"Yes",34,37,"17 years","2005",15,1071,157,313,16,"right","Defender","190",17,190,2005,0.9375,"right",1,"[15,18)","(185,203]","(9,57]","2000s","New Zealand Denmark","Rest_of_World"
"Pepe Reina","Spain","https://fbref.com/en/players/e358587b/Pepe-Reina","https://www.transfermarkt.com/pepe-reina/profil/spieler/7825",24,"Yes",42,43,"17 years","2000",8,212,45,840,25,"right","Goalkeeper","188",17,188,2000,0.32,"right",1,"[15,18)","(185,203]","(3,9]","2000s","Spain","EU_Major"
"Nigel Reo-Coker","England  Sierra Leone","https://fbref.com/en/players/110d0643/Nigel-Reo-Coker","https://www.transfermarkt.com/nigel-reo-coker/profil/spieler/14060",17,"Yes",34,41,"17 years","2001",3,71,14,414,16,"right","Midfield","172",17,172,2001,0.1875,"right",1,"[15,18)","[165,180]","[0,3]","2000s","England Sierra Leone","UK_Ireland"
"Micah Richards","England  St. Kitts & Nevis","https://fbref.com/en/players/ff87875a/Micah-Richards","https://www.transfermarkt.com/micah-richards/profil/spieler/32617",14,"Yes",31,37,"17 years","2005",13,460,114,255,13,"right","Defender","180",17,180,2005,1,"right",1,"[15,18)","[165,180]","(9,57]","2000s","England St. Kitts & Nevis","UK_Ireland"
"Kieran Richardson","England","https://fbref.com/en/players/d2bf40b4/Kieran-Richardson","https://www.transfermarkt.com/kieran-richardson/profil/spieler/3548",14,"Yes",32,41,"17 years","2002",9,233,41,293,14,"left","Defender","175",17,175,2002,0.642857142857143,"left",1,"[15,18)","[165,180]","(3,9]","2000s","England","UK_Ireland"
"Sam Ricketts","Wales  England","https://fbref.com/en/players/3f8ef948/Sam-Ricketts","https://www.transfermarkt.com/sam-ricketts/profil/spieler/30434",11,"Yes",35,44,"20 years","2002",1,313,44,409,14,"N/A","Defender","185",20,185,2002,0.0714285714285714,"unknown",1,"[18,21)","(180,185]","[0,3]","2000s","Wales England","UK_Ireland"
"Liam Ridgewell","England","https://fbref.com/en/players/7c9e057e/Liam-Ridgewell","https://www.transfermarkt.com/liam-ridgewell/profil/spieler/4070",16,"Yes",35,41,"18 years","2002",9,511,72,432,21,"both","Defender","188",18,188,2002,0.428571428571429,"both",1,"[18,21)","(185,203]","(3,9]","2000s","England","UK_Ireland"
"Cristian Riveros","Paraguay","https://fbref.com/en/players/49ad3514/Cristian-Riveros","https://www.transfermarkt.com/cristian-riveros/profil/spieler/37713",17,"Yes",42,43,"24 years","2007",0,0,0,446,17,"right","Midfield","179",24,179,2007,0,"right",1,"[24,30]","[165,180]","[0,3]","2000s","Paraguay","Rest_of_World"
"Jason Roberts","Grenada  England","https://fbref.com/en/players/62487637/Jason-Roberts","https://www.transfermarkt.com/jason-roberts/profil/spieler/3666",14,"Yes",36,47,"23 years","2001",1,468,65,314,12,"right","Attack","185",23,185,2001,0.0833333333333333,"right",1,"[21,24)","(180,185]","[0,3]","2000s","Grenada England","UK_Ireland"
"Paul Robinson","England","https://fbref.com/en/players/3515ba56/Paul-Robinson","https://www.transfermarkt.com/paul-robinson/profil/spieler/3630",18,"Yes",37,46,"18 years","1998",8,365,60,452,16,"right","Goalkeeper","193",18,193,1998,0.5,"right",1,"[18,21)","(185,203]","(3,9]","1990s","England","UK_Ireland"
"Rubén Rochina","Spain","https://fbref.com/en/players/ecd8c01e/Ruben-Rochina","https://www.transfermarkt.com/rubn-rochina/profil/spieler/67548",15,"No",NA,34,"19 years","2010",12,396,60,293,13,"left","Attack","182",19,182,2010,0.923076923076923,"left",0,"[18,21)","(180,185]","(9,57]","2010s","Spain","EU_Major"
"Hugo Rodallega","Colombia","https://fbref.com/en/players/9683d0b2/Hugo-Rodallega","https://www.transfermarkt.com/hugo-rodallega/profil/spieler/37934",20,"No",NA,40,"20 years","2005",8,189,31,648,21,"right","Attack","180",20,180,2005,0.380952380952381,"right",0,"[18,21)","[165,180]","(3,9]","2000s","Colombia","Rest_of_World"
"Maxi Rodríguez","Argentina  Spain","https://fbref.com/en/players/4f06b1e0/Maxi-Rodriguez","https://www.transfermarkt.com/maxi-rodrguez/profil/spieler/7895",21,"Yes",40,44,"21 years","2002",8,84,17,502,20,"right","Attack","180",21,180,2002,0.4,"right",1,"[21,24)","[165,180]","(3,9]","2000s","Argentina Spain","EU_Major"
"Jack Rodwell","England","https://fbref.com/en/players/a07579ee/Jack-Rodwell","https://www.transfermarkt.com/jack-rodwell/profil/spieler/57079",18,"Yes",34,34,"16 years","2007",14,576,122,245,17,"right","Defender","188",16,188,2007,0.823529411764706,"right",1,"[15,18)","(185,203]","(9,57]","2000s","England","UK_Ireland"
"Wayne Rooney","England","https://fbref.com/en/players/f07be45a/Wayne-Rooney","https://www.transfermarkt.com/wayne-rooney/profil/spieler/3332",19,"Yes",35,40,"16 years","2002",26,478,153,694,20,"right","Attack","176",16,176,2002,1.3,"right",1,"[15,18)","[165,180]","(9,57]","2000s","England","UK_Ireland"
"Danny Rose","England  Jamaica","https://fbref.com/en/players/89d10e53/Danny-Rose","https://www.transfermarkt.com/danny-rose/profil/spieler/50174",15,"Yes",33,35,"18 years","2008",7,486,107,283,14,"left","Defender","173",18,173,2008,0.5,"left",1,"[18,21)","[165,180]","(3,9]","2000s","England Jamaica","UK_Ireland"
"Tomáš Rosický","Czech Republic","https://fbref.com/en/players/dbb688e3/Tomas-Rosicky","https://www.transfermarkt.com/tom-rosick/profil/spieler/132",19,"Yes",37,45,"19 years","2000",16,1317,268,416,18,"both","Attack","180",19,180,2000,0.888888888888889,"both",1,"[18,21)","[165,180]","(9,57]","2000s","Czech Republic","Rest_of_World"
"Wayne Routledge","England  Jamaica","https://fbref.com/en/players/1d387eee/Wayne-Routledge","https://www.transfermarkt.com/wayne-routledge/profil/spieler/14066",20,"Yes",36,40,"16 years","2001",5,310,24,549,20,"right","Attack","169",16,169,2001,0.25,"right",1,"[15,18)","[165,180]","(3,9]","2000s","England Jamaica","UK_Ireland"
"Bacary Sagna","France  Senegal","https://fbref.com/en/players/6ef56efd/Bacary-Sagna","https://www.transfermarkt.com/bacary-sagna/profil/spieler/26764",15,"Yes",36,42,"21 years","2004",17,700,131,488,16,"right","Defender","176",21,176,2004,1.0625,"right",1,"[21,24)","[165,180]","(9,57]","2000s","France Senegal","EU_Major"
"Louis Saha","France  Guadeloupe","https://fbref.com/en/players/7106e4fe/Louis-Saha","https://www.transfermarkt.com/louis-saha/profil/spieler/4015",16,"Yes",35,47,"18 years","1997",7,331,80,371,15,"left","Attack","183",18,183,1997,0.466666666666667,"left",1,"[18,21)","(180,185]","(3,9]","1990s","France Guadeloupe","EU_Major"
"Carlos Salcido","Mexico","https://fbref.com/en/players/190bc058/Carlos-Salcido","https://www.transfermarkt.com/carlos-salcido/profil/spieler/31434",18,"Yes",39,45,"23 years","2003",1,14,2,493,17,"right","Defender","176",23,176,2003,0.0588235294117647,"right",1,"[21,24)","[165,180]","[0,3]","2000s","Mexico","Rest_of_World"
"Míchel Salgado","Spain","https://fbref.com/en/players/68f36bc6/Michel-Salgado","https://www.transfermarkt.com/mchel-salgado/profil/spieler/7515",23,"Yes",42,50,"18 years","1994",1,72,12,496,17,"right","Defender","174",18,174,1994,0.0588235294117647,"right",1,"[18,21)","[165,180]","[0,3]","1990s","Spain","EU_Major"
"Christopher Samba","Congo  France","https://fbref.com/en/players/e43cada1/Christopher-Samba","https://www.transfermarkt.com/christopher-samba/profil/spieler/29016",15,"Yes",34,41,"21 years","2005",7,365,47,303,13,"N/A","Defender","195",21,195,2005,0.538461538461538,"unknown",1,"[21,24)","(185,203]","(3,9]","2000s","Congo France","EU_Major"
"Conor Sammon","Ireland","https://fbref.com/en/players/70c3608c/Conor-Sammon","https://www.transfermarkt.com/conor-sammon/profil/spieler/68331",21,"No",NA,39,"21 years","2008",2,27,2,330,12,"right","Attack","188",21,188,2008,0.166666666666667,"right",0,"[21,24)","(185,203]","[0,3]","2000s","Ireland","UK_Ireland"
"Tuncay Şanlı","Türkiye","https://fbref.com/en/players/e7a2dc67/Tuncay-Sanli","https://www.transfermarkt.com/tuncay-anl/profil/spieler/6934",13,"Yes",33,43,"20 years","2002",5,134,26,363,13,"both","Attack","182",20,182,2002,0.384615384615385,"both",1,"[18,21)","(180,185]","(3,9]","2000s","Türkiye","Rest_of_World"
"Roque Santa Cruz","Paraguay  Spain","https://fbref.com/en/players/7f2107eb/Roque-Santa-Cruz","https://www.transfermarkt.com/roque-santa-cruz/profil/spieler/215",26,"No",NA,44,"17 years","1999",15,696,110,777,27,"right","Attack","191",17,191,1999,0.555555555555556,"right",0,"[15,18)","(185,203]","(9,57]","1990s","Paraguay Spain","EU_Major"
"Paul Scharner","Austria","https://fbref.com/en/players/d8bcce3d/Paul-Scharner","https://www.transfermarkt.com/paul-scharner/profil/spieler/2953",20,"Yes",39,45,"23 years","2003",5,124,22,291,13,"N/A","Midfield","191",23,191,2003,0.384615384615385,"unknown",1,"[21,24)","(185,203]","(3,9]","2000s","Austria","Rest_of_World"
"Paul Scholes","England","https://fbref.com/en/players/24a3a72c/Paul-Scholes","https://www.transfermarkt.com/paul-scholes/profil/spieler/3397",19,"Yes",38,51,"19 years","1994",5,299,60,627,19,"right","Midfield","171",19,171,1994,0.263157894736842,"right",1,"[18,21)","[165,180]","(3,9]","1990s","England","UK_Ireland"
"Mark Schwarzer","Australia  Germany","https://fbref.com/en/players/da409c6f/Mark-Schwarzer","https://www.transfermarkt.com/mark-schwarzer/profil/spieler/3357",21,"Yes",43,53,"21 years","1994",3,84,18,568,21,"N/A","Goalkeeper","194",21,194,1994,0.142857142857143,"unknown",1,"[21,24)","(185,203]","[0,3]","1990s","Australia Germany","EU_Major"
"Freddie Sears","England","https://fbref.com/en/players/07059b2e/Freddie-Sears","https://www.transfermarkt.com/freddie-sears/profil/spieler/70714",18,"No",NA,36,"17 years","2007",2,338,50,504,18,"right","Attack","170",17,170,2007,0.111111111111111,"right",0,"[15,18)","[165,180]","[0,3]","2000s","England","UK_Ireland"
"Philippe Senderos","Switzerland  Spain","https://fbref.com/en/players/b1d82fc2/Philippe-Senderos","https://www.transfermarkt.com/philippe-senderos/profil/spieler/4277",17,"Yes",34,40,"19 years","2004",18,844,239,211,16,"right","Defender","189",19,189,2004,1.125,"right",1,"[18,21)","(185,203]","(9,57]","2000s","Switzerland Spain","EU_Major"
"Stéphane Sessègnon","Benin","https://fbref.com/en/players/35c5f9b1/Stephane-Sessegnon","https://www.transfermarkt.com/stphane-sessgnon/profil/spieler/37157",21,"Yes",40,41,"22 years","2006",4,93,14,420,13,"right","Attack","168",22,168,2006,0.307692307692308,"right",1,"[21,24)","[165,180]","(3,9]","2000s","Benin","Rest_of_World"
"Ryan Shawcross","England  Wales","https://fbref.com/en/players/285a3d44/Ryan-Shawcross","https://www.transfermarkt.com/ryan-shawcross/profil/spieler/45861",15,"Yes",34,38,"19 years","2007",14,745,109,436,15,"right","Defender","191",19,191,2007,0.933333333333333,"right",1,"[18,21)","(185,203]","(9,57]","2000s","England Wales","UK_Ireland"
"Jonjo Shelvey","England  Ireland","https://fbref.com/en/players/3727dd3c/Jonjo-Shelvey","https://www.transfermarkt.com/jonjo-shelvey/profil/spieler/71292",17,"No",NA,33,"15 years","2007",19,497,75,457,18,"right","Midfield","183",15,183,2007,1.05555555555556,"right",0,"[15,18)","(180,185]","(9,57]","2000s","England Ireland","UK_Ireland"
"Nicky Shorey","England","https://fbref.com/en/players/9665e2ea/Nicky-Shorey","https://www.transfermarkt.com/nicky-shorey/profil/spieler/13426",14,"Yes",35,44,"21 years","2002",1,8,2,440,15,"left","Defender","175",21,175,2002,0.0666666666666667,"left",1,"[21,24)","[165,180]","[0,3]","2000s","England","UK_Ireland"
"Ryan Shotton","England","https://fbref.com/en/players/09f82c6e/Ryan-Shotton","https://www.transfermarkt.com/ryan-shotton/profil/spieler/92109",17,"No",NA,37,"18 years","2007",2,16,4,348,14,"right","Defender","191",18,191,2007,0.142857142857143,"right",0,"[18,21)","(185,203]","[0,3]","2000s","England","UK_Ireland"
"Mamady Sidibé","Mali  France","https://fbref.com/en/players/c4fe1d3a/Mamady-Sidibe","https://www.transfermarkt.com/mamady-sidib/profil/spieler/14069",13,"Yes",35,45,"22 years","2002",5,646,108,304,11,"right","Attack","194",22,194,2002,0.454545454545455,"right",1,"[21,24)","(185,203]","(3,9]","2000s","Mali France","EU_Major"
"Steve Sidwell","England","https://fbref.com/en/players/ed083afd/Steve-Sidwell","https://www.transfermarkt.com/steve-sidwell/profil/spieler/13427",16,"Yes",35,42,"19 years","2002",6,596,94,412,16,"right","Midfield","178",19,178,2002,0.375,"right",1,"[18,21)","[165,180]","(3,9]","2000s","England","UK_Ireland"
"David Silva","Spain","https://fbref.com/en/players/e2716bd0/David-Silva","https://www.transfermarkt.com/david-silva/profil/spieler/35518",19,"Yes",37,39,"18 years","2004",32,629,155,714,19,"left","Attack","170",18,170,2004,1.68421052631579,"left",1,"[18,21)","[165,180]","(9,57]","2000s","Spain","EU_Major"
"Danny Simpson","England  Jamaica","https://fbref.com/en/players/3201b03d/Danny-Simpson","https://www.transfermarkt.com/danny-simpson/profil/spieler/37442",18,"Yes",37,38,"19 years","2006",4,114,23,377,16,"right","Defender","178",19,178,2006,0.25,"right",1,"[18,21)","[165,180]","(3,9]","2000s","England Jamaica","UK_Ireland"
"Martin Škrtel","Slovakia","https://fbref.com/en/players/defb905a/Martin-Skrtel","https://www.transfermarkt.com/martin-krtel/profil/spieler/24180",21,"No",NA,40,"19 years","Not found",22,707,105,516,20,"right","Defender","191",19,191,NA,1.1,"right",0,"[18,21)","(185,203]","(9,57]","NAs","Slovakia","Rest_of_World"
"Chris Smalling","England  Jamaica","https://fbref.com/en/players/b6964eb6/Chris-Smalling","https://www.transfermarkt.com/chris-smalling/profil/spieler/103427",17,"No",NA,36,"18 years","2008",26,792,169,509,18,"right","Defender","194",18,194,2008,1.44444444444444,"right",0,"[18,21)","(185,203]","(9,57]","2000s","England Jamaica","UK_Ireland"
"Keith Southern","England","https://fbref.com/en/players/8db518ba/Keith-Southern","https://www.transfermarkt.com/keith-southern/profil/spieler/44986",8,"Yes",34,44,"21 years","2002",0,0,0,378,13,"right","Midfield","178",21,178,2002,0,"right",1,"[21,24)","[165,180]","[0,3]","2000s","England","UK_Ireland"
"Jay Spearing","England","https://fbref.com/en/players/f26579f5/Jay-Spearing","https://www.transfermarkt.com/jay-spearing/profil/spieler/52111",17,"No",NA,37,"20 years","2009",4,95,17,441,17,"right","Midfield","168",20,168,2009,0.235294117647059,"right",0,"[18,21)","[165,180]","(3,9]","2000s","England","UK_Ireland"
"Jonathan Spector","United States  Germany","https://fbref.com/en/players/3670bd5c/Jonathan-Spector","https://www.transfermarkt.com/jonathan-spector/profil/spieler/24637",15,"Yes",33,39,"18 years","2004",7,385,69,331,16,"right","Defender","182",18,182,2004,0.4375,"right",1,"[18,21)","(180,185]","(3,9]","2000s","United States Germany","EU_Major"
"Jordan Spence","England","https://fbref.com/en/players/f7780381/Jordan-Spence","https://www.transfermarkt.com/jordan-spence/profil/spieler/61588",11,"Yes",30,35,"18 years","2008",0,0,0,249,12,"right","Defender","182",18,182,2008,0,"right",1,"[18,21)","(180,185]","[0,3]","2000s","England","UK_Ireland"
"Sébastien Squillaci","France  Italy","https://fbref.com/en/players/f7ec06db/Sebastien-Squillaci","https://www.transfermarkt.com/sbastien-squillaci/profil/spieler/5293",20,"Yes",37,45,"21 years","2002",2,220,34,399,15,"right","Defender","183",21,183,2002,0.133333333333333,"right",1,"[21,24)","(180,185]","[0,3]","2000s","France Italy","EU_Major"
"Ronnie Stam","Netherlands","https://fbref.com/en/players/eb383c11/Ronnie-Stam","https://www.transfermarkt.com/ronnie-stam/profil/spieler/24877",14,"Yes",32,41,"18 years","2002",0,0,0,313,14,"right","Defender","175",18,175,2002,0,"right",1,"[18,21)","[165,180]","[0,3]","2000s","Netherlands","EU_Major"
"Junior Stanislas","England  St. Lucia","https://fbref.com/en/players/6992791d/Junior-Stanislas","https://www.transfermarkt.com/junior-stanislas/profil/spieler/87672",14,"Yes",33,36,"18 years","2008",13,769,111,320,15,"right","Attack","183",18,183,2008,0.866666666666667,"right",1,"[18,21)","(180,185]","(9,57]","2000s","England St. Lucia","UK_Ireland"
"Richard Stearman","England  Ireland","https://fbref.com/en/players/9a3a436e/Richard-Stearman","https://www.transfermarkt.com/richard-stearman/profil/spieler/34349",19,"Yes",36,38,"16 years","2004",3,117,37,541,20,"right","Defender","191",16,191,2004,0.15,"right",1,"[15,18)","(185,203]","[0,3]","2000s","England Ireland","UK_Ireland"
"Grétar Steinsson","Iceland","https://fbref.com/en/players/a79e86c4/Gretar-Steinsson","https://www.transfermarkt.com/grtar-steinsson/profil/spieler/30304",13,"Yes",31,43,"22 years","2004",2,186,27,240,9,"right","Defender","189",22,189,2004,0.222222222222222,"right",1,"[21,24)","(185,203]","[0,3]","2000s","Iceland","Rest_of_World"
"David Stockdale","England","https://fbref.com/en/players/dc168826/David-Stockdale","https://www.transfermarkt.com/david-stockdale/profil/spieler/67339",15,"Yes",38,40,"16 years","2002",2,102,21,457,19,"right","Goalkeeper","191",16,191,2002,0.105263157894737,"right",1,"[15,18)","(185,203]","[0,3]","2000s","England","UK_Ireland"
"Daniel Sturridge","England","https://fbref.com/en/players/1b7ec703/Daniel-Sturridge","https://www.transfermarkt.com/daniel-sturridge/profil/spieler/47082",17,"Yes",34,36,"16 years","2006",28,859,181,296,15,"left","Attack","188",16,188,2006,1.86666666666667,"left",1,"[15,18)","(185,203]","(9,57]","2000s","England","UK_Ireland"
"Luis Suárez","Uruguay","https://fbref.com/en/players/a6154613/Luis-Suarez","https://www.transfermarkt.com/luis-surez/profil/spieler/44352",19,"No",NA,38,"19 years","2006",24,440,62,773,20,"right","Attack","182",19,182,2006,1.2,"right",0,"[18,21)","(180,185]","(9,57]","2000s","Uruguay","South_America"
"Ludovic Sylvestre","France  Guadeloupe","https://fbref.com/en/players/37103874/Ludovic-Sylvestre","https://www.transfermarkt.com/ludovic-sylvestre/profil/spieler/43248",12,"Yes",34,41,"21 years","2005",2,61,6,217,12,"right","Midfield","182",21,182,2005,0.166666666666667,"right",1,"[21,24)","(180,185]","[0,3]","2000s","France Guadeloupe","EU_Major"
"Wojciech Szczęsny","Poland","https://fbref.com/en/players/01b8a2b2/Wojciech-Szczesny","https://www.transfermarkt.com/wojciech-szczsny/profil/spieler/44058",15,"No",NA,35,"19 years","2009",13,267,49,559,17,"right","Goalkeeper","195",19,195,2009,0.764705882352941,"right",0,"[18,21)","(185,203]","(9,57]","2000s","Poland","Rest_of_World"
"Thomas Sørensen","Denmark","https://fbref.com/en/players/31d82fec/Thomas-Sorensen","https://www.transfermarkt.com/thomas-srensen/profil/spieler/3473",19,"Yes",41,49,"23 years","1999",0,0,0,404,15,"right","Goalkeeper","193",23,193,1999,0,"right",1,"[21,24)","(185,203]","[0,3]","1990s","Denmark","Rest_of_World"
"Gabriel Tamaș","Romania","https://fbref.com/en/players/5d2c2f2b/Gabriel-Tamas","https://www.transfermarkt.com/gabriel-tama/profil/spieler/6893",20,"Yes",39,42,"19 years","2003",6,259,43,374,19,"right","Defender","188",19,188,2003,0.315789473684211,"right",1,"[18,21)","(185,203]","(3,9]","2000s","Romania","Rest_of_World"
"Matthew Taylor","England","https://fbref.com/en/players/3b2c9cac/Matthew-Taylor","https://www.transfermarkt.com/matthew-taylor/profil/spieler/9218",17,"Yes",37,44,"20 years","2002",4,303,41,544,17,"left","Midfield","178",20,178,2002,0.235294117647059,"left",1,"[18,21)","[165,180]","(3,9]","2000s","England","UK_Ireland"
"Ryan Taylor","England","https://fbref.com/en/players/5c6dd7bc/Ryan-Taylor","https://www.transfermarkt.com/ryan-taylor/profil/spieler/33785",16,"Yes",37,41,"17 years","2002",7,1450,204,305,16,"right","Defender","179",17,179,2002,0.4375,"right",1,"[15,18)","[165,180]","(3,9]","2000s","England","UK_Ireland"
"Steven Taylor","England","https://fbref.com/en/players/9f9ba8ca/Steven-Taylor","https://www.transfermarkt.com/steven-taylor/profil/spieler/17273",17,"Yes",35,39,"17 years","2003",9,755,118,388,19,"right","Defender","188",17,188,2003,0.473684210526316,"right",1,"[15,18)","(185,203]","(3,9]","2000s","England","UK_Ireland"
"Gary Taylor-Fletcher","England","https://fbref.com/en/players/62c612b8/Gary-Taylor-Fletcher","https://www.transfermarkt.com/gary-taylor-fletcher/profil/spieler/49101",12,"Yes",38,44,"21 years","2002",0,0,0,451,15,"right","Attack","183",21,183,2002,0,"right",1,"[21,24)","(180,185]","[0,3]","2000s","England","UK_Ireland"
"Somen Tchoyi","Cameroon","https://fbref.com/en/players/84f5fc82/Somen-Tchoyi","https://www.transfermarkt.com/somen-tchoyi/profil/spieler/37058",20,"No",NA,42,"21 years","Not found",3,89,14,199,9,"both","Attack","190",21,190,NA,0.333333333333333,"both",0,"[21,24)","(185,203]","[0,3]","NAs","Cameroon","Rest_of_World"
"John Terry","England","https://fbref.com/en/players/68517cfd/John-Terry","https://www.transfermarkt.com/john-terry/profil/spieler/3160",19,"Yes",37,45,"17 years","1998",13,330,80,660,20,"right","Defender","187",17,187,1998,0.65,"right",1,"[15,18)","(185,203]","(9,57]","1990s","England","UK_Ireland"
"Carlos Tevez","Argentina","https://fbref.com/en/players/c1a26d43/Carlos-Tevez","https://www.transfermarkt.com/carlos-tevez/profil/spieler/4276",21,"Yes",38,41,"22 years","2006",7,127,31,493,20,"right","Attack","173",22,173,2006,0.35,"right",1,"[21,24)","[165,180]","(3,9]","2000s","Argentina","South_America"
"Hendry Thomas","Honduras","https://fbref.com/en/players/bf53ebe9/Hendry-Thomas","https://www.transfermarkt.com/hendry-thomas/profil/spieler/62275",9,"Yes",33,40,"24 years","2009",1,26,3,114,6,"right","Midfield","180",24,180,2009,0.166666666666667,"right",1,"[24,30]","[165,180]","[0,3]","2000s","Honduras","Rest_of_World"
"Jerome Thomas","England  Guyana","https://fbref.com/en/players/94cf0dab/Jerome-Thomas","https://www.transfermarkt.com/jerome-thomas/profil/spieler/3560",13,"Yes",34,42,"19 years","2002",3,400,67,261,15,"right","Attack","178",19,178,2002,0.2,"right",1,"[18,21)","[165,180]","[0,3]","2000s","England Guyana","UK_Ireland"
"George Thorne","England","https://fbref.com/en/players/e1a933d2/George-Thorne","https://www.transfermarkt.com/george-thorne/profil/spieler/128910",16,"No",NA,32,"16 years","2009",9,1071,186,135,10,"right","Midfield","188",16,188,2009,0.9,"right",0,"[15,18)","(185,203]","(3,9]","2000s","England","UK_Ireland"
"Cheick Tioté","Cote d'Ivoire","https://fbref.com/en/players/e1270968/Cheick-Tiote","https://www.transfermarkt.com/cheick-tiot/profil/spieler/33478",11,"No",NA,39,"19 years","2005",3,195,26,255,12,"right","Midfield","180",19,180,2005,0.25,"right",0,"[18,21)","[165,180]","[0,3]","2000s","Cote d'Ivoire","Rest_of_World"
"James Tomkins","England","https://fbref.com/en/players/e7ca0439/James-Tomkins","https://www.transfermarkt.com/james-tomkins/profil/spieler/61592",17,"Yes",35,36,"18 years","2007",12,783,80,360,17,"right","Defender","190",18,190,2007,0.705882352941177,"right",1,"[18,21)","(185,203]","(9,57]","2000s","England","UK_Ireland"
"Michael Tonge","England","https://fbref.com/en/players/046f30a8/Michael-Tonge","https://www.transfermarkt.com/michael-tonge/profil/spieler/13544",18,"Yes",36,42,"18 years","2001",0,0,0,484,18,"left","Midfield","183",18,183,2001,0,"left",1,"[18,21)","(180,185]","[0,3]","2000s","England","UK_Ireland"
"Fernando Torres","Spain","https://fbref.com/en/players/bdf7b97d/Fernando-Torres","https://www.transfermarkt.com/fernando-torres/profil/spieler/7767",18,"Yes",35,41,"17 years","2001",16,342,81,691,19,"right","Attack","185",17,185,2001,0.842105263157895,"right",1,"[15,18)","(180,185]","(9,57]","2000s","Spain","EU_Major"
"Kolo Touré","Cote d'Ivoire  England","https://fbref.com/en/players/3301c9f4/Kolo-Toure","https://www.transfermarkt.com/kolo-tour/profil/spieler/3202",15,"Yes",36,44,"21 years","2002",10,160,30,453,15,"right","Defender","183",21,183,2002,0.666666666666667,"right",1,"[21,24)","(180,185]","(9,57]","2000s","Cote d'Ivoire England","UK_Ireland"
"Yaya Touré","Cote d'Ivoire  England","https://fbref.com/en/players/c204f844/Yaya-Toure","https://www.transfermarkt.com/yaya-tour/profil/spieler/13091",18,"Yes",36,42,"20 years","2003",13,147,30,498,16,"right","Midfield","191",20,191,2003,0.8125,"right",1,"[18,21)","(185,203]","(9,57]","2000s","Cote d'Ivoire England","UK_Ireland"
"Michael Turner","England","https://fbref.com/en/players/422a65eb/Michael-Turner","https://www.transfermarkt.com/michael-turner/profil/spieler/12127",14,"Yes",36,42,"18 years","2002",3,221,36,453,16,"right","Defender","193",18,193,2002,0.1875,"right",1,"[18,21)","(185,203]","[0,3]","2000s","England","UK_Ireland"
"Antonio Valencia","Ecuador","https://fbref.com/en/players/08aa17d0/Antonio-Valencia","https://www.transfermarkt.com/antonio-valencia/profil/spieler/33544",15,"Yes",35,40,"19 years","2005",14,725,122,446,17,"right","Defender","180",19,180,2005,0.823529411764706,"right",1,"[18,21)","[165,180]","(9,57]","2000s","Ecuador","Rest_of_World"
"Jelle Van Damme","Belgium","https://fbref.com/en/players/406eb232/Jelle-Van-Damme","https://www.transfermarkt.com/jelle-van-damme/profil/spieler/4323",19,"Yes",37,42,"18 years","2002",3,149,18,476,19,"N/A","Defender","194",18,194,2002,0.157894736842105,"unknown",1,"[18,21)","(185,203]","[0,3]","2000s","Belgium","EU_Major"
"Luke Varney","England","https://fbref.com/en/players/1757d8ed/Luke-Varney","https://www.transfermarkt.com/luke-varney/profil/spieler/14177",19,"Yes",39,43,"20 years","2003",1,194,5,484,18,"right","Attack","180",20,180,2003,0.0555555555555556,"right",1,"[18,21)","[165,180]","[0,3]","2000s","England","UK_Ireland"
"David Vaughan","Wales","https://fbref.com/en/players/b950cb68/David-Vaughan","https://www.transfermarkt.com/david-vaughan/profil/spieler/14178",22,"Yes",39,42,"18 years","2001",1,14,4,483,18,"left","Midfield","170",18,170,2001,0.0555555555555556,"left",1,"[18,21)","[165,180]","[0,3]","2000s","Wales","UK_Ireland"
"James Vaughan","England  Jamaica","https://fbref.com/en/players/4fb0dc59/James-Vaughan","https://www.transfermarkt.com/james-vaughan/profil/spieler/30471",16,"Yes",32,37,"16 years","2004",4,333,62,382,17,"right","Attack","180",16,180,2004,0.235294117647059,"right",1,"[15,18)","[165,180]","(3,9]","2000s","England Jamaica","UK_Ireland"
"Carlos Vela","Mexico  Spain","https://fbref.com/en/players/e0cd04e0/Carlos-Vela","https://www.transfermarkt.com/carlos-vela/profil/spieler/35773",19,"Yes",36,36,"17 years","2006",9,284,51,524,19,"left","Attack","177",17,177,2006,0.473684210526316,"left",1,"[15,18)","[165,180]","(3,9]","2000s","Mexico Spain","EU_Major"
"Apostolos Vellios","Greece","https://fbref.com/en/players/44918bf5/Apostolos-Vellios","https://www.transfermarkt.com/apostolos-vellios/profil/spieler/124495",16,"No",NA,33,"17 years","2009",1,3,0,282,16,"right","Attack","191",17,191,2009,0.0625,"right",0,"[15,18)","(185,203]","[0,3]","2000s","Greece","Rest_of_World"
"Thomas Vermaelen","Belgium","https://fbref.com/en/players/d0d79694/Thomas-Vermaelen","https://www.transfermarkt.com/thomas-vermaelen/profil/spieler/15904",18,"Yes",36,40,"17 years","2003",35,1401,285,372,19,"left","Defender","183",17,183,2003,1.84210526315789,"left",1,"[15,18)","(180,185]","(9,57]","2000s","Belgium","EU_Major"
"Nemanja Vidić","Serbia","https://fbref.com/en/players/4b30b37e/Nemanja-Vidic","https://www.transfermarkt.com/nemanja-vidi/profil/spieler/19726",12,"Yes",34,44,"22 years","Not found",11,541,80,337,14,"right","Defender","190",22,190,NA,0.785714285714286,"right",1,"[21,24)","(185,203]","(9,57]","NAs","Serbia","Rest_of_World"
"Patrick Vieira","France  Senegal","https://fbref.com/en/players/f90f1086/Patrick-Vieira","https://www.transfermarkt.com/patrick-vieira/profil/spieler/3183",18,"Yes",35,49,"19 years","1995",5,261,50,520,17,"right","Midfield","193",19,193,1995,0.294117647058824,"right",1,"[18,21)","(185,203]","(3,9]","1990s","France Senegal","EU_Major"
"Sam Vokes","Wales  England","https://fbref.com/en/players/1d6ac165/Sam-Vokes","https://www.transfermarkt.com/sam-vokes/profil/spieler/48078",18,"No",NA,36,"16 years","2006",2,292,34,622,20,"right","Attack","186",16,186,2006,0.1,"right",0,"[15,18)","(185,203]","[0,3]","2000s","Wales England","UK_Ireland"
"Reece Wabara","England  Nigeria","https://fbref.com/en/players/0c7d15af/Reece-Wabara","https://www.transfermarkt.com/reece-wabara/profil/spieler/121416",6,"Yes",25,33,"18 years","2010",0,0,0,136,7,"right","Defender","182",18,182,2010,0,"right",1,"[18,21)","(180,185]","[0,3]","2010s","England Nigeria","UK_Ireland"
"Martyn Waghorn","England","https://fbref.com/en/players/8ebea784/Martyn-Waghorn","https://www.transfermarkt.com/martyn-waghorn/profil/spieler/61674",18,"Yes",35,35,"17 years","2007",8,314,62,487,18,"left","Attack","176",17,176,2007,0.444444444444444,"left",1,"[15,18)","[165,180]","(3,9]","2000s","England","UK_Ireland"
"Theo Walcott","England","https://fbref.com/en/players/1ecb65be/Theo-Walcott","https://www.transfermarkt.com/theo-walcott/profil/spieler/33713",18,"Yes",34,36,"16 years","2005",24,925,235,521,18,"both","Attack","176",16,176,2005,1.33333333333333,"both",1,"[15,18)","[165,180]","(9,57]","2000s","England","UK_Ireland"
"Kyle Walker","England","https://fbref.com/en/players/86dd77d1/Kyle-Walker","https://www.transfermarkt.com/kyle-walker/profil/spieler/95424",17,"No",NA,35,"18 years","2008",17,482,95,636,19,"right","Defender","178",18,178,2008,0.894736842105263,"right",0,"[18,21)","[165,180]","(9,57]","2000s","England","UK_Ireland"
"Jonathan Walters","Ireland  England","https://fbref.com/en/players/0356cf4f/Jonathan-Walters","https://www.transfermarkt.com/jonathan-walters/profil/spieler/3306",17,"Yes",35,42,"18 years","2002",8,609,62,514,17,"right","Attack","183",18,183,2002,0.470588235294118,"right",1,"[18,21)","(180,185]","(3,9]","2000s","Ireland England","UK_Ireland"
"Stephen Ward","Ireland","https://fbref.com/en/players/3831b9fe/Stephen-Ward","https://www.transfermarkt.com/stephen-ward/profil/spieler/34691",18,"Yes",36,40,"20 years","2006",4,266,45,453,16,"left","Defender","185",20,185,2006,0.25,"left",1,"[18,21)","(180,185]","(3,9]","2000s","Ireland","UK_Ireland"
"Stephen Warnock","England","https://fbref.com/en/players/07869028/Stephen-Warnock","https://www.transfermarkt.com/stephen-warnock/profil/spieler/3308",16,"Yes",36,43,"20 years","2002",2,24,5,475,16,"left","Defender","180",20,180,2002,0.125,"left",1,"[18,21)","[165,180]","[0,3]","2000s","England","UK_Ireland"
"Ben Watson","England","https://fbref.com/en/players/df540668/Ben-Watson","https://www.transfermarkt.com/ben-watson/profil/spieler/14081",20,"Yes",37,40,"17 years","2002",3,379,63,506,20,"right","Midfield","178",17,178,2002,0.15,"right",1,"[15,18)","[165,180]","[0,3]","2000s","England","UK_Ireland"
"Andreas Weimann","Austria","https://fbref.com/en/players/5996ffd9/Andreas-Weimann","https://www.transfermarkt.com/andreas-weimann/profil/spieler/49693",15,"No",NA,34,"18 years","2010",12,701,106,526,16,"right","Attack","188",18,188,2010,0.75,"right",0,"[18,21)","(185,203]","(9,57]","2010s","Austria","Rest_of_World"
"Danny Welbeck","England  Ghana","https://fbref.com/en/players/ce5143da/Danny-Welbeck","https://www.transfermarkt.com/danny-welbeck/profil/spieler/67063",18,"No",NA,35,"17 years","2008",21,1287,247,472,18,"right","Attack","185",17,185,2008,1.16666666666667,"right",0,"[15,18)","(180,185]","(9,57]","2000s","England Ghana","UK_Ireland"
"David Wheater","England","https://fbref.com/en/players/2ad3ea29/David-Wheater","https://www.transfermarkt.com/david-wheater/profil/spieler/29199",18,"Yes",36,38,"18 years","2005",2,89,25,423,16,"right","Defender","196",18,196,2005,0.125,"right",1,"[18,21)","(185,203]","[0,3]","2000s","England","UK_Ireland"
"Glenn Whelan","Ireland","https://fbref.com/en/players/d5bd56a5/Glenn-Whelan","https://www.transfermarkt.com/glenn-whelan/profil/spieler/12124",18,"Yes",39,41,"19 years","2003",4,44,8,628,20,"right","Midfield","180",19,180,2003,0.2,"right",1,"[18,21)","[165,180]","(3,9]","2000s","Ireland","UK_Ireland"
"Dean Whitehead","England","https://fbref.com/en/players/a32204c9/Dean-Whitehead","https://www.transfermarkt.com/dean-whitehead/profil/spieler/13683",14,"Yes",36,43,"20 years","2002",2,60,13,507,16,"right","Midfield","180",20,180,2002,0.125,"right",1,"[18,21)","[165,180]","[0,3]","2000s","England","UK_Ireland"
"Andy Wilkinson","England","https://fbref.com/en/players/9aca56d3/Andy-Wilkinson","https://www.transfermarkt.com/andy-wilkinson/profil/spieler/13616",12,"Yes",31,41,"18 years","2003",1,6,2,191,12,"right","Defender","180",18,180,2003,0.0833333333333333,"right",1,"[18,21)","[165,180]","[0,3]","2000s","England","UK_Ireland"
"Mike Williamson","England","https://fbref.com/en/players/98fbb38d/Mike-Williamson","https://www.transfermarkt.com/mike-williamson/profil/spieler/10642",14,"Yes",39,42,"19 years","2003",3,433,58,401,18,"right","Defender","193",19,193,2003,0.166666666666667,"right",1,"[18,21)","(185,203]","[0,3]","2000s","England","UK_Ireland"
"Jack Wilshere","England","https://fbref.com/en/players/9c318325/Jack-Wilshere","https://www.transfermarkt.com/jack-wilshere/profil/spieler/74223",14,"Yes",30,33,"16 years","2008",18,1488,294,260,13,"left","Midfield","172",16,172,2008,1.38461538461538,"left",1,"[15,18)","[165,180]","(9,57]","2000s","England","UK_Ireland"
"Danny Wilson","Scotland","https://fbref.com/en/players/9cfe9254/Danny-Wilson","https://www.transfermarkt.com/danny-wilson/profil/spieler/103819",16,"No",NA,33,"17 years","2009",8,232,24,363,18,"left","Defender","187",17,187,2009,0.444444444444444,"left",0,"[15,18)","(185,203]","(3,9]","2000s","Scotland","UK_Ireland"
"Marc Wilson","Ireland  Northern Ireland","https://fbref.com/en/players/c325c010/Marc-Wilson","https://www.transfermarkt.com/marc-wilson/profil/spieler/30456",14,"Yes",35,38,"17 years","2005",6,425,64,271,14,"both","Defender","188",17,188,2005,0.428571428571429,"both",1,"[15,18)","(185,203]","(3,9]","2000s","Ireland Northern Ireland","UK_Ireland"
"Chris Wood","New Zealand","https://fbref.com/en/players/4e9a0555/Chris-Wood","https://www.transfermarkt.com/chris-wood/profil/spieler/108725",18,"No",NA,34,"16 years","2008",14,373,56,563,18,"right","Attack","191",16,191,2008,0.777777777777778,"right",0,"[15,18)","(185,203]","(9,57]","2000s","New Zealand","Rest_of_World"
"Shaun Wright-Phillips","England  Grenada","https://fbref.com/en/players/e1e0b05f/Shaun-Wright-Phillips","https://www.transfermarkt.com/shaun-wright-phillips/profil/spieler/3467",18,"Yes",36,44,"18 years","2000",4,68,13,447,18,"right","Attack","166",18,166,2000,0.222222222222222,"right",1,"[18,21)","[165,180]","(3,9]","2000s","England Grenada","UK_Ireland"
"Ashley Young","England  Jamaica","https://fbref.com/en/players/be927d03/Ashley-Young","https://www.transfermarkt.com/ashley-young/profil/spieler/14086",22,"No",NA,40,"18 years","2003",13,568,91,712,23,"both","Defender","175",18,175,2003,0.565217391304348,"both",0,"[18,21)","[165,180]","(9,57]","2000s","England Jamaica","UK_Ireland"
"Luke Young","England","https://fbref.com/en/players/409a29d7/Luke-Young","https://www.transfermarkt.com/luke-young/profil/spieler/3271",15,"Yes",34,46,"19 years","1998",3,170,31,389,15,"right","Defender","180",19,180,1998,0.2,"right",1,"[18,21)","[165,180]","[0,3]","1990s","England","UK_Ireland"
"Pablo Zabaleta","Argentina  Spain","https://fbref.com/en/players/6813ac34/Pablo-Zabaleta","https://www.transfermarkt.com/pablo-zabaleta/profil/spieler/20007",17,"Yes",35,40,"20 years","2005",7,149,34,469,15,"right","Defender","176",20,176,2005,0.466666666666667,"right",1,"[18,21)","[165,180]","(3,9]","2000s","Argentina Spain","EU_Major"
"Bobby Zamora","England  Trinidad and Tobago","https://fbref.com/en/players/7ddb3563/Bobby-Zamora","https://www.transfermarkt.com/bobby-zamora/profil/spieler/4205",14,"Yes",35,44,"21 years","2002",9,408,79,403,14,"left","Attack","185",21,185,2002,0.642857142857143,"left",1,"[21,24)","(180,185]","(3,9]","2000s","England Trinidad and Tobago","UK_Ireland"
"Boudewijn Zenden","Netherlands","https://fbref.com/en/players/4e27a622/Boudewijn-Zenden","https://www.transfermarkt.com/boudewijn-zenden/profil/spieler/3173",16,"Yes",34,49,"21 years","1998",0,0,0,366,16,"left","Attack","174",21,174,1998,0,"left",1,"[21,24)","[165,180]","[0,3]","1990s","Netherlands","EU_Major"
"Nikola Žigić","Serbia","https://fbref.com/en/players/aad584e0/Nikola-Zigic","https://www.transfermarkt.com/nikola-igi/profil/spieler/19729",11,"Yes",34,45,"25 years","2006",0,0,0,247,12,"right","Attack","202",25,202,2006,0,"right",1,"[24,30]","(185,203]","[0,3]","2000s","Serbia","Rest_of_World"
"Ronald Zubar","Guadeloupe  France","https://fbref.com/en/players/57935ba0/Ronald-Zubar","https://www.transfermarkt.com/ronald-zubar/profil/spieler/22645",14,"Yes",31,40,"18 years","2004",7,366,61,253,12,"right","Defender","186",18,186,2004,0.583333333333333,"right",1,"[18,21)","(185,203]","(3,9]","2000s","Guadeloupe France","EU_Major"
"Gianni Zuiverloon","Netherlands  Suriname","https://fbref.com/en/players/22d7fe43/Gianni-Zuiverloon","https://www.transfermarkt.com/gianni-zuiverloon/profil/spieler/27304",17,"Yes",34,38,"17 years","2004",12,398,53,339,17,"right","Defender","179",17,179,2004,0.705882352941177,"right",1,"[15,18)","[165,180]","(9,57]","2000s","Netherlands Suriname","EU_Major"
"Patrick van Aanholt","Netherlands  Curacao","https://fbref.com/en/players/5f09991f/Patrick-van-Aanholt","https://www.transfermarkt.com/patrick-van-aanholt/profil/spieler/52119",17,"No",NA,35,"18 years","2009",15,359,65,472,17,"left","Defender","175",18,175,2009,0.882352941176471,"left",0,"[18,21)","[165,180]","(9,57]","2000s","Netherlands Curacao","EU_Major"
"Sergio Agüero","Argentina  Spain","https://fbref.com/en/players/4d034881/Sergio-Aguero","https://www.transfermarkt.com/sergio-agero/profil/spieler/26399",18,"Yes",33,37,"18 years","2006",27,750,141,588,16,"right","Attack","172",18,172,2006,1.6875,"right",1,"[18,21)","[165,180]","(9,57]","2000s","Argentina Spain","EU_Major"
"Kemy Agustien","Curacao  Netherlands","https://fbref.com/en/players/027a5151/Kemy-Agustien","https://www.transfermarkt.com/kemy-agustien/profil/spieler/24862",20,"Yes",37,39,"17 years","2004",3,84,20,236,14,"right","Midfield","178",17,178,2004,0.214285714285714,"right",1,"[15,18)","[165,180]","[0,3]","2000s","Curacao Netherlands","EU_Major"
"Joe Allen","Wales","https://fbref.com/en/players/9feb8f24/Joe-Allen","https://www.transfermarkt.com/joe-allen/profil/spieler/51452",17,"Yes",35,35,"16 years","2006",13,851,131,554,19,"right","Midfield","168",16,168,2006,0.684210526315789,"right",1,"[15,18)","[165,180]","(9,57]","2000s","Wales","UK_Ireland"
"Ben Amos","England","https://fbref.com/en/players/f6799cd2/Ben-Amos","https://www.transfermarkt.com/ben-amos/profil/spieler/73472",16,"No",NA,35,"19 years","2009",1,91,17,338,17,"right","Goalkeeper","185",19,185,2009,0.0588235294117647,"right",0,"[18,21)","(180,185]","[0,3]","2000s","England","UK_Ireland"
"John Arne Riise","Norway","https://fbref.com/en/players/9bf988c2/John-Arne-Riise","https://www.transfermarkt.com/john-arne-riise/profil/spieler/3220",25,"Yes",43,45,"17 years","1998",4,78,26,596,19,"N/A","Defender","185",17,185,1998,0.210526315789474,"unknown",1,"[15,18)","(180,185]","(3,9]","1990s","Norway","Rest_of_World"
"Daniel Ayala","Spain","https://fbref.com/en/players/302560a0/Daniel-Ayala","https://www.transfermarkt.com/daniel-ayala/profil/spieler/78966",17,"No",NA,35,"18 years","2009",6,463,53,333,15,"right","Defender","190",18,190,2009,0.4,"right",0,"[18,21)","(185,203]","(3,9]","2000s","Spain","EU_Major"
"Ross Barkley","England","https://fbref.com/en/players/3a24769f/Ross-Barkley","https://www.transfermarkt.com/ross-barkley/profil/spieler/131978",15,"No",NA,32,"17 years","2011",13,526,118,414,16,"right","Midfield","189",17,189,2011,0.8125,"right",0,"[15,18)","(185,203]","(9,57]","2010s","England","UK_Ireland"
"Leon Barnett","England  Jamaica","https://fbref.com/en/players/76854cdf/Leon-Barnett","https://www.transfermarkt.com/leon-barnett/profil/spieler/33484",13,"Yes",32,40,"19 years","2005",2,40,8,316,14,"right","Defender","185",19,185,2005,0.142857142857143,"right",1,"[18,21)","(180,185]","[0,3]","2000s","England Jamaica","UK_Ireland"
"Craig Bellamy","Wales","https://fbref.com/en/players/b9eae55b/Craig-Bellamy","https://www.transfermarkt.com/craig-bellamy/profil/spieler/3297",17,"Yes",34,46,"21 years","2000",4,232,41,405,14,"right","Attack","175",21,175,2000,0.285714285714286,"right",1,"[21,24)","[165,180]","(3,9]","2000s","Wales","UK_Ireland"
"Elliott Bennett","Jamaica  England","https://fbref.com/en/players/02c9ea40/Elliott-Bennett","https://www.transfermarkt.com/elliott-bennett/profil/spieler/43193",13,"Yes",35,36,"18 years","2007",3,382,64,566,17,"right","Midfield","175",18,175,2007,0.176470588235294,"right",1,"[18,21)","[165,180]","[0,3]","2000s","Jamaica England","UK_Ireland"
"Ryan Bennett","England","https://fbref.com/en/players/0bad4516/Ryan-Bennett","https://www.transfermarkt.com/ryan-bennett/profil/spieler/67252",15,"Yes",34,35,"16 years","2006",8,165,39,508,18,"right","Defender","188",16,188,2006,0.444444444444444,"right",1,"[15,18)","(185,203]","(3,9]","2000s","England","UK_Ireland"
"Federico Bessone","Argentina  Spain","https://fbref.com/en/players/7570ed49/Federico-Bessone","https://www.transfermarkt.com/federico-bessone/profil/spieler/57973",14,"Yes",37,41,"23 years","2007",0,0,0,73,7,"left","Defender","178",23,178,2007,0,"left",1,"[21,24)","[165,180]","[0,3]","2000s","Argentina Spain","EU_Major"
"Nick Blackman","Barbados  England","https://fbref.com/en/players/d4e7c451/Nick-Blackman","https://www.transfermarkt.com/nick-blackman/profil/spieler/67369",17,"No",NA,36,"16 years","2006",2,42,7,259,14,"left","Attack","188",16,188,2006,0.142857142857143,"left",0,"[15,18)","(185,203]","[0,3]","2000s","Barbados England","UK_Ireland"
"Jay Bothroyd","England  Guyana","https://fbref.com/en/players/8cdc5afd/Jay-Bothroyd","https://www.transfermarkt.com/jay-bothroyd/profil/spieler/8188",21,"Yes",39,43,"18 years","2000",9,233,42,474,19,"left","Attack","190",18,190,2000,0.473684210526316,"left",1,"[18,21)","(185,203]","(3,9]","2000s","England Guyana","UK_Ireland"
"Leon Britton","England","https://fbref.com/en/players/b92dd711/Leon-Britton","https://www.transfermarkt.com/leon-britton/profil/spieler/40043",14,"Yes",39,43,"19 years","2002",8,259,39,494,16,"N/A","Midfield","165",19,165,2002,0.5,"unknown",1,"[18,21)","[165,180]","(3,9]","2000s","England","UK_Ireland"
"Ákos Buzsáky","Hungary","https://fbref.com/en/players/3fe9ae90/Akos-Buzsaky","https://www.transfermarkt.com/kos-buzsky/profil/spieler/13878",16,"Yes",33,43,"20 years","2002",0,0,0,244,14,"right","Midfield","180",20,180,2002,0,"right",1,"[18,21)","[165,180]","[0,3]","2000s","Hungary","Rest_of_World"
"Yohan Cabaye","France","https://fbref.com/en/players/ad7b19ef/Yohan-Cabaye","https://www.transfermarkt.com/yohan-cabaye/profil/spieler/29434",17,"Yes",35,39,"18 years","2004",5,187,33,489,15,"right","Midfield","175",18,175,2004,0.333333333333333,"right",1,"[18,21)","[165,180]","(3,9]","2000s","France","EU_Major"
"Samir Carruthers","Ireland  England","https://fbref.com/en/players/5a853458/Samir-Carruthers","https://www.transfermarkt.com/samir-carruthers/profil/spieler/146488",13,"No",NA,32,"18 years","2011",1,102,13,182,8,"left","Midfield","173",18,173,2011,0.125,"left",0,"[18,21)","[165,180]","[0,3]","2010s","Ireland England","UK_Ireland"
"Steven Caulker","Sierra Leone  England","https://fbref.com/en/players/2592d9b5/Steven-Caulker","https://www.transfermarkt.com/steven-caulker/profil/spieler/121280",15,"No",NA,33,"17 years","2009",6,125,19,347,14,"right","Defender","191",17,191,2009,0.428571428571429,"right",0,"[15,18)","(185,203]","(3,9]","2000s","Sierra Leone England","UK_Ireland"
"Radek Černý","Czech Republic","https://fbref.com/en/players/190c0bb8/Radek-Cerny","https://www.transfermarkt.com/radek-ern/profil/spieler/21010",20,"Yes",40,51,"30 years","2004",0,0,0,145,13,"right","Goalkeeper","187",30,187,2004,0,"right",1,"[24,30]","(185,203]","[0,3]","2000s","Czech Republic","Rest_of_World"
"Djibril Cissé","France  Cote d'Ivoire","https://fbref.com/en/players/7e6917be/Djibril-Cisse","https://www.transfermarkt.com/djibril-ciss/profil/spieler/3966",22,"Yes",39,44,"16 years","1998",4,355,85,469,17,"right","Attack","182",16,182,1998,0.235294117647059,"right",1,"[15,18)","(180,185]","(3,9]","1990s","France Cote d'Ivoire","EU_Major"
"Papiss Cissé","Senegal  France","https://fbref.com/en/players/40f3ff51/Papiss-Cisse","https://www.transfermarkt.com/papiss-ciss/profil/spieler/33952",20,"No",NA,40,"20 years","2005",11,273,35,377,16,"right","Attack","183",20,183,2005,0.6875,"right",0,"[18,21)","(180,185]","(9,57]","2000s","Senegal France","EU_Major"
"Sebastián Coates","Uruguay  Spain","https://fbref.com/en/players/1fbbfbde/Sebastian-Coates","https://www.transfermarkt.com/sebastin-coates/profil/spieler/102427",17,"No",NA,35,"20 years","2011",18,483,86,415,14,"right","Defender","196",20,196,2011,1.28571428571429,"right",0,"[18,21)","(185,203]","(9,57]","2010s","Uruguay Spain","EU_Major"
"Matthew Connolly","England","https://fbref.com/en/players/2797fc1d/Matthew-Connolly","https://www.transfermarkt.com/matthew-connolly/profil/spieler/34559",13,"Yes",32,38,"18 years","2006",1,83,10,294,13,"right","Defender","189",18,189,2006,0.0769230769230769,"right",1,"[18,21)","(185,203]","[0,3]","2000s","England","UK_Ireland"
"Francis Coquelin","France  Réunion","https://fbref.com/en/players/a6951bf8/Francis-Coquelin","https://www.transfermarkt.com/francis-coquelin/profil/spieler/74869",14,"No",NA,34,"19 years","2010",25,1028,148,401,16,"right","Midfield","178",19,178,2010,1.5625,"right",0,"[18,21)","[165,180]","(9,57]","2010s","France Réunion","EU_Major"
"Andrew Crofts","Wales  England","https://fbref.com/en/players/5ba16a76/Andrew-Crofts","https://www.transfermarkt.com/andrew-crofts/profil/spieler/14003",21,"Yes",37,41,"19 years","2003",1,535,88,470,18,"right","Midfield","175",19,175,2003,0.0555555555555556,"right",1,"[18,21)","[165,180]","[0,3]","2000s","Wales England","UK_Ireland"
"Albert Crusat","Spain","https://fbref.com/en/players/ba027002/Albert-Crusat","https://www.transfermarkt.com/albert-crusat/profil/spieler/51536",12,"Yes",32,43,"20 years","2002",3,351,52,258,10,"left","Attack","165",20,165,2002,0.3,"left",1,"[18,21)","[165,180]","[0,3]","2000s","Spain","EU_Major"
"David Davis","England","https://fbref.com/en/players/d992542e/David-Davis","https://www.transfermarkt.com/david-davis/profil/spieler/129054",13,"No",NA,34,"18 years","2009",1,191,33,374,14,"right","Midfield","173",18,173,2009,0.0714285714285714,"right",0,"[18,21)","[165,180]","[0,3]","2000s","England","UK_Ireland"
"Craig Dawson","England","https://fbref.com/en/players/3e9e06cb/Craig-Dawson","https://www.transfermarkt.com/craig-dawson/profil/spieler/121477",14,"No",NA,35,"19 years","2009",6,197,35,495,16,"right","Defender","188",19,188,2009,0.375,"right",0,"[18,21)","(185,203]","(3,9]","2000s","England","UK_Ireland"
"Ritchie De Laet","Belgium","https://fbref.com/en/players/dc234f98/Ritchie-De-Laet","https://www.transfermarkt.com/ritchie-de-laet/profil/spieler/55687",18,"Yes",35,37,"19 years","2008",10,547,81,359,16,"right","Defender","186",19,186,2008,0.625,"right",1,"[18,21)","(185,203]","(9,57]","2000s","Belgium","EU_Major"
"Shaun Derry","England","https://fbref.com/en/players/e3606bf2/Shaun-Derry","https://www.transfermarkt.com/shaun-derry/profil/spieler/14007",15,"Yes",35,48,"23 years","2001",0,0,0,386,13,"right","Midfield","183",23,183,2001,0,"right",1,"[21,24)","(180,185]","[0,3]","2000s","England","UK_Ireland"
"Samba Diakité","Mali  France","https://fbref.com/en/players/6bc6f173/Samba-Diakite","https://www.transfermarkt.com/samba-diakit/profil/spieler/136589",10,"Yes",31,36,"20 years","2009",0,0,0,100,9,"right","Midfield","186",20,186,2009,0,"right",1,"[18,21)","(185,203]","[0,3]","2000s","Mali France","EU_Major"
"Mahamadou Diarra","Mali","https://fbref.com/en/players/4a6c3ade/Mahamadou-Diarra","https://www.transfermarkt.com/mahamadou-diarra/profil/spieler/5352",16,"Yes",33,44,"19 years","2000",5,478,83,362,15,"right","Midfield","183",19,183,2000,0.333333333333333,"right",1,"[18,21)","(180,185]","(3,9]","2000s","Mali","Rest_of_World"
"Stephen Dobbie","Scotland","https://fbref.com/en/players/2d67e9c7/Stephen-Dobbie","https://www.transfermarkt.com/stephen-dobbie/profil/spieler/12693",19,"Yes",39,43,"20 years","2003",0,0,0,434,16,"right","Attack","178",20,178,2003,0,"right",1,"[18,21)","[165,180]","[0,3]","2000s","Scotland","UK_Ireland"
"Matt Doherty","Ireland","https://fbref.com/en/players/d557d734/Matt-Doherty","https://www.transfermarkt.com/matt-doherty/profil/spieler/171679",14,"No",NA,33,"19 years","2011",12,254,36,472,15,"right","Defender","182",19,182,2011,0.8,"right",0,"[18,21)","(180,185]","(9,57]","2010s","Ireland","UK_Ireland"
"Landon Donovan","United States  Canada","https://fbref.com/en/players/594d4046/Landon-Donovan","https://www.transfermarkt.com/landon-donovan/profil/spieler/68",18,"Yes",37,43,"18 years","Not found",2,23,5,380,20,"right","Attack","173",18,173,NA,0.1,"right",1,"[18,21)","[165,180]","[0,3]","NAs","United States Canada","Rest_of_World"
"Royston Drenthe","Netherlands  Suriname","https://fbref.com/en/players/3d512ff2/Royston-Drenthe","https://www.transfermarkt.com/royston-drenthe/profil/spieler/35631",18,"Yes",36,38,"18 years","2005",6,110,20,215,11,"left","Midfield","168",18,168,2005,0.545454545454545,"left",1,"[18,21)","[165,180]","(3,9]","2000s","Netherlands Suriname","EU_Major"
"Adam Drury","England","https://fbref.com/en/players/cc8f5f70/Adam-Drury","https://www.transfermarkt.com/adam-drury/profil/spieler/11663",13,"Yes",35,47,"22 years","2001",0,0,0,357,13,"left","Defender","180",22,180,2001,0,"left",1,"[21,24)","[165,180]","[0,3]","2000s","England","UK_Ireland"
"Shane Duffy","Ireland  Northern Ireland","https://fbref.com/en/players/7314bba4/Shane-Duffy","https://www.transfermarkt.com/shane-duffy/profil/spieler/119269",14,"No",NA,33,"18 years","2010",13,296,48,402,17,"right","Defender","193",18,193,2010,0.764705882352941,"right",0,"[18,21)","(185,203]","(9,57]","2010s","Ireland Northern Ireland","UK_Ireland"
"Nathan Dyer","England  Jamaica","https://fbref.com/en/players/6dfd5af0/Nathan-Dyer","https://www.transfermarkt.com/nathan-dyer/profil/spieler/37011",15,"Yes",32,38,"17 years","2005",4,354,41,406,15,"right","Attack","165",17,165,2005,0.266666666666667,"right",1,"[15,18)","[165,180]","(3,9]","2000s","England Jamaica","UK_Ireland"
"Chris Eagles","England","https://fbref.com/en/players/92aadee9/Chris-Eagles","https://www.transfermarkt.com/chris-eagles/profil/spieler/24635",15,"Yes",34,40,"18 years","2004",1,95,9,370,15,"right","Attack","178",18,178,2004,0.0666666666666667,"right",1,"[18,21)","[165,180]","[0,3]","2000s","England","UK_Ireland"
"Hogan Ephraim","England","https://fbref.com/en/players/668b380c/Hogan-Ephraim","https://www.transfermarkt.com/hogan-ephraim/profil/spieler/31883",11,"Yes",29,37,"18 years","2006",0,0,0,177,9,"left","Midfield","175",18,175,2006,0,"left",1,"[18,21)","[165,180]","[0,3]","2000s","England","UK_Ireland"
"Alejandro Faurlín","Argentina  Italy","https://fbref.com/en/players/594d286e/Alejandro-Faurlin","https://www.transfermarkt.com/alejandro-faurln/profil/spieler/88067",18,"Yes",35,39,"22 years","2009",3,723,96,191,10,"left","Midfield","185",22,185,2009,0.3,"left",1,"[21,24)","(180,185]","[0,3]","2000s","Argentina Italy","EU_Major"
"Anthony Forde","Ireland","https://fbref.com/en/players/2d139834/Anthony-Forde","https://www.transfermarkt.com/anthony-forde/profil/spieler/146494",14,"No",NA,32,"17 years","2011",0,0,0,367,14,"right","Midfield","175",17,175,2011,0,"right",0,"[15,18)","[165,180]","[0,3]","2010s","Ireland","UK_Ireland"
"Mauro Formica","Argentina  Italy","https://fbref.com/en/players/fd554256/Mauro-Formica","https://www.transfermarkt.com/mauro-formica/profil/spieler/55870",16,"Yes",35,37,"23 years","2011",0,0,0,249,13,"right","Attack","176",23,176,2011,0,"right",1,"[21,24)","[165,180]","[0,3]","2010s","Argentina Italy","EU_Major"
"David Fox","England","https://fbref.com/en/players/102a7473/David-Fox","https://www.transfermarkt.com/david-fox/profil/spieler/4219",12,"Yes",35,41,"20 years","2004",0,0,0,397,15,"right","Midfield","180",20,180,2004,0,"right",1,"[18,21)","[165,180]","[0,3]","2000s","England","UK_Ireland"
"Kerim Frei","Türkiye  Switzerland","https://fbref.com/en/players/729e3e14/Kerim-Frei","https://www.transfermarkt.com/kerim-frei/profil/spieler/146844",14,"No",NA,32,"17 years","2011",7,353,63,222,12,"right","Attack","171",17,171,2011,0.583333333333333,"right",0,"[15,18)","[165,180]","(3,9]","2010s","Türkiye Switzerland","Rest_of_World"
"Emmanuel Frimpong","Ghana  England","https://fbref.com/en/players/524617b5/Emmanuel-Frimpong","https://www.transfermarkt.com/emmanuel-frimpong/profil/spieler/93056",7,"Yes",26,33,"19 years","2011",2,421,80,73,7,"right","Midfield","178",19,178,2011,0.285714285714286,"right",1,"[18,21)","[165,180]","[0,3]","2010s","Ghana England","UK_Ireland"
"Zeki Fryers","England","https://fbref.com/en/players/f58d6213/Zeki-Fryers","https://www.transfermarkt.com/zeki-fryers/profil/spieler/141655",12,"Yes",31,33,"18 years","2011",0,0,0,144,11,"left","Defender","183",18,183,2011,0,"left",1,"[18,21)","(180,185]","[0,3]","2010s","England","UK_Ireland"
"Márton Fülöp","Hungary","https://fbref.com/en/players/3267fa3b/Marton-Fulop","https://www.transfermarkt.com/mrton-flp/profil/spieler/17879",13,"No",NA,42,"21 years","2004",1,12,3,170,9,"right","Goalkeeper","198",21,198,2004,0.111111111111111,"right",0,"[21,24)","(185,203]","[0,3]","2000s","Hungary","Rest_of_World"
"Gary Gardner","England","https://fbref.com/en/players/d9d58641/Gary-Gardner","https://www.transfermarkt.com/gary-gardner/profil/spieler/110861",14,"No",NA,33,"19 years","2011",6,488,85,326,13,"right","Midfield","188",19,188,2011,0.461538461538462,"right",0,"[18,21)","(185,203]","(3,9]","2010s","England","UK_Ireland"
"David de Gea","Spain","https://fbref.com/en/players/7ba6d84e/David-de-Gea","https://www.transfermarkt.com/david-de-gea/profil/spieler/59377",17,"No",NA,35,"18 years","2009",6,48,6,660,16,"right","Goalkeeper","192",18,192,2009,0.375,"right",0,"[18,21)","(185,203]","(3,9]","2000s","Spain","EU_Major"
"Marcel Gecov","Czech Republic","https://fbref.com/en/players/b93f1d15/Marcel-Gecov","https://www.transfermarkt.com/marcel-gecov/profil/spieler/34534",9,"Yes",28,37,"21 years","2009",0,0,0,140,7,"right","Midfield","182",21,182,2009,0,"right",1,"[21,24)","(180,185]","[0,3]","2000s","Czech Republic","Rest_of_World"
"Gervinho","Cote d'Ivoire","https://fbref.com/en/players/e468c053/Gervinho","https://www.transfermarkt.com/gervinho/profil/spieler/33481",20,"Yes",38,38,"18 years","2005",23,777,103,478,19,"right","Attack","179",18,179,2005,1.21052631578947,"right",1,"[18,21)","[165,180]","(9,57]","2000s","Cote d'Ivoire","Rest_of_World"
"Shay Given","Ireland","https://fbref.com/en/players/0db918ff/Shay-Given","https://www.transfermarkt.com/shay-given/profil/spieler/3146",22,"Yes",41,49,"20 years","1996",5,296,46,524,21,"right","Goalkeeper","185",20,185,1996,0.238095238095238,"right",1,"[18,21)","(180,185]","(3,9]","1990s","Ireland","UK_Ireland"
"David Goodwillie","Scotland","https://fbref.com/en/players/079413e5/David-Goodwillie","https://www.transfermarkt.com/david-goodwillie/profil/spieler/37677",20,"No",NA,36,"16 years","2005",2,19,6,254,12,"right","Attack","175",16,175,2005,0.166666666666667,"right",0,"[15,18)","[165,180]","[0,3]","2000s","Scotland","UK_Ireland"
"Johnny Gorman","Northern Ireland  England","https://fbref.com/en/players/0dcc8a9f/Johnny-Gorman","https://www.transfermarkt.com/johnny-gorman/profil/spieler/145488",9,"Yes",28,33,"18 years","2011",0,0,0,13,4,"Not found","Attack","175",18,175,2011,0,"unknown",1,"[18,21)","[165,180]","[0,3]","2010s","Northern Ireland England","UK_Ireland"
"Mark Gower","England","https://fbref.com/en/players/84e341f9/Mark-Gower","https://www.transfermarkt.com/mark-gower/profil/spieler/39700",9,"Yes",36,47,"24 years","2003",0,0,0,344,11,"both","Midfield","180",24,180,2003,0,"both",1,"[24,30]","[165,180]","[0,3]","2000s","England","UK_Ireland"
"Danny Graham","England","https://fbref.com/en/players/7d7bdee6/Danny-Graham","https://www.transfermarkt.com/danny-graham/profil/spieler/29152",16,"Yes",35,40,"17 years","2003",1,9,2,579,18,"right","Attack","185",17,185,2003,0.0555555555555556,"right",1,"[15,18)","(180,185]","[0,3]","2000s","England","UK_Ireland"
"Zdeněk Grygera","Czech Republic","https://fbref.com/en/players/a00c9b66/Zdenek-Grygera","https://www.transfermarkt.com/zdenk-grygera/profil/spieler/6833",14,"Yes",32,45,"23 years","2003",3,324,67,219,12,"right","Defender","185",23,185,2003,0.25,"right",1,"[21,24)","(180,185]","[0,3]","2000s","Czech Republic","Rest_of_World"
"Brad Guzan","United States  Poland","https://fbref.com/en/players/d899e3bf/Brad-Guzan","https://www.transfermarkt.com/brad-guzan/profil/spieler/39471",21,"No",NA,41,"20 years","Not found",3,340,38,501,21,"left","Goalkeeper","193",20,193,NA,0.142857142857143,"left",0,"[18,21)","(185,203]","[0,3]","NAs","United States Poland","Rest_of_World"
"Fitz Hall","England","https://fbref.com/en/players/f799f31c/Fitz-Hall","https://www.transfermarkt.com/fitz-hall/profil/spieler/6580",10,"Yes",33,44,"21 years","2002",1,29,4,269,12,"right","Defender","193",21,193,2002,0.0833333333333333,"right",1,"[21,24)","(185,203]","[0,3]","2000s","England","UK_Ireland"
"Michael Harriman","Ireland  England","https://fbref.com/en/players/4c3e2fd0/Michael-Harriman","https://www.transfermarkt.com/michael-harriman/profil/spieler/155233",15,"No",NA,33,"18 years","2011",0,0,0,293,11,"right","Defender","168",18,168,2011,0,"right",0,"[18,21)","[165,180]","[0,3]","2010s","Ireland England","UK_Ireland"
"Heiðar Helguson","Iceland","https://fbref.com/en/players/5491eca5/Heidar-Helguson","https://www.transfermarkt.com/heiar-helguson/profil/spieler/9886",18,"Yes",38,48,"21 years","1999",2,46,11,349,13,"both","Attack","177",21,177,1999,0.153846153846154,"both",1,"[21,24)","[165,180]","[0,3]","1990s","Iceland","Rest_of_World"
"Adam Henley","Wales  United States","https://fbref.com/en/players/f50cf139/Adam-Henley","https://www.transfermarkt.com/adam-henley/profil/spieler/173585",14,"No",NA,31,"17 years","2011",2,26,3,131,10,"right","Defender","178",17,178,2011,0.2,"right",0,"[15,18)","[165,180]","[0,3]","2010s","Wales United States","UK_Ireland"
"Thierry Henry","France  Guadeloupe","https://fbref.com/en/players/c0c5ee74/Thierry-Henry","https://www.transfermarkt.com/thierry-henry/profil/spieler/3207",20,"Yes",37,48,"17 years","1995",11,273,75,704,21,"both","Attack","188",17,188,1995,0.523809523809524,"both",1,"[15,18)","(185,203]","(9,57]","1990s","France Guadeloupe","EU_Major"
"Henrique Hilário","Portugal","https://fbref.com/en/players/0fbcbed1/Henrique-Hilario","https://www.transfermarkt.com/henrique-hilrio/profil/spieler/13886",18,"Yes",38,50,"25 years","2001",1,15,3,126,11,"right","Goalkeeper","189",25,189,2001,0.0909090909090909,"right",1,"[24,30]","(185,203]","[0,3]","2000s","Portugal","EU_Major"
"Clint Hill","England","https://fbref.com/en/players/c0936ded/Clint-Hill","https://www.transfermarkt.com/clint-hill/profil/spieler/13583",21,"Yes",39,47,"23 years","2002",3,36,7,454,16,"left","Defender","183",23,183,2002,0.1875,"left",1,"[21,24)","(180,185]","[0,3]","2000s","England","UK_Ireland"
"Grant Holt","England","https://fbref.com/en/players/1b64c1b2/Grant-Holt","https://www.transfermarkt.com/grant-holt/profil/spieler/13412",18,"Yes",39,44,"21 years","2002",2,25,5,516,16,"right","Attack","183",21,183,2002,0.125,"right",1,"[21,24)","(180,185]","[0,3]","2000s","England","UK_Ireland"
"Wes Hoolahan","Ireland","https://fbref.com/en/players/5236a502/Wes-Hoolahan","https://www.transfermarkt.com/wes-hoolahan/profil/spieler/24589",24,"No",NA,43,"23 years","2005",0,0,0,517,18,"left","Attack","168",23,168,2005,0,"left",0,"[21,24)","[165,180]","[0,3]","2000s","Ireland","UK_Ireland"
"Jonny Howson","England","https://fbref.com/en/players/08b10f50/Jonny-Howson","https://www.transfermarkt.com/jonny-howson/profil/spieler/45395",19,"No",NA,37,"18 years","2006",0,0,0,713,20,"right","Midfield","180",18,180,2006,0,"right",0,"[18,21)","[165,180]","[0,3]","2000s","England","UK_Ireland"
"Sam Hutchinson","England","https://fbref.com/en/players/800a3404/Sam-Hutchinson","https://www.transfermarkt.com/sam-hutchinson/profil/spieler/40617",19,"No",NA,36,"16 years","2006",8,1843,64,262,17,"right","Midfield","182",16,182,2006,0.470588235294118,"right",0,"[15,18)","(180,185]","(3,9]","2000s","England","UK_Ireland"
"Carl Ikeme","Nigeria  England","https://fbref.com/en/players/8646429b/Carl-Ikeme","https://www.transfermarkt.com/carl-ikeme/profil/spieler/26412",12,"Yes",32,39,"19 years","2005",2,359,53,258,10,"right","Goalkeeper","188",19,188,2005,0.2,"right",1,"[18,21)","(185,203]","[0,3]","2000s","Nigeria England","UK_Ireland"
"Simeon Jackson","Canada  Jamaica","https://fbref.com/en/players/8f8bbbac/Simeon-Jackson","https://www.transfermarkt.com/simeon-jackson/profil/spieler/44913",13,"Yes",36,38,"17 years","2004",1,7,1,453,18,"right","Attack","175",17,175,2004,0.0555555555555556,"right",1,"[15,18)","[165,180]","[0,3]","2000s","Canada Jamaica","Rest_of_World"
"Nikica Jelavić","Croatia","https://fbref.com/en/players/1a29f38c/Nikica-Jelavic","https://www.transfermarkt.com/nikica-jelavi/profil/spieler/25742",15,"Yes",35,40,"21 years","2007",6,197,38,314,12,"both","Attack","188",21,188,2007,0.5,"both",1,"[21,24)","(185,203]","(3,9]","2000s","Croatia","Rest_of_World"
"Carl Jenkinson","England  Finland","https://fbref.com/en/players/874125a3/Carl-Jenkinson","https://www.transfermarkt.com/carl-jenkinson/profil/spieler/126321",14,"No",NA,33,"18 years","2010",7,829,128,223,15,"right","Defender","187",18,187,2010,0.466666666666667,"right",0,"[18,21)","(185,203]","(3,9]","2010s","England Finland","UK_Ireland"
"Bradley Johnson","England","https://fbref.com/en/players/e0d9bbbe/Bradley-Johnson","https://www.transfermarkt.com/bradley-johnson/profil/spieler/49327",14,"Yes",37,38,"17 years","2004",2,27,5,601,20,"left","Midfield","183",17,183,2004,0.1,"left",1,"[15,18)","(180,185]","[0,3]","2000s","England","UK_Ireland"
"Billy Jones","England","https://fbref.com/en/players/aa3cb1ad/Billy-Jones","https://www.transfermarkt.com/billy-jones/profil/spieler/36866",18,"Yes",34,38,"16 years","2003",7,234,62,498,18,"right","Defender","181",16,181,2003,0.388888888888889,"right",1,"[15,18)","(180,185]","(3,9]","2000s","England","UK_Ireland"
"Brad Jones","Australia  England","https://fbref.com/en/players/ffc1c226/Brad-Jones","https://www.transfermarkt.com/brad-jones/profil/spieler/4042",22,"Yes",41,43,"20 years","2002",8,788,102,297,19,"left","Goalkeeper","191",20,191,2002,0.421052631578947,"left",1,"[18,21)","(185,203]","(3,9]","2000s","Australia England","UK_Ireland"
"Alexander Kačaniklić","Sweden  North Macedonia","https://fbref.com/en/players/8ba3a754/Alexander-Kacaniklic","https://www.transfermarkt.com/alexander-kaanikli/profil/spieler/51040",13,"Yes",33,34,"19 years","2011",6,1131,103,222,11,"left","Attack","180",19,180,2011,0.545454545454545,"left",1,"[18,21)","[165,180]","(3,9]","2010s","Sweden North Macedonia","Rest_of_World"
"Pajtim Kasami","Switzerland  North Macedonia","https://fbref.com/en/players/fc8c588f/Pajtim-Kasami","https://www.transfermarkt.com/pajtim-kasami/profil/spieler/130108",16,"No",NA,33,"17 years","2009",7,79,15,408,17,"left","Midfield","188",17,188,2009,0.411764705882353,"left",0,"[15,18)","(185,203]","(3,9]","2000s","Switzerland North Macedonia","Rest_of_World"
"Jake Kean","England","https://fbref.com/en/players/66d29ce7/Jake-Kean","https://www.transfermarkt.com/jake-kean/profil/spieler/121388",9,"Yes",30,34,"19 years","2010",0,0,0,117,8,"Not found","Goalkeeper","193",19,193,2010,0,"unknown",1,"[18,21)","(185,203]","[0,3]","2010s","England","UK_Ireland"
"Will Keane","Ireland  England","https://fbref.com/en/players/fc7f8f87/Will-Keane","https://www.transfermarkt.com/will-keane/profil/spieler/118535",14,"No",NA,32,"18 years","2011",5,1267,168,314,14,"right","Attack","188",18,188,2011,0.357142857142857,"right",0,"[18,21)","(185,203]","(3,9]","2010s","Ireland England","UK_Ireland"
"Paddy Kenny","Ireland  England","https://fbref.com/en/players/b03eb26c/Paddy-Kenny","https://www.transfermarkt.com/paddy-kenny/profil/spieler/13524",16,"Yes",40,47,"24 years","2002",0,0,0,435,13,"right","Goalkeeper","185",24,185,2002,0,"right",1,"[24,30]","(180,185]","[0,3]","2000s","Ireland England","UK_Ireland"
"Matthew Kilgallon","England","https://fbref.com/en/players/7c6a3c44/Matthew-Kilgallon","https://www.transfermarkt.com/matthew-kilgallon/profil/spieler/4095",18,"Yes",37,41,"18 years","2002",0,0,0,387,18,"Not found","Defender","185",18,185,2002,0,"unknown",1,"[18,21)","(180,185]","[0,3]","2000s","England","UK_Ireland"
"Cameron Lancaster","England","https://fbref.com/en/players/7eadfdd6/Cameron-Lancaster","https://www.transfermarkt.com/cameron-lancaster/profil/spieler/182660",14,"No",NA,33,"17 years","2010",0,0,0,211,14,"Not found","Attack","183",17,183,2010,0,"unknown",0,"[15,18)","(180,185]","[0,3]","2010s","England","UK_Ireland"
"Henri Lansbury","England","https://fbref.com/en/players/fe8e6fa1/Henri-Lansbury","https://www.transfermarkt.com/henri-lansbury/profil/spieler/44794",14,"Yes",32,35,"17 years","2008",4,115,37,369,15,"right","Midfield","183",17,183,2008,0.266666666666667,"right",1,"[15,18)","(180,185]","(3,9]","2000s","England","UK_Ireland"
"Simon Lappin","Scotland","https://fbref.com/en/players/a985ccde/Simon-Lappin","https://www.transfermarkt.com/simon-lappin/profil/spieler/14792",17,"Yes",36,42,"23 years","2006",5,155,19,215,11,"left","Midfield","180",23,180,2006,0.454545454545455,"left",1,"[21,24)","[165,180]","(3,9]","2000s","Scotland","UK_Ireland"
"Anders Lindegaard","Denmark","https://fbref.com/en/players/636f1a28/Anders-Lindegaard","https://www.transfermarkt.com/anders-lindegaard/profil/spieler/22491",16,"Yes",38,41,"22 years","2006",4,152,36,169,14,"right","Goalkeeper","193",22,193,2006,0.285714285714286,"right",1,"[21,24)","(185,203]","(3,9]","2000s","Denmark","Rest_of_World"
"Leroy Lita","England  DR Congo","https://fbref.com/en/players/238f467d/Leroy-Lita","https://www.transfermarkt.com/leroy-lita/profil/spieler/20975",20,"No",NA,40,"17 years","2002",0,0,0,358,14,"right","Attack","175",17,175,2002,0,"right",0,"[15,18)","[165,180]","[0,3]","2000s","England DR Congo","UK_Ireland"
"Jake Livermore","England","https://fbref.com/en/players/b98570d1/Jake-Livermore","https://www.transfermarkt.com/jake-livermore/profil/spieler/61832",16,"Yes",35,36,"17 years","2007",1,21,3,478,16,"right","Midfield","175",17,175,2007,0.0625,"right",1,"[15,18)","[165,180]","[0,3]","2000s","England","UK_Ireland"
"Shane Long","Ireland","https://fbref.com/en/players/9f472354/Shane-Long","https://www.transfermarkt.com/shane-long/profil/spieler/37304",18,"Yes",36,38,"18 years","2005",15,290,48,555,18,"both","Attack","180",18,180,2005,0.833333333333333,"both",1,"[18,21)","[165,180]","(9,57]","2000s","Ireland","UK_Ireland"
"Romelu Lukaku","Belgium  DR Congo","https://fbref.com/en/players/5eae500a/Romelu-Lukaku","https://www.transfermarkt.com/romelu-lukaku/profil/spieler/96341",16,"No",NA,32,"16 years","2009",20,468,91,655,17,"left","Attack","192",16,192,2009,1.17647058823529,"left",0,"[15,18)","(185,203]","(9,57]","2000s","Belgium DR Congo","EU_Major"
"Jamie Mackie","Scotland  England","https://fbref.com/en/players/d0de6b37/Jamie-Mackie","https://www.transfermarkt.com/jamie-mackie/profil/spieler/15929",16,"Yes",34,40,"17 years","2003",0,0,0,493,16,"right","Attack","173",17,173,2003,0,"right",1,"[15,18)","[165,180]","[0,3]","2000s","Scotland England","UK_Ireland"
"Stefan Maierhofer","Austria","https://fbref.com/en/players/6dfec8d4/Stefan-Maierhofer","https://www.transfermarkt.com/stefan-maierhofer/profil/spieler/32660",16,"Yes",40,43,"23 years","2006",7,120,14,263,13,"right","Attack","202",23,202,2006,0.538461538461538,"right",1,"[21,24)","(185,203]","(3,9]","2000s","Austria","Rest_of_World"
"Shaun Maloney","Scotland  England","https://fbref.com/en/players/0558e236/Shaun-Maloney","https://www.transfermarkt.com/shaun-maloney/profil/spieler/9508",16,"Yes",34,42,"17 years","2000",4,260,47,339,18,"right","Attack","171",17,171,2000,0.222222222222222,"right",1,"[15,18)","[165,180]","(3,9]","2000s","Scotland England","UK_Ireland"
"Russell Martin","Scotland  England","https://fbref.com/en/players/24952f1e/Russell-Martin","https://www.transfermarkt.com/russell-martin/profil/spieler/67303",10,"Yes",33,39,"18 years","2004",3,45,9,529,16,"right","Defender","183",18,183,2004,0.1875,"right",1,"[18,21)","(180,185]","[0,3]","2000s","Scotland England","UK_Ireland"
"Sylvain Marveaux","France  Martinique","https://fbref.com/en/players/4ef705ab/Sylvain-Marveaux","https://www.transfermarkt.com/sylvain-marveaux/profil/spieler/39909",15,"Yes",35,39,"20 years","2006",7,531,125,301,16,"left","Attack","172",20,172,2006,0.4375,"left",1,"[18,21)","[165,180]","(3,9]","2000s","France Martinique","EU_Major"
"Juan Mata","Spain","https://fbref.com/en/players/29733c72/Juan-Mata","https://www.transfermarkt.com/juan-mata/profil/spieler/44068",19,"No",NA,37,"18 years","2006",5,119,26,633,20,"left","Attack","170",18,170,2006,0.25,"left",0,"[18,21)","[165,180]","(3,9]","2000s","Spain","EU_Major"
"Conor McAleny","England","https://fbref.com/en/players/5dc37d9d/Conor-McAleny","https://www.transfermarkt.com/conor-mcaleny/profil/spieler/121260",14,"No",NA,33,"18 years","2011",1,153,24,330,14,"right","Attack","178",18,178,2011,0.0714285714285714,"right",0,"[18,21)","[165,180]","[0,3]","2010s","England","UK_Ireland"
"Gareth McAuley","Northern Ireland","https://fbref.com/en/players/ac7d7378/Gareth-McAuley","https://www.transfermarkt.com/gareth-mcauley/profil/spieler/40567",13,"Yes",39,46,"24 years","2004",3,217,34,491,15,"right","Defender","191",24,191,2004,0.2,"right",1,"[24,30]","(185,203]","[0,3]","2000s","Northern Ireland","UK_Ireland"
"James McClean","Ireland  Northern Ireland","https://fbref.com/en/players/53538b39/James-McClean","https://www.transfermarkt.com/james-mcclean/profil/spieler/85935",17,"No",NA,36,"22 years","2011",4,47,9,546,15,"left","Midfield","180",22,180,2011,0.266666666666667,"left",0,"[21,24)","[165,180]","(3,9]","2010s","Ireland Northern Ireland","UK_Ireland"
"Tyrone Mears","England  Sierra Leone","https://fbref.com/en/players/6f34d0b5/Tyrone-Mears","https://www.transfermarkt.com/tyrone-mears/profil/spieler/14050",17,"Yes",36,42,"18 years","2001",4,335,53,347,18,"right","Defender","181",18,181,2001,0.222222222222222,"right",1,"[18,21)","(180,185]","(3,9]","2000s","England Sierra Leone","UK_Ireland"
"Per Mertesacker","Germany","https://fbref.com/en/players/5be28712/Per-Mertesacker","https://www.transfermarkt.com/per-mertesacker/profil/spieler/6710",14,"Yes",33,41,"18 years","2003",11,610,97,474,15,"right","Defender","198",18,198,2003,0.733333333333333,"right",1,"[18,21)","(185,203]","(9,57]","2000s","Germany","EU_Major"
"Ignasi Miquel","Spain","https://fbref.com/en/players/174f09a6/Ignasi-Miquel","https://www.transfermarkt.com/ignasi-miquel/profil/spieler/70245",15,"No",NA,33,"18 years","2011",2,179,26,293,15,"left","Defender","193",18,193,2011,0.133333333333333,"left",0,"[18,21)","(185,203]","[0,3]","2010s","Spain","EU_Major"
"Ryo Miyaichi","Japan","https://fbref.com/en/players/c4acb36f/Ryo-Miyaichi","https://www.transfermarkt.com/ryo-miyaichi/profil/spieler/129688",14,"No",NA,32,"17 years","2010",19,1763,260,223,15,"right","Attack","183",17,183,2010,1.26666666666667,"right",0,"[15,18)","(180,185]","(9,57]","2010s","Japan","Rest_of_World"
"Anthony Modeste","France  Martinique","https://fbref.com/en/players/34e4343c/Anthony-Modeste","https://www.transfermarkt.com/anthony-modeste/profil/spieler/50512",18,"No",NA,37,"19 years","2007",14,315,27,448,18,"right","Attack","187",19,187,2007,0.777777777777778,"right",0,"[18,21)","(185,203]","(9,57]","2000s","France Martinique","EU_Major"
"Garry Monk","England","https://fbref.com/en/players/a70de3a4/Garry-Monk","https://www.transfermarkt.com/garry-monk/profil/spieler/4111",16,"Yes",35,46,"19 years","1998",1,78,17,262,15,"right","Defender","183",19,183,1998,0.0666666666666667,"right",1,"[18,21)","(180,185]","[0,3]","1990s","England","UK_Ireland"
"Luke Moore","England  Jamaica","https://fbref.com/en/players/bf06d13a/Luke-Moore","https://www.transfermarkt.com/luke-moore/profil/spieler/4075",13,"Yes",30,39,"17 years","2003",3,59,12,270,13,"Not found","Attack","180",17,180,2003,0.230769230769231,"unknown",1,"[15,18)","[165,180]","[0,3]","2000s","England Jamaica","UK_Ireland"
"Vangelis Moras","Greece","https://fbref.com/en/players/bffec2a8/Vangelis-Moras","https://www.transfermarkt.com/vangelis-moras/profil/spieler/9850",20,"Yes",39,44,"20 years","2002",6,79,13,431,18,"right","Defender","193",20,193,2002,0.333333333333333,"right",1,"[18,21)","(185,203]","(3,9]","2000s","Greece","Rest_of_World"
"Steve Morison","Wales  England","https://fbref.com/en/players/292064fa/Steve-Morison","https://www.transfermarkt.com/steve-morison/profil/spieler/104725",10,"Yes",36,42,"18 years","2002",0,0,0,560,17,"right","Attack","188",18,188,2002,0,"right",1,"[18,21)","(185,203]","[0,3]","2000s","Wales England","UK_Ireland"
"Kyle Naughton","England  Ireland","https://fbref.com/en/players/e860c42f/Kyle-Naughton","https://www.transfermarkt.com/kyle-naughton/profil/spieler/66219",18,"No",NA,37,"18 years","2007",5,162,26,529,18,"right","Defender","180",18,180,2007,0.277777777777778,"right",0,"[18,21)","[165,180]","(3,9]","2000s","England Ireland","UK_Ireland"
"Marcus Olsson","Sweden","https://fbref.com/en/players/47e41ec8/Marcus-Olsson","https://www.transfermarkt.com/marcus-olsson/profil/spieler/72264",18,"No",NA,37,"19 years","Not found",0,0,0,351,17,"left","Defender","180",19,180,NA,0,"left",0,"[18,21)","[165,180]","[0,3]","NAs","Sweden","Rest_of_World"
"Andrea Orlandi","Spain  Italy","https://fbref.com/en/players/b1403ee6/Andrea-Orlandi","https://www.transfermarkt.com/andrea-orlandi/profil/spieler/29117",13,"Yes",34,41,"18 years","2003",1,77,11,208,13,"left","Midfield","180",18,180,2003,0.0769230769230769,"left",1,"[18,21)","[165,180]","[0,3]","2000s","Spain Italy","EU_Major"
"Bradley Orr","England","https://fbref.com/en/players/78142987/Bradley-Orr","https://www.transfermarkt.com/bradley-orr/profil/spieler/16091",11,"Yes",32,43,"20 years","2003",0,0,0,339,12,"right","Defender","183",20,183,2003,0,"right",1,"[18,21)","(180,185]","[0,3]","2000s","England","UK_Ireland"
"Alex Oxlade-Chamberlain","England","https://fbref.com/en/players/38c7feef/Alex-Oxlade-Chamberlain","https://www.transfermarkt.com/alex-oxlade-chamberlain/profil/spieler/143424",14,"No",NA,32,"15 years","2009",23,1247,233,409,17,"right","Midfield","180",15,180,2009,1.35294117647059,"right",0,"[15,18)","[165,180]","(9,57]","2000s","England","UK_Ireland"
"Bruno Perone","Brazil  Italy","https://fbref.com/en/players/58591790/Bruno-Perone","https://www.transfermarkt.com/bruno-perone/profil/spieler/67996",18,"No",NA,38,"24 years","2011",1,22,2,96,6,"right","Defender","191",24,191,2011,0.166666666666667,"right",0,"[24,30]","(185,203]","[0,3]","2010s","Brazil Italy","EU_Major"
"Radosav Petrović","Serbia","https://fbref.com/en/players/7214c684/Radosav-Petrovic","https://www.transfermarkt.com/radosav-petrovi/profil/spieler/75296",17,"No",NA,36,"19 years","2008",5,119,21,327,16,"right","Defender","193",19,193,2008,0.3125,"right",0,"[18,21)","(185,203]","(3,9]","2000s","Serbia","Rest_of_World"
"Anthony Pilkington","Ireland  England","https://fbref.com/en/players/b31af577/Anthony-Pilkington","https://www.transfermarkt.com/anthony-pilkington/profil/spieler/67322",11,"Yes",34,37,"18 years","2006",6,171,28,423,16,"both","Attack","183",18,183,2006,0.375,"both",1,"[18,21)","(180,185]","(3,9]","2000s","Ireland England","UK_Ireland"
"David Pizarro","Chile","https://fbref.com/en/players/8b92c119/David-Pizarro","https://www.transfermarkt.com/david-pizarro/profil/spieler/5896",20,"Yes",39,46,"19 years","1999",21,544,95,512,20,"right","Midfield","168",19,168,1999,1.05,"right",1,"[18,21)","[165,180]","(9,57]","1990s","Chile","Rest_of_World"
"Paul Pogba","France  Guinea","https://fbref.com/en/players/867239d3/Paul-Pogba","https://www.transfermarkt.com/paul-pogba/profil/spieler/122153",14,"No",NA,32,"18 years","2011",40,1340,225,419,14,"both","Midfield","191",18,191,2011,2.85714285714286,"both",0,"[18,21)","(185,203]","(9,57]","2010s","France Guinea","EU_Major"
"Pavel Pogrebnyak","Russia","https://fbref.com/en/players/f1085969/Pavel-Pogrebnyak","https://www.transfermarkt.com/pavel-pogrebnyak/profil/spieler/15074",19,"Yes",37,42,"18 years","Not found",8,515,51,409,20,"N/A","Attack","187",18,187,NA,0.4,"unknown",1,"[18,21)","(185,203]","(3,9]","NAs","Russia","Rest_of_World"
"Darren Pratley","England  Jamaica","https://fbref.com/en/players/bfc3bf1b/Darren-Pratley","https://www.transfermarkt.com/darren-pratley/profil/spieler/28957",22,"Yes",40,40,"18 years","2003",2,221,43,676,22,"right","Midfield","185",18,185,2003,0.0909090909090909,"right",1,"[18,21)","(180,185]","[0,3]","2000s","England Jamaica","UK_Ireland"
"Àngel Rangel","Spain","https://fbref.com/en/players/93ee387c/Angel-Rangel","https://www.transfermarkt.com/ngel-rangel/profil/spieler/66550",14,"Yes",39,43,"24 years","2007",11,861,73,384,13,"right","Defender","188",24,188,2007,0.846153846153846,"right",1,"[24,30]","(185,203]","(9,57]","2000s","Spain","EU_Major"
"Tim Ream","United States","https://fbref.com/en/players/28b40c9c/Tim-Ream","https://www.transfermarkt.com/tim-ream/profil/spieler/145466",16,"No",NA,38,"22 years","Not found",6,150,32,521,17,"left","Defender","185",22,185,NA,0.352941176470588,"left",0,"[21,24)","(180,185]","(3,9]","NAs","United States","Rest_of_World"
"Jazz Richards","Wales","https://fbref.com/en/players/afef14da/Jazz-Richards","https://www.transfermarkt.com/jazz-richards/profil/spieler/120241",15,"Yes",33,34,"18 years","2009",6,475,85,159,11,"right","Defender","185",18,185,2009,0.545454545454545,"right",1,"[18,21)","(180,185]","(3,9]","2000s","Wales","UK_Ireland"
"Joe Riley","England","https://fbref.com/en/players/63dd1061/Joe-Riley","https://www.transfermarkt.com/joe-riley/profil/spieler/125117",9,"Yes",29,34,"19 years","2011",1,183,31,175,7,"right","Defender","183",19,183,2011,0.142857142857143,"right",1,"[18,21)","(180,185]","[0,3]","2010s","England","UK_Ireland"
"Oriol Romeu","Spain","https://fbref.com/en/players/4b511457/Oriol-Romeu","https://www.transfermarkt.com/oriol-romeu/profil/spieler/66100",16,"No",NA,34,"18 years","2010",11,480,108,449,16,"right","Midfield","183",18,183,2010,0.6875,"right",0,"[18,21)","(180,185]","(9,57]","2010s","Spain","EU_Major"
"Declan Rudd","England","https://fbref.com/en/players/42f4f848/Declan-Rudd","https://www.transfermarkt.com/declan-rudd/profil/spieler/74088",12,"Yes",31,34,"18 years","2009",2,115,25,253,13,"right","Goalkeeper","191",18,191,2009,0.153846153846154,"right",1,"[18,21)","(185,203]","[0,3]","2000s","England","UK_Ireland"
"John Ruddy","England","https://fbref.com/en/players/da8b19e2/John-Ruddy","https://www.transfermarkt.com/john-ruddy/profil/spieler/29712",20,"No",NA,39,"16 years","2003",1,141,26,532,21,"right","Goalkeeper","193",16,193,2003,0.0476190476190476,"right",0,"[15,18)","(185,203]","[0,3]","2000s","England","UK_Ireland"
"Bryan Ruiz","Costa Rica","https://fbref.com/en/players/fa6292e2/Bryan-Ruiz","https://www.transfermarkt.com/bryan-ruiz/profil/spieler/39642",17,"Yes",37,40,"20 years","2006",8,174,30,394,14,"left","Attack","188",20,188,2006,0.571428571428571,"left",1,"[18,21)","(185,203]","(3,9]","2000s","Costa Rica","Rest_of_World"
"Orlando Sá","Portugal","https://fbref.com/en/players/e054ee4e/Orlando-Sa","https://www.transfermarkt.com/orlando-s/profil/spieler/64535",13,"Yes",33,37,"20 years","2008",6,582,83,214,13,"right","Attack","188",20,188,2008,0.461538461538462,"right",1,"[18,21)","(185,203]","(3,9]","2000s","Portugal","EU_Major"
"Davide Santon","Italy","https://fbref.com/en/players/88c89891/Davide-Santon","https://www.transfermarkt.com/davide-santon/profil/spieler/84344",13,"Yes",31,34,"17 years","2008",18,592,123,257,13,"right","Defender","186",17,186,2008,1.38461538461538,"right",1,"[15,18)","(185,203]","(9,57]","2000s","Italy","EU_Major"
"André Santos","Brazil","https://fbref.com/en/players/2ee47557/Andre-Santos","https://www.transfermarkt.com/andr-santos/profil/spieler/54275",14,"Yes",35,42,"26 years","2009",8,201,46,104,6,"left","Defender","182",26,182,2009,1.33333333333333,"left",1,"[24,30]","(180,185]","(3,9]","2000s","Brazil","South_America"
"Stefan Savić","Montenegro  Serbia","https://fbref.com/en/players/f6ac68c1/Stefan-Savic","https://www.transfermarkt.com/stefan-savi/profil/spieler/107010",16,"No",NA,34,"18 years","2009",31,823,149,485,17,"right","Defender","188",18,188,2009,1.82352941176471,"right",0,"[18,21)","(185,203]","(9,57]","2000s","Montenegro Serbia","Rest_of_World"
"Gylfi Sigurðsson","Iceland","https://fbref.com/en/players/76dd1480/Gylfi-Sigurdsson","https://www.transfermarkt.com/gylfi-sigursson/profil/spieler/90466",17,"No",NA,36,"18 years","2008",6,170,28,463,14,"right","Attack","186",18,186,2008,0.428571428571429,"right",0,"[18,21)","(185,203]","(3,9]","2000s","Iceland","Rest_of_World"
"Scott Sinclair","England  Jamaica","https://fbref.com/en/players/273c483b/Scott-Sinclair","https://www.transfermarkt.com/scott-sinclair/profil/spieler/31552",19,"No",NA,36,"15 years","2004",3,110,22,539,20,"right","Attack","175",15,175,2004,0.15,"right",0,"[15,18)","[165,180]","[0,3]","2000s","England Jamaica","UK_Ireland"
"Jordan Slew","England  Jamaica","https://fbref.com/en/players/372307ab/Jordan-Slew","https://www.transfermarkt.com/jordan-slew/profil/spieler/164785",15,"No",NA,33,"17 years","2010",1,111,15,309,14,"right","Attack","191",17,191,2010,0.0714285714285714,"right",0,"[15,18)","(185,203]","[0,3]","2010s","England Jamaica","UK_Ireland"
"Adam Smith","England","https://fbref.com/en/players/20b104bc/Adam-Smith","https://www.transfermarkt.com/adam-smith/profil/spieler/61841",14,"No",NA,34,"18 years","2009",18,702,100,476,17,"right","Defender","174",18,174,2009,1.05882352941176,"right",0,"[18,21)","[165,180]","(9,57]","2000s","England","UK_Ireland"
"Marvin Sordell","England","https://fbref.com/en/players/9f596d20/Marvin-Sordell","https://www.transfermarkt.com/marvin-sordell/profil/spieler/120599",16,"No",NA,34,"18 years","2009",1,135,18,299,11,"right","Attack","177",18,177,2009,0.0909090909090909,"right",0,"[18,21)","[165,180]","[0,3]","2000s","England","UK_Ireland"
"Raheem Sterling","England  Jamaica","https://fbref.com/en/players/b400bde0/Raheem-Sterling","https://www.transfermarkt.com/raheem-sterling/profil/spieler/134425",14,"No",NA,31,"16 years","2011",16,333,58,566,14,"right","Attack","170",16,170,2011,1.14285714285714,"right",0,"[15,18)","[165,180]","(9,57]","2010s","England Jamaica","UK_Ireland"
"Denis Stracqualursi","Argentina  Italy","https://fbref.com/en/players/623e9fe1/Denis-Stracqualursi","https://www.transfermarkt.com/denis-stracqualursi/profil/spieler/92544",14,"Yes",35,38,"23 years","2011",2,18,4,134,7,"right","Attack","190",23,190,2011,0.285714285714286,"right",1,"[21,24)","(185,203]","[0,3]","2010s","Argentina Italy","EU_Major"
"Andrew Surman","England  South Africa","https://fbref.com/en/players/7d41b619/Andrew-Surman","https://www.transfermarkt.com/andrew-surman/profil/spieler/29975",15,"Yes",34,39,"17 years","2004",9,397,53,457,17,"left","Midfield","178",17,178,2004,0.529411764705882,"left",1,"[15,18)","[165,180]","(3,9]","2000s","England South Africa","UK_Ireland"
"Adel Taarabt","Morocco  France","https://fbref.com/en/players/47dc80f5/Adel-Taarabt","https://www.transfermarkt.com/adel-taarabt/profil/spieler/45287",19,"No",NA,36,"17 years","2006",12,264,45,328,16,"right","Midfield","177",17,177,2006,0.75,"right",0,"[15,18)","[165,180]","(9,57]","2000s","Morocco France","EU_Major"
"Taye Taiwo","Nigeria","https://fbref.com/en/players/1e437f1f/Taye-Taiwo","https://www.transfermarkt.com/taye-taiwo/profil/spieler/28922",18,"Yes",37,40,"19 years","2004",3,50,9,428,16,"left","Defender","183",19,183,2004,0.1875,"left",1,"[18,21)","(180,185]","[0,3]","2000s","Nigeria","Rest_of_World"
"Alan Tate","England","https://fbref.com/en/players/d25626aa/Alan-Tate","https://www.transfermarkt.com/alan-tate/profil/spieler/7337",14,"Yes",33,43,"19 years","2002",3,318,27,337,13,"right","Defender","185",19,185,2002,0.230769230769231,"right",1,"[18,21)","(180,185]","[0,3]","2000s","England","UK_Ireland"
"Neil Taylor","Wales  India","https://fbref.com/en/players/c2f9d19f/Neil-Taylor","https://www.transfermarkt.com/neil-taylor/profil/spieler/67416",12,"Yes",33,36,"18 years","2007",5,315,75,361,15,"left","Defender","175",18,175,2007,0.333333333333333,"left",1,"[18,21)","[165,180]","(3,9]","2000s","Wales India","UK_Ireland"
"Marc Tierney","England  Ireland","https://fbref.com/en/players/d4c01c38/Marc-Tierney","https://www.transfermarkt.com/marc-tierney/profil/spieler/67346",4,"Yes",29,40,"17 years","2003",2,610,95,239,11,"left","Defender","183",17,183,2003,0.181818181818182,"left",1,"[15,18)","(180,185]","[0,3]","2000s","England Ireland","UK_Ireland"
"Armand Traoré","Senegal  France","https://fbref.com/en/players/021ea92d/Armand-Traore","https://www.transfermarkt.com/armand-traor/profil/spieler/33783",12,"Yes",30,36,"17 years","2007",9,271,50,176,11,"left","Defender","184",17,184,2007,0.818181818181818,"left",1,"[15,18)","(180,185]","(3,9]","2000s","Senegal France","EU_Major"
"Gerhard Tremmel","Germany","https://fbref.com/en/players/4370cecc/Gerhard-Tremmel","https://www.transfermarkt.com/gerhard-tremmel/profil/spieler/488",17,"Yes",38,47,"20 years","1999",0,0,0,229,14,"N/A","Goalkeeper","190",20,190,1999,0,"unknown",1,"[18,21)","(185,203]","[0,3]","1990s","Germany","EU_Major"
"Marcello Trotta","Italy","https://fbref.com/en/players/acdad0aa/Marcello-Trotta","https://www.transfermarkt.com/marcello-trotta/profil/spieler/129505",14,"No",NA,33,"18 years","2011",8,306,24,254,10,"left","Attack","188",18,188,2011,0.8,"left",0,"[18,21)","(185,203]","(3,9]","2010s","Italy","EU_Major"
"Ross Turnbull","England","https://fbref.com/en/players/6db380ef/Ross-Turnbull","https://www.transfermarkt.com/ross-turnbull/profil/spieler/29159",12,"Yes",32,40,"18 years","2003",0,0,0,156,12,"right","Goalkeeper","193",18,193,2003,0,"right",1,"[18,21)","(185,203]","[0,3]","2000s","England","UK_Ireland"
"Josh Vela","England","https://fbref.com/en/players/dede4a42/Josh-Vela","https://www.transfermarkt.com/josh-vela/profil/spieler/173804",13,"No",NA,31,"17 years","2011",1,69,14,393,14,"right","Midfield","181",17,181,2011,0.0714285714285714,"right",0,"[15,18)","(180,185]","[0,3]","2010s","England","UK_Ireland"
"Michel Vorm","Netherlands  Suriname","https://fbref.com/en/players/1bebde9d/Michel-Vorm","https://www.transfermarkt.com/michel-vorm/profil/spieler/26276",15,"Yes",36,42,"22 years","2006",6,273,53,284,14,"right","Goalkeeper","183",22,183,2006,0.428571428571429,"right",1,"[21,24)","(180,185]","(3,9]","2000s","Netherlands Suriname","EU_Major"
"Dorus de Vries","Netherlands","https://fbref.com/en/players/e704919e/Dorus-de-Vries","https://www.transfermarkt.com/dorus-de-vries/profil/spieler/6404",19,"Yes",38,44,"22 years","2003",2,25,4,359,15,"right","Goalkeeper","190",22,190,2003,0.133333333333333,"right",1,"[21,24)","(185,203]","[0,3]","2000s","Netherlands","EU_Major"
"Haris Vučkić","Slovenia","https://fbref.com/en/players/a8f4dfb9/Haris-Vuckic","https://www.transfermarkt.com/haris-vuki/profil/spieler/76560",18,"No",NA,33,"16 years","2009",7,933,164,179,13,"left","Attack","185",16,185,2009,0.538461538461538,"left",0,"[15,18)","(180,185]","(3,9]","2000s","Slovenia","Rest_of_World"
"Simon Vukčević","Montenegro","https://fbref.com/en/players/562d696a/Simon-Vukcevic","https://www.transfermarkt.com/simon-vukevi/profil/spieler/27239",14,"Yes",32,39,"20 years","Not found",7,177,30,210,13,"left","Attack","179",20,179,NA,0.538461538461538,"left",1,"[18,21)","[165,180]","(3,9]","NAs","Montenegro","Rest_of_World"
"Elliott Ward","England","https://fbref.com/en/players/58e98028/Elliott-Ward","https://www.transfermarkt.com/elliott-ward/profil/spieler/15838",16,"Yes",36,40,"19 years","2004",0,0,0,351,16,"right","Defender","185",19,185,2004,0,"right",1,"[18,21)","(180,185]","[0,3]","2000s","England","UK_Ireland"
"Keiren Westwood","Ireland  England","https://fbref.com/en/players/674ef042/Keiren-Westwood","https://www.transfermarkt.com/keiren-westwood/profil/spieler/15164",17,"Yes",40,41,"20 years","2005",3,401,71,476,16,"left","Goalkeeper","188",20,188,2005,0.1875,"left",1,"[18,21)","(185,203]","[0,3]","2000s","Ireland England","UK_Ireland"
"Zak Whitbread","United States  England","https://fbref.com/en/players/846e7a85/Zak-Whitbread","https://www.transfermarkt.com/zak-whitbread/profil/spieler/22230",11,"Yes",32,41,"21 years","2005",3,234,44,205,11,"left","Defender","188",21,188,2005,0.272727272727273,"left",1,"[21,24)","(185,203]","[0,3]","2000s","United States England","UK_Ireland"
"Connor Wickham","England  Northern Ireland","https://fbref.com/en/players/41cc19c2/Connor-Wickham","https://www.transfermarkt.com/connor-wickham/profil/spieler/95435",16,"No",NA,32,"15 years","2008",15,1194,173,285,15,"right","Attack","191",15,191,2008,1,"right",0,"[15,18)","(185,203]","(9,57]","2000s","England Northern Ireland","UK_Ireland"
"Aaron Wilbraham","England","https://fbref.com/en/players/9b2c7f55/Aaron-Wilbraham","https://www.transfermarkt.com/aaron-wilbraham/profil/spieler/67202",22,"Yes",40,46,"20 years","Not found",0,0,0,533,20,"right","Attack","191",20,191,NA,0,"right",1,"[18,21)","(185,203]","[0,3]","NAs","England","UK_Ireland"
"Ashley Williams","Wales  England","https://fbref.com/en/players/a498e276/Ashley-Williams","https://www.transfermarkt.com/ashley-williams/profil/spieler/67355",13,"Yes",36,41,"18 years","2003",1,4,0,629,17,"right","Defender","183",18,183,2003,0.0588235294117647,"right",1,"[18,21)","(180,185]","[0,3]","2000s","Wales England","UK_Ireland"
"Jonathan Woodgate","England","https://fbref.com/en/players/9482a3bd/Jonathan-Woodgate","https://www.transfermarkt.com/jonathan-woodgate/profil/spieler/3224",18,"Yes",36,45,"18 years","1998",8,568,113,349,17,"right","Defender","188",18,188,1998,0.470588235294118,"right",1,"[18,21)","(185,203]","(3,9]","1990s","England","UK_Ireland"
"Nico Yennaris","China  England","https://fbref.com/en/players/8cc4b934/Nico-Yennaris","https://www.transfermarkt.com/nico-yennaris/profil/spieler/122721",14,"No",NA,32,"18 years","2011",4,636,50,283,13,"right","Midfield","174",18,174,2011,0.307692307692308,"right",0,"[18,21)","[165,180]","(3,9]","2010s","China England","UK_Ireland"
"Karim El Ahmadi","Morocco  Netherlands","https://fbref.com/en/players/0ff9eabc/Karim-El-Ahmadi","https://www.transfermarkt.com/karim-el-ahmadi/profil/spieler/25523",18,"Yes",37,40,"18 years","2003",8,160,23,468,19,"right","Midfield","185",18,185,2003,0.421052631578947,"right",1,"[18,21)","(180,185]","(3,9]","2000s","Morocco Netherlands","EU_Major"
"Nathan Aké","Netherlands  Cote d'Ivoire","https://fbref.com/en/players/eaeca114/Nathan-Ake","https://www.transfermarkt.com/nathan-ak/profil/spieler/177476",13,"No",NA,30,"17 years","2012",18,446,100,326,16,"left","Defender","180",17,180,2012,1.125,"left",0,"[15,18)","[165,180]","(9,57]","2010s","Netherlands Cote d'Ivoire","EU_Major"
"Hope Akpan","Nigeria  England","https://fbref.com/en/players/1ccbca79/Hope-Akpan","https://www.transfermarkt.com/hope-akpan/profil/spieler/61559",11,"Yes",30,34,"18 years","2010",1,23,4,263,12,"right","Midfield","180",18,180,2010,0.0833333333333333,"right",1,"[18,21)","[165,180]","[0,3]","2010s","Nigeria England","UK_Ireland"
"Vurnon Anita","Curacao  Netherlands","https://fbref.com/en/players/2d368fd5/Vurnon-Anita","https://www.transfermarkt.com/vurnon-anita/profil/spieler/30670",20,"No",NA,36,"16 years","2005",4,115,23,442,18,"right","Midfield","167",16,167,2005,0.222222222222222,"right",0,"[15,18)","[165,180]","(3,9]","2000s","Curacao Netherlands","EU_Major"
"Oussama Assaidi","Morocco  Netherlands","https://fbref.com/en/players/483322fe/Oussama-Assaidi","https://www.transfermarkt.com/oussama-assaidi/profil/spieler/57275",12,"Yes",30,37,"18 years","2007",0,0,0,212,11,"right","Attack","176",18,176,2007,0,"right",1,"[18,21)","[165,180]","[0,3]","2000s","Morocco Netherlands","EU_Major"
"César Azpilicueta","Spain","https://fbref.com/en/players/53cad200/Cesar-Azpilicueta","https://www.transfermarkt.com/csar-azpilicueta/profil/spieler/57500",19,"No",NA,36,"16 years","2006",11,385,85,713,22,"right","Defender","178",16,178,2006,0.5,"right",0,"[15,18)","[165,180]","(9,57]","2000s","Spain","EU_Major"
"Kyle Bartley","England  Jamaica","https://fbref.com/en/players/18e96f64/Kyle-Bartley","https://www.transfermarkt.com/kyle-bartley/profil/spieler/67421",16,"Yes",34,34,"18 years","2009",9,607,121,394,16,"right","Defender","191",18,191,2009,0.5625,"right",1,"[18,21)","(185,203]","(3,9]","2000s","England Jamaica","UK_Ireland"
"Luciano Becchio","Argentina  Italy","https://fbref.com/en/players/3b3d4028/Luciano-Becchio","https://www.transfermarkt.com/luciano-becchio/profil/spieler/71020",18,"Yes",39,41,"20 years","2004",0,0,0,230,10,"left","Attack","187",20,187,2004,0,"left",1,"[18,21)","(185,203]","[0,3]","2000s","Argentina Italy","EU_Major"
"Joe Bennett","England","https://fbref.com/en/players/dc936144/Joe-Bennett","https://www.transfermarkt.com/joe-bennett/profil/spieler/90964",16,"No",NA,35,"18 years","2008",10,647,61,394,17,"left","Defender","177",18,177,2008,0.588235294117647,"left",0,"[18,21)","[165,180]","(9,57]","2000s","England","UK_Ireland"
"Christian Benteke","Belgium  DR Congo","https://fbref.com/en/players/ab070c55/Christian-Benteke","https://www.transfermarkt.com/christian-benteke/profil/spieler/50201",18,"No",NA,35,"16 years","2007",18,621,111,533,19,"right","Attack","190",16,190,2007,0.947368421052632,"right",0,"[15,18)","(185,203]","(9,57]","2000s","Belgium DR Congo","EU_Major"
"Gaël Bigirimana","Burundi  England","https://fbref.com/en/players/b48778f2/Gael-Bigirimana","https://www.transfermarkt.com/gal-bigirimana/profil/spieler/158697",15,"No",NA,32,"17 years","2011",7,150,25,139,7,"right","Midfield","173",17,173,2011,1,"right",0,"[15,18)","[165,180]","(3,9]","2010s","Burundi England","UK_Ireland"
"Fabio Borini","Italy","https://fbref.com/en/players/ef5b337e/Fabio-Borini","https://www.transfermarkt.com/fabio-borini/profil/spieler/96754",16,"No",NA,34,"18 years","2009",24,831,157,355,17,"right","Attack","180",18,180,2009,1.41176470588235,"right",0,"[18,21)","[165,180]","(9,57]","2000s","Italy","EU_Major"
"Artur Boruc","Poland","https://fbref.com/en/players/34ccf6fa/Artur-Boruc","https://www.transfermarkt.com/artur-boruc/profil/spieler/15220",20,"Yes",42,45,"22 years","2002",3,92,20,532,19,"right","Goalkeeper","193",22,193,2002,0.157894736842105,"right",1,"[21,24)","(185,203]","[0,3]","2000s","Poland","Rest_of_World"
"Jordan Bowery","St. Kitts & Nevis  England","https://fbref.com/en/players/8f5a4e15/Jordan-Bowery","https://www.transfermarkt.com/jordan-bowery/profil/spieler/94655",13,"No",NA,34,"17 years","2008",0,0,0,570,18,"right","Defender","185",17,185,2008,0,"right",0,"[15,18)","(180,185]","[0,3]","2000s","St. Kitts & Nevis England","UK_Ireland"
"Izzy Brown","England  Jamaica","https://fbref.com/en/players/bf54c8cc/Izzy-Brown","https://www.transfermarkt.com/izzy-brown/profil/spieler/245805",10,"Yes",26,28,"15 years","2012",7,525,38,126,8,"right","Attack","182",15,182,2012,0.875,"right",1,"[15,18)","(180,185]","(3,9]","2010s","England Jamaica","UK_Ireland"
"Alexander Büttner","Netherlands","https://fbref.com/en/players/a44f7c60/Alexander-Buttner","https://www.transfermarkt.com/alexander-bttner/profil/spieler/38003",17,"No",NA,36,"18 years","2007",7,197,21,381,18,"left","Defender","176",18,176,2007,0.388888888888889,"left",0,"[18,21)","[165,180]","(3,9]","2000s","Netherlands","EU_Major"
"Geoff Cameron","United States","https://fbref.com/en/players/1a160ea3/Geoff-Cameron","https://www.transfermarkt.com/geoff-cameron/profil/spieler/31642",15,"Yes",37,40,"22 years","Not found",3,203,35,441,16,"right","Defender","191",22,191,NA,0.1875,"right",1,"[21,24)","(185,203]","[0,3]","NAs","United States","Rest_of_World"
"Eduard Campabadal","Spain","https://fbref.com/en/players/bbf23a57/Eduard-Campabadal","https://www.transfermarkt.com/eduard-campabadal/profil/spieler/126722",12,"No",NA,32,"19 years","2012",5,383,40,210,11,"right","Defender","183",19,183,2012,0.454545454545455,"right",0,"[18,21)","(180,185]","(3,9]","2010s","Spain","EU_Major"
"Adam Campbell","England","https://fbref.com/en/players/e3aa211f/Adam-Campbell","https://www.transfermarkt.com/adam-campbell/profil/spieler/204354",12,"No",NA,30,"17 years","2012",1,47,7,293,14,"right","Attack","168",17,168,2012,0.0714285714285714,"right",0,"[15,18)","[165,180]","[0,3]","2010s","England","UK_Ireland"
"Daniel Carriço","Portugal","https://fbref.com/en/players/e1deea75/Daniel-Carrico","https://www.transfermarkt.com/daniel-carrio/profil/spieler/37712",15,"Yes",34,37,"19 years","2008",30,989,177,303,15,"right","Defender","182",19,182,2008,2,"right",1,"[18,21)","(180,185]","(9,57]","2000s","Portugal","EU_Major"
"Tom Carroll","England","https://fbref.com/en/players/5a1900a4/Tom-Carroll","https://www.transfermarkt.com/tom-carroll/profil/spieler/121279",14,"No",NA,33,"18 years","2010",10,407,66,314,14,"left","Midfield","171",18,171,2010,0.714285714285714,"left",0,"[18,21)","[165,180]","(9,57]","2010s","England","UK_Ireland"
"Santi Cazorla","Spain","https://fbref.com/en/players/e2e9c250/Santi-Cazorla","https://www.transfermarkt.com/santi-cazorla/profil/spieler/15799",22,"No",NA,40,"18 years","2003",9,1003,194,611,19,"both","Midfield","165",18,165,2003,0.473684210526316,"both",0,"[18,21)","[165,180]","(3,9]","2000s","Spain","EU_Major"
"Júlio César","Brazil","https://fbref.com/en/players/f619413f/Julio-Cesar","https://www.transfermarkt.com/jlio-csar/profil/spieler/22412",19,"Yes",38,46,"25 years","2005",13,409,77,380,14,"left","Goalkeeper","186",25,186,2005,0.928571428571429,"left",1,"[24,30]","(185,203]","(9,57]","2000s","Brazil","South_America"
"Richard Chaplow","England","https://fbref.com/en/players/66835431/Richard-Chaplow","https://www.transfermarkt.com/richard-chaplow/profil/spieler/9975",15,"Yes",33,40,"17 years","2002",1,60,10,366,17,"right","Midfield","175",17,175,2002,0.0588235294117647,"right",1,"[15,18)","[165,180]","[0,3]","2000s","England","UK_Ireland"
"Nathaniel Clyne","England  Grenada","https://fbref.com/en/players/0442183b/Nathaniel-Clyne","https://www.transfermarkt.com/nathaniel-clyne/profil/spieler/85177",17,"No",NA,34,"17 years","2008",7,682,114,449,17,"right","Defender","175",17,175,2008,0.411764705882353,"right",0,"[15,18)","[165,180]","(3,9]","2000s","England Grenada","UK_Ireland"
"Conor Coady","England","https://fbref.com/en/players/2928dca2/Conor-Coady","https://www.transfermarkt.com/conor-coady/profil/spieler/128901",12,"No",NA,32,"19 years","2012",1,19,4,473,14,"right","Defender","185",19,185,2012,0.0714285714285714,"right",0,"[18,21)","(180,185]","[0,3]","2010s","England","UK_Ireland"
"Jack Cork","England","https://fbref.com/en/players/74e12f1e/Jack-Cork","https://www.transfermarkt.com/jack-cork/profil/spieler/40613",18,"No",NA,36,"17 years","2006",8,365,75,560,18,"right","Midfield","185",17,185,2006,0.444444444444444,"right",0,"[15,18)","(180,185]","(3,9]","2000s","England","UK_Ireland"
"Philippe Coutinho","Brazil  Portugal","https://fbref.com/en/players/0ef89a37/Philippe-Coutinho","https://www.transfermarkt.com/philippe-coutinho/profil/spieler/80444",16,"No",NA,33,"18 years","2010",28,992,202,493,16,"right","Attack","172",18,172,2010,1.75,"right",0,"[18,21)","[165,180]","(9,57]","2010s","Brazil Portugal","EU_Major"
"Shaun Cummings","Jamaica  England","https://fbref.com/en/players/6bfe339f/Shaun-Cummings","https://www.transfermarkt.com/shaun-cummings/profil/spieler/40614",11,"Yes",31,36,"19 years","2008",0,0,0,181,11,"right","Defender","183",19,183,2008,0,"right",1,"[18,21)","(180,185]","[0,3]","2000s","Jamaica England","UK_Ireland"
"Ben Davies","Wales","https://fbref.com/en/players/44781702/Ben-Davies","https://www.transfermarkt.com/ben-davies/profil/spieler/192765",13,"No",NA,32,"19 years","2012",20,620,114,427,14,"left","Defender","181",19,181,2012,1.42857142857143,"left",0,"[18,21)","(180,185]","(9,57]","2010s","Wales","UK_Ireland"
"Kelvin Davis","England","https://fbref.com/en/players/33b6ee02/Kelvin-Davis","https://www.transfermarkt.com/kelvin-davis/profil/spieler/13640",21,"Yes",39,49,"24 years","2001",1,34,6,473,15,"right","Goalkeeper","185",24,185,2001,0.0666666666666667,"right",1,"[24,30]","(180,185]","[0,3]","2000s","England","UK_Ireland"
"Steven Davis","Northern Ireland","https://fbref.com/en/players/cf15bbb1/Steven-Davis","https://www.transfermarkt.com/steven-davis/profil/spieler/28973",20,"Yes",39,40,"19 years","2004",6,501,83,634,19,"right","Midfield","170",19,170,2004,0.315789473684211,"right",1,"[18,21)","[165,180]","(3,9]","2000s","Northern Ireland","UK_Ireland"
"Simon Dawkins","Jamaica  England","https://fbref.com/en/players/9db762f1/Simon-Dawkins","https://www.transfermarkt.com/simon-dawkins/profil/spieler/57488",13,"Yes",36,38,"20 years","2008",4,110,23,223,12,"right","Attack","178",20,178,2008,0.333333333333333,"right",1,"[18,21)","[165,180]","(3,9]","2000s","Jamaica England","UK_Ireland"
"Steve De Ridder","Belgium","https://fbref.com/en/players/7561b81d/Steve-De-Ridder","https://www.transfermarkt.com/steve-de-ridder/profil/spieler/41818",19,"No",NA,38,"19 years","2006",4,371,27,408,17,"right","Midfield","179",19,179,2006,0.235294117647059,"right",0,"[18,21)","[165,180]","(3,9]","2000s","Belgium","EU_Major"
"Mathieu Debuchy","France","https://fbref.com/en/players/92232aad/Mathieu-Debuchy","https://www.transfermarkt.com/mathieu-debuchy/profil/spieler/27306",19,"Yes",37,40,"18 years","2003",22,762,131,498,20,"right","Defender","177",18,177,2003,1.1,"right",1,"[18,21)","[165,180]","(9,57]","2000s","France","EU_Major"
"Ashkan Dejagah","Iran  Germany","https://fbref.com/en/players/5171db60/Ashkan-Dejagah","https://www.transfermarkt.com/ashkan-dejagah/profil/spieler/13979",19,"Yes",37,39,"18 years","2004",10,419,84,304,15,"right","Attack","181",18,181,2004,0.666666666666667,"right",1,"[18,21)","(180,185]","(9,57]","2000s","Iran Germany","EU_Major"
"Guy Demel","Cote d'Ivoire  France","https://fbref.com/en/players/605bba68/Guy-Demel","https://www.transfermarkt.com/guy-demel/profil/spieler/1368",18,"Yes",36,44,"21 years","2002",10,239,40,299,15,"right","Defender","189",21,189,2002,0.666666666666667,"right",1,"[21,24)","(185,203]","(9,57]","2000s","Cote d'Ivoire France","EU_Major"
"Alou Diarra","France  Mali","https://fbref.com/en/players/9b74ce00/Alou-Diarra","https://www.transfermarkt.com/alou-diarra/profil/spieler/1327",17,"Yes",35,44,"21 years","2002",2,160,23,429,15,"right","Midfield","190",21,190,2002,0.133333333333333,"right",1,"[21,24)","(185,203]","[0,3]","2000s","France Mali","EU_Major"
"Maurice Edu","United States  Nigeria","https://fbref.com/en/players/748dbb80/Maurice-Edu","https://www.transfermarkt.com/maurice-edu/profil/spieler/50987",10,"Yes",31,39,"20 years","Not found",7,783,84,213,11,"right","Midfield","183",20,183,NA,0.636363636363636,"right",1,"[18,21)","(180,185]","(3,9]","NAs","United States Nigeria","Rest_of_World"
"Rob Elliot","Ireland  England","https://fbref.com/en/players/b1b25949/Rob-Elliot","https://www.transfermarkt.com/rob-elliot/profil/spieler/39037",17,"Yes",38,39,"18 years","2004",6,501,67,171,14,"left","Goalkeeper","190",18,190,2004,0.428571428571429,"left",1,"[18,21)","(185,203]","(3,9]","2000s","Ireland England","UK_Ireland"
"Urby Emanuelson","Netherlands  Suriname","https://fbref.com/en/players/66e83563/Urby-Emanuelson","https://www.transfermarkt.com/urby-emanuelson/profil/spieler/20586",19,"Yes",37,39,"18 years","2004",8,118,22,417,17,"left","Midfield","176",18,176,2004,0.470588235294118,"left",1,"[18,21)","[165,180]","(3,9]","2000s","Netherlands Suriname","EU_Major"
"Eyong Enoh","Cameroon","https://fbref.com/en/players/d3dcab48/Eyong-Enoh","https://www.transfermarkt.com/eyong-enoh/profil/spieler/47344",15,"Yes",36,39,"22 years","2008",7,475,60,220,10,"both","Midfield","180",22,180,2008,0.7,"both",1,"[21,24)","[165,180]","(3,9]","2000s","Cameroon","Rest_of_World"
"Roger Espinoza","Honduras  United States","https://fbref.com/en/players/60b7c195/Roger-Espinoza","https://www.transfermarkt.com/roger-espinoza/profil/spieler/71096",16,"Yes",37,39,"21 years","Not found",5,350,52,394,18,"left","Midfield","181",21,181,NA,0.277777777777778,"left",1,"[21,24)","(180,185]","(3,9]","NAs","Honduras United States","Rest_of_World"
"Iago Falque","Spain","https://fbref.com/en/players/440c84ed/Iago-Falque","https://www.transfermarkt.com/iago-falque/profil/spieler/59340",15,"Yes",35,35,"20 years","2010",24,659,112,312,13,"left","Attack","174",20,174,2010,1.84615384615385,"left",1,"[18,21)","[165,180]","(9,57]","2010s","Spain","EU_Major"
"Adam Federici","Australia  Italy","https://fbref.com/en/players/e5ea8be7/Adam-Federici","https://www.transfermarkt.com/adam-federici/profil/spieler/4233",14,"Yes",36,40,"21 years","2006",3,272,34,283,13,"right","Goalkeeper","188",21,188,2006,0.230769230769231,"right",1,"[21,24)","(185,203]","[0,3]","2000s","Australia Italy","EU_Major"
"Chico Flores","Spain","https://fbref.com/en/players/95825cf2/Chico-Flores","https://www.transfermarkt.com/chico-flores/profil/spieler/51681",12,"Yes",33,38,"19 years","2006",7,226,37,218,10,"right","Defender","187",19,187,2006,0.7,"right",1,"[18,21)","(185,203]","(3,9]","2000s","Spain","EU_Major"
"José Fonte","Portugal","https://fbref.com/en/players/90f87966/Jose-Fonte","https://www.transfermarkt.com/jos-fonte/profil/spieler/33829",21,"No",NA,41,"21 years","2005",3,148,32,692,22,"right","Defender","187",21,187,2005,0.136363636363636,"right",0,"[21,24)","(185,203]","[0,3]","2000s","Portugal","EU_Major"
"Danny Fox","Scotland  England","https://fbref.com/en/players/857ec97f/Danny-Fox","https://www.transfermarkt.com/danny-fox/profil/spieler/31553",18,"No",NA,39,"19 years","2005",4,91,15,454,16,"left","Defender","183",19,183,2005,0.25,"left",0,"[18,21)","(180,185]","(3,9]","2000s","Scotland England","UK_Ireland"
"Fraser Fyvie","Scotland","https://fbref.com/en/players/c9c0913c/Fraser-Fyvie","https://www.transfermarkt.com/fraser-fyvie/profil/spieler/107350",16,"No",NA,32,"16 years","2009",7,892,157,172,13,"right","Midfield","172",16,172,2009,0.538461538461538,"right",0,"[15,18)","[165,180]","(3,9]","2000s","Scotland","UK_Ireland"
"Javi García","Spain","https://fbref.com/en/players/167c1bb0/Javi-Garcia","https://www.transfermarkt.com/javi-garca/profil/spieler/36350",18,"Yes",35,38,"17 years","2004",11,220,36,475,18,"right","Midfield","186",17,186,2004,0.611111111111111,"right",1,"[15,18)","(185,203]","(9,57]","2000s","Spain","EU_Major"
"Paulo Gazzaniga","Argentina  Italy","https://fbref.com/en/players/63d17038/Paulo-Gazzaniga","https://www.transfermarkt.com/paulo-gazzaniga/profil/spieler/195488",13,"No",NA,33,"19 years","2011",1,20,2,259,15,"right","Goalkeeper","196",19,196,2011,0.0666666666666667,"right",0,"[18,21)","(185,203]","[0,3]","2010s","Argentina Italy","EU_Major"
"Olivier Giroud","France","https://fbref.com/en/players/16ceb862/Olivier-Giroud","https://www.transfermarkt.com/olivier-giroud/profil/spieler/82442",20,"No",NA,39,"22 years","2009",22,391,87,650,18,"left","Attack","192",22,192,2009,1.22222222222222,"left",0,"[21,24)","(185,203]","(9,57]","2000s","France","EU_Major"
"Serge Gnabry","Germany  Cote d'Ivoire","https://fbref.com/en/players/88e357ef/Serge-Gnabry","https://www.transfermarkt.com/serge-gnabry/profil/spieler/159471",13,"No",NA,30,"17 years","2012",44,892,157,369,15,"right","Attack","173",17,173,2012,2.93333333333333,"right",0,"[15,18)","[165,180]","(9,57]","2010s","Germany Cote d'Ivoire","EU_Major"
"Román Golobart","Spain","https://fbref.com/en/players/564f1536/Roman-Golobart","https://www.transfermarkt.com/romn-golobart/profil/spieler/90273",10,"Yes",30,33,"19 years","2011",1,45,7,41,7,"N/A","Defender","193",19,193,2011,0.142857142857143,"unknown",1,"[18,21)","(185,203]","[0,3]","2010s","Spain","EU_Major"
"Kaspars Gorkšs","Latvia","https://fbref.com/en/players/a340b996/Kaspars-Gorkss","https://www.transfermarkt.com/kaspars-gorks/profil/spieler/30379",16,"Yes",36,44,"21 years","Not found",1,5,1,336,12,"left","Defender","191",21,191,NA,0.0833333333333333,"left",1,"[21,24)","(185,203]","[0,3]","NAs","Latvia","Rest_of_World"
"Yoan Gouffran","France  Guadeloupe","https://fbref.com/en/players/a28d181a/Yoan-Gouffran","https://www.transfermarkt.com/yoan-gouffran/profil/spieler/23825",18,"Yes",35,39,"18 years","2004",5,222,43,386,13,"right","Attack","176",18,176,2004,0.384615384615385,"right",1,"[18,21)","[165,180]","(3,9]","2000s","France Guadeloupe","EU_Major"
"Esteban Granero","Spain","https://fbref.com/en/players/1b17ed86/Esteban-Granero","https://www.transfermarkt.com/esteban-granero/profil/spieler/44065",15,"Yes",33,38,"19 years","2006",7,293,66,371,15,"right","Midfield","180",19,180,2006,0.466666666666667,"right",1,"[18,21)","[165,180]","(3,9]","2000s","Spain","EU_Major"
"Chris Gunter","Wales","https://fbref.com/en/players/303a53e1/Chris-Gunter","https://www.transfermarkt.com/chris-gunter/profil/spieler/43853",16,"Yes",33,36,"17 years","2006",1,29,8,580,17,"right","Defender","180",17,180,2006,0.0588235294117647,"right",1,"[15,18)","[165,180]","[0,3]","2000s","Wales","UK_Ireland"
"Jonathan de Guzmán","Netherlands  Canada","https://fbref.com/en/players/1bcca8b8/Jonathan-de-Guzman","https://www.transfermarkt.com/jonathan-de-guzmn/profil/spieler/31067",20,"No",NA,38,"17 years","2005",29,899,138,487,21,"right","Midfield","173",17,173,2005,1.38095238095238,"right",0,"[15,18)","[165,180]","(9,57]","2000s","Netherlands Canada","EU_Major"
"Massadio Haïdara","Mali  France","https://fbref.com/en/players/5167c97e/Massadio-Haidara","https://www.transfermarkt.com/massadio-hadara/profil/spieler/170929",15,"No",NA,33,"17 years","2010",28,1096,222,304,16,"left","Defender","179",17,179,2010,1.75,"left",0,"[15,18)","[165,180]","(9,57]","2010s","Mali France","EU_Major"
"Robert Hall","England","https://fbref.com/en/players/89602ebf/Robert-Hall","https://www.transfermarkt.com/robert-hall/profil/spieler/121236",13,"Yes",31,32,"17 years","2011",3,616,80,250,12,"left","Attack","173",17,173,2011,0.25,"left",1,"[15,18)","[165,180]","[0,3]","2010s","England","UK_Ireland"
"Ian Harte","Ireland","https://fbref.com/en/players/fd4fa092/Ian-Harte","https://www.transfermarkt.com/ian-harte/profil/spieler/3634",19,"Yes",37,48,"17 years","1995",2,222,40,507,20,"left","Defender","175",17,175,1995,0.1,"left",1,"[15,18)","[165,180]","[0,3]","1990s","Ireland","UK_Ireland"
"Eden Hazard","Belgium","https://fbref.com/en/players/a39bb753/Eden-Hazard","https://www.transfermarkt.com/eden-hazard/profil/spieler/50202",16,"Yes",32,34,"16 years","2007",32,731,121,578,16,"right","Attack","173",16,173,2007,2,"right",1,"[15,18)","[165,180]","(9,57]","2000s","Belgium","EU_Major"
"Ángelo Henríquez","Chile","https://fbref.com/en/players/6f3a433e/Angelo-Henriquez","https://www.transfermarkt.com/ngelo-henrquez/profil/spieler/189740",13,"No",NA,31,"18 years","2012",11,227,26,298,15,"right","Attack","175",18,175,2012,0.733333333333333,"right",0,"[18,21)","[165,180]","(9,57]","2010s","Chile","Rest_of_World"
"Pablo Hernández","Spain","https://fbref.com/en/players/c0398aca/Pablo-Hernandez","https://www.transfermarkt.com/pablo-hernndez/profil/spieler/46220",17,"Yes",38,40,"20 years","2005",9,311,51,471,16,"right","Attack","173",20,173,2005,0.5625,"right",1,"[18,21)","[165,180]","(3,9]","2000s","Spain","EU_Major"
"Brett Holman","Australia","https://fbref.com/en/players/4f0d1bbe/Brett-Holman","https://www.transfermarkt.com/brett-holman/profil/spieler/21496",17,"Yes",35,41,"18 years","2002",3,79,13,267,10,"right","Attack","177",18,177,2002,0.3,"right",1,"[18,21)","[165,180]","[0,3]","2000s","Australia","Rest_of_World"
"Lewis Holtby","Germany  England","https://fbref.com/en/players/410ab123/Lewis-Holtby","https://www.transfermarkt.com/lewis-holtby/profil/spieler/55508",18,"No",NA,35,"16 years","2007",36,639,73,508,19,"left","Midfield","176",16,176,2007,1.89473684210526,"left",0,"[15,18)","[165,180]","(9,57]","2000s","Germany England","UK_Ireland"
"Jos Hooiveld","Netherlands","https://fbref.com/en/players/f544a6ab/Jos-Hooiveld","https://www.transfermarkt.com/jos-hooiveld/profil/spieler/4624",18,"Yes",38,42,"20 years","2003",4,75,12,255,15,"left","Defender","193",20,193,2003,0.266666666666667,"left",1,"[18,21)","(185,203]","(3,9]","2000s","Netherlands","EU_Major"
"Noel Hunt","Ireland","https://fbref.com/en/players/6825c1f9/Noel-Hunt","https://www.transfermarkt.com/noel-hunt/profil/spieler/12628",17,"Yes",36,42,"19 years","2002",1,85,16,384,17,"left","Attack","173",19,173,2002,0.0588235294117647,"left",1,"[18,21)","[165,180]","[0,3]","2000s","Ireland","UK_Ireland"
"Jordon Ibe","England  Nigeria","https://fbref.com/en/players/9f736ed2/Jordon-Ibe","https://www.transfermarkt.com/jordon-ibe/profil/spieler/195652",13,"No",NA,30,"15 years","2011",5,458,44,196,11,"right","Attack","176",15,176,2011,0.454545454545455,"right",0,"[15,18)","[165,180]","(3,9]","2010s","England Nigeria","UK_Ireland"
"Shinji Kagawa","Japan","https://fbref.com/en/players/5afafbfe/Shinji-Kagawa","https://www.transfermarkt.com/shinji-kagawa/profil/spieler/81785",18,"No",NA,36,"21 years","2010",21,547,90,400,16,"right","Attack","175",21,175,2010,1.3125,"right",0,"[21,24)","[165,180]","(9,57]","2010s","Japan","Rest_of_World"
"Kei Kamara","Sierra Leone  United States","https://fbref.com/en/players/6e3f3809/Kei-Kamara","https://www.transfermarkt.com/kei-kamara/profil/spieler/39049",20,"No",NA,41,"21 years","Not found",2,28,5,533,21,"right","Attack","188",21,188,NA,0.0952380952380952,"right",0,"[21,24)","(185,203]","[0,3]","NAs","Sierra Leone United States","Rest_of_World"
"Harry Kane","England  Ireland","https://fbref.com/en/players/21a66f6a/Harry-Kane","https://www.transfermarkt.com/harry-kane/profil/spieler/132098",14,"No",NA,32,"17 years","2010",19,480,101,598,17,"right","Attack","188",17,188,2010,1.11764705882353,"right",0,"[15,18)","(185,203]","(9,57]","2010s","England Ireland","UK_Ireland"
"Jem Karacan","Türkiye  England","https://fbref.com/en/players/7027738f/Jem-Karacan","https://www.transfermarkt.com/jem-karacan/profil/spieler/61447",14,"Yes",33,36,"18 years","2007",3,375,48,251,13,"right","Midfield","178",18,178,2007,0.230769230769231,"right",1,"[18,21)","[165,180]","[0,3]","2000s","Türkiye England","UK_Ireland"
"Jimmy Kébé","Mali  France","https://fbref.com/en/players/ea7c7cdf/Jimmy-Kebe","https://www.transfermarkt.com/jimmy-kb/profil/spieler/33822",9,"Yes",31,41,"23 years","2007",2,214,23,190,7,"left","Attack","187",23,187,2007,0.285714285714286,"left",1,"[21,24)","(185,203]","[0,3]","2000s","Mali France","EU_Major"
"Billy Knott","England","https://fbref.com/en/players/49809c96/Billy-Knott","https://www.transfermarkt.com/billy-knott/profil/spieler/133392",13,"No",NA,33,"18 years","2011",0,0,0,211,7,"left","Midfield","173",18,173,2011,0,"left",0,"[18,21)","[165,180]","[0,3]","2010s","England","UK_Ireland"
"Arouna Koné","Cote d'Ivoire","https://fbref.com/en/players/f9a72ca4/Arouna-Kone","https://www.transfermarkt.com/arouna-kon/profil/spieler/8552",21,"Yes",39,42,"19 years","2003",9,795,128,434,18,"right","Attack","182",19,182,2003,0.5,"right",1,"[18,21)","(180,185]","(3,9]","2000s","Cote d'Ivoire","Rest_of_World"
"Adam Lallana","England","https://fbref.com/en/players/99813635/Adam-Lallana","https://www.transfermarkt.com/adam-lallana/profil/spieler/43530",19,"Yes",37,37,"18 years","2006",26,817,141,539,20,"both","Attack","173",18,173,2006,1.3,"both",1,"[18,21)","[165,180]","(9,57]","2000s","England","UK_Ireland"
"Roland Lamah","Belgium  Cote d'Ivoire","https://fbref.com/en/players/336a36fb/Roland-Lamah","https://www.transfermarkt.com/roland-lamah/profil/spieler/35035",17,"Yes",33,37,"18 years","2006",1,6,1,349,14,"left","Attack","180",18,180,2006,0.0714285714285714,"left",1,"[18,21)","[165,180]","[0,3]","2000s","Belgium Cote d'Ivoire","EU_Major"
"Rickie Lambert","England","https://fbref.com/en/players/495de82c/Rickie-Lambert","https://www.transfermarkt.com/rickie-lambert/profil/spieler/49655",6,"Yes",35,43,"20 years","2002",0,0,0,578,15,"right","Attack","187",20,187,2002,0,"right",1,"[18,21)","(185,203]","[0,3]","2000s","England","UK_Ireland"
"Adam le Fondre","England  France","https://fbref.com/en/players/f3a77fec/Adam-le-Fondre","https://www.transfermarkt.com/adam-le-fondre/profil/spieler/46106",15,"No",NA,39,"17 years","2004",3,128,20,642,20,"right","Attack","177",17,177,2004,0.15,"right",0,"[15,18)","[165,180]","[0,3]","2000s","England France","UK_Ireland"
"Mikele Leigertwood","Antigua and Barbuda  England","https://fbref.com/en/players/3cd9228b/Mikele-Leigertwood","https://www.transfermarkt.com/mikele-leigertwood/profil/spieler/14041",12,"Yes",31,43,"19 years","2002",0,0,0,363,12,"both","Midfield","188",19,188,2002,0,"both",1,"[18,21)","(185,203]","[0,3]","2000s","Antigua and Barbuda England","UK_Ireland"
"Hugo Lloris","France","https://fbref.com/en/players/8f62b6ee/Hugo-Lloris","https://www.transfermarkt.com/hugo-lloris/profil/spieler/17965",19,"No",NA,38,"18 years","2005",14,498,80,777,20,"left","Goalkeeper","188",18,188,2005,0.7,"left",0,"[18,21)","(185,203]","(9,57]","2000s","France","EU_Major"
"Matthew Lowton","England","https://fbref.com/en/players/9a9c05db/Matthew-Lowton","https://www.transfermarkt.com/matthew-lowton/profil/spieler/102258",16,"No",NA,36,"20 years","2009",6,283,21,366,14,"right","Defender","180",20,180,2009,0.428571428571429,"right",0,"[18,21)","[165,180]","(3,9]","2000s","England","UK_Ireland"
"Modibo Maïga","Mali","https://fbref.com/en/players/a546477d/Modibo-Maiga","https://www.transfermarkt.com/modibo-maga/profil/spieler/46831",16,"Yes",35,38,"19 years","2007",0,0,0,234,9,"left","Attack","185",19,185,2007,0,"left",1,"[18,21)","(180,185]","[0,3]","2000s","Mali","Rest_of_World"
"Mikael Mandron","France  Scotland","https://fbref.com/en/players/47a26e7c/Mikael-Mandron","https://www.transfermarkt.com/mikael-mandron/profil/spieler/218144",13,"No",NA,31,"17 years","2012",1,64,9,378,14,"left","Attack","191",17,191,2012,0.0714285714285714,"left",0,"[15,18)","(185,203]","[0,3]","2010s","France Scotland","UK_Ireland"
"Kader Mangane","Senegal  France","https://fbref.com/en/players/dbb10755/Kader-Mangane","https://www.transfermarkt.com/kader-mangane/profil/spieler/4796",17,"Yes",35,42,"20 years","2003",2,208,10,330,14,"right","Defender","193",20,193,2003,0.142857142857143,"right",1,"[18,21)","(185,203]","[0,3]","2000s","Senegal France","EU_Major"
"Vito Mannone","Italy","https://fbref.com/en/players/c4173f1a/Vito-Mannone","https://www.transfermarkt.com/vito-mannone/profil/spieler/33781",19,"No",NA,37,"18 years","2006",3,131,18,267,19,"right","Goalkeeper","191",18,191,2006,0.157894736842105,"right",0,"[18,21)","(185,203]","[0,3]","2000s","Italy","EU_Major"
"Stanislav Manolev","Bulgaria","https://fbref.com/en/players/42138efa/Stanislav-Manolev","https://www.transfermarkt.com/stanislav-manolev/profil/spieler/36233",18,"Yes",36,39,"23 years","2009",1,93,11,276,16,"right","Defender","185",23,185,2009,0.0625,"right",1,"[21,24)","(180,185]","[0,3]","2000s","Bulgaria","Rest_of_World"
"Adrian Mariappa","Jamaica  England","https://fbref.com/en/players/8aa5f52c/Adrian-Mariappa","https://www.transfermarkt.com/adrian-mariappa/profil/spieler/38145",20,"No",NA,39,"18 years","2005",1,53,10,528,21,"right","Defender","180",18,180,2005,0.0476190476190476,"right",0,"[18,21)","[165,180]","[0,3]","2000s","Jamaica England","UK_Ireland"
"Marko Marin","Germany  Serbia","https://fbref.com/en/players/a022e78c/Marko-Marin","https://www.transfermarkt.com/marko-marin/profil/spieler/35251",15,"Yes",33,36,"17 years","2006",13,354,45,376,16,"right","Attack","170",17,170,2006,0.8125,"right",1,"[15,18)","[165,180]","(9,57]","2000s","Germany Serbia","EU_Major"
"Emmanuel Mayuka","Zambia","https://fbref.com/en/players/126fd532/Emmanuel-Mayuka","https://www.transfermarkt.com/emmanuel-mayuka/profil/spieler/55709",15,"Yes",32,35,"19 years","2010",1,131,17,117,6,"right","Attack","180",19,180,2010,0.166666666666667,"right",1,"[18,21)","[165,180]","[0,3]","2010s","Zambia","Rest_of_World"
"Stéphane Mbia","Cameroon  France","https://fbref.com/en/players/c39d9657/Stephane-Mbia","https://www.transfermarkt.com/stphane-mbia/profil/spieler/27470",21,"No",NA,39,"18 years","2004",11,662,97,404,19,"right","Midfield","190",18,190,2004,0.578947368421053,"right",0,"[18,21)","(185,203]","(9,57]","2000s","Cameroon France","EU_Major"
"Jobi McAnuff","Jamaica  England","https://fbref.com/en/players/0f602616/Jobi-McAnuff","https://www.transfermarkt.com/jobi-mcanuff/profil/spieler/14047",20,"Yes",39,44,"19 years","2001",0,0,0,704,20,"N/A","Attack","180",19,180,2001,0,"unknown",1,"[18,21)","[165,180]","[0,3]","2000s","Jamaica England","UK_Ireland"
"Alex McCarthy","England","https://fbref.com/en/players/36c2ca73/Alex-McCarthy","https://www.transfermarkt.com/alex-mccarthy/profil/spieler/95976",15,"No",NA,36,"17 years","2007",7,654,105,324,19,"right","Goalkeeper","193",17,193,2007,0.368421052631579,"right",0,"[15,18)","(185,203]","(3,9]","2000s","England","UK_Ireland"
"George McCartney","Northern Ireland","https://fbref.com/en/players/f6c4946d/George-McCartney","https://www.transfermarkt.com/george-mccartney/profil/spieler/3775",14,"Yes",33,44,"19 years","2000",6,323,60,340,14,"left","Defender","183",19,183,2000,0.428571428571429,"left",1,"[18,21)","(180,185]","(3,9]","2000s","Northern Ireland","UK_Ireland"
"Garath McCleary","Jamaica  England","https://fbref.com/en/players/3d383df8/Garath-McCleary","https://www.transfermarkt.com/garath-mccleary/profil/spieler/69653",17,"No",NA,38,"20 years","2007",0,0,0,588,19,"right","Attack","188",20,188,2007,0,"right",0,"[18,21)","(185,203]","[0,3]","2000s","Jamaica England","UK_Ireland"
"Michu","Spain","https://fbref.com/en/players/98429b7b/Michu","https://www.transfermarkt.com/michu/profil/spieler/70789",10,"Yes",31,39,"21 years","2007",5,359,66,226,9,"left","Attack","185",21,185,2007,0.555555555555556,"left",1,"[21,24)","(180,185]","(3,9]","2000s","Spain","EU_Major"
"Kevin Mirallas","Belgium  Spain","https://fbref.com/en/players/aa51343f/Kevin-Mirallas","https://www.transfermarkt.com/kevin-mirallas/profil/spieler/33639",18,"Yes",35,38,"16 years","2004",11,299,43,473,18,"right","Attack","182",16,182,2004,0.611111111111111,"right",1,"[15,18)","(180,185]","(9,57]","2000s","Belgium Spain","EU_Major"
"Nacho Monreal","Spain","https://fbref.com/en/players/d4cb83cc/Nacho-Monreal","https://www.transfermarkt.com/nacho-monreal/profil/spieler/43003",16,"Yes",36,39,"20 years","2006",18,790,139,487,15,"left","Defender","178",20,178,2006,1.2,"left",1,"[18,21)","[165,180]","(9,57]","2000s","Spain","EU_Major"
"Sean Morrison","England  Ireland","https://fbref.com/en/players/09fec029/Sean-Morrison","https://www.transfermarkt.com/sean-morrison/profil/spieler/79723",12,"Yes",33,34,"16 years","2007",2,326,24,441,17,"right","Defender","193",16,193,2007,0.117647058823529,"right",1,"[15,18)","(185,203]","[0,3]","2000s","England Ireland","UK_Ireland"
"Ján Mucha","Slovakia","https://fbref.com/en/players/1fa82e32/Jan-Mucha","https://www.transfermarkt.com/jn-mucha/profil/spieler/33195",15,"Yes",36,43,"23 years","2006",0,0,0,150,10,"right","Goalkeeper","189",23,189,2006,0,"right",1,"[21,24)","(185,203]","[0,3]","2000s","Slovakia","Rest_of_World"
"Alfred N'Diaye","Senegal  France","https://fbref.com/en/players/7789bf63/Alfred-NDiaye","https://www.transfermarkt.com/alfred-ndiaye/profil/spieler/77737",17,"No",NA,35,"18 years","2008",3,75,14,415,15,"right","Midfield","188",18,188,2008,0.2,"right",0,"[18,21)","(185,203]","[0,3]","2000s","Senegal France","EU_Major"
"Steven Naismith","Scotland","https://fbref.com/en/players/5e98c186/Steven-Naismith","https://www.transfermarkt.com/steven-naismith/profil/spieler/12763",17,"Yes",34,39,"16 years","2003",12,988,166,449,18,"right","Attack","178",16,178,2003,0.666666666666667,"right",1,"[15,18)","[165,180]","(9,57]","2000s","Scotland","UK_Ireland"
"Matija Nastasić","Serbia","https://fbref.com/en/players/f35430a4/Matija-Nastasic","https://www.transfermarkt.com/matija-nastasi/profil/spieler/143559",15,"No",NA,32,"18 years","2011",22,885,169,310,14,"left","Defender","187",18,187,2011,1.57142857142857,"left",0,"[18,21)","(185,203]","(9,57]","2010s","Serbia","Rest_of_World"
"Joey O'Brien","Ireland","https://fbref.com/en/players/ce46f501/Joey-OBrien","https://www.transfermarkt.com/joey-obrien/profil/spieler/34672",16,"Yes",35,39,"18 years","2004",7,372,62,219,14,"right","Defender","180",18,180,2004,0.5,"right",1,"[18,21)","[165,180]","(3,9]","2000s","Ireland","UK_Ireland"
"Oscar","Brazil  Italy","https://fbref.com/en/players/57fe98dd/Oscar","https://www.transfermarkt.com/oscar/profil/spieler/85314",17,"No",NA,34,"20 years","2012",10,387,70,367,14,"right","Attack","179",20,179,2012,0.714285714285714,"right",0,"[18,21)","[165,180]","(9,57]","2010s","Brazil Italy","EU_Major"
"Bryan Oviedo","Costa Rica","https://fbref.com/en/players/31faf295/Bryan-Oviedo","https://www.transfermarkt.com/bryan-oviedo/profil/spieler/124983",17,"No",NA,35,"19 years","2009",16,669,123,262,17,"left","Defender","172",19,172,2009,0.941176470588235,"left",0,"[18,21)","[165,180]","(9,57]","2000s","Costa Rica","Rest_of_World"
"Alex Pearce","Ireland  Scotland","https://fbref.com/en/players/66e0514a/Alex-Pearce","https://www.transfermarkt.com/alex-pearce/profil/spieler/47768",18,"No",NA,37,"17 years","2006",2,56,11,455,18,"right","Defender","188",17,188,2006,0.111111111111111,"right",0,"[15,18)","(185,203]","[0,3]","2000s","Ireland Scotland","UK_Ireland"
"Mladen Petrić","Croatia  Switzerland","https://fbref.com/en/players/2cc63c53/Mladen-Petric","https://www.transfermarkt.com/mladen-petri/profil/spieler/2874",18,"Yes",35,44,"22 years","2003",19,394,87,369,15,"N/A","Attack","185",22,185,2003,1.26666666666667,"unknown",1,"[21,24)","(180,185]","(9,57]","2000s","Croatia Switzerland","Rest_of_World"
"Lucas Piazon","Brazil  Italy","https://fbref.com/en/players/f201798c/Lucas-Piazon","https://www.transfermarkt.com/lucas-piazon/profil/spieler/176485",13,"No",NA,31,"18 years","2012",7,264,37,268,13,"right","Midfield","182",18,182,2012,0.538461538461538,"right",0,"[18,21)","(180,185]","(3,9]","2010s","Brazil Italy","EU_Major"
"Lukas Podolski","Germany  Poland","https://fbref.com/en/players/88f0a9a0/Lukas-Podolski","https://www.transfermarkt.com/lukas-podolski/profil/spieler/15185",22,"No",NA,40,"18 years","2003",36,792,136,629,24,"left","Attack","181",18,181,2003,1.5,"left",0,"[18,21)","(180,185]","(9,57]","2000s","Germany Poland","EU_Major"
"Emanuel Pogatetz","Austria","https://fbref.com/en/players/6b08d120/Emanuel-Pogatetz","https://www.transfermarkt.com/emanuel-pogatetz/profil/spieler/1094",19,"Yes",36,42,"20 years","2003",14,393,67,396,19,"left","Defender","190",20,190,2003,0.736842105263158,"left",1,"[18,21)","(185,203]","(9,57]","2000s","Austria","Rest_of_World"
"Goran Popov","North Macedonia","https://fbref.com/en/players/4b7fd1e2/Goran-Popov","https://www.transfermarkt.com/goran-popov/profil/spieler/19721",15,"Yes",34,41,"18 years","2003",4,270,44,202,11,"left","Defender","189",18,189,2003,0.363636363636364,"left",1,"[18,21)","(185,203]","(3,9]","2000s","North Macedonia","Rest_of_World"
"Dan Potts","England","https://fbref.com/en/players/3595affe/Dan-Potts","https://www.transfermarkt.com/dan-potts/profil/spieler/207037",14,"No",NA,31,"17 years","2011",4,403,60,227,14,"left","Defender","173",17,173,2011,0.285714285714286,"left",0,"[15,18)","[165,180]","(3,9]","2010s","England","UK_Ireland"
"Nick Powell","England","https://fbref.com/en/players/05ca4fcb/Nick-Powell","https://www.transfermarkt.com/nick-powell/profil/spieler/134424",13,"No",NA,31,"16 years","2010",4,337,71,373,16,"both","Attack","183",16,183,2010,0.25,"both",0,"[15,18)","(180,185]","(3,9]","2010s","England","UK_Ireland"
"Guly do Prado","Brazil  Italy","https://fbref.com/en/players/3ed6e788/Guly-do-Prado","https://www.transfermarkt.com/guly-do-prado/profil/spieler/22801",18,"Yes",38,43,"20 years","2002",2,110,18,254,12,"right","Attack","190",20,190,2002,0.166666666666667,"right",1,"[18,21)","(185,203]","[0,3]","2000s","Brazil Italy","EU_Major"
"Gastón Ramírez","Uruguay","https://fbref.com/en/players/2c851997/Gaston-Ramirez","https://www.transfermarkt.com/gastn-ramrez/profil/spieler/123742",17,"No",NA,35,"19 years","2010",21,468,81,367,15,"left","Midfield","183",19,183,2010,1.4,"left",0,"[18,21)","(180,185]","(9,57]","2010s","Uruguay","South_America"
"Iván Ramis","Spain","https://fbref.com/en/players/d2be40f2/Ivan-Ramis","https://www.transfermarkt.com/ivn-ramis/profil/spieler/26066",16,"Yes",35,41,"18 years","2003",21,2896,125,352,17,"right","Defender","188",18,188,2003,1.23529411764706,"right",1,"[18,21)","(185,203]","(9,57]","2000s","Spain","EU_Major"
"Ben Reeves","Northern Ireland  England","https://fbref.com/en/players/4db1f85d/Ben-Reeves","https://www.transfermarkt.com/ben-reeves/profil/spieler/171234",14,"No",NA,34,"19 years","2011",2,72,10,317,15,"left","Attack","177",19,177,2011,0.133333333333333,"left",0,"[18,21)","[165,180]","[0,3]","2010s","Northern Ireland England","UK_Ireland"
"Karim Rekik","Netherlands  Tunisia","https://fbref.com/en/players/3376a776/Karim-Rekik","https://www.transfermarkt.com/karim-rekik/profil/spieler/182579",14,"No",NA,31,"16 years","2011",22,540,92,266,12,"left","Defender","186",16,186,2011,1.83333333333333,"left",0,"[15,18)","(185,203]","(9,57]","2010s","Netherlands Tunisia","EU_Major"
"Loïc Rémy","France  Martinique","https://fbref.com/en/players/5c2da10f/Loic-Remy","https://www.transfermarkt.com/loc-rmy/profil/spieler/45121",17,"Yes",36,38,"19 years","2006",24,696,117,396,16,"right","Attack","184",19,184,2006,1.5,"right",1,"[18,21)","(180,185]","(9,57]","2000s","France Martinique","EU_Major"
"Frazer Richardson","England","https://fbref.com/en/players/4b3d3a68/Frazer-Richardson","https://www.transfermarkt.com/frazer-richardson/profil/spieler/4094",14,"Yes",34,43,"19 years","2002",1,77,12,329,15,"right","Defender","181",19,181,2002,0.0666666666666667,"right",1,"[18,21)","(180,185]","[0,3]","2000s","England","UK_Ireland"
"Sascha Riether","Germany","https://fbref.com/en/players/3cb009c5/Sascha-Riether","https://www.transfermarkt.com/sascha-riether/profil/spieler/1662",17,"Yes",36,42,"20 years","2003",6,104,16,399,16,"N/A","Defender","174",20,174,2003,0.375,"unknown",1,"[18,21)","[165,180]","(3,9]","2000s","Germany","EU_Major"
"Joel Robles","Spain","https://fbref.com/en/players/cda0b317/Joel-Robles","https://www.transfermarkt.com/joel-robles/profil/spieler/101118",16,"No",NA,35,"19 years","2009",1,35,4,213,16,"right","Goalkeeper","195",19,195,2009,0.0625,"right",0,"[18,21)","(185,203]","[0,3]","2000s","Spain","EU_Major"
"Hal Robson-Kanu","Wales  England","https://fbref.com/en/players/fb2dec57/Hal-Robson-Kanu","https://www.transfermarkt.com/hal-robson-kanu/profil/spieler/65976",12,"Yes",32,36,"18 years","2007",5,151,27,409,14,"left","Attack","183",18,183,2007,0.357142857142857,"left",1,"[18,21)","(180,185]","(3,9]","2000s","Wales England","UK_Ireland"
"Jay Rodriguez","England  Spain","https://fbref.com/en/players/4ab53cdb/Jay-Rodriguez","https://www.transfermarkt.com/jay-rodriguez/profil/spieler/53360",18,"No",NA,36,"18 years","2007",15,1254,180,525,17,"right","Attack","185",18,185,2007,0.882352941176471,"right",0,"[18,21)","(180,185]","(9,57]","2000s","England Spain","UK_Ireland"
"Markus Rosenberg","Sweden","https://fbref.com/en/players/5faa73aa/Markus-Rosenberg","https://www.transfermarkt.com/markus-rosenberg/profil/spieler/27505",19,"Yes",37,43,"18 years","Not found",4,128,18,522,25,"N/A","Attack","184",18,184,NA,0.16,"unknown",1,"[18,21)","(180,185]","(3,9]","NAs","Sweden","Rest_of_World"
"Nuri Şahin","Türkiye  Germany","https://fbref.com/en/players/f4081572/Nuri-Sahin","https://www.transfermarkt.com/nuri-ahin/profil/spieler/31095",17,"Yes",33,37,"16 years","2005",27,855,149,390,17,"left","Midfield","180",16,180,2005,1.58823529411765,"left",1,"[15,18)","[165,180]","(9,57]","2000s","Türkiye Germany","EU_Major"
"Dominic Samuel","England  Antigua and Barbuda","https://fbref.com/en/players/65829d85/Dominic-Samuel","https://www.transfermarkt.com/dominic-samuel/profil/spieler/203784",13,"No",NA,31,"18 years","2012",2,176,29,231,14,"right","Attack","182",18,182,2012,0.142857142857143,"right",0,"[18,21)","(180,185]","[0,3]","2010s","England Antigua and Barbuda","UK_Ireland"
"Morgan Schneiderlin","France","https://fbref.com/en/players/51b41c5c/Morgan-Schneiderlin","https://www.transfermarkt.com/morgan-schneiderlin/profil/spieler/56818",18,"Yes",34,36,"17 years","2007",16,515,57,447,17,"right","Midfield","181",17,181,2007,0.941176470588235,"right",1,"[15,18)","(180,185]","(9,57]","2000s","France","EU_Major"
"Billy Sharp","England","https://fbref.com/en/players/e8c9f4e9/Billy-Sharp","https://www.transfermarkt.com/billy-sharp/profil/spieler/49542",21,"No",NA,39,"18 years","2004",0,0,0,751,23,"right","Attack","175",18,175,2004,0,"right",0,"[18,21)","[165,180]","[0,3]","2000s","England","UK_Ireland"
"Luke Shaw","England","https://fbref.com/en/players/9c94165b/Luke-Shaw","https://www.transfermarkt.com/luke-shaw/profil/spieler/183288",13,"No",NA,30,"17 years","2012",29,1679,329,364,14,"left","Defender","185",17,185,2012,2.07142857142857,"left",0,"[15,18)","(180,185]","(9,57]","2010s","England","UK_Ireland"
"Brek Shea","United States  Norway","https://fbref.com/en/players/adb6ae24/Brek-Shea","https://www.transfermarkt.com/brek-shea/profil/spieler/71107",15,"Yes",33,35,"17 years","Not found",8,528,75,283,16,"left","Midfield","191",17,191,NA,0.5,"left",1,"[15,18)","(185,203]","(3,9]","NAs","United States Norway","Rest_of_World"
"Itay Shechter","Israel  Romania","https://fbref.com/en/players/adfc4cc1/Itay-Shechter","https://www.transfermarkt.com/itay-shechter/profil/spieler/44760",19,"Yes",37,38,"24 years","2011",6,211,22,84,8,"both","Attack","178",24,178,2011,0.75,"both",1,"[24,30]","[165,180]","(3,9]","2010s","Israel Romania","Rest_of_World"
"Moussa Sissoko","France  Mali","https://fbref.com/en/players/2acd49b9/Moussa-Sissoko","https://www.transfermarkt.com/moussa-sissoko/profil/spieler/46001",19,"No",NA,36,"17 years","2007",8,192,37,694,19,"right","Midfield","187",17,187,2007,0.421052631578947,"right",0,"[15,18)","(185,203]","(3,9]","2000s","France Mali","EU_Major"
"Robert Snodgrass","Scotland","https://fbref.com/en/players/9f4647e9/Robert-Snodgrass","https://www.transfermarkt.com/robert-snodgrass/profil/spieler/22614",19,"Yes",36,38,"16 years","2004",13,667,121,533,18,"left","Attack","182",16,182,2004,0.722222222222222,"left",1,"[15,18)","(180,185]","(9,57]","2000s","Scotland","UK_Ireland"
"Enda Stevens","Ireland","https://fbref.com/en/players/17d4507a/Enda-Stevens","https://www.transfermarkt.com/enda-stevens/profil/spieler/85706",17,"No",NA,35,"22 years","2012",10,434,87,404,14,"left","Defender","183",22,183,2012,0.714285714285714,"left",0,"[21,24)","(180,185]","(9,57]","2010s","Ireland","UK_Ireland"
"Suso","Spain","https://fbref.com/en/players/4e219ad2/Suso","https://www.transfermarkt.com/suso/profil/spieler/111961",14,"No",NA,32,"18 years","2012",14,421,82,408,14,"left","Attack","176",18,176,2012,1,"left",0,"[18,21)","[165,180]","(9,57]","2010s","Spain","EU_Major"
"Yacouba Sylla","Mali  France","https://fbref.com/en/players/f121f4b7/Yacouba-Sylla","https://www.transfermarkt.com/yacouba-sylla/profil/spieler/160080",16,"No",NA,35,"19 years","2010",2,81,12,217,14,"right","Midfield","184",19,184,2010,0.142857142857143,"right",0,"[18,21)","(180,185]","[0,3]","2010s","Mali France","EU_Major"
"Jay Tabb","Ireland  England","https://fbref.com/en/players/69cc718f/Jay-Tabb","https://www.transfermarkt.com/jay-tabb/profil/spieler/42284",10,"Yes",32,41,"18 years","2002",0,0,0,387,14,"left","Midfield","170",18,170,2002,0,"left",1,"[18,21)","[165,180]","[0,3]","2000s","Ireland England","UK_Ireland"
"James Tavernier","England","https://fbref.com/en/players/be765073/James-Tavernier","https://www.transfermarkt.com/james-tavernier/profil/spieler/62094",14,"No",NA,34,"18 years","2010",3,57,12,530,16,"right","Defender","182",18,182,2010,0.1875,"right",0,"[18,21)","(180,185]","[0,3]","2010s","England","UK_Ireland"
"Stuart Taylor","England","https://fbref.com/en/players/30871c08/Stuart-Taylor","https://www.transfermarkt.com/stuart-taylor/profil/spieler/3190",18,"Yes",37,45,"20 years","2001",2,167,31,63,10,"right","Goalkeeper","196",20,196,2001,0.2,"right",1,"[18,21)","(185,203]","[0,3]","2000s","England","UK_Ireland"
"Alexander Tettey","Norway","https://fbref.com/en/players/75566759/Alexander-Tettey","https://www.transfermarkt.com/alexander-tettey/profil/spieler/12384",17,"Yes",35,39,"17 years","Not found",10,467,71,433,22,"right","Midfield","180",17,180,NA,0.454545454545455,"right",1,"[15,18)","[165,180]","(9,57]","NAs","Norway","Rest_of_World"
"Dwight Tiendalli","Netherlands  Suriname","https://fbref.com/en/players/e7a1007d/Dwight-Tiendalli","https://www.transfermarkt.com/dwight-tiendalli/profil/spieler/29356",19,"Yes",38,40,"18 years","2004",2,70,25,232,12,"right","Defender","180",18,180,2004,0.166666666666667,"right",1,"[18,21)","[165,180]","[0,3]","2000s","Netherlands Suriname","EU_Major"
"Andros Townsend","England","https://fbref.com/en/players/b28bbd58/Andros-Townsend","https://www.transfermarkt.com/andros-townsend/profil/spieler/61842",15,"No",NA,34,"17 years","2008",7,594,82,459,17,"left","Attack","183",17,183,2008,0.411764705882353,"left",0,"[15,18)","(180,185]","(3,9]","2000s","England","UK_Ireland"
"Ricardo Vaz Tê","Portugal  Guinea-Bissau","https://fbref.com/en/players/238aa706/Ricardo-Vaz-Te","https://www.transfermarkt.com/ricardo-vaz-t/profil/spieler/9413",17,"Yes",34,39,"16 years","2003",9,619,114,279,17,"right","Attack","188",16,188,2003,0.529411764705882,"right",1,"[15,18)","(185,203]","(3,9]","2000s","Portugal Guinea-Bissau","EU_Major"
"Jan Vertonghen","Belgium","https://fbref.com/en/players/ba23a904/Jan-Vertonghen","https://www.transfermarkt.com/jan-vertonghen/profil/spieler/43250",19,"Yes",38,38,"19 years","2006",28,849,154,620,18,"left","Defender","189",19,189,2006,1.55555555555556,"left",1,"[18,21)","(185,203]","(9,57]","2000s","Belgium","EU_Major"
"Ron Vlaar","Netherlands","https://fbref.com/en/players/366f6f12/Ron-Vlaar","https://www.transfermarkt.com/ron-vlaar/profil/spieler/30697",15,"Yes",35,40,"19 years","2004",24,1336,167,327,16,"right","Defender","189",19,189,2004,1.5,"right",1,"[18,21)","(185,203]","(9,57]","2000s","Netherlands","EU_Major"
"James Ward-Prowse","England","https://fbref.com/en/players/3515d404/James-Ward-Prowse","https://www.transfermarkt.com/james-ward-prowse/profil/spieler/181579",14,"No",NA,31,"17 years","2012",4,99,31,481,14,"right","Midfield","173",17,173,2012,0.285714285714286,"right",0,"[15,18)","[165,180]","(3,9]","2010s","England","UK_Ireland"
"Ashley Westwood","England","https://fbref.com/en/players/495945ef/Ashley-Westwood","https://www.transfermarkt.com/ashley-westwood/profil/spieler/91317",13,"No",NA,35,"18 years","2008",9,398,58,568,17,"right","Midfield","170",18,170,2008,0.529411764705882,"right",0,"[18,21)","[165,180]","(3,9]","2000s","England","UK_Ireland"
"Steven Whittaker","Scotland","https://fbref.com/en/players/06f81a8c/Steven-Whittaker","https://www.transfermarkt.com/steven-whittaker/profil/spieler/12704",19,"Yes",37,41,"17 years","2001",6,318,52,480,20,"right","Defender","185",17,185,2001,0.3,"right",1,"[15,18)","(180,185]","(3,9]","2000s","Scotland","UK_Ireland"
"Derrick Williams","Ireland  United States","https://fbref.com/en/players/c0a28fbd/Derrick-Williams","https://www.transfermarkt.com/derrick-williams/profil/spieler/128287",13,"No",NA,32,"19 years","2012",10,742,93,406,15,"left","Defender","180",19,180,2012,0.666666666666667,"left",0,"[18,21)","[165,180]","(9,57]","2010s","Ireland United States","UK_Ireland"
"Andre Wisdom","England  Jamaica","https://fbref.com/en/players/ab6a3628/Andre-Wisdom","https://www.transfermarkt.com/andre-wisdom/profil/spieler/128912",13,"No",NA,32,"19 years","2012",4,133,22,231,11,"right","Defender","186",19,186,2012,0.363636363636364,"right",0,"[18,21)","(185,203]","(3,9]","2010s","England Jamaica","UK_Ireland"
"Claudio Yacob","Argentina  Italy","https://fbref.com/en/players/bda6ffd4/Claudio-Yacob","https://www.transfermarkt.com/claudio-yacob/profil/spieler/45330",16,"Yes",35,38,"25 years","2012",4,84,19,253,10,"right","Midfield","198",25,198,2012,0.4,"right",1,"[24,30]","(185,203]","(3,9]","2010s","Argentina Italy","EU_Major"
"Mapou Yanga-Mbiwa","France  Central African Republic","https://fbref.com/en/players/20573d10/Mapou-Yanga-Mbiwa","https://www.transfermarkt.com/mapou-yanga-mbiwa/profil/spieler/57480",19,"No",NA,36,"20 years","2009",3,57,13,278,9,"right","Defender","184",20,184,2009,0.333333333333333,"right",0,"[18,21)","(180,185]","[0,3]","2000s","France Central African Republic","EU_Major"
"Maya Yoshida","Japan","https://fbref.com/en/players/caffaf5a/Maya-Yoshida","https://www.transfermarkt.com/maya-yoshida/profil/spieler/81789",19,"No",NA,37,"21 years","2010",13,545,93,424,16,"right","Defender","189",21,189,2010,0.8125,"right",0,"[21,24)","(185,203]","(9,57]","2010s","Japan","Rest_of_World"
"Chuba Akpom","England  Nigeria","https://fbref.com/en/players/e2b384d2/Chuba-Akpom","https://www.transfermarkt.com/chuba-akpom/profil/spieler/197642",13,"No",NA,30,"17 years","2013",6,176,35,376,13,"right","Attack","183",17,183,2013,0.461538461538462,"right",0,"[15,18)","(180,185]","(3,9]","2010s","England Nigeria","UK_Ireland"
"Jozy Altidore","United States  Haiti","https://fbref.com/en/players/8db8ad1e/Jozy-Altidore","https://www.transfermarkt.com/jozy-altidore/profil/spieler/39378",20,"No",NA,36,"16 years","Not found",19,585,83,392,20,"right","Attack","185",16,185,NA,0.95,"right",0,"[15,18)","(180,185]","(9,57]","NAs","United States Haiti","Rest_of_World"
"Morgan Amalfitano","France  Italy","https://fbref.com/en/players/ab914649/Morgan-Amalfitano","https://www.transfermarkt.com/morgan-amalfitano/profil/spieler/39883",15,"Yes",33,40,"21 years","2006",4,131,17,324,11,"right","Midfield","176",21,176,2006,0.363636363636364,"right",1,"[21,24)","[165,180]","(3,9]","2000s","France Italy","EU_Major"
"Jordi Amat","Indonesia  Spain","https://fbref.com/en/players/d70a2141/Jordi-Amat","https://www.transfermarkt.com/jordi-amat/profil/spieler/85289",16,"No",NA,33,"17 years","2009",8,299,35,270,13,"right","Defender","184",17,184,2009,0.615384615384615,"right",0,"[15,18)","(180,185]","(3,9]","2000s","Indonesia Spain","EU_Major"
"Fernando Amorebieta","Venezuela  Spain","https://fbref.com/en/players/b2bbc0ec/Fernando-Amorebieta","https://www.transfermarkt.com/fernando-amorebieta/profil/spieler/35548",17,"Yes",37,40,"20 years","2005",14,356,90,349,17,"left","Defender","192",20,192,2005,0.823529411764706,"left",1,"[18,21)","(185,203]","(9,57]","2000s","Venezuela Spain","EU_Major"
"Pablo Armero","Colombia","https://fbref.com/en/players/afabf74e/Pablo-Armero","https://www.transfermarkt.com/pablo-armero/profil/spieler/73786",11,"Yes",33,39,"23 years","2010",2,37,8,178,11,"left","Midfield","174",23,174,2010,0.181818181818182,"left",1,"[21,24)","[165,180]","[0,3]","2010s","Colombia","Rest_of_World"
"Adam Armstrong","England","https://fbref.com/en/players/68c720b5/Adam-Armstrong","https://www.transfermarkt.com/adam-armstrong/profil/spieler/250426",11,"No",NA,28,"16 years","2013",2,28,5,456,13,"right","Attack","172",16,172,2013,0.153846153846154,"right",0,"[15,18)","[165,180]","[0,3]","2010s","England","UK_Ireland"
"Marko Arnautović","Austria  Serbia","https://fbref.com/en/players/00459419/Marko-Arnautovic","https://www.transfermarkt.com/marko-arnautovi/profil/spieler/41384",19,"No",NA,36,"17 years","2006",40,621,98,496,21,"both","Attack","192",17,192,2006,1.9047619047619,"both",0,"[15,18)","(185,203]","(9,57]","2000s","Austria Serbia","Rest_of_World"
"Iago Aspas","Spain","https://fbref.com/en/players/7dcf86f6/Iago-Aspas","https://www.transfermarkt.com/iago-aspas/profil/spieler/72047",18,"No",NA,38,"22 years","2010",9,267,43,526,16,"left","Attack","176",22,176,2010,0.5625,"left",0,"[21,24)","[165,180]","(3,9]","2010s","Spain","EU_Major"
"El-Hadji Ba","Mauritania  France","https://fbref.com/en/players/db89826f/El-Hadji-Ba","https://www.transfermarkt.com/el-hadji-ba/profil/spieler/169090",14,"No",NA,32,"18 years","2011",1,164,15,169,12,"right","Midfield","183",18,183,2011,0.0833333333333333,"right",0,"[18,21)","(180,185]","[0,3]","2010s","Mauritania France","EU_Major"
"Leandro Bacuna","Curacao  Netherlands","https://fbref.com/en/players/9dc69d38/Leandro-Bacuna","https://www.transfermarkt.com/leandro-bacuna/profil/spieler/126014",16,"No",NA,34,"17 years","2009",3,177,30,495,16,"right","Midfield","187",17,187,2009,0.1875,"right",0,"[15,18)","(185,203]","[0,3]","2000s","Curacao Netherlands","EU_Major"
"Nabil Bentaleb","Algeria  France","https://fbref.com/en/players/3189f61a/Nabil-Bentaleb","https://www.transfermarkt.com/nabil-bentaleb/profil/spieler/245537",12,"No",NA,31,"18 years","2013",17,761,139,298,13,"left","Midfield","187",18,187,2013,1.30769230769231,"left",0,"[18,21)","(185,203]","(9,57]","2010s","Algeria France","EU_Major"
"Saido Berahino","Burundi  England","https://fbref.com/en/players/25b166d0/Saido-Berahino","https://www.transfermarkt.com/saido-berahino/profil/spieler/128897",13,"No",NA,32,"17 years","2011",3,151,28,286,11,"right","Attack","179",17,179,2011,0.272727272727273,"right",0,"[15,18)","[165,180]","[0,3]","2010s","Burundi England","UK_Ireland"
"Thievy Bifouma","Congo  France","https://fbref.com/en/players/5978dc3c/Thievy-Bifouma","https://www.transfermarkt.com/thievy-bifouma/profil/spieler/181477",15,"No",NA,33,"18 years","2010",11,157,25,313,15,"right","Attack","180",18,180,2010,0.733333333333333,"right",0,"[18,21)","[165,180]","(9,57]","2010s","Congo France","EU_Major"
"Derek Boateng","Ghana","https://fbref.com/en/players/e9ef3a0d/Derek-Boateng","https://www.transfermarkt.com/derek-boateng/profil/spieler/18091",18,"Yes",34,42,"17 years","2000",3,48,5,229,15,"N/A","Midfield","183",17,183,2000,0.2,"unknown",1,"[15,18)","(180,185]","[0,3]","2000s","Ghana","Rest_of_World"
"Yannick Bolasie","DR Congo  England","https://fbref.com/en/players/715fc0fe/Yannick-Bolasie","https://www.transfermarkt.com/yannick-bolasie/profil/spieler/75471",18,"No",NA,36,"19 years","2008",7,491,95,463,17,"right","Attack","185",19,185,2008,0.411764705882353,"right",0,"[18,21)","(180,185]","(3,9]","2000s","DR Congo England","UK_Ireland"
"Wilfried Bony","Cote d'Ivoire  England","https://fbref.com/en/players/61abe9b6/Wilfried-Bony","https://www.transfermarkt.com/wilfried-bony/profil/spieler/81808",15,"Yes",34,37,"20 years","2009",11,566,76,279,12,"right","Attack","183",20,183,2009,0.916666666666667,"right",1,"[18,21)","(180,185]","(9,57]","2000s","Cote d'Ivoire England","UK_Ireland"
"Marco Borriello","Italy","https://fbref.com/en/players/a889ffc7/Marco-Borriello","https://www.transfermarkt.com/marco-borriello/profil/spieler/5825",16,"Yes",36,43,"20 years","2002",14,361,54,362,16,"left","Attack","186",20,186,2002,0.875,"left",1,"[18,21)","(185,203]","(9,57]","2000s","Italy","EU_Major"
"George Boyd","Scotland  England","https://fbref.com/en/players/0a9048ce/George-Boyd","https://www.transfermarkt.com/george-boyd/profil/spieler/45623",17,"No",NA,40,"20 years","2006",0,0,0,547,15,"left","Attack","185",20,185,2006,0,"left",0,"[18,21)","(180,185]","[0,3]","2000s","Scotland England","UK_Ireland"
"Robbie Brady","Ireland","https://fbref.com/en/players/96bb8cc2/Robbie-Brady","https://www.transfermarkt.com/robbie-brady/profil/spieler/128229",14,"No",NA,33,"19 years","2011",22,749,122,372,14,"left","Midfield","178",19,178,2011,1.57142857142857,"left",0,"[18,21)","[165,180]","(9,57]","2010s","Ireland","UK_Ireland"
"Liam Bridcutt","Scotland  England","https://fbref.com/en/players/d6066695/Liam-Bridcutt","https://www.transfermarkt.com/liam-bridcutt/profil/spieler/40612",15,"Yes",34,36,"18 years","2007",2,85,17,341,16,"right","Midfield","175",18,175,2007,0.125,"right",1,"[18,21)","[165,180]","[0,3]","2000s","Scotland England","UK_Ireland"
"Alex Bruce","Northern Ireland  Ireland","https://fbref.com/en/players/102ed2b2/Alex-Bruce","https://www.transfermarkt.com/alex-bruce/profil/spieler/37957",16,"Yes",37,41,"19 years","2004",2,223,32,310,16,"right","Defender","180",19,180,2004,0.125,"right",1,"[18,21)","[165,180]","[0,3]","2000s","Northern Ireland Ireland","UK_Ireland"
"Dan Burn","England","https://fbref.com/en/players/b2d31e83/Dan-Burn","https://www.transfermarkt.com/dan-burn/profil/spieler/134270",12,"No",NA,33,"17 years","2009",7,240,47,503,16,"left","Defender","198",17,198,2009,0.4375,"left",0,"[15,18)","(185,203]","(3,9]","2000s","England","UK_Ireland"
"Jack Butland","England","https://fbref.com/en/players/cc70a1d5/Jack-Butland","https://www.transfermarkt.com/jack-butland/profil/spieler/128899",13,"No",NA,32,"18 years","2011",5,566,88,395,14,"right","Goalkeeper","193",18,193,2011,0.357142857142857,"right",0,"[18,21)","(185,203]","(3,9]","2010s","England","UK_Ireland"
"José Campaña","Spain","https://fbref.com/en/players/61220da2/Jose-Campana","https://www.transfermarkt.com/jos-campaa/profil/spieler/120095",14,"No",NA,32,"18 years","2011",11,697,96,313,14,"right","Midfield","179",18,179,2011,0.785714285714286,"right",0,"[18,21)","[165,180]","(9,57]","2010s","Spain","EU_Major"
"Étienne Capoue","France  Guadeloupe","https://fbref.com/en/players/5acc4a10/Etienne-Capoue","https://www.transfermarkt.com/tienne-capoue/profil/spieler/63494",16,"Yes",35,37,"19 years","2007",8,309,57,542,17,"right","Midfield","189",19,189,2007,0.470588235294118,"right",1,"[18,21)","(185,203]","(3,9]","2000s","France Guadeloupe","EU_Major"
"João Carlos Teixeira","Portugal","https://fbref.com/en/players/601299e9/Joao-Carlos-Teixeira","https://www.transfermarkt.com/joo-carlos-teixeira/profil/spieler/132214",11,"No",NA,32,"20 years","2013",14,389,54,219,12,"right","Attack","177",20,177,2013,1.16666666666667,"right",0,"[18,21)","[165,180]","(9,57]","2010s","Portugal","EU_Major"
"Ondřej Čelůstka","Czech Republic","https://fbref.com/en/players/393a257c/Ondrej-Celustka","https://www.transfermarkt.com/ondej-elstka/profil/spieler/70131",18,"Yes",36,36,"20 years","2009",20,798,118,367,15,"right","Defender","185",20,185,2009,1.33333333333333,"right",1,"[18,21)","(180,185]","(9,57]","2000s","Czech Republic","Rest_of_World"
"Nacer Chadli","Belgium  Morocco","https://fbref.com/en/players/5b54bf3b/Nacer-Chadli","https://www.transfermarkt.com/nacer-chadli/profil/spieler/59631",18,"Yes",36,36,"17 years","2007",28,941,170,455,17,"right","Attack","187",17,187,2007,1.64705882352941,"right",1,"[15,18)","(185,203]","(9,57]","2000s","Belgium Morocco","EU_Major"
"Calum Chambers","England","https://fbref.com/en/players/dc6f5bdd/Calum-Chambers","https://www.transfermarkt.com/calum-chambers/profil/spieler/215118",12,"No",NA,30,"18 years","2013",6,462,67,294,13,"right","Defender","183",18,183,2013,0.461538461538462,"right",0,"[18,21)","(180,185]","(3,9]","2010s","England","UK_Ireland"
"James Chester","Wales  England","https://fbref.com/en/players/a772eba6/James-Chester","https://www.transfermarkt.com/james-chester/profil/spieler/73482",16,"Yes",36,36,"19 years","2008",13,628,110,450,17,"right","Defender","177",19,177,2008,0.764705882352941,"right",1,"[18,21)","[165,180]","(9,57]","2000s","Wales England","UK_Ireland"
"Vlad Chiricheș","Romania","https://fbref.com/en/players/c316607a/Vlad-Chiriches","https://www.transfermarkt.com/vlad-chiriche/profil/spieler/123261",17,"No",NA,36,"19 years","2009",29,1145,208,320,17,"right","Midfield","184",19,184,2009,1.70588235294118,"right",0,"[18,21)","(180,185]","(9,57]","2000s","Romania","Rest_of_World"
"Aly Cissokho","France  Senegal","https://fbref.com/en/players/83a2bb30/Aly-Cissokho","https://www.transfermarkt.com/aly-cissokho/profil/spieler/57515",19,"No",NA,38,"20 years","2008",5,352,37,318,12,"left","Defender","182",20,182,2008,0.416666666666667,"left",0,"[18,21)","(180,185]","(3,9]","2000s","France Senegal","EU_Major"
"Larnell Cole","England","https://fbref.com/en/players/ce1faab0/Larnell-Cole","https://www.transfermarkt.com/larnell-cole/profil/spieler/141650",12,"No",NA,32,"20 years","2013",1,16,3,86,5,"right","Midfield","168",20,168,2013,0.2,"right",0,"[18,21)","[165,180]","[0,3]","2010s","England","UK_Ireland"
"Andreas Cornelius","Denmark","https://fbref.com/en/players/c693347d/Andreas-Cornelius","https://www.transfermarkt.com/andreas-cornelius/profil/spieler/203412",13,"No",NA,32,"18 years","2011",26,888,152,379,15,"left","Attack","193",18,193,2011,1.73333333333333,"left",0,"[18,21)","(185,203]","(9,57]","2010s","Denmark","Rest_of_World"
"Don Cowie","Scotland","https://fbref.com/en/players/c06e8b72/Don-Cowie","https://www.transfermarkt.com/don-cowie/profil/spieler/14746",19,"Yes",37,42,"24 years","2007",7,338,42,381,13,"right","Midfield","180",24,180,2007,0.538461538461538,"right",1,"[24,30]","[165,180]","(3,9]","2000s","Scotland","UK_Ireland"
"Luke Daniels","England","https://fbref.com/en/players/87fce32b/Luke-Daniels","https://www.transfermarkt.com/luke-daniels/profil/spieler/45921",16,"Yes",36,37,"19 years","2007",2,241,46,275,16,"right","Goalkeeper","193",19,193,2007,0.125,"right",1,"[18,21)","(185,203]","[0,3]","2000s","England","UK_Ireland"
"Chris David","Netherlands  Türkiye","https://fbref.com/en/players/51ceacc1/Chris-David","https://www.transfermarkt.com/chris-david/profil/spieler/187285",11,"No",NA,32,"20 years","2013",3,794,90,66,7,"left","Attack","170",20,170,2013,0.428571428571429,"left",0,"[18,21)","[165,180]","[0,3]","2010s","Netherlands Türkiye","EU_Major"
"Kevin De Bruyne","Belgium","https://fbref.com/en/players/e46012d4/Kevin-De-Bruyne","https://www.transfermarkt.com/kevin-de-bruyne/profil/spieler/88755",17,"No",NA,34,"17 years","2008",28,847,191,639,18,"right","Attack","181",17,181,2008,1.55555555555556,"right",0,"[15,18)","(180,185]","(9,57]","2000s","Belgium","EU_Major"
"Damien Delaney","Ireland","https://fbref.com/en/players/210d9ecb/Damien-Delaney","https://www.transfermarkt.com/damien-delaney/profil/spieler/36861",18,"Yes",37,44,"19 years","2000",1,25,4,599,19,"left","Defender","191",19,191,2000,0.0526315789473684,"left",1,"[18,21)","(185,203]","[0,3]","2000s","Ireland","UK_Ireland"
"Moussa Dembélé","France  Mali","https://fbref.com/en/players/e7986081/Moussa-Dembele","https://www.transfermarkt.com/moussa-dembl/profil/spieler/229004",12,"No",NA,29,"17 years","2013",15,625,80,357,13,"right","Attack","183",17,183,2013,1.15384615384615,"right",0,"[15,18)","(180,185]","(9,57]","2010s","France Mali","EU_Major"
"Martín Demichelis","Argentina  Italy","https://fbref.com/en/players/e9c7102a/Martin-Demichelis","https://www.transfermarkt.com/martn-demichelis/profil/spieler/2963",15,"Yes",36,44,"22 years","2003",7,175,42,434,14,"right","Defender","184",22,184,2003,0.5,"right",1,"[21,24)","(180,185]","(3,9]","2000s","Argentina Italy","EU_Major"
"Gerard Deulofeu","Spain","https://fbref.com/en/players/39583cfd/Gerard-Deulofeu","https://www.transfermarkt.com/gerard-deulofeu/profil/spieler/129476",15,"No",NA,31,"16 years","2010",15,1681,162,345,13,"right","Attack","176",16,176,2010,1.15384615384615,"right",0,"[15,18)","[165,180]","(9,57]","2010s","Spain","EU_Major"
"Modibo Diakité","France  Mali","https://fbref.com/en/players/e5eb4ab4/Modibo-Diakite","https://www.transfermarkt.com/modibo-diakit/profil/spieler/41749",19,"No",NA,38,"18 years","2005",11,680,100,163,15,"right","Defender","192",18,192,2005,0.733333333333333,"right",0,"[18,21)","(185,203]","(9,57]","2000s","France Mali","EU_Major"
"Andrea Dossena","Italy","https://fbref.com/en/players/3ae59b9c/Andrea-Dossena","https://www.transfermarkt.com/andrea-dossena/profil/spieler/21863",15,"Yes",35,44,"19 years","2001",4,53,8,341,14,"left","Midfield","180",19,180,2001,0.285714285714286,"left",1,"[18,21)","[165,180]","(3,9]","2000s","Italy","EU_Major"
"Paul Dummett","Wales  England","https://fbref.com/en/players/3fe6bd8c/Paul-Dummett","https://www.transfermarkt.com/paul-dummett/profil/spieler/170321",14,"No",NA,34,"19 years","2011",16,1021,140,258,14,"left","Defender","185",19,185,2011,1.14285714285714,"left",0,"[18,21)","(180,185]","(9,57]","2010s","Wales England","UK_Ireland"
"Marvin Emnes","Netherlands  Suriname","https://fbref.com/en/players/a5900d91/Marvin-Emnes","https://www.transfermarkt.com/marvin-emnes/profil/spieler/37787",16,"Yes",33,37,"17 years","2005",9,196,29,278,13,"both","Attack","180",17,180,2005,0.692307692307692,"both",1,"[15,18)","[165,180]","(3,9]","2000s","Netherlands Suriname","EU_Major"
"Christian Eriksen","Denmark","https://fbref.com/en/players/980522ec/Christian-Eriksen","https://www.transfermarkt.com/christian-eriksen/profil/spieler/69633",16,"No",NA,33,"17 years","2009",10,464,79,631,17,"right","Attack","177",17,177,2009,0.588235294117647,"right",0,"[15,18)","[165,180]","(9,57]","2000s","Denmark","Rest_of_World"
"Samuel Eto'o","Cameroon  Spain","https://fbref.com/en/players/06420c93/Samuel-Etoo","https://www.transfermarkt.com/samuel-etoo/profil/spieler/4257",22,"Yes",38,44,"17 years","1998",6,109,18,640,20,"both","Attack","179",17,179,1998,0.3,"both",1,"[15,18)","[165,180]","(3,9]","1990s","Cameroon Spain","EU_Major"
"Leroy Fer","Netherlands  Curacao","https://fbref.com/en/players/3cefa66a/Leroy-Fer","https://www.transfermarkt.com/leroy-fer/profil/spieler/63342",18,"No",NA,35,"17 years","2007",13,627,122,487,17,"right","Midfield","188",17,188,2007,0.764705882352941,"right",0,"[15,18)","(185,203]","(9,57]","2000s","Netherlands Curacao","EU_Major"
"Fernandinho","Brazil","https://fbref.com/en/players/101da2b5/Fernandinho","https://www.transfermarkt.com/fernandinho/profil/spieler/26267",23,"Yes",40,40,"20 years","2005",19,532,98,698,20,"right","Midfield","175",20,175,2005,0.95,"right",1,"[18,21)","[165,180]","(9,57]","2000s","Brazil","South_America"
"Mathieu Flamini","France","https://fbref.com/en/players/148d4105/Mathieu-Flamini","https://www.transfermarkt.com/mathieu-flamini/profil/spieler/17396",16,"Yes",35,41,"19 years","2003",15,506,96,389,16,"right","Midfield","178",19,178,2003,0.9375,"right",1,"[18,21)","[165,180]","(9,57]","2000s","France","EU_Major"
"Matty Fryatt","England","https://fbref.com/en/players/4980fb08/Matty-Fryatt","https://www.transfermarkt.com/matty-fryatt/profil/spieler/14013",14,"Yes",31,39,"17 years","2003",2,1016,145,365,12,"right","Attack","178",17,178,2003,0.166666666666667,"right",1,"[15,18)","[165,180]","[0,3]","2000s","England","UK_Ireland"
"Jay Fulton","Scotland  England","https://fbref.com/en/players/434ad289/Jay-Fulton","https://www.transfermarkt.com/jay-fulton/profil/spieler/171260",14,"No",NA,31,"16 years","2010",2,69,17,403,16,"right","Midfield","178",16,178,2010,0.125,"right",0,"[15,18)","[165,180]","[0,3]","2010s","Scotland England","UK_Ireland"
"Sam Gallagher","England  Scotland","https://fbref.com/en/players/44361ade/Sam-Gallagher","https://www.transfermarkt.com/sam-gallagher/profil/spieler/227183",12,"No",NA,30,"17 years","2013",4,300,61,335,13,"right","Attack","193",17,193,2013,0.307692307692308,"right",0,"[15,18)","(185,203]","(3,9]","2010s","England Scotland","UK_Ireland"
"Luke Garbutt","England","https://fbref.com/en/players/41017ad5/Luke-Garbutt","https://www.transfermarkt.com/luke-garbutt/profil/spieler/110860",12,"No",NA,32,"18 years","2011",1,45,8,331,14,"left","Defender","180",18,180,2011,0.0714285714285714,"left",0,"[18,21)","[165,180]","[0,3]","2010s","England","UK_Ireland"
"Owen Garvan","Ireland","https://fbref.com/en/players/47b3b724/Owen-Garvan","https://www.transfermarkt.com/owen-garvan/profil/spieler/33249",13,"Yes",30,37,"17 years","2005",0,0,0,328,14,"left","Midfield","183",17,183,2005,0,"left",1,"[15,18)","(180,185]","[0,3]","2000s","Ireland","UK_Ireland"
"Dwight Gayle","England  Jamaica","https://fbref.com/en/players/e58a03c6/Dwight-Gayle","https://www.transfermarkt.com/dwight-gayle/profil/spieler/196522",12,"Yes",35,36,"21 years","2012",10,436,54,367,13,"right","Attack","177",21,177,2012,0.769230769230769,"right",1,"[21,24)","[165,180]","(9,57]","2010s","England Jamaica","UK_Ireland"
"Rudy Gestede","Benin  France","https://fbref.com/en/players/822b3ef9/Rudy-Gestede","https://www.transfermarkt.com/rudy-gestede/profil/spieler/39908",14,"Yes",33,37,"18 years","2007",0,0,0,321,13,"right","Attack","193",18,193,2007,0,"right",1,"[18,21)","(185,203]","[0,3]","2000s","Benin France","EU_Major"
"Emanuele Giaccherini","Italy","https://fbref.com/en/players/1c50f354/Emanuele-Giaccherini","https://www.transfermarkt.com/emanuele-giaccherini/profil/spieler/84835",12,"Yes",36,40,"24 years","2009",13,572,84,277,12,"right","Midfield","167",24,167,2009,1.08333333333333,"right",1,"[24,30]","[165,180]","(9,57]","2000s","Italy","EU_Major"
"Marco van Ginkel","Netherlands","https://fbref.com/en/players/47681787/Marco-van-Ginkel","https://www.transfermarkt.com/marco-van-ginkel/profil/spieler/147034",16,"No",NA,33,"16 years","2009",14,1485,213,291,14,"right","Midfield","186",16,186,2009,1,"right",0,"[15,18)","(185,203]","(9,57]","2000s","Netherlands","EU_Major"
"Jack Grealish","England  Ireland","https://fbref.com/en/players/b0b4fd3e/Jack-Grealish","https://www.transfermarkt.com/jack-grealish/profil/spieler/203460",12,"No",NA,30,"17 years","2013",13,454,95,420,14,"right","Attack","175",17,175,2013,0.928571428571429,"right",0,"[15,18)","[165,180]","(9,57]","2010s","England Ireland","UK_Ireland"
"John Guidetti","Sweden","https://fbref.com/en/players/99bebd12/John-Guidetti","https://www.transfermarkt.com/john-guidetti/profil/spieler/98596",17,"No",NA,33,"15 years","Not found",9,509,90,321,17,"right","Attack","185",15,185,NA,0.529411764705882,"right",0,"[15,18)","(180,185]","(3,9]","NAs","Sweden","Rest_of_World"
"Aron Gunnarsson","Iceland","https://fbref.com/en/players/e2533c20/Aron-Gunnarsson","https://www.transfermarkt.com/aron-gunnarsson/profil/spieler/63821",18,"No",NA,36,"18 years","2007",8,352,61,398,12,"right","Midfield","178",18,178,2007,0.666666666666667,"right",0,"[18,21)","[165,180]","(3,9]","2000s","Iceland","Rest_of_World"
"Rhys Healey","England","https://fbref.com/en/players/07ace8c3/Rhys-Healey","https://www.transfermarkt.com/rhys-healey/profil/spieler/238185",14,"No",NA,31,"18 years","2013",12,1264,170,224,13,"right","Attack","175",18,175,2013,0.923076923076923,"right",0,"[18,21)","[165,180]","(9,57]","2010s","England","UK_Ireland"
"Nicklas Helenius","Denmark","https://fbref.com/en/players/ae3d2f47/Nicklas-Helenius","https://www.transfermarkt.com/nicklas-helenius/profil/spieler/102132",15,"No",NA,34,"19 years","2010",5,231,29,367,14,"right","Attack","196",19,196,2010,0.357142857142857,"right",0,"[18,21)","(185,203]","(3,9]","2010s","Denmark","Rest_of_World"
"Gary Hooper","England","https://fbref.com/en/players/b73ce4ba/Gary-Hooper","https://www.transfermarkt.com/gary-hooper/profil/spieler/42513",19,"No",NA,37,"18 years","2006",5,183,32,458,18,"right","Attack","177",18,177,2006,0.277777777777778,"right",0,"[18,21)","[165,180]","(3,9]","2000s","England","UK_Ireland"
"Mark Hudson","England","https://fbref.com/en/players/e4e3de44/Mark-Hudson","https://www.transfermarkt.com/mark-hudson/profil/spieler/3640",14,"Yes",35,43,"21 years","2003",3,152,22,430,14,"right","Defender","185",21,185,2003,0.214285714285714,"right",1,"[21,24)","(180,185]","[0,3]","2000s","England","UK_Ireland"
"Tom Ince","England  Barbados","https://fbref.com/en/players/67d23ab0/Tom-Ince","https://www.transfermarkt.com/tom-ince/profil/spieler/157368",14,"No",NA,33,"18 years","2010",1,17,2,519,16,"left","Attack","178",18,178,2010,0.0625,"left",0,"[18,21)","[165,180]","[0,3]","2010s","England Barbados","UK_Ireland"
"Jo Inge Berget","Norway","https://fbref.com/en/players/f512a009/Jo-Inge-Berget","https://www.transfermarkt.com/jo-inge-berget/profil/spieler/73323",18,"No",NA,35,"16 years","Not found",6,185,27,400,25,"right","Attack","186",16,186,NA,0.24,"right",0,"[15,18)","(185,203]","(3,9]","NAs","Norway","Rest_of_World"
"Eldin Jakupović","Switzerland  Bosnia-Herzegovina","https://fbref.com/en/players/1148323a/Eldin-Jakupovic","https://www.transfermarkt.com/eldin-jakupovi/profil/spieler/2857",22,"No",NA,41,"19 years","2004",1,26,5,231,19,"right","Goalkeeper","191",19,191,2004,0.0526315789473684,"right",0,"[18,21)","(185,203]","[0,3]","2000s","Switzerland Bosnia-Herzegovina","Rest_of_World"
"Tom James","Wales","https://fbref.com/en/players/4007ea81/Tom-James","https://www.transfermarkt.com/tom-james/profil/spieler/325105",11,"No",NA,29,"17 years","2013",1,38,6,274,11,"right","Defender","183",17,183,2013,0.0909090909090909,"right",0,"[15,18)","(180,185]","[0,3]","2010s","Wales","UK_Ireland"
"Adnan Januzaj","Belgium  Kosovo","https://fbref.com/en/players/4737cebe/Adnan-Januzaj","https://www.transfermarkt.com/adnan-januzaj/profil/spieler/177847",12,"No",NA,30,"18 years","2013",19,492,79,320,13,"left","Attack","182",18,182,2013,1.46153846153846,"left",0,"[18,21)","(180,185]","(9,57]","2010s","Belgium Kosovo","EU_Major"
"Mile Jedinak","Australia  Croatia","https://fbref.com/en/players/22fd2214/Mile-Jedinak","https://www.transfermarkt.com/mile-jedinak/profil/spieler/28336",12,"Yes",35,41,"21 years","2006",2,56,10,354,13,"right","Midfield","191",21,191,2006,0.153846153846154,"right",1,"[21,24)","(185,203]","[0,3]","2000s","Australia Croatia","Rest_of_World"
"Declan John","Wales","https://fbref.com/en/players/8e42ea27/Declan-John","https://www.transfermarkt.com/declan-john/profil/spieler/238585",12,"No",NA,30,"18 years","2013",3,71,14,256,13,"left","Defender","178",18,178,2013,0.230769230769231,"left",0,"[18,21)","[165,180]","[0,3]","2010s","Wales","UK_Ireland"
"Luuk de Jong","Netherlands","https://fbref.com/en/players/abb3bb95/Luuk-de-Jong","https://www.transfermarkt.com/luuk-de-jong/profil/spieler/72522",17,"No",NA,35,"17 years","2008",17,391,75,591,18,"right","Attack","188",17,188,2008,0.944444444444444,"right",0,"[15,18)","(185,203]","(9,57]","2000s","Netherlands","EU_Major"
"Stevan Jovetić","Montenegro  Serbia","https://fbref.com/en/players/f36c432f/Stevan-Jovetic","https://www.transfermarkt.com/stevan-joveti/profil/spieler/46104",20,"No",NA,36,"18 years","2008",38,1634,303,372,17,"right","Attack","183",18,183,2008,2.23529411764706,"right",0,"[18,21)","(180,185]","(9,57]","2000s","Montenegro Serbia","Rest_of_World"
"Tomáš Kalas","Czech Republic","https://fbref.com/en/players/df618867/Tomas-Kalas","https://www.transfermarkt.com/tom-kalas/profil/spieler/148657",16,"No",NA,32,"16 years","2009",18,932,156,395,16,"right","Defender","184",16,184,2009,1.125,"right",0,"[15,18)","(180,185]","(9,57]","2000s","Czech Republic","Rest_of_World"
"Kim Källström","Sweden","https://fbref.com/en/players/c9880157/Kim-Kallstrom","https://www.transfermarkt.com/kim-kllstrm/profil/spieler/3730",17,"Yes",35,43,"18 years","Not found",4,45,15,550,19,"left","Midfield","185",18,185,NA,0.210526315789474,"left",1,"[18,21)","(180,185]","(3,9]","NAs","Sweden","Rest_of_World"
"Robert Koren","Slovenia","https://fbref.com/en/players/f68eaab2/Robert-Koren","https://www.transfermarkt.com/robert-koren/profil/spieler/26946",17,"Yes",37,45,"23 years","Not found",3,101,19,371,14,"right","Attack","175",23,175,NA,0.214285714285714,"right",1,"[21,24)","[165,180]","[0,3]","NAs","Slovenia","Rest_of_World"
"Libor Kozák","Czech Republic","https://fbref.com/en/players/979d0640/Libor-Kozak","https://www.transfermarkt.com/libor-kozk/profil/spieler/63824",18,"Yes",36,36,"19 years","2008",11,848,122,259,14,"right","Attack","193",19,193,2008,0.785714285714286,"right",1,"[18,21)","(185,203]","(9,57]","2000s","Czech Republic","Rest_of_World"
"William Kvist","Denmark","https://fbref.com/en/players/1c639185/William-Kvist","https://www.transfermarkt.com/william-kvist/profil/spieler/36787",14,"Yes",34,40,"19 years","2004",4,54,8,446,15,"N/A","Midfield","184",19,184,2004,0.266666666666667,"unknown",1,"[18,21)","(180,185]","(3,9]","2000s","Denmark","Rest_of_World"
"Érik Lamela","Argentina  Spain","https://fbref.com/en/players/abe66106/Erik-Lamela","https://www.transfermarkt.com/rik-lamela/profil/spieler/111630",16,"Yes",33,33,"19 years","2011",20,1195,208,431,14,"left","Attack","184",19,184,2011,1.42857142857143,"left",1,"[18,21)","(180,185]","(9,57]","2010s","Argentina Spain","EU_Major"
"Tom Lawrence","Wales","https://fbref.com/en/players/7e2f45f4/Tom-Lawrence","https://www.transfermarkt.com/tom-lawrence/profil/spieler/229970",11,"No",NA,31,"19 years","2013",5,404,67,355,13,"right","Attack","175",19,175,2013,0.384615384615385,"right",0,"[18,21)","[165,180]","(3,9]","2010s","Wales","UK_Ireland"
"Joe Ledley","Wales","https://fbref.com/en/players/c221f149/Joe-Ledley","https://www.transfermarkt.com/joe-ledley/profil/spieler/34409",17,"Yes",34,38,"17 years","2004",7,198,36,483,17,"left","Midfield","183",17,183,2004,0.411764705882353,"left",1,"[15,18)","(180,185]","(3,9]","2000s","Wales","UK_Ireland"
"Elliot Lee","England","https://fbref.com/en/players/e5192234/Elliot-Lee","https://www.transfermarkt.com/elliot-lee/profil/spieler/229826",12,"No",NA,30,"18 years","2013",4,37,6,348,13,"right","Attack","180",18,180,2013,0.307692307692308,"right",0,"[18,21)","[165,180]","(3,9]","2010s","England","UK_Ireland"
"Joe Lewis","England","https://fbref.com/en/players/d45bc2f4/Joe-Lewis","https://www.transfermarkt.com/joe-lewis/profil/spieler/25834",15,"Yes",36,38,"18 years","2006",3,84,17,445,16,"right","Goalkeeper","198",18,198,2006,0.1875,"right",1,"[18,21)","(185,203]","[0,3]","2000s","England","UK_Ireland"
"Dejan Lovren","Croatia","https://fbref.com/en/players/1a2935f6/Dejan-Lovren","https://www.transfermarkt.com/dejan-lovren/profil/spieler/37838",20,"No",NA,36,"18 years","2007",28,927,168,490,19,"right","Defender","188",18,188,2007,1.47368421052632,"right",0,"[18,21)","(185,203]","(9,57]","2000s","Croatia","Rest_of_World"
"Jamar Loza","Jamaica  England","https://fbref.com/en/players/e8f3848e/Jamar-Loza","https://www.transfermarkt.com/jamar-loza/profil/spieler/203464",11,"No",NA,31,"19 years","2013",0,0,0,179,9,"Not found","Attack","178",19,178,2013,0,"unknown",0,"[18,21)","[165,180]","[0,3]","2010s","Jamaica England","UK_Ireland"
"Diego Lugano","Uruguay  Italy","https://fbref.com/en/players/303ad7c3/Diego-Lugano","https://www.transfermarkt.com/diego-lugano/profil/spieler/13829",15,"Yes",37,45,"25 years","2006",12,170,31,223,11,"right","Defender","188",25,188,2006,1.09090909090909,"right",1,"[24,30]","(185,203]","(9,57]","2000s","Uruguay Italy","EU_Major"
"Antonio Luna","Spain","https://fbref.com/en/players/ed239245/Antonio-Luna","https://www.transfermarkt.com/antonio-luna/profil/spieler/126516",15,"No",NA,34,"18 years","2009",19,450,68,280,16,"left","Defender","178",18,178,2009,1.1875,"left",0,"[18,21)","[165,180]","(9,57]","2000s","Spain","EU_Major"
"David Marshall","Scotland","https://fbref.com/en/players/4d93d433/David-Marshall","https://www.transfermarkt.com/david-marshall/profil/spieler/9500",20,"Yes",39,40,"18 years","2003",3,50,8,625,21,"right","Goalkeeper","191",18,191,2003,0.142857142857143,"right",1,"[18,21)","(185,203]","[0,3]","2000s","Scotland","UK_Ireland"
"Nemanja Matić","Serbia  Slovakia","https://fbref.com/en/players/eb7822d7/Nemanja-Matic","https://www.transfermarkt.com/nemanja-mati/profil/spieler/74683",19,"No",NA,37,"20 years","2009",21,301,44,589,17,"left","Midfield","194",20,194,2009,1.23529411764706,"left",0,"[18,21)","(185,203]","(9,57]","2000s","Serbia Slovakia","Rest_of_World"
"Charalampos Mavrias","Greece","https://fbref.com/en/players/1cfd188f/Charalampos-Mavrias","https://www.transfermarkt.com/charalampos-mavrias/profil/spieler/136647",15,"No",NA,31,"16 years","2010",11,318,36,175,13,"right","Defender","177",16,177,2010,0.846153846153846,"right",0,"[15,18)","[165,180]","(9,57]","2010s","Greece","Rest_of_World"
"Nicky Maynard","England","https://fbref.com/en/players/2d6ef68e/Nicky-Maynard","https://www.transfermarkt.com/nicky-maynard/profil/spieler/39705",19,"No",NA,38,"18 years","2005",1,4,1,451,17,"right","Attack","189",18,189,2005,0.0588235294117647,"right",0,"[18,21)","(185,203]","[0,3]","2000s","England","UK_Ireland"
"Paddy McCarthy","Ireland","https://fbref.com/en/players/74a9a389/Paddy-McCarthy","https://www.transfermarkt.com/paddy-mccarthy/profil/spieler/29974",12,"Yes",33,42,"19 years","2002",1,94,11,272,12,"right","Defender","185",19,185,2002,0.0833333333333333,"right",1,"[18,21)","(180,185]","[0,3]","2000s","Ireland","UK_Ireland"
"Aiden McGeady","Ireland  Scotland","https://fbref.com/en/players/c7df693b/Aiden-McGeady","https://www.transfermarkt.com/aiden-mcgeady/profil/spieler/21333",20,"Yes",38,39,"17 years","2003",11,508,76,560,22,"both","Attack","180",17,180,2003,0.5,"both",1,"[15,18)","[165,180]","(9,57]","2000s","Ireland Scotland","UK_Ireland"
"Allan McGregor","Scotland","https://fbref.com/en/players/f3a97d02/Allan-McGregor","https://www.transfermarkt.com/allan-mcgregor/profil/spieler/9422",19,"Yes",41,43,"19 years","2001",8,387,62,635,21,"right","Goalkeeper","183",19,183,2001,0.380952380952381,"right",1,"[18,21)","(180,185]","(3,9]","2000s","Scotland","UK_Ireland"
"Aaron McLean","England  Jamaica","https://fbref.com/en/players/dc49ea82/Aaron-McLean","https://www.transfermarkt.com/aaron-mclean/profil/spieler/45631",9,"Yes",35,42,"19 years","2002",0,0,0,356,12,"right","Attack","177",19,177,2002,0,"right",1,"[18,21)","[165,180]","[0,3]","2000s","England Jamaica","UK_Ireland"
"Kevin McNaughton","Scotland","https://fbref.com/en/players/40a814af/Kevin-McNaughton","https://www.transfermarkt.com/kevin-mcnaughton/profil/spieler/11365",20,"Yes",37,43,"17 years","2000",2,340,42,464,17,"right","Defender","178",17,178,2000,0.117647058823529,"right",1,"[15,18)","[165,180]","[0,3]","2000s","Scotland","UK_Ireland"
"Paul McShane","Ireland","https://fbref.com/en/players/5785993d/Paul-McShane","https://www.transfermarkt.com/paul-mcshane/profil/spieler/24636",17,"Yes",36,39,"18 years","2004",4,188,27,383,18,"right","Defender","183",18,183,2004,0.222222222222222,"right",1,"[18,21)","(180,185]","(3,9]","2000s","Ireland","UK_Ireland"
"Gary Medel","Chile  Spain","https://fbref.com/en/players/563a68ad/Gary-Medel","https://www.transfermarkt.com/gary-medel/profil/spieler/60889",19,"No",NA,38,"22 years","2010",20,620,96,443,16,"right","Defender","171",22,171,2010,1.25,"right",0,"[21,24)","[165,180]","(9,57]","2010s","Chile Spain","EU_Major"
"Mesca","Guinea-Bissau  Portugal","https://fbref.com/en/players/7969682e/Mesca","https://www.transfermarkt.com/mesca/profil/spieler/160348",12,"No",NA,32,"20 years","2013",1,227,20,39,2,"right","Midfield","175",20,175,2013,0.5,"right",0,"[18,21)","[165,180]","[0,3]","2010s","Guinea-Bissau Portugal","EU_Major"
"Kostas Mitroglou","Greece","https://fbref.com/en/players/c6ac6579/Kostas-Mitroglou","https://www.transfermarkt.com/kostas-mitroglou/profil/spieler/34944",16,"Yes",35,37,"19 years","2007",17,380,73,343,14,"both","Attack","189",19,189,2007,1.21428571428571,"both",1,"[18,21)","(185,203]","(9,57]","2000s","Greece","Rest_of_World"
"Ravel Morrison","Jamaica  England","https://fbref.com/en/players/bf59c794/Ravel-Morrison","https://www.transfermarkt.com/ravel-morrison/profil/spieler/128907",13,"No",NA,32,"18 years","2011",5,59,10,167,12,"right","Attack","175",18,175,2011,0.416666666666667,"right",0,"[18,21)","[165,180]","(3,9]","2010s","Jamaica England","UK_Ireland"
"Dean Moxey","England","https://fbref.com/en/players/8616e501/Dean-Moxey","https://www.transfermarkt.com/dean-moxey/profil/spieler/77559",16,"No",NA,39,"20 years","2006",1,8,1,537,17,"left","Defender","180",20,180,2006,0.0588235294117647,"left",0,"[18,21)","[165,180]","[0,3]","2000s","England","UK_Ireland"
"Marc Muniesa","Spain","https://fbref.com/en/players/4db76f57/Marc-Muniesa","https://www.transfermarkt.com/marc-muniesa/profil/spieler/74228",16,"No",NA,33,"16 years","2008",11,922,111,173,11,"left","Defender","181",16,181,2008,1,"left",0,"[15,18)","(180,185]","(9,57]","2000s","Spain","EU_Major"
"Josh Murphy","England  Ireland","https://fbref.com/en/players/b30c7426/Josh-Murphy","https://www.transfermarkt.com/josh-murphy/profil/spieler/199528",12,"No",NA,30,"18 years","2013",4,67,6,371,13,"right","Attack","173",18,173,2013,0.307692307692308,"right",0,"[18,21)","[165,180]","(3,9]","2010s","England Ireland","UK_Ireland"
"Glenn Murray","England","https://fbref.com/en/players/f2f29dda/Glenn-Murray","https://www.transfermarkt.com/glenn-murray/profil/spieler/45693",10,"Yes",37,42,"21 years","2005",7,338,37,539,16,"right","Attack","183",21,183,2005,0.4375,"right",1,"[21,24)","(180,185]","(3,9]","2000s","England","UK_Ireland"
"Jesús Navas","Spain","https://fbref.com/en/players/3f10bd22/Jesus-Navas","https://www.transfermarkt.com/jess-navas/profil/spieler/15956",21,"Yes",39,40,"17 years","2003",15,414,79,814,22,"right","Defender","172",17,172,2003,0.681818181818182,"right",1,"[15,18)","[165,180]","(9,57]","2000s","Spain","EU_Major"
"Álvaro Negredo","Spain","https://fbref.com/en/players/63b0ca6b/Alvaro-Negredo","https://www.transfermarkt.com/lvaro-negredo/profil/spieler/18644",19,"Yes",39,40,"19 years","2005",9,216,42,594,18,"left","Attack","186",19,186,2005,0.5,"left",1,"[18,21)","(185,203]","(3,9]","2000s","Spain","EU_Major"
"Antonio Nocerino","Italy","https://fbref.com/en/players/07cf67f3/Antonio-Nocerino","https://www.transfermarkt.com/antonio-nocerino/profil/spieler/22203",16,"Yes",34,40,"18 years","2003",6,90,15,454,16,"right","Midfield","175",18,175,2003,0.375,"right",1,"[18,21)","[165,180]","(3,9]","2000s","Italy","EU_Major"
"Craig Noone","England","https://fbref.com/en/players/274e493e/Craig-Noone","https://www.transfermarkt.com/craig-noone/profil/spieler/81202",18,"No",NA,38,"20 years","2008",1,161,14,443,15,"left","Attack","173",20,173,2008,0.0666666666666667,"left",0,"[18,21)","[165,180]","[0,3]","2000s","England","UK_Ireland"
"Stuart O'Keefe","England","https://fbref.com/en/players/d0f8d154/Stuart-OKeefe","https://www.transfermarkt.com/stuart-okeefe/profil/spieler/93626",15,"No",NA,34,"17 years","2008",1,87,12,296,16,"right","Midfield","173",17,173,2008,0.0625,"right",0,"[15,18)","[165,180]","[0,3]","2000s","England","UK_Ireland"
"Jores Okore","Denmark  Cote d'Ivoire","https://fbref.com/en/players/bd7138e5/Jores-Okore","https://www.transfermarkt.com/jores-okore/profil/spieler/129085",14,"Yes",32,33,"17 years","2010",4,369,59,304,14,"right","Defender","183",17,183,2010,0.285714285714286,"right",1,"[15,18)","(180,185]","(3,9]","2010s","Denmark Cote d'Ivoire","Rest_of_World"
"Dani Osvaldo","Italy  Argentina","https://fbref.com/en/players/3f0eba4f/Dani-Osvaldo","https://www.transfermarkt.com/dani-osvaldo/profil/spieler/37389",14,"Yes",34,39,"19 years","2005",9,261,47,269,14,"right","Attack","182",19,182,2005,0.642857142857143,"right",1,"[18,21)","(180,185]","(3,9]","2000s","Italy Argentina","EU_Major"
"Mesut Özil","Germany","https://fbref.com/en/players/16380240/Mesut-Ozil","https://www.transfermarkt.com/mesut-zil/profil/spieler/35664",17,"Yes",34,37,"17 years","2006",45,798,159,552,17,"left","Attack","183",17,183,2006,2.64705882352941,"left",1,"[15,18)","(180,185]","(9,57]","2000s","Germany","EU_Major"
"Costel Pantilimon","Romania","https://fbref.com/en/players/d24e154c/Costel-Pantilimon","https://www.transfermarkt.com/costel-pantilimon/profil/spieler/47659",14,"Yes",34,38,"19 years","2006",5,126,14,270,12,"right","Goalkeeper","201",19,201,2006,0.416666666666667,"right",1,"[18,21)","(185,203]","(3,9]","2000s","Romania","Rest_of_World"
"Jonathan Parr","Norway","https://fbref.com/en/players/62110c96/Jonathan-Parr","https://www.transfermarkt.com/jonathan-parr/profil/spieler/41665",16,"Yes",33,37,"17 years","Not found",0,0,0,369,17,"both","Defender","182",17,182,NA,0,"both",1,"[15,18)","(180,185]","[0,3]","NAs","Norway","Rest_of_World"
"Paulinho","Brazil","https://fbref.com/en/players/bb7337cc/Paulinho","https://www.transfermarkt.com/paulinho/profil/spieler/57229",16,"Yes",35,37,"25 years","2013",3,598,117,264,13,"right","Midfield","182",25,182,2013,0.230769230769231,"right",1,"[24,30]","(180,185]","[0,3]","2010s","Brazil","South_America"
"Erik Pieters","Netherlands","https://fbref.com/en/players/1ef37668/Erik-Pieters","https://www.transfermarkt.com/erik-pieters/profil/spieler/43763",19,"No",NA,37,"17 years","2006",6,579,140,517,19,"left","Defender","184",17,184,2006,0.315789473684211,"left",0,"[15,18)","(180,185]","(3,9]","2000s","Netherlands","EU_Major"
"Alejandro Pozuelo","Spain","https://fbref.com/en/players/5e1280ff/Alejandro-Pozuelo","https://www.transfermarkt.com/alejandro-pozuelo/profil/spieler/188853",14,"No",NA,34,"19 years","2011",4,344,39,362,14,"both","Attack","170",19,170,2011,0.285714285714286,"both",0,"[18,21)","[165,180]","(3,9]","2010s","Spain","EU_Major"
"Alex Pritchard","England","https://fbref.com/en/players/ff9fcd4d/Alex-Pritchard","https://www.transfermarkt.com/alex-pritchard/profil/spieler/200777",13,"No",NA,32,"19 years","2012",13,421,71,356,13,"right","Attack","171",19,171,2012,1,"right",0,"[18,21)","[165,180]","(9,57]","2010s","England","UK_Ireland"
"Nick Proschwitz","Germany","https://fbref.com/en/players/9cf4fd68/Nick-Proschwitz","https://www.transfermarkt.com/nick-proschwitz/profil/spieler/31535",17,"No",NA,39,"23 years","2010",1,7,1,285,12,"right","Attack","192",23,192,2010,0.0833333333333333,"right",0,"[21,24)","(185,203]","[0,3]","2010s","Germany","EU_Major"
"Stephen Quinn","Ireland","https://fbref.com/en/players/9ff17f6f/Stephen-Quinn","https://www.transfermarkt.com/stephen-quinn/profil/spieler/43266",21,"No",NA,39,"19 years","2005",1,40,8,649,20,"left","Midfield","168",19,168,2005,0.05,"left",0,"[18,21)","[165,180]","[0,3]","2000s","Ireland","UK_Ireland"
"Răzvan Raț","Romania","https://fbref.com/en/players/0a0ee36e/Razvan-Rat","https://www.transfermarkt.com/rzvan-ra/profil/spieler/14940",16,"Yes",37,44,"22 years","2003",5,215,39,339,17,"left","Defender","178",22,178,2003,0.294117647058824,"left",1,"[21,24)","[165,180]","(3,9]","2000s","Romania","Rest_of_World"
"Nathan Redmond","England  Jamaica","https://fbref.com/en/players/ab651565/Nathan-Redmond","https://www.transfermarkt.com/nathan-redmond/profil/spieler/129078",14,"No",NA,31,"17 years","2011",12,648,74,456,15,"right","Attack","173",17,173,2011,0.8,"right",0,"[15,18)","[165,180]","(9,57]","2010s","England Jamaica","UK_Ireland"
"Harrison Reed","England","https://fbref.com/en/players/803ae100/Harrison-Reed","https://www.transfermarkt.com/harrison-reed/profil/spieler/226973",12,"No",NA,30,"18 years","2013",16,291,55,310,13,"right","Midfield","176",18,176,2013,1.23076923076923,"right",0,"[18,21)","[165,180]","(9,57]","2010s","England","UK_Ireland"
"Valentin Roberge","Cyprus  France","https://fbref.com/en/players/f373db50/Valentin-Roberge","https://www.transfermarkt.com/valentin-roberge/profil/spieler/87422",17,"No",NA,38,"21 years","2008",6,164,19,145,11,"left","Defender","185",21,185,2008,0.545454545454545,"left",0,"[21,24)","(180,185]","(3,9]","2000s","Cyprus France","EU_Major"
"Patrick Roberts","England","https://fbref.com/en/players/59d93937/Patrick-Roberts","https://www.transfermarkt.com/patrick-roberts/profil/spieler/225452",11,"No",NA,28,"16 years","2013",8,319,67,307,13,"left","Attack","167",16,167,2013,0.615384615384615,"left",0,"[15,18)","[165,180]","(3,9]","2010s","England","UK_Ireland"
"Callum Robinson","Ireland  England","https://fbref.com/en/players/e75750a3/Callum-Robinson","https://www.transfermarkt.com/callum-robinson/profil/spieler/183299",11,"No",NA,30,"18 years","2013",9,372,60,388,13,"right","Attack","178",18,178,2013,0.692307692307692,"right",0,"[18,21)","[165,180]","(3,9]","2010s","Ireland England","UK_Ireland"
"Liam Rosenior","England  Sierra Leone","https://fbref.com/en/players/8b0d6fe9/Liam-Rosenior","https://www.transfermarkt.com/liam-rosenior/profil/spieler/15166",14,"Yes",34,41,"18 years","2002",1,79,11,398,16,"right","Defender","178",18,178,2002,0.0625,"right",1,"[18,21)","[165,180]","[0,3]","2000s","England Sierra Leone","UK_Ireland"
"Yannick Sagbo","Cote d'Ivoire  France","https://fbref.com/en/players/8320d584/Yannick-Sagbo","https://www.transfermarkt.com/yannick-sagbo/profil/spieler/60591",17,"No",NA,37,"20 years","2008",1,12,2,156,7,"right","Attack","183",20,183,2008,0.142857142857143,"right",0,"[18,21)","(180,185]","[0,3]","2000s","Cote d'Ivoire France","EU_Major"
"Mamadou Sakho","France  Senegal","https://fbref.com/en/players/87935cf3/Mamadou-Sakho","https://www.transfermarkt.com/mamadou-sakho/profil/spieler/47713",18,"No",NA,35,"17 years","2007",18,1172,197,381,18,"left","Defender","188",17,188,2007,1,"left",0,"[15,18)","(185,203]","(9,57]","2000s","France Senegal","EU_Major"
"Mohamed Salah","Egypt","https://fbref.com/en/players/e342ad68/Mohamed-Salah","https://www.transfermarkt.com/mohamed-salah/profil/spieler/148455",16,"No",NA,33,"20 years","2012",12,188,38,610,15,"left","Attack","175",20,175,2012,0.8,"left",0,"[18,21)","[165,180]","(9,57]","2010s","Egypt","Rest_of_World"
"Yaya Sanogo","France  Cote d'Ivoire","https://fbref.com/en/players/11ced928/Yaya-Sanogo","https://www.transfermarkt.com/yaya-sanogo/profil/spieler/127194",15,"No",NA,32,"16 years","2009",11,1164,254,145,11,"right","Attack","194",16,194,2009,1,"right",0,"[15,18)","(185,203]","(9,57]","2000s","France Cote d'Ivoire","EU_Major"
"André Schürrle","Germany","https://fbref.com/en/players/ecbb3fdf/Andre-Schurrle","https://www.transfermarkt.com/andr-schrrle/profil/spieler/58205",11,"Yes",29,35,"18 years","2009",21,385,66,359,11,"N/A","Attack","183",18,183,2009,1.90909090909091,"unknown",1,"[18,21)","(180,185]","(9,57]","2000s","Germany","EU_Major"
"Ignacio Scocco","Argentina  Italy","https://fbref.com/en/players/705a763a/Ignacio-Scocco","https://www.transfermarkt.com/ignacio-scocco/profil/spieler/51088",18,"Yes",36,40,"21 years","2006",21,524,78,347,18,"right","Attack","172",21,172,2006,1.16666666666667,"right",1,"[21,24)","[165,180]","(9,57]","2000s","Argentina Italy","EU_Major"
"Brad Smith","Australia  England","https://fbref.com/en/players/c76c717c/Brad-Smith","https://www.transfermarkt.com/brad-smith/profil/spieler/175745",12,"No",NA,31,"19 years","2013",7,994,111,183,14,"left","Defender","178",19,178,2013,0.5,"left",0,"[18,21)","[165,180]","(3,9]","2010s","Australia England","UK_Ireland"
"Roberto Soldado","Spain","https://fbref.com/en/players/9d66fbe3/Roberto-Soldado","https://www.transfermarkt.com/roberto-soldado/profil/spieler/34870",18,"Yes",38,40,"20 years","2005",15,478,89,574,18,"right","Attack","179",20,179,2005,0.833333333333333,"right",1,"[18,21)","[165,180]","(9,57]","2000s","Spain","EU_Major"
"Julián Speroni","Argentina  Italy","https://fbref.com/en/players/8e65a5e5/Julian-Speroni","https://www.transfermarkt.com/julin-speroni/profil/spieler/12814",18,"Yes",40,46,"22 years","2001",2,116,15,471,18,"right","Goalkeeper","183",22,183,2001,0.111111111111111,"right",1,"[21,24)","(180,185]","[0,3]","2000s","Argentina Italy","EU_Major"
"Maarten Stekelenburg","Netherlands","https://fbref.com/en/players/fefce889/Maarten-Stekelenburg","https://www.transfermarkt.com/maarten-stekelenburg/profil/spieler/4311",21,"Yes",40,43,"19 years","2002",12,735,135,373,19,"right","Goalkeeper","197",19,197,2002,0.631578947368421,"right",1,"[18,21)","(185,203]","(9,57]","2000s","Netherlands","EU_Major"
"John Stones","England","https://fbref.com/en/players/5eecec3d/John-Stones","https://www.transfermarkt.com/john-stones/profil/spieler/186590",14,"No",NA,31,"17 years","2011",22,620,143,402,17,"right","Defender","188",17,188,2011,1.29411764705882,"right",0,"[15,18)","(185,203]","(9,57]","2010s","England","UK_Ireland"
"John Swift","England","https://fbref.com/en/players/646ee278/John-Swift","https://www.transfermarkt.com/john-swift/profil/spieler/197693",12,"No",NA,30,"18 years","2013",7,423,67,388,13,"right","Attack","182",18,182,2013,0.538461538461538,"right",0,"[18,21)","(180,185]","(3,9]","2010s","England","UK_Ireland"
"Muamer Tanković","Sweden  Bosnia-Herzegovina","https://fbref.com/en/players/b44c39da/Muamer-Tankovic","https://www.transfermarkt.com/muamer-tankovi/profil/spieler/198513",12,"No",NA,30,"18 years","2013",4,39,5,213,11,"right","Attack","179",18,179,2013,0.363636363636364,"right",0,"[18,21)","[165,180]","(3,9]","2010s","Sweden Bosnia-Herzegovina","Rest_of_World"
"Andrew Taylor","England","https://fbref.com/en/players/fb67faf8/Andrew-Taylor","https://www.transfermarkt.com/andrew-taylor/profil/spieler/29158",13,"Yes",32,39,"18 years","2005",3,173,45,410,14,"left","Defender","178",18,178,2005,0.214285714285714,"left",1,"[18,21)","[165,180]","[0,3]","2000s","England","UK_Ireland"
"Kévin Théophile-Catherine","Martinique  France","https://fbref.com/en/players/6b994195/Kevin-Theophile-Catherine","https://www.transfermarkt.com/kvin-thophile-catherine/profil/spieler/60603",17,"No",NA,36,"19 years","2009",6,218,41,441,17,"right","Defender","183",19,183,2009,0.352941176470588,"right",0,"[18,21)","(180,185]","(3,9]","2000s","Martinique France","EU_Major"
"Aleksandar Tonev","Bulgaria","https://fbref.com/en/players/c15d1af9/Aleksandar-Tonev","https://www.transfermarkt.com/aleksandar-tonev/profil/spieler/87282",12,"Yes",30,35,"19 years","2009",9,210,33,210,11,"both","Attack","178",19,178,2009,0.818181818181818,"both",1,"[18,21)","[165,180]","(3,9]","2000s","Bulgaria","Rest_of_World"
"Lacina Traoré","Cote d'Ivoire","https://fbref.com/en/players/883f251e/Lacina-Traore","https://www.transfermarkt.com/lacina-traor/profil/spieler/69006",15,"Yes",33,35,"18 years","2008",10,407,74,240,12,"left","Attack","203",18,203,2008,0.833333333333333,"left",1,"[18,21)","(185,203]","(9,57]","2000s","Cote d'Ivoire","Rest_of_World"
"Ryan Tunnicliffe","England","https://fbref.com/en/players/534e83a0/Ryan-Tunnicliffe","https://www.transfermarkt.com/ryan-tunnicliffe/profil/spieler/110868",14,"No",NA,32,"18 years","2011",1,93,17,366,14,"right","Midfield","183",18,183,2011,0.0714285714285714,"right",0,"[18,21)","(180,185]","[0,3]","2010s","England","UK_Ireland"
"Ben Turner","England  Wales","https://fbref.com/en/players/b034ebe2/Ben-Turner","https://www.transfermarkt.com/ben-turner/profil/spieler/39518",17,"Yes",34,37,"18 years","2006",0,0,0,343,16,"left","Defender","193",18,193,2006,0,"left",1,"[18,21)","(185,203]","[0,3]","2000s","England Wales","UK_Ireland"
"Álvaro Vázquez","Spain","https://fbref.com/en/players/d2d8675a/Alvaro-Vazquez","https://www.transfermarkt.com/lvaro-vzquez/profil/spieler/141835",15,"No",NA,34,"19 years","2010",8,336,38,333,14,"right","Attack","182",19,182,2010,0.571428571428571,"right",0,"[18,21)","(180,185]","(3,9]","2010s","Spain","EU_Major"
"Miloš Veljković","Serbia  Switzerland","https://fbref.com/en/players/a5ae8f8e/Milos-Veljkovic","https://www.transfermarkt.com/milo-veljkovi/profil/spieler/202228",12,"No",NA,30,"17 years","2013",34,738,114,267,13,"right","Defender","184",17,184,2013,2.61538461538462,"right",0,"[15,18)","(180,185]","(9,57]","2010s","Serbia Switzerland","Rest_of_World"
"Santiago Vergini","Argentina  Italy","https://fbref.com/en/players/6d041dd0/Santiago-Vergini","https://www.transfermarkt.com/santiago-vergini/profil/spieler/94783",10,"Yes",33,37,"24 years","2013",0,0,0,151,10,"right","Defender","191",24,191,2013,0,"right",1,"[24,30]","(185,203]","[0,3]","2010s","Argentina Italy","EU_Major"
"Matěj Vydra","Czech Republic","https://fbref.com/en/players/0d4ceb32/Matej-Vydra","https://www.transfermarkt.com/matj-vydra/profil/spieler/101500",17,"No",NA,33,"17 years","2009",8,385,100,451,17,"right","Attack","180",17,180,2009,0.470588235294118,"right",0,"[15,18)","[165,180]","(3,9]","2000s","Czech Republic","Rest_of_World"
"Victor Wanyama","Kenya","https://fbref.com/en/players/e0900238/Victor-Wanyama","https://www.transfermarkt.com/victor-wanyama/profil/spieler/77760",16,"No",NA,34,"18 years","2009",9,315,63,440,17,"right","Midfield","188",18,188,2009,0.529411764705882,"right",0,"[18,21)","(185,203]","(3,9]","2000s","Kenya","Rest_of_World"
"Joel Ward","England","https://fbref.com/en/players/8a7ff278/Joel-Ward","https://www.transfermarkt.com/joel-ward/profil/spieler/92572",16,"No",NA,36,"18 years","2008",8,273,43,469,17,"right","Defender","188",18,188,2008,0.470588235294118,"right",0,"[18,21)","(185,203]","(3,9]","2000s","England","UK_Ireland"
"Peter Whittingham","England","https://fbref.com/en/players/f2286f20/Peter-Whittingham","https://www.transfermarkt.com/peter-whittingham/profil/spieler/3762",17,"No",NA,41,"17 years","2002",0,0,0,512,17,"left","Midfield","178",17,178,2002,0,"left",0,"[15,18)","[165,180]","[0,3]","2000s","England","UK_Ireland"
"Jonny Williams","Wales  England","https://fbref.com/en/players/49b8432c/Jonny-Williams","https://www.transfermarkt.com/jonny-williams/profil/spieler/170322",15,"No",NA,32,"17 years","2011",5,345,65,368,15,"both","Attack","168",17,168,2011,0.333333333333333,"both",0,"[15,18)","[165,180]","(3,9]","2010s","Wales England","UK_Ireland"
"Magnus Wolff Eikrem","Norway","https://fbref.com/en/players/3a770838/Magnus-Wolff-Eikrem","https://www.transfermarkt.com/magnus-wolff-eikrem/profil/spieler/54775",15,"No",NA,35,"20 years","Not found",5,227,25,389,22,"right","Attack","183",20,183,NA,0.227272727272727,"right",0,"[18,21)","(180,185]","(3,9]","NAs","Norway","Rest_of_World"
"Ricky van Wolfswinkel","Netherlands","https://fbref.com/en/players/dbe16ade/Ricky-van-Wolfswinkel","https://www.transfermarkt.com/ricky-van-wolfswinkel/profil/spieler/41355",17,"No",NA,36,"18 years","2007",18,613,86,527,19,"right","Attack","185",18,185,2007,0.947368421052632,"right",0,"[18,21)","(180,185]","(9,57]","2000s","Netherlands","EU_Major"
"Cauley Woodrow","England","https://fbref.com/en/players/d3085b49/Cauley-Woodrow","https://www.transfermarkt.com/cauley-woodrow/profil/spieler/169801",12,"No",NA,31,"18 years","2013",2,87,19,373,13,"right","Attack","184",18,184,2013,0.153846153846154,"right",0,"[18,21)","(180,185]","[0,3]","2010s","England","UK_Ireland"
"Joseph Yobo","Nigeria  England","https://fbref.com/en/players/acd633df/Joseph-Yobo","https://www.transfermarkt.com/joseph-yobo/profil/spieler/3270",16,"Yes",35,45,"20 years","2001",7,138,28,360,13,"right","Defender","188",20,188,2001,0.538461538461538,"right",1,"[18,21)","(185,203]","(3,9]","2000s","Nigeria England","UK_Ireland"
"Wilfried Zaha","Cote d'Ivoire  England","https://fbref.com/en/players/b2bc3b1f/Wilfried-Zaha","https://www.transfermarkt.com/wilfried-zaha/profil/spieler/145988",16,"No",NA,33,"16 years","2009",24,478,73,532,17,"right","Attack","180",16,180,2009,1.41176470588235,"right",0,"[15,18)","[165,180]","(9,57]","2000s","Cote d'Ivoire England","UK_Ireland"
"Elsad Zverotić","Montenegro  Switzerland","https://fbref.com/en/players/e7fd18a4/Elsad-Zverotic","https://www.transfermarkt.com/elsad-zveroti/profil/spieler/25542",17,"Yes",34,39,"21 years","2008",5,163,24,264,10,"right","Defender","178",21,178,2008,0.5,"right",1,"[21,24)","[165,180]","(3,9]","2000s","Montenegro Switzerland","Rest_of_World"
"Rolando Aarons","Jamaica  England","https://fbref.com/en/players/c5942695/Rolando-Aarons","https://www.transfermarkt.com/rolando-aarons/profil/spieler/258188",12,"No",NA,30,"18 years","2014",7,678,130,103,10,"left","Attack","175",18,175,2014,0.7,"left",0,"[18,21)","[165,180]","(3,9]","2010s","Jamaica England","UK_Ireland"
"Mehdi Abeid","Algeria  France","https://fbref.com/en/players/a4c3f7af/Mehdi-Abeid","https://www.transfermarkt.com/mehdi-abeid/profil/spieler/111036",11,"No",NA,33,"19 years","2012",11,373,61,251,11,"right","Midfield","178",19,178,2012,1,"right",0,"[18,21)","[165,180]","(9,57]","2010s","Algeria France","EU_Major"
"Toby Alderweireld","Belgium","https://fbref.com/en/players/f7d50789/Toby-Alderweireld","https://www.transfermarkt.com/toby-alderweireld/profil/spieler/42710",17,"Yes",36,36,"19 years","2008",15,446,84,475,15,"right","Defender","187",19,187,2008,1,"right",1,"[18,21)","(185,203]","(9,57]","2000s","Belgium","EU_Major"
"Jak Alnwick","England","https://fbref.com/en/players/b0835fc0/Jak-Alnwick","https://www.transfermarkt.com/jak-alnwick/profil/spieler/128895",11,"No",NA,32,"18 years","2011",4,117,15,295,12,"left","Goalkeeper","187",18,187,2011,0.333333333333333,"left",0,"[18,21)","(185,203]","(3,9]","2010s","England","UK_Ireland"
"Ricky Álvarez","Argentina  Italy","https://fbref.com/en/players/92a5ac34/Ricky-Alvarez","https://www.transfermarkt.com/ricky-lvarez/profil/spieler/76077",13,"Yes",33,37,"23 years","2011",14,758,107,193,11,"left","Midfield","188",23,188,2011,1.27272727272727,"left",1,"[21,24)","(185,203]","(9,57]","2010s","Argentina Italy","EU_Major"
"Scott Arfield","Canada  Scotland","https://fbref.com/en/players/b1313ec4/Scott-Arfield","https://www.transfermarkt.com/scott-arfield/profil/spieler/55291",19,"No",NA,37,"18 years","2007",8,214,34,652,20,"right","Midfield","178",18,178,2007,0.4,"right",0,"[18,21)","[165,180]","(3,9]","2000s","Canada Scotland","UK_Ireland"
"Christian Atsu","Ghana","https://fbref.com/en/players/8816329f/Christian-Atsu","https://www.transfermarkt.com/christian-atsu/profil/spieler/186997",12,"No",NA,33,"19 years","2011",7,237,36,243,12,"left","Attack","172",19,172,2011,0.583333333333333,"left",0,"[18,21)","[165,180]","(3,9]","2010s","Ghana","Rest_of_World"
"Charlie Austin","England","https://fbref.com/en/players/8d228291/Charlie-Austin","https://www.transfermarkt.com/charlie-austin/profil/spieler/129627",15,"No",NA,36,"20 years","2009",7,443,71,481,15,"right","Attack","188",20,188,2009,0.466666666666667,"right",0,"[18,21)","(185,203]","(3,9]","2000s","England","UK_Ireland"
"Ashley Barnes","England","https://fbref.com/en/players/2691c772/Ashley-Barnes","https://www.transfermarkt.com/ashley-barnes/profil/spieler/63200",17,"No",NA,36,"17 years","2007",10,816,80,550,19,"right","Attack","183",17,183,2007,0.526315789473684,"right",0,"[15,18)","(180,185]","(9,57]","2000s","England","UK_Ireland"
"Modou Barrow","The Gambia  Sweden","https://fbref.com/en/players/75783f5f/Modou-Barrow","https://www.transfermarkt.com/modou-barrow/profil/spieler/189070",14,"No",NA,33,"19 years","Not found",8,193,34,309,13,"left","Attack","176",19,176,NA,0.615384615384615,"left",0,"[18,21)","[165,180]","(3,9]","NAs","The Gambia Sweden","Rest_of_World"
"Héctor Bellerín","Spain","https://fbref.com/en/players/f874dd44/Hector-Bellerin","https://www.transfermarkt.com/hctor-bellern/profil/spieler/191217",12,"No",NA,30,"18 years","2013",11,558,107,354,13,"right","Defender","177",18,177,2013,0.846153846153846,"right",0,"[18,21)","[165,180]","(9,57]","2010s","Spain","EU_Major"
"Muhamed Bešić","Bosnia-Herzegovina  Germany","https://fbref.com/en/players/7ca9f0f0/Muhamed-Besic","https://www.transfermarkt.com/muhamed-bei/profil/spieler/93905",15,"No",NA,33,"17 years","2010",6,557,85,242,14,"right","Midfield","177",17,177,2010,0.428571428571429,"right",0,"[15,18)","[165,180]","(3,9]","2010s","Bosnia-Herzegovina Germany","EU_Major"
"Tyler Blackett","England  Barbados","https://fbref.com/en/players/a68a5466/Tyler-Blackett","https://www.transfermarkt.com/tyler-blackett/profil/spieler/134414",12,"No",NA,31,"19 years","2013",3,87,11,217,12,"left","Defender","186",19,186,2013,0.25,"left",0,"[18,21)","(185,203]","[0,3]","2010s","England Barbados","UK_Ireland"
"Sebastián Blanco","Argentina  Spain","https://fbref.com/en/players/4ddd0834/Sebastian-Blanco","https://www.transfermarkt.com/sebastin-blanco/profil/spieler/54576",20,"No",NA,37,"23 years","2011",6,575,65,382,17,"both","Attack","168",23,168,2011,0.352941176470588,"both",0,"[21,24)","[165,180]","(3,9]","2010s","Argentina Spain","EU_Major"
"Daley Blind","Netherlands","https://fbref.com/en/players/691bef82/Daley-Blind","https://www.transfermarkt.com/daley-blind/profil/spieler/12282",17,"No",NA,35,"18 years","2008",10,351,62,542,18,"left","Defender","180",18,180,2008,0.555555555555556,"left",0,"[18,21)","[165,180]","(9,57]","2000s","Netherlands","EU_Major"
"Tyias Browning","China  England","https://fbref.com/en/players/c4e180f0/Tyias-Browning","https://www.transfermarkt.com/tyias-browning/profil/spieler/156934",12,"No",NA,31,"19 years","2013",3,492,69,198,13,"right","Defender","181",19,181,2013,0.230769230769231,"right",0,"[18,21)","(180,185]","[0,3]","2010s","China England","UK_Ireland"
"Will Buckley","England  Ireland","https://fbref.com/en/players/b1929302/Will-Buckley","https://www.transfermarkt.com/will-buckley/profil/spieler/77329",10,"Yes",30,36,"17 years","2007",1,85,12,309,13,"Not found","Attack","183",17,183,2007,0.0769230769230769,"unknown",1,"[15,18)","(180,185]","[0,3]","2000s","England Ireland","UK_Ireland"
"Reece Burke","England","https://fbref.com/en/players/a681b7b7/Reece-Burke","https://www.transfermarkt.com/reece-burke/profil/spieler/264220",11,"No",NA,29,"17 years","2014",20,712,119,295,12,"right","Defender","188",17,188,2014,1.66666666666667,"right",0,"[15,18)","(185,203]","(9,57]","2010s","England","UK_Ireland"
"Willy Caballero","Argentina  Spain","https://fbref.com/en/players/a179d516/Willy-Caballero","https://www.transfermarkt.com/willy-caballero/profil/spieler/19948",21,"Yes",41,44,"22 years","2004",3,299,44,401,18,"right","Goalkeeper","185",22,185,2004,0.166666666666667,"right",1,"[21,24)","(180,185]","[0,3]","2000s","Argentina Spain","EU_Major"
"Rémy Cabella","France  Italy","https://fbref.com/en/players/148e136f/Remy-Cabella","https://www.transfermarkt.com/rmy-cabella/profil/spieler/113707",15,"No",NA,35,"20 years","2010",10,654,96,467,16,"right","Attack","171",20,171,2010,0.625,"right",0,"[18,21)","[165,180]","(9,57]","2010s","France Italy","EU_Major"
"Esteban Cambiasso","Argentina  Italy","https://fbref.com/en/players/4d801075/Esteban-Cambiasso","https://www.transfermarkt.com/esteban-cambiasso/profil/spieler/7520",20,"Yes",36,45,"21 years","2002",12,176,33,511,15,"left","Midfield","177",21,177,2002,0.8,"left",1,"[21,24)","[165,180]","(9,57]","2000s","Argentina Italy","EU_Major"
"Joel Campbell","Costa Rica","https://fbref.com/en/players/895ff3ca/Joel-Campbell","https://www.transfermarkt.com/joel-campbell/profil/spieler/131248",16,"No",NA,33,"19 years","2011",12,367,67,348,16,"left","Attack","178",19,178,2011,0.75,"left",0,"[18,21)","[165,180]","(9,57]","2010s","Costa Rica","Rest_of_World"
"Emre Can","Germany  Türkiye","https://fbref.com/en/players/a65ce836/Emre-Can","https://www.transfermarkt.com/emre-can/profil/spieler/119296",12,"No",NA,31,"18 years","2012",26,653,139,459,14,"right","Defender","184",18,184,2012,1.85714285714286,"right",0,"[18,21)","(180,185]","(9,57]","2010s","Germany Türkiye","EU_Major"
"Nathaniel Chalobah","England  Sierra Leone","https://fbref.com/en/players/422862ea/Nathaniel-Chalobah","https://www.transfermarkt.com/nathaniel-chalobah/profil/spieler/128900",13,"No",NA,30,"17 years","2012",14,560,91,299,14,"right","Midfield","185",17,185,2012,1,"right",0,"[15,18)","(180,185]","(9,57]","2010s","England Sierra Leone","UK_Ireland"
"Andreas Christensen","Denmark","https://fbref.com/en/players/1cb49278/Andreas-Christensen","https://www.transfermarkt.com/andreas-christensen/profil/spieler/196948",10,"No",NA,29,"18 years","2014",29,537,120,335,13,"right","Defender","188",18,188,2014,2.23076923076923,"right",0,"[18,21)","(185,203]","(9,57]","2010s","Denmark","Rest_of_World"
"Brandon Comley","Montserrat  England","https://fbref.com/en/players/caf7a176/Brandon-Comley","https://www.transfermarkt.com/brandon-comley/profil/spieler/362809",11,"No",NA,30,"18 years","2014",1,78,14,278,12,"right","Midfield","180",18,180,2014,0.0833333333333333,"right",0,"[18,21)","[165,180]","[0,3]","2010s","Montserrat England","UK_Ireland"
"Diego Costa","Spain  Brazil","https://fbref.com/en/players/a190d597/Diego-Costa","https://www.transfermarkt.com/diego-costa/profil/spieler/44779",20,"No",NA,37,"17 years","2006",30,769,143,512,19,"right","Attack","188",17,188,2006,1.57894736842105,"right",0,"[15,18)","(185,203]","(9,57]","2000s","Spain Brazil","EU_Major"
"Thibaut Courtois","Belgium","https://fbref.com/en/players/1840e36d/Thibaut-Courtois","https://www.transfermarkt.com/thibaut-courtois/profil/spieler/108390",17,"No",NA,33,"16 years","2008",24,648,128,637,18,"left","Goalkeeper","199",16,199,2008,1.33333333333333,"left",0,"[15,18)","(185,203]","(9,57]","2000s","Belgium","EU_Major"
"Aaron Cresswell","England","https://fbref.com/en/players/4f974391/Aaron-Cresswell","https://www.transfermarkt.com/aaron-cresswell/profil/spieler/92571",14,"No",NA,35,"18 years","2008",16,252,36,582,18,"left","Defender","170",18,170,2008,0.888888888888889,"left",0,"[18,21)","[165,180]","(9,57]","2000s","England","UK_Ireland"
"Juan Cuadrado","Colombia  Italy","https://fbref.com/en/players/0ab1f153/Juan-Cuadrado","https://www.transfermarkt.com/juan-cuadrado/profil/spieler/91970",16,"No",NA,37,"21 years","2009",23,631,115,535,17,"right","Midfield","178",21,178,2009,1.35294117647059,"right",0,"[21,24)","[165,180]","(9,57]","2000s","Colombia Italy","EU_Major"
"Jason Davidson","Australia  Greece","https://fbref.com/en/players/46bcd68d/Jason-Davidson","https://www.transfermarkt.com/jason-davidson/profil/spieler/137669",16,"No",NA,34,"18 years","2009",6,219,26,251,15,"left","Defender","180",18,180,2009,0.4,"left",0,"[18,21)","[165,180]","(3,9]","2000s","Australia Greece","Rest_of_World"
"Ángel Di María","Argentina  Italy","https://fbref.com/en/players/19cda00b/Angel-Di-Maria","https://www.transfermarkt.com/ngel-di-mara/profil/spieler/45320",20,"No",NA,37,"19 years","2007",51,748,146,723,19,"left","Attack","180",19,180,2007,2.68421052631579,"left",0,"[18,21)","[165,180]","(9,57]","2000s","Argentina Italy","EU_Major"
"Eric Dier","England  Portugal","https://fbref.com/en/players/ac861941/Eric-Dier","https://www.transfermarkt.com/eric-dier/profil/spieler/175722",13,"No",NA,31,"18 years","2012",28,444,79,445,14,"right","Defender","188",18,188,2012,2,"right",0,"[18,21)","(185,203]","(9,57]","2010s","England Portugal","UK_Ireland"
"Michael Doughty","Wales  England","https://fbref.com/en/players/e98740ac/Michael-Doughty","https://www.transfermarkt.com/michael-doughty/profil/spieler/173832",7,"Yes",27,33,"18 years","2011",2,78,15,228,10,"left","Midfield","185",18,185,2011,0.2,"left",1,"[18,21)","(180,185]","[0,3]","2010s","Wales England","UK_Ireland"
"Danny Drinkwater","England","https://fbref.com/en/players/2649ff32/Danny-Drinkwater","https://www.transfermarkt.com/danny-drinkwater/profil/spieler/73491",15,"No",NA,35,"19 years","2009",12,465,80,358,13,"right","Midfield","178",19,178,2009,0.923076923076923,"right",0,"[18,21)","[165,180]","(9,57]","2000s","England","UK_Ireland"
"Eljero Elia","Netherlands  Suriname","https://fbref.com/en/players/05cb19c5/Eljero-Elia","https://www.transfermarkt.com/eljero-elia/profil/spieler/27805",21,"No",NA,38,"17 years","2004",22,627,108,444,18,"right","Attack","176",17,176,2004,1.22222222222222,"right",0,"[15,18)","[165,180]","(9,57]","2000s","Netherlands Suriname","EU_Major"
"Radamel Falcao","Colombia  Venezuela","https://fbref.com/en/players/66116290/Radamel-Falcao","https://www.transfermarkt.com/radamel-falcao/profil/spieler/39152",20,"No",NA,39,"23 years","2009",35,1480,283,480,17,"right","Attack","177",23,177,2009,2.05882352941176,"right",0,"[21,24)","[165,180]","(9,57]","2000s","Colombia Venezuela","Rest_of_World"
"Federico Fazio","Argentina  Italy","https://fbref.com/en/players/4e358a2d/Federico-Fazio","https://www.transfermarkt.com/federico-fazio/profil/spieler/45314",17,"Yes",37,38,"20 years","2007",22,463,82,431,17,"right","Defender","195",20,195,2007,1.29411764705882,"right",1,"[18,21)","(185,203]","(9,57]","2000s","Argentina Italy","EU_Major"
"Federico Fernández","Argentina  Italy","https://fbref.com/en/players/f25b010f/Federico-Fernandez","https://www.transfermarkt.com/federico-fernndez/profil/spieler/85475",15,"Yes",35,36,"22 years","2011",12,288,41,321,14,"right","Defender","189",22,189,2011,0.857142857142857,"right",1,"[21,24)","(185,203]","(9,57]","2010s","Argentina Italy","EU_Major"
"Fraser Forster","England","https://fbref.com/en/players/c3e39f12/Fraser-Forster","https://www.transfermarkt.com/fraser-forster/profil/spieler/52570",11,"No",NA,37,"20 years","2008",6,577,70,441,17,"right","Goalkeeper","201",20,201,2008,0.352941176470588,"right",0,"[18,21)","(185,203]","(3,9]","2000s","England","UK_Ireland"
"Darnell Furlong","England  Montserrat","https://fbref.com/en/players/3ec9195b/Darnell-Furlong","https://www.transfermarkt.com/darnell-furlong/profil/spieler/351755",11,"No",NA,30,"18 years","2014",1,43,6,386,12,"right","Defender","180",18,180,2014,0.0833333333333333,"right",0,"[18,21)","[165,180]","[0,3]","2010s","England Montserrat","UK_Ireland"
"Brendan Galloway","Zimbabwe  England","https://fbref.com/en/players/321506b3/Brendan-Galloway","https://www.transfermarkt.com/brendan-galloway/profil/spieler/208244",10,"No",NA,29,"15 years","2011",13,1417,243,159,15,"left","Defender","186",15,186,2011,0.866666666666667,"left",0,"[15,18)","(185,203]","(9,57]","2010s","Zimbabwe England","UK_Ireland"
"Cristian Gamboa","Costa Rica","https://fbref.com/en/players/f27680d9/Cristian-Gamboa","https://www.transfermarkt.com/cristian-gamboa/profil/spieler/121686",17,"Yes",35,36,"21 years","Not found",10,281,38,246,17,"right","Defender","175",21,175,NA,0.588235294117647,"right",1,"[21,24)","[165,180]","(9,57]","NAs","Costa Rica","Rest_of_World"
"Dominic Gape","England","https://fbref.com/en/players/f744b4df/Dominic-Gape","https://www.transfermarkt.com/dominic-gape/profil/spieler/226964",11,"No",NA,31,"19 years","2014",2,131,19,236,11,"right","Midfield","180",19,180,2014,0.181818181818182,"right",0,"[18,21)","[165,180]","[0,3]","2010s","England","UK_Ireland"
"Florin Gardoș","Romania","https://fbref.com/en/players/70eb7e9d/Florin-Gardos","https://www.transfermarkt.com/florin-gardo/profil/spieler/57423",13,"Yes",34,37,"21 years","2010",5,440,66,186,10,"right","Defender","194",21,194,2010,0.5,"right",1,"[21,24)","(185,203]","(3,9]","2010s","Romania","Rest_of_World"
"Carles Gil","Spain","https://fbref.com/en/players/11c30a46/Carles-Gil","https://www.transfermarkt.com/carles-gil/profil/spieler/127987",14,"No",NA,33,"19 years","2012",14,725,68,369,14,"left","Attack","170",19,170,2012,1,"left",0,"[18,21)","[165,180]","(9,57]","2010s","Spain","EU_Major"
"Bafétimbi Gomis","France  Senegal","https://fbref.com/en/players/3d6686f9/Bafetimbi-Gomis","https://www.transfermarkt.com/baftimbi-gomis/profil/spieler/22388",21,"Yes",39,40,"18 years","2004",6,97,14,657,22,"right","Attack","185",18,185,2004,0.272727272727273,"right",1,"[18,21)","(180,185]","(3,9]","2000s","France Senegal","EU_Major"
"Kenji Gorré","Curacao  Netherlands","https://fbref.com/en/players/52d1a4c6/Kenji-Gorre","https://www.transfermarkt.com/kenji-gorr/profil/spieler/374889",11,"No",NA,31,"19 years","2014",2,50,8,139,8,"right","Attack","178",19,178,2014,0.25,"right",0,"[18,21)","[165,180]","[0,3]","2010s","Curacao Netherlands","EU_Major"
"Reece Grego-Cox","Ireland  England","https://fbref.com/en/players/16f65d25/Reece-Grego-Cox","https://www.transfermarkt.com/reece-grego-cox/profil/spieler/264199",11,"No",NA,29,"17 years","2014",1,619,75,170,10,"right","Midfield","170",17,170,2014,0.1,"right",0,"[15,18)","[165,180]","[0,3]","2010s","Ireland England","UK_Ireland"
"Matt Grimes","England","https://fbref.com/en/players/81a487b9/Matt-Grimes","https://www.transfermarkt.com/matt-grimes/profil/spieler/265471",11,"No",NA,30,"18 years","2013",0,0,0,494,13,"left","Midfield","178",18,178,2013,0,"left",0,"[18,21)","[165,180]","[0,3]","2010s","England","UK_Ireland"
"Ben Hamer","England","https://fbref.com/en/players/d822a850/Ben-Hamer","https://www.transfermarkt.com/ben-hamer/profil/spieler/67283",14,"No",NA,38,"18 years","2006",4,271,36,379,18,"right","Goalkeeper","180",18,180,2006,0.222222222222222,"right",0,"[18,21)","[165,180]","(3,9]","2000s","England","UK_Ireland"
"Dean Hammond","England","https://fbref.com/en/players/577c12e5/Dean-Hammond","https://www.transfermarkt.com/dean-hammond/profil/spieler/33065",18,"Yes",37,42,"19 years","2002",0,0,0,443,15,"right","Midfield","183",19,183,2002,0,"right",1,"[18,21)","(180,185]","[0,3]","2000s","England","UK_Ireland"
"Tom Heaton","England","https://fbref.com/en/players/a6de6361/Tom-Heaton","https://www.transfermarkt.com/tom-heaton/profil/spieler/34130",17,"No",NA,39,"19 years","2005",7,727,86,357,16,"right","Goalkeeper","187",19,187,2005,0.4375,"right",0,"[18,21)","(185,203]","(3,9]","2000s","England","UK_Ireland"
"Rushian Hepburn-Murphy","England  Jamaica","https://fbref.com/en/players/1e2012a6/Rushian-Hepburn-Murphy","https://www.transfermarkt.com/rushian-hepburn-murphy/profil/spieler/314237",11,"No",NA,27,"15 years","2014",0,0,0,185,10,"right","Attack","187",15,187,2014,0,"right",0,"[15,18)","(185,203]","[0,3]","2010s","England Jamaica","UK_Ireland"
"Abel Hernández","Uruguay","https://fbref.com/en/players/a36da810/Abel-Hernandez","https://www.transfermarkt.com/abel-hernndez/profil/spieler/76608",19,"No",NA,35,"17 years","2008",21,1147,190,392,18,"left","Attack","185",17,185,2008,1.16666666666667,"left",0,"[15,18)","(180,185]","(9,57]","2000s","Uruguay","South_America"
"Ander Herrera","Spain","https://fbref.com/en/players/436a9dd0/Ander-Herrera","https://www.transfermarkt.com/ander-herrera/profil/spieler/99343",17,"No",NA,36,"18 years","2008",31,852,146,548,18,"right","Midfield","181",18,181,2008,1.72222222222222,"right",0,"[18,21)","(180,185]","(9,57]","2000s","Spain","EU_Major"
"Jake Hesketh","England","https://fbref.com/en/players/4c83c9f8/Jake-Hesketh","https://www.transfermarkt.com/jake-hesketh/profil/spieler/315185",11,"No",NA,29,"18 years","2014",2,157,17,159,8,"right","Attack","168",18,168,2014,0.25,"right",0,"[18,21)","[165,180]","[0,3]","2010s","England","UK_Ireland"
"Brown Ideye","Nigeria","https://fbref.com/en/players/f519b556/Brown-Ideye","https://www.transfermarkt.com/brown-ideye/profil/spieler/64308",17,"Yes",36,37,"18 years","2007",7,112,19,369,15,"right","Attack","180",18,180,2007,0.466666666666667,"right",1,"[18,21)","[165,180]","(3,9]","2000s","Nigeria","Rest_of_World"
"Danny Ings","England","https://fbref.com/en/players/07802f7f/Danny-Ings","https://www.transfermarkt.com/danny-ings/profil/spieler/134294",14,"No",NA,33,"18 years","2010",12,733,134,421,16,"right","Attack","178",18,178,2010,0.75,"right",0,"[18,21)","[165,180]","(9,57]","2010s","England","UK_Ireland"
"Lloyd Isgrove","Wales  England","https://fbref.com/en/players/430696d5/Lloyd-Isgrove","https://www.transfermarkt.com/lloyd-isgrove/profil/spieler/226965",11,"No",NA,32,"20 years","2013",2,127,24,162,10,"right","Attack","178",20,178,2013,0.2,"right",0,"[18,21)","[165,180]","[0,3]","2010s","Wales England","UK_Ireland"
"Mauricio Isla","Chile","https://fbref.com/en/players/de4517dd/Mauricio-Isla","https://www.transfermarkt.com/mauricio-isla/profil/spieler/43722",18,"No",NA,37,"19 years","2007",17,477,74,522,19,"right","Defender","176",19,176,2007,0.894736842105263,"right",0,"[18,21)","[165,180]","(9,57]","2000s","Chile","Rest_of_World"
"Matty James","England","https://fbref.com/en/players/ebd0a048/Matty-James","https://www.transfermarkt.com/matty-james/profil/spieler/73522",16,"No",NA,34,"18 years","2009",5,979,121,370,15,"right","Midfield","178",18,178,2009,0.333333333333333,"right",0,"[18,21)","[165,180]","(3,9]","2000s","England","UK_Ireland"
"Daryl Janmaat","Netherlands","https://fbref.com/en/players/45da6694/Daryl-Janmaat","https://www.transfermarkt.com/daryl-janmaat/profil/spieler/60744",14,"Yes",32,36,"18 years","2007",18,743,105,354,15,"right","Defender","185",18,185,2007,1.2,"right",1,"[18,21)","(180,185]","(9,57]","2000s","Netherlands","EU_Major"
"Siem de Jong","Netherlands","https://fbref.com/en/players/cf2a6ace/Siem-de-Jong","https://www.transfermarkt.com/siem-de-jong/profil/spieler/45509",16,"Yes",34,36,"18 years","2007",15,634,124,388,17,"right","Attack","185",18,185,2007,0.882352941176471,"right",1,"[18,21)","(180,185]","(9,57]","2000s","Netherlands","EU_Major"
"Lukas Jutkiewicz","England","https://fbref.com/en/players/3943a06f/Lukas-Jutkiewicz","https://www.transfermarkt.com/lukas-jutkiewicz/profil/spieler/33507",19,"Yes",36,36,"16 years","2005",2,28,3,621,20,"left","Attack","185",16,185,2005,0.1,"left",1,"[15,18)","(180,185]","[0,3]","2000s","England","UK_Ireland"
"Michael Keane","England  Ireland","https://fbref.com/en/players/c5b7c315/Michael-Keane","https://www.transfermarkt.com/michael-keane/profil/spieler/118534",13,"No",NA,32,"19 years","2012",4,51,10,394,14,"right","Defender","191",19,191,2012,0.285714285714286,"right",0,"[18,21)","(185,203]","(3,9]","2010s","England Ireland","UK_Ireland"
"Andy King","Wales  England","https://fbref.com/en/players/d790907f/Andy-King","https://www.transfermarkt.com/andy-king/profil/spieler/56872",17,"Yes",35,37,"18 years","2007",2,113,20,452,17,"right","Midfield","183",18,183,2007,0.117647058823529,"right",1,"[18,21)","(180,185]","[0,3]","2000s","Wales England","UK_Ireland"
"Anthony Knockaert","France  Belgium","https://fbref.com/en/players/6c679c6d/Anthony-Knockaert","https://www.transfermarkt.com/anthony-knockaert/profil/spieler/149237",15,"No",NA,34,"19 years","2011",9,381,62,416,13,"left","Attack","172",19,172,2011,0.692307692307692,"left",0,"[18,21)","[165,180]","(3,9]","2010s","France Belgium","EU_Major"
"Cheikhou Kouyaté","Senegal  Belgium","https://fbref.com/en/players/8d3c902d/Cheikhou-Kouyate","https://www.transfermarkt.com/cheikhou-kouyat/profil/spieler/66934",17,"No",NA,35,"17 years","2007",14,374,57,541,17,"right","Midfield","193",17,193,2007,0.823529411764706,"right",0,"[15,18)","(185,203]","(9,57]","2000s","Senegal Belgium","EU_Major"
"Cole Kpekawa","England  Ghana","https://fbref.com/en/players/ee15cb07/Cole-Kpekawa","https://www.transfermarkt.com/cole-kpekawa/profil/spieler/347895",10,"No",NA,29,"18 years","2014",0,0,0,86,7,"left","Defender","176",18,176,2014,0,"left",0,"[18,21)","[165,180]","[0,3]","2010s","England Ghana","UK_Ireland"
"Andrej Kramarić","Croatia","https://fbref.com/en/players/603cb947/Andrej-Kramaric","https://www.transfermarkt.com/andrej-kramari/profil/spieler/46580",17,"No",NA,34,"17 years","2008",20,344,57,500,18,"right","Attack","180",17,180,2008,1.11111111111111,"right",0,"[15,18)","[165,180]","(9,57]","2000s","Croatia","Rest_of_World"
"Bojan Krkić","Spain  Serbia","https://fbref.com/en/players/9fa0a0b8/Bojan-Krkic","https://www.transfermarkt.com/bojan-krki/profil/spieler/44675",15,"Yes",32,35,"16 years","2007",8,515,82,374,16,"right","Attack","170",16,170,2007,0.5,"right",1,"[15,18)","[165,180]","(3,9]","2000s","Spain Serbia","EU_Major"
"Daniel Lafferty","Northern Ireland","https://fbref.com/en/players/cfc41f7a/Daniel-Lafferty","https://www.transfermarkt.com/daniel-lafferty/profil/spieler/85928",16,"No",NA,36,"20 years","2009",0,0,0,226,14,"left","Defender","185",20,185,2009,0,"left",0,"[18,21)","(180,185]","[0,3]","2000s","Northern Ireland","UK_Ireland"
"Jesse Lingard","England","https://fbref.com/en/players/810e3c74/Jesse-Lingard","https://www.transfermarkt.com/jesse-lingard/profil/spieler/141660",13,"No",NA,32,"19 years","2012",13,434,101,376,13,"right","Attack","174",19,174,2012,1,"right",0,"[18,21)","[165,180]","(9,57]","2010s","England","UK_Ireland"
"Ruben Loftus-Cheek","England  Guyana","https://fbref.com/en/players/e97fd090/Ruben-Loftus-Cheek","https://www.transfermarkt.com/ruben-loftus-cheek/profil/spieler/202886",10,"No",NA,29,"18 years","2014",24,861,160,296,12,"right","Midfield","191",18,191,2014,2,"right",0,"[18,21)","(185,203]","(9,57]","2010s","England Guyana","UK_Ireland"
"Kevin Long","Ireland","https://fbref.com/en/players/5a4280b1/Kevin-Long","https://www.transfermarkt.com/kevin-long/profil/spieler/111114",17,"No",NA,35,"19 years","2010",9,606,81,252,16,"right","Defender","190",19,190,2010,0.5625,"right",0,"[18,21)","(185,203]","(3,9]","2010s","Ireland","UK_Ireland"
"Filipe Luís","Brazil  Poland","https://fbref.com/en/players/e4ed2628/Filipe-Luis","https://www.transfermarkt.com/filipe-lus/profil/spieler/21725",21,"Yes",38,40,"19 years","2005",16,450,91,618,19,"left","Defender","182",19,182,2005,0.842105263157895,"left",1,"[18,21)","(180,185]","(9,57]","2000s","Brazil Poland","South_America"
"Harry Maguire","England","https://fbref.com/en/players/d8931174/Harry-Maguire","https://www.transfermarkt.com/harry-maguire/profil/spieler/177907",14,"No",NA,32,"17 years","2010",12,307,61,553,16,"right","Defender","188",17,188,2010,0.75,"right",0,"[15,18)","(185,203]","(9,57]","2010s","England","UK_Ireland"
"Riyad Mahrez","Algeria  France","https://fbref.com/en/players/892d5bb1/Riyad-Mahrez","https://www.transfermarkt.com/riyad-mahrez/profil/spieler/171424",14,"No",NA,34,"20 years","2011",3,35,4,547,15,"left","Attack","178",20,178,2011,0.2,"left",0,"[18,21)","[165,180]","[0,3]","2010s","Algeria France","EU_Major"
"Ainsley Maitland-Niles","England  Jamaica","https://fbref.com/en/players/e3a5814e/Ainsley-Maitland-Niles","https://www.transfermarkt.com/ainsley-maitland-niles/profil/spieler/285845",11,"No",NA,28,"16 years","2014",10,160,31,330,12,"right","Defender","180",16,180,2014,0.833333333333333,"right",0,"[15,18)","[165,180]","(9,57]","2010s","England Jamaica","UK_Ireland"
"Sadio Mané","Senegal","https://fbref.com/en/players/c691bfe2/Sadio-Mane","https://www.transfermarkt.com/sadio-man/profil/spieler/200512",14,"No",NA,33,"19 years","2011",16,375,65,541,16,"right","Attack","175",19,175,2011,1,"right",0,"[18,21)","[165,180]","(9,57]","2010s","Senegal","Rest_of_World"
"Eliaquim Mangala","France  Belgium","https://fbref.com/en/players/f520049f/Eliaquim-Mangala","https://www.transfermarkt.com/eliaquim-mangala/profil/spieler/90681",17,"No",NA,34,"17 years","2008",13,700,81,345,16,"left","Defender","188",17,188,2008,0.8125,"left",0,"[15,18)","(185,203]","(9,57]","2000s","France Belgium","EU_Major"
"Javier Manquillo","Spain","https://fbref.com/en/players/758dd7f0/Javier-Manquillo","https://www.transfermarkt.com/javier-manquillo/profil/spieler/162029",13,"No",NA,31,"18 years","2012",10,238,44,224,13,"right","Defender","175",18,175,2012,0.769230769230769,"right",0,"[18,21)","[165,180]","(9,57]","2010s","Spain","EU_Major"
"Lazar Marković","Serbia","https://fbref.com/en/players/723ba189/Lazar-Markovic","https://www.transfermarkt.com/lazar-markovi/profil/spieler/144303",14,"No",NA,31,"17 years","2011",13,525,104,302,13,"right","Attack","176",17,176,2011,1,"right",0,"[15,18)","[165,180]","(9,57]","2010s","Serbia","Rest_of_World"
"Dean Marney","England","https://fbref.com/en/players/b3379356/Dean-Marney","https://www.transfermarkt.com/dean-marney/profil/spieler/4055",17,"Yes",36,41,"18 years","2002",5,708,87,379,17,"right","Midfield","183",18,183,2002,0.294117647058824,"right",1,"[18,21)","(180,185]","(3,9]","2000s","England","UK_Ireland"
"Emiliano Martínez","Argentina  Spain","https://fbref.com/en/players/7956236f/Emiliano-Martinez","https://www.transfermarkt.com/emiliano-martnez/profil/spieler/111873",12,"No",NA,33,"18 years","2011",5,34,7,326,14,"right","Goalkeeper","193",18,193,2011,0.357142857142857,"right",0,"[18,21)","(185,203]","(3,9]","2010s","Argentina Spain","EU_Major"
"Ryan Mason","England","https://fbref.com/en/players/c8fac933/Ryan-Mason","https://www.transfermarkt.com/ryan-mason/profil/spieler/61834",7,"Yes",26,34,"18 years","2009",5,497,79,159,9,"right","Midfield","175",18,175,2009,0.555555555555556,"right",1,"[18,21)","[165,180]","(3,9]","2000s","England","UK_Ireland"
"Jason McCarthy","England","https://fbref.com/en/players/63741fb9/Jason-McCarthy","https://www.transfermarkt.com/jason-mccarthy/profil/spieler/227185",10,"Yes",29,30,"18 years","2014",0,0,0,287,11,"right","Defender","186",18,186,2014,0,"right",1,"[18,21)","(185,203]","[0,3]","2010s","England","UK_Ireland"
"Paddy McNair","Northern Ireland","https://fbref.com/en/players/8ac454b5/Paddy-McNair","https://www.transfermarkt.com/paddy-mcnair/profil/spieler/167268",11,"No",NA,30,"19 years","2014",5,432,72,302,12,"right","Defender","183",19,183,2014,0.416666666666667,"right",0,"[18,21)","(180,185]","(3,9]","2010s","Northern Ireland","UK_Ireland"
"Ben Mee","England","https://fbref.com/en/players/8df7a2fb/Ben-Mee","https://www.transfermarkt.com/ben-mee/profil/spieler/74810",15,"No",NA,36,"20 years","2010",8,579,78,457,16,"left","Defender","180",20,180,2010,0.5,"left",0,"[18,21)","[165,180]","(3,9]","2010s","England","UK_Ireland"
"Jefferson Montero","Ecuador","https://fbref.com/en/players/fa6561bf/Jefferson-Montero","https://www.transfermarkt.com/jefferson-montero/profil/spieler/77932",17,"No",NA,36,"19 years","2009",10,445,59,324,16,"right","Attack","169",19,169,2009,0.625,"right",0,"[18,21)","[165,180]","(9,57]","2000s","Ecuador","Rest_of_World"
"Liam Moore","Jamaica  England","https://fbref.com/en/players/bcee97a4/Liam-Moore","https://www.transfermarkt.com/liam-moore/profil/spieler/128906",14,"No",NA,32,"18 years","2011",3,93,18,347,13,"right","Defender","186",18,186,2011,0.230769230769231,"right",0,"[18,21)","(185,203]","[0,3]","2010s","Jamaica England","UK_Ireland"
"Alberto Moreno","Spain","https://fbref.com/en/players/11b9265b/Alberto-Moreno","https://www.transfermarkt.com/alberto-moreno/profil/spieler/207917",14,"No",NA,33,"19 years","2011",11,683,107,346,15,"left","Defender","172",19,172,2011,0.733333333333333,"left",0,"[18,21)","[165,180]","(9,57]","2010s","Spain","EU_Major"
"Wes Morgan","Jamaica  England","https://fbref.com/en/players/80c31c97/Wes-Morgan","https://www.transfermarkt.com/wes-morgan/profil/spieler/10003",18,"Yes",37,41,"18 years","2002",8,342,55,669,19,"right","Defender","188",18,188,2002,0.421052631578947,"right",1,"[18,21)","(185,203]","(3,9]","2000s","Jamaica England","UK_Ireland"
"Dame N'Doye","Senegal","https://fbref.com/en/players/4574720b/Dame-NDoye","https://www.transfermarkt.com/dame-ndoye/profil/spieler/44855",16,"Yes",37,40,"22 years","2007",4,138,21,380,13,"right","Attack","186",22,186,2007,0.307692307692308,"right",1,"[21,24)","(185,203]","(3,9]","2000s","Senegal","Rest_of_World"
"David Nugent","England  Ireland","https://fbref.com/en/players/f9b5e5bd/David-Nugent","https://www.transfermarkt.com/david-nugent/profil/spieler/33963",21,"No",NA,40,"17 years","2002",4,115,19,627,19,"right","Attack","180",17,180,2002,0.210526315789474,"right",0,"[15,18)","[165,180]","(3,9]","2000s","England Ireland","UK_Ireland"
"Nélson Oliveira","Portugal","https://fbref.com/en/players/f716e4e4/Nelson-Oliveira","https://www.transfermarkt.com/nlson-oliveira/profil/spieler/72768",16,"No",NA,34,"17 years","2009",14,519,75,405,17,"right","Attack","186",17,186,2009,0.823529411764706,"right",0,"[15,18)","(185,203]","(9,57]","2000s","Portugal","EU_Major"
"David Ospina","Colombia  France","https://fbref.com/en/players/82b1198a/David-Ospina","https://www.transfermarkt.com/david-ospina/profil/spieler/73396",17,"No",NA,37,"19 years","2008",24,824,158,437,18,"right","Goalkeeper","183",19,183,2008,1.33333333333333,"right",0,"[18,21)","(180,185]","(9,57]","2000s","Colombia France","EU_Major"
"Gabriel Paulista","Brazil  Spain","https://fbref.com/en/players/b7ca5c51/Gabriel-Paulista","https://www.transfermarkt.com/gabriel-paulista/profil/spieler/149498",16,"No",NA,35,"22 years","2013",15,518,76,366,13,"right","Defender","187",22,187,2013,1.15384615384615,"right",0,"[21,24)","(185,203]","(9,57]","2010s","Brazil Spain","EU_Major"
"Graziano Pellè","Italy","https://fbref.com/en/players/9654d8de/Graziano-Pelle","https://www.transfermarkt.com/graziano-pell/profil/spieler/29594",17,"Yes",35,40,"18 years","2003",4,70,13,440,19,"right","Attack","194",18,194,2003,0.210526315789474,"right",1,"[18,21)","(185,203]","(3,9]","2000s","Italy","EU_Major"
"Andreas Pereira","Brazil  Belgium","https://fbref.com/en/players/6639e500/Andreas-Pereira","https://www.transfermarkt.com/andreas-pereira/profil/spieler/203394",10,"No",NA,29,"18 years","2014",5,109,20,355,15,"right","Attack","177",18,177,2014,0.333333333333333,"right",0,"[18,21)","[165,180]","(3,9]","2010s","Brazil Belgium","EU_Major"
"Ayoze Pérez","Spain","https://fbref.com/en/players/819aa8e7/Ayoze-Perez","https://www.transfermarkt.com/ayoze-prez/profil/spieler/246968",12,"No",NA,32,"20 years","2013",12,300,41,447,13,"right","Attack","179",20,179,2013,0.923076923076923,"right",0,"[18,21)","[165,180]","(9,57]","2010s","Spain","EU_Major"
"Sébastien Pocognoli","Belgium  Italy","https://fbref.com/en/players/cc41eec1/Sebastien-Pocognoli","https://www.transfermarkt.com/sbastien-pocognoli/profil/spieler/17804",17,"Yes",33,38,"15 years","2003",7,546,49,335,17,"left","Defender","182",15,182,2003,0.411764705882353,"left",1,"[15,18)","(180,185]","(3,9]","2000s","Belgium Italy","EU_Major"
"Diego Poyet","Uruguay  Spain","https://fbref.com/en/players/5aa00dc3/Diego-Poyet","https://www.transfermarkt.com/diego-poyet/profil/spieler/183286",5,"Yes",23,30,"18 years","2013",0,0,0,57,4,"right","Midfield","180",18,180,2013,0,"right",1,"[18,21)","[165,180]","[0,3]","2010s","Uruguay Spain","EU_Major"
"Anthony Réveillère","France","https://fbref.com/en/players/8ad24039/Anthony-Reveillere","https://www.transfermarkt.com/anthony-rveillre/profil/spieler/5668",17,"Yes",35,46,"17 years","1997",3,177,47,556,18,"right","Defender","180",17,180,1997,0.166666666666667,"right",1,"[15,18)","[165,180]","[0,3]","1990s","France","EU_Major"
"Emmanuel Rivière","Martinique  France","https://fbref.com/en/players/2bae5658/Emmanuel-Riviere","https://www.transfermarkt.com/emmanuel-rivire/profil/spieler/61637",13,"Yes",31,35,"18 years","2008",9,335,48,311,13,"right","Attack","182",18,182,2008,0.692307692307692,"right",1,"[18,21)","(180,185]","(3,9]","2000s","Martinique France","EU_Major"
"Andrew Robertson","Scotland","https://fbref.com/en/players/2e4f5f03/Andrew-Robertson","https://www.transfermarkt.com/andrew-robertson/profil/spieler/234803",12,"No",NA,31,"19 years","2013",13,241,47,505,14,"left","Defender","178",19,178,2013,0.928571428571429,"left",0,"[18,21)","[165,180]","(9,57]","2010s","Scotland","UK_Ireland"
"Marcos Rojo","Argentina","https://fbref.com/en/players/e0991c04/Marcos-Rojo","https://www.transfermarkt.com/marcos-rojo/profil/spieler/93176",17,"No",NA,35,"21 years","2011",44,1816,308,303,16,"left","Defender","186",21,186,2011,2.75,"left",0,"[21,24)","(185,203]","(9,57]","2010s","Argentina","South_America"
"Diafra Sakho","Senegal  France","https://fbref.com/en/players/57c433c8/Diafra-Sakho","https://www.transfermarkt.com/diafra-sakho/profil/spieler/120610",13,"Yes",33,35,"19 years","2009",14,682,102,202,11,"right","Attack","184",19,184,2009,1.27272727272727,"right",1,"[18,21)","(180,185]","(9,57]","2000s","Senegal France","EU_Major"
"Georgios Samaras","Greece  Australia","https://fbref.com/en/players/1b77cb6a/Georgios-Samaras","https://www.transfermarkt.com/georgios-samaras/profil/spieler/6855",16,"Yes",33,40,"17 years","2002",4,129,28,408,16,"right","Attack","192",17,192,2002,0.25,"right",1,"[15,18)","(185,203]","(3,9]","2000s","Greece Australia","Rest_of_World"
"Alexis Sánchez","Chile","https://fbref.com/en/players/2c0f8e9e/Alexis-Sanchez","https://www.transfermarkt.com/alexis-snchez/profil/spieler/40433",20,"No",NA,36,"19 years","2008",34,901,164,635,18,"right","Attack","168",19,168,2008,1.88888888888889,"right",0,"[18,21)","[165,180]","(9,57]","2000s","Chile","Rest_of_World"
"Jeffrey Schlupp","Ghana  Germany","https://fbref.com/en/players/3312f911/Jeffrey-Schlupp","https://www.transfermarkt.com/jeffrey-schlupp/profil/spieler/157506",14,"No",NA,32,"17 years","2010",10,476,73,420,16,"left","Midfield","178",17,178,2010,0.625,"left",0,"[15,18)","[165,180]","(9,57]","2010s","Ghana Germany","EU_Major"
"Kasper Schmeichel","Denmark","https://fbref.com/en/players/53af52f3/Kasper-Schmeichel","https://www.transfermarkt.com/kasper-schmeichel/profil/spieler/16911",19,"No",NA,39,"18 years","2005",6,187,37,727,20,"right","Goalkeeper","189",18,189,2005,0.3,"right",0,"[18,21)","(185,203]","(3,9]","2000s","Denmark","Rest_of_World"
"Ryan Seager","England","https://fbref.com/en/players/49ef3149/Ryan-Seager","https://www.transfermarkt.com/ryan-seager/profil/spieler/247647",11,"No",NA,29,"18 years","2014",1,325,42,119,8,"right","Attack","176",18,176,2014,0.125,"right",0,"[18,21)","[165,180]","[0,3]","2010s","England","UK_Ireland"
"Jason Shackell","England","https://fbref.com/en/players/8d8655a9/Jason-Shackell","https://www.transfermarkt.com/jason-shackell/profil/spieler/11756",17,"Yes",36,42,"18 years","2002",1,14,4,531,18,"left","Defender","193",18,193,2002,0.0555555555555556,"left",1,"[18,21)","(185,203]","[0,3]","2000s","England","UK_Ireland"
"Ollie Shenton","England","https://fbref.com/en/players/8981c6bd/Ollie-Shenton","https://www.transfermarkt.com/ollie-shenton/profil/spieler/335541",11,"No",NA,28,"16 years","2014",0,0,0,64,7,"left","Midfield","186",16,186,2014,0,"left",0,"[15,18)","(185,203]","[0,3]","2010s","England","UK_Ireland"
"Jerome Sinclair","England","https://fbref.com/en/players/1695c659/Jerome-Sinclair","https://www.transfermarkt.com/jerome-sinclair/profil/spieler/236513",6,"Yes",24,29,"17 years","2014",0,0,0,101,7,"right","Attack","181",17,181,2014,0,"right",1,"[15,18)","(180,185]","[0,3]","2010s","England","UK_Ireland"
"Pape Souaré","Senegal","https://fbref.com/en/players/46b5375e/Pape-Souare","https://www.transfermarkt.com/pape-souar/profil/spieler/125868",15,"No",NA,35,"20 years","2010",4,476,62,194,14,"left","Defender","178",20,178,2010,0.285714285714286,"left",0,"[18,21)","[165,180]","(3,9]","2010s","Senegal","Rest_of_World"
"Benjamin Stambouli","France  Algeria","https://fbref.com/en/players/5939baa2/Benjamin-Stambouli","https://www.transfermarkt.com/benjamin-stambouli/profil/spieler/127160",16,"No",NA,35,"19 years","2010",17,677,87,439,16,"right","Midfield","180",19,180,2010,1.0625,"right",0,"[18,21)","[165,180]","(9,57]","2010s","France Algeria","EU_Major"
"Jed Steer","England  Scotland","https://fbref.com/en/players/a8a3d139/Jed-Steer","https://www.transfermarkt.com/jed-steer/profil/spieler/110867",11,"Yes",33,33,"18 years","2011",3,721,81,186,11,"left","Goalkeeper","188",18,188,2011,0.272727272727273,"left",1,"[18,21)","(185,203]","[0,3]","2010s","England Scotland","UK_Ireland"
"Dušan Tadić","Serbia","https://fbref.com/en/players/2475dcc6/Dusan-Tadic","https://www.transfermarkt.com/duan-tadi/profil/spieler/36139",20,"No",NA,37,"19 years","2008",8,167,24,657,17,"left","Attack","181",19,181,2008,0.470588235294118,"left",0,"[18,21)","(180,185]","(3,9]","2000s","Serbia","Rest_of_World"
"Matt Targett","England  Scotland","https://fbref.com/en/players/e514ab62/Matt-Targett","https://www.transfermarkt.com/matt-targett/profil/spieler/250478",11,"No",NA,30,"18 years","2014",16,937,117,239,12,"left","Defender","178",18,178,2014,1.33333333333333,"left",0,"[18,21)","[165,180]","(9,57]","2010s","England Scotland","UK_Ireland"
"Dionatan Teixeira","Slovakia  Brazil","https://fbref.com/en/players/f7f09bee/Dionatan-Teixeira","https://www.transfermarkt.com/dionatan-teixeira/profil/spieler/107617",9,"No",NA,33,"22 years","2014",1,98,19,10,2,"left","Defender","193",22,193,2014,0.5,"left",0,"[21,24)","(185,203]","[0,3]","2010s","Slovakia Brazil","South_America"
"Tom Thorpe","England","https://fbref.com/en/players/6d071cae/Tom-Thorpe","https://www.transfermarkt.com/tom-thorpe/profil/spieler/128911",11,"No",NA,32,"20 years","2013",0,0,0,55,5,"right","Defender","185",20,185,2013,0,"right",0,"[18,21)","(180,185]","[0,3]","2010s","England","UK_Ireland"
"Kieran Trippier","England","https://fbref.com/en/players/21512407/Kieran-Trippier","https://www.transfermarkt.com/kieran-trippier/profil/spieler/95810",16,"No",NA,35,"18 years","2009",11,362,64,554,17,"right","Defender","178",18,178,2009,0.647058823529412,"right",0,"[18,21)","[165,180]","(9,57]","2000s","England","UK_Ireland"
"Leonardo Ulloa","Argentina  Spain","https://fbref.com/en/players/eed56f6c/Leonardo-Ulloa","https://www.transfermarkt.com/leonardo-ulloa/profil/spieler/54890",16,"Yes",34,39,"22 years","2008",2,213,22,390,13,"right","Attack","190",22,190,2008,0.153846153846154,"right",1,"[21,24)","(185,203]","[0,3]","2000s","Argentina Spain","EU_Major"
"Fredrik Ulvestad","Norway","https://fbref.com/en/players/8f160d73/Fredrik-Ulvestad","https://www.transfermarkt.com/fredrik-ulvestad/profil/spieler/158022",15,"No",NA,33,"17 years","Not found",10,148,28,355,18,"right","Midfield","183",17,183,NA,0.555555555555556,"right",0,"[15,18)","(180,185]","(9,57]","NAs","Norway","Rest_of_World"
"Víctor Valdés","Spain","https://fbref.com/en/players/e029e404/Victor-Valdes","https://www.transfermarkt.com/vctor-valds/profil/spieler/7589",15,"Yes",35,43,"20 years","2002",5,332,34,534,15,"right","Goalkeeper","183",20,183,2002,0.333333333333333,"right",1,"[18,21)","(180,185]","(3,9]","2000s","Spain","EU_Major"
"Enner Valencia","Ecuador","https://fbref.com/en/players/fb485406/Enner-Valencia","https://www.transfermarkt.com/enner-valencia/profil/spieler/139503",14,"No",NA,36,"23 years","2013",21,458,84,369,15,"right","Attack","174",23,174,2013,1.4,"right",0,"[21,24)","[165,180]","(9,57]","2010s","Ecuador","Rest_of_World"
"Jamie Vardy","England","https://fbref.com/en/players/45963054/Jamie-Vardy","https://www.transfermarkt.com/jamie-vardy/profil/spieler/197838",13,"No",NA,38,"24 years","2011",17,275,51,539,15,"right","Attack","178",24,178,2011,1.13333333333333,"right",0,"[24,30]","[165,180]","(9,57]","2010s","England","UK_Ireland"
"Silvestre Varela","Portugal  Cape Verde","https://fbref.com/en/players/9dffef9e/Silvestre-Varela","https://www.transfermarkt.com/silvestre-varela/profil/spieler/31316",18,"Yes",38,40,"20 years","2005",14,488,116,425,16,"right","Attack","180",20,180,2005,0.875,"right",1,"[18,21)","[165,180]","(9,57]","2000s","Portugal Cape Verde","EU_Major"
"Eduardo Vargas","Chile","https://fbref.com/en/players/bd603c00/Eduardo-Vargas","https://www.transfermarkt.com/eduardo-vargas/profil/spieler/89718",19,"No",NA,36,"21 years","2011",6,251,42,359,16,"right","Attack","175",21,175,2011,0.375,"right",0,"[21,24)","[165,180]","(3,9]","2010s","Chile","Rest_of_World"
"Ross Wallace","Scotland","https://fbref.com/en/players/b4e56bbd/Ross-Wallace","https://www.transfermarkt.com/ross-wallace/profil/spieler/9509",17,"Yes",35,40,"18 years","2003",3,284,35,491,17,"left","Midfield","168",18,168,2003,0.176470588235294,"left",1,"[18,21)","[165,180]","[0,3]","2000s","Scotland","UK_Ireland"
"Marcin Wasilewski","Poland","https://fbref.com/en/players/24249219/Marcin-Wasilewski","https://www.transfermarkt.com/marcin-wasilewski/profil/spieler/16947",20,"Yes",40,45,"22 years","2002",3,341,76,396,18,"right","Defender","186",22,186,2002,0.166666666666667,"right",1,"[21,24)","(185,203]","[0,3]","2000s","Poland","Rest_of_World"
"Philipp Wollscheid","Germany","https://fbref.com/en/players/c4cca587/Philipp-Wollscheid","https://www.transfermarkt.com/philipp-wollscheid/profil/spieler/53173",9,"Yes",30,36,"21 years","2010",7,109,16,183,8,"N/A","Defender","194",21,194,2010,0.875,"unknown",1,"[21,24)","(185,203]","(3,9]","2010s","Germany","EU_Major"
"DeAndre Yedlin","United States  Latvia","https://fbref.com/en/players/ae0a7ddf/DeAndre-Yedlin","https://www.transfermarkt.com/deandre-yedlin/profil/spieler/255916",13,"No",NA,32,"19 years","Not found",10,347,53,392,14,"right","Defender","173",19,173,NA,0.714285714285714,"right",0,"[18,21)","[165,180]","(9,57]","NAs","United States Latvia","Rest_of_World"
"Mauro Zárate","Argentina  Chile","https://fbref.com/en/players/cc18ff4c/Mauro-Zarate","https://www.transfermarkt.com/mauro-zrate/profil/spieler/26456",20,"Yes",37,38,"20 years","2007",13,705,81,345,20,"right","Attack","176",20,176,2007,0.65,"right",1,"[18,21)","[165,180]","(9,57]","2000s","Argentina Chile","South_America"
"Kurt Zouma","France  Central African Republic","https://fbref.com/en/players/ce4246f5/Kurt-Zouma","https://www.transfermarkt.com/kurt-zouma/profil/spieler/157509",15,"No",NA,31,"16 years","2011",16,674,119,415,15,"right","Defender","190",16,190,2011,1.06666666666667,"right",0,"[15,18)","(185,203]","(9,57]","2010s","France Central African Republic","EU_Major"
"Almen Abdi","Switzerland  Kosovo","https://fbref.com/en/players/8d425d84/Almen-Abdi","https://www.transfermarkt.com/almen-abdi/profil/spieler/9966",16,"Yes",32,39,"16 years","2003",5,199,59,352,15,"right","Midfield","182",16,182,2003,0.333333333333333,"right",1,"[15,18)","(180,185]","(3,9]","2000s","Switzerland Kosovo","Rest_of_World"
"Tammy Abraham","England  Nigeria","https://fbref.com/en/players/f586779e/Tammy-Abraham","https://www.transfermarkt.com/tammy-abraham/profil/spieler/331726",10,"No",NA,28,"17 years","2015",18,568,78,385,11,"right","Attack","190",17,190,2015,1.63636363636364,"right",0,"[15,18)","(185,203]","(9,57]","2010s","England Nigeria","UK_Ireland"
"Ibrahim Afellay","Netherlands  Morocco","https://fbref.com/en/players/9a8c6673/Ibrahim-Afellay","https://www.transfermarkt.com/ibrahim-afellay/profil/spieler/15760",17,"Yes",34,39,"18 years","2004",7,1086,162,322,15,"N/A","Attack","180",18,180,2004,0.466666666666667,"unknown",1,"[18,21)","[165,180]","(3,9]","2000s","Netherlands Morocco","EU_Major"
"Benik Afobe","DR Congo  England","https://fbref.com/en/players/b63f4077/Benik-Afobe","https://www.transfermarkt.com/benik-afobe/profil/spieler/110858",13,"No",NA,32,"17 years","2010",7,723,126,382,13,"right","Attack","183",17,183,2010,0.538461538461538,"right",0,"[15,18)","(180,185]","(3,9]","2010s","DR Congo England","UK_Ireland"
"Dele Alli","England  Nigeria","https://fbref.com/en/players/cea4ee8f/Dele-Alli","https://www.transfermarkt.com/dele-alli/profil/spieler/207929",10,"No",NA,29,"16 years","2012",17,694,125,372,12,"right","Attack","188",16,188,2012,1.41666666666667,"right",0,"[15,18)","(185,203]","(9,57]","2010s","England Nigeria","UK_Ireland"
"Ryan Allsop","England","https://fbref.com/en/players/af615123/Ryan-Allsop","https://www.transfermarkt.com/ryan-allsop/profil/spieler/111073",12,"No",NA,33,"20 years","2012",1,45,7,398,14,"right","Goalkeeper","189",20,189,2012,0.0714285714285714,"right",0,"[18,21)","(185,203]","[0,3]","2010s","England","UK_Ireland"
"Daniel Amartey","Ghana","https://fbref.com/en/players/1a4ef233/Daniel-Amartey","https://www.transfermarkt.com/daniel-amartey/profil/spieler/214056",12,"No",NA,30,"18 years","Not found",13,836,122,250,12,"right","Defender","182",18,182,NA,1.08333333333333,"right",0,"[18,21)","(180,185]","(9,57]","NAs","Ghana","Rest_of_World"
"Jordan Amavi","France  Senegal","https://fbref.com/en/players/22721b88/Jordan-Amavi","https://www.transfermarkt.com/jordan-amavi/profil/spieler/241229",12,"No",NA,31,"19 years","2013",12,619,103,260,12,"left","Defender","176",19,176,2013,1,"left",0,"[18,21)","[165,180]","(9,57]","2010s","France Senegal","EU_Major"
"Nordin Amrabat","Morocco  Netherlands","https://fbref.com/en/players/7c2a398c/Nordin-Amrabat","https://www.transfermarkt.com/nordin-amrabat/profil/spieler/55619",19,"No",NA,38,"20 years","2007",16,276,50,522,19,"right","Attack","175",20,175,2007,0.842105263157895,"right",0,"[18,21)","[165,180]","(9,57]","2000s","Morocco Netherlands","EU_Major"
"José Ángel Crespo","Spain","https://fbref.com/en/players/8ec4c2f7/Jose-Angel-Crespo","https://www.transfermarkt.com/jos-ngel-crespo/profil/spieler/37397",19,"Yes",37,38,"18 years","2005",20,737,106,315,16,"right","Defender","183",18,183,2005,1.25,"right",1,"[18,21)","(180,185]","(9,57]","2000s","Spain","EU_Major"
"Michail Antonio","Jamaica  England","https://fbref.com/en/players/ac05f970/Michail-Antonio","https://www.transfermarkt.com/michail-antonio/profil/spieler/104124",16,"No",NA,35,"18 years","2008",18,935,146,531,18,"right","Attack","180",18,180,2008,1,"right",0,"[18,21)","[165,180]","(9,57]","2000s","Jamaica England","UK_Ireland"
"Ikechi Anya","Scotland  Nigeria","https://fbref.com/en/players/c55e973d/Ikechi-Anya","https://www.transfermarkt.com/ikechi-anya/profil/spieler/107427",9,"Yes",32,37,"16 years","2004",0,0,0,213,13,"both","Midfield","170",16,170,2004,0,"both",1,"[15,18)","[165,180]","[0,3]","2000s","Scotland Nigeria","UK_Ireland"
"Giedrius Arlauskis","Lithuania","https://fbref.com/en/players/1858bbf7/Giedrius-Arlauskis","https://www.transfermarkt.com/giedrius-arlauskis/profil/spieler/69001",15,"Yes",35,38,"19 years","2007",3,64,10,228,16,"left","Goalkeeper","184",19,184,2007,0.1875,"left",1,"[18,21)","(180,185]","[0,3]","2000s","Lithuania","Rest_of_World"
"Harry Arter","Ireland  England","https://fbref.com/en/players/2f4c5a52/Harry-Arter","https://www.transfermarkt.com/harry-arter/profil/spieler/55742",12,"No",NA,35,"20 years","2010",12,383,53,329,12,"left","Midfield","178",20,178,2010,1,"left",0,"[18,21)","[165,180]","(9,57]","2010s","Ireland England","UK_Ireland"
"André Ayew","Ghana  France","https://fbref.com/en/players/5dbefa9d/Andre-Ayew","https://www.transfermarkt.com/andr-ayew/profil/spieler/45403",18,"No",NA,35,"17 years","2007",9,329,66,517,17,"left","Attack","176",17,176,2007,0.529411764705882,"left",0,"[15,18)","[165,180]","(3,9]","2000s","Ghana France","EU_Major"
"Jordan Ayew","Ghana  France","https://fbref.com/en/players/da052c14/Jordan-Ayew","https://www.transfermarkt.com/jordan-ayew/profil/spieler/108354",16,"No",NA,34,"17 years","2009",2,22,2,559,17,"right","Attack","182",17,182,2009,0.117647058823529,"right",0,"[15,18)","(180,185]","[0,3]","2000s","Ghana France","EU_Major"
"Patrick Bamford","England  Ireland","https://fbref.com/en/players/93feac6e/Patrick-Bamford","https://www.transfermarkt.com/patrick-bamford/profil/spieler/183334",14,"No",NA,32,"17 years","2011",8,590,89,385,15,"left","Attack","188",17,188,2011,0.533333333333333,"left",0,"[15,18)","(185,203]","(3,9]","2010s","England Ireland","UK_Ireland"
"Yohan Benalouane","Tunisia  France","https://fbref.com/en/players/8309b068/Yohan-Benalouane","https://www.transfermarkt.com/yohan-benalouane/profil/spieler/50477",17,"Yes",37,38,"20 years","2007",2,254,28,254,15,"right","Defender","187",20,187,2007,0.133333333333333,"right",1,"[18,21)","(185,203]","[0,3]","2000s","Tunisia France","EU_Major"
"Steven Berghuis","Netherlands","https://fbref.com/en/players/713c144a/Steven-Berghuis","https://www.transfermarkt.com/steven-berghuis/profil/spieler/129554",14,"No",NA,33,"18 years","2010",17,397,77,431,16,"left","Attack","180",18,180,2010,1.0625,"left",0,"[18,21)","[165,180]","(9,57]","2010s","Netherlands","EU_Major"
"Hiram Boateng","England  Ghana","https://fbref.com/en/players/929917ce/Hiram-Boateng","https://www.transfermarkt.com/hiram-boateng/profil/spieler/244125",9,"No",NA,29,"17 years","2013",0,0,0,342,13,"left","Midfield","170",17,170,2013,0,"left",0,"[15,18)","[165,180]","[0,3]","2010s","England Ghana","UK_Ireland"
"Cameron Borthwick-Jackson","England","https://fbref.com/en/players/ff61102d/Cameron-Borthwick-Jackson","https://www.transfermarkt.com/cameron-borthwick-jackson/profil/spieler/258879",10,"No",NA,28,"18 years","2015",3,114,11,187,9,"left","Defender","183",18,183,2015,0.333333333333333,"left",0,"[18,21)","(180,185]","[0,3]","2010s","England","UK_Ireland"
"Cameron Brannagan","England","https://fbref.com/en/players/9220e731/Cameron-Brannagan","https://www.transfermarkt.com/cameron-brannagan/profil/spieler/261357",10,"No",NA,29,"18 years","2014",0,0,0,359,12,"right","Midfield","180",18,180,2014,0,"right",0,"[18,21)","[165,180]","[0,3]","2010s","England","UK_Ireland"
"Miguel Britos","Uruguay","https://fbref.com/en/players/356a9a62/Miguel-Britos","https://www.transfermarkt.com/miguel-britos/profil/spieler/76799",11,"Yes",33,40,"23 years","2008",14,388,70,236,11,"left","Defender","188",23,188,2008,1.27272727272727,"left",1,"[21,24)","(185,203]","(9,57]","2000s","Uruguay","South_America"
"Sam Byram","England","https://fbref.com/en/players/1bf811d4/Sam-Byram","https://www.transfermarkt.com/sam-byram/profil/spieler/236953",14,"No",NA,32,"18 years","2012",8,958,134,307,13,"right","Defender","180",18,180,2012,0.615384615384615,"right",0,"[18,21)","[165,180]","(3,9]","2010s","England","UK_Ireland"
"Sergi Canós","Spain","https://fbref.com/en/players/1137759d/Sergi-Canos","https://www.transfermarkt.com/sergi-cans/profil/spieler/251845",10,"No",NA,28,"18 years","2015",5,164,22,319,11,"right","Attack","175",18,175,2015,0.454545454545455,"right",0,"[18,21)","[165,180]","(3,9]","2010s","Spain","EU_Major"
"Juan Carlos Paredes","Ecuador","https://fbref.com/en/players/5d8c6afd/Juan-Carlos-Paredes","https://www.transfermarkt.com/juan-carlos-paredes/profil/spieler/100507",14,"No",NA,38,"26 years","Not found",5,512,43,243,11,"right","Midfield","176",26,176,NA,0.454545454545455,"right",0,"[24,30]","[165,180]","(3,9]","NAs","Ecuador","Rest_of_World"
"Bersant Celina","Kosovo  Norway","https://fbref.com/en/players/3043d33f/Bersant-Celina","https://www.transfermarkt.com/bersant-celina/profil/spieler/229695",10,"No",NA,29,"18 years","2015",1,124,15,307,12,"right","Attack","177",18,177,2015,0.0833333333333333,"right",0,"[18,21)","[165,180]","[0,3]","2010s","Kosovo Norway","Rest_of_World"
"Pedro Chirivella","Spain","https://fbref.com/en/players/68a26d51/Pedro-Chirivella","https://www.transfermarkt.com/pedro-chirivella/profil/spieler/242273",10,"No",NA,28,"18 years","2015",4,83,15,281,11,"right","Midfield","178",18,178,2015,0.363636363636364,"right",0,"[18,21)","[165,180]","(3,9]","2010s","Spain","EU_Major"
"Jake Clarke-Salter","England  Ireland","https://fbref.com/en/players/0df092d3/Jake-Clarke-Salter","https://www.transfermarkt.com/jake-clarke-salter/profil/spieler/316551",10,"No",NA,28,"17 years","2015",16,874,131,192,11,"left","Defender","188",17,188,2015,1.45454545454545,"left",0,"[15,18)","(185,203]","(9,57]","2010s","England Ireland","UK_Ireland"
"Jordy Clasie","Netherlands","https://fbref.com/en/players/31c01b85/Jordy-Clasie","https://www.transfermarkt.com/jordy-clasie/profil/spieler/104223",15,"No",NA,34,"19 years","2010",21,503,97,459,16,"right","Midfield","169",19,169,2010,1.3125,"right",0,"[18,21)","[165,180]","(9,57]","2010s","Netherlands","EU_Major"
"Callum Connolly","England","https://fbref.com/en/players/39ad0b72/Callum-Connolly","https://www.transfermarkt.com/callum-connolly/profil/spieler/308632",10,"No",NA,28,"17 years","2015",0,0,0,341,11,"right","Defender","183",17,183,2015,0,"right",0,"[15,18)","(180,185]","[0,3]","2010s","England","UK_Ireland"
"Steve Cook","England","https://fbref.com/en/players/3e5e4e63/Steve-Cook","https://www.transfermarkt.com/steve-cook/profil/spieler/90836",14,"No",NA,34,"17 years","2008",14,543,72,512,17,"right","Defender","185",17,185,2008,0.823529411764706,"right",0,"[15,18)","(180,185]","(9,57]","2000s","England","UK_Ireland"
"Josh Cullen","Ireland  England","https://fbref.com/en/players/f6d7d690/Josh-Cullen","https://www.transfermarkt.com/josh-cullen/profil/spieler/242606",10,"No",NA,29,"18 years","2014",3,88,21,332,12,"right","Midfield","180",18,180,2014,0.25,"right",0,"[18,21)","[165,180]","[0,3]","2010s","Ireland England","UK_Ireland"
"Charlie Daniels","England","https://fbref.com/en/players/9d107085/Charlie-Daniels","https://www.transfermarkt.com/charlie-daniels/profil/spieler/61819",9,"Yes",35,39,"19 years","2006",6,658,19,463,16,"left","Defender","178",19,178,2006,0.375,"left",1,"[18,21)","[165,180]","(3,9]","2000s","England","UK_Ireland"
"Karl Darlow","Wales  England","https://fbref.com/en/players/cde3309f/Karl-Darlow","https://www.transfermarkt.com/karl-darlow/profil/spieler/99397",15,"No",NA,35,"19 years","2010",8,358,57,257,16,"right","Goalkeeper","185",19,185,2010,0.5,"right",0,"[18,21)","(180,185]","(3,9]","2010s","Wales England","UK_Ireland"
"Matteo Darmian","Italy","https://fbref.com/en/players/96e0490d/Matteo-Darmian","https://www.transfermarkt.com/matteo-darmian/profil/spieler/54906",19,"No",NA,36,"16 years","2006",14,356,75,521,20,"right","Defender","182",16,182,2006,0.7,"right",0,"[15,18)","(180,185]","(9,57]","2000s","Italy","EU_Major"
"Tom Davies","England","https://fbref.com/en/players/9228b07c/Tom-Davies","https://www.transfermarkt.com/tom-davies/profil/spieler/314210",10,"No",NA,27,"17 years","2015",6,544,77,214,11,"right","Midfield","180",17,180,2015,0.545454545454545,"right",0,"[15,18)","[165,180]","(3,9]","2010s","England","UK_Ireland"
"Troy Deeney","England  Jamaica","https://fbref.com/en/players/82e34b69/Troy-Deeney","https://www.transfermarkt.com/troy-deeney/profil/spieler/65477",15,"No",NA,37,"18 years","2006",7,317,43,602,18,"right","Attack","183",18,183,2006,0.388888888888889,"right",0,"[18,21)","(180,185]","(3,9]","2000s","England Jamaica","UK_Ireland"
"Joe Dodoo","England  Ghana","https://fbref.com/en/players/beed85c7/Joe-Dodoo","https://www.transfermarkt.com/joe-dodoo/profil/spieler/261738",10,"No",NA,30,"20 years","2015",2,141,4,153,9,"right","Attack","183",20,183,2015,0.222222222222222,"right",0,"[18,21)","(180,185]","[0,3]","2010s","England Ghana","UK_Ireland"
"Seydou Doumbia","Cote d'Ivoire","https://fbref.com/en/players/c49afee6/Seydou-Doumbia","https://www.transfermarkt.com/seydou-doumbia/profil/spieler/75287",16,"Yes",34,37,"20 years","2008",16,561,84,305,13,"both","Attack","179",20,179,2008,1.23076923076923,"both",1,"[18,21)","[165,180]","(9,57]","2000s","Cote d'Ivoire","Rest_of_World"
"Kieran Dowell","England","https://fbref.com/en/players/2f6ec02a/Kieran-Dowell","https://www.transfermarkt.com/kieran-dowell/profil/spieler/258916",10,"No",NA,28,"17 years","2015",3,229,44,235,12,"left","Attack","184",17,184,2015,0.25,"left",0,"[15,18)","(180,185]","[0,3]","2010s","England","UK_Ireland"
"Mohamed Elneny","Egypt","https://fbref.com/en/players/47a34c4f/Mohamed-Elneny","https://www.transfermarkt.com/mohamed-elneny/profil/spieler/160438",15,"No",NA,33,"20 years","2012",8,401,82,315,12,"right","Midfield","180",20,180,2012,0.666666666666667,"right",0,"[18,21)","[165,180]","(3,9]","2010s","Egypt","Rest_of_World"
"Tommy Elphick","England","https://fbref.com/en/players/14caf5c9/Tommy-Elphick","https://www.transfermarkt.com/tommy-elphick/profil/spieler/37152",15,"Yes",33,38,"18 years","2006",3,593,83,369,14,"right","Defender","187",18,187,2006,0.214285714285714,"right",1,"[18,21)","(185,203]","[0,3]","2000s","England","UK_Ireland"
"Emmanuel Emenike","Nigeria","https://fbref.com/en/players/df6bcd09/Emmanuel-Emenike","https://www.transfermarkt.com/emmanuel-emenike/profil/spieler/120630",10,"Yes",32,38,"23 years","2010",12,393,66,175,9,"right","Attack","182",23,182,2010,1.33333333333333,"right",1,"[21,24)","(180,185]","(9,57]","2010s","Nigeria","Rest_of_World"
"Sam Field","England","https://fbref.com/en/players/bd8a7d05/Sam-Field","https://www.transfermarkt.com/sam-field/profil/spieler/387331",9,"No",NA,27,"17 years","2015",4,353,61,264,11,"left","Midfield","180",17,180,2015,0.363636363636364,"left",0,"[15,18)","[165,180]","(3,9]","2010s","England","UK_Ireland"
"Roberto Firmino","Brazil","https://fbref.com/en/players/4c370d81/Roberto-Firmino","https://www.transfermarkt.com/roberto-firmino/profil/spieler/131789",16,"No",NA,34,"18 years","2010",17,404,67,551,16,"right","Attack","181",18,181,2010,1.0625,"right",0,"[18,21)","(180,185]","(9,57]","2010s","Brazil","South_America"
"Timothy Fosu-Mensah","Netherlands  Ghana","https://fbref.com/en/players/a9142dc3/Timothy-Fosu-Mensah","https://www.transfermarkt.com/timothy-fosu-mensah/profil/spieler/315131",9,"No",NA,27,"17 years","2015",8,943,123,99,9,"right","Defender","190",17,190,2015,0.888888888888889,"right",0,"[15,18)","(185,203]","(3,9]","2010s","Netherlands Ghana","EU_Major"
"Simon Francis","England","https://fbref.com/en/players/1e0b6a73/Simon-Francis","https://www.transfermarkt.com/simon-francis/profil/spieler/13573",18,"Yes",35,40,"17 years","2002",5,458,42,591,18,"right","Defender","191",17,191,2002,0.277777777777778,"right",1,"[15,18)","(185,203]","(3,9]","2000s","England","UK_Ireland"
"Christian Fuchs","Austria","https://fbref.com/en/players/a67a09fb/Christian-Fuchs","https://www.transfermarkt.com/christian-fuchs/profil/spieler/6636",19,"Yes",36,39,"17 years","2003",19,420,59,543,20,"left","Defender","186",17,186,2003,0.95,"left",1,"[15,18)","(185,203]","(9,57]","2000s","Austria","Rest_of_World"
"Ramiro Funes Mori","Argentina  United States","https://fbref.com/en/players/89cbc961/Ramiro-Funes-Mori","https://www.transfermarkt.com/ramiro-funes-mori/profil/spieler/11111",14,"No",NA,34,"22 years","Not found",7,775,127,260,13,"left","Defender","193",22,193,NA,0.538461538461538,"left",0,"[21,24)","(185,203]","(3,9]","NAs","Argentina United States","South_America"
"Idrissa Gana Gueye","Senegal","https://fbref.com/en/players/72c812f3/Idrissa-Gana-Gueye","https://www.transfermarkt.com/idrissa-gana-gueye/profil/spieler/126665",15,"No",NA,36,"20 years","2010",12,153,31,521,16,"right","Midfield","174",20,174,2010,0.75,"right",0,"[18,21)","[165,180]","(9,57]","2010s","Senegal","Rest_of_World"
"Manu García","Spain","https://fbref.com/en/players/6ed1a2a2/Manu-Garcia","https://www.transfermarkt.com/manu-garca/profil/spieler/277118",9,"No",NA,27,"17 years","2015",8,467,49,274,11,"right","Attack","170",17,170,2015,0.727272727272727,"right",0,"[15,18)","[165,180]","(3,9]","2010s","Spain","EU_Major"
"Joe Gomez","England  The Gambia","https://fbref.com/en/players/7a11550b/Joe-Gomez","https://www.transfermarkt.com/joe-gomez/profil/spieler/256178",11,"No",NA,28,"17 years","2014",14,1033,236,283,13,"right","Defender","188",17,188,2014,1.07692307692308,"right",0,"[15,18)","(185,203]","(9,57]","2010s","England The Gambia","UK_Ireland"
"Lewis Grabban","Jamaica  England","https://fbref.com/en/players/1a857282/Lewis-Grabban","https://www.transfermarkt.com/lewis-grabban/profil/spieler/35413",15,"Yes",34,37,"18 years","2006",4,159,27,503,16,"right","Attack","183",18,183,2006,0.25,"right",1,"[18,21)","(180,185]","(3,9]","2000s","Jamaica England","UK_Ireland"
"Max Gradel","Cote d'Ivoire  France","https://fbref.com/en/players/c5a500ca/Max-Gradel","https://www.transfermarkt.com/max-gradel/profil/spieler/28140",16,"No",NA,38,"19 years","2007",10,650,93,510,17,"right","Attack","175",19,175,2007,0.588235294117647,"right",0,"[18,21)","[165,180]","(9,57]","2000s","Cote d'Ivoire France","EU_Major"
"Demarai Gray","Jamaica  England","https://fbref.com/en/players/4468ec10/Demarai-Gray","https://www.transfermarkt.com/demarai-gray/profil/spieler/292417",12,"No",NA,29,"17 years","2013",8,126,24,404,13,"right","Attack","178",17,178,2013,0.615384615384615,"right",0,"[15,18)","[165,180]","(3,9]","2010s","Jamaica England","UK_Ireland"
"André Green","England","https://fbref.com/en/players/6e287b7a/Andre-Green","https://www.transfermarkt.com/andr-green/profil/spieler/309841",10,"No",NA,27,"16 years","2014",3,145,28,134,12,"right","Attack","180",16,180,2014,0.25,"right",0,"[15,18)","[165,180]","[0,3]","2010s","England","UK_Ireland"
"Rees Greenwood","England","https://fbref.com/en/players/e5e459d4/Rees-Greenwood","https://www.transfermarkt.com/rees-greenwood/profil/spieler/320213",10,"No",NA,29,"18 years","2015",0,0,0,40,4,"right","Attack","179",18,179,2015,0,"right",0,"[18,21)","[165,180]","[0,3]","2010s","England","UK_Ireland"
"Jakob Haugaard","Denmark","https://fbref.com/en/players/142741bb/Jakob-Haugaard","https://www.transfermarkt.com/jakob-haugaard/profil/spieler/138335",14,"No",NA,33,"20 years","2012",3,209,25,182,12,"right","Goalkeeper","199",20,199,2012,0.25,"right",0,"[18,21)","(185,203]","[0,3]","2010s","Denmark","Rest_of_World"
"José Holebas","Greece  Germany","https://fbref.com/en/players/12aa7661/Jose-Holebas","https://www.transfermarkt.com/jos-holebas/profil/spieler/41112",14,"Yes",37,41,"23 years","2007",8,124,17,378,14,"N/A","Defender","184",23,184,2007,0.571428571428571,"unknown",1,"[21,24)","(180,185]","(3,9]","2000s","Greece Germany","EU_Major"
"George Honeyman","England","https://fbref.com/en/players/84afeaff/George-Honeyman","https://www.transfermarkt.com/george-honeyman/profil/spieler/218140",10,"No",NA,31,"19 years","2014",0,0,0,373,12,"right","Attack","173",19,173,2014,0,"right",0,"[18,21)","[165,180]","[0,3]","2010s","England","UK_Ireland"
"Víctor Ibarbo","Colombia","https://fbref.com/en/players/552d1e41/Victor-Ibarbo","https://www.transfermarkt.com/vctor-ibarbo/profil/spieler/92141",16,"No",NA,35,"21 years","2011",11,648,80,272,15,"right","Attack","188",21,188,2011,0.733333333333333,"right",0,"[21,24)","(185,203]","(9,57]","2010s","Colombia","Rest_of_World"
"Odion Ighalo","Nigeria  Italy","https://fbref.com/en/players/03622183/Odion-Ighalo","https://www.transfermarkt.com/odion-ighalo/profil/spieler/62121",18,"No",NA,36,"17 years","Not found",6,198,34,458,21,"right","Attack","188",17,188,NA,0.285714285714286,"right",0,"[15,18)","(185,203]","(3,9]","NAs","Nigeria Italy","EU_Major"
"Kelechi Iheanacho","Nigeria","https://fbref.com/en/players/c92e1a31/Kelechi-Iheanacho","https://www.transfermarkt.com/kelechi-iheanacho/profil/spieler/295330",11,"No",NA,29,"18 years","2015",5,78,15,329,11,"left","Attack","185",18,185,2015,0.454545454545455,"left",0,"[18,21)","(180,185]","(3,9]","2010s","Nigeria","Rest_of_World"
"Giannelli Imbula","DR Congo  France","https://fbref.com/en/players/b86fe156/Giannelli-Imbula","https://www.transfermarkt.com/giannelli-imbula/profil/spieler/130756",16,"No",NA,33,"16 years","2009",6,106,14,250,12,"left","Midfield","186",16,186,2009,0.5,"left",0,"[15,18)","(185,203]","(3,9]","2000s","DR Congo France","EU_Major"
"Gökhan Inler","Switzerland  Türkiye","https://fbref.com/en/players/3200c583/Gokhan-Inler","https://www.transfermarkt.com/gkhan-inler/profil/spieler/19041",20,"Yes",40,41,"20 years","2004",8,98,17,527,19,"both","Midfield","183",20,183,2004,0.421052631578947,"both",1,"[18,21)","(180,185]","(3,9]","2000s","Switzerland Türkiye","Rest_of_World"
"Juan Iturbe","Paraguay  Argentina","https://fbref.com/en/players/2c0fbaf5/Juan-Iturbe","https://www.transfermarkt.com/juan-iturbe/profil/spieler/81455",14,"No",NA,32,"18 years","2011",6,358,59,371,15,"left","Attack","172",18,172,2011,0.4,"left",0,"[18,21)","[165,180]","(3,9]","2010s","Paraguay Argentina","South_America"
"Alex Iwobi","Nigeria  England","https://fbref.com/en/players/6ca5ec4b/Alex-Iwobi","https://www.transfermarkt.com/alex-iwobi/profil/spieler/242631",10,"No",NA,29,"19 years","2015",7,135,24,384,12,"right","Attack","180",19,180,2015,0.583333333333333,"right",0,"[18,21)","[165,180]","(3,9]","2010s","Nigeria England","UK_Ireland"
"Joselu","Spain  Germany","https://fbref.com/en/players/6265208f/Joselu","https://www.transfermarkt.com/joselu/profil/spieler/81999",16,"No",NA,35,"18 years","2008",9,188,30,416,15,"right","Attack","192",18,192,2008,0.6,"right",0,"[18,21)","(185,203]","(3,9]","2000s","Spain Germany","EU_Major"
"Juanmi","Spain","https://fbref.com/en/players/84399660/Juanmi","https://www.transfermarkt.com/juanmi/profil/spieler/126737",16,"No",NA,32,"16 years","2009",3,420,49,407,17,"right","Attack","169",16,169,2009,0.176470588235294,"right",0,"[15,18)","[165,180]","[0,3]","2000s","Spain","EU_Major"
"Sullay Kaikai","Sierra Leone  England","https://fbref.com/en/players/fc166e49/Sullay-Kaikai","https://www.transfermarkt.com/sullay-kaikai/profil/spieler/244130",10,"No",NA,30,"17 years","2013",1,34,3,312,13,"right","Attack","182",17,182,2013,0.0769230769230769,"right",0,"[15,18)","(180,185]","[0,3]","2010s","Sierra Leone England","UK_Ireland"
"N'Golo Kanté","France  Mali","https://fbref.com/en/players/b9fbae28/NGolo-Kante","https://www.transfermarkt.com/ngolo-kant/profil/spieler/225083",13,"No",NA,34,"20 years","2011",27,688,129,457,16,"right","Midfield","169",20,169,2011,1.6875,"right",0,"[18,21)","[165,180]","(9,57]","2010s","France Mali","EU_Major"
"Kenedy","Brazil","https://fbref.com/en/players/5eebbfdf/Kenedy","https://www.transfermarkt.com/kenedy/profil/spieler/281404",12,"No",NA,29,"17 years","Not found",11,428,58,239,15,"left","Attack","181",17,181,NA,0.733333333333333,"left",0,"[15,18)","(180,185]","(9,57]","NAs","Brazil","South_America"
"Jonjoe Kenny","England  Ireland","https://fbref.com/en/players/099e666f/Jonjoe-Kenny","https://www.transfermarkt.com/jonjoe-kenny/profil/spieler/258883",9,"No",NA,28,"18 years","2015",6,127,19,280,12,"right","Defender","176",18,176,2015,0.5,"right",0,"[18,21)","[165,180]","(3,9]","2010s","England Ireland","UK_Ireland"
"Yann Kermorgant","France","https://fbref.com/en/players/0172d6cc/Yann-Kermorgant","https://www.transfermarkt.com/yann-kermorgant/profil/spieler/57410",15,"Yes",38,44,"27 years","2009",1,113,17,293,9,"right","Attack","184",27,184,2009,0.111111111111111,"right",1,"[24,30]","(180,185]","[0,3]","2000s","France","EU_Major"
"Wahbi Khazri","Tunisia  France","https://fbref.com/en/players/2677a1de/Wahbi-Khazri","https://www.transfermarkt.com/wahbi-khazri/profil/spieler/103565",16,"No",NA,34,"18 years","2009",21,287,47,454,15,"right","Attack","182",18,182,2009,1.4,"right",0,"[18,21)","(180,185]","(9,57]","2000s","Tunisia France","EU_Major"
"Joshua King","Norway","https://fbref.com/en/players/43458538/Joshua-King","https://www.transfermarkt.com/joshua-king/profil/spieler/91059",15,"No",NA,33,"18 years","2010",29,576,93,402,16,"right","Attack","180",18,180,2010,1.8125,"right",0,"[18,21)","[165,180]","(9,57]","2010s","Norway","Rest_of_World"
"Stephen Kingsley","Scotland","https://fbref.com/en/players/488cc9c7/Stephen-Kingsley","https://www.transfermarkt.com/stephen-kingsley/profil/spieler/184398",15,"No",NA,31,"16 years","2010",12,630,108,311,16,"left","Defender","178",16,178,2010,0.75,"left",0,"[15,18)","[165,180]","(9,57]","2010s","Scotland","UK_Ireland"
"Jan Kirchhoff","Germany","https://fbref.com/en/players/a14d04e3/Jan-Kirchhoff","https://www.transfermarkt.com/jan-kirchhoff/profil/spieler/49734",12,"Yes",30,35,"17 years","2008",24,1574,200,150,12,"right","Midfield","195",17,195,2008,2,"right",1,"[15,18)","(185,203]","(9,57]","2000s","Germany","EU_Major"
"Timm Klose","Switzerland  Germany","https://fbref.com/en/players/5f1d07f6/Timm-Klose","https://www.transfermarkt.com/timm-klose/profil/spieler/65255",15,"Yes",36,37,"22 years","2010",15,371,58,302,13,"right","Defender","193",22,193,2010,1.15384615384615,"right",1,"[21,24)","(185,203]","(9,57]","2010s","Switzerland Germany","EU_Major"
"Lamine Koné","Cote d'Ivoire  France","https://fbref.com/en/players/a46472d0/Lamine-Kone","https://www.transfermarkt.com/lamine-kon/profil/spieler/57420",18,"No",NA,36,"20 years","2009",4,228,24,301,13,"right","Defender","189",20,189,2009,0.307692307692308,"right",0,"[18,21)","(185,203]","(3,9]","2000s","Cote d'Ivoire France","EU_Major"
"Kyle Lafferty","Northern Ireland","https://fbref.com/en/players/3bf81c50/Kyle-Lafferty","https://www.transfermarkt.com/kyle-lafferty/profil/spieler/36884",21,"No",NA,38,"17 years","2005",12,334,52,454,19,"right","Attack","193",17,193,2005,0.631578947368421,"right",0,"[15,18)","(185,203]","(9,57]","2000s","Northern Ireland","UK_Ireland"
"Manuel Lanzini","Argentina  Italy","https://fbref.com/en/players/26f6dca8/Manuel-Lanzini","https://www.transfermarkt.com/manuel-lanzini/profil/spieler/135853",14,"No",NA,32,"22 years","2015",22,778,127,291,11,"right","Attack","170",22,170,2015,2,"right",0,"[21,24)","[165,180]","(9,57]","2010s","Argentina Italy","EU_Major"
"Jamaal Lascelles","England  Barbados","https://fbref.com/en/players/450ab6fc/Jamaal-Lascelles","https://www.transfermarkt.com/jamaal-lascelles/profil/spieler/183318",14,"No",NA,32,"17 years","2011",19,961,120,320,15,"right","Defender","189",17,189,2011,1.26666666666667,"right",0,"[15,18)","(185,203]","(9,57]","2010s","England Barbados","UK_Ireland"
"Miguel Layún","Mexico  Spain","https://fbref.com/en/players/ad6295d4/Miguel-Layun","https://www.transfermarkt.com/miguel-layn/profil/spieler/58576",17,"Yes",35,37,"19 years","2007",4,81,14,389,19,"right","Defender","179",19,179,2007,0.210526315789474,"right",1,"[18,21)","[165,180]","(3,9]","2000s","Mexico Spain","EU_Major"
"Jonathan Leko","England  DR Congo","https://fbref.com/en/players/76b5cbbd/Jonathan-Leko","https://www.transfermarkt.com/jonathan-leko/profil/spieler/314266",10,"No",NA,26,"16 years","2015",2,326,7,217,11,"right","Attack","182",16,182,2015,0.181818181818182,"right",0,"[15,18)","(180,185]","[0,3]","2010s","England DR Congo","UK_Ireland"
"Jeremain Lens","Netherlands  Suriname","https://fbref.com/en/players/6f1721f0/Jeremain-Lens","https://www.transfermarkt.com/jeremain-lens/profil/spieler/38497",20,"No",NA,38,"18 years","2006",12,325,61,443,15,"right","Attack","178",18,178,2006,0.8,"right",0,"[18,21)","[165,180]","(9,57]","2000s","Netherlands Suriname","EU_Major"
"Donald Love","Scotland  England","https://fbref.com/en/players/160599ed/Donald-Love","https://www.transfermarkt.com/donald-love/profil/spieler/179451",10,"No",NA,31,"20 years","2015",1,23,2,244,11,"right","Defender","179",20,179,2015,0.0909090909090909,"right",0,"[18,21)","[165,180]","[0,3]","2010s","Scotland England","UK_Ireland"
"Jordan Lyden","Australia  England","https://fbref.com/en/players/f246a2a8/Jordan-Lyden","https://www.transfermarkt.com/jordan-lyden/profil/spieler/251289",9,"No",NA,29,"19 years","2015",1,85,18,87,7,"right","Midfield","178",19,178,2015,0.142857142857143,"right",0,"[18,21)","[165,180]","[0,3]","2010s","Australia England","UK_Ireland"
"Yann M'Vila","France  Congo","https://fbref.com/en/players/d4133fa1/Yann-MVila","https://www.transfermarkt.com/yann-mvila/profil/spieler/60573",16,"No",NA,35,"19 years","2009",19,341,61,501,16,"right","Midfield","182",19,182,2009,1.1875,"right",0,"[18,21)","(180,185]","(9,57]","2000s","France Congo","EU_Major"
"Shaun MacDonald","Wales","https://fbref.com/en/players/fdcff59c/Shaun-MacDonald","https://www.transfermarkt.com/shaun-macdonald/profil/spieler/10375",17,"No",NA,37,"17 years","2005",1,5,1,264,17,"right","Midfield","185",17,185,2005,0.0588235294117647,"right",0,"[15,18)","(180,185]","[0,3]","2000s","Wales","UK_Ireland"
"José Manuel Jurado","Spain","https://fbref.com/en/players/71d4e271/Jose-Manuel-Jurado","https://www.transfermarkt.com/jos-manuel-jurado/profil/spieler/28261",15,"Yes",34,39,"19 years","2005",12,364,67,442,15,"N/A","Attack","176",19,176,2005,0.8,"unknown",1,"[18,21)","[165,180]","(9,57]","2000s","Spain","EU_Major"
"Anthony Martial","France  Guadeloupe","https://fbref.com/en/players/8b788c01/Anthony-Martial","https://www.transfermarkt.com/anthony-martial/profil/spieler/182877",13,"No",NA,30,"16 years","2012",26,629,120,419,14,"right","Attack","184",16,184,2012,1.85714285714286,"right",0,"[15,18)","(180,185]","(9,57]","2010s","France Guadeloupe","EU_Major"
"Cuco Martina","Curacao  Netherlands","https://fbref.com/en/players/22551915/Cuco-Martina","https://www.transfermarkt.com/cuco-martina/profil/spieler/91251",17,"No",NA,36,"18 years","2008",5,126,14,341,15,"right","Defender","185",18,185,2008,0.333333333333333,"right",0,"[18,21)","(180,185]","(3,9]","2000s","Curacao Netherlands","EU_Major"
"Adam Matthews","Wales","https://fbref.com/en/players/d8bffa70/Adam-Matthews","https://www.transfermarkt.com/adam-matthews/profil/spieler/108878",16,"No",NA,33,"17 years","2009",13,476,70,357,17,"right","Defender","178",17,178,2009,0.764705882352941,"right",0,"[15,18)","[165,180]","(9,57]","2000s","Wales","UK_Ireland"
"Kevin Mbabu","Switzerland  DR Congo","https://fbref.com/en/players/493924a7/Kevin-Mbabu","https://www.transfermarkt.com/kevin-mbabu/profil/spieler/183321",13,"No",NA,30,"17 years","2012",16,459,75,276,12,"right","Defender","184",17,184,2012,1.33333333333333,"right",0,"[15,18)","(180,185]","(9,57]","2010s","Switzerland DR Congo","Rest_of_World"
"Chancel Mbemba","DR Congo","https://fbref.com/en/players/e76cb9cc/Chancel-Mbemba","https://www.transfermarkt.com/chancel-mbemba/profil/spieler/203348",13,"No",NA,31,"18 years","2013",9,174,32,338,12,"right","Defender","182",18,182,2013,0.75,"right",0,"[18,21)","(180,185]","(3,9]","2010s","DR Congo","Rest_of_World"
"Dieumerci Mbokani","DR Congo","https://fbref.com/en/players/d9847696/Dieumerci-Mbokani","https://www.transfermarkt.com/dieumerci-mbokani/profil/spieler/44624",19,"Yes",39,40,"20 years","2006",9,432,62,416,16,"right","Attack","185",20,185,2006,0.5625,"right",1,"[18,21)","(180,185]","(3,9]","2000s","DR Congo","Rest_of_World"
"Memphis","Netherlands  Ghana","https://fbref.com/en/players/8f696594/Memphis","https://www.transfermarkt.com/memphis/profil/spieler/167850",13,"No",NA,31,"17 years","2011",24,783,130,457,15,"right","Attack","176",17,176,2011,1.6,"right",0,"[15,18)","[165,180]","(9,57]","2010s","Netherlands Ghana","EU_Major"
"Matt Miazga","United States  Poland","https://fbref.com/en/players/9fc0f253/Matt-Miazga","https://www.transfermarkt.com/matt-miazga/profil/spieler/245893",12,"No",NA,30,"17 years","Not found",7,478,70,271,14,"right","Defender","191",17,191,NA,0.5,"right",0,"[15,18)","(185,203]","(3,9]","NAs","United States Poland","Rest_of_World"
"Tyrone Mings","England","https://fbref.com/en/players/8397a50c/Tyrone-Mings","https://www.transfermarkt.com/tyrone-mings/profil/spieler/253677",12,"No",NA,32,"19 years","2012",10,1198,202,275,14,"left","Defender","195",19,195,2012,0.714285714285714,"left",0,"[18,21)","(185,203]","(9,57]","2010s","England","UK_Ireland"
"Aleksandar Mitrović","Serbia","https://fbref.com/en/players/3925dbd6/Aleksandar-Mitrovic","https://www.transfermarkt.com/aleksandar-mitrovi/profil/spieler/51152",15,"No",NA,31,"17 years","2012",16,391,71,440,13,"right","Attack","189",17,189,2012,1.23076923076923,"right",0,"[15,18)","(185,203]","(9,57]","2010s","Serbia","Rest_of_World"
"Clinton N'Jie","Cameroon","https://fbref.com/en/players/77f278a0/Clinton-NJie","https://www.transfermarkt.com/clinton-njie/profil/spieler/241119",13,"No",NA,32,"18 years","2012",13,352,71,268,13,"right","Attack","175",18,175,2012,1,"right",0,"[18,21)","[165,180]","(9,57]","2010s","Cameroon","Rest_of_World"
"Oumar Niasse","Senegal","https://fbref.com/en/players/af721f98/Oumar-Niasse","https://www.transfermarkt.com/oumar-niasse/profil/spieler/209781",12,"Yes",33,35,"21 years","Not found",0,0,0,174,10,"right","Attack","182",21,182,NA,0,"right",1,"[21,24)","(180,185]","[0,3]","NAs","Senegal","Rest_of_World"
"Kristoffer Nordfeldt","Sweden","https://fbref.com/en/players/78549904/Kristoffer-Nordfeldt","https://www.transfermarkt.com/kristoffer-nordfeldt/profil/spieler/75890",18,"No",NA,36,"18 years","Not found",6,61,15,433,19,"right","Goalkeeper","190",18,190,NA,0.315789473684211,"right",0,"[18,21)","(185,203]","(3,9]","NAs","Sweden","Rest_of_World"
"Allan Nyom","Cameroon  France","https://fbref.com/en/players/97572117/Allan-Nyom","https://www.transfermarkt.com/allan-nyom/profil/spieler/111508",15,"No",NA,37,"22 years","2010",2,61,9,503,16,"right","Defender","186",22,186,2010,0.125,"right",0,"[21,24)","(185,203]","[0,3]","2010s","Cameroon France","EU_Major"
"Eunan O'Kane","Ireland  Northern Ireland","https://fbref.com/en/players/b7f8b1fc/Eunan-OKane","https://www.transfermarkt.com/eunan-okane/profil/spieler/61583",11,"Yes",30,35,"19 years","2009",1,854,123,278,10,"right","Midfield","168",19,168,2009,0.1,"right",1,"[18,21)","[165,180]","[0,3]","2000s","Ireland Northern Ireland","UK_Ireland"
"Pedro Obiang","Equatorial Guinea  Spain","https://fbref.com/en/players/ba1e04b3/Pedro-Obiang","https://www.transfermarkt.com/pedro-obiang/profil/spieler/101213",15,"No",NA,33,"18 years","2010",11,916,149,383,15,"right","Midfield","185",18,185,2010,0.733333333333333,"right",0,"[18,21)","(180,185]","(9,57]","2010s","Equatorial Guinea Spain","EU_Major"
"Vadis Odjidja-Ofoe","Belgium  Ghana","https://fbref.com/en/players/518918ad/Vadis-Odjidja-Ofoe","https://www.transfermarkt.com/vadis-odjidja-ofoe/profil/spieler/38388",18,"No",NA,36,"18 years","2007",12,456,62,470,17,"right","Midfield","185",18,185,2007,0.705882352941177,"right",0,"[18,21)","(180,185]","(9,57]","2000s","Belgium Ghana","EU_Major"
"Angelo Ogbonna","Italy  Nigeria","https://fbref.com/en/players/74b2cd7e/Angelo-Ogbonna","https://www.transfermarkt.com/angelo-ogbonna/profil/spieler/48002",19,"No",NA,37,"18 years","2006",13,738,101,452,18,"left","Defender","191",18,191,2006,0.722222222222222,"left",0,"[18,21)","(185,203]","(9,57]","2000s","Italy Nigeria","EU_Major"
"Sheyi Ojo","England  Nigeria","https://fbref.com/en/players/7b9a86e6/Sheyi-Ojo","https://www.transfermarkt.com/sheyi-ojo/profil/spieler/236510",11,"No",NA,28,"17 years","2014",5,190,36,251,10,"left","Attack","178",17,178,2014,0.5,"left",0,"[15,18)","[165,180]","(3,9]","2010s","England Nigeria","UK_Ireland"
"Shinji Okazaki","Japan","https://fbref.com/en/players/68796d61/Shinji-Okazaki","https://www.transfermarkt.com/shinji-okazaki/profil/spieler/79642",19,"Yes",38,39,"24 years","2010",13,416,56,413,14,"right","Attack","174",24,174,2010,0.928571428571429,"right",1,"[24,30]","[165,180]","(9,57]","2010s","Japan","Rest_of_World"
"Josh Onomah","England  Nigeria","https://fbref.com/en/players/6612cd8c/Josh-Onomah","https://www.transfermarkt.com/josh-onomah/profil/spieler/243589",10,"No",NA,28,"17 years","2014",10,392,46,192,10,"right","Midfield","185",17,185,2014,1,"right",0,"[15,18)","(180,185]","(9,57]","2010s","England Nigeria","UK_Ireland"
"Divock Origi","Belgium  Kenya","https://fbref.com/en/players/43a166b4/Divock-Origi","https://www.transfermarkt.com/divock-origi/profil/spieler/148368",13,"No",NA,30,"17 years","2012",15,272,52,346,13,"right","Attack","186",17,186,2012,1.15384615384615,"right",0,"[15,18)","(185,203]","(9,57]","2010s","Belgium Kenya","EU_Major"
"Nicolás Otamendi","Argentina","https://fbref.com/en/players/0d267745/Nicolas-Otamendi","https://www.transfermarkt.com/nicols-otamendi/profil/spieler/54781",17,"No",NA,37,"22 years","2010",8,77,16,579,18,"right","Defender","183",22,183,2010,0.444444444444444,"right",0,"[21,24)","(180,185]","(3,9]","2010s","Argentina","South_America"
"Obbi Oulare","Belgium  Guinea","https://fbref.com/en/players/9e49c320/Obbi-Oulare","https://www.transfermarkt.com/obbi-oulare/profil/spieler/314959",11,"No",NA,29,"18 years","2014",12,915,116,143,10,"right","Attack","196",18,196,2014,1.2,"right",0,"[18,21)","(185,203]","(9,57]","2010s","Belgium Guinea","EU_Major"
"Reece Oxford","England  Jamaica","https://fbref.com/en/players/8b6e0db2/Reece-Oxford","https://www.transfermarkt.com/reece-oxford/profil/spieler/314295",10,"No",NA,26,"15 years","2014",16,1435,147,119,9,"right","Defender","190",15,190,2014,1.77777777777778,"right",0,"[15,18)","(185,203]","(9,57]","2010s","England Jamaica","UK_Ireland"
"Alberto Paloschi","Italy","https://fbref.com/en/players/b5cae4e6/Alberto-Paloschi","https://www.transfermarkt.com/alberto-paloschi/profil/spieler/68306",17,"No",NA,35,"17 years","2007",23,702,100,355,14,"right","Attack","182",17,182,2007,1.64285714285714,"right",0,"[15,18)","(180,185]","(9,57]","2000s","Italy","EU_Major"
"Alexandre Pato","Brazil","https://fbref.com/en/players/7dd83c7d/Alexandre-Pato","https://www.transfermarkt.com/alexandre-pato/profil/spieler/37579",18,"Yes",35,36,"17 years","2007",24,1025,141,351,17,"right","Attack","181",17,181,2007,1.41176470588235,"right",1,"[15,18)","(180,185]","(9,57]","2000s","Brazil","South_America"
"Dimitri Payet","France  Réunion","https://fbref.com/en/players/58ae47b2/Dimitri-Payet","https://www.transfermarkt.com/dimitri-payet/profil/spieler/37647",20,"No",NA,38,"18 years","2005",21,585,77,673,21,"right","Attack","175",18,175,2005,1,"right",0,"[18,21)","[165,180]","(9,57]","2000s","France Réunion","EU_Major"
"Pedro","Spain","https://fbref.com/en/players/3ca7254a/Pedro","https://www.transfermarkt.com/pedro/profil/spieler/65278",18,"No",NA,38,"20 years","2007",32,434,82,709,19,"both","Attack","167",20,167,2007,1.68421052631579,"both",0,"[18,21)","[165,180]","(9,57]","2000s","Spain","EU_Major"
"Matthew Pennington","England","https://fbref.com/en/players/0ff967f7/Matthew-Pennington","https://www.transfermarkt.com/matthew-pennington/profil/spieler/220755",10,"No",NA,31,"18 years","2013",1,162,23,332,13,"right","Defender","185",18,185,2013,0.0769230769230769,"right",0,"[18,21)","(180,185]","[0,3]","2010s","England","UK_Ireland"
"Ivo Pinto","Portugal","https://fbref.com/en/players/8d82551b/Ivo-Pinto","https://www.transfermarkt.com/ivo-pinto/profil/spieler/82281",16,"No",NA,35,"19 years","2009",8,119,16,418,16,"right","Defender","184",19,184,2009,0.5,"right",0,"[18,21)","(180,185]","(3,9]","2000s","Portugal","EU_Major"
"Sebastian Prödl","Austria","https://fbref.com/en/players/f5e6d08d/Sebastian-Prodl","https://www.transfermarkt.com/sebastian-prdl/profil/spieler/37981",15,"Yes",34,38,"19 years","2006",25,1125,171,295,15,"right","Defender","194",19,194,2006,1.66666666666667,"right",1,"[18,21)","(185,203]","(9,57]","2000s","Austria","Rest_of_World"
"Marc Pugh","England","https://fbref.com/en/players/9aacb284/Marc-Pugh","https://www.transfermarkt.com/marc-pugh/profil/spieler/36939",10,"Yes",36,38,"18 years","2005",3,227,19,483,16,"right","Attack","180",18,180,2005,0.1875,"right",1,"[18,21)","[165,180]","[0,3]","2000s","England","UK_Ireland"
"Baba Rahman","Ghana","https://fbref.com/en/players/e4086af3/Baba-Rahman","https://www.transfermarkt.com/baba-rahman/profil/spieler/224884",13,"No",NA,31,"18 years","2012",16,1249,198,294,14,"left","Defender","179",18,179,2012,1.14285714285714,"left",0,"[18,21)","[165,180]","(9,57]","2010s","Ghana","Rest_of_World"
"Connor Randall","England","https://fbref.com/en/players/412e1445/Connor-Randall","https://www.transfermarkt.com/connor-randall/profil/spieler/262545",10,"No",NA,30,"18 years","2014",8,390,48,210,12,"right","Defender","180",18,180,2014,0.666666666666667,"right",0,"[18,21)","[165,180]","(3,9]","2010s","England","UK_Ireland"
"Darren Randolph","Ireland  United States","https://fbref.com/en/players/6385ebfb/Darren-Randolph","https://www.transfermarkt.com/darren-randolph/profil/spieler/51321",17,"Yes",37,38,"19 years","2006",2,105,18,404,15,"right","Goalkeeper","188",19,188,2006,0.133333333333333,"right",1,"[18,21)","(185,203]","[0,3]","2000s","Ireland United States","UK_Ireland"
"Tokelo Rantie","South Africa","https://fbref.com/en/players/7ef25942/Tokelo-Rantie","https://www.transfermarkt.com/tokelo-rantie/profil/spieler/198495",9,"Yes",30,35,"21 years","Not found",5,136,21,115,9,"right","Attack","172",21,172,NA,0.555555555555556,"right",1,"[21,24)","[165,180]","(3,9]","NAs","South Africa","Rest_of_World"
"Marcus Rashford","England  St. Kitts & Nevis","https://fbref.com/en/players/a1d5bd30/Marcus-Rashford","https://www.transfermarkt.com/marcus-rashford/profil/spieler/258923",10,"No",NA,28,"17 years","2015",15,393,57,464,11,"right","Attack","180",17,180,2015,1.36363636363636,"right",0,"[15,18)","[165,180]","(9,57]","2010s","England St. Kitts & Nevis","UK_Ireland"
"Matt Ritchie","Scotland  England","https://fbref.com/en/players/71ef519e/Matt-Ritchie","https://www.transfermarkt.com/matt-ritchie/profil/spieler/92469",16,"No",NA,36,"18 years","2008",14,359,39,572,18,"left","Midfield","173",18,173,2008,0.777777777777778,"left",0,"[18,21)","[165,180]","(9,57]","2000s","Scotland England","UK_Ireland"
"Tyler Roberts","Wales  England","https://fbref.com/en/players/6c17e046/Tyler-Roberts","https://www.transfermarkt.com/tyler-roberts/profil/spieler/296986",9,"No",NA,26,"15 years","2014",3,230,37,238,12,"right","Attack","180",15,180,2014,0.25,"right",0,"[15,18)","[165,180]","[0,3]","2010s","Wales England","UK_Ireland"
"Thomas Robson","England","https://fbref.com/en/players/a18298ff/Thomas-Robson","https://www.transfermarkt.com/thomas-robson/profil/spieler/257968",10,"No",NA,30,"18 years","2014",0,0,0,156,9,"left","Defender","178",18,178,2014,0,"left",0,"[18,21)","[165,180]","[0,3]","2010s","England","UK_Ireland"
"Sergio Romero","Argentina  Italy","https://fbref.com/en/players/1e26e376/Sergio-Romero","https://www.transfermarkt.com/sergio-romero/profil/spieler/30690",19,"No",NA,38,"20 years","2007",16,717,95,336,17,"right","Goalkeeper","191",20,191,2007,0.941176470588235,"right",0,"[18,21)","(185,203]","(9,57]","2000s","Argentina Italy","EU_Major"
"Salomón Rondón","Venezuela","https://fbref.com/en/players/b318a643/Salomon-Rondon","https://www.transfermarkt.com/salomn-rondn/profil/spieler/80197",19,"No",NA,36,"18 years","2008",3,132,26,539,22,"right","Attack","189",18,189,2008,0.136363636363636,"right",0,"[18,21)","(185,203]","[0,3]","2000s","Venezuela","Rest_of_World"
"Jordan Rossiter","England","https://fbref.com/en/players/0e459095/Jordan-Rossiter","https://www.transfermarkt.com/jordan-rossiter/profil/spieler/258924",10,"No",NA,28,"17 years","2014",7,1496,214,160,12,"right","Midfield","178",17,178,2014,0.583333333333333,"right",0,"[15,18)","[165,180]","(3,9]","2010s","England","UK_Ireland"
"Henri Saivet","Senegal  France","https://fbref.com/en/players/f3709655/Henri-Saivet","https://www.transfermarkt.com/henri-saivet/profil/spieler/51540",18,"No",NA,35,"16 years","2007",7,348,64,374,17,"right","Attack","174",16,174,2007,0.411764705882353,"right",0,"[15,18)","[165,180]","(3,9]","2000s","Senegal France","EU_Major"
"Bakary Sako","Mali  France","https://fbref.com/en/players/381d7d54/Bakary-Sako","https://www.transfermarkt.com/bakary-sako/profil/spieler/46791",19,"No",NA,37,"21 years","2009",7,388,42,305,13,"left","Attack","180",21,180,2009,0.538461538461538,"left",0,"[21,24)","[165,180]","(3,9]","2000s","Mali France","EU_Major"
"Bastian Schweinsteiger","Germany","https://fbref.com/en/players/ccc22fea/Bastian-Schweinsteiger","https://www.transfermarkt.com/bastian-schweinsteiger/profil/spieler/2514",17,"Yes",35,41,"17 years","2002",31,672,180,563,18,"N/A","Midfield","183",17,183,2002,1.72222222222222,"unknown",1,"[15,18)","(180,185]","(9,57]","2000s","Germany","EU_Major"
"Xherdan Shaqiri","Switzerland  Kosovo","https://fbref.com/en/players/6421ec64/Xherdan-Shaqiri","https://www.transfermarkt.com/xherdan-shaqiri/profil/spieler/86792",17,"No",NA,34,"17 years","2009",21,693,149,498,19,"left","Attack","169",17,169,2009,1.10526315789474,"left",0,"[15,18)","[165,180]","(9,57]","2000s","Switzerland Kosovo","Rest_of_World"
"Cédric Soares","Portugal  Germany","https://fbref.com/en/players/839c14e1/Cedric-Soares","https://www.transfermarkt.com/cdric-soares/profil/spieler/112988",15,"No",NA,34,"18 years","2010",16,404,72,357,15,"right","Defender","169",18,169,2010,1.06666666666667,"right",0,"[18,21)","[165,180]","(9,57]","2010s","Portugal Germany","EU_Major"
"Jamie Sterry","England  Italy","https://fbref.com/en/players/f13d0f83/Jamie-Sterry","https://www.transfermarkt.com/jamie-sterry/profil/spieler/250431",10,"No",NA,30,"18 years","2014",1,85,12,236,12,"right","Defender","178",18,178,2014,0.0833333333333333,"right",0,"[18,21)","[165,180]","[0,3]","2010s","England Italy","UK_Ireland"
"Kevin Stewart","Jamaica  England","https://fbref.com/en/players/ff674795/Kevin-Stewart","https://www.transfermarkt.com/kevin-stewart/profil/spieler/200782",7,"Yes",29,32,"18 years","2012",1,50,11,154,9,"Not found","Midfield","182",18,182,2012,0.111111111111111,"unknown",1,"[18,21)","(180,185]","[0,3]","2010s","Jamaica England","UK_Ireland"
"Mario Suárez","Spain","https://fbref.com/en/players/7106f0a0/Mario-Suarez","https://www.transfermarkt.com/mario-surez/profil/spieler/37337",18,"Yes",36,38,"18 years","2005",4,146,38,462,19,"right","Midfield","188",18,188,2005,0.210526315789474,"right",1,"[18,21)","(185,203]","(3,9]","2000s","Spain","EU_Major"
"Florian Thauvin","France","https://fbref.com/en/players/2b9fdeea/Florian-Thauvin","https://www.transfermarkt.com/florian-thauvin/profil/spieler/184892",14,"No",NA,32,"17 years","2010",17,534,90,451,16,"left","Attack","179",17,179,2010,1.0625,"left",0,"[15,18)","[165,180]","(9,57]","2010s","France","EU_Major"
"Ola Toivonen","Sweden  Finland","https://fbref.com/en/players/de4fe7a2/Ola-Toivonen","https://www.transfermarkt.com/ola-toivonen/profil/spieler/36500",17,"Yes",36,39,"19 years","Not found",3,379,66,474,19,"right","Attack","190",19,190,NA,0.157894736842105,"right",1,"[18,21)","(185,203]","[0,3]","NAs","Sweden Finland","Rest_of_World"
"Lee Tomlin","England","https://fbref.com/en/players/ef1739b9/Lee-Tomlin","https://www.transfermarkt.com/lee-tomlin/profil/spieler/104586",13,"Yes",35,36,"16 years","2005",3,47,10,526,18,"right","Attack","180",16,180,2005,0.166666666666667,"right",1,"[15,18)","[165,180]","[0,3]","2000s","England","UK_Ireland"
"Fikayo Tomori","England  Canada","https://fbref.com/en/players/7edfbb8a/Fikayo-Tomori","https://www.transfermarkt.com/fikayo-tomori/profil/spieler/303254",9,"No",NA,27,"17 years","2015",7,169,35,319,11,"right","Defender","185",17,185,2015,0.636363636363636,"right",0,"[15,18)","(180,185]","(3,9]","2010s","England Canada","UK_Ireland"
"Kevin Toner","Ireland","https://fbref.com/en/players/e2910435/Kevin-Toner","https://www.transfermarkt.com/kevin-toner/profil/spieler/265132",10,"No",NA,29,"19 years","2015",0,0,0,72,8,"left","Defender","180",19,180,2015,0,"left",0,"[18,21)","[165,180]","[0,3]","2010s","Ireland","UK_Ireland"
"Ivan Toney","England  Jamaica","https://fbref.com/en/players/e09f279b/Ivan-Toney","https://www.transfermarkt.com/ivan-toney/profil/spieler/251664",10,"No",NA,29,"17 years","2013",1,61,8,420,13,"right","Attack","179",17,179,2013,0.0769230769230769,"right",0,"[15,18)","[165,180]","[0,3]","2010s","England Jamaica","UK_Ireland"
"Adama Traoré","Spain  Mali","https://fbref.com/en/players/9a28eba4/Adama-Traore","https://www.transfermarkt.com/adama-traor/profil/spieler/204103",12,"No",NA,29,"17 years","2013",15,368,61,426,13,"right","Attack","178",17,178,2013,1.15384615384615,"right",0,"[15,18)","[165,180]","(9,57]","2010s","Spain Mali","EU_Major"
"Bertrand Traoré","Burkina Faso","https://fbref.com/en/players/c47541e0/Bertrand-Traore","https://www.transfermarkt.com/bertrand-traor/profil/spieler/131996",12,"No",NA,30,"17 years","2013",15,374,71,363,13,"left","Attack","177",17,177,2013,1.15384615384615,"left",0,"[15,18)","[165,180]","(9,57]","2010s","Burkina Faso","Rest_of_World"
"Virgil van Dijk","Netherlands  Suriname","https://fbref.com/en/players/e06683ca/Virgil-van-Dijk","https://www.transfermarkt.com/virgil-van-dijk/profil/spieler/139208",15,"No",NA,34,"19 years","2010",17,722,137,570,17,"right","Defender","193",19,193,2010,1,"right",0,"[18,21)","(185,203]","(9,57]","2010s","Netherlands Suriname","EU_Major"
"Guillermo Varela","Uruguay  Italy","https://fbref.com/en/players/5c961282/Guillermo-Varela","https://www.transfermarkt.com/guillermo-varela/profil/spieler/188862",14,"No",NA,32,"22 years","2015",16,483,81,213,13,"right","Defender","171",22,171,2015,1.23076923076923,"right",0,"[21,24)","[165,180]","(9,57]","2010s","Uruguay Italy","EU_Major"
"Jordan Veretout","France","https://fbref.com/en/players/4a56052c/Jordan-Veretout","https://www.transfermarkt.com/jordan-veretout/profil/spieler/164771",14,"No",NA,32,"17 years","2010",11,211,39,537,15,"right","Midfield","176",17,176,2010,0.733333333333333,"right",0,"[15,18)","[165,180]","(9,57]","2010s","France","EU_Major"
"Danny Ward","Wales","https://fbref.com/en/players/d3ce0e89/Danny-Ward","https://www.transfermarkt.com/danny-ward/profil/spieler/203026",10,"No",NA,32,"17 years","2010",4,224,47,135,13,"right","Goalkeeper","191",17,191,2010,0.307692307692308,"right",0,"[15,18)","(185,203]","(3,9]","2010s","Wales","UK_Ireland"
"Duncan Watmore","England","https://fbref.com/en/players/2b2bae51/Duncan-Watmore","https://www.transfermarkt.com/duncan-watmore/profil/spieler/248045",11,"No",NA,31,"19 years","2013",6,847,124,268,12,"right","Attack","175",19,175,2013,0.5,"right",0,"[18,21)","[165,180]","(3,9]","2010s","England","UK_Ireland"
"James Weir","England","https://fbref.com/en/players/c8d651c1/James-Weir","https://www.transfermarkt.com/james-weir/profil/spieler/251058",8,"Yes",28,30,"19 years","2015",2,582,18,38,5,"right","Midfield","183",19,183,2015,0.4,"right",1,"[18,21)","(180,185]","[0,3]","2010s","England","UK_Ireland"
"Georginio Wijnaldum","Netherlands  Suriname","https://fbref.com/en/players/eb58eef0/Georginio-Wijnaldum","https://www.transfermarkt.com/georginio-wijnaldum/profil/spieler/49499",19,"No",NA,35,"15 years","2006",17,578,154,657,21,"right","Midfield","175",15,175,2006,0.80952380952381,"right",0,"[15,18)","[165,180]","(9,57]","2000s","Netherlands Suriname","EU_Major"
"Callum Wilson","England","https://fbref.com/en/players/c596fcb0/Callum-Wilson","https://www.transfermarkt.com/callum-wilson/profil/spieler/123682",15,"No",NA,33,"18 years","2010",21,1216,195,399,16,"right","Attack","180",18,180,2010,1.3125,"right",0,"[18,21)","[165,180]","(9,57]","2010s","England","UK_Ireland"
"Kevin Wimmer","Austria","https://fbref.com/en/players/faf55ce4/Kevin-Wimmer","https://www.transfermarkt.com/kevin-wimmer/profil/spieler/122675",15,"No",NA,33,"19 years","2012",4,162,21,228,14,"left","Defender","187",19,187,2012,0.285714285714286,"left",0,"[18,21)","(185,203]","(3,9]","2010s","Austria","Rest_of_World"
