player_name,transfermarkt_id,transfermarkt_url,player_url
Charlie Adam,28990,https://www.transfermarkt.com/charlie-adam/profil/spieler/28990,https://fbref.com/en/players/aff418dc/Charlie-Adam
Emmanuel Adebayor,8883,https://www.transfermarkt.com/emmanuel-adebayor/profil/spieler/8883,https://fbref.com/en/players/936d9e3e/Emmanuel-Adebayor
Gabriel Agbonlahor,37148,https://www.transfermarkt.com/gabriel-agbonlahor/profil/spieler/37148,https://fbref.com/en/players/db80f5f1/Gabriel-Agbonlahor
Daniel Agger,22832,https://www.transfermarkt.com/daniel-agger/profil/spieler/22832,https://fbref.com/en/players/f1ea4af0/Daniel-Agger
Yakubu Aiyegbeni,8559,https://www.transfermarkt.com/yakubu-aiyegbeni/profil/spieler/8559,https://fbref.com/en/players/a1fe3f62/Yakubu-Aiyegbeni
Marc Albrighton,61560,https://www.transfermarkt.com/marc-albrighton/profil/spieler/61560,https://fbref.com/en/players/b827d5b3/Marc-Albrighton
Antolín Alcaraz,14259,https://www.transfermarkt.com/antoln-alcaraz/profil/spieler/14259,https://fbref.com/en/players/cee38e27/Antolin-Alcaraz
Alex,349066,https://www.transfermarkt.com/alex/profil/spieler/349066,https://fbref.com/en/players/350188c1/Alexandre-Bonnet
Manuel Almunia,16621,https://www.transfermarkt.com/manuel-almunia/profil/spieler/16621,https://fbref.com/en/players/9f6b2f8c/Manuel-Almunia
Marcos Alonso,112515,https://www.transfermarkt.com/marcos-alonso/profil/spieler/112515,https://fbref.com/en/players/06b1b4a2/Marcos-Alonso-Pena
Sammy Ameobi,92381,https://www.transfermarkt.com/sammy-ameobi/profil/spieler/92381,https://fbref.com/en/players/acd61628/Sammy-Ameobi
Shola Ameobi,3276,https://www.transfermarkt.com/shola-ameobi/profil/spieler/3276,https://fbref.com/en/players/e79a368b/Shola-Ameobi
Anderson,8564,https://www.transfermarkt.com/anderson/profil/spieler/8564,https://fbref.com/en/players/b3ab8f5c/Paul-Anderson
Keith Andrews,8035,https://www.transfermarkt.com/keith-andrews/profil/spieler/8035,https://fbref.com/en/players/5bca867f/Keith-Andrews
Nicolas Anelka,3226,https://www.transfermarkt.com/nicolas-anelka/profil/spieler/3226,https://fbref.com/en/players/931ed5e9/Nicolas-Anelka
Marcos Angeleri,27448,https://www.transfermarkt.com/marcos-angeleri/profil/spieler/27448,https://fbref.com/en/players/f1c9c320/Marcos-Angeleri
Victor Anichebe,39532,https://www.transfermarkt.com/victor-anichebe/profil/spieler/39532,https://fbref.com/en/players/4aed5c19/Victor-Anichebe
Andrey Arshavin,15378,https://www.transfermarkt.com/andrey-arshavin/profil/spieler/15378,https://fbref.com/en/players/8fd1ea1f/Andrey-Arshavin
Mikel Arteta,7451,https://www.transfermarkt.com/mikel-arteta/profil/spieler/7451,https://fbref.com/en/players/d934d1e6/Mikel-Arteta
Benoît Assou-Ekotto,18310,https://www.transfermarkt.com/benot-assou-ekotto/profil/spieler/18310,https://fbref.com/en/players/a557e6b0/Benoit-Assou-Ekotto
Fábio Aurélio,7570,https://www.transfermarkt.com/fbio-aurlio/profil/spieler/7570,https://fbref.com/en/players/68f0ce09/Fabio-Aurelio
Demba Ba,40205,https://www.transfermarkt.com/demba-ba/profil/spieler/40205,https://fbref.com/en/players/8b683d09/Demba-Ba
Ryan Babel,16135,https://www.transfermarkt.com/ryan-babel/profil/spieler/16135,https://fbref.com/en/players/6438d426/Ryan-Babel
Leighton Baines,13507,https://www.transfermarkt.com/leighton-baines/profil/spieler/13507,https://fbref.com/en/players/b18095b6/Leighton-Baines
Chris Baird,4115,https://www.transfermarkt.com/chris-baird/profil/spieler/4115,https://fbref.com/en/players/55fd8c81/Chris-Baird
Nathan Baker,62638,https://www.transfermarkt.com/nathan-baker/profil/spieler/62638,https://fbref.com/en/players/b18af9e3/Nathan-Baker
Gareth Bale,39381,https://www.transfermarkt.com/gareth-bale/profil/spieler/39381,https://fbref.com/en/players/a58bb1e1/Gareth-Bale
Mario Balotelli,45146,https://www.transfermarkt.com/mario-balotelli/profil/spieler/45146,https://fbref.com/en/players/8ff07990/Mario-Balotelli
Barry Bannan,61561,https://www.transfermarkt.com/barry-bannan/profil/spieler/61561,https://fbref.com/en/players/9469fb13/Barry-Bannan
Alex Baptiste,16660,https://www.transfermarkt.com/alex-baptiste/profil/spieler/16660,https://fbref.com/en/players/7b72f0b6/Alex-Baptiste
Phil Bardsley,15773,https://www.transfermarkt.com/phil-bardsley/profil/spieler/15773,https://fbref.com/en/players/1ae30132/Phil-Bardsley
Giles Barnes,37236,https://www.transfermarkt.com/giles-barnes/profil/spieler/37236,https://fbref.com/en/players/e663724a/Giles-Barnes
Pablo Barrera,51079,https://www.transfermarkt.com/pablo-barrera/profil/spieler/51079,https://fbref.com/en/players/ff70b131/Pablo-Barrera
Gareth Barry,3291,https://www.transfermarkt.com/gareth-barry/profil/spieler/3291,https://fbref.com/en/players/7dbbe367/Gareth-Barry
Joey Barton,3292,https://www.transfermarkt.com/joey-barton/profil/spieler/3292,https://fbref.com/en/players/93bfa675/Joey-Barton
Chris Basham,52495,https://www.transfermarkt.com/chris-basham/profil/spieler/52495,https://fbref.com/en/players/1aa84968/Chris-Basham
Sébastien Bassong,33951,https://www.transfermarkt.com/sbastien-bassong/profil/spieler/33951,https://fbref.com/en/players/0d521662/Sebastien-Bassong
Jose Baxter,82734,https://www.transfermarkt.com/jose-baxter/profil/spieler/82734,https://fbref.com/en/players/185990eb/Jose-Baxter
James Beattie,3112,https://www.transfermarkt.com/james-beattie/profil/spieler/3112,https://fbref.com/en/players/7c881089/James-Beattie
Jean Beausejour,18871,https://www.transfermarkt.com/jean-beausejour/profil/spieler/18871,https://fbref.com/en/players/c8404849/Jean-Beausejour
Bebé,26541,https://www.transfermarkt.com/beb/profil/spieler/26541,https://fbref.com/en/players/d8712bf9/Bebe
Jermaine Beckford,38874,https://www.transfermarkt.com/jermaine-beckford/profil/spieler/38874,https://fbref.com/en/players/393303c7/Jermaine-Beckford
Roman Bednář,26898,https://www.transfermarkt.com/roman-bedn/profil/spieler/26898,https://fbref.com/en/players/a6979454/Roman-Bednar
Asmir Begović,33873,https://www.transfermarkt.com/asmir-begovi/profil/spieler/33873,https://fbref.com/en/players/7b4de647/Asmir-Begovic
Valon Behrami,21905,https://www.transfermarkt.com/valon-behrami/profil/spieler/21905,https://fbref.com/en/players/d3d758d8/Valon-Behrami
Hatem Ben Arfa,18900,https://www.transfermarkt.com/hatem-ben-arfa/profil/spieler/18900,https://fbref.com/en/players/74dc806c/Hatem-Ben-Arfa
Tal Ben Haim,20714,https://www.transfermarkt.com/tal-ben-haim/profil/spieler/20714,https://fbref.com/en/players/8ca0559d/Tal-Ben-Haim
Yossi Benayoun,7858,https://www.transfermarkt.com/yossi-benayoun/profil/spieler/7858,https://fbref.com/en/players/8414bb13/Yossi-Benayoun
Nicklas Bendtner,34557,https://www.transfermarkt.com/nicklas-bendtner/profil/spieler/34557,https://fbref.com/en/players/9f9c57f0/Nicklas-Bendtner
Benjani,12063,https://www.transfermarkt.com/benjani/profil/spieler/12063,https://fbref.com/en/players/9fc277ee/Benjani
Darren Bent,13239,https://www.transfermarkt.com/darren-bent/profil/spieler/13239,https://fbref.com/en/players/fe97f10b/Darren-Bent
Marcus Bent,9958,https://www.transfermarkt.com/marcus-bent/profil/spieler/9958,https://fbref.com/en/players/69166246/Marcus-Bent
David Bentley,3205,https://www.transfermarkt.com/david-bentley/profil/spieler/3205,https://fbref.com/en/players/a00fbcec/David-Bentley
Dimitar Berbatov,65,https://www.transfermarkt.com/dimitar-berbatov/profil/spieler/65,https://fbref.com/en/players/f5781978/Dimitar-Berbatov
Christophe Berra,36602,https://www.transfermarkt.com/christophe-berra/profil/spieler/36602,https://fbref.com/en/players/8455984a/Christophe-Berra
Ryan Bertrand,40611,https://www.transfermarkt.com/ryan-bertrand/profil/spieler/40611,https://fbref.com/en/players/01226327/Ryan-Bertrand
Leon Best,28244,https://www.transfermarkt.com/leon-best/profil/spieler/28244,https://fbref.com/en/players/0780ab75/Leon-Best
Habib Beye,3923,https://www.transfermarkt.com/habib-beye/profil/spieler/3923,https://fbref.com/en/players/459b0b19/Habib-Beye
Diniyar Bilyaletdinov,16690,https://www.transfermarkt.com/diniyar-bilyaletdinov/profil/spieler/16690,https://fbref.com/en/players/7e8050c6/Diniyar-Bilyaletdinov
Mame Biram Diouf,62049,https://www.transfermarkt.com/mame-biram-diouf/profil/spieler/62049,https://fbref.com/en/players/7f4f3e49/Mame-Biram-Diouf
Robbie Blake,3490,https://www.transfermarkt.com/robbie-blake/profil/spieler/3490,https://fbref.com/en/players/ddc0a1fd/Robbie-Blake
Luís Boa Morte,3422,https://www.transfermarkt.com/lus-boa-morte/profil/spieler/3422,https://fbref.com/en/players/59ab6332/Luis-Boa-Morte
Jérôme Boateng,26485,https://www.transfermarkt.com/jrme-boateng/profil/spieler/26485,https://fbref.com/en/players/2db2fd7b/Jerome-Boateng
Ruud Boffin,31336,https://www.transfermarkt.com/ruud-boffin/profil/spieler/31336,https://fbref.com/en/players/ad19ca64/Ruud-Boffin
Ádám Bogdán,55247,https://www.transfermarkt.com/dm-bogdn/profil/spieler/55247,https://fbref.com/en/players/56f99ec7/Adam-Bogdan
Mauro Boselli,40822,https://www.transfermarkt.com/mauro-boselli/profil/spieler/40822,https://fbref.com/en/players/284e865d/Mauro-Boselli
José Bosingwa,9813,https://www.transfermarkt.com/jos-bosingwa/profil/spieler/9813,https://fbref.com/en/players/13dd442f/Jose-Bosingwa
Lee Bowyer,3877,https://www.transfermarkt.com/lee-bowyer/profil/spieler/3877,https://fbref.com/en/players/f4fd57ba/Lee-Bowyer
Dedryck Boyata,88262,https://www.transfermarkt.com/dedryck-boyata/profil/spieler/88262,https://fbref.com/en/players/7c473e12/Dedryck-Boyata
Emmerson Boyce,19641,https://www.transfermarkt.com/emmerson-boyce/profil/spieler/19641,https://fbref.com/en/players/84bfbd38/Emmerson-Boyce
Michael Bradley,30593,https://www.transfermarkt.com/michael-bradley/profil/spieler/30593,https://fbref.com/en/players/fd5e3a73/Michael-Bradley
Titus Bramble,3130,https://www.transfermarkt.com/titus-bramble/profil/spieler/3130,https://fbref.com/en/players/83ac7c3c/Titus-Bramble
Wayne Bridge,3682,https://www.transfermarkt.com/wayne-bridge/profil/spieler/3682,https://fbref.com/en/players/86b982bc/Wayne-Bridge
Matthew Briggs,51318,https://www.transfermarkt.com/matthew-briggs/profil/spieler/51318,https://fbref.com/en/players/182c89db/Matthew-Briggs
Wes Brown,3405,https://www.transfermarkt.com/wes-brown/profil/spieler/3405,https://fbref.com/en/players/659ccc97/Wes-Brown
Jeffrey Bruma,88721,https://www.transfermarkt.com/jeffrey-bruma/profil/spieler/88721,https://fbref.com/en/players/fbffc4b1/Jeffrey-Bruma
Chris Brunt,36814,https://www.transfermarkt.com/chris-brunt/profil/spieler/36814,https://fbref.com/en/players/ec7e6ad1/Chris-Brunt
Mark Bunn,49319,https://www.transfermarkt.com/mark-bunn/profil/spieler/49319,https://fbref.com/en/players/a6738b6c/Mark-Bunn
Gary Cahill,27511,https://www.transfermarkt.com/gary-cahill/profil/spieler/27511,https://fbref.com/en/players/7914b9fe/Gary-Cahill
Tim Cahill,13556,https://www.transfermarkt.com/tim-cahill/profil/spieler/13556,https://fbref.com/en/players/e5a2dfc2/Tim-Cahill
Gary Caldwell,3791,https://www.transfermarkt.com/gary-caldwell/profil/spieler/3791,https://fbref.com/en/players/5dc37f4a/Gary-Caldwell
Steven Caldwell,3462,https://www.transfermarkt.com/steven-caldwell/profil/spieler/3462,https://fbref.com/en/players/6839f68e/Steven-Caldwell
DJ Campbell,37896,https://www.transfermarkt.com/dj-campbell/profil/spieler/37896,https://fbref.com/en/players/d9129797/DJ-Campbell
Fraizer Campbell,42411,https://www.transfermarkt.com/fraizer-campbell/profil/spieler/42411,https://fbref.com/en/players/81d63375/Fraizer-Campbell
Sol Campbell,3198,https://www.transfermarkt.com/sol-campbell/profil/spieler/3198,https://fbref.com/en/players/3e3b2fbd/Sol-Campbell
John Carew,3570,https://www.transfermarkt.com/john-carew/profil/spieler/3570,https://fbref.com/en/players/91ef929d/John-Carew
David Carney,10387,https://www.transfermarkt.com/david-carney/profil/spieler/10387,https://fbref.com/en/players/f3041886/David-Carney
Stephen Carr,4046,https://www.transfermarkt.com/stephen-carr/profil/spieler/4046,https://fbref.com/en/players/eb0ae1e9/Stephen-Carr
Jamie Carragher,3597,https://www.transfermarkt.com/jamie-carragher/profil/spieler/3597,https://fbref.com/en/players/d0ebce19/Jamie-Carragher
Michael Carrick,3878,https://www.transfermarkt.com/michael-carrick/profil/spieler/3878,https://fbref.com/en/players/ab7263c1/Michael-Carrick
Andy Carroll,48066,https://www.transfermarkt.com/andy-carroll/profil/spieler/48066,https://fbref.com/en/players/b581987a/Andy-Carroll
Scott Carson,14555,https://www.transfermarkt.com/scott-carson/profil/spieler/14555,https://fbref.com/en/players/3e1550ee/Scott-Carson
Craig Cathcart,59606,https://www.transfermarkt.com/craig-cathcart/profil/spieler/59606,https://fbref.com/en/players/89e4b358/Craig-Cathcart
Lee Cattermole,37363,https://www.transfermarkt.com/lee-cattermole/profil/spieler/37363,https://fbref.com/en/players/538e77d5/Lee-Cattermole
Marek Čech,21354,https://www.transfermarkt.com/marek-ech/profil/spieler/21354,https://fbref.com/en/players/bc9fd7f1/Marek-Cech
Petr Čech,5658,https://www.transfermarkt.com/petr-ech/profil/spieler/5658,https://fbref.com/en/players/71672fa0/Petr-Cech
Marouane Chamakh,19085,https://www.transfermarkt.com/marouane-chamakh/profil/spieler/19085,https://fbref.com/en/players/790ca5f3/Marouane-Chamakh
Pascal Chimbonda,18875,https://www.transfermarkt.com/pascal-chimbonda/profil/spieler/18875,https://fbref.com/en/players/5cbb464e/Pascal-Chimbonda
Ciaran Clark,98240,https://www.transfermarkt.com/ciaran-clark/profil/spieler/98240,https://fbref.com/en/players/2b91cf8e/Ciaran-Clark
Tom Cleverley,73484,https://www.transfermarkt.com/tom-cleverley/profil/spieler/73484,https://fbref.com/en/players/6cdd8245/Tom-Cleverley
Gaël Clichy,7449,https://www.transfermarkt.com/gal-clichy/profil/spieler/7449,https://fbref.com/en/players/450ad405/Gael-Clichy
Tamir Cohen,24209,https://www.transfermarkt.com/tamir-cohen/profil/spieler/24209,https://fbref.com/en/players/d1b983de/Tamir-Cohen
Jack Colback,61644,https://www.transfermarkt.com/jack-colback/profil/spieler/61644,https://fbref.com/en/players/963a9201/Jack-Colback
Ashley Cole,3182,https://www.transfermarkt.com/ashley-cole/profil/spieler/3182,https://fbref.com/en/players/be091289/Ashley-Cole
Carlton Cole,3179,https://www.transfermarkt.com/carlton-cole/profil/spieler/3179,https://fbref.com/en/players/51b2effb/Carlton-Cole
Joe Cole,3876,https://www.transfermarkt.com/joe-cole/profil/spieler/3876,https://fbref.com/en/players/2c2f117b/Joe-Cole
Séamus Coleman,68390,https://www.transfermarkt.com/samus-coleman/profil/spieler/68390,https://fbref.com/en/players/0420d84f/Seamus-Coleman
Danny Collins,26183,https://www.transfermarkt.com/danny-collins/profil/spieler/26183,https://fbref.com/en/players/b89cd819/Danny-Collins
James Collins,12691,https://www.transfermarkt.com/james-collins/profil/spieler/12691,https://fbref.com/en/players/95471a13/James-Collins
Jack Collison,61568,https://www.transfermarkt.com/jack-collison/profil/spieler/61568,https://fbref.com/en/players/0566f8a9/Jack-Collison
Fabricio Coloccini,6150,https://www.transfermarkt.com/fabricio-coloccini/profil/spieler/6150,https://fbref.com/en/players/78b3399f/Fabricio-Coloccini
Jordan Cook,61646,https://www.transfermarkt.com/jordan-cook/profil/spieler/61646,https://fbref.com/en/players/28a7e81c/Jordan-Cook
Vedran Ćorluka,34393,https://www.transfermarkt.com/vedran-orluka/profil/spieler/34393,https://fbref.com/en/players/6ceef869/Vedran-Corluka
Manuel da Costa,37398,https://www.transfermarkt.com/manuel-da-costa/profil/spieler/37398,https://fbref.com/en/players/50e14b3c/Manuel-da-Costa
Simon Cox,37150,https://www.transfermarkt.com/simon-cox/profil/spieler/37150,https://fbref.com/en/players/6124c209/Simon-Cox
Jody Craddock,4129,https://www.transfermarkt.com/jody-craddock/profil/spieler/4129,https://fbref.com/en/players/573e5dd2/Jody-Craddock
Stephen Crainey,9499,https://www.transfermarkt.com/stephen-crainey/profil/spieler/9499,https://fbref.com/en/players/2f6dd6a3/Stephen-Crainey
Peter Crouch,4072,https://www.transfermarkt.com/peter-crouch/profil/spieler/4072,https://fbref.com/en/players/73d9bdc7/Peter-Crouch
Carlo Cudicini,3151,https://www.transfermarkt.com/carlo-cudicini/profil/spieler/3151,https://fbref.com/en/players/df77463a/Carlo-Cudicini
Carlos Cuéllar,16576,https://www.transfermarkt.com/carlos-cullar/profil/spieler/16576,https://fbref.com/en/players/1222ab35/Carlos-Cuellar
Scott Dann,62688,https://www.transfermarkt.com/scott-dann/profil/spieler/62688,https://fbref.com/en/players/52105203/Scott-Dann
Curtis Davies,18227,https://www.transfermarkt.com/curtis-davies/profil/spieler/18227,https://fbref.com/en/players/607fb965/Curtis-Davies
Kevin Davies,4114,https://www.transfermarkt.com/kevin-davies/profil/spieler/4114,https://fbref.com/en/players/2f726a89/Kevin-Davies
Mark Davies,36917,https://www.transfermarkt.com/mark-davies/profil/spieler/36917,https://fbref.com/en/players/3de91e73/Mark-Davies
Simon Davies,4056,https://www.transfermarkt.com/simon-davies/profil/spieler/4056,https://fbref.com/en/players/522b6d6c/Simon-Davies
Michael Dawson,9988,https://www.transfermarkt.com/michael-dawson/profil/spieler/9988,https://fbref.com/en/players/4771114f/Michael-Dawson
Jermain Defoe,3875,https://www.transfermarkt.com/jermain-defoe/profil/spieler/3875,https://fbref.com/en/players/f1e8372d/Jermain-Defoe
Rory Delap,610849,https://www.transfermarkt.com/rory-delap/profil/spieler/610849,https://fbref.com/en/players/9b0dac73/Rory-Delap
Nathan Delfouneso,62642,https://www.transfermarkt.com/nathan-delfouneso/profil/spieler/62642,https://fbref.com/en/players/49ae4072/Nathan-Delfouneso
Fabian Delph,50362,https://www.transfermarkt.com/fabian-delph/profil/spieler/50362,https://fbref.com/en/players/111c3236/Fabian-Delph
Mousa Dembélé,19368,https://www.transfermarkt.com/mousa-dembl/profil/spieler/19368,https://fbref.com/en/players/f7ee69fb/Mousa-Dembele
Ishmel Demontagnac,42188,https://www.transfermarkt.com/ishmel-demontagnac/profil/spieler/42188,https://fbref.com/en/players/81c7d697/Ishmel-Demontagnac
Clint Dempsey,27577,https://www.transfermarkt.com/clint-dempsey/profil/spieler/27577,https://fbref.com/en/players/523d9de6/Clint-Dempsey
Denílson,7660,https://www.transfermarkt.com/denlson/profil/spieler/7660,https://fbref.com/en/players/87582241/Denilson
Edwin van der Sar,3516,https://www.transfermarkt.com/edwin-van-der-sar/profil/spieler/3516,https://fbref.com/en/players/98ee8a67/Edwin-van-der-Sar
Rafael van der Vaart,4192,https://www.transfermarkt.com/rafael-van-der-vaart/profil/spieler/4192,https://fbref.com/en/players/41473b67/Rafael-van-der-Vaart
Matt Derbyshire,15175,https://www.transfermarkt.com/matt-derbyshire/profil/spieler/15175,https://fbref.com/en/players/193ed0c0/Matt-Derbyshire
Franco Di Santo,59783,https://www.transfermarkt.com/franco-di-santo/profil/spieler/59783,https://fbref.com/en/players/549c6ba7/Franco-Di-Santo
Abou Diaby,26763,https://www.transfermarkt.com/abou-diaby/profil/spieler/26763,https://fbref.com/en/players/8c8b5071/Abou-Diaby
Alessandro Diamanti,23197,https://www.transfermarkt.com/alessandro-diamanti/profil/spieler/23197,https://fbref.com/en/players/cb5af1af/Alessandro-Diamanti
Mohamed Diamé,70950,https://www.transfermarkt.com/mohamed-diam/profil/spieler/70950,https://fbref.com/en/players/b7d082af/Mohamed-Diame
Salif Diao,3600,https://www.transfermarkt.com/salif-diao/profil/spieler/3600,https://fbref.com/en/players/acc326da/Salif-Diao
Kagisho Dikgacoi,63285,https://www.transfermarkt.com/kagisho-dikgacoi/profil/spieler/63285,https://fbref.com/en/players/701d7cac/Kagisho-Dikgacoi
Sylvain Distin,3356,https://www.transfermarkt.com/sylvain-distin/profil/spieler/3356,https://fbref.com/en/players/002d06bb/Sylvain-Distin
Johan Djourou,34561,https://www.transfermarkt.com/johan-djourou/profil/spieler/34561,https://fbref.com/en/players/b8673e18/Johan-Djourou
Graham Dorrans,36608,https://www.transfermarkt.com/graham-dorrans/profil/spieler/36608,https://fbref.com/en/players/eeb032db/Graham-Dorrans
Giovani dos Santos,44674,https://www.transfermarkt.com/giovani-dos-santos/profil/spieler/44674,https://fbref.com/en/players/7dba6233/Giovani-dos-Santos
Stewart Downing,4063,https://www.transfermarkt.com/stewart-downing/profil/spieler/4063,https://fbref.com/en/players/b13c4620/Stewart-Downing
Colin Doyle,28728,https://www.transfermarkt.com/colin-doyle/profil/spieler/28728,https://fbref.com/en/players/93b41c46/Colin-Doyle
Kevin Doyle,35193,https://www.transfermarkt.com/kevin-doyle/profil/spieler/35193,https://fbref.com/en/players/c4689de2/Kevin-Doyle
Didier Drogba,3924,https://www.transfermarkt.com/didier-drogba/profil/spieler/3924,https://fbref.com/en/players/945dea33/Didier-Drogba
Damien Duff,3259,https://www.transfermarkt.com/damien-duff/profil/spieler/3259,https://fbref.com/en/players/057a6936/Damien-Duff
David Dunn,4243,https://www.transfermarkt.com/david-dunn/profil/spieler/4243,https://fbref.com/en/players/7ecdf483/David-Dunn
Richard Dunne,3807,https://www.transfermarkt.com/richard-dunne/profil/spieler/3807,https://fbref.com/en/players/6cbc015d/Richard-Dunne
Kieron Dyer,3118,https://www.transfermarkt.com/kieron-dyer/profil/spieler/3118,https://fbref.com/en/players/90b5a2f2/Kieron-Dyer
Edin Džeko,28396,https://www.transfermarkt.com/edin-deko/profil/spieler/28396,https://fbref.com/en/players/3bb7f478/Edin-Dzeko
Neal Eardley,49428,https://www.transfermarkt.com/neal-eardley/profil/spieler/49428,https://fbref.com/en/players/2bb4411f/Neal-Eardley
Sylvan Ebanks-Blake,27621,https://www.transfermarkt.com/sylvan-ebanks-blake/profil/spieler/27621,https://fbref.com/en/players/9dfe6a3f/Sylvan-Ebanks-Blake
Emmanuel Eboué,13058,https://www.transfermarkt.com/emmanuel-ebou/profil/spieler/13058,https://fbref.com/en/players/1bfae04c/Emmanuel-Eboue
Nathan Eccleston,88983,https://www.transfermarkt.com/nathan-eccleston/profil/spieler/88983,https://fbref.com/en/players/5d83b302/Nathan-Eccleston
David Edwards,54949,https://www.transfermarkt.com/david-edwards/profil/spieler/54949,https://fbref.com/en/players/9961eefb/David-Edwards
Rob Edwards,4068,https://www.transfermarkt.com/rob-edwards/profil/spieler/4068,https://fbref.com/en/players/c1b6c33b/Rob-Edwards
Johan Elmander,4383,https://www.transfermarkt.com/johan-elmander/profil/spieler/4383,https://fbref.com/en/players/3438cef9/Johan-Elmander
Ahmed Elmohamady,66333,https://www.transfermarkt.com/ahmed-elmohamady/profil/spieler/66333,https://fbref.com/en/players/615ef733/Ahmed-Elmohamady
George Elokobi,42048,https://www.transfermarkt.com/george-elokobi/profil/spieler/42048,https://fbref.com/en/players/36aad3ed/George-Elokobi
Brett Emerton,4367,https://www.transfermarkt.com/brett-emerton/profil/spieler/4367,https://fbref.com/en/players/a1866af0/Brett-Emerton
Jay Emmanuel-Thomas,27969,https://www.transfermarkt.com/jay-emmanuel-thomas/profil/spieler/27969,https://fbref.com/en/players/b5f1c3c8/Jay-Emmanuel-Thomas
José Enrique,35571,https://www.transfermarkt.com/jos-enrique/profil/spieler/35571,https://fbref.com/en/players/d56364d5/Jose-Enrique
Michael Essien,5588,https://www.transfermarkt.com/michael-essien/profil/spieler/5588,https://fbref.com/en/players/d6577282/Michael-Essien
Matthew Etherington,3788,https://www.transfermarkt.com/matthew-etherington/profil/spieler/3788,https://fbref.com/en/players/ef616df9/Matthew-Etherington
Dickson Etuhu,14011,https://www.transfermarkt.com/dickson-etuhu/profil/spieler/14011,https://fbref.com/en/players/0f04d7b6/Dickson-Etuhu
Jason Euell,3092,https://www.transfermarkt.com/jason-euell/profil/spieler/3092,https://fbref.com/en/players/d97fe8bd/Jason-Euell
Jonny Evans,42412,https://www.transfermarkt.com/jonny-evans/profil/spieler/42412,https://fbref.com/en/players/f8fcd2a5/Jonny-Evans
Ian Evatt,37127,https://www.transfermarkt.com/ian-evatt/profil/spieler/37127,https://fbref.com/en/players/749bcfb8/Ian-Evatt
Patrice Evra,5285,https://www.transfermarkt.com/patrice-evra/profil/spieler/5285,https://fbref.com/en/players/51a3caf1/Patrice-Evra
Łukasz Fabiański,29692,https://www.transfermarkt.com/ukasz-fabiaski/profil/spieler/29692,https://fbref.com/en/players/9328b835/Lukasz-Fabianski
Fábio,5775,https://www.transfermarkt.com/fbio/profil/spieler/5775,https://fbref.com/en/players/0555525f/Fabio-Simplicio
Cesc Fàbregas,8806,https://www.transfermarkt.com/cesc-fbregas/profil/spieler/8806,https://fbref.com/en/players/33508c78/Cesc-Fabregas
Keith Fahey,29878,https://www.transfermarkt.com/keith-fahey/profil/spieler/29878,https://fbref.com/en/players/e4def09b/Keith-Fahey
Julien Faubert,18093,https://www.transfermarkt.com/julien-faubert/profil/spieler/18093,https://fbref.com/en/players/525642e0/Julien-Faubert
Abdoulaye Faye,6107,https://www.transfermarkt.com/abdoulaye-faye/profil/spieler/6107,https://fbref.com/en/players/99df1bff/Abdoulaye-Faye
Marouane Fellaini,39679,https://www.transfermarkt.com/marouane-fellaini/profil/spieler/39679,https://fbref.com/en/players/87575fd9/Marouane-Fellaini
Anton Ferdinand,3698,https://www.transfermarkt.com/anton-ferdinand/profil/spieler/3698,https://fbref.com/en/players/d1891093/Anton-Ferdinand
Rio Ferdinand,3235,https://www.transfermarkt.com/rio-ferdinand/profil/spieler/3235,https://fbref.com/en/players/52465662/Rio-Ferdinand
Barry Ferguson,10251,https://www.transfermarkt.com/barry-ferguson/profil/spieler/10251,https://fbref.com/en/players/43420ade/Barry-Ferguson
Shane Ferguson,62052,https://www.transfermarkt.com/shane-ferguson/profil/spieler/62052,https://fbref.com/en/players/a0f6ddc3/Shane-Ferguson
Paulo Ferreira,9832,https://www.transfermarkt.com/paulo-ferreira/profil/spieler/9832,https://fbref.com/en/players/5bb53020/Leonidas-Ferreira-de-Paulo-Junior
Maynor Figueroa,62240,https://www.transfermarkt.com/maynor-figueroa/profil/spieler/62240,https://fbref.com/en/players/d8524b21/Maynor-Figueroa
Jon Flanagan,145922,https://www.transfermarkt.com/jon-flanagan/profil/spieler/145922,https://fbref.com/en/players/f2428fd4/Jon-Flanagan
Darren Fletcher,3547,https://www.transfermarkt.com/darren-fletcher/profil/spieler/3547,https://fbref.com/en/players/184e4970/Darren-Fletcher
Steven Fletcher,35099,https://www.transfermarkt.com/steven-fletcher/profil/spieler/35099,https://fbref.com/en/players/2c9c3502/Steven-Fletcher
Kevin Foley,33491,https://www.transfermarkt.com/kevin-foley/profil/spieler/33491,https://fbref.com/en/players/11b3d067/Kevin-Foley
Adam Forshaw,121257,https://www.transfermarkt.com/adam-forshaw/profil/spieler/121257,https://fbref.com/en/players/9f1938ab/Adam-Forshaw
Marc-Antoine Fortuné,5652,https://www.transfermarkt.com/marc-antoine-fortun/profil/spieler/5652,https://fbref.com/en/players/402077cd/Marc-Antoine-Fortune
Ben Foster,13572,https://www.transfermarkt.com/ben-foster/profil/spieler/13572,https://fbref.com/en/players/d0b3ceb9/Ben-Foster
Brad Friedel,3476,https://www.transfermarkt.com/brad-friedel/profil/spieler/3476,https://fbref.com/en/players/b8c0a975/Brad-Friedel
Ricardo Fuller,14014,https://www.transfermarkt.com/ricardo-fuller/profil/spieler/14014,https://fbref.com/en/players/c764fa54/Ricardo-Fuller
Danny Gabbidon,12709,https://www.transfermarkt.com/danny-gabbidon/profil/spieler/12709,https://fbref.com/en/players/90148433/Danny-Gabbidon
William Gallas,3156,https://www.transfermarkt.com/william-gallas/profil/spieler/3156,https://fbref.com/en/players/286fb7e0/William-Gallas
Morten Gamst Pedersen,22741,https://www.transfermarkt.com/morten-gamst-pedersen/profil/spieler/22741,https://fbref.com/en/players/c75d2fba/Morten-Gamst-Pedersen
Craig Gardner,37171,https://www.transfermarkt.com/craig-gardner/profil/spieler/37171,https://fbref.com/en/players/1117b9ff/Craig-Gardner
Ricardo Gardner,6264,https://www.transfermarkt.com/ricardo-gardner/profil/spieler/6264,https://fbref.com/en/players/b6a1eaa0/Ricardo-Gardner
Zoltán Gera,18324,https://www.transfermarkt.com/zoltn-gera/profil/spieler/18324,https://fbref.com/en/players/08bd23a0/Zoltan-Gera
Steven Gerrard,3109,https://www.transfermarkt.com/steven-gerrard/profil/spieler/3109,https://fbref.com/en/players/caeb5442/Steven-Gerrard
Kieran Gibbs,44792,https://www.transfermarkt.com/kieran-gibbs/profil/spieler/44792,https://fbref.com/en/players/46ee5234/Kieran-Gibbs
Darron Gibson,42413,https://www.transfermarkt.com/darron-gibson/profil/spieler/42413,https://fbref.com/en/players/f0e72e1c/Darron-Gibson
Ryan Giggs,3406,https://www.transfermarkt.com/ryan-giggs/profil/spieler/3406,https://fbref.com/en/players/561de8d0/Ryan-Giggs
Matt Gilks,48254,https://www.transfermarkt.com/matt-gilks/profil/spieler/48254,https://fbref.com/en/players/49b8c292/Matt-Gilks
Gaël Givet,5286,https://www.transfermarkt.com/gal-givet/profil/spieler/5286,https://fbref.com/en/players/6d28f149/Gael-Givet
Steve Gohouri,19857,https://www.transfermarkt.com/steve-gohouri/profil/spieler/19857,https://fbref.com/en/players/0d058ab8/Steve-Gohouri
Heurelho Gomes,19059,https://www.transfermarkt.com/heurelho-gomes/profil/spieler/19059,https://fbref.com/en/players/d596e193/Heurelho-Gomes
Jordi Gómez,39010,https://www.transfermarkt.com/jordi-gmez/profil/spieler/39010,https://fbref.com/en/players/d92b0327/Jordi-Gomez
Craig Gordon,12589,https://www.transfermarkt.com/craig-gordon/profil/spieler/12589,https://fbref.com/en/players/b15780e3/Craig-Gordon
Dan Gosling,44983,https://www.transfermarkt.com/dan-gosling/profil/spieler/44983,https://fbref.com/en/players/7fec31a0/Dan-Gosling
Hérold Goulon,41978,https://www.transfermarkt.com/hrold-goulon/profil/spieler/41978,https://fbref.com/en/players/e818c267/Herold-Goulon
Elliot Grandin,56785,https://www.transfermarkt.com/elliot-grandin/profil/spieler/56785,https://fbref.com/en/players/ddbf3019/Elliot-Grandin
Robert Green,11680,https://www.transfermarkt.com/robert-green/profil/spieler/11680,https://fbref.com/en/players/a350680b/Robert-Green
Jonathan Greening,3865,https://www.transfermarkt.com/jonathan-greening/profil/spieler/3865,https://fbref.com/en/players/892c1d7a/Jonathan-Greening
Vince Grella,6021,https://www.transfermarkt.com/vince-grella/profil/spieler/6021,https://fbref.com/en/players/db61f587/Vince-Grella
Adlène Guedioura,74768,https://www.transfermarkt.com/adlne-guedioura/profil/spieler/74768,https://fbref.com/en/players/f75825e3/Adlene-Guedioura
Magaye Gueye,91956,https://www.transfermarkt.com/magaye-gueye/profil/spieler/91956,https://fbref.com/en/players/82b85f5a/Magaye-Gueye
Danny Guthrie,16716,https://www.transfermarkt.com/danny-guthrie/profil/spieler/16716,https://fbref.com/en/players/fff10a46/Danny-Guthrie
Jonás Gutiérrez,26443,https://www.transfermarkt.com/jons-gutirrez/profil/spieler/26443,https://fbref.com/en/players/816fd91c/Jonas-Gutierrez
Eiður Guðjohnsen,3176,https://www.transfermarkt.com/eiur-gujohnsen/profil/spieler/3176,https://fbref.com/en/players/32fc9ff2/Eidur-Gudjohnsen
Asamoah Gyan,26802,https://www.transfermarkt.com/asamoah-gyan/profil/spieler/26802,https://fbref.com/en/players/7f7bbbc2/Asamoah-Gyan
Ali Al-Habsi,26633,https://www.transfermarkt.com/ali-al-habsi/profil/spieler/26633,https://fbref.com/en/players/032f766b/Ali-Al-Habsi
El Hadji Diouf,54432,https://www.transfermarkt.com/el-hadji-diouf/profil/spieler/54432,https://fbref.com/en/players/1a4542c8/El-Hadji-Diouf
Marcus Hahnemann,4140,https://www.transfermarkt.com/marcus-hahnemann/profil/spieler/4140,https://fbref.com/en/players/c6be3102/Marcus-Hahnemann
Greg Halford,42062,https://www.transfermarkt.com/greg-halford/profil/spieler/42062,https://fbref.com/en/players/06d45e81/Greg-Halford
Rafik Halliche,67815,https://www.transfermarkt.com/rafik-halliche/profil/spieler/67815,https://fbref.com/en/players/ecb2f4e3/Rafik-Halliche
Mark Halstead,99972,https://www.transfermarkt.com/mark-halstead/profil/spieler/99972,https://fbref.com/en/players/ff36c850/Mark-Halstead
Adam Hammill,38091,https://www.transfermarkt.com/adam-hammill/profil/spieler/38091,https://fbref.com/en/players/ffd4896e/Adam-Hammill
Brede Hangeland,25553,https://www.transfermarkt.com/brede-hangeland/profil/spieler/25553,https://fbref.com/en/players/7cbeb80c/Brede-Hangeland
Grant Hanley,121385,https://www.transfermarkt.com/grant-hanley/profil/spieler/121385,https://fbref.com/en/players/e9254eec/Grant-Hanley
Marlon Harewood,10011,https://www.transfermarkt.com/marlon-harewood/profil/spieler/10011,https://fbref.com/en/players/34dab521/Marlon-Harewood
Owen Hargreaves,201,https://www.transfermarkt.com/owen-hargreaves/profil/spieler/201,https://fbref.com/en/players/1b2b5b86/Owen-Hargreaves
Steve Harper,3562,https://www.transfermarkt.com/steve-harper/profil/spieler/3562,https://fbref.com/en/players/a98f1d52/Steve-Harper
Joe Hart,40204,https://www.transfermarkt.com/joe-hart/profil/spieler/40204,https://fbref.com/en/players/cb4f24c6/Joe-Hart
John Heitinga,4315,https://www.transfermarkt.com/john-heitinga/profil/spieler/4315,https://fbref.com/en/players/2661360d/John-Heitinga
Bjørn Helge Riise,13485,https://www.transfermarkt.com/bjrn-helge-riise/profil/spieler/13485,https://fbref.com/en/players/831674a5/Bjorn-Helge-Riise
Jordan Henderson,61651,https://www.transfermarkt.com/jordan-henderson/profil/spieler/61651,https://fbref.com/en/players/935e6b8f/Jordan-Henderson
Wayne Hennessey,45494,https://www.transfermarkt.com/wayne-hennessey/profil/spieler/45494,https://fbref.com/en/players/76eca7e2/Wayne-Hennessey
Karl Henry,13582,https://www.transfermarkt.com/karl-henry/profil/spieler/13582,https://fbref.com/en/players/5eac3bb7/Karl-Henry
Chris Herd,61572,https://www.transfermarkt.com/chris-herd/profil/spieler/61572,https://fbref.com/en/players/3d5db1eb/Chris-Herd
Javier Hernández,50935,https://www.transfermarkt.com/javier-hernndez/profil/spieler/50935,https://fbref.com/en/players/b68138a8/Javier-Hernandez
Emile Heskey,3142,https://www.transfermarkt.com/emile-heskey/profil/spieler/3142,https://fbref.com/en/players/30184789/Emile-Heskey
Tony Hibbert,3614,https://www.transfermarkt.com/tony-hibbert/profil/spieler/3614,https://fbref.com/en/players/c878c4bf/Tony-Hibbert
Danny Higginbotham,3686,https://www.transfermarkt.com/danny-higginbotham/profil/spieler/3686,https://fbref.com/en/players/688135a1/Danny-Higginbotham
Zavon Hines,67081,https://www.transfermarkt.com/zavon-hines/profil/spieler/67081,https://fbref.com/en/players/29b8c15b/Zavon-Hines
Thomas Hitzlsperger,1573,https://www.transfermarkt.com/thomas-hitzlsperger/profil/spieler/1573,https://fbref.com/en/players/2757060a/Thomas-Hitzlsperger
Alexander Hleb,597,https://www.transfermarkt.com/alexander-hleb/profil/spieler/597,https://fbref.com/en/players/35cf43aa/Alexander-Hleb
Jonathan Hogg,61573,https://www.transfermarkt.com/jonathan-hogg/profil/spieler/61573,https://fbref.com/en/players/9306d5ea/Jonathan-Hogg
Junior Hoilett,58993,https://www.transfermarkt.com/junior-hoilett/profil/spieler/58993,https://fbref.com/en/players/33af5b9e/Junior-Hoilett
Stuart Holden,30071,https://www.transfermarkt.com/stuart-holden/profil/spieler/30071,https://fbref.com/en/players/b8e24504/Stuart-Holden
Tim Howard,4267,https://www.transfermarkt.com/tim-howard/profil/spieler/4267,https://fbref.com/en/players/c444465e/Tim-Howard
Tom Huddlestone,13465,https://www.transfermarkt.com/tom-huddlestone/profil/spieler/13465,https://fbref.com/en/players/464cbbc9/Tom-Huddlestone
Aaron Hughes,3580,https://www.transfermarkt.com/aaron-hughes/profil/spieler/3580,https://fbref.com/en/players/dccccccc/Aaron-Hughes
Stephen Hunt,36799,https://www.transfermarkt.com/stephen-hunt/profil/spieler/36799,https://fbref.com/en/players/51ac7604/Stephen-Hunt
James Hurst,110863,https://www.transfermarkt.com/james-hurst/profil/spieler/110863,https://fbref.com/en/players/a59de39b/James-Hurst
Robert Huth,2998,https://www.transfermarkt.com/robert-huth/profil/spieler/2998,https://fbref.com/en/players/0bd1ea64/Robert-Huth
Alan Hutton,9619,https://www.transfermarkt.com/alan-hutton/profil/spieler/9619,https://fbref.com/en/players/688ae34c/Alan-Hutton
Pablo Ibáñez,8116,https://www.transfermarkt.com/pablo-ibez/profil/spieler/8116,https://fbref.com/en/players/23ca89f2/Pablo-Ibanez
Hérita Ilunga,17432,https://www.transfermarkt.com/hrita-ilunga/profil/spieler/17432,https://fbref.com/en/players/1550f0e0/Herita-Ilunga
Stephen Ireland,34838,https://www.transfermarkt.com/stephen-ireland/profil/spieler/34838,https://fbref.com/en/players/bcf30f17/Stephen-Ireland
Branislav Ivanović,36827,https://www.transfermarkt.com/branislav-ivanovi/profil/spieler/36827,https://fbref.com/en/players/85f8571a/Branislav-Ivanovic
Jussi Jääskeläinen,3692,https://www.transfermarkt.com/jussi-jskelinen/profil/spieler/3692,https://fbref.com/en/players/340d2a24/Jussi-Jaaskelainen
Lars Jacobsen,1423,https://www.transfermarkt.com/lars-jacobsen/profil/spieler/1423,https://fbref.com/en/players/bef72e41/Lars-Jacobsen
Phil Jagielka,13520,https://www.transfermarkt.com/phil-jagielka/profil/spieler/13520,https://fbref.com/en/players/3233eefd/Phil-Jagielka
Gonzalo Jara,40429,https://www.transfermarkt.com/gonzalo-jara/profil/spieler/40429,https://fbref.com/en/players/9b1b4782/Gonzalo-Jara
Matthew Jarvis,15921,https://www.transfermarkt.com/matthew-jarvis/profil/spieler/15921,https://fbref.com/en/players/02d6d2b4/Matthew-Jarvis
Jermaine Jenas,3461,https://www.transfermarkt.com/jermaine-jenas/profil/spieler/3461,https://fbref.com/en/players/3149f712/Jermaine-Jenas
Cameron Jerome,35855,https://www.transfermarkt.com/cameron-jerome/profil/spieler/35855,https://fbref.com/en/players/680fb5ee/Cameron-Jerome
Park Ji-sung,4592,https://www.transfermarkt.com/park-ji-sung/profil/spieler/4592,https://fbref.com/en/players/3de4cb30/Park-Ji-sung
Martin Jiránek,6065,https://www.transfermarkt.com/martin-jirnek/profil/spieler/6065,https://fbref.com/en/players/eb005dc3/Martin-Jiranek
Jô,34156,https://www.transfermarkt.com/j/profil/spieler/34156,Not found
Adam Johnson,31579,https://www.transfermarkt.com/adam-johnson/profil/spieler/31579,https://fbref.com/en/players/1ba61951/Adam-Johnson
Andrew Johnson,14031,https://www.transfermarkt.com/andrew-johnson/profil/spieler/14031,https://fbref.com/en/players/facd1b3e/Andrew-Johnson
Eddie Johnson,38773,https://www.transfermarkt.com/eddie-johnson/profil/spieler/38773,https://fbref.com/en/players/391c966a/Eddie-Johnson
Glen Johnson,3881,https://www.transfermarkt.com/glen-johnson/profil/spieler/3881,https://fbref.com/en/players/8cceca90/Glen-Johnson
Roger Johnson,42751,https://www.transfermarkt.com/roger-johnson/profil/spieler/42751,https://fbref.com/en/players/f6e08a82/Roger-Johnson
David Jones,24634,https://www.transfermarkt.com/david-jones/profil/spieler/24634,https://fbref.com/en/players/2f0edbe7/David-Jones
Jermaine Jones,1321,https://www.transfermarkt.com/jermaine-jones/profil/spieler/1321,https://fbref.com/en/players/0c577541/Jermaine-Jones
Kenwyne Jones,28245,https://www.transfermarkt.com/kenwyne-jones/profil/spieler/28245,https://fbref.com/en/players/5f3b634e/Kenwyne-Jones
Phil Jones,117996,https://www.transfermarkt.com/phil-jones/profil/spieler/117996,https://fbref.com/en/players/def899bd/Phil-Jones
Nigel de Jong,4672,https://www.transfermarkt.com/nigel-de-jong/profil/spieler/4672,https://fbref.com/en/players/a0e209bc/Nigel-de-Jong
Milan Jovanović,14933,https://www.transfermarkt.com/milan-jovanovi/profil/spieler/14933,https://fbref.com/en/players/bd89b75e/Milan-Jovanovic
Younès Kaboul,27114,https://www.transfermarkt.com/youns-kaboul/profil/spieler/27114,https://fbref.com/en/players/3680d723/Younes-Kaboul
Gaël Kakuta,74297,https://www.transfermarkt.com/gal-kakuta/profil/spieler/74297,https://fbref.com/en/players/5b1bf5e3/Gael-Kakuta
Nikola Kalinić,36371,https://www.transfermarkt.com/nikola-kalini/profil/spieler/36371,https://fbref.com/en/players/d4931a5a/Nikola-Kalinic
Salomon Kalou,7971,https://www.transfermarkt.com/salomon-kalou/profil/spieler/7971,https://fbref.com/en/players/2042d931/Salomon-Kalou
Diomansy Kamara,6053,https://www.transfermarkt.com/diomansy-kamara/profil/spieler/6053,https://fbref.com/en/players/71e8454e/Diomansy-Kamara
Robbie Keane,3144,https://www.transfermarkt.com/robbie-keane/profil/spieler/3144,https://fbref.com/en/players/f45e1bb2/Robbie-Keane
Dekel Keinan,24476,https://www.transfermarkt.com/dekel-keinan/profil/spieler/24476,https://fbref.com/en/players/8e3c9fb3/Dekel-Keinan
Martin Kelly,78959,https://www.transfermarkt.com/martin-kelly/profil/spieler/78959,https://fbref.com/en/players/d7492450/Martin-Kelly
Stephen Kelly,12125,https://www.transfermarkt.com/stephen-kelly/profil/spieler/12125,https://fbref.com/en/players/4d7dd756/Stephen-Kelly
Andy Keogh,29419,https://www.transfermarkt.com/andy-keogh/profil/spieler/29419,https://fbref.com/en/players/c7e84594/Andy-Keogh
Michael Kightly,25366,https://www.transfermarkt.com/michael-kightly/profil/spieler/25366,https://fbref.com/en/players/26e5c484/Michael-Kightly
Ledley King,3360,https://www.transfermarkt.com/ledley-king/profil/spieler/3360,https://fbref.com/en/players/83ca192d/Ledley-King
Richard Kingson,7125,https://www.transfermarkt.com/richard-kingson/profil/spieler/7125,https://fbref.com/en/players/05380aa0/Richard-Kingson
Chris Kirkland,3219,https://www.transfermarkt.com/chris-kirkland/profil/spieler/3219,https://fbref.com/en/players/710265d2/Chris-Kirkland
Ivan Klasnić,690,https://www.transfermarkt.com/ivan-klasni/profil/spieler/690,https://fbref.com/en/players/214ed478/Ivan-Klasnic
Zat Knight,4012,https://www.transfermarkt.com/zat-knight/profil/spieler/4012,https://fbref.com/en/players/607efc45/Zat-Knight
Aleksandar Kolarov,46156,https://www.transfermarkt.com/aleksandar-kolarov/profil/spieler/46156,https://fbref.com/en/players/eda40760/Aleksandar-Kolarov
Vincent Kompany,9594,https://www.transfermarkt.com/vincent-kompany/profil/spieler/9594,https://fbref.com/en/players/d2bff301/Vincent-Kompany
Paul Konchesky,3296,https://www.transfermarkt.com/paul-konchesky/profil/spieler/3296,https://fbref.com/en/players/941bcf75/Paul-Konchesky
Sergei Kornilenko,15881,https://www.transfermarkt.com/sergei-kornilenko/profil/spieler/15881,https://fbref.com/en/players/be1797d6/Sergei-Kornilenko
Laurent Koscielny,76277,https://www.transfermarkt.com/laurent-koscielny/profil/spieler/76277,https://fbref.com/en/players/f5efb153/Laurent-Koscielny
Radoslav Kováč,9702,https://www.transfermarkt.com/radoslav-kov/profil/spieler/9702,https://fbref.com/en/players/cf3f2f6d/Radoslav-Kovac
Niko Kranjčar,16746,https://www.transfermarkt.com/niko-kranjar/profil/spieler/16746,https://fbref.com/en/players/403d2184/Niko-Kranjcar
Tim Krul,33027,https://www.transfermarkt.com/tim-krul/profil/spieler/33027,https://fbref.com/en/players/f23f9d20/Tim-Krul
Shefki Kuqi,12398,https://www.transfermarkt.com/shefki-kuqi/profil/spieler/12398,https://fbref.com/en/players/1e05027f/Shefki-Kuqi
Tomasz Kuszczak,1320,https://www.transfermarkt.com/tomasz-kuszczak/profil/spieler/1320,https://fbref.com/en/players/a924380b/Tomasz-Kuszczak
Dirk Kuyt,4010,https://www.transfermarkt.com/dirk-kuyt/profil/spieler/4010,https://fbref.com/en/players/cd53ecf4/Dirk-Kuyt
Sotirios Kyrgiakos,9706,https://www.transfermarkt.com/sotirios-kyrgiakos/profil/spieler/9706,https://fbref.com/en/players/2bc82fdc/Sotirios-Kyrgiakos
Louis Laing,110865,https://www.transfermarkt.com/louis-laing/profil/spieler/110865,https://fbref.com/en/players/827ae666/Louis-Laing
Frank Lampard,3163,https://www.transfermarkt.com/frank-lampard/profil/spieler/3163,https://fbref.com/en/players/268df6b1/Frank-Lampard
Sebastian Larsson,31720,https://www.transfermarkt.com/sebastian-larsson/profil/spieler/31720,https://fbref.com/en/players/b26efc36/Sebastian-Larsson
Jens Lehmann,122,https://www.transfermarkt.com/jens-lehmann/profil/spieler/122,https://fbref.com/en/players/d1ca1129/Jens-Lehmann
Lucas Leiva,41414,https://www.transfermarkt.com/lucas-leiva/profil/spieler/41414,https://fbref.com/en/players/4c78b5ed/Lucas-Leiva
Aaron Lennon,14221,https://www.transfermarkt.com/aaron-lennon/profil/spieler/14221,https://fbref.com/en/players/2ff964a0/Aaron-Lennon
Joleon Lescott,4241,https://www.transfermarkt.com/joleon-lescott/profil/spieler/4241,https://fbref.com/en/players/62393d3b/Joleon-Lescott
Eric Lichaj,61575,https://www.transfermarkt.com/eric-lichaj/profil/spieler/61575,https://fbref.com/en/players/7636a420/Eric-Lichaj
Amine Linganzi,88596,https://www.transfermarkt.com/amine-linganzi/profil/spieler/88596,https://fbref.com/en/players/e465378c/Amine-Linganzi
Adrián López,45383,https://www.transfermarkt.com/adrin-lpez/profil/spieler/45383,https://fbref.com/en/players/88a359d4/Adrian-Lopez
Jason Lowe,117997,https://www.transfermarkt.com/jason-lowe/profil/spieler/117997,https://fbref.com/en/players/e000b843/Jason-Lowe
Kazenga LuaLua,52576,https://www.transfermarkt.com/kazenga-lualua/profil/spieler/52576,https://fbref.com/en/players/d732d28a/Kazenga-LuaLua
David Luiz,46741,https://www.transfermarkt.com/david-luiz/profil/spieler/46741,https://fbref.com/en/players/c0e27d1a/David-Luiz
Craig Lynch,121334,https://www.transfermarkt.com/craig-lynch/profil/spieler/121334,https://fbref.com/en/players/243a84ca/Craig-Lynch
Peter Løvenkrands,9620,https://www.transfermarkt.com/peter-lvenkrands/profil/spieler/9620,https://fbref.com/en/players/609f6984/Peter-Lovenkrands
Federico Macheda,61887,https://www.transfermarkt.com/federico-macheda/profil/spieler/61887,https://fbref.com/en/players/e14daddc/Federico-Macheda
Jean Makoun,5648,https://www.transfermarkt.com/jean-makoun/profil/spieler/5648,https://fbref.com/en/players/728c9139/Jean-Makoun
Steed Malbranque,3569,https://www.transfermarkt.com/steed-malbranque/profil/spieler/3569,https://fbref.com/en/players/e3df61bc/Steed-Malbranque
Florent Malouda,5461,https://www.transfermarkt.com/florent-malouda/profil/spieler/5461,https://fbref.com/en/players/6fe6d820/Florent-Malouda
Michael Mancienne,38100,https://www.transfermarkt.com/michael-mancienne/profil/spieler/38100,https://fbref.com/en/players/2db3ae0a/Michael-Mancienne
Obafemi Martins,5794,https://www.transfermarkt.com/obafemi-martins/profil/spieler/5794,https://fbref.com/en/players/70849fc2/Obafemi-Martins
Javier Mascherano,19981,https://www.transfermarkt.com/javier-mascherano/profil/spieler/19981,https://fbref.com/en/players/5070881b/Javier-Mascherano
James McArthur,41416,https://www.transfermarkt.com/james-mcarthur/profil/spieler/41416,https://fbref.com/en/players/cee31595/James-McArthur
Benni McCarthy,3091,https://www.transfermarkt.com/benni-mccarthy/profil/spieler/3091,https://fbref.com/en/players/a6f401c6/Benni-McCarthy
James McCarthy,45333,https://www.transfermarkt.com/james-mccarthy/profil/spieler/45333,https://fbref.com/en/players/64b08de7/James-McCarthy
Josh McEachran,128905,https://www.transfermarkt.com/josh-mceachran/profil/spieler/128905,https://fbref.com/en/players/48565585/Josh-McEachran
James McFadden,9956,https://www.transfermarkt.com/james-mcfadden/profil/spieler/9956,https://fbref.com/en/players/2cfdae75/James-McFadden
Ryan McGivern,61632,https://www.transfermarkt.com/ryan-mcgivern/profil/spieler/61632,https://fbref.com/en/players/4c2e7e85/Ryan-McGivern
Callum McManaman,61711,https://www.transfermarkt.com/callum-mcmanaman/profil/spieler/61711,https://fbref.com/en/players/1a5dbcc2/Callum-McManaman
Raul Meireles,13168,https://www.transfermarkt.com/raul-meireles/profil/spieler/13168,https://fbref.com/en/players/e767cd27/Raul-Meireles
Abdoulaye Méïté,5315,https://www.transfermarkt.com/abdoulaye-mt/profil/spieler/5315,https://fbref.com/en/players/2b548af1/Abdoulaye-Meite
John Mensah,5917,https://www.transfermarkt.com/john-mensah/profil/spieler/5917,https://fbref.com/en/players/142ed694/John-Mensah
David Meyler,68183,https://www.transfermarkt.com/david-meyler/profil/spieler/68183,https://fbref.com/en/players/8ea6417a/David-Meyler
Simon Mignolet,50219,https://www.transfermarkt.com/simon-mignolet/profil/spieler/50219,https://fbref.com/en/players/d436eb94/Simon-Mignolet
Nenad Milijaš,36123,https://www.transfermarkt.com/nenad-milija/profil/spieler/36123,https://fbref.com/en/players/10206347/Nenad-Milijas
Ishmael Miller,38776,https://www.transfermarkt.com/ishmael-miller/profil/spieler/38776,https://fbref.com/en/players/58f1973e/Ishmael-Miller
James Milner,3333,https://www.transfermarkt.com/james-milner/profil/spieler/3333,https://fbref.com/en/players/2f90f6b8/James-Milner
Luka Modrić,27992,https://www.transfermarkt.com/luka-modri/profil/spieler/27992,https://fbref.com/en/players/6025fab1/Luka-Modric
Josh Morris,121391,https://www.transfermarkt.com/josh-morris/profil/spieler/121391,https://fbref.com/en/players/6449a543/Josh-Morris
James Morrison,27614,https://www.transfermarkt.com/james-morrison/profil/spieler/27614,https://fbref.com/en/players/21a66e33/James-Morrison
Victor Moses,59866,https://www.transfermarkt.com/victor-moses/profil/spieler/59866,https://fbref.com/en/players/e726e11e/Victor-Moses
Steven Mouyokolo,58188,https://www.transfermarkt.com/steven-mouyokolo/profil/spieler/58188,https://fbref.com/en/players/6d60be73/Steven-Mouyokolo
Fabrice Muamba,35586,https://www.transfermarkt.com/fabrice-muamba/profil/spieler/35586,https://fbref.com/en/players/f5a2bebe/Fabrice-Muamba
Geoffrey Mujangi Bia,45455,https://www.transfermarkt.com/geoffrey-mujangi-bia/profil/spieler/45455,https://fbref.com/en/players/3a90713b/Geoffrey-Mujangi-Bia
Youssouf Mulumbu,45272,https://www.transfermarkt.com/youssouf-mulumbu/profil/spieler/45272,https://fbref.com/en/players/a275b145/Youssouf-Mulumbu
Sulley Muntari,17129,https://www.transfermarkt.com/sulley-muntari/profil/spieler/17129,https://fbref.com/en/players/e185aa52/Sulley-Muntari
Danny Murphy,3221,https://www.transfermarkt.com/danny-murphy/profil/spieler/3221,https://fbref.com/en/players/03a97c40/Danny-Murphy
David Murphy,3868,https://www.transfermarkt.com/david-murphy/profil/spieler/3868,https://fbref.com/en/players/b05e73d5/David-Murphy
Jordon Mutch,57207,https://www.transfermarkt.com/jordon-mutch/profil/spieler/57207,https://fbref.com/en/players/37c408cc/Jordon-Mutch
Boaz Myhill,3838,https://www.transfermarkt.com/boaz-myhill/profil/spieler/3838,https://fbref.com/en/players/7ca2d989/Boaz-Myhill
David N'Gog,41242,https://www.transfermarkt.com/david-ngog/profil/spieler/41242,https://fbref.com/en/players/beec2968/David-NGog
Charles N'Zogbia,22165,https://www.transfermarkt.com/charles-nzogbia/profil/spieler/22165,https://fbref.com/en/players/4e31f3e2/Charles-NZogbia
Nani,33706,https://www.transfermarkt.com/nani/profil/spieler/33706,https://fbref.com/en/players/e278c9be/Jonathan-Nanizayamo
Samir Nasri,18935,https://www.transfermarkt.com/samir-nasri/profil/spieler/18935,https://fbref.com/en/players/165bed61/Samir-Nasri
Ryan Nelsen,28878,https://www.transfermarkt.com/ryan-nelsen/profil/spieler/28878,https://fbref.com/en/players/510f2c7c/Ryan-Nelsen
Gary Neville,3403,https://www.transfermarkt.com/gary-neville/profil/spieler/3403,https://fbref.com/en/players/1b013e33/Gary-Neville
Phil Neville,3404,https://www.transfermarkt.com/phil-neville/profil/spieler/3404,https://fbref.com/en/players/3db5e0ec/Phil-Neville
Mark Noble,31835,https://www.transfermarkt.com/mark-noble/profil/spieler/31835,https://fbref.com/en/players/ff527768/Mark-Noble
Ryan Noble,121340,https://www.transfermarkt.com/ryan-noble/profil/spieler/121340,https://fbref.com/en/players/7f758194/Ryan-Noble
Kevin Nolan,3950,https://www.transfermarkt.com/kevin-nolan/profil/spieler/3950,https://fbref.com/en/players/3d307105/Kevin-Nolan
Frank Nouble,119123,https://www.transfermarkt.com/frank-nouble/profil/spieler/119123,https://fbref.com/en/players/0a8e46da/Frank-Nouble
Steven Nzonzi,73734,https://www.transfermarkt.com/steven-nzonzi/profil/spieler/73734,https://fbref.com/en/players/c7526c18/Steven-Nzonzi
Andy O'Brien,869490,https://www.transfermarkt.com/andy-obrien/profil/spieler/869490,https://fbref.com/en/players/1719f6b2/Andy-OBrien
Garry O'Connor,15708,https://www.transfermarkt.com/garry-oconnor/profil/spieler/15708,https://fbref.com/en/players/07fffbc5/Garry-OConnor
Jamie O'Hara,38090,https://www.transfermarkt.com/jamie-ohara/profil/spieler/38090,https://fbref.com/en/players/7578d85c/Jamie-OHara
Gary O'Neil,3995,https://www.transfermarkt.com/gary-oneil/profil/spieler/3995,https://fbref.com/en/players/754d4ac4/Gary-O'Neil
John O'Shea,3540,https://www.transfermarkt.com/john-oshea/profil/spieler/3540,https://fbref.com/en/players/7c1f4685/John-OShea
Gabriel Obertan,43261,https://www.transfermarkt.com/gabriel-obertan/profil/spieler/43261,https://fbref.com/en/players/adc264a8/Gabriel-Obertan
John Obi Mikel,30739,https://www.transfermarkt.com/john-obi-mikel/profil/spieler/30739,https://fbref.com/en/players/424d5f72/John-Obi-Mikel
Victor Obinna,35852,https://www.transfermarkt.com/victor-obinna/profil/spieler/35852,https://fbref.com/en/players/c21b9d9d/Victor-Obinna
Peter Odemwingie,12516,https://www.transfermarkt.com/peter-odemwingie/profil/spieler/12516,https://fbref.com/en/players/b16150ac/Peter-Odemwingie
Jonas Olsson,25248,https://www.transfermarkt.com/jonas-olsson/profil/spieler/25248,https://fbref.com/en/players/48844a9b/Jonas-Olsson
Martin Olsson,38073,https://www.transfermarkt.com/martin-olsson/profil/spieler/38073,https://fbref.com/en/players/2f72f79e/Martin-Olsson
Nedum Onuoha,28810,https://www.transfermarkt.com/nedum-onuoha/profil/spieler/28810,https://fbref.com/en/players/b28a0b5a/Nedum-Onuoha
Brett Ormerod,4113,https://www.transfermarkt.com/brett-ormerod/profil/spieler/4113,https://fbref.com/en/players/fde1ce8d/Brett-Ormerod
Leon Osman,3620,https://www.transfermarkt.com/leon-osman/profil/spieler/3620,https://fbref.com/en/players/a014c247/Leon-Osman
Michael Owen,1397,https://www.transfermarkt.com/michael-owen/profil/spieler/1397,https://fbref.com/en/players/88b3f52c/Michael-Owen
Daniel Pacheco,28285,https://www.transfermarkt.com/daniel-pacheco/profil/spieler/28285,https://fbref.com/en/players/5b2a4b8d/Daniel-Pacheco
John Paintsil,35235,https://www.transfermarkt.com/john-paintsil/profil/spieler/35235,https://fbref.com/en/players/2def72a3/John-Paintsil
Wilson Palacios,58361,https://www.transfermarkt.com/wilson-palacios/profil/spieler/58361,https://fbref.com/en/players/58df81fc/Wilson-Palacios
Scott Parker,3785,https://www.transfermarkt.com/scott-parker/profil/spieler/3785,https://fbref.com/en/players/65faf2a1/Scott-Parker
Stuart Parnaby,3866,https://www.transfermarkt.com/stuart-parnaby/profil/spieler/3866,https://fbref.com/en/players/389cc3d7/Stuart-Parnaby
Roman Pavlyuchenko,15072,https://www.transfermarkt.com/roman-pavlyuchenko/profil/spieler/15072,https://fbref.com/en/players/fd7afe52/Roman-Pavlyuchenko
Jermaine Pennant,3195,https://www.transfermarkt.com/jermaine-pennant/profil/spieler/3195,https://fbref.com/en/players/c6043950/Jermaine-Pennant
James Perch,49409,https://www.transfermarkt.com/james-perch/profil/spieler/49409,https://fbref.com/en/players/c461de51/James-Perch
Robin van Persie,4380,https://www.transfermarkt.com/robin-van-persie/profil/spieler/4380,https://fbref.com/en/players/3fcab3a8/Robin-van-Persie
Martin Petrov,670,https://www.transfermarkt.com/martin-petrov/profil/spieler/670,https://fbref.com/en/players/011360ce/Martin-Petrov
Stiliyan Petrov,3252,https://www.transfermarkt.com/stiliyan-petrov/profil/spieler/3252,https://fbref.com/en/players/61e5c1a8/Stiliyan-Petrov
Kevin Phillips,3131,https://www.transfermarkt.com/kevin-phillips/profil/spieler/3131,https://fbref.com/en/players/23d97ca1/Kevin-Phillips
Matt Phillips,77274,https://www.transfermarkt.com/matt-phillips/profil/spieler/77274,https://fbref.com/en/players/7bb5f40e/Matt-Phillips
Steven Pienaar,4321,https://www.transfermarkt.com/steven-pienaar/profil/spieler/4321,https://fbref.com/en/players/8056f6e6/Steven-Pienaar
Frédéric Piquionne,5683,https://www.transfermarkt.com/frdric-piquionne/profil/spieler/5683,https://fbref.com/en/players/62f579c5/Frederic-Piquionne
Robert Pirès,3185,https://www.transfermarkt.com/robert-pirs/profil/spieler/3185,https://fbref.com/en/players/59bfafcf/Robert-Pires
Mike Pollitt,32217,https://www.transfermarkt.com/mike-pollitt/profil/spieler/32217,https://fbref.com/en/players/a31d9d81/Mike-Pollitt
Christian Poulsen,1443,https://www.transfermarkt.com/christian-poulsen/profil/spieler/1443,https://fbref.com/en/players/4b83b362/Christian-Poulsen
Danny Pugh,3546,https://www.transfermarkt.com/danny-pugh/profil/spieler/3546,https://fbref.com/en/players/7f60e79c/Danny-Pugh
Jason Puncheon,47995,https://www.transfermarkt.com/jason-puncheon/profil/spieler/47995,https://fbref.com/en/players/fd3f57ce/Jason-Puncheon
Paul Rachubka,4098,https://www.transfermarkt.com/paul-rachubka/profil/spieler/4098,https://fbref.com/en/players/f3229025/Paul-Rachubka
Rafael,357164,https://www.transfermarkt.com/rafael/profil/spieler/357164,https://fbref.com/en/players/1590d66a/Rafael-Clavero
Ramires,54170,https://www.transfermarkt.com/ramires/profil/spieler/54170,https://fbref.com/en/players/6ca3ad8f/Bruno-Ramires
Aaron Ramsey,50057,https://www.transfermarkt.com/aaron-ramsey/profil/spieler/50057,https://fbref.com/en/players/e1618c22/Aaron-Ramsey
Nile Ranger,88750,https://www.transfermarkt.com/nile-ranger/profil/spieler/88750,https://fbref.com/en/players/161e95ac/Nile-Ranger
Abdul Razak,224090,https://www.transfermarkt.com/abdul-razak/profil/spieler/224090,https://fbref.com/en/players/354b46ef/Abdul-Razak-Dikeni
Andy Reid,10008,https://www.transfermarkt.com/andy-reid/profil/spieler/10008,https://fbref.com/en/players/8c4c0cf8/Andy-Reid
Steven Reid,7330,https://www.transfermarkt.com/steven-reid/profil/spieler/7330,https://fbref.com/en/players/e26f852b/Steven-Reid
Winston Reid,37526,https://www.transfermarkt.com/winston-reid/profil/spieler/37526,https://fbref.com/en/players/562eed5c/Winston-Reid
Pepe Reina,7825,https://www.transfermarkt.com/pepe-reina/profil/spieler/7825,https://fbref.com/en/players/e358587b/Pepe-Reina
Nigel Reo-Coker,14060,https://www.transfermarkt.com/nigel-reo-coker/profil/spieler/14060,https://fbref.com/en/players/110d0643/Nigel-Reo-Coker
Micah Richards,32617,https://www.transfermarkt.com/micah-richards/profil/spieler/32617,https://fbref.com/en/players/ff87875a/Micah-Richards
Kieran Richardson,3548,https://www.transfermarkt.com/kieran-richardson/profil/spieler/3548,https://fbref.com/en/players/d2bf40b4/Kieran-Richardson
Sam Ricketts,30434,https://www.transfermarkt.com/sam-ricketts/profil/spieler/30434,https://fbref.com/en/players/3f8ef948/Sam-Ricketts
Liam Ridgewell,4070,https://www.transfermarkt.com/liam-ridgewell/profil/spieler/4070,https://fbref.com/en/players/7c9e057e/Liam-Ridgewell
Cristian Riveros,37713,https://www.transfermarkt.com/cristian-riveros/profil/spieler/37713,https://fbref.com/en/players/56cc93db/Cristian-Riveros
Jason Roberts,3666,https://www.transfermarkt.com/jason-roberts/profil/spieler/3666,https://fbref.com/en/players/62487637/Jason-Roberts
Jack Robinson,183299,https://www.transfermarkt.com/jack-robinson/profil/spieler/183299,https://fbref.com/en/players/7399c7a8/Jack-Robinson
Paul Robinson,3630,https://www.transfermarkt.com/paul-robinson/profil/spieler/3630,https://fbref.com/en/players/80cdbbe1/Paul-Robinson
Rubén Rochina,67548,https://www.transfermarkt.com/rubn-rochina/profil/spieler/67548,https://fbref.com/en/players/ecd8c01e/Ruben-Rochina
Hugo Rodallega,37934,https://www.transfermarkt.com/hugo-rodallega/profil/spieler/37934,https://fbref.com/en/players/9683d0b2/Hugo-Rodallega
Rodrigo,357565,https://www.transfermarkt.com/rodrigo/profil/spieler/357565,https://fbref.com/en/players/ec2042ad/Rodrigo-Taddei
Maxi Rodríguez,7895,https://www.transfermarkt.com/maxi-rodrguez/profil/spieler/7895,https://fbref.com/en/players/4f06b1e0/Maxi-Rodriguez
Jack Rodwell,57079,https://www.transfermarkt.com/jack-rodwell/profil/spieler/57079,https://fbref.com/en/players/a07579ee/Jack-Rodwell
Wayne Rooney,3332,https://www.transfermarkt.com/wayne-rooney/profil/spieler/3332,https://fbref.com/en/players/f07be45a/Wayne-Rooney
Danny Rose,50174,https://www.transfermarkt.com/danny-rose/profil/spieler/50174,https://fbref.com/en/players/d08e15e1/Danny-Rose
Tomáš Rosický,132,https://www.transfermarkt.com/tom-rosick/profil/spieler/132,https://fbref.com/en/players/dbb688e3/Tomas-Rosicky
Wayne Routledge,14066,https://www.transfermarkt.com/wayne-routledge/profil/spieler/14066,https://fbref.com/en/players/1d387eee/Wayne-Routledge
Bacary Sagna,26764,https://www.transfermarkt.com/bacary-sagna/profil/spieler/26764,https://fbref.com/en/players/6ef56efd/Bacary-Sagna
Louis Saha,4015,https://www.transfermarkt.com/louis-saha/profil/spieler/4015,https://fbref.com/en/players/7106e4fe/Louis-Saha
Carlos Salcido,31434,https://www.transfermarkt.com/carlos-salcido/profil/spieler/31434,https://fbref.com/en/players/190bc058/Carlos-Salcido
Míchel Salgado,7515,https://www.transfermarkt.com/mchel-salgado/profil/spieler/7515,https://fbref.com/en/players/68f36bc6/Michel-Salgado
Christopher Samba,29016,https://www.transfermarkt.com/christopher-samba/profil/spieler/29016,https://fbref.com/en/players/e43cada1/Christopher-Samba
Conor Sammon,68331,https://www.transfermarkt.com/conor-sammon/profil/spieler/68331,https://fbref.com/en/players/70c3608c/Conor-Sammon
Sandro,315853,https://www.transfermarkt.com/sandro/profil/spieler/315853,https://fbref.com/en/players/833fb62e/Sandro-Ramirez
Tuncay Şanlı,6934,https://www.transfermarkt.com/tuncay-anl/profil/spieler/6934,https://fbref.com/en/players/e7a2dc67/Tuncay-Sanli
Roque Santa Cruz,215,https://www.transfermarkt.com/roque-santa-cruz/profil/spieler/215,https://fbref.com/en/players/7f2107eb/Roque-Santa-Cruz
Paul Scharner,2953,https://www.transfermarkt.com/paul-scharner/profil/spieler/2953,https://fbref.com/en/players/d8bcce3d/Paul-Scharner
Paul Scholes,3397,https://www.transfermarkt.com/paul-scholes/profil/spieler/3397,https://fbref.com/en/players/24a3a72c/Paul-Scholes
Mark Schwarzer,3357,https://www.transfermarkt.com/mark-schwarzer/profil/spieler/3357,https://fbref.com/en/players/da409c6f/Mark-Schwarzer
Freddie Sears,70714,https://www.transfermarkt.com/freddie-sears/profil/spieler/70714,https://fbref.com/en/players/07059b2e/Freddie-Sears
Philippe Senderos,4277,https://www.transfermarkt.com/philippe-senderos/profil/spieler/4277,https://fbref.com/en/players/b1d82fc2/Philippe-Senderos
Stéphane Sessègnon,37157,https://www.transfermarkt.com/stphane-sessgnon/profil/spieler/37157,https://fbref.com/en/players/35c5f9b1/Stephane-Sessegnon
Ryan Shawcross,45861,https://www.transfermarkt.com/ryan-shawcross/profil/spieler/45861,https://fbref.com/en/players/285a3d44/Ryan-Shawcross
Jonjo Shelvey,71292,https://www.transfermarkt.com/jonjo-shelvey/profil/spieler/71292,https://fbref.com/en/players/3727dd3c/Jonjo-Shelvey
Nicky Shorey,13426,https://www.transfermarkt.com/nicky-shorey/profil/spieler/13426,https://fbref.com/en/players/9665e2ea/Nicky-Shorey
Ryan Shotton,92109,https://www.transfermarkt.com/ryan-shotton/profil/spieler/92109,https://fbref.com/en/players/09f82c6e/Ryan-Shotton
Mamady Sidibé,14069,https://www.transfermarkt.com/mamady-sidib/profil/spieler/14069,https://fbref.com/en/players/c4fe1d3a/Mamady-Sidibe
Steve Sidwell,13427,https://www.transfermarkt.com/steve-sidwell/profil/spieler/13427,https://fbref.com/en/players/ed083afd/Steve-Sidwell
David Silva,35518,https://www.transfermarkt.com/david-silva/profil/spieler/35518,https://fbref.com/en/players/9d7db7fc/David-da-Silva
Paulo da Silva,14244,https://www.transfermarkt.com/paulo-da-silva/profil/spieler/14244,https://fbref.com/en/players/c31c5bb4/Edmilson-Paulo-da-Silva
Danny Simpson,37442,https://www.transfermarkt.com/danny-simpson/profil/spieler/37442,https://fbref.com/en/players/3201b03d/Danny-Simpson
Martin Škrtel,24180,https://www.transfermarkt.com/martin-krtel/profil/spieler/24180,https://fbref.com/en/players/defb905a/Martin-Skrtel
Chris Smalling,103427,https://www.transfermarkt.com/chris-smalling/profil/spieler/103427,https://fbref.com/en/players/b6964eb6/Chris-Smalling
Alan Smith,101327,https://www.transfermarkt.com/alan-smith/profil/spieler/101327,https://fbref.com/en/players/fdac06ea/Alan-Smith
Alexandre Song,27394,https://www.transfermarkt.com/alexandre-song/profil/spieler/27394,https://fbref.com/en/players/1c32281d/Alexandre-Song
Keith Southern,44986,https://www.transfermarkt.com/keith-southern/profil/spieler/44986,https://fbref.com/en/players/8db518ba/Keith-Southern
Jay Spearing,52111,https://www.transfermarkt.com/jay-spearing/profil/spieler/52111,https://fbref.com/en/players/f26579f5/Jay-Spearing
Jonathan Spector,24637,https://www.transfermarkt.com/jonathan-spector/profil/spieler/24637,https://fbref.com/en/players/3670bd5c/Jonathan-Spector
Jordan Spence,61588,https://www.transfermarkt.com/jordan-spence/profil/spieler/61588,https://fbref.com/en/players/f7780381/Jordan-Spence
Sébastien Squillaci,5293,https://www.transfermarkt.com/sbastien-squillaci/profil/spieler/5293,https://fbref.com/en/players/f7ec06db/Sebastien-Squillaci
Ronnie Stam,24877,https://www.transfermarkt.com/ronnie-stam/profil/spieler/24877,https://fbref.com/en/players/eb383c11/Ronnie-Stam
Junior Stanislas,87672,https://www.transfermarkt.com/junior-stanislas/profil/spieler/87672,https://fbref.com/en/players/6992791d/Junior-Stanislas
Richard Stearman,34349,https://www.transfermarkt.com/richard-stearman/profil/spieler/34349,https://fbref.com/en/players/9a3a436e/Richard-Stearman
Grétar Steinsson,30304,https://www.transfermarkt.com/grtar-steinsson/profil/spieler/30304,https://fbref.com/en/players/a79e86c4/Gretar-Steinsson
David Stockdale,67339,https://www.transfermarkt.com/david-stockdale/profil/spieler/67339,https://fbref.com/en/players/dc168826/David-Stockdale
Daniel Sturridge,47082,https://www.transfermarkt.com/daniel-sturridge/profil/spieler/47082,https://fbref.com/en/players/1b7ec703/Daniel-Sturridge
Luis Suárez,44352,https://www.transfermarkt.com/luis-surez/profil/spieler/44352,https://fbref.com/en/players/eeba07f8/Luis-Javier-Suarez
Ludovic Sylvestre,43248,https://www.transfermarkt.com/ludovic-sylvestre/profil/spieler/43248,https://fbref.com/en/players/37103874/Ludovic-Sylvestre
Wojciech Szczęsny,44058,https://www.transfermarkt.com/wojciech-szczsny/profil/spieler/44058,https://fbref.com/en/players/01b8a2b2/Wojciech-Szczesny
Thomas Sørensen,3473,https://www.transfermarkt.com/thomas-srensen/profil/spieler/3473,https://fbref.com/en/players/31d82fec/Thomas-Sorensen
Gabriel Tamaș,6893,https://www.transfermarkt.com/gabriel-tama/profil/spieler/6893,https://fbref.com/en/players/5d2c2f2b/Gabriel-Tamas
Matthew Taylor,9218,https://www.transfermarkt.com/matthew-taylor/profil/spieler/9218,https://fbref.com/en/players/3b2c9cac/Matthew-Taylor
Ryan Taylor,33785,https://www.transfermarkt.com/ryan-taylor/profil/spieler/33785,https://fbref.com/en/players/5c6dd7bc/Ryan-Taylor
Steven Taylor,17273,https://www.transfermarkt.com/steven-taylor/profil/spieler/17273,https://fbref.com/en/players/9f9ba8ca/Steven-Taylor
Gary Taylor-Fletcher,49101,https://www.transfermarkt.com/gary-taylor-fletcher/profil/spieler/49101,https://fbref.com/en/players/62c612b8/Gary-Taylor-Fletcher
Somen Tchoyi,37058,https://www.transfermarkt.com/somen-tchoyi/profil/spieler/37058,https://fbref.com/en/players/84f5fc82/Somen-Tchoyi
John Terry,3160,https://www.transfermarkt.com/john-terry/profil/spieler/3160,https://fbref.com/en/players/68517cfd/John-Terry
Carlos Tevez,4276,https://www.transfermarkt.com/carlos-tevez/profil/spieler/4276,https://fbref.com/en/players/c1a26d43/Carlos-Tevez
Hendry Thomas,62275,https://www.transfermarkt.com/hendry-thomas/profil/spieler/62275,https://fbref.com/en/players/bf53ebe9/Hendry-Thomas
Jerome Thomas,3560,https://www.transfermarkt.com/jerome-thomas/profil/spieler/3560,https://fbref.com/en/players/94cf0dab/Jerome-Thomas
George Thorne,128910,https://www.transfermarkt.com/george-thorne/profil/spieler/128910,https://fbref.com/en/players/e1a933d2/George-Thorne
Cheick Tioté,33478,https://www.transfermarkt.com/cheick-tiot/profil/spieler/33478,https://fbref.com/en/players/e1270968/Cheick-Tiote
James Tomkins,61592,https://www.transfermarkt.com/james-tomkins/profil/spieler/61592,https://fbref.com/en/players/e7ca0439/James-Tomkins
Michael Tonge,13544,https://www.transfermarkt.com/michael-tonge/profil/spieler/13544,https://fbref.com/en/players/046f30a8/Michael-Tonge
Fernando Torres,7767,https://www.transfermarkt.com/fernando-torres/profil/spieler/7767,https://fbref.com/en/players/bdf7b97d/Fernando-Torres
Kolo Touré,3202,https://www.transfermarkt.com/kolo-tour/profil/spieler/3202,https://fbref.com/en/players/3301c9f4/Kolo-Toure
Yaya Touré,13091,https://www.transfermarkt.com/yaya-tour/profil/spieler/13091,https://fbref.com/en/players/c204f844/Yaya-Toure
Michael Turner,12127,https://www.transfermarkt.com/michael-turner/profil/spieler/12127,https://fbref.com/en/players/422a65eb/Michael-Turner
Matt Upson,3273,https://www.transfermarkt.com/matt-upson/profil/spieler/3273,https://fbref.com/en/players/1a6e6d03/Matt-Upson
Antonio Valencia,33544,https://www.transfermarkt.com/antonio-valencia/profil/spieler/33544,https://fbref.com/en/players/c56a24e4/Antonio-Valencia
Jelle Van Damme,4323,https://www.transfermarkt.com/jelle-van-damme/profil/spieler/4323,https://fbref.com/en/players/406eb232/Jelle-Van-Damme
Luke Varney,14177,https://www.transfermarkt.com/luke-varney/profil/spieler/14177,https://fbref.com/en/players/1757d8ed/Luke-Varney
David Vaughan,14178,https://www.transfermarkt.com/david-vaughan/profil/spieler/14178,https://fbref.com/en/players/b950cb68/David-Vaughan
James Vaughan,30471,https://www.transfermarkt.com/james-vaughan/profil/spieler/30471,https://fbref.com/en/players/4fb0dc59/James-Vaughan
Carlos Vela,35773,https://www.transfermarkt.com/carlos-vela/profil/spieler/35773,https://fbref.com/en/players/6c502207/Carlos-Alberto-Vela
Apostolos Vellios,124495,https://www.transfermarkt.com/apostolos-vellios/profil/spieler/124495,https://fbref.com/en/players/44918bf5/Apostolos-Vellios
Thomas Vermaelen,15904,https://www.transfermarkt.com/thomas-vermaelen/profil/spieler/15904,https://fbref.com/en/players/d0d79694/Thomas-Vermaelen
Nemanja Vidić,19726,https://www.transfermarkt.com/nemanja-vidi/profil/spieler/19726,https://fbref.com/en/players/4b30b37e/Nemanja-Vidic
Patrick Vieira,3183,https://www.transfermarkt.com/patrick-vieira/profil/spieler/3183,https://fbref.com/en/players/55a500df/Patrick-Vieira
Sam Vokes,48078,https://www.transfermarkt.com/sam-vokes/profil/spieler/48078,https://fbref.com/en/players/1d6ac165/Sam-Vokes
Reece Wabara,121416,https://www.transfermarkt.com/reece-wabara/profil/spieler/121416,https://fbref.com/en/players/0c7d15af/Reece-Wabara
Martyn Waghorn,61674,https://www.transfermarkt.com/martyn-waghorn/profil/spieler/61674,https://fbref.com/en/players/8ebea784/Martyn-Waghorn
Theo Walcott,33713,https://www.transfermarkt.com/theo-walcott/profil/spieler/33713,https://fbref.com/en/players/1ecb65be/Theo-Walcott
Kyle Walker,95424,https://www.transfermarkt.com/kyle-walker/profil/spieler/95424,https://fbref.com/en/players/984a5a64/Kyle-Walker-Peters
Jonathan Walters,3306,https://www.transfermarkt.com/jonathan-walters/profil/spieler/3306,https://fbref.com/en/players/0356cf4f/Jonathan-Walters
Stephen Ward,34691,https://www.transfermarkt.com/stephen-ward/profil/spieler/34691,https://fbref.com/en/players/3831b9fe/Stephen-Ward
Stephen Warnock,3308,https://www.transfermarkt.com/stephen-warnock/profil/spieler/3308,https://fbref.com/en/players/07869028/Stephen-Warnock
Ben Watson,14081,https://www.transfermarkt.com/ben-watson/profil/spieler/14081,https://fbref.com/en/players/df540668/Ben-Watson
Andreas Weimann,49693,https://www.transfermarkt.com/andreas-weimann/profil/spieler/49693,https://fbref.com/en/players/5996ffd9/Andreas-Weimann
Danny Welbeck,67063,https://www.transfermarkt.com/danny-welbeck/profil/spieler/67063,https://fbref.com/en/players/ce5143da/Danny-Welbeck
David Wheater,29199,https://www.transfermarkt.com/david-wheater/profil/spieler/29199,https://fbref.com/en/players/2ad3ea29/David-Wheater
Glenn Whelan,12124,https://www.transfermarkt.com/glenn-whelan/profil/spieler/12124,https://fbref.com/en/players/d5bd56a5/Glenn-Whelan
Dean Whitehead,13683,https://www.transfermarkt.com/dean-whitehead/profil/spieler/13683,https://fbref.com/en/players/a32204c9/Dean-Whitehead
Andy Wilkinson,13616,https://www.transfermarkt.com/andy-wilkinson/profil/spieler/13616,https://fbref.com/en/players/9aca56d3/Andy-Wilkinson
Mike Williamson,10642,https://www.transfermarkt.com/mike-williamson/profil/spieler/10642,https://fbref.com/en/players/98fbb38d/Mike-Williamson
Jack Wilshere,74223,https://www.transfermarkt.com/jack-wilshere/profil/spieler/74223,https://fbref.com/en/players/9c318325/Jack-Wilshere
Danny Wilson,103819,https://www.transfermarkt.com/danny-wilson/profil/spieler/103819,https://fbref.com/en/players/9cfe9254/Danny-Wilson
Marc Wilson,30456,https://www.transfermarkt.com/marc-wilson/profil/spieler/30456,https://fbref.com/en/players/c325c010/Marc-Wilson
Chris Wood,108725,https://www.transfermarkt.com/chris-wood/profil/spieler/108725,https://fbref.com/en/players/4e9a0555/Chris-Wood
Shaun Wright-Phillips,3467,https://www.transfermarkt.com/shaun-wright-phillips/profil/spieler/3467,https://fbref.com/en/players/e1e0b05f/Shaun-Wright-Phillips
Xisco,15465,https://www.transfermarkt.com/xisco/profil/spieler/15465,https://fbref.com/en/players/d2790f7a/Xisco
Ashley Young,14086,https://www.transfermarkt.com/ashley-young/profil/spieler/14086,https://fbref.com/en/players/be927d03/Ashley-Young
Luke Young,3271,https://www.transfermarkt.com/luke-young/profil/spieler/3271,https://fbref.com/en/players/409a29d7/Luke-Young
Pablo Zabaleta,20007,https://www.transfermarkt.com/pablo-zabaleta/profil/spieler/20007,https://fbref.com/en/players/6813ac34/Pablo-Zabaleta
Bobby Zamora,4205,https://www.transfermarkt.com/bobby-zamora/profil/spieler/4205,https://fbref.com/en/players/7ddb3563/Bobby-Zamora
Boudewijn Zenden,3173,https://www.transfermarkt.com/boudewijn-zenden/profil/spieler/3173,https://fbref.com/en/players/4e27a622/Boudewijn-Zenden
Yuri Zhirkov,16760,https://www.transfermarkt.com/yuri-zhirkov/profil/spieler/16760,https://fbref.com/en/players/ed2b33cb/Yuri-Zhirkov
Nikola Žigić,19729,https://www.transfermarkt.com/nikola-igi/profil/spieler/19729,https://fbref.com/en/players/aad584e0/Nikola-Zigic
Ronald Zubar,22645,https://www.transfermarkt.com/ronald-zubar/profil/spieler/22645,https://fbref.com/en/players/57935ba0/Ronald-Zubar
Gianni Zuiverloon,27304,https://www.transfermarkt.com/gianni-zuiverloon/profil/spieler/27304,https://fbref.com/en/players/22d7fe43/Gianni-Zuiverloon
Patrick van Aanholt,52119,https://www.transfermarkt.com/patrick-van-aanholt/profil/spieler/52119,https://fbref.com/en/players/5f09991f/Patrick-van-Aanholt
Sergio Agüero,26399,https://www.transfermarkt.com/sergio-agero/profil/spieler/26399,https://fbref.com/en/players/4d034881/Sergio-Aguero
Kemy Agustien,24862,https://www.transfermarkt.com/kemy-agustien/profil/spieler/24862,https://fbref.com/en/players/027a5151/Kemy-Agustien
Patrick Agyemang,1089574,https://www.transfermarkt.com/patrick-agyemang/profil/spieler/1089574,https://fbref.com/en/players/80f1245c/Patrick-Agyemang
Joe Allen,51452,https://www.transfermarkt.com/joe-allen/profil/spieler/51452,https://fbref.com/en/players/9feb8f24/Joe-Allen
Ben Amos,73472,https://www.transfermarkt.com/ben-amos/profil/spieler/73472,https://fbref.com/en/players/f6799cd2/Ben-Amos
Bruno Andrade,159570,https://www.transfermarkt.com/bruno-andrade/profil/spieler/159570,https://fbref.com/en/players/6e87c80f/Bruno-Andrade
John Arne Riise,3220,https://www.transfermarkt.com/john-arne-riise/profil/spieler/3220,https://fbref.com/en/players/9bf988c2/John-Arne-Riise
Daniel Ayala,78966,https://www.transfermarkt.com/daniel-ayala/profil/spieler/78966,https://fbref.com/en/players/302560a0/Daniel-Ayala
Ross Barkley,131978,https://www.transfermarkt.com/ross-barkley/profil/spieler/131978,https://fbref.com/en/players/3a24769f/Ross-Barkley
Leon Barnett,33484,https://www.transfermarkt.com/leon-barnett/profil/spieler/33484,https://fbref.com/en/players/76854cdf/Leon-Barnett
Craig Bellamy,3297,https://www.transfermarkt.com/craig-bellamy/profil/spieler/3297,https://fbref.com/en/players/b9eae55b/Craig-Bellamy
Elliott Bennett,43193,https://www.transfermarkt.com/elliott-bennett/profil/spieler/43193,https://fbref.com/en/players/02c9ea40/Elliott-Bennett
Ryan Bennett,67252,https://www.transfermarkt.com/ryan-bennett/profil/spieler/67252,https://fbref.com/en/players/0bad4516/Ryan-Bennett
Federico Bessone,57973,https://www.transfermarkt.com/federico-bessone/profil/spieler/57973,https://fbref.com/en/players/7570ed49/Federico-Bessone
Nick Blackman,67369,https://www.transfermarkt.com/nick-blackman/profil/spieler/67369,https://fbref.com/en/players/d4e7c451/Nick-Blackman
Jay Bothroyd,8188,https://www.transfermarkt.com/jay-bothroyd/profil/spieler/8188,https://fbref.com/en/players/8cdc5afd/Jay-Bothroyd
Leon Britton,40043,https://www.transfermarkt.com/leon-britton/profil/spieler/40043,https://fbref.com/en/players/b92dd711/Leon-Britton
Ákos Buzsáky,13878,https://www.transfermarkt.com/kos-buzsky/profil/spieler/13878,https://fbref.com/en/players/3fe9ae90/Akos-Buzsaky
Yohan Cabaye,29434,https://www.transfermarkt.com/yohan-cabaye/profil/spieler/29434,https://fbref.com/en/players/ad7b19ef/Yohan-Cabaye
Samir Carruthers,146488,https://www.transfermarkt.com/samir-carruthers/profil/spieler/146488,https://fbref.com/en/players/5a853458/Samir-Carruthers
Steven Caulker,121280,https://www.transfermarkt.com/steven-caulker/profil/spieler/121280,https://fbref.com/en/players/2592d9b5/Steven-Caulker
Radek Černý,21010,https://www.transfermarkt.com/radek-ern/profil/spieler/21010,https://fbref.com/en/players/190c0bb8/Radek-Cerny
Park Chu-young,30982,https://www.transfermarkt.com/park-chu-young/profil/spieler/30982,https://fbref.com/en/players/d9fa272a/Park-Chu-young
Djibril Cissé,3966,https://www.transfermarkt.com/djibril-ciss/profil/spieler/3966,https://fbref.com/en/players/7e6917be/Djibril-Cisse
Papiss Cissé,33952,https://www.transfermarkt.com/papiss-ciss/profil/spieler/33952,https://fbref.com/en/players/40f3ff51/Papiss-Cisse
Sebastián Coates,102427,https://www.transfermarkt.com/sebastin-coates/profil/spieler/102427,https://fbref.com/en/players/1fbbfbde/Sebastian-Coates
Matthew Connolly,34559,https://www.transfermarkt.com/matthew-connolly/profil/spieler/34559,https://fbref.com/en/players/2797fc1d/Matthew-Connolly
Francis Coquelin,74869,https://www.transfermarkt.com/francis-coquelin/profil/spieler/74869,https://fbref.com/en/players/a6951bf8/Francis-Coquelin
Andrew Crofts,14003,https://www.transfermarkt.com/andrew-crofts/profil/spieler/14003,https://fbref.com/en/players/5ba16a76/Andrew-Crofts
Albert Crusat,51536,https://www.transfermarkt.com/albert-crusat/profil/spieler/51536,https://fbref.com/en/players/ba027002/Albert-Crusat
David Davis,129054,https://www.transfermarkt.com/david-davis/profil/spieler/129054,https://fbref.com/en/players/d992542e/David-Davis
Craig Dawson,121477,https://www.transfermarkt.com/craig-dawson/profil/spieler/121477,https://fbref.com/en/players/3e9e06cb/Craig-Dawson
Ritchie De Laet,55687,https://www.transfermarkt.com/ritchie-de-laet/profil/spieler/55687,https://fbref.com/en/players/dc234f98/Ritchie-De-Laet
Shaun Derry,14007,https://www.transfermarkt.com/shaun-derry/profil/spieler/14007,https://fbref.com/en/players/e3606bf2/Shaun-Derry
Samba Diakité,136589,https://www.transfermarkt.com/samba-diakit/profil/spieler/136589,https://fbref.com/en/players/6bc6f173/Samba-Diakite
Mahamadou Diarra,5352,https://www.transfermarkt.com/mahamadou-diarra/profil/spieler/5352,https://fbref.com/en/players/4a6c3ade/Mahamadou-Diarra
Stephen Dobbie,12693,https://www.transfermarkt.com/stephen-dobbie/profil/spieler/12693,https://fbref.com/en/players/2d67e9c7/Stephen-Dobbie
Matt Doherty,171679,https://www.transfermarkt.com/matt-doherty/profil/spieler/171679,https://fbref.com/en/players/d557d734/Matt-Doherty
Ji Dong-won,164265,https://www.transfermarkt.com/ji-dong-won/profil/spieler/164265,https://fbref.com/en/players/7d841904/Ji-Dong-won
Doni,102584,https://www.transfermarkt.com/doni/profil/spieler/102584,https://fbref.com/en/players/4b6a7e60/Cristiano-Doni
Landon Donovan,68,https://www.transfermarkt.com/landon-donovan/profil/spieler/68,https://fbref.com/en/players/594d4046/Landon-Donovan
Royston Drenthe,35631,https://www.transfermarkt.com/royston-drenthe/profil/spieler/35631,https://fbref.com/en/players/3d512ff2/Royston-Drenthe
Adam Drury,11663,https://www.transfermarkt.com/adam-drury/profil/spieler/11663,https://fbref.com/en/players/cc8f5f70/Adam-Drury
Shane Duffy,119269,https://www.transfermarkt.com/shane-duffy/profil/spieler/119269,https://fbref.com/en/players/7314bba4/Shane-Duffy
Nathan Dyer,37011,https://www.transfermarkt.com/nathan-dyer/profil/spieler/37011,https://fbref.com/en/players/6dfd5af0/Nathan-Dyer
Chris Eagles,24635,https://www.transfermarkt.com/chris-eagles/profil/spieler/24635,https://fbref.com/en/players/92aadee9/Chris-Eagles
Hogan Ephraim,31883,https://www.transfermarkt.com/hogan-ephraim/profil/spieler/31883,https://fbref.com/en/players/668b380c/Hogan-Ephraim
Alejandro Faurlín,88067,https://www.transfermarkt.com/alejandro-faurln/profil/spieler/88067,https://fbref.com/en/players/594d286e/Alejandro-Faurlin
Anthony Forde,146494,https://www.transfermarkt.com/anthony-forde/profil/spieler/146494,https://fbref.com/en/players/2d139834/Anthony-Forde
Mauro Formica,55870,https://www.transfermarkt.com/mauro-formica/profil/spieler/55870,https://fbref.com/en/players/fd554256/Mauro-Formica
David Fox,4219,https://www.transfermarkt.com/david-fox/profil/spieler/4219,https://fbref.com/en/players/102a7473/David-Fox
Kerim Frei,146844,https://www.transfermarkt.com/kerim-frei/profil/spieler/146844,https://fbref.com/en/players/729e3e14/Kerim-Frei
Emmanuel Frimpong,93056,https://www.transfermarkt.com/emmanuel-frimpong/profil/spieler/93056,https://fbref.com/en/players/7a2b16ff/Emmanuel-Frimpong
Zeki Fryers,141655,https://www.transfermarkt.com/zeki-fryers/profil/spieler/141655,https://fbref.com/en/players/f58d6213/Zeki-Fryers
Márton Fülöp,17879,https://www.transfermarkt.com/mrton-flp/profil/spieler/17879,https://fbref.com/en/players/3267fa3b/Marton-Fulop
Gary Gardner,110861,https://www.transfermarkt.com/gary-gardner/profil/spieler/110861,https://fbref.com/en/players/d9d58641/Gary-Gardner
David de Gea,59377,https://www.transfermarkt.com/david-de-gea/profil/spieler/59377,https://fbref.com/en/players/7ba6d84e/David-de-Gea
Marcel Gecov,34534,https://www.transfermarkt.com/marcel-gecov/profil/spieler/34534,https://fbref.com/en/players/b93f1d15/Marcel-Gecov
Gervinho,33481,https://www.transfermarkt.com/gervinho/profil/spieler/33481,https://fbref.com/en/players/e468c053/Gervinho
Shay Given,3146,https://www.transfermarkt.com/shay-given/profil/spieler/3146,https://fbref.com/en/players/0db918ff/Shay-Given
David Goodwillie,37677,https://www.transfermarkt.com/david-goodwillie/profil/spieler/37677,https://fbref.com/en/players/079413e5/David-Goodwillie
Johnny Gorman,145488,https://www.transfermarkt.com/johnny-gorman/profil/spieler/145488,https://fbref.com/en/players/0dcc8a9f/Johnny-Gorman
Mark Gower,39700,https://www.transfermarkt.com/mark-gower/profil/spieler/39700,https://fbref.com/en/players/84e341f9/Mark-Gower
Danny Graham,29152,https://www.transfermarkt.com/danny-graham/profil/spieler/29152,https://fbref.com/en/players/7d7bdee6/Danny-Graham
Zdeněk Grygera,6833,https://www.transfermarkt.com/zdenk-grygera/profil/spieler/6833,https://fbref.com/en/players/a00c9b66/Zdenek-Grygera
Brad Guzan,39471,https://www.transfermarkt.com/brad-guzan/profil/spieler/39471,https://fbref.com/en/players/d899e3bf/Brad-Guzan
Fitz Hall,6580,https://www.transfermarkt.com/fitz-hall/profil/spieler/6580,https://fbref.com/en/players/f799f31c/Fitz-Hall
Michael Harriman,155233,https://www.transfermarkt.com/michael-harriman/profil/spieler/155233,https://fbref.com/en/players/4c3e2fd0/Michael-Harriman
Heiðar Helguson,9886,https://www.transfermarkt.com/heiar-helguson/profil/spieler/9886,https://fbref.com/en/players/5491eca5/Heidar-Helguson
Adam Henley,173585,https://www.transfermarkt.com/adam-henley/profil/spieler/173585,https://fbref.com/en/players/f50cf139/Adam-Henley
Thierry Henry,3207,https://www.transfermarkt.com/thierry-henry/profil/spieler/3207,https://fbref.com/en/players/c0c5ee74/Thierry-Henry
Henrique Hilário,13886,https://www.transfermarkt.com/henrique-hilrio/profil/spieler/13886,https://fbref.com/en/players/0fbcbed1/Henrique-Hilario
Clint Hill,13583,https://www.transfermarkt.com/clint-hill/profil/spieler/13583,https://fbref.com/en/players/c0936ded/Clint-Hill
Grant Holt,13412,https://www.transfermarkt.com/grant-holt/profil/spieler/13412,https://fbref.com/en/players/1b64c1b2/Grant-Holt
Wes Hoolahan,24589,https://www.transfermarkt.com/wes-hoolahan/profil/spieler/24589,https://fbref.com/en/players/5236a502/Wes-Hoolahan
Jonny Howson,45395,https://www.transfermarkt.com/jonny-howson/profil/spieler/45395,https://fbref.com/en/players/08b10f50/Jonny-Howson
Robert Hulse,9980,https://www.transfermarkt.com/robert-hulse/profil/spieler/9980,https://fbref.com/en/players/edaf9ca0/Robert-Hulse
Sam Hutchinson,40617,https://www.transfermarkt.com/sam-hutchinson/profil/spieler/40617,https://fbref.com/en/players/800a3404/Sam-Hutchinson
Carl Ikeme,26412,https://www.transfermarkt.com/carl-ikeme/profil/spieler/26412,https://fbref.com/en/players/8646429b/Carl-Ikeme
Simeon Jackson,44913,https://www.transfermarkt.com/simeon-jackson/profil/spieler/44913,https://fbref.com/en/players/8f8bbbac/Simeon-Jackson
Nikica Jelavić,25742,https://www.transfermarkt.com/nikica-jelavi/profil/spieler/25742,https://fbref.com/en/players/1a29f38c/Nikica-Jelavic
Carl Jenkinson,126321,https://www.transfermarkt.com/carl-jenkinson/profil/spieler/126321,https://fbref.com/en/players/874125a3/Carl-Jenkinson
Bradley Johnson,49327,https://www.transfermarkt.com/bradley-johnson/profil/spieler/49327,https://fbref.com/en/players/e0d9bbbe/Bradley-Johnson
Billy Jones,36866,https://www.transfermarkt.com/billy-jones/profil/spieler/36866,https://fbref.com/en/players/aa3cb1ad/Billy-Jones
Brad Jones,4042,https://www.transfermarkt.com/brad-jones/profil/spieler/4042,https://fbref.com/en/players/ffc1c226/Brad-Jones
Eggert Jónsson,45298,https://www.transfermarkt.com/eggert-jnsson/profil/spieler/45298,Not found
Alexander Kačaniklić,51040,https://www.transfermarkt.com/alexander-kaanikli/profil/spieler/51040,https://fbref.com/en/players/8ba3a754/Alexander-Kacaniklic
Pajtim Kasami,130108,https://www.transfermarkt.com/pajtim-kasami/profil/spieler/130108,https://fbref.com/en/players/fc8c588f/Pajtim-Kasami
Jake Kean,121388,https://www.transfermarkt.com/jake-kean/profil/spieler/121388,https://fbref.com/en/players/66d29ce7/Jake-Kean
Will Keane,118535,https://www.transfermarkt.com/will-keane/profil/spieler/118535,https://fbref.com/en/players/fc7f8f87/Will-Keane
Paddy Kenny,13524,https://www.transfermarkt.com/paddy-kenny/profil/spieler/13524,https://fbref.com/en/players/b03eb26c/Paddy-Kenny
Matthew Kilgallon,4095,https://www.transfermarkt.com/matthew-kilgallon/profil/spieler/4095,https://fbref.com/en/players/7c6a3c44/Matthew-Kilgallon
Cameron Lancaster,182660,https://www.transfermarkt.com/cameron-lancaster/profil/spieler/182660,https://fbref.com/en/players/7eadfdd6/Cameron-Lancaster
Henri Lansbury,44794,https://www.transfermarkt.com/henri-lansbury/profil/spieler/44794,https://fbref.com/en/players/fe8e6fa1/Henri-Lansbury
Simon Lappin,14792,https://www.transfermarkt.com/simon-lappin/profil/spieler/14792,https://fbref.com/en/players/a985ccde/Simon-Lappin
Anders Lindegaard,22491,https://www.transfermarkt.com/anders-lindegaard/profil/spieler/22491,https://fbref.com/en/players/636f1a28/Anders-Lindegaard
Leroy Lita,20975,https://www.transfermarkt.com/leroy-lita/profil/spieler/20975,https://fbref.com/en/players/238f467d/Leroy-Lita
Jake Livermore,61832,https://www.transfermarkt.com/jake-livermore/profil/spieler/61832,https://fbref.com/en/players/b98570d1/Jake-Livermore
Shane Long,37304,https://www.transfermarkt.com/shane-long/profil/spieler/37304,https://fbref.com/en/players/9f472354/Shane-Long
Romelu Lukaku,96341,https://www.transfermarkt.com/romelu-lukaku/profil/spieler/96341,https://fbref.com/en/players/5eae500a/Romelu-Lukaku
Jamie Mackie,15929,https://www.transfermarkt.com/jamie-mackie/profil/spieler/15929,https://fbref.com/en/players/d0de6b37/Jamie-Mackie
Stefan Maierhofer,32660,https://www.transfermarkt.com/stefan-maierhofer/profil/spieler/32660,https://fbref.com/en/players/6dfec8d4/Stefan-Maierhofer
Shaun Maloney,9508,https://www.transfermarkt.com/shaun-maloney/profil/spieler/9508,https://fbref.com/en/players/0558e236/Shaun-Maloney
Chris Martin,248054,https://www.transfermarkt.com/chris-martin/profil/spieler/248054,https://fbref.com/en/players/c21e39f9/Chris-Martin
Russell Martin,67303,https://www.transfermarkt.com/russell-martin/profil/spieler/67303,https://fbref.com/en/players/24952f1e/Russell-Martin
Sylvain Marveaux,39909,https://www.transfermarkt.com/sylvain-marveaux/profil/spieler/39909,https://fbref.com/en/players/4ef705ab/Sylvain-Marveaux
Juan Mata,44068,https://www.transfermarkt.com/juan-mata/profil/spieler/44068,https://fbref.com/en/players/29733c72/Juan-Mata
Conor McAleny,121260,https://www.transfermarkt.com/conor-mcaleny/profil/spieler/121260,https://fbref.com/en/players/5dc37d9d/Conor-McAleny
Gareth McAuley,40567,https://www.transfermarkt.com/gareth-mcauley/profil/spieler/40567,https://fbref.com/en/players/ac7d7378/Gareth-McAuley
James McClean,85935,https://www.transfermarkt.com/james-mcclean/profil/spieler/85935,https://fbref.com/en/players/53538b39/James-McClean
Tyrone Mears,14050,https://www.transfermarkt.com/tyrone-mears/profil/spieler/14050,https://fbref.com/en/players/6f34d0b5/Tyrone-Mears
Per Mertesacker,6710,https://www.transfermarkt.com/per-mertesacker/profil/spieler/6710,https://fbref.com/en/players/5be28712/Per-Mertesacker
Ignasi Miquel,70245,https://www.transfermarkt.com/ignasi-miquel/profil/spieler/70245,https://fbref.com/en/players/174f09a6/Ignasi-Miquel
Ryo Miyaichi,129688,https://www.transfermarkt.com/ryo-miyaichi/profil/spieler/129688,https://fbref.com/en/players/c4acb36f/Ryo-Miyaichi
Anthony Modeste,50512,https://www.transfermarkt.com/anthony-modeste/profil/spieler/50512,https://fbref.com/en/players/34e4343c/Anthony-Modeste
Garry Monk,4111,https://www.transfermarkt.com/garry-monk/profil/spieler/4111,https://fbref.com/en/players/a70de3a4/Garry-Monk
Luke Moore,4075,https://www.transfermarkt.com/luke-moore/profil/spieler/4075,https://fbref.com/en/players/bf06d13a/Luke-Moore
Vangelis Moras,9850,https://www.transfermarkt.com/vangelis-moras/profil/spieler/9850,https://fbref.com/en/players/bffec2a8/Vangelis-Moras
Steve Morison,104725,https://www.transfermarkt.com/steve-morison/profil/spieler/104725,https://fbref.com/en/players/292064fa/Steve-Morison
Kyle Naughton,66219,https://www.transfermarkt.com/kyle-naughton/profil/spieler/66219,https://fbref.com/en/players/e860c42f/Kyle-Naughton
Marcus Olsson,72264,https://www.transfermarkt.com/marcus-olsson/profil/spieler/72264,https://fbref.com/en/players/47e41ec8/Marcus-Olsson
Andrea Orlandi,29117,https://www.transfermarkt.com/andrea-orlandi/profil/spieler/29117,https://fbref.com/en/players/b1403ee6/Andrea-Orlandi
Bradley Orr,16091,https://www.transfermarkt.com/bradley-orr/profil/spieler/16091,https://fbref.com/en/players/78142987/Bradley-Orr
Alex Oxlade-Chamberlain,143424,https://www.transfermarkt.com/alex-oxlade-chamberlain/profil/spieler/143424,https://fbref.com/en/players/38c7feef/Alex-Oxlade-Chamberlain
Bruno Perone,67996,https://www.transfermarkt.com/bruno-perone/profil/spieler/67996,https://fbref.com/en/players/58591790/Bruno-Perone
Radosav Petrović,75296,https://www.transfermarkt.com/radosav-petrovi/profil/spieler/75296,https://fbref.com/en/players/7214c684/Radosav-Petrovic
Anthony Pilkington,67322,https://www.transfermarkt.com/anthony-pilkington/profil/spieler/67322,https://fbref.com/en/players/b31af577/Anthony-Pilkington
David Pizarro,5896,https://www.transfermarkt.com/david-pizarro/profil/spieler/5896,https://fbref.com/en/players/8b92c119/David-Pizarro
Paul Pogba,122153,https://www.transfermarkt.com/paul-pogba/profil/spieler/122153,https://fbref.com/en/players/867239d3/Paul-Pogba
Pavel Pogrebnyak,15074,https://www.transfermarkt.com/pavel-pogrebnyak/profil/spieler/15074,https://fbref.com/en/players/f1085969/Pavel-Pogrebnyak
Darren Pratley,28957,https://www.transfermarkt.com/darren-pratley/profil/spieler/28957,https://fbref.com/en/players/bfc3bf1b/Darren-Pratley
Àngel Rangel,66550,https://www.transfermarkt.com/ngel-rangel/profil/spieler/66550,https://fbref.com/en/players/93ee387c/Angel-Rangel
Tim Ream,145466,https://www.transfermarkt.com/tim-ream/profil/spieler/145466,https://fbref.com/en/players/28b40c9c/Tim-Ream
Jazz Richards,120241,https://www.transfermarkt.com/jazz-richards/profil/spieler/120241,https://fbref.com/en/players/afef14da/Jazz-Richards
Joe Riley,125117,https://www.transfermarkt.com/joe-riley/profil/spieler/125117,https://fbref.com/en/players/4d4e417c/Joe-Riley
Oriol Romeu,66100,https://www.transfermarkt.com/oriol-romeu/profil/spieler/66100,https://fbref.com/en/players/4b511457/Oriol-Romeu
Declan Rudd,74088,https://www.transfermarkt.com/declan-rudd/profil/spieler/74088,https://fbref.com/en/players/42f4f848/Declan-Rudd
John Ruddy,29712,https://www.transfermarkt.com/john-ruddy/profil/spieler/29712,https://fbref.com/en/players/da8b19e2/John-Ruddy
Bryan Ruiz,39642,https://www.transfermarkt.com/bryan-ruiz/profil/spieler/39642,https://fbref.com/en/players/df165eba/Bryan-Ruiz
Orlando Sá,64535,https://www.transfermarkt.com/orlando-s/profil/spieler/64535,https://fbref.com/en/players/e054ee4e/Orlando-Sa
Davide Santon,84344,https://www.transfermarkt.com/davide-santon/profil/spieler/84344,https://fbref.com/en/players/88c89891/Davide-Santon
André Santos,54275,https://www.transfermarkt.com/andr-santos/profil/spieler/54275,https://fbref.com/en/players/e68ad30f/Andres-Santos
Stefan Savić,107010,https://www.transfermarkt.com/stefan-savi/profil/spieler/107010,https://fbref.com/en/players/a3638b1a/Stefan-Savicevic
Gylfi Sigurðsson,90466,https://www.transfermarkt.com/gylfi-sigursson/profil/spieler/90466,https://fbref.com/en/players/76dd1480/Gylfi-Sigurdsson
Scott Sinclair,31552,https://www.transfermarkt.com/scott-sinclair/profil/spieler/31552,https://fbref.com/en/players/273c483b/Scott-Sinclair
Jordan Slew,164785,https://www.transfermarkt.com/jordan-slew/profil/spieler/164785,https://fbref.com/en/players/372307ab/Jordan-Slew
Adam Smith,61841,https://www.transfermarkt.com/adam-smith/profil/spieler/61841,https://fbref.com/en/players/20b104bc/Adam-Smith
Tommy Smith,176056,https://www.transfermarkt.com/tommy-smith/profil/spieler/176056,https://fbref.com/en/players/066be641/Tommy-Smith
Marvin Sordell,120599,https://www.transfermarkt.com/marvin-sordell/profil/spieler/120599,https://fbref.com/en/players/9f596d20/Marvin-Sordell
Raheem Sterling,134425,https://www.transfermarkt.com/raheem-sterling/profil/spieler/134425,https://fbref.com/en/players/b400bde0/Raheem-Sterling
Denis Stracqualursi,92544,https://www.transfermarkt.com/denis-stracqualursi/profil/spieler/92544,https://fbref.com/en/players/623e9fe1/Denis-Stracqualursi
Andrew Surman,29975,https://www.transfermarkt.com/andrew-surman/profil/spieler/29975,https://fbref.com/en/players/7d41b619/Andrew-Surman
Adel Taarabt,45287,https://www.transfermarkt.com/adel-taarabt/profil/spieler/45287,https://fbref.com/en/players/47dc80f5/Adel-Taarabt
Taye Taiwo,28922,https://www.transfermarkt.com/taye-taiwo/profil/spieler/28922,https://fbref.com/en/players/1e437f1f/Taye-Taiwo
Alan Tate,7337,https://www.transfermarkt.com/alan-tate/profil/spieler/7337,https://fbref.com/en/players/d25626aa/Alan-Tate
Neil Taylor,67416,https://www.transfermarkt.com/neil-taylor/profil/spieler/67416,https://fbref.com/en/players/c2f9d19f/Neil-Taylor
Marc Tierney,67346,https://www.transfermarkt.com/marc-tierney/profil/spieler/67346,https://fbref.com/en/players/d4c01c38/Marc-Tierney
Armand Traoré,33783,https://www.transfermarkt.com/armand-traor/profil/spieler/33783,https://fbref.com/en/players/021ea92d/Armand-Traore
Gerhard Tremmel,488,https://www.transfermarkt.com/gerhard-tremmel/profil/spieler/488,https://fbref.com/en/players/4370cecc/Gerhard-Tremmel
Marcello Trotta,129505,https://www.transfermarkt.com/marcello-trotta/profil/spieler/129505,https://fbref.com/en/players/acdad0aa/Marcello-Trotta
Ross Turnbull,29159,https://www.transfermarkt.com/ross-turnbull/profil/spieler/29159,https://fbref.com/en/players/6db380ef/Ross-Turnbull
Josh Vela,173804,https://www.transfermarkt.com/josh-vela/profil/spieler/173804,https://fbref.com/en/players/dede4a42/Josh-Vela
Michel Vorm,26276,https://www.transfermarkt.com/michel-vorm/profil/spieler/26276,https://fbref.com/en/players/1bebde9d/Michel-Vorm
Dorus de Vries,6404,https://www.transfermarkt.com/dorus-de-vries/profil/spieler/6404,https://fbref.com/en/players/e704919e/Dorus-de-Vries
Haris Vučkić,76560,https://www.transfermarkt.com/haris-vuki/profil/spieler/76560,https://fbref.com/en/players/a8f4dfb9/Haris-Vuckic
Simon Vukčević,27239,https://www.transfermarkt.com/simon-vukevi/profil/spieler/27239,https://fbref.com/en/players/562d696a/Simon-Vukcevic
Elliott Ward,15838,https://www.transfermarkt.com/elliott-ward/profil/spieler/15838,https://fbref.com/en/players/58e98028/Elliott-Ward
Keiren Westwood,15164,https://www.transfermarkt.com/keiren-westwood/profil/spieler/15164,https://fbref.com/en/players/674ef042/Keiren-Westwood
Zak Whitbread,22230,https://www.transfermarkt.com/zak-whitbread/profil/spieler/22230,https://fbref.com/en/players/846e7a85/Zak-Whitbread
Connor Wickham,95435,https://www.transfermarkt.com/connor-wickham/profil/spieler/95435,https://fbref.com/en/players/41cc19c2/Connor-Wickham
Aaron Wilbraham,67202,https://www.transfermarkt.com/aaron-wilbraham/profil/spieler/67202,https://fbref.com/en/players/9b2c7f55/Aaron-Wilbraham
Ashley Williams,67355,https://www.transfermarkt.com/ashley-williams/profil/spieler/67355,https://fbref.com/en/players/a498e276/Ashley-Williams
Jonathan Woodgate,3224,https://www.transfermarkt.com/jonathan-woodgate/profil/spieler/3224,https://fbref.com/en/players/9482a3bd/Jonathan-Woodgate
Nico Yennaris,122721,https://www.transfermarkt.com/nico-yennaris/profil/spieler/122721,https://fbref.com/en/players/8cc4b934/Nico-Yennaris
Karim El Ahmadi,25523,https://www.transfermarkt.com/karim-el-ahmadi/profil/spieler/25523,https://fbref.com/en/players/0ff9eabc/Karim-El-Ahmadi
Nathan Aké,177476,https://www.transfermarkt.com/nathan-ak/profil/spieler/177476,https://fbref.com/en/players/eaeca114/Nathan-Ake
Hope Akpan,61559,https://www.transfermarkt.com/hope-akpan/profil/spieler/61559,https://fbref.com/en/players/1ccbca79/Hope-Akpan
Vurnon Anita,30670,https://www.transfermarkt.com/vurnon-anita/profil/spieler/30670,https://fbref.com/en/players/2d368fd5/Vurnon-Anita
Oussama Assaidi,57275,https://www.transfermarkt.com/oussama-assaidi/profil/spieler/57275,https://fbref.com/en/players/483322fe/Oussama-Assaidi
César Azpilicueta,57500,https://www.transfermarkt.com/csar-azpilicueta/profil/spieler/57500,https://fbref.com/en/players/53cad200/Cesar-Azpilicueta
Kyle Bartley,67421,https://www.transfermarkt.com/kyle-bartley/profil/spieler/67421,https://fbref.com/en/players/18e96f64/Kyle-Bartley
Luciano Becchio,71020,https://www.transfermarkt.com/luciano-becchio/profil/spieler/71020,https://fbref.com/en/players/3b3d4028/Luciano-Becchio
Joe Bennett,90964,https://www.transfermarkt.com/joe-bennett/profil/spieler/90964,https://fbref.com/en/players/dc936144/Joe-Bennett
Christian Benteke,50201,https://www.transfermarkt.com/christian-benteke/profil/spieler/50201,https://fbref.com/en/players/ab070c55/Christian-Benteke
Gaël Bigirimana,158697,https://www.transfermarkt.com/gal-bigirimana/profil/spieler/158697,https://fbref.com/en/players/b48778f2/Gael-Bigirimana
Fabio Borini,96754,https://www.transfermarkt.com/fabio-borini/profil/spieler/96754,https://fbref.com/en/players/ef5b337e/Fabio-Borini
Artur Boruc,15220,https://www.transfermarkt.com/artur-boruc/profil/spieler/15220,https://fbref.com/en/players/34ccf6fa/Artur-Boruc
Jordan Bowery,94655,https://www.transfermarkt.com/jordan-bowery/profil/spieler/94655,https://fbref.com/en/players/8f5a4e15/Jordan-Bowery
Izzy Brown,245805,https://www.transfermarkt.com/izzy-brown/profil/spieler/245805,https://fbref.com/en/players/bf54c8cc/Izzy-Brown
Alexander Büttner,38003,https://www.transfermarkt.com/alexander-bttner/profil/spieler/38003,https://fbref.com/en/players/a44f7c60/Alexander-Buttner
Geoff Cameron,31642,https://www.transfermarkt.com/geoff-cameron/profil/spieler/31642,https://fbref.com/en/players/1a160ea3/Geoff-Cameron
Lee Camp,42411,https://www.transfermarkt.com/lee-camp/profil/spieler/42411,https://fbref.com/en/players/df4b8b69/Lee-Camp
Eduard Campabadal,126722,https://www.transfermarkt.com/eduard-campabadal/profil/spieler/126722,https://fbref.com/en/players/bbf23a57/Eduard-Campabadal
Adam Campbell,204354,https://www.transfermarkt.com/adam-campbell/profil/spieler/204354,https://fbref.com/en/players/e3aa211f/Adam-Campbell
Daniel Carriço,37712,https://www.transfermarkt.com/daniel-carrio/profil/spieler/37712,https://fbref.com/en/players/e1deea75/Daniel-Carrico
Tom Carroll,121279,https://www.transfermarkt.com/tom-carroll/profil/spieler/121279,https://fbref.com/en/players/5a1900a4/Tom-Carroll
Santi Cazorla,15799,https://www.transfermarkt.com/santi-cazorla/profil/spieler/15799,https://fbref.com/en/players/e2e9c250/Santi-Cazorla
Júlio César,22412,https://www.transfermarkt.com/jlio-csar/profil/spieler/22412,https://fbref.com/en/players/754ac76b/Julio-Cesar
Richard Chaplow,9975,https://www.transfermarkt.com/richard-chaplow/profil/spieler/9975,https://fbref.com/en/players/66835431/Richard-Chaplow
Nathaniel Clyne,85177,https://www.transfermarkt.com/nathaniel-clyne/profil/spieler/85177,https://fbref.com/en/players/0442183b/Nathaniel-Clyne
Conor Coady,128901,https://www.transfermarkt.com/conor-coady/profil/spieler/128901,https://fbref.com/en/players/2928dca2/Conor-Coady
Jack Cork,40613,https://www.transfermarkt.com/jack-cork/profil/spieler/40613,https://fbref.com/en/players/74e12f1e/Jack-Cork
Philippe Coutinho,80444,https://www.transfermarkt.com/philippe-coutinho/profil/spieler/80444,https://fbref.com/en/players/0ef89a37/Philippe-Coutinho
Shaun Cummings,40614,https://www.transfermarkt.com/shaun-cummings/profil/spieler/40614,https://fbref.com/en/players/6bfe339f/Shaun-Cummings
Ben Davies,192765,https://www.transfermarkt.com/ben-davies/profil/spieler/192765,https://fbref.com/en/players/b99746b2/Ben-Davies
Kelvin Davis,13640,https://www.transfermarkt.com/kelvin-davis/profil/spieler/13640,https://fbref.com/en/players/33b6ee02/Kelvin-Davis
Steven Davis,28973,https://www.transfermarkt.com/steven-davis/profil/spieler/28973,https://fbref.com/en/players/cf15bbb1/Steven-Davis
Simon Dawkins,57488,https://www.transfermarkt.com/simon-dawkins/profil/spieler/57488,https://fbref.com/en/players/9db762f1/Simon-Dawkins
Steve De Ridder,41818,https://www.transfermarkt.com/steve-de-ridder/profil/spieler/41818,https://fbref.com/en/players/7561b81d/Steve-De-Ridder
Mathieu Debuchy,27306,https://www.transfermarkt.com/mathieu-debuchy/profil/spieler/27306,https://fbref.com/en/players/92232aad/Mathieu-Debuchy
Ashkan Dejagah,13979,https://www.transfermarkt.com/ashkan-dejagah/profil/spieler/13979,https://fbref.com/en/players/5171db60/Ashkan-Dejagah
Guy Demel,1368,https://www.transfermarkt.com/guy-demel/profil/spieler/1368,https://fbref.com/en/players/605bba68/Guy-Demel
Alou Diarra,1327,https://www.transfermarkt.com/alou-diarra/profil/spieler/1327,https://fbref.com/en/players/9b74ce00/Alou-Diarra
Maurice Edu,50987,https://www.transfermarkt.com/maurice-edu/profil/spieler/50987,https://fbref.com/en/players/748dbb80/Maurice-Edu
Rob Elliot,39037,https://www.transfermarkt.com/rob-elliot/profil/spieler/39037,https://fbref.com/en/players/9ade4dc1/Robbie-Elliott
Urby Emanuelson,20586,https://www.transfermarkt.com/urby-emanuelson/profil/spieler/20586,https://fbref.com/en/players/66e83563/Urby-Emanuelson
Eyong Enoh,47344,https://www.transfermarkt.com/eyong-enoh/profil/spieler/47344,https://fbref.com/en/players/d3dcab48/Eyong-Enoh
Roger Espinoza,71096,https://www.transfermarkt.com/roger-espinoza/profil/spieler/71096,https://fbref.com/en/players/60b7c195/Roger-Espinoza
Iago Falque,59340,https://www.transfermarkt.com/iago-falque/profil/spieler/59340,https://fbref.com/en/players/440c84ed/Iago-Falque
Adam Federici,4233,https://www.transfermarkt.com/adam-federici/profil/spieler/4233,https://fbref.com/en/players/e5ea8be7/Adam-Federici
Chico Flores,51681,https://www.transfermarkt.com/chico-flores/profil/spieler/51681,https://fbref.com/en/players/95825cf2/Chico-Flores
José Fonte,33829,https://www.transfermarkt.com/jos-fonte/profil/spieler/33829,https://fbref.com/en/players/90f87966/Jose-Fonte
Danny Fox,31553,https://www.transfermarkt.com/danny-fox/profil/spieler/31553,https://fbref.com/en/players/857ec97f/Danny-Fox
Fraser Fyvie,107350,https://www.transfermarkt.com/fraser-fyvie/profil/spieler/107350,https://fbref.com/en/players/c9c0913c/Fraser-Fyvie
Javi García,36350,https://www.transfermarkt.com/javi-garca/profil/spieler/36350,https://fbref.com/en/players/8560652b/Javi-Garcia-Almendro
Javier Garrido,7571,https://www.transfermarkt.com/javier-garrido/profil/spieler/7571,https://fbref.com/en/players/3b142ce5/Javier-Garrido
Paulo Gazzaniga,195488,https://www.transfermarkt.com/paulo-gazzaniga/profil/spieler/195488,https://fbref.com/en/players/63d17038/Paulo-Gazzaniga
Olivier Giroud,82442,https://www.transfermarkt.com/olivier-giroud/profil/spieler/82442,https://fbref.com/en/players/16ceb862/Olivier-Giroud
Serge Gnabry,159471,https://www.transfermarkt.com/serge-gnabry/profil/spieler/159471,https://fbref.com/en/players/88e357ef/Serge-Gnabry
Román Golobart,90273,https://www.transfermarkt.com/romn-golobart/profil/spieler/90273,https://fbref.com/en/players/564f1536/Roman-Golobart
Kaspars Gorkšs,30379,https://www.transfermarkt.com/kaspars-gorks/profil/spieler/30379,https://fbref.com/en/players/a340b996/Kaspars-Gorkss
Yoan Gouffran,23825,https://www.transfermarkt.com/yoan-gouffran/profil/spieler/23825,https://fbref.com/en/players/a28d181a/Yoan-Gouffran
Esteban Granero,44065,https://www.transfermarkt.com/esteban-granero/profil/spieler/44065,https://fbref.com/en/players/1b17ed86/Esteban-Granero
Chris Gunter,43853,https://www.transfermarkt.com/chris-gunter/profil/spieler/43853,https://fbref.com/en/players/8593f88c/Christian-Gunter
Jonathan de Guzmán,31067,https://www.transfermarkt.com/jonathan-de-guzmn/profil/spieler/31067,https://fbref.com/en/players/1bcca8b8/Jonathan-de-Guzman
Massadio Haïdara,170929,https://www.transfermarkt.com/massadio-hadara/profil/spieler/170929,https://fbref.com/en/players/5167c97e/Massadio-Haidara
Robert Hall,121236,https://www.transfermarkt.com/robert-hall/profil/spieler/121236,https://fbref.com/en/players/89602ebf/Robert-Hall
Ian Harte,3634,https://www.transfermarkt.com/ian-harte/profil/spieler/3634,https://fbref.com/en/players/fd4fa092/Ian-Harte
Eden Hazard,50202,https://www.transfermarkt.com/eden-hazard/profil/spieler/50202,https://fbref.com/en/players/a39bb753/Eden-Hazard
Ángelo Henríquez,189740,https://www.transfermarkt.com/ngelo-henrquez/profil/spieler/189740,https://fbref.com/en/players/6f3a433e/Angelo-Henriquez
Pablo Hernández,46220,https://www.transfermarkt.com/pablo-hernndez/profil/spieler/46220,https://fbref.com/en/players/c0398aca/Pablo-Hernandez
Brett Holman,21496,https://www.transfermarkt.com/brett-holman/profil/spieler/21496,https://fbref.com/en/players/4f0d1bbe/Brett-Holman
Lewis Holtby,55508,https://www.transfermarkt.com/lewis-holtby/profil/spieler/55508,https://fbref.com/en/players/410ab123/Lewis-Holtby
Jos Hooiveld,4624,https://www.transfermarkt.com/jos-hooiveld/profil/spieler/4624,https://fbref.com/en/players/f544a6ab/Jos-Hooiveld
Noel Hunt,12628,https://www.transfermarkt.com/noel-hunt/profil/spieler/12628,https://fbref.com/en/players/6825c1f9/Noel-Hunt
Jordon Ibe,195652,https://www.transfermarkt.com/jordon-ibe/profil/spieler/195652,https://fbref.com/en/players/9f736ed2/Jordon-Ibe
Shinji Kagawa,81785,https://www.transfermarkt.com/shinji-kagawa/profil/spieler/81785,https://fbref.com/en/players/5afafbfe/Shinji-Kagawa
Kei Kamara,39049,https://www.transfermarkt.com/kei-kamara/profil/spieler/39049,https://fbref.com/en/players/6e3f3809/Kei-Kamara
Harry Kane,132098,https://www.transfermarkt.com/harry-kane/profil/spieler/132098,https://fbref.com/en/players/21a66f6a/Harry-Kane
Jem Karacan,61447,https://www.transfermarkt.com/jem-karacan/profil/spieler/61447,https://fbref.com/en/players/7027738f/Jem-Karacan
Giorgos Karagounis,6106,https://www.transfermarkt.com/giorgos-karagounis/profil/spieler/6106,https://fbref.com/en/players/ed2192d0/Giorgos-Karagounis
Jimmy Kébé,33822,https://www.transfermarkt.com/jimmy-kb/profil/spieler/33822,https://fbref.com/en/players/ea7c7cdf/Jimmy-Kebe
Billy Knott,133392,https://www.transfermarkt.com/billy-knott/profil/spieler/133392,https://fbref.com/en/players/49809c96/Billy-Knott
Arouna Koné,8552,https://www.transfermarkt.com/arouna-kon/profil/spieler/8552,https://fbref.com/en/players/f9a72ca4/Arouna-Kone
Adam Lallana,43530,https://www.transfermarkt.com/adam-lallana/profil/spieler/43530,https://fbref.com/en/players/99813635/Adam-Lallana
Roland Lamah,35035,https://www.transfermarkt.com/roland-lamah/profil/spieler/35035,https://fbref.com/en/players/336a36fb/Roland-Lamah
Rickie Lambert,49655,https://www.transfermarkt.com/rickie-lambert/profil/spieler/49655,https://fbref.com/en/players/495de82c/Rickie-Lambert
Adam le Fondre,46106,https://www.transfermarkt.com/adam-le-fondre/profil/spieler/46106,https://fbref.com/en/players/f3a77fec/Adam-le-Fondre
Mikele Leigertwood,14041,https://www.transfermarkt.com/mikele-leigertwood/profil/spieler/14041,https://fbref.com/en/players/3cd9228b/Mikele-Leigertwood
Hugo Lloris,17965,https://www.transfermarkt.com/hugo-lloris/profil/spieler/17965,https://fbref.com/en/players/8f62b6ee/Hugo-Lloris
Matthew Lowton,102258,https://www.transfermarkt.com/matthew-lowton/profil/spieler/102258,https://fbref.com/en/players/9a9c05db/Matthew-Lowton
Modibo Maïga,46831,https://www.transfermarkt.com/modibo-maga/profil/spieler/46831,https://fbref.com/en/players/a546477d/Modibo-Maiga
Mikael Mandron,218144,https://www.transfermarkt.com/mikael-mandron/profil/spieler/218144,https://fbref.com/en/players/47a26e7c/Mikael-Mandron
Kader Mangane,4796,https://www.transfermarkt.com/kader-mangane/profil/spieler/4796,https://fbref.com/en/players/dbb10755/Kader-Mangane
Vito Mannone,33781,https://www.transfermarkt.com/vito-mannone/profil/spieler/33781,https://fbref.com/en/players/c4173f1a/Vito-Mannone
Stanislav Manolev,36233,https://www.transfermarkt.com/stanislav-manolev/profil/spieler/36233,https://fbref.com/en/players/42138efa/Stanislav-Manolev
Adrian Mariappa,38145,https://www.transfermarkt.com/adrian-mariappa/profil/spieler/38145,https://fbref.com/en/players/8aa5f52c/Adrian-Mariappa
Marko Marin,35251,https://www.transfermarkt.com/marko-marin/profil/spieler/35251,https://fbref.com/en/players/a022e78c/Marko-Marin
Emmanuel Mayuka,55709,https://www.transfermarkt.com/emmanuel-mayuka/profil/spieler/55709,https://fbref.com/en/players/126fd532/Emmanuel-Mayuka
Stéphane Mbia,27470,https://www.transfermarkt.com/stphane-mbia/profil/spieler/27470,https://fbref.com/en/players/c39d9657/Stephane-Mbia
Jobi McAnuff,14047,https://www.transfermarkt.com/jobi-mcanuff/profil/spieler/14047,https://fbref.com/en/players/0f602616/Jobi-McAnuff
Alex McCarthy,95976,https://www.transfermarkt.com/alex-mccarthy/profil/spieler/95976,https://fbref.com/en/players/36c2ca73/Alex-McCarthy
George McCartney,3775,https://www.transfermarkt.com/george-mccartney/profil/spieler/3775,https://fbref.com/en/players/f6c4946d/George-McCartney
Garath McCleary,69653,https://www.transfermarkt.com/garath-mccleary/profil/spieler/69653,https://fbref.com/en/players/3d383df8/Garath-McCleary
Michu,70789,https://www.transfermarkt.com/michu/profil/spieler/70789,https://fbref.com/en/players/98429b7b/Michu
Kevin Mirallas,33639,https://www.transfermarkt.com/kevin-mirallas/profil/spieler/33639,https://fbref.com/en/players/aa51343f/Kevin-Mirallas
Adam Mitchell,154293,https://www.transfermarkt.com/adam-mitchell/profil/spieler/154293,https://fbref.com/en/players/c2a4ce02/Adam-Mitchell
Nacho Monreal,43003,https://www.transfermarkt.com/nacho-monreal/profil/spieler/43003,https://fbref.com/en/players/d4cb83cc/Nacho-Monreal
Sean Morrison,79723,https://www.transfermarkt.com/sean-morrison/profil/spieler/79723,https://fbref.com/en/players/09fec029/Sean-Morrison
Ján Mucha,33195,https://www.transfermarkt.com/jn-mucha/profil/spieler/33195,https://fbref.com/en/players/1fa82e32/Jan-Mucha
Alfred N'Diaye,77737,https://www.transfermarkt.com/alfred-ndiaye/profil/spieler/77737,https://fbref.com/en/players/7789bf63/Alfred-NDiaye
Steven Naismith,12763,https://www.transfermarkt.com/steven-naismith/profil/spieler/12763,https://fbref.com/en/players/5e98c186/Steven-Naismith
Matija Nastasić,143559,https://www.transfermarkt.com/matija-nastasi/profil/spieler/143559,https://fbref.com/en/players/f35430a4/Matija-Nastasic
Joey O'Brien,34672,https://www.transfermarkt.com/joey-obrien/profil/spieler/34672,https://fbref.com/en/players/ce46f501/Joey-OBrien
Oscar,85314,https://www.transfermarkt.com/oscar/profil/spieler/85314,https://fbref.com/en/players/fc647b34/Oscar-Trejo
Bryan Oviedo,124983,https://www.transfermarkt.com/bryan-oviedo/profil/spieler/124983,https://fbref.com/en/players/31faf295/Bryan-Oviedo
Alex Pearce,47768,https://www.transfermarkt.com/alex-pearce/profil/spieler/47768,https://fbref.com/en/players/66e0514a/Alex-Pearce
Mladen Petrić,2874,https://www.transfermarkt.com/mladen-petri/profil/spieler/2874,https://fbref.com/en/players/2cc63c53/Mladen-Petric
Lucas Piazon,176485,https://www.transfermarkt.com/lucas-piazon/profil/spieler/176485,https://fbref.com/en/players/f201798c/Lucas-Piazon
Lukas Podolski,15185,https://www.transfermarkt.com/lukas-podolski/profil/spieler/15185,https://fbref.com/en/players/88f0a9a0/Lukas-Podolski
Emanuel Pogatetz,1094,https://www.transfermarkt.com/emanuel-pogatetz/profil/spieler/1094,https://fbref.com/en/players/6b08d120/Emanuel-Pogatetz
Goran Popov,19721,https://www.transfermarkt.com/goran-popov/profil/spieler/19721,https://fbref.com/en/players/4b7fd1e2/Goran-Popov
Dan Potts,207037,https://www.transfermarkt.com/dan-potts/profil/spieler/207037,https://fbref.com/en/players/3595affe/Dan-Potts
Nick Powell,134424,https://www.transfermarkt.com/nick-powell/profil/spieler/134424,https://fbref.com/en/players/05ca4fcb/Nick-Powell
Guly do Prado,22801,https://www.transfermarkt.com/guly-do-prado/profil/spieler/22801,https://fbref.com/en/players/3ed6e788/Guly-do-Prado
Gastón Ramírez,123742,https://www.transfermarkt.com/gastn-ramrez/profil/spieler/123742,https://fbref.com/en/players/2c851997/Gaston-Ramirez
Iván Ramis,26066,https://www.transfermarkt.com/ivn-ramis/profil/spieler/26066,https://fbref.com/en/players/d2be40f2/Ivan-Ramis
Ben Reeves,171234,https://www.transfermarkt.com/ben-reeves/profil/spieler/171234,https://fbref.com/en/players/4db1f85d/Ben-Reeves
Karim Rekik,182579,https://www.transfermarkt.com/karim-rekik/profil/spieler/182579,https://fbref.com/en/players/3376a776/Karim-Rekik
Loïc Rémy,45121,https://www.transfermarkt.com/loc-rmy/profil/spieler/45121,https://fbref.com/en/players/5c2da10f/Loic-Remy
Frazer Richardson,4094,https://www.transfermarkt.com/frazer-richardson/profil/spieler/4094,https://fbref.com/en/players/4b3d3a68/Frazer-Richardson
Sascha Riether,1662,https://www.transfermarkt.com/sascha-riether/profil/spieler/1662,https://fbref.com/en/players/3cb009c5/Sascha-Riether
Joel Robles,101118,https://www.transfermarkt.com/joel-robles/profil/spieler/101118,https://fbref.com/en/players/cda0b317/Joel-Robles
Hal Robson-Kanu,65976,https://www.transfermarkt.com/hal-robson-kanu/profil/spieler/65976,https://fbref.com/en/players/fb2dec57/Hal-Robson-Kanu
Jay Rodriguez,53360,https://www.transfermarkt.com/jay-rodriguez/profil/spieler/53360,https://fbref.com/en/players/4ab53cdb/Jay-Rodriguez
Markus Rosenberg,27505,https://www.transfermarkt.com/markus-rosenberg/profil/spieler/27505,https://fbref.com/en/players/5faa73aa/Markus-Rosenberg
Nuri Şahin,31095,https://www.transfermarkt.com/nuri-ahin/profil/spieler/31095,https://fbref.com/en/players/f4081572/Nuri-Sahin
Dominic Samuel,203784,https://www.transfermarkt.com/dominic-samuel/profil/spieler/203784,https://fbref.com/en/players/65829d85/Dominic-Samuel
Morgan Schneiderlin,56818,https://www.transfermarkt.com/morgan-schneiderlin/profil/spieler/56818,https://fbref.com/en/players/51b41c5c/Morgan-Schneiderlin
Billy Sharp,49542,https://www.transfermarkt.com/billy-sharp/profil/spieler/49542,https://fbref.com/en/players/e8c9f4e9/Billy-Sharp
Luke Shaw,183288,https://www.transfermarkt.com/luke-shaw/profil/spieler/183288,https://fbref.com/en/players/9c94165b/Luke-Shaw
Brek Shea,71107,https://www.transfermarkt.com/brek-shea/profil/spieler/71107,https://fbref.com/en/players/adb6ae24/Brek-Shea
Itay Shechter,44760,https://www.transfermarkt.com/itay-shechter/profil/spieler/44760,https://fbref.com/en/players/adfc4cc1/Itay-Shechter
Maicon Sisenando,18301,https://www.transfermarkt.com/maicon-sisenando/profil/spieler/18301,https://fbref.com/en/players/fbc5d136/Maicon-Sisenando
Moussa Sissoko,46001,https://www.transfermarkt.com/moussa-sissoko/profil/spieler/46001,https://fbref.com/en/players/2acd49b9/Moussa-Sissoko
Alex Smith,33754,https://www.transfermarkt.com/alex-smith/profil/spieler/33754,https://fbref.com/en/players/bb91617c/Alex-Smithies
Robert Snodgrass,22614,https://www.transfermarkt.com/robert-snodgrass/profil/spieler/22614,https://fbref.com/en/players/9f4647e9/Robert-Snodgrass
Enda Stevens,85706,https://www.transfermarkt.com/enda-stevens/profil/spieler/85706,https://fbref.com/en/players/17d4507a/Enda-Stevens
Ki Sung-yueng,81796,https://www.transfermarkt.com/ki-sung-yueng/profil/spieler/81796,https://fbref.com/en/players/1d8c99b0/Ki-Sung-yueng
Suso,111961,https://www.transfermarkt.com/suso/profil/spieler/111961,https://fbref.com/en/players/ac78902c/Suso-Santana
Yacouba Sylla,160080,https://www.transfermarkt.com/yacouba-sylla/profil/spieler/160080,https://fbref.com/en/players/f121f4b7/Yacouba-Sylla
Jay Tabb,42284,https://www.transfermarkt.com/jay-tabb/profil/spieler/42284,https://fbref.com/en/players/69cc718f/Jay-Tabb
James Tavernier,62094,https://www.transfermarkt.com/james-tavernier/profil/spieler/62094,https://fbref.com/en/players/be765073/James-Tavernier
Stuart Taylor,3190,https://www.transfermarkt.com/stuart-taylor/profil/spieler/3190,https://fbref.com/en/players/30871c08/Stuart-Taylor
Alexander Tettey,12384,https://www.transfermarkt.com/alexander-tettey/profil/spieler/12384,https://fbref.com/en/players/75566759/Alexander-Tettey
Dwight Tiendalli,29356,https://www.transfermarkt.com/dwight-tiendalli/profil/spieler/29356,https://fbref.com/en/players/e7a1007d/Dwight-Tiendalli
Andros Townsend,61842,https://www.transfermarkt.com/andros-townsend/profil/spieler/61842,https://fbref.com/en/players/b28bbd58/Andros-Townsend
Ricardo Vaz Tê,9413,https://www.transfermarkt.com/ricardo-vaz-t/profil/spieler/9413,https://fbref.com/en/players/238aa706/Ricardo-Vaz-Te
Jan Vertonghen,43250,https://www.transfermarkt.com/jan-vertonghen/profil/spieler/43250,https://fbref.com/en/players/ba23a904/Jan-Vertonghen
Ron Vlaar,30697,https://www.transfermarkt.com/ron-vlaar/profil/spieler/30697,https://fbref.com/en/players/366f6f12/Ron-Vlaar
James Ward-Prowse,181579,https://www.transfermarkt.com/james-ward-prowse/profil/spieler/181579,https://fbref.com/en/players/3515d404/James-Ward-Prowse
Ashley Westwood,91317,https://www.transfermarkt.com/ashley-westwood/profil/spieler/91317,https://fbref.com/en/players/495945ef/Ashley-Westwood
Steven Whittaker,12704,https://www.transfermarkt.com/steven-whittaker/profil/spieler/12704,https://fbref.com/en/players/06f81a8c/Steven-Whittaker
Derrick Williams,128287,https://www.transfermarkt.com/derrick-williams/profil/spieler/128287,https://fbref.com/en/players/c0a28fbd/Derrick-Williams
Andre Wisdom,128912,https://www.transfermarkt.com/andre-wisdom/profil/spieler/128912,https://fbref.com/en/players/ab6a3628/Andre-Wisdom
Claudio Yacob,45330,https://www.transfermarkt.com/claudio-yacob/profil/spieler/45330,https://fbref.com/en/players/bda6ffd4/Claudio-Yacob
Mapou Yanga-Mbiwa,57480,https://www.transfermarkt.com/mapou-yanga-mbiwa/profil/spieler/57480,https://fbref.com/en/players/20573d10/Mapou-Yanga-Mbiwa
Maya Yoshida,81789,https://www.transfermarkt.com/maya-yoshida/profil/spieler/81789,https://fbref.com/en/players/caffaf5a/Maya-Yoshida
Adrián,34495,https://www.transfermarkt.com/adrin/profil/spieler/34495,https://fbref.com/en/players/57ebd662/Adrian-Gonzalez
Chuba Akpom,197642,https://www.transfermarkt.com/chuba-akpom/profil/spieler/197642,https://fbref.com/en/players/e2b384d2/Chuba-Akpom
Luis Alberto,44352,https://www.transfermarkt.com/luis-alberto/profil/spieler/44352,https://fbref.com/en/players/5294a83f/Luis-Alberto
Jozy Altidore,39378,https://www.transfermarkt.com/jozy-altidore/profil/spieler/39378,https://fbref.com/en/players/8db8ad1e/Jozy-Altidore
Sone Aluko,42198,https://www.transfermarkt.com/sone-aluko/profil/spieler/42198,https://fbref.com/en/players/5a75d4cc/Sone-Aluko
Morgan Amalfitano,39883,https://www.transfermarkt.com/morgan-amalfitano/profil/spieler/39883,https://fbref.com/en/players/ab914649/Morgan-Amalfitano
Jordi Amat,85289,https://www.transfermarkt.com/jordi-amat/profil/spieler/85289,https://fbref.com/en/players/d70a2141/Jordi-Amat
Fernando Amorebieta,35548,https://www.transfermarkt.com/fernando-amorebieta/profil/spieler/35548,https://fbref.com/en/players/b2bbc0ec/Fernando-Amorebieta
Pablo Armero,73786,https://www.transfermarkt.com/pablo-armero/profil/spieler/73786,https://fbref.com/en/players/afabf74e/Pablo-Armero
Adam Armstrong,250426,https://www.transfermarkt.com/adam-armstrong/profil/spieler/250426,https://fbref.com/en/players/68c720b5/Adam-Armstrong
Marko Arnautović,41384,https://www.transfermarkt.com/marko-arnautovi/profil/spieler/41384,https://fbref.com/en/players/00459419/Marko-Arnautovic
Iago Aspas,72047,https://www.transfermarkt.com/iago-aspas/profil/spieler/72047,https://fbref.com/en/players/7dcf86f6/Iago-Aspas
El-Hadji Ba,169090,https://www.transfermarkt.com/el-hadji-ba/profil/spieler/169090,https://fbref.com/en/players/8fb79730/Daouda-El-Hadji-Ba
Leandro Bacuna,126014,https://www.transfermarkt.com/leandro-bacuna/profil/spieler/126014,https://fbref.com/en/players/9dc69d38/Leandro-Bacuna
Nabil Bentaleb,245537,https://www.transfermarkt.com/nabil-bentaleb/profil/spieler/245537,https://fbref.com/en/players/3189f61a/Nabil-Bentaleb
Saido Berahino,128897,https://www.transfermarkt.com/saido-berahino/profil/spieler/128897,https://fbref.com/en/players/25b166d0/Saido-Berahino
Thievy Bifouma,181477,https://www.transfermarkt.com/thievy-bifouma/profil/spieler/181477,https://fbref.com/en/players/5978dc3c/Thievy-Bifouma
Kim Bo-kyung,128375,https://www.transfermarkt.com/kim-bo-kyung/profil/spieler/128375,https://fbref.com/en/players/587ddfd6/Kim-Bo-kyung
Derek Boateng,18091,https://www.transfermarkt.com/derek-boateng/profil/spieler/18091,https://fbref.com/en/players/e9ef3a0d/Derek-Boateng
Yannick Bolasie,75471,https://www.transfermarkt.com/yannick-bolasie/profil/spieler/75471,https://fbref.com/en/players/715fc0fe/Yannick-Bolasie
Wilfried Bony,81808,https://www.transfermarkt.com/wilfried-bony/profil/spieler/81808,https://fbref.com/en/players/61abe9b6/Wilfried-Bony
Marco Borriello,5825,https://www.transfermarkt.com/marco-borriello/profil/spieler/5825,https://fbref.com/en/players/a889ffc7/Marco-Borriello
George Boyd,45623,https://www.transfermarkt.com/george-boyd/profil/spieler/45623,https://fbref.com/en/players/0a9048ce/George-Boyd
Robbie Brady,128229,https://www.transfermarkt.com/robbie-brady/profil/spieler/128229,https://fbref.com/en/players/96bb8cc2/Robbie-Brady
Liam Bridcutt,40612,https://www.transfermarkt.com/liam-bridcutt/profil/spieler/40612,https://fbref.com/en/players/d6066695/Liam-Bridcutt
Alex Bruce,37957,https://www.transfermarkt.com/alex-bruce/profil/spieler/37957,https://fbref.com/en/players/102ed2b2/Alex-Bruce
Dan Burn,134270,https://www.transfermarkt.com/dan-burn/profil/spieler/134270,https://fbref.com/en/players/b2d31e83/Dan-Burn
Jack Butland,128899,https://www.transfermarkt.com/jack-butland/profil/spieler/128899,https://fbref.com/en/players/cc70a1d5/Jack-Butland
Cabral,231572,https://www.transfermarkt.com/cabral/profil/spieler/231572,https://fbref.com/en/players/487b7f40/Millene-Cabral
Cala,237686,https://www.transfermarkt.com/cala/profil/spieler/237686,https://fbref.com/en/players/e412488f/Emanuele-Calaio
José Campaña,120095,https://www.transfermarkt.com/jos-campaa/profil/spieler/120095,https://fbref.com/en/players/61220da2/Jose-Campana
José Cañas,7657,https://www.transfermarkt.com/jos-caas/profil/spieler/7657,https://fbref.com/en/players/72a2e37e/Juan-Jose-Canas
Étienne Capoue,63494,https://www.transfermarkt.com/tienne-capoue/profil/spieler/63494,https://fbref.com/en/players/5acc4a10/Etienne-Capoue
João Carlos Teixeira,132214,https://www.transfermarkt.com/joo-carlos-teixeira/profil/spieler/132214,https://fbref.com/en/players/601299e9/Joao-Carlos-Teixeira
Ondřej Čelůstka,70131,https://www.transfermarkt.com/ondej-elstka/profil/spieler/70131,https://fbref.com/en/players/393a257c/Ondrej-Celustka
Nacer Chadli,59631,https://www.transfermarkt.com/nacer-chadli/profil/spieler/59631,https://fbref.com/en/players/5b54bf3b/Nacer-Chadli
Calum Chambers,215118,https://www.transfermarkt.com/calum-chambers/profil/spieler/215118,https://fbref.com/en/players/dc6f5bdd/Calum-Chambers
James Chester,73482,https://www.transfermarkt.com/james-chester/profil/spieler/73482,https://fbref.com/en/players/a772eba6/James-Chester
Vlad Chiricheș,123261,https://www.transfermarkt.com/vlad-chiriche/profil/spieler/123261,https://fbref.com/en/players/c316607a/Vlad-Chiriches
Aly Cissokho,57515,https://www.transfermarkt.com/aly-cissokho/profil/spieler/57515,https://fbref.com/en/players/83a2bb30/Aly-Cissokho
Larnell Cole,141650,https://www.transfermarkt.com/larnell-cole/profil/spieler/141650,https://fbref.com/en/players/ce1faab0/Larnell-Cole
Andreas Cornelius,203412,https://www.transfermarkt.com/andreas-cornelius/profil/spieler/203412,https://fbref.com/en/players/c693347d/Andreas-Cornelius
Don Cowie,14746,https://www.transfermarkt.com/don-cowie/profil/spieler/14746,https://fbref.com/en/players/c06e8b72/Don-Cowie
Luke Daniels,45921,https://www.transfermarkt.com/luke-daniels/profil/spieler/45921,https://fbref.com/en/players/87fce32b/Luke-Daniels
Chris David,187285,https://www.transfermarkt.com/chris-david/profil/spieler/187285,https://fbref.com/en/players/51ceacc1/Chris-David
Kevin De Bruyne,88755,https://www.transfermarkt.com/kevin-de-bruyne/profil/spieler/88755,https://fbref.com/en/players/e46012d4/Kevin-De-Bruyne
Damien Delaney,36861,https://www.transfermarkt.com/damien-delaney/profil/spieler/36861,https://fbref.com/en/players/210d9ecb/Damien-Delaney
Moussa Dembélé,229004,https://www.transfermarkt.com/moussa-dembl/profil/spieler/229004,https://fbref.com/en/players/e7986081/Moussa-Dembele
Martín Demichelis,2963,https://www.transfermarkt.com/martn-demichelis/profil/spieler/2963,https://fbref.com/en/players/e9c7102a/Martin-Demichelis
Gerard Deulofeu,129476,https://www.transfermarkt.com/gerard-deulofeu/profil/spieler/129476,https://fbref.com/en/players/39583cfd/Gerard-Deulofeu
Modibo Diakité,41749,https://www.transfermarkt.com/modibo-diakit/profil/spieler/41749,https://fbref.com/en/players/e5eb4ab4/Modibo-Diakite
Andrea Dossena,21863,https://www.transfermarkt.com/andrea-dossena/profil/spieler/21863,https://fbref.com/en/players/3ae59b9c/Andrea-Dossena
Paul Dummett,170321,https://www.transfermarkt.com/paul-dummett/profil/spieler/170321,https://fbref.com/en/players/3fe6bd8c/Paul-Dummett
Marvin Emnes,37787,https://www.transfermarkt.com/marvin-emnes/profil/spieler/37787,https://fbref.com/en/players/a5900d91/Marvin-Emnes
Christian Eriksen,69633,https://www.transfermarkt.com/christian-eriksen/profil/spieler/69633,https://fbref.com/en/players/980522ec/Christian-Eriksen
Samuel Eto'o,4257,https://www.transfermarkt.com/samuel-etoo/profil/spieler/4257,https://fbref.com/en/players/06420c93/Samuel-Etoo
Leroy Fer,63342,https://www.transfermarkt.com/leroy-fer/profil/spieler/63342,https://fbref.com/en/players/3cefa66a/Leroy-Fer
Fernandinho,26267,https://www.transfermarkt.com/fernandinho/profil/spieler/26267,https://fbref.com/en/players/9e23bf9b/Fernandinho
Mathieu Flamini,17396,https://www.transfermarkt.com/mathieu-flamini/profil/spieler/17396,https://fbref.com/en/players/148d4105/Mathieu-Flamini
Matty Fryatt,14013,https://www.transfermarkt.com/matty-fryatt/profil/spieler/14013,https://fbref.com/en/players/4980fb08/Matty-Fryatt
Jay Fulton,171260,https://www.transfermarkt.com/jay-fulton/profil/spieler/171260,https://fbref.com/en/players/434ad289/Jay-Fulton
Sam Gallagher,227183,https://www.transfermarkt.com/sam-gallagher/profil/spieler/227183,https://fbref.com/en/players/44361ade/Sam-Gallagher
Luke Garbutt,110860,https://www.transfermarkt.com/luke-garbutt/profil/spieler/110860,https://fbref.com/en/players/41017ad5/Luke-Garbutt
Owen Garvan,33249,https://www.transfermarkt.com/owen-garvan/profil/spieler/33249,https://fbref.com/en/players/47b3b724/Owen-Garvan
Dwight Gayle,196522,https://www.transfermarkt.com/dwight-gayle/profil/spieler/196522,https://fbref.com/en/players/e58a03c6/Dwight-Gayle
Mohamed Gedo,104941,https://www.transfermarkt.com/mohamed-gedo/profil/spieler/104941,https://fbref.com/en/players/814ef6ba/Mohamed-Gedo
Rudy Gestede,39908,https://www.transfermarkt.com/rudy-gestede/profil/spieler/39908,https://fbref.com/en/players/822b3ef9/Rudy-Gestede
Emanuele Giaccherini,84835,https://www.transfermarkt.com/emanuele-giaccherini/profil/spieler/84835,https://fbref.com/en/players/1c50f354/Emanuele-Giaccherini
Marco van Ginkel,147034,https://www.transfermarkt.com/marco-van-ginkel/profil/spieler/147034,https://fbref.com/en/players/47681787/Marco-van-Ginkel
Jack Grealish,203460,https://www.transfermarkt.com/jack-grealish/profil/spieler/203460,https://fbref.com/en/players/b0b4fd3e/Jack-Grealish
John Guidetti,98596,https://www.transfermarkt.com/john-guidetti/profil/spieler/98596,https://fbref.com/en/players/99bebd12/John-Guidetti
Aron Gunnarsson,63821,https://www.transfermarkt.com/aron-gunnarsson/profil/spieler/63821,https://fbref.com/en/players/e2533c20/Aron-Gunnarsson
Rhys Healey,238185,https://www.transfermarkt.com/rhys-healey/profil/spieler/238185,https://fbref.com/en/players/07ace8c3/Rhys-Healey
Nicklas Helenius,102132,https://www.transfermarkt.com/nicklas-helenius/profil/spieler/102132,https://fbref.com/en/players/ae3d2f47/Nicklas-Helenius
Gary Hooper,42513,https://www.transfermarkt.com/gary-hooper/profil/spieler/42513,https://fbref.com/en/players/b73ce4ba/Gary-Hooper
Mark Hudson,3640,https://www.transfermarkt.com/mark-hudson/profil/spieler/3640,https://fbref.com/en/players/e4e3de44/Mark-Hudson
Tom Ince,157368,https://www.transfermarkt.com/tom-ince/profil/spieler/157368,https://fbref.com/en/players/67d23ab0/Tom-Ince
Jo Inge Berget,73323,https://www.transfermarkt.com/jo-inge-berget/profil/spieler/73323,https://fbref.com/en/players/f512a009/Jo-Inge-Berget
Eldin Jakupović,2857,https://www.transfermarkt.com/eldin-jakupovi/profil/spieler/2857,https://fbref.com/en/players/1148323a/Eldin-Jakupovic
Tom James,325105,https://www.transfermarkt.com/tom-james/profil/spieler/325105,https://fbref.com/en/players/e7ca0439/James-Tomkins
Adnan Januzaj,177847,https://www.transfermarkt.com/adnan-januzaj/profil/spieler/177847,https://fbref.com/en/players/4737cebe/Adnan-Januzaj
Mile Jedinak,28336,https://www.transfermarkt.com/mile-jedinak/profil/spieler/28336,https://fbref.com/en/players/22fd2214/Mile-Jedinak
Declan John,238585,https://www.transfermarkt.com/declan-john/profil/spieler/238585,https://fbref.com/en/players/8e42ea27/Declan-John
Luuk de Jong,72522,https://www.transfermarkt.com/luuk-de-jong/profil/spieler/72522,https://fbref.com/en/players/abb3bb95/Luuk-de-Jong
Stevan Jovetić,46104,https://www.transfermarkt.com/stevan-joveti/profil/spieler/46104,https://fbref.com/en/players/f36c432f/Stevan-Jovetic
Tomáš Kalas,148657,https://www.transfermarkt.com/tom-kalas/profil/spieler/148657,https://fbref.com/en/players/df618867/Tomas-Kalas
Kim Källström,3730,https://www.transfermarkt.com/kim-kllstrm/profil/spieler/3730,https://fbref.com/en/players/c9880157/Kim-Kallstrom
Robert Koren,26946,https://www.transfermarkt.com/robert-koren/profil/spieler/26946,https://fbref.com/en/players/f68eaab2/Robert-Koren
Libor Kozák,63824,https://www.transfermarkt.com/libor-kozk/profil/spieler/63824,https://fbref.com/en/players/979d0640/Libor-Kozak
William Kvist,36787,https://www.transfermarkt.com/william-kvist/profil/spieler/36787,https://fbref.com/en/players/e805c6be/William-Kvist
Érik Lamela,111630,https://www.transfermarkt.com/rik-lamela/profil/spieler/111630,https://fbref.com/en/players/abe66106/Erik-Lamela
Tom Lawrence,229970,https://www.transfermarkt.com/tom-lawrence/profil/spieler/229970,https://fbref.com/en/players/7e2f45f4/Tom-Lawrence
Joe Ledley,34409,https://www.transfermarkt.com/joe-ledley/profil/spieler/34409,https://fbref.com/en/players/c221f149/Joe-Ledley
Elliot Lee,229826,https://www.transfermarkt.com/elliot-lee/profil/spieler/229826,https://fbref.com/en/players/e5192234/Elliot-Lee
Joe Lewis,25834,https://www.transfermarkt.com/joe-lewis/profil/spieler/25834,https://fbref.com/en/players/d45bc2f4/Joe-Lewis
Dejan Lovren,37838,https://www.transfermarkt.com/dejan-lovren/profil/spieler/37838,https://fbref.com/en/players/1a2935f6/Dejan-Lovren
Jamar Loza,203464,https://www.transfermarkt.com/jamar-loza/profil/spieler/203464,https://fbref.com/en/players/e8f3848e/Jamar-Loza
Diego Lugano,13829,https://www.transfermarkt.com/diego-lugano/profil/spieler/13829,https://fbref.com/en/players/303ad7c3/Diego-Lugano
Antonio Luna,126516,https://www.transfermarkt.com/antonio-luna/profil/spieler/126516,https://fbref.com/en/players/ed239245/Antonio-Luna
David Marshall,9500,https://www.transfermarkt.com/david-marshall/profil/spieler/9500,https://fbref.com/en/players/4d93d433/David-Marshall
Nemanja Matić,74683,https://www.transfermarkt.com/nemanja-mati/profil/spieler/74683,https://fbref.com/en/players/eb7822d7/Nemanja-Matic
Charalampos Mavrias,136647,https://www.transfermarkt.com/charalampos-mavrias/profil/spieler/136647,https://fbref.com/en/players/1cfd188f/Charalampos-Mavrias
Nicky Maynard,39705,https://www.transfermarkt.com/nicky-maynard/profil/spieler/39705,https://fbref.com/en/players/2d6ef68e/Nicky-Maynard
Paddy McCarthy,29974,https://www.transfermarkt.com/paddy-mccarthy/profil/spieler/29974,https://fbref.com/en/players/74a9a389/Paddy-McCarthy
Aiden McGeady,21333,https://www.transfermarkt.com/aiden-mcgeady/profil/spieler/21333,https://fbref.com/en/players/c7df693b/Aiden-McGeady
Allan McGregor,9422,https://www.transfermarkt.com/allan-mcgregor/profil/spieler/9422,https://fbref.com/en/players/f3a97d02/Allan-McGregor
Aaron McLean,45631,https://www.transfermarkt.com/aaron-mclean/profil/spieler/45631,https://fbref.com/en/players/dc49ea82/Aaron-McLean
Kevin McNaughton,11365,https://www.transfermarkt.com/kevin-mcnaughton/profil/spieler/11365,https://fbref.com/en/players/40a814af/Kevin-McNaughton
Paul McShane,24636,https://www.transfermarkt.com/paul-mcshane/profil/spieler/24636,https://fbref.com/en/players/5785993d/Paul-McShane
Gary Medel,60889,https://www.transfermarkt.com/gary-medel/profil/spieler/60889,https://fbref.com/en/players/563a68ad/Gary-Medel
Mesca,160348,https://www.transfermarkt.com/mesca/profil/spieler/160348,https://fbref.com/en/players/7969682e/Mesca
Kostas Mitroglou,34944,https://www.transfermarkt.com/kostas-mitroglou/profil/spieler/34944,https://fbref.com/en/players/c6ac6579/Kostas-Mitroglou
Ravel Morrison,128907,https://www.transfermarkt.com/ravel-morrison/profil/spieler/128907,https://fbref.com/en/players/bf59c794/Ravel-Morrison
Dean Moxey,77559,https://www.transfermarkt.com/dean-moxey/profil/spieler/77559,https://fbref.com/en/players/8616e501/Dean-Moxey
Marc Muniesa,74228,https://www.transfermarkt.com/marc-muniesa/profil/spieler/74228,https://fbref.com/en/players/4db76f57/Marc-Muniesa
Josh Murphy,199528,https://www.transfermarkt.com/josh-murphy/profil/spieler/199528,https://fbref.com/en/players/b30c7426/Josh-Murphy
Glenn Murray,45693,https://www.transfermarkt.com/glenn-murray/profil/spieler/45693,https://fbref.com/en/players/f2f29dda/Glenn-Murray
Mats Møller Dæhli,190831,https://www.transfermarkt.com/mats-mller-dhli/profil/spieler/190831,https://fbref.com/en/players/fcf5211e/Mats-Moller-Daehli
Jesús Navas,15956,https://www.transfermarkt.com/jess-navas/profil/spieler/15956,https://fbref.com/en/players/3f10bd22/Jesus-Navas
Álvaro Negredo,18644,https://www.transfermarkt.com/lvaro-negredo/profil/spieler/18644,https://fbref.com/en/players/63b0ca6b/Alvaro-Negredo
Antonio Nocerino,22203,https://www.transfermarkt.com/antonio-nocerino/profil/spieler/22203,https://fbref.com/en/players/07cf67f3/Antonio-Nocerino
Craig Noone,81202,https://www.transfermarkt.com/craig-noone/profil/spieler/81202,https://fbref.com/en/players/274e493e/Craig-Noone
Stuart O'Keefe,93626,https://www.transfermarkt.com/stuart-okeefe/profil/spieler/93626,https://fbref.com/en/players/d0f8d154/Stuart-OKeefe
Liam O'Neil,305069,https://www.transfermarkt.com/liam-oneil/profil/spieler/305069,https://fbref.com/en/players/22e07c17/Liam-ONeil
Jores Okore,129085,https://www.transfermarkt.com/jores-okore/profil/spieler/129085,https://fbref.com/en/players/bd7138e5/Jores-Okore
Dani Osvaldo,37389,https://www.transfermarkt.com/dani-osvaldo/profil/spieler/37389,https://fbref.com/en/players/3f0eba4f/Dani-Osvaldo
Mesut Özil,35664,https://www.transfermarkt.com/mesut-zil/profil/spieler/35664,https://fbref.com/en/players/16380240/Mesut-Ozil
Costel Pantilimon,47659,https://www.transfermarkt.com/costel-pantilimon/profil/spieler/47659,https://fbref.com/en/players/d24e154c/Costel-Pantilimon
Jonathan Parr,41665,https://www.transfermarkt.com/jonathan-parr/profil/spieler/41665,https://fbref.com/en/players/62110c96/Jonathan-Parr
Paulinho,57229,https://www.transfermarkt.com/paulinho/profil/spieler/57229,https://fbref.com/en/players/df547bba/Paulinho
Erik Pieters,43763,https://www.transfermarkt.com/erik-pieters/profil/spieler/43763,https://fbref.com/en/players/1ef37668/Erik-Pieters
Alejandro Pozuelo,188853,https://www.transfermarkt.com/alejandro-pozuelo/profil/spieler/188853,https://fbref.com/en/players/5e1280ff/Alejandro-Pozuelo
Alex Pritchard,200777,https://www.transfermarkt.com/alex-pritchard/profil/spieler/200777,https://fbref.com/en/players/ff9fcd4d/Alex-Pritchard
Nick Proschwitz,31535,https://www.transfermarkt.com/nick-proschwitz/profil/spieler/31535,https://fbref.com/en/players/9cf4fd68/Nick-Proschwitz
Stephen Quinn,43266,https://www.transfermarkt.com/stephen-quinn/profil/spieler/43266,https://fbref.com/en/players/9ff17f6f/Stephen-Quinn
Răzvan Raț,14940,https://www.transfermarkt.com/rzvan-ra/profil/spieler/14940,https://fbref.com/en/players/0a0ee36e/Razvan-Rat
Nathan Redmond,129078,https://www.transfermarkt.com/nathan-redmond/profil/spieler/129078,https://fbref.com/en/players/ab651565/Nathan-Redmond
Harrison Reed,226973,https://www.transfermarkt.com/harrison-reed/profil/spieler/226973,https://fbref.com/en/players/803ae100/Harrison-Reed
Valentin Roberge,87422,https://www.transfermarkt.com/valentin-roberge/profil/spieler/87422,https://fbref.com/en/players/f373db50/Valentin-Roberge
Patrick Roberts,225452,https://www.transfermarkt.com/patrick-roberts/profil/spieler/225452,https://fbref.com/en/players/59d93937/Patrick-Roberts
Callum Robinson,183299,https://www.transfermarkt.com/callum-robinson/profil/spieler/183299,https://fbref.com/en/players/e75750a3/Callum-Robinson
Liam Rosenior,15166,https://www.transfermarkt.com/liam-rosenior/profil/spieler/15166,https://fbref.com/en/players/8b0d6fe9/Liam-Rosenior
Yannick Sagbo,60591,https://www.transfermarkt.com/yannick-sagbo/profil/spieler/60591,https://fbref.com/en/players/8320d584/Yannick-Sagbo
Mamadou Sakho,47713,https://www.transfermarkt.com/mamadou-sakho/profil/spieler/47713,https://fbref.com/en/players/87935cf3/Mamadou-Sakho
Mohamed Salah,148455,https://www.transfermarkt.com/mohamed-salah/profil/spieler/148455,https://fbref.com/en/players/e342ad68/Mohamed-Salah
Yaya Sanogo,127194,https://www.transfermarkt.com/yaya-sanogo/profil/spieler/127194,https://fbref.com/en/players/11ced928/Yaya-Sanogo
André Schürrle,58205,https://www.transfermarkt.com/andr-schrrle/profil/spieler/58205,https://fbref.com/en/players/ecbb3fdf/Andre-Schurrle
Ignacio Scocco,51088,https://www.transfermarkt.com/ignacio-scocco/profil/spieler/51088,https://fbref.com/en/players/705a763a/Ignacio-Scocco
Brad Smith,175745,https://www.transfermarkt.com/brad-smith/profil/spieler/175745,https://fbref.com/en/players/59e7d8e8/Brad-Smith
Roberto Soldado,34870,https://www.transfermarkt.com/roberto-soldado/profil/spieler/34870,https://fbref.com/en/players/9d66fbe3/Roberto-Soldado
Julián Speroni,12814,https://www.transfermarkt.com/julin-speroni/profil/spieler/12814,https://fbref.com/en/players/8e65a5e5/Julian-Speroni
Maarten Stekelenburg,4311,https://www.transfermarkt.com/maarten-stekelenburg/profil/spieler/4311,https://fbref.com/en/players/fefce889/Maarten-Stekelenburg
John Stones,186590,https://www.transfermarkt.com/john-stones/profil/spieler/186590,https://fbref.com/en/players/5eecec3d/John-Stones
John Swift,197693,https://www.transfermarkt.com/john-swift/profil/spieler/197693,https://fbref.com/en/players/646ee278/John-Swift
Muamer Tanković,198513,https://www.transfermarkt.com/muamer-tankovi/profil/spieler/198513,https://fbref.com/en/players/b44c39da/Muamer-Tankovic
Andrew Taylor,29158,https://www.transfermarkt.com/andrew-taylor/profil/spieler/29158,https://fbref.com/en/players/fb67faf8/Andrew-Taylor
Kévin Théophile-Catherine,60603,https://www.transfermarkt.com/kvin-thophile-catherine/profil/spieler/60603,https://fbref.com/en/players/6b994195/Kevin-Theophile-Catherine
Aleksandar Tonev,87282,https://www.transfermarkt.com/aleksandar-tonev/profil/spieler/87282,https://fbref.com/en/players/c15d1af9/Aleksandar-Tonev
Lacina Traoré,69006,https://www.transfermarkt.com/lacina-traor/profil/spieler/69006,https://fbref.com/en/players/883f251e/Lacina-Traore
Ryan Tunnicliffe,110868,https://www.transfermarkt.com/ryan-tunnicliffe/profil/spieler/110868,https://fbref.com/en/players/534e83a0/Ryan-Tunnicliffe
Ben Turner,39518,https://www.transfermarkt.com/ben-turner/profil/spieler/39518,https://fbref.com/en/players/b034ebe2/Ben-Turner
Álvaro Vázquez,141835,https://www.transfermarkt.com/lvaro-vzquez/profil/spieler/141835,https://fbref.com/en/players/d2d8675a/Alvaro-Vazquez
Miloš Veljković,202228,https://www.transfermarkt.com/milo-veljkovi/profil/spieler/202228,https://fbref.com/en/players/a5ae8f8e/Milos-Veljkovic
Santiago Vergini,94783,https://www.transfermarkt.com/santiago-vergini/profil/spieler/94783,https://fbref.com/en/players/6d041dd0/Santiago-Vergini
Matěj Vydra,101500,https://www.transfermarkt.com/matj-vydra/profil/spieler/101500,https://fbref.com/en/players/0d4ceb32/Matej-Vydra
Victor Wanyama,77760,https://www.transfermarkt.com/victor-wanyama/profil/spieler/77760,https://fbref.com/en/players/e0900238/Victor-Wanyama
Joel Ward,92572,https://www.transfermarkt.com/joel-ward/profil/spieler/92572,https://fbref.com/en/players/8a7ff278/Joel-Ward
Peter Whittingham,3762,https://www.transfermarkt.com/peter-whittingham/profil/spieler/3762,https://fbref.com/en/players/f2286f20/Peter-Whittingham
Jonny Williams,170322,https://www.transfermarkt.com/jonny-williams/profil/spieler/170322,https://fbref.com/en/players/49b8432c/Jonny-Williams
Willian,661171,https://www.transfermarkt.com/willian/profil/spieler/661171,https://fbref.com/en/players/f4dfafb8/Willian
James Wilson,39033,https://www.transfermarkt.com/james-wilson/profil/spieler/39033,https://fbref.com/en/players/77621175/James-Wilson
Magnus Wolff Eikrem,54775,https://www.transfermarkt.com/magnus-wolff-eikrem/profil/spieler/54775,https://fbref.com/en/players/3a770838/Magnus-Wolff-Eikrem
Ricky van Wolfswinkel,41355,https://www.transfermarkt.com/ricky-van-wolfswinkel/profil/spieler/41355,https://fbref.com/en/players/dbe16ade/Ricky-van-Wolfswinkel
Cauley Woodrow,169801,https://www.transfermarkt.com/cauley-woodrow/profil/spieler/169801,https://fbref.com/en/players/d3085b49/Cauley-Woodrow
Joseph Yobo,3270,https://www.transfermarkt.com/joseph-yobo/profil/spieler/3270,https://fbref.com/en/players/acd633df/Joseph-Yobo
Wilfried Zaha,145988,https://www.transfermarkt.com/wilfried-zaha/profil/spieler/145988,https://fbref.com/en/players/b2bc3b1f/Wilfried-Zaha
Elsad Zverotić,25542,https://www.transfermarkt.com/elsad-zveroti/profil/spieler/25542,https://fbref.com/en/players/e7fd18a4/Elsad-Zverotic
Rolando Aarons,258188,https://www.transfermarkt.com/rolando-aarons/profil/spieler/258188,https://fbref.com/en/players/c5942695/Rolando-Aarons
Mehdi Abeid,111036,https://www.transfermarkt.com/mehdi-abeid/profil/spieler/111036,https://fbref.com/en/players/a4c3f7af/Mehdi-Abeid
Toby Alderweireld,42710,https://www.transfermarkt.com/toby-alderweireld/profil/spieler/42710,https://fbref.com/en/players/f7d50789/Toby-Alderweireld
Jak Alnwick,128895,https://www.transfermarkt.com/jak-alnwick/profil/spieler/128895,https://fbref.com/en/players/b0835fc0/Jak-Alnwick
Ricky Álvarez,76077,https://www.transfermarkt.com/ricky-lvarez/profil/spieler/76077,https://fbref.com/en/players/92a5ac34/Ricky-Alvarez
Scott Arfield,55291,https://www.transfermarkt.com/scott-arfield/profil/spieler/55291,https://fbref.com/en/players/b1313ec4/Scott-Arfield
Christian Atsu,186997,https://www.transfermarkt.com/christian-atsu/profil/spieler/186997,https://fbref.com/en/players/8816329f/Christian-Atsu
Charlie Austin,129627,https://www.transfermarkt.com/charlie-austin/profil/spieler/129627,https://fbref.com/en/players/8d228291/Charlie-Austin
Ashley Barnes,63200,https://www.transfermarkt.com/ashley-barnes/profil/spieler/63200,https://fbref.com/en/players/2691c772/Ashley-Barnes
Modou Barrow,189070,https://www.transfermarkt.com/modou-barrow/profil/spieler/189070,https://fbref.com/en/players/75783f5f/Modou-Barrow
Héctor Bellerín,191217,https://www.transfermarkt.com/hctor-bellern/profil/spieler/191217,https://fbref.com/en/players/f874dd44/Hector-Bellerin
Muhamed Bešić,93905,https://www.transfermarkt.com/muhamed-bei/profil/spieler/93905,https://fbref.com/en/players/7ca9f0f0/Muhamed-Besic
Tyler Blackett,134414,https://www.transfermarkt.com/tyler-blackett/profil/spieler/134414,https://fbref.com/en/players/a68a5466/Tyler-Blackett
Sebastián Blanco,54576,https://www.transfermarkt.com/sebastin-blanco/profil/spieler/54576,https://fbref.com/en/players/4ddd0834/Sebastian-Blanco
Daley Blind,12282,https://www.transfermarkt.com/daley-blind/profil/spieler/12282,https://fbref.com/en/players/691bef82/Daley-Blind
Tyias Browning,156934,https://www.transfermarkt.com/tyias-browning/profil/spieler/156934,https://fbref.com/en/players/c4e180f0/Tyias-Browning
Will Buckley,77329,https://www.transfermarkt.com/will-buckley/profil/spieler/77329,https://fbref.com/en/players/b1929302/Will-Buckley
Reece Burke,264220,https://www.transfermarkt.com/reece-burke/profil/spieler/264220,https://fbref.com/en/players/a681b7b7/Reece-Burke
Willy Caballero,19948,https://www.transfermarkt.com/willy-caballero/profil/spieler/19948,https://fbref.com/en/players/a179d516/Willy-Caballero
Rémy Cabella,113707,https://www.transfermarkt.com/rmy-cabella/profil/spieler/113707,https://fbref.com/en/players/148e136f/Remy-Cabella
Esteban Cambiasso,7520,https://www.transfermarkt.com/esteban-cambiasso/profil/spieler/7520,https://fbref.com/en/players/4d801075/Esteban-Cambiasso
Joel Campbell,131248,https://www.transfermarkt.com/joel-campbell/profil/spieler/131248,https://fbref.com/en/players/895ff3ca/Joel-Campbell
Emre Can,119296,https://www.transfermarkt.com/emre-can/profil/spieler/119296,https://fbref.com/en/players/d2515542/Emre-Can-Agil
Nathaniel Chalobah,128900,https://www.transfermarkt.com/nathaniel-chalobah/profil/spieler/128900,https://fbref.com/en/players/422862ea/Nathaniel-Chalobah
Andreas Christensen,196948,https://www.transfermarkt.com/andreas-christensen/profil/spieler/196948,https://fbref.com/en/players/1cb49278/Andreas-Christensen
Brandon Comley,362809,https://www.transfermarkt.com/brandon-comley/profil/spieler/362809,https://fbref.com/en/players/caf7a176/Brandon-Comley
Diego Costa,44779,https://www.transfermarkt.com/diego-costa/profil/spieler/44779,https://fbref.com/en/players/a190d597/Diego-Costa
Thibaut Courtois,108390,https://www.transfermarkt.com/thibaut-courtois/profil/spieler/108390,https://fbref.com/en/players/1840e36d/Thibaut-Courtois
Aaron Cresswell,92571,https://www.transfermarkt.com/aaron-cresswell/profil/spieler/92571,https://fbref.com/en/players/4f974391/Aaron-Cresswell
Juan Cuadrado,91970,https://www.transfermarkt.com/juan-cuadrado/profil/spieler/91970,https://fbref.com/en/players/0ab1f153/Juan-Cuadrado
Jason Davidson,137669,https://www.transfermarkt.com/jason-davidson/profil/spieler/137669,https://fbref.com/en/players/46bcd68d/Jason-Davidson
Ángel Di María,45320,https://www.transfermarkt.com/ngel-di-mara/profil/spieler/45320,https://fbref.com/en/players/19cda00b/Angel-Di-Maria
Eric Dier,175722,https://www.transfermarkt.com/eric-dier/profil/spieler/175722,https://fbref.com/en/players/ac861941/Eric-Dier
Michael Doughty,173832,https://www.transfermarkt.com/michael-doughty/profil/spieler/173832,https://fbref.com/en/players/e98740ac/Michael-Doughty
Danny Drinkwater,73491,https://www.transfermarkt.com/danny-drinkwater/profil/spieler/73491,https://fbref.com/en/players/2649ff32/Danny-Drinkwater
Michael Duff,119269,https://www.transfermarkt.com/michael-duff/profil/spieler/119269,https://fbref.com/en/players/eabdc970/Michael-Duff
Eljero Elia,27805,https://www.transfermarkt.com/eljero-elia/profil/spieler/27805,https://fbref.com/en/players/05cb19c5/Eljero-Elia
Radamel Falcao,39152,https://www.transfermarkt.com/radamel-falcao/profil/spieler/39152,https://fbref.com/en/players/66116290/Radamel-Falcao
Federico Fazio,45314,https://www.transfermarkt.com/federico-fazio/profil/spieler/45314,https://fbref.com/en/players/4e358a2d/Federico-Fazio
Federico Fernández,85475,https://www.transfermarkt.com/federico-fernndez/profil/spieler/85475,https://fbref.com/en/players/f25b010f/Federico-Fernandez
Fernando,7767,https://www.transfermarkt.com/fernando/profil/spieler/7767,https://fbref.com/en/players/1aa72854/Fernando-Soriano
Fraser Forster,52570,https://www.transfermarkt.com/fraser-forster/profil/spieler/52570,https://fbref.com/en/players/c3e39f12/Fraser-Forster
Darnell Furlong,351755,https://www.transfermarkt.com/darnell-furlong/profil/spieler/351755,https://fbref.com/en/players/3ec9195b/Darnell-Furlong
Brendan Galloway,208244,https://www.transfermarkt.com/brendan-galloway/profil/spieler/208244,https://fbref.com/en/players/321506b3/Brendan-Galloway
Cristian Gamboa,121686,https://www.transfermarkt.com/cristian-gamboa/profil/spieler/121686,https://fbref.com/en/players/f27680d9/Cristian-Gamboa
Dominic Gape,226964,https://www.transfermarkt.com/dominic-gape/profil/spieler/226964,https://fbref.com/en/players/f744b4df/Dominic-Gape
Florin Gardoș,57423,https://www.transfermarkt.com/florin-gardo/profil/spieler/57423,https://fbref.com/en/players/70eb7e9d/Florin-Gardos
Carles Gil,127987,https://www.transfermarkt.com/carles-gil/profil/spieler/127987,https://fbref.com/en/players/11c30a46/Carles-Gil
Bafétimbi Gomis,22388,https://www.transfermarkt.com/baftimbi-gomis/profil/spieler/22388,https://fbref.com/en/players/3d6686f9/Bafetimbi-Gomis
Kenji Gorré,374889,https://www.transfermarkt.com/kenji-gorr/profil/spieler/374889,https://fbref.com/en/players/52d1a4c6/Kenji-Gorre
Reece Grego-Cox,264199,https://www.transfermarkt.com/reece-grego-cox/profil/spieler/264199,https://fbref.com/en/players/16f65d25/Reece-Grego-Cox
Matt Grimes,265471,https://www.transfermarkt.com/matt-grimes/profil/spieler/265471,https://fbref.com/en/players/81a487b9/Matt-Grimes
Ben Hamer,67283,https://www.transfermarkt.com/ben-hamer/profil/spieler/67283,https://fbref.com/en/players/d822a850/Ben-Hamer
Dean Hammond,33065,https://www.transfermarkt.com/dean-hammond/profil/spieler/33065,https://fbref.com/en/players/577c12e5/Dean-Hammond
Tom Heaton,34130,https://www.transfermarkt.com/tom-heaton/profil/spieler/34130,https://fbref.com/en/players/a6de6361/Tom-Heaton
Rushian Hepburn-Murphy,314237,https://www.transfermarkt.com/rushian-hepburn-murphy/profil/spieler/314237,https://fbref.com/en/players/1e2012a6/Rushian-Hepburn-Murphy
Abel Hernández,76608,https://www.transfermarkt.com/abel-hernndez/profil/spieler/76608,https://fbref.com/en/players/a36da810/Abel-Hernandez
Ander Herrera,99343,https://www.transfermarkt.com/ander-herrera/profil/spieler/99343,https://fbref.com/en/players/436a9dd0/Ander-Herrera
Jake Hesketh,315185,https://www.transfermarkt.com/jake-hesketh/profil/spieler/315185,https://fbref.com/en/players/4c83c9f8/Jake-Hesketh
Brown Ideye,64308,https://www.transfermarkt.com/brown-ideye/profil/spieler/64308,https://fbref.com/en/players/f519b556/Brown-Ideye
Danny Ings,134294,https://www.transfermarkt.com/danny-ings/profil/spieler/134294,https://fbref.com/en/players/07802f7f/Danny-Ings
Lloyd Isgrove,226965,https://www.transfermarkt.com/lloyd-isgrove/profil/spieler/226965,https://fbref.com/en/players/430696d5/Lloyd-Isgrove
Mauricio Isla,43722,https://www.transfermarkt.com/mauricio-isla/profil/spieler/43722,https://fbref.com/en/players/de4517dd/Mauricio-Isla
Matty James,73522,https://www.transfermarkt.com/matty-james/profil/spieler/73522,https://fbref.com/en/players/ebd0a048/Matty-James
Daryl Janmaat,60744,https://www.transfermarkt.com/daryl-janmaat/profil/spieler/60744,https://fbref.com/en/players/45da6694/Daryl-Janmaat
Siem de Jong,45509,https://www.transfermarkt.com/siem-de-jong/profil/spieler/45509,https://fbref.com/en/players/cf2a6ace/Siem-de-Jong
Lukas Jutkiewicz,33507,https://www.transfermarkt.com/lukas-jutkiewicz/profil/spieler/33507,https://fbref.com/en/players/3943a06f/Lukas-Jutkiewicz
Michael Keane,118534,https://www.transfermarkt.com/michael-keane/profil/spieler/118534,https://fbref.com/en/players/c5b7c315/Michael-Keane
Andy King,56872,https://www.transfermarkt.com/andy-king/profil/spieler/56872,https://fbref.com/en/players/d790907f/Andy-King
Anthony Knockaert,149237,https://www.transfermarkt.com/anthony-knockaert/profil/spieler/149237,https://fbref.com/en/players/6c679c6d/Anthony-Knockaert
Cheikhou Kouyaté,66934,https://www.transfermarkt.com/cheikhou-kouyat/profil/spieler/66934,https://fbref.com/en/players/8d3c902d/Cheikhou-Kouyate
Cole Kpekawa,347895,https://www.transfermarkt.com/cole-kpekawa/profil/spieler/347895,https://fbref.com/en/players/ee15cb07/Cole-Kpekawa
Andrej Kramarić,46580,https://www.transfermarkt.com/andrej-kramari/profil/spieler/46580,https://fbref.com/en/players/603cb947/Andrej-Kramaric
Bojan Krkić,44675,https://www.transfermarkt.com/bojan-krki/profil/spieler/44675,https://fbref.com/en/players/9fa0a0b8/Bojan-Krkic
Daniel Lafferty,85928,https://www.transfermarkt.com/daniel-lafferty/profil/spieler/85928,https://fbref.com/en/players/cfc41f7a/Daniel-Lafferty
Jesse Lingard,141660,https://www.transfermarkt.com/jesse-lingard/profil/spieler/141660,https://fbref.com/en/players/810e3c74/Jesse-Lingard
Ruben Loftus-Cheek,202886,https://www.transfermarkt.com/ruben-loftus-cheek/profil/spieler/202886,https://fbref.com/en/players/e97fd090/Ruben-Loftus-Cheek
Kevin Long,111114,https://www.transfermarkt.com/kevin-long/profil/spieler/111114,https://fbref.com/en/players/27465a11/Kevin-Cheung-a-Long
Filipe Luís,21725,https://www.transfermarkt.com/filipe-lus/profil/spieler/21725,https://fbref.com/en/players/e4ed2628/Filipe-Luis
Harry Maguire,177907,https://www.transfermarkt.com/harry-maguire/profil/spieler/177907,https://fbref.com/en/players/d8931174/Harry-Maguire
Riyad Mahrez,171424,https://www.transfermarkt.com/riyad-mahrez/profil/spieler/171424,https://fbref.com/en/players/892d5bb1/Riyad-Mahrez
Ainsley Maitland-Niles,285845,https://www.transfermarkt.com/ainsley-maitland-niles/profil/spieler/285845,https://fbref.com/en/players/e3a5814e/Ainsley-Maitland-Niles
Sadio Mané,200512,https://www.transfermarkt.com/sadio-man/profil/spieler/200512,https://fbref.com/en/players/c691bfe2/Sadio-Mane
Eliaquim Mangala,90681,https://www.transfermarkt.com/eliaquim-mangala/profil/spieler/90681,https://fbref.com/en/players/f520049f/Eliaquim-Mangala
Javier Manquillo,162029,https://www.transfermarkt.com/javier-manquillo/profil/spieler/162029,https://fbref.com/en/players/758dd7f0/Javier-Manquillo
Lazar Marković,144303,https://www.transfermarkt.com/lazar-markovi/profil/spieler/144303,https://fbref.com/en/players/723ba189/Lazar-Markovic
Dean Marney,4055,https://www.transfermarkt.com/dean-marney/profil/spieler/4055,https://fbref.com/en/players/b3379356/Dean-Marney
Emiliano Martínez,111873,https://www.transfermarkt.com/emiliano-martnez/profil/spieler/111873,https://fbref.com/en/players/7956236f/Emiliano-Martinez
Ryan Mason,61834,https://www.transfermarkt.com/ryan-mason/profil/spieler/61834,https://fbref.com/en/players/c8fac933/Ryan-Mason
Jason McCarthy,227185,https://www.transfermarkt.com/jason-mccarthy/profil/spieler/227185,https://fbref.com/en/players/63741fb9/Jason-McCarthy
Paddy McNair,167268,https://www.transfermarkt.com/paddy-mcnair/profil/spieler/167268,https://fbref.com/en/players/8ac454b5/Paddy-McNair
Ben Mee,74810,https://www.transfermarkt.com/ben-mee/profil/spieler/74810,https://fbref.com/en/players/8df7a2fb/Ben-Mee
Jefferson Montero,77932,https://www.transfermarkt.com/jefferson-montero/profil/spieler/77932,https://fbref.com/en/players/fa6561bf/Jefferson-Montero
Liam Moore,128906,https://www.transfermarkt.com/liam-moore/profil/spieler/128906,https://fbref.com/en/players/bcee97a4/Liam-Moore
Alberto Moreno,207917,https://www.transfermarkt.com/alberto-moreno/profil/spieler/207917,https://fbref.com/en/players/116731aa/Alberto-Lopez-Moreno
Wes Morgan,10003,https://www.transfermarkt.com/wes-morgan/profil/spieler/10003,https://fbref.com/en/players/80c31c97/Wes-Morgan
Dame N'Doye,44855,https://www.transfermarkt.com/dame-ndoye/profil/spieler/44855,https://fbref.com/en/players/4574720b/Dame-NDoye
Nenê,574901,https://www.transfermarkt.com/nen/profil/spieler/574901,https://fbref.com/en/players/265ebd37/Nene
David Nugent,33963,https://www.transfermarkt.com/david-nugent/profil/spieler/33963,https://fbref.com/en/players/f9b5e5bd/David-Nugent
Nélson Oliveira,72768,https://www.transfermarkt.com/nlson-oliveira/profil/spieler/72768,https://fbref.com/en/players/f716e4e4/Nelson-Oliveira
David Ospina,73396,https://www.transfermarkt.com/david-ospina/profil/spieler/73396,https://fbref.com/en/players/82b1198a/David-Ospina
Gabriel Paulista,149498,https://www.transfermarkt.com/gabriel-paulista/profil/spieler/149498,https://fbref.com/en/players/b7ca5c51/Gabriel-Paulista
Graziano Pellè,29594,https://www.transfermarkt.com/graziano-pell/profil/spieler/29594,https://fbref.com/en/players/9654d8de/Graziano-Pelle
Andreas Pereira,203394,https://www.transfermarkt.com/andreas-pereira/profil/spieler/203394,https://fbref.com/en/players/6639e500/Andreas-Pereira
Ayoze Pérez,246968,https://www.transfermarkt.com/ayoze-prez/profil/spieler/246968,https://fbref.com/en/players/819aa8e7/Ayoze-Perez
Sébastien Pocognoli,17804,https://www.transfermarkt.com/sbastien-pocognoli/profil/spieler/17804,https://fbref.com/en/players/cc41eec1/Sebastien-Pocognoli
Diego Poyet,183286,https://www.transfermarkt.com/diego-poyet/profil/spieler/183286,https://fbref.com/en/players/5aa00dc3/Diego-Poyet
José Pozo,135105,https://www.transfermarkt.com/jos-pozo/profil/spieler/135105,https://fbref.com/en/players/fc8b614b/Jose-Pozo
Anthony Réveillère,5668,https://www.transfermarkt.com/anthony-rveillre/profil/spieler/5668,https://fbref.com/en/players/8ad24039/Anthony-Reveillere
Emmanuel Rivière,61637,https://www.transfermarkt.com/emmanuel-rivire/profil/spieler/61637,https://fbref.com/en/players/2bae5658/Emmanuel-Riviere
Andrew Robertson,234803,https://www.transfermarkt.com/andrew-robertson/profil/spieler/234803,https://fbref.com/en/players/2e4f5f03/Andrew-Robertson
Marcos Rojo,93176,https://www.transfermarkt.com/marcos-rojo/profil/spieler/93176,https://fbref.com/en/players/e0991c04/Marcos-Rojo
Diafra Sakho,120610,https://www.transfermarkt.com/diafra-sakho/profil/spieler/120610,https://fbref.com/en/players/57c433c8/Diafra-Sakho
Georgios Samaras,6855,https://www.transfermarkt.com/georgios-samaras/profil/spieler/6855,https://fbref.com/en/players/1b77cb6a/Georgios-Samaras
Alexis Sánchez,40433,https://www.transfermarkt.com/alexis-snchez/profil/spieler/40433,https://fbref.com/en/players/2c0f8e9e/Alexis-Sanchez
Carlos Sánchez,7509,https://www.transfermarkt.com/carlos-snchez/profil/spieler/7509,https://fbref.com/en/players/8b7d33d9/Carlos-Sanchez
Jeffrey Schlupp,157506,https://www.transfermarkt.com/jeffrey-schlupp/profil/spieler/157506,https://fbref.com/en/players/3312f911/Jeffrey-Schlupp
Kasper Schmeichel,16911,https://www.transfermarkt.com/kasper-schmeichel/profil/spieler/16911,https://fbref.com/en/players/53af52f3/Kasper-Schmeichel
Ryan Seager,247647,https://www.transfermarkt.com/ryan-seager/profil/spieler/247647,https://fbref.com/en/players/49ef3149/Ryan-Seager
Jason Shackell,11756,https://www.transfermarkt.com/jason-shackell/profil/spieler/11756,https://fbref.com/en/players/8d8655a9/Jason-Shackell
Ollie Shenton,335541,https://www.transfermarkt.com/ollie-shenton/profil/spieler/335541,https://fbref.com/en/players/8981c6bd/Ollie-Shenton
Jerome Sinclair,236513,https://www.transfermarkt.com/jerome-sinclair/profil/spieler/236513,https://fbref.com/en/players/1695c659/Jerome-Sinclair
Pape Souaré,125868,https://www.transfermarkt.com/pape-souar/profil/spieler/125868,https://fbref.com/en/players/46b5375e/Pape-Souare
Benjamin Stambouli,127160,https://www.transfermarkt.com/benjamin-stambouli/profil/spieler/127160,https://fbref.com/en/players/5939baa2/Benjamin-Stambouli
Jed Steer,110867,https://www.transfermarkt.com/jed-steer/profil/spieler/110867,https://fbref.com/en/players/a8a3d139/Jed-Steer
Dušan Tadić,36139,https://www.transfermarkt.com/duan-tadi/profil/spieler/36139,https://fbref.com/en/players/2475dcc6/Dusan-Tadic
Matt Targett,250478,https://www.transfermarkt.com/matt-targett/profil/spieler/250478,https://fbref.com/en/players/e514ab62/Matt-Targett
Dionatan Teixeira,107617,https://www.transfermarkt.com/dionatan-teixeira/profil/spieler/107617,https://fbref.com/en/players/f7f09bee/Dionatan-Teixeira
Tom Thorpe,128911,https://www.transfermarkt.com/tom-thorpe/profil/spieler/128911,https://fbref.com/en/players/6d071cae/Tom-Thorpe
Kieran Trippier,95810,https://www.transfermarkt.com/kieran-trippier/profil/spieler/95810,https://fbref.com/en/players/21512407/Kieran-Trippier
Leonardo Ulloa,54890,https://www.transfermarkt.com/leonardo-ulloa/profil/spieler/54890,https://fbref.com/en/players/eed56f6c/Leonardo-Ulloa
Fredrik Ulvestad,158022,https://www.transfermarkt.com/fredrik-ulvestad/profil/spieler/158022,https://fbref.com/en/players/8f160d73/Fredrik-Ulvestad
Víctor Valdés,7589,https://www.transfermarkt.com/vctor-valds/profil/spieler/7589,https://fbref.com/en/players/e029e404/Victor-Valdes
Enner Valencia,139503,https://www.transfermarkt.com/enner-valencia/profil/spieler/139503,https://fbref.com/en/players/fb485406/Enner-Valencia
Jamie Vardy,197838,https://www.transfermarkt.com/jamie-vardy/profil/spieler/197838,https://fbref.com/en/players/45963054/Jamie-Vardy
Silvestre Varela,31316,https://www.transfermarkt.com/silvestre-varela/profil/spieler/31316,https://fbref.com/en/players/9dffef9e/Silvestre-Varela
Eduardo Vargas,89718,https://www.transfermarkt.com/eduardo-vargas/profil/spieler/89718,https://fbref.com/en/players/50e31840/Carlos-Eduardo-Vargas
Ross Wallace,9509,https://www.transfermarkt.com/ross-wallace/profil/spieler/9509,https://fbref.com/en/players/b4e56bbd/Ross-Wallace
Marcin Wasilewski,16947,https://www.transfermarkt.com/marcin-wasilewski/profil/spieler/16947,https://fbref.com/en/players/24249219/Marcin-Wasilewski
Philipp Wollscheid,53173,https://www.transfermarkt.com/philipp-wollscheid/profil/spieler/53173,https://fbref.com/en/players/c4cca587/Philipp-Wollscheid
DeAndre Yedlin,255916,https://www.transfermarkt.com/deandre-yedlin/profil/spieler/255916,https://fbref.com/en/players/ae0a7ddf/DeAndre-Yedlin
Mauro Zárate,26456,https://www.transfermarkt.com/mauro-zrate/profil/spieler/26456,https://fbref.com/en/players/cc18ff4c/Mauro-Zarate
Kurt Zouma,157509,https://www.transfermarkt.com/kurt-zouma/profil/spieler/157509,https://fbref.com/en/players/ce4246f5/Kurt-Zouma
Filip Đuričić,94307,https://www.transfermarkt.com/filip-urii/profil/spieler/94307,https://fbref.com/en/players/eccbe56a/Filip-Djuricic
Almen Abdi,9966,https://www.transfermarkt.com/almen-abdi/profil/spieler/9966,https://fbref.com/en/players/8d425d84/Almen-Abdi
Tammy Abraham,331726,https://www.transfermarkt.com/tammy-abraham/profil/spieler/331726,https://fbref.com/en/players/f586779e/Tammy-Abraham
Ibrahim Afellay,15760,https://www.transfermarkt.com/ibrahim-afellay/profil/spieler/15760,https://fbref.com/en/players/9a8c6673/Ibrahim-Afellay
Benik Afobe,110858,https://www.transfermarkt.com/benik-afobe/profil/spieler/110858,https://fbref.com/en/players/b63f4077/Benik-Afobe
Dele Alli,207929,https://www.transfermarkt.com/dele-alli/profil/spieler/207929,https://fbref.com/en/players/cea4ee8f/Dele-Alli
Ryan Allsop,111073,https://www.transfermarkt.com/ryan-allsop/profil/spieler/111073,https://fbref.com/en/players/af615123/Ryan-Allsop
Daniel Amartey,214056,https://www.transfermarkt.com/daniel-amartey/profil/spieler/214056,https://fbref.com/en/players/1a4ef233/Daniel-Amartey
Jordan Amavi,241229,https://www.transfermarkt.com/jordan-amavi/profil/spieler/241229,https://fbref.com/en/players/22721b88/Jordan-Amavi
Nordin Amrabat,55619,https://www.transfermarkt.com/nordin-amrabat/profil/spieler/55619,https://fbref.com/en/players/7c2a398c/Nordin-Amrabat
José Ángel Crespo,37397,https://www.transfermarkt.com/jos-ngel-crespo/profil/spieler/37397,https://fbref.com/en/players/8ec4c2f7/Jose-Angel-Crespo
Michail Antonio,104124,https://www.transfermarkt.com/michail-antonio/profil/spieler/104124,https://fbref.com/en/players/ac05f970/Michail-Antonio
Ikechi Anya,107427,https://www.transfermarkt.com/ikechi-anya/profil/spieler/107427,https://fbref.com/en/players/c55e973d/Ikechi-Anya
Giedrius Arlauskis,69001,https://www.transfermarkt.com/giedrius-arlauskis/profil/spieler/69001,https://fbref.com/en/players/1858bbf7/Giedrius-Arlauskis
Harry Arter,55742,https://www.transfermarkt.com/harry-arter/profil/spieler/55742,https://fbref.com/en/players/2f4c5a52/Harry-Arter
André Ayew,45403,https://www.transfermarkt.com/andr-ayew/profil/spieler/45403,https://fbref.com/en/players/5dbefa9d/Andre-Ayew
Jordan Ayew,108354,https://www.transfermarkt.com/jordan-ayew/profil/spieler/108354,https://fbref.com/en/players/da052c14/Jordan-Ayew
Patrick Bamford,183334,https://www.transfermarkt.com/patrick-bamford/profil/spieler/183334,https://fbref.com/en/players/93feac6e/Patrick-Bamford
Yohan Benalouane,50477,https://www.transfermarkt.com/yohan-benalouane/profil/spieler/50477,https://fbref.com/en/players/8309b068/Yohan-Benalouane
Steven Berghuis,129554,https://www.transfermarkt.com/steven-berghuis/profil/spieler/129554,https://fbref.com/en/players/713c144a/Steven-Berghuis
Hiram Boateng,244125,https://www.transfermarkt.com/hiram-boateng/profil/spieler/244125,https://fbref.com/en/players/929917ce/Hiram-Boateng
Cameron Borthwick-Jackson,258879,https://www.transfermarkt.com/cameron-borthwick-jackson/profil/spieler/258879,https://fbref.com/en/players/ff61102d/Cameron-Borthwick-Jackson
Cameron Brannagan,261357,https://www.transfermarkt.com/cameron-brannagan/profil/spieler/261357,https://fbref.com/en/players/9220e731/Cameron-Brannagan
Miguel Britos,76799,https://www.transfermarkt.com/miguel-britos/profil/spieler/76799,https://fbref.com/en/players/356a9a62/Miguel-Britos
Sam Byram,236953,https://www.transfermarkt.com/sam-byram/profil/spieler/236953,https://fbref.com/en/players/1bf811d4/Sam-Byram
Sergi Canós,251845,https://www.transfermarkt.com/sergi-cans/profil/spieler/251845,https://fbref.com/en/players/1137759d/Sergi-Canos
Juan Carlos Paredes,100507,https://www.transfermarkt.com/juan-carlos-paredes/profil/spieler/100507,https://fbref.com/en/players/5d8c6afd/Juan-Carlos-Paredes
Bersant Celina,229695,https://www.transfermarkt.com/bersant-celina/profil/spieler/229695,https://fbref.com/en/players/3043d33f/Bersant-Celina
Pedro Chirivella,242273,https://www.transfermarkt.com/pedro-chirivella/profil/spieler/242273,https://fbref.com/en/players/68a26d51/Pedro-Chirivella
Jake Clarke-Salter,316551,https://www.transfermarkt.com/jake-clarke-salter/profil/spieler/316551,https://fbref.com/en/players/0df092d3/Jake-Clarke-Salter
Jordy Clasie,104223,https://www.transfermarkt.com/jordy-clasie/profil/spieler/104223,https://fbref.com/en/players/31c01b85/Jordy-Clasie
Callum Connolly,308632,https://www.transfermarkt.com/callum-connolly/profil/spieler/308632,https://fbref.com/en/players/39ad0b72/Callum-Connolly
Steve Cook,90836,https://www.transfermarkt.com/steve-cook/profil/spieler/90836,https://fbref.com/en/players/3e5e4e63/Steve-Cook
Josh Cullen,242606,https://www.transfermarkt.com/josh-cullen/profil/spieler/242606,https://fbref.com/en/players/f6d7d690/Josh-Cullen
Charlie Daniels,61819,https://www.transfermarkt.com/charlie-daniels/profil/spieler/61819,https://fbref.com/en/players/9d107085/Charlie-Daniels
Karl Darlow,99397,https://www.transfermarkt.com/karl-darlow/profil/spieler/99397,https://fbref.com/en/players/cde3309f/Karl-Darlow
Matteo Darmian,54906,https://www.transfermarkt.com/matteo-darmian/profil/spieler/54906,https://fbref.com/en/players/96e0490d/Matteo-Darmian
Tom Davies,314210,https://www.transfermarkt.com/tom-davies/profil/spieler/314210,https://fbref.com/en/players/9228b07c/Tom-Davies
Troy Deeney,65477,https://www.transfermarkt.com/troy-deeney/profil/spieler/65477,https://fbref.com/en/players/82e34b69/Troy-Deeney
Joe Dodoo,261738,https://www.transfermarkt.com/joe-dodoo/profil/spieler/261738,https://fbref.com/en/players/beed85c7/Joe-Dodoo
Seydou Doumbia,75287,https://www.transfermarkt.com/seydou-doumbia/profil/spieler/75287,https://fbref.com/en/players/c49afee6/Seydou-Doumbia
Kieran Dowell,258916,https://www.transfermarkt.com/kieran-dowell/profil/spieler/258916,https://fbref.com/en/players/2f6ec02a/Kieran-Dowell
Éder,369081,https://www.transfermarkt.com/der/profil/spieler/369081,https://fbref.com/en/players/5a325298/Eder
Mohamed Elneny,160438,https://www.transfermarkt.com/mohamed-elneny/profil/spieler/160438,https://fbref.com/en/players/47a34c4f/Mohamed-Elneny
Tommy Elphick,37152,https://www.transfermarkt.com/tommy-elphick/profil/spieler/37152,https://fbref.com/en/players/14caf5c9/Tommy-Elphick
Emmanuel Emenike,120630,https://www.transfermarkt.com/emmanuel-emenike/profil/spieler/120630,https://fbref.com/en/players/df6bcd09/Emmanuel-Emenike
Sam Field,387331,https://www.transfermarkt.com/sam-field/profil/spieler/387331,https://fbref.com/en/players/bd8a7d05/Sam-Field
Roberto Firmino,131789,https://www.transfermarkt.com/roberto-firmino/profil/spieler/131789,https://fbref.com/en/players/4c370d81/Roberto-Firmino
Timothy Fosu-Mensah,315131,https://www.transfermarkt.com/timothy-fosu-mensah/profil/spieler/315131,https://fbref.com/en/players/a9142dc3/Timothy-Fosu-Mensah
Simon Francis,13573,https://www.transfermarkt.com/simon-francis/profil/spieler/13573,https://fbref.com/en/players/1e0b6a73/Simon-Francis
Christian Fuchs,6636,https://www.transfermarkt.com/christian-fuchs/profil/spieler/6636,https://fbref.com/en/players/a67a09fb/Christian-Fuchs
Ramiro Funes Mori,11111,https://www.transfermarkt.com/ramiro-funes-mori/profil/spieler/11111,https://fbref.com/en/players/89cbc961/Ramiro-Funes-Mori
Idrissa Gana Gueye,126665,https://www.transfermarkt.com/idrissa-gana-gueye/profil/spieler/126665,https://fbref.com/en/players/72c812f3/Idrissa-Gana-Gueye
Manu García,277118,https://www.transfermarkt.com/manu-garca/profil/spieler/277118,https://fbref.com/en/players/05a4465d/Manu-Garcia
Joe Gomez,256178,https://www.transfermarkt.com/joe-gomez/profil/spieler/256178,https://fbref.com/en/players/7a11550b/Joe-Gomez
Lewis Grabban,35413,https://www.transfermarkt.com/lewis-grabban/profil/spieler/35413,https://fbref.com/en/players/1a857282/Lewis-Grabban
Max Gradel,28140,https://www.transfermarkt.com/max-gradel/profil/spieler/28140,https://fbref.com/en/players/21c502ae/Maxime-Gradeler
Demarai Gray,292417,https://www.transfermarkt.com/demarai-gray/profil/spieler/292417,https://fbref.com/en/players/4468ec10/Demarai-Gray
André Green,309841,https://www.transfermarkt.com/andr-green/profil/spieler/309841,https://fbref.com/en/players/6e287b7a/Andre-Green
Rees Greenwood,320213,https://www.transfermarkt.com/rees-greenwood/profil/spieler/320213,https://fbref.com/en/players/e5e459d4/Rees-Greenwood
Jakob Haugaard,138335,https://www.transfermarkt.com/jakob-haugaard/profil/spieler/138335,https://fbref.com/en/players/142741bb/Jakob-Haugaard
Son Heung-min,91845,https://www.transfermarkt.com/son-heung-min/profil/spieler/91845,https://fbref.com/en/players/92e7e919/Son-Heung-min
José Holebas,41112,https://www.transfermarkt.com/jos-holebas/profil/spieler/41112,https://fbref.com/en/players/12aa7661/Jose-Holebas
George Honeyman,218140,https://www.transfermarkt.com/george-honeyman/profil/spieler/218140,https://fbref.com/en/players/84afeaff/George-Honeyman
Víctor Ibarbo,92141,https://www.transfermarkt.com/vctor-ibarbo/profil/spieler/92141,https://fbref.com/en/players/552d1e41/Victor-Ibarbo
Odion Ighalo,62121,https://www.transfermarkt.com/odion-ighalo/profil/spieler/62121,https://fbref.com/en/players/03622183/Odion-Ighalo
Kelechi Iheanacho,295330,https://www.transfermarkt.com/kelechi-iheanacho/profil/spieler/295330,https://fbref.com/en/players/c92e1a31/Kelechi-Iheanacho
Giannelli Imbula,130756,https://www.transfermarkt.com/giannelli-imbula/profil/spieler/130756,https://fbref.com/en/players/b86fe156/Giannelli-Imbula
Gökhan Inler,19041,https://www.transfermarkt.com/gkhan-inler/profil/spieler/19041,https://fbref.com/en/players/3200c583/Gokhan-Inler
Juan Iturbe,81455,https://www.transfermarkt.com/juan-iturbe/profil/spieler/81455,https://fbref.com/en/players/2c0fbaf5/Juan-Iturbe
Alex Iwobi,242631,https://www.transfermarkt.com/alex-iwobi/profil/spieler/242631,https://fbref.com/en/players/6ca5ec4b/Alex-Iwobi
Joselu,81999,https://www.transfermarkt.com/joselu/profil/spieler/81999,https://fbref.com/en/players/a5e9c273/Joselu
Juanmi,126737,https://www.transfermarkt.com/juanmi/profil/spieler/126737,https://fbref.com/en/players/9c6886e6/Juanmi
Sullay Kaikai,244130,https://www.transfermarkt.com/sullay-kaikai/profil/spieler/244130,https://fbref.com/en/players/fc166e49/Sullay-Kaikai
N'Golo Kanté,225083,https://www.transfermarkt.com/ngolo-kant/profil/spieler/225083,https://fbref.com/en/players/b9fbae28/NGolo-Kante
Kenedy,281404,https://www.transfermarkt.com/kenedy/profil/spieler/281404,https://fbref.com/en/players/97778030/Daniel-Kenedy
Jonjoe Kenny,258883,https://www.transfermarkt.com/jonjoe-kenny/profil/spieler/258883,https://fbref.com/en/players/099e666f/Jonjoe-Kenny
Yann Kermorgant,57410,https://www.transfermarkt.com/yann-kermorgant/profil/spieler/57410,https://fbref.com/en/players/0172d6cc/Yann-Kermorgant
Wahbi Khazri,103565,https://www.transfermarkt.com/wahbi-khazri/profil/spieler/103565,https://fbref.com/en/players/2677a1de/Wahbi-Khazri
Joshua King,91059,https://www.transfermarkt.com/joshua-king/profil/spieler/91059,https://fbref.com/en/players/86109b3b/Joshua-King
Stephen Kingsley,184398,https://www.transfermarkt.com/stephen-kingsley/profil/spieler/184398,https://fbref.com/en/players/488cc9c7/Stephen-Kingsley
Jan Kirchhoff,49734,https://www.transfermarkt.com/jan-kirchhoff/profil/spieler/49734,https://fbref.com/en/players/a14d04e3/Jan-Kirchhoff
Timm Klose,65255,https://www.transfermarkt.com/timm-klose/profil/spieler/65255,https://fbref.com/en/players/5f1d07f6/Timm-Klose
Lamine Koné,57420,https://www.transfermarkt.com/lamine-kon/profil/spieler/57420,https://fbref.com/en/players/a46472d0/Lamine-Kone
Kyle Lafferty,36884,https://www.transfermarkt.com/kyle-lafferty/profil/spieler/36884,https://fbref.com/en/players/3bf81c50/Kyle-Lafferty
Manuel Lanzini,135853,https://www.transfermarkt.com/manuel-lanzini/profil/spieler/135853,https://fbref.com/en/players/26f6dca8/Manuel-Lanzini
Jamaal Lascelles,183318,https://www.transfermarkt.com/jamaal-lascelles/profil/spieler/183318,https://fbref.com/en/players/450ab6fc/Jamaal-Lascelles
Miguel Layún,58576,https://www.transfermarkt.com/miguel-layn/profil/spieler/58576,https://fbref.com/en/players/ad6295d4/Miguel-Layun
Jonathan Leko,314266,https://www.transfermarkt.com/jonathan-leko/profil/spieler/314266,https://fbref.com/en/players/76b5cbbd/Jonathan-Leko
Jeremain Lens,38497,https://www.transfermarkt.com/jeremain-lens/profil/spieler/38497,https://fbref.com/en/players/6f1721f0/Jeremain-Lens
Donald Love,179451,https://www.transfermarkt.com/donald-love/profil/spieler/179451,https://fbref.com/en/players/160599ed/Donald-Love
Jordan Lyden,251289,https://www.transfermarkt.com/jordan-lyden/profil/spieler/251289,https://fbref.com/en/players/f246a2a8/Jordan-Lyden
Yann M'Vila,60573,https://www.transfermarkt.com/yann-mvila/profil/spieler/60573,https://fbref.com/en/players/d4133fa1/Yann-MVila
Shaun MacDonald,10375,https://www.transfermarkt.com/shaun-macdonald/profil/spieler/10375,https://fbref.com/en/players/7d64f98a/Shaun-MacDonald
José Manuel Jurado,28261,https://www.transfermarkt.com/jos-manuel-jurado/profil/spieler/28261,https://fbref.com/en/players/71d4e271/Jose-Manuel-Jurado
Anthony Martial,182877,https://www.transfermarkt.com/anthony-martial/profil/spieler/182877,https://fbref.com/en/players/8b788c01/Anthony-Martial
Cuco Martina,91251,https://www.transfermarkt.com/cuco-martina/profil/spieler/91251,https://fbref.com/en/players/22551915/Cuco-Martina
Adam Matthews,108878,https://www.transfermarkt.com/adam-matthews/profil/spieler/108878,https://fbref.com/en/players/d8bffa70/Adam-Matthews
Kevin Mbabu,183321,https://www.transfermarkt.com/kevin-mbabu/profil/spieler/183321,https://fbref.com/en/players/493924a7/Kevin-Mbabu
Chancel Mbemba,203348,https://www.transfermarkt.com/chancel-mbemba/profil/spieler/203348,https://fbref.com/en/players/e76cb9cc/Chancel-Mbemba
Dieumerci Mbokani,44624,https://www.transfermarkt.com/dieumerci-mbokani/profil/spieler/44624,https://fbref.com/en/players/d9847696/Dieumerci-Mbokani
Memphis,167850,https://www.transfermarkt.com/memphis/profil/spieler/167850,https://fbref.com/en/players/5a1ae50b/Memphis-Simdze-Fokoua
Matt Miazga,245893,https://www.transfermarkt.com/matt-miazga/profil/spieler/245893,https://fbref.com/en/players/9fc0f253/Matt-Miazga
Tyrone Mings,253677,https://www.transfermarkt.com/tyrone-mings/profil/spieler/253677,https://fbref.com/en/players/8397a50c/Tyrone-Mings
Aleksandar Mitrović,51152,https://www.transfermarkt.com/aleksandar-mitrovi/profil/spieler/51152,https://fbref.com/en/players/3925dbd6/Aleksandar-Mitrovic
Clinton N'Jie,241119,https://www.transfermarkt.com/clinton-njie/profil/spieler/241119,https://fbref.com/en/players/77f278a0/Clinton-NJie
Oumar Niasse,209781,https://www.transfermarkt.com/oumar-niasse/profil/spieler/209781,https://fbref.com/en/players/af721f98/Oumar-Niasse
Kristoffer Nordfeldt,75890,https://www.transfermarkt.com/kristoffer-nordfeldt/profil/spieler/75890,https://fbref.com/en/players/78549904/Kristoffer-Nordfeldt
Allan Nyom,111508,https://www.transfermarkt.com/allan-nyom/profil/spieler/111508,https://fbref.com/en/players/97572117/Allan-Nyom
Eunan O'Kane,61583,https://www.transfermarkt.com/eunan-okane/profil/spieler/61583,https://fbref.com/en/players/b7f8b1fc/Eunan-OKane
Pedro Obiang,101213,https://www.transfermarkt.com/pedro-obiang/profil/spieler/101213,https://fbref.com/en/players/ba1e04b3/Pedro-Obiang
Vadis Odjidja-Ofoe,38388,https://www.transfermarkt.com/vadis-odjidja-ofoe/profil/spieler/38388,https://fbref.com/en/players/518918ad/Vadis-Odjidja-Ofoe
Angelo Ogbonna,48002,https://www.transfermarkt.com/angelo-ogbonna/profil/spieler/48002,https://fbref.com/en/players/74b2cd7e/Angelo-Ogbonna
Sheyi Ojo,236510,https://www.transfermarkt.com/sheyi-ojo/profil/spieler/236510,https://fbref.com/en/players/7b9a86e6/Sheyi-Ojo
Shinji Okazaki,79642,https://www.transfermarkt.com/shinji-okazaki/profil/spieler/79642,https://fbref.com/en/players/68796d61/Shinji-Okazaki
Josh Onomah,243589,https://www.transfermarkt.com/josh-onomah/profil/spieler/243589,https://fbref.com/en/players/6612cd8c/Josh-Onomah
Divock Origi,148368,https://www.transfermarkt.com/divock-origi/profil/spieler/148368,https://fbref.com/en/players/43a166b4/Divock-Origi
Nicolás Otamendi,54781,https://www.transfermarkt.com/nicols-otamendi/profil/spieler/54781,https://fbref.com/en/players/0d267745/Nicolas-Otamendi
Obbi Oulare,314959,https://www.transfermarkt.com/obbi-oulare/profil/spieler/314959,https://fbref.com/en/players/9e49c320/Obbi-Oulare
Reece Oxford,314295,https://www.transfermarkt.com/reece-oxford/profil/spieler/314295,https://fbref.com/en/players/8b6e0db2/Reece-Oxford
Alberto Paloschi,68306,https://www.transfermarkt.com/alberto-paloschi/profil/spieler/68306,https://fbref.com/en/players/b5cae4e6/Alberto-Paloschi
Alexandre Pato,37579,https://www.transfermarkt.com/alexandre-pato/profil/spieler/37579,https://fbref.com/en/players/7dd83c7d/Alexandre-Pato
Dimitri Payet,37647,https://www.transfermarkt.com/dimitri-payet/profil/spieler/37647,https://fbref.com/en/players/58ae47b2/Dimitri-Payet
Pedro,65278,https://www.transfermarkt.com/pedro/profil/spieler/65278,https://fbref.com/en/players/d66b9872/Pedro-Leon
Matthew Pennington,220755,https://www.transfermarkt.com/matthew-pennington/profil/spieler/220755,https://fbref.com/en/players/0ff967f7/Matthew-Pennington
Jordan Pickford,130164,https://www.transfermarkt.com/jordan-pickford/profil/spieler/130164,https://fbref.com/en/players/4806ec67/Jordan-Pickford
Ivo Pinto,82281,https://www.transfermarkt.com/ivo-pinto/profil/spieler/82281,https://fbref.com/en/players/8d82551b/Ivo-Pinto
Sebastian Prödl,37981,https://www.transfermarkt.com/sebastian-prdl/profil/spieler/37981,https://fbref.com/en/players/f5e6d08d/Sebastian-Prodl
Marc Pugh,36939,https://www.transfermarkt.com/marc-pugh/profil/spieler/36939,https://fbref.com/en/players/9aacb284/Marc-Pugh
Baba Rahman,224884,https://www.transfermarkt.com/baba-rahman/profil/spieler/224884,https://fbref.com/en/players/e4086af3/Baba-Rahman
Connor Randall,262545,https://www.transfermarkt.com/connor-randall/profil/spieler/262545,https://fbref.com/en/players/412e1445/Connor-Randall
Darren Randolph,51321,https://www.transfermarkt.com/darren-randolph/profil/spieler/51321,https://fbref.com/en/players/6385ebfb/Darren-Randolph
Tokelo Rantie,198495,https://www.transfermarkt.com/tokelo-rantie/profil/spieler/198495,https://fbref.com/en/players/7ef25942/Tokelo-Rantie
Marcus Rashford,258923,https://www.transfermarkt.com/marcus-rashford/profil/spieler/258923,https://fbref.com/en/players/a1d5bd30/Marcus-Rashford
Matt Ritchie,92469,https://www.transfermarkt.com/matt-ritchie/profil/spieler/92469,https://fbref.com/en/players/71ef519e/Matt-Ritchie
Tyler Roberts,296986,https://www.transfermarkt.com/tyler-roberts/profil/spieler/296986,https://fbref.com/en/players/91ac3046/Tyler-Roberts
Thomas Robson,257968,https://www.transfermarkt.com/thomas-robson/profil/spieler/257968,https://fbref.com/en/players/a18298ff/Thomas-Robson
Sergio Romero,30690,https://www.transfermarkt.com/sergio-romero/profil/spieler/30690,https://fbref.com/en/players/af4a9326/Sergio-Esteban-Romero
Salomón Rondón,80197,https://www.transfermarkt.com/salomn-rondn/profil/spieler/80197,https://fbref.com/en/players/b318a643/Salomon-Rondon
Jordan Rossiter,258924,https://www.transfermarkt.com/jordan-rossiter/profil/spieler/258924,https://fbref.com/en/players/0e459095/Jordan-Rossiter
Henri Saivet,51540,https://www.transfermarkt.com/henri-saivet/profil/spieler/51540,https://fbref.com/en/players/f3709655/Henri-Saivet
Bakary Sako,46791,https://www.transfermarkt.com/bakary-sako/profil/spieler/46791,https://fbref.com/en/players/381d7d54/Bakary-Sako
Bastian Schweinsteiger,2514,https://www.transfermarkt.com/bastian-schweinsteiger/profil/spieler/2514,https://fbref.com/en/players/ccc22fea/Bastian-Schweinsteiger
Xherdan Shaqiri,86792,https://www.transfermarkt.com/xherdan-shaqiri/profil/spieler/86792,https://fbref.com/en/players/6421ec64/Xherdan-Shaqiri
Cédric Soares,112988,https://www.transfermarkt.com/cdric-soares/profil/spieler/112988,https://fbref.com/en/players/839c14e1/Cedric-Soares
Jamie Sterry,250431,https://www.transfermarkt.com/jamie-sterry/profil/spieler/250431,https://fbref.com/en/players/f13d0f83/Jamie-Sterry
Kevin Stewart,200782,https://www.transfermarkt.com/kevin-stewart/profil/spieler/200782,https://fbref.com/en/players/ff674795/Kevin-Stewart
Mario Suárez,37337,https://www.transfermarkt.com/mario-surez/profil/spieler/37337,https://fbref.com/en/players/7106f0a0/Mario-Suarez
Florian Thauvin,184892,https://www.transfermarkt.com/florian-thauvin/profil/spieler/184892,https://fbref.com/en/players/2b9fdeea/Florian-Thauvin
Ola Toivonen,36500,https://www.transfermarkt.com/ola-toivonen/profil/spieler/36500,https://fbref.com/en/players/de4fe7a2/Ola-Toivonen
Lee Tomlin,104586,https://www.transfermarkt.com/lee-tomlin/profil/spieler/104586,https://fbref.com/en/players/ef1739b9/Lee-Tomlin
Fikayo Tomori,303254,https://www.transfermarkt.com/fikayo-tomori/profil/spieler/303254,https://fbref.com/en/players/7edfbb8a/Fikayo-Tomori
Kevin Toner,265132,https://www.transfermarkt.com/kevin-toner/profil/spieler/265132,https://fbref.com/en/players/e2910435/Kevin-Toner
Ivan Toney,251664,https://www.transfermarkt.com/ivan-toney/profil/spieler/251664,https://fbref.com/en/players/e09f279b/Ivan-Toney
Adama Traoré,204103,https://www.transfermarkt.com/adama-traor/profil/spieler/204103,https://fbref.com/en/players/9a28eba4/Adama-Traore
Bertrand Traoré,131996,https://www.transfermarkt.com/bertrand-traor/profil/spieler/131996,https://fbref.com/en/players/c47541e0/Bertrand-Traore
Virgil van Dijk,139208,https://www.transfermarkt.com/virgil-van-dijk/profil/spieler/139208,https://fbref.com/en/players/e06683ca/Virgil-van-Dijk
Guillermo Varela,188862,https://www.transfermarkt.com/guillermo-varela/profil/spieler/188862,https://fbref.com/en/players/5c961282/Guillermo-Varela
Jordan Veretout,164771,https://www.transfermarkt.com/jordan-veretout/profil/spieler/164771,https://fbref.com/en/players/4a56052c/Jordan-Veretout
Danny Ward,203026,https://www.transfermarkt.com/danny-ward/profil/spieler/203026,https://fbref.com/en/players/cfb29823/Danny-Ward
Duncan Watmore,248045,https://www.transfermarkt.com/duncan-watmore/profil/spieler/248045,https://fbref.com/en/players/2b2bae51/Duncan-Watmore
James Weir,251058,https://www.transfermarkt.com/james-weir/profil/spieler/251058,https://fbref.com/en/players/c8d651c1/James-Weir
Georginio Wijnaldum,49499,https://www.transfermarkt.com/georginio-wijnaldum/profil/spieler/49499,https://fbref.com/en/players/eb58eef0/Georginio-Wijnaldum
Callum Wilson,123682,https://www.transfermarkt.com/callum-wilson/profil/spieler/123682,https://fbref.com/en/players/c596fcb0/Callum-Wilson
Kevin Wimmer,122675,https://www.transfermarkt.com/kevin-wimmer/profil/spieler/122675,https://fbref.com/en/players/faf55ce4/Kevin-Wimmer
