player_name,player_slug,player_url,total_seasons,total_clubs,career_years,status,current_club,position,age,nationality
Óliver Torres,,https://fbref.com/en/players/58a9a4d9/Oliver-Torres,39,5,2012-2013 to 2025-2026,Success,Monterrey,FW-MF (AM-CM-WM),31-031d,Spain
Óscar,,https://fbref.com/en/players/627650df/Oscar,19,3,2001-2002 to 2015-2016,Success,Not found,MF (AM-WM),Not found,Spain
Óscar Díaz,,https://fbref.com/en/players/5a5ed410/Oscar-Diaz,17,12,2005-2006 to 2017-2018,Success,Not found,FW-MF (AM-WM),Not found,Not found
Óscar de Marcos,,https://fbref.com/en/players/9f323c71/Oscar-de-Marcos,39,2,2008-2009 to 2024-2025,Success,Not found,"DF-FW-MF (DM-FB, right)",Not found,Spain
Óscar Serrano,,https://fbref.com/en/players/c862ecc5/Oscar-Serrano,11,4,2004-2005 to 2013-2014,Success,Not found,"MF (AM-WM, left)",Not found,Not found
Óscar Trejo,,https://fbref.com/en/players/fc647b34/Oscar-Trejo,31,5,2006-2007 to 2025-2026,Success,Rayo Vallecano,FW-MF (AM),37-229d,Not found
Óscar Ustari,,https://fbref.com/en/players/40e417fa/Oscar-Ustari,24,7,2007-2008 to 2025,Success,Inter Miami,GK,39-161d,Argentina
Éric Abidal,,https://fbref.com/en/players/016828bd/Eric-Abidal,25,5,2000-2001 to 2014-2015,Success,Not found,"DF (FB, left)",Not found,France
Éver Banega,,https://fbref.com/en/players/fa937f7a/Ever-Banega,41,6,2007-2008 to 2025,Success,Newell's Old Boys,MF (AM-CM-DM-WM),37-165d,Argentina
Íñigo López,,https://fbref.com/en/players/8c61ca86/Inigo-Lopez,15,7,2010-2011 to 2018-2019,Success,Not found,DF (CB),Not found,Not found
Ádám Pintér,,https://fbref.com/en/players/fdbcd938/Adam-Pinter,17,6,2006-2007 to 2020-2021,Success,Not found,DF-MF (CB-DM),Not found,Hungary
Álex Bergantiños,,https://fbref.com/en/players/65ea8868/Alex-Bergantinos,17,3,2009-2010 to 2022-2023,Success,Not found,MF (DM),Not found,Not found
Álex Fernández,,https://fbref.com/en/players/aa677a35/Alex-Fernandez,26,7,2010-2011 to 2025-2026,Success,Cádiz,DF-MF (AM-CM-DM),33-057d,Spain
Álex Gálvez,,https://fbref.com/en/players/960fb42d/Alex-Galvez,19,7,2011-2012 to 2023-2024,Success,Not found,DF-MF (CB-DM),Not found,Not found
Álex López,,https://fbref.com/en/players/30b44896/Alex-Lopez,21,6,2009-2010 to 2024-2025,Success,Not found,MF (CM-DM),Not found,Spain
Álex Martínez,,https://fbref.com/en/players/e1c805cf/Alex-Martinez,15,5,2010-2011 to 2023-2024,Success,Not found,"DF-MF (FB, left)",Not found,Not found
Álex Menéndez,,https://fbref.com/en/players/ddab8ee4/Alex-Menendez,13,5,2011-2012 to 2025-2026,Success,UP Langreo,"DF (FB, left)",34-149d,Not found
Álex Moreno,,https://fbref.com/en/players/16e9d0ea/Alex-Moreno,27,7,2013-2014 to 2025-2026,Success,Girona,"DF-MF (FB-WM, left)",32-186d,Not found
Álex Pérez,,https://fbref.com/en/players/8dac6f70/Alex-Perez,19,10,2010-2011 to 2022-2023,Success,Not found,DF (CB),Not found,Not found
Álex Rubio,,https://fbref.com/en/players/c8c36c4f/Alex-Rubio,2,2,2012-2013 to 2015-2016,Success,Not found,FW-MF (WM),Not found,Spain
Álvaro Arbeloa,,https://fbref.com/en/players/6dc73abd/Alvaro-Arbeloa,26,5,2004-2005 to 2016-2017,Success,Not found,"DF (FB, right)",Not found,Spain
Álvaro Arroyo,,https://fbref.com/en/players/b2fa39c5/Alvaro-Arroyo,12,3,2011-2012 to 2020-2021,Success,Not found,DF (CB-FB),Not found,Not found
Álvaro Cejudo,,https://fbref.com/en/players/a39b23eb/Alvaro-Cejudo,16,5,2009-2010 to 2020-2021,Success,Not found,MF (AM-WM),Not found,Not found
Álvaro Domínguez,,https://fbref.com/en/players/cd0a9411/Alvaro-Dominguez,18,2,2008-2009 to 2015-2016,Success,Not found,"DF (CB-FB, left)",Not found,Spain
Álvaro García,,https://fbref.com/en/players/90bbd822/Alvaro-Garcia,24,4,2013-2014 to 2025-2026,Success,Rayo Vallecano,"FW-MF (AM-WM, left)",33-045d,Not found
Álvaro Giménez,,https://fbref.com/en/players/18017beb/Alvaro-Gimenez,28,8,2007-2008 to 2025-2026,Success,Racing Ferrol,FW-MF,34-206d,Spain
Álvaro González,,https://fbref.com/en/players/42dcf26d/Alvaro-Gonzalez,30,7,2010-2011 to 2025-2026,Success,Tenerife,"DF (CB, right)",35-337d,Spain
Álvaro Medrán,,https://fbref.com/en/players/31223bcf/Alvaro-Medran,20,9,2013-2014 to 2025-2026,Success,Al-Ettifaq,MF (CM-DM),31-271d,Spain
Álvaro Morata,,https://fbref.com/en/players/129af0db/Alvaro-Morata,55,8,2010-2011 to 2025-2026,Success,Como,FW,33-049d,Spain
Álvaro Negredo,,https://fbref.com/en/players/63b0ca6b/Alvaro-Negredo,33,9,2005-2006 to 2023-2024,Success,Not found,FW,Not found,Spain
Álvaro Rubio,,https://fbref.com/en/players/149770b8/Alvaro-Rubio,17,2,2001-2002 to 2015-2016,Success,Not found,DF-MF (CM-DM),Not found,Spain
Álvaro Vázquez,,https://fbref.com/en/players/d2d8675a/Alvaro-Vazquez,27,10,2010-2011 to 2025-2026,Success,Arenas Club de Getxo,FW,34-228d,Spain
Álvaro Vadillo,,https://fbref.com/en/players/61b62b33/Alvaro-Vadillo,22,8,2011-2012 to 2023-2024,Success,Not found,FW-MF (AM-WM),Not found,Spain
Ángel Dealbert,,https://fbref.com/en/players/8242a7ad/Angel-Dealbert,16,5,2005-2006 to 2016-2017,Success,Not found,DF (CB),Not found,Not found
Ángel Di María,,https://fbref.com/en/players/19cda00b/Angel-Di-Maria,58,6,2007-2008 to 2025,Success,Rosario Central,FW-MF (AM-CM-WM),37-300d,Argentina
Ángel López,,https://fbref.com/en/players/93cdc601/Angel-Lopez,24,4,2000-2001 to 2015-2016,Success,Not found,DF-MF (FB),Not found,Spain
Ángel Lafita,,https://fbref.com/en/players/0b68c35a/Angel-Lafita,15,3,2005-2006 to 2015-2016,Success,Not found,FW-MF (AM-WM),Not found,Not found
Ángel Rodríguez,,https://fbref.com/en/players/8cfc2f69/Angel-Rodriguez,31,7,2005-2006 to 2024-2025,Success,Tenerife,FW,38-229d,Spain
Ángel Trujillo,,https://fbref.com/en/players/08011c9c/Angel-Trujillo,11,2,2011-2012 to 2018-2019,Success,Not found,DF (CB),Not found,Not found
Aarón Ñíguez,,https://fbref.com/en/players/5d720396/Aaron-Niguez,21,14,2006-2007 to 2021-2022,Success,Not found,FW-MF (AM),Not found,Spain
Abdón Prats,,https://fbref.com/en/players/d1b060e2/Abdon-Prats,25,3,2011-2012 to 2025-2026,Success,Mallorca,FW,33-004d,Not found
Abdelaziz Barrada,,https://fbref.com/en/players/89dac314/Abdelaziz-Barrada,8,4,2011-2012 to 2018-2019,Success,Not found,MF (CM),Not found,Morocco ma  Other: France
Abdelkader Ghezzal,,https://fbref.com/en/players/9152a181/Abdelkader-Ghezzal,10,8,2005-2006 to 2015-2016,Success,Not found,FW,Not found,Algeria dz  Other: France
Abdelkader Oueslati,,https://fbref.com/en/players/dc90d163/Abdelkader-Oueslati,8,3,2012-2013 to 2019-2020,Success,Not found,DF-FW-MF (DM-WM),Not found,Tunisia tn  Other: France
Abdoul Sissoko,,https://fbref.com/en/players/f7288611/Abdoul-Sissoko,13,7,2010-2011 to 2022,Success,Not found,MF (DM),Not found,France
Abdoulay Konko,,https://fbref.com/en/players/43857861/Abdoulay-Konko,24,6,2004-2005 to 2016-2017,Success,Not found,"DF-MF (FB, right)",Not found,Not found
Abdoulaye Ba,,https://fbref.com/en/players/1f54ed90/Abdoulaye-Ba,21,11,2011-2012 to 2021-2022,Success,Not found,DF (CB),Not found,Senegal
Abel Aguilar,,https://fbref.com/en/players/6936b41b/Abel-Aguilar,19,10,2005-2006 to 2019,Success,Not found,MF (CM-DM),Not found,Colombia
Abel Gómez Moreno,,https://fbref.com/en/players/b09801d8/Abel-Gomez-Moreno,19,8,2004-2005 to 2017-2018,Success,Not found,MF (CM),Not found,Not found
Abraham González,,https://fbref.com/en/players/682bd745/Abraham-Gonzalez,16,10,2004-2005 to 2019-2020,Success,Not found,MF (CM),Not found,Not found
Abraham Minero,,https://fbref.com/en/players/ce2c56fc/Abraham-Minero,14,7,2010-2011 to 2021-2022,Success,Not found,"DF-MF (FB, left)",Not found,Not found
Abraham Paz,,https://fbref.com/en/players/15ec0042/Abraham-Paz,10,4,2003-2004 to 2012-2013,Success,Not found,DF (CB),Not found,Not found
Adama Traoré,,https://fbref.com/en/players/9a28eba4/Adama-Traore,37,6,2013-2014 to 2025-2026,Success,Fulham,"FW-MF (AM-WM, right)",29-320d,Spain es  Other: Mali
Adil Rami,,https://fbref.com/en/players/8dbff17c/Adil-Rami,41,8,2006-2007 to 2022-2023,Success,Not found,DF (CB),Not found,France
Adri Embarba,,https://fbref.com/en/players/db8f0eba/Adri-Embarba,26,3,2013-2014 to 2025-2026,Success,Almería,FW-MF (AM-WM),33-218d,Not found
Adrià Carmona,,https://fbref.com/en/players/9e95dc9e/Adria-Carmona,8,6,2012-2013 to 2020-2021,Success,Not found,FW-MF (AM-WM),Not found,Spain
Adrián,,https://fbref.com/en/players/f76e6b4e/Adrian,25,3,2012-2013 to 2025-2026,Success,Real Betis,GK,38-342d,Not found
Adrián Colunga,,https://fbref.com/en/players/2212dd4e/Adrian-Colunga,17,9,2007-2008 to 2017-2018,Success,Not found,FW-MF (WM),Not found,Not found
Adrián González,,https://fbref.com/en/players/57ebd662/Adrian-Gonzalez,23,11,2006-2007 to 2021-2022,Success,Not found,MF (AM-CM),Not found,Spain
Adrián Gunino,,https://fbref.com/en/players/05652d7c/Adrian-Gunino,6,4,2010-2011 to 2015-2016,Success,Not found,"DF (FB, right)",Not found,Uruguay
Adrián López,,https://fbref.com/en/players/88a359d4/Adrian-Lopez,28,7,2006-2007 to 2021-2022,Success,Not found,FW,Not found,Spain
Adrián Lois,,https://fbref.com/en/players/4337da46/Adrian-Lois,4,3,2009-2010 to 2025-2026,Success,Torrent CF,MF,36-302d,Not found
Adrián Marín,,https://fbref.com/en/players/b7f2edff/Adrian-Marin,25,8,2014-2015 to 2025,Success,Orlando City SC,"DF (FB, left)",28-336d,Spain
Adrián Sardinero,,https://fbref.com/en/players/51e9bb3f/Adrian-Sardinero,9,6,2010-2011 to 2021-2022,Success,Not found,FW-MF,Not found,Not found
Adriano,,https://fbref.com/en/players/9d8586c4/Adriano,37,5,2004-2005 to 2020-2021,Success,Not found,"DF-MF (FB, left)",Not found,Brazil
Ager Aketxe,,https://fbref.com/en/players/c5eaff5c/Ager-Aketxe,27,8,2014-2015 to 2025-2026,Success,Johor Darul Ta'zim FC,MF (AM),31-346d,Spain
Agustín Pastoriza,,https://fbref.com/en/players/66dd8945/Agustin-Pastoriza,1,1,2013-2014 to 2013-2014,Success,Not found,(WM),Not found,Not found
Aitor Núñez,,https://fbref.com/en/players/511e3986/Aitor-Nunez,8,7,2009-2010 to 2020-2021,Success,Not found,"DF (FB, right)",Not found,Not found
Aitor Ocio,,https://fbref.com/en/players/f1c8639b/Aitor-Ocio,15,3,2000-2001 to 2010-2011,Success,Not found,DF (CB),Not found,Spain
Akihiro Ienaga,,https://fbref.com/en/players/69dab98d/Akihiro-Ienaga,14,3,2010-2011 to 2025,Success,Kawasaki Frontale,"FW-MF (AM-WM, right)",39-181d,Japan
Alan Hutton,,https://fbref.com/en/players/688ae34c/Alan-Hutton,33,7,2002-2003 to 2018-2019,Success,Not found,"DF (FB, right)",Not found,Scotland sct
Albert Crusat,,https://fbref.com/en/players/ba027002/Albert-Crusat,10,5,2002-2003 to 2011-2012,Success,Not found,"FW-MF (AM-WM, left)",Not found,Spain
Albert Luque,,https://fbref.com/en/players/80a6b1d8/Albert-Luque,20,5,1998-1999 to 2010-2011,Success,Not found,"FW-MF (WM, left)",Not found,Spain
Alberto Botía,,https://fbref.com/en/players/7f6bff1f/Alberto-Botia,21,8,2008-2009 to 2025-2026,Success,AO Kifisia,DF (CB),36-318d,Spain
Alberto Bueno,,https://fbref.com/en/players/9b878773/Alberto-Bueno,19,12,2006-2007 to 2021-2022,Success,Not found,FW-MF (WM),Not found,Spain
Alberto de la Bella,,https://fbref.com/en/players/8497faf7/Alberto-de-la-Bella,22,5,2008-2009 to 2021-2022,Success,Not found,"DF (FB, left)",Not found,Not found
Alberto Lopo,,https://fbref.com/en/players/17cd5bb7/Alberto-Lopo,25,4,1998-1999 to 2016-2017,Success,Not found,DF (CB),Not found,Spain
Alberto Lora,,https://fbref.com/en/players/723cd8b7/Alberto-Lora,14,1,2007-2008 to 2017-2018,Success,Not found,"DF-MF (FB, right)",Not found,Not found
Alberto Moreno,,https://fbref.com/en/players/11b9265b/Alberto-Moreno,41,4,2011-2012 to 2025-2026,Success,Como,"DF-MF (FB, left)",33-159d,Spain
Alberto Noguera,,https://fbref.com/en/players/8a46f4c8/Alberto-Noguera,15,9,2010-2011 to 2025-2026,Success,Rayo Majadahonda,MF (CM),36-078d,Not found
Alberto Perea,,https://fbref.com/en/players/5496cc91/Alberto-Perea,19,5,2011-2012 to 2023-2024,Success,Not found,"FW-MF (AM-WM, left)",Not found,Not found
Alberto Rivera,,https://fbref.com/en/players/7002b605/Alberto-Rivera,19,7,1994-1995 to 2013-2014,Success,Not found,MF (AM-CM),Not found,Spain
Aldo Duscher,,https://fbref.com/en/players/44944ca7/Aldo-Duscher,20,5,1998-1999 to 2010-2011,Success,Not found,MF (DM),Not found,Argentina
Aleix Vidal,,https://fbref.com/en/players/04965583/Aleix-Vidal,31,6,2008-2009 to 2022-2023,Success,Not found,"DF-MF (WM, right)",Not found,Spain
Alejandro Alfaro,,https://fbref.com/en/players/7c293728/Alejandro-Alfaro,22,6,2005-2006 to 2018-2019,Success,Not found,FW-MF (AM-WM),Not found,Spain
Alejandro Arribas,,https://fbref.com/en/players/cc29324e/Alejandro-Arribas,22,7,2009-2010 to 2022-2023,Success,Not found,DF (CB),Not found,Not found
Alejandro Martinuccio,,https://fbref.com/en/players/72b206f3/Alejandro-Martinuccio,7,7,2011-2012 to 2020,Success,Not found,FW-MF (AM),Not found,Not found
Alejandro Pozuelo,,https://fbref.com/en/players/5e1280ff/Alejandro-Pozuelo,19,8,2011-2012 to 2024-2025,Success,Al-Fayha,FW-MF (AM),34-082d,Not found
Aleksandar Pantić,,https://fbref.com/en/players/70e5566a/Aleksandar-Pantic,18,11,2010-2011 to 2023-2024,Success,Not found,DF (CB),Not found,Serbia
Alessio Cerci,,https://fbref.com/en/players/5370cba7/Alessio-Cerci,27,12,2003-2004 to 2019-2020,Success,Not found,FW-MF (AM-WM),Not found,Italy
Alex Felip,,https://fbref.com/en/players/90c022f3/Alex-Felip,7,6,2014-2015 to 2022-2023,Success,Not found,MF,Not found,Not found
Alexandre Coeff,,https://fbref.com/en/players/c4065f40/Alexandre-Coeff,29,11,2010-2011 to 2024-2025,Success,Valenciennes,DF-MF (CB-FB),33-294d,France
Alexandre Geijo,,https://fbref.com/en/players/c0787e61/Alexandre-Geijo,21,11,2002-2003 to 2018-2019,Success,Not found,FW,Not found,Not found
Alexandre Song,,https://fbref.com/en/players/1c32281d/Alexandre-Song,28,7,2004-2005 to 2019-2020,Success,Not found,DF-MF (AM-CB-DM),Not found,Cameroon
Alexandros Tziolis,,https://fbref.com/en/players/99138b2e/Alexandros-Tziolis,30,10,2002-2003 to 2018-2019,Success,Not found,MF (DM),Not found,Greece
Alexis,,https://fbref.com/en/players/db0cd1ae/Alexis,29,9,2003-2004 to 2019-2020,Success,Not found,DF (CB),Not found,Spain
Alexis Sánchez,,https://fbref.com/en/players/2c0f8e9e/Alexis-Sanchez,52,7,2008-2009 to 2025-2026,Success,Sevilla,FW-MF (AM-WM),36-357d,Chile
Alfonso Pedraza,,https://fbref.com/en/players/63f04c6c/Alfonso-Pedraza,29,5,2014-2015 to 2025-2026,Success,Villarreal,"DF-FW-MF (FB-WM, left)",29-246d,Spain
Alfreð Finnbogason,,https://fbref.com/en/players/f9e7c4ac/Alfred-Finnbogason,25,8,2010-2011 to 2024-2025,Success,Not found,FW,Not found,Iceland
Alfred N'Diaye,,https://fbref.com/en/players/7789bf63/Alfred-Ndiaye,28,10,2008-2009 to 2022-2023,Success,Not found,DF-MF (CM-DM),Not found,Senegal sn  Other: France
Alfredo Ortuño,,https://fbref.com/en/players/b5077003/Alfredo-Ortuno,27,11,2008-2009 to 2025-2026,Success,Cartagena,DF-FW,34-324d,Not found
Allan Nyom,,https://fbref.com/en/players/97572117/Allan-Nyom,33,5,2010-2011 to 2025-2026,Success,Getafe,"DF-MF (FB, right)",37-215d,Cameroon cm  Other: France
Aloys Nong,,https://fbref.com/en/players/570de35e/Aloys-Nong,15,9,2004-2005 to 2017-2018,Success,Not found,FW,Not found,Cameroon
Aly Cissokho,,https://fbref.com/en/players/83a2bb30/Aly-Cissokho,28,9,2008-2009 to 2019-2020,Success,Lamphun Warrior FC,"DF (FB, left)",38-087d,France
Anaitz Arbilla,,https://fbref.com/en/players/850c0a0d/Anaitz-Arbilla,27,5,2010-2011 to 2025-2026,Success,Eibar,"DF (CB-FB, left)",38-210d,Not found
Ander Capa,,https://fbref.com/en/players/37f1cf47/Ander-Capa,22,3,2013-2014 to 2023-2024,Success,Not found,"DF-MF (FB-WM, right)",Not found,Not found
Ander Herrera,,https://fbref.com/en/players/436a9dd0/Ander-Herrera,52,5,2008-2009 to 2025,Success,Boca Juniors,"MF (AM-CM-DM-WM, right)",36-119d,Spain
Ander Iturraspe,,https://fbref.com/en/players/6dce77a5/Ander-Iturraspe,26,2,2008-2009 to 2019-2020,Success,Not found,MF (DM),Not found,Spain
Anderson Conceição,,https://fbref.com/en/players/d50b1371/Anderson-Conceicao,12,9,2012-2013 to 2024,Success,Boavista SC,DF (CB),36-048d,Not found
Andoni Iraola,,https://fbref.com/en/players/f4bbed41/Andoni-Iraola,21,2,2003-2004 to 2016,Success,Not found,"DF-MF (FB, right)",Not found,Spain
André Castro,,https://fbref.com/en/players/37d0048f/Andre-Castro,26,7,2007-2008 to 2024-2025,Success,Porto,MF (AM-CM-DM),37-253d,Portugal
André Gomes,,https://fbref.com/en/players/1961b2aa/Andre-Gomes,40,5,2012-2013 to 2025-2026,Success,Lille,MF (CM-DM),32-134d,Portugal
André Santos,,https://fbref.com/en/players/4e6642e1/Andre-Santos,16,10,2009-2010 to 2021-2022,Success,Varzim,MF (CM-DM),36-284d,Portugal
Andrés Fernández,,https://fbref.com/en/players/307fcd26/Andres-Fernandez,26,7,2007-2008 to 2025-2026,Success,Almería,GK,38-359d,Not found
Andrés Guardado,,https://fbref.com/en/players/ef322658/Andres-Guardado,42,7,2005-2006 to 2024-2025,Success,Not found,"DF-FW-MF (CM-DM-FB-WM, left)",Not found,Mexico
Andrés Iniesta,,https://fbref.com/en/players/cfd65a29/Andres-Iniesta,46,2,2002-2003 to 2023,Success,Not found,"MF (AM-CM, left)",Not found,Spain
Andrés Palop,,https://fbref.com/en/players/9ab4e785/Andres-Palop,26,3,1998-1999 to 2012-2013,Success,Not found,GK,Not found,Spain
Andrés Túñez,,https://fbref.com/en/players/6520cb34/Andres-Tunez,5,2,2009-2010 to 2016-2017,Success,Not found,DF (CB),Not found,Venezuela
Andreas Ivanschitz,,https://fbref.com/en/players/d045ccb2/Andreas-Ivanschitz,26,7,2000-2001 to 2017-2018,Success,Not found,MF (AM),Not found,Austria
Andreu Fontàs,,https://fbref.com/en/players/0f138d5a/Andreu-Fontas,29,5,2009-2010 to 2024,Success,Not found,"DF (CB, left)",Not found,Spain
Andrija Delibašić,,https://fbref.com/en/players/4de03033/Andrija-Delibasic,16,9,2001-2002 to 2012-2013,Success,Not found,FW,Not found,Montenegro
Anthony Annan,,https://fbref.com/en/players/1c524d4a/Anthony-Annan,21,9,2007 to 2021,Success,Not found,MF (DM),Not found,Ghana
Antoine Griezmann,,https://fbref.com/en/players/df69b544/Antoine-Griezmann,48,3,2009-2010 to 2025-2026,Success,Atlético Madrid,FW-MF (AM-WM),34-265d,France
Antonio Adán,,https://fbref.com/en/players/65d62814/Antonio-Adan,0,0,,No career table,Esteghlal Khuz,GK,38-212d,Spain
Antonio Amaya,,https://fbref.com/en/players/cfe5ba41/Antonio-Amaya,14,3,2008-2009 to 2018-2019,Success,Not found,DF (CB),Not found,Not found
Antonio Barragán,,https://fbref.com/en/players/487d9b09/Antonio-Barragan,31,6,2006-2007 to 2021-2022,Success,Not found,"DF-MF (FB, right)",Not found,Spain
Antonio Cotán,,https://fbref.com/en/players/d92dd30e/Antonio-Cotan,14,8,2013-2014 to 2024-2025,Success,Not found,MF (AM),Not found,Spain
Antonio Floro Flores,,https://fbref.com/en/players/d6846501/Antonio-Floro-Flores,31,11,2000-2001 to 2019-2020,Success,Not found,FW,Not found,Italy
Antonio López,,https://fbref.com/en/players/e55190d5/Antonio-Lopez,19,3,2001-2002 to 2013-2014,Success,Not found,"DF-MF (FB, left)",Not found,Spain
Antonio Luna,,https://fbref.com/en/players/ed239245/Antonio-Luna,26,13,2009-2010 to 2024-2025,Success,Not found,"DF (FB, left)",Not found,Spain
Antonio Marín,,https://fbref.com/en/players/27383431/Antonio-Marin,7,3,2014-2015 to 2025-2026,Success,CD Estepona,"DF (FB, right)",29-177d,Spain
Antonio Rukavina,,https://fbref.com/en/players/e12d7851/Antonio-Rukavina,23,5,2007-2008 to 2019-2020,Success,Not found,"DF (CB-FB, right)",Not found,Serbia
Antonio Tomás,,https://fbref.com/en/players/668d4e93/Antonio-Tomas,15,6,2005-2006 to 2016-2017,Success,Not found,MF (CM-DM),Not found,Not found
Apoño,,https://fbref.com/en/players/02503ca3/Apono,9,4,2007-2008 to 2014-2015,Success,Not found,MF (CM),Not found,Not found
Arda Turan,,https://fbref.com/en/players/017ab4d4/Arda-Turan,33,5,2005-2006 to 2021-2022,Success,Not found,FW-MF (AM-WM),Not found,Turkey
Ariel Nahuelpán,,https://fbref.com/en/players/3334db7c/Ariel-Nahuelpan,23,10,2010-2011 to 2024,Success,Santa Cruz (PE),FW,38-057d,Not found
Aritz Aduriz,,https://fbref.com/en/players/293211e1/Aritz-Aduriz,34,4,2002-2003 to 2019-2020,Success,Not found,FW,Not found,Spain
Aritz Elustondo,,https://fbref.com/en/players/f7dc2ae5/Aritz-Elustondo,30,1,2014-2015 to 2025-2026,Success,Real Sociedad,"DF (CB-FB, right)",31-258d,Spain
Aritz López Garai,,https://fbref.com/en/players/59b0c4a0/Aritz-Lopez-Garai,14,7,2006-2007 to 2016-2017,Success,Not found,MF (CM),Not found,Not found
Arouna Koné,,https://fbref.com/en/players/f9a72ca4/Arouna-Kone,33,8,2003-2004 to 2020-2021,Success,Not found,FW,Not found,Côte d'Ivoire
Arthur Boka,,https://fbref.com/en/players/3abb0642/Arthur-Boka,22,5,2003-2004 to 2016-2017,Success,Not found,"DF (FB, left)",Not found,Côte d'Ivoire
Asier del Horno,,https://fbref.com/en/players/eb525f4a/Asier-del-Horno,17,5,2000-2001 to 2011-2012,Success,Not found,"DF (FB, left)",Not found,Spain
Asier Illarramendi,,https://fbref.com/en/players/5ce0b5ba/Asier-Illarramendi,32,3,2009-2010 to 2024,Success,Kitchee SC,MF (CM-DM),35-278d,Spain
Asier Riesgo,,https://fbref.com/en/players/581c5276/Asier-Riesgo,26,6,2002-2003 to 2022-2023,Success,Not found,GK,Not found,Spain
Augusto Fernández,,https://fbref.com/en/players/78c40e94/Augusto-Fernandez,18,5,2009-2010 to 2020-2021,Success,Not found,MF (WM),Not found,Argentina
Aymeric Laporte,,https://fbref.com/en/players/119b9a8e/Aymeric-Laporte,48,3,2012-2013 to 2025-2026,Success,Athletic Club,"DF (CB, left)",31-198d,Spain es  Other: France
Ayoze Díaz Díaz,,https://fbref.com/en/players/b7209bcc/Ayoze-Diaz-Diaz,12,5,2002-2003 to 2013-2014,Success,Not found,"DF-MF (FB, left)",Not found,Not found
Ayoze García,,https://fbref.com/en/players/e94dfdc6/Ayoze-Garcia,19,4,2003-2004 to 2022,Success,Not found,"DF-MF (AM-FB, left)",Not found,Not found
Aythami Artiles,,https://fbref.com/en/players/01ae64cd/Aythami-Artiles,24,5,2006-2007 to 2021-2022,Success,Not found,DF (CB),Not found,Spain
Baba Diawara,,https://fbref.com/en/players/09b7100a/Baba-Diawara,17,7,2007-2008 to 2020-2021,Success,Not found,FW,Not found,Not found
Bacari,,https://fbref.com/en/players/318ad79c/Bacari,6,3,2010-2011 to 2016-2017,Success,Not found,FW,Not found,Gambia gm  Other: Spain
Baltasar Rigo,,https://fbref.com/en/players/b80570db/Baltasar-Rigo,6,5,2008-2009 to 2013-2014,Success,Not found,DF (CB),Not found,Not found
Bartłomiej Pawłowski,,https://fbref.com/en/players/232ac943/Bartlomiej-Pawlowski,19,9,2010-2011 to 2025-2026,Success,Widzew Łódź,FW-MF (AM-WM),33-028d,Poland
Beñat Etxebarria,,https://fbref.com/en/players/b037bd4f/Benat-Etxebarria,24,3,2006-2007 to 2020-2021,Success,Not found,MF (CM-DM),Not found,Spain
Bebé,,https://fbref.com/en/players/d8712bf9/Bebe,32,11,2010-2011 to 2025-2026,Success,Ibiza,FW-MF (AM-WM),35-152d,Cape Verde cv  Other: Portugal
Benoît Trémoulinas,,https://fbref.com/en/players/37a24709/Benoit-Tremoulinas,21,4,2007-2008 to 2015-2016,Success,Not found,"DF (FB, left)",Not found,France
Bernardo Espinosa,,https://fbref.com/en/players/4242011c/Bernardo-Espinosa,27,9,2007-2008 to 2024-2025,Success,Marbella,DF (CB),36-153d,Not found
Beto,,https://fbref.com/en/players/3b4941e4/Beto,23,9,2007-2008 to 2022,Success,Not found,GK,Not found,Portugal
Bobley Anderson,,https://fbref.com/en/players/f691678c/Bobley-Anderson,4,3,2013-2014 to 2014-2015,Success,Not found,MF (AM),Not found,Not found
Bojan Jokić,,https://fbref.com/en/players/8ac44cc2/Bojan-Jokic,22,5,2007-2008 to 2021-2022,Success,Not found,"DF-MF (CB-FB, left)",Not found,Slovenia
Bojan Krkić,,https://fbref.com/en/players/9fa0a0b8/Bojan-Krkic,35,9,2007-2008 to 2022,Success,Not found,FW-MF (AM-WM),Not found,Spain
Borja Ekiza,,https://fbref.com/en/players/6465e1c9/Borja-Ekiza,10,3,2010-2011 to 2016-2017,Success,Not found,DF (CB),Not found,Not found
Borja Fernández,,https://fbref.com/en/players/3ebe8651/Borja-Fernandez,11,6,2014-2015 to 2024-2025,Success,Lincoln Red Imps FC,MF,30-117d,Spain
Borja Fernández,,https://fbref.com/en/players/9127f9ce/Borja-Fernandez,21,8,2003-2004 to 2018-2019,Success,Not found,MF (CM-DM),Not found,Spain
Borja Gómez Pérez,,https://fbref.com/en/players/95abfdfd/Borja-Gomez-Perez,11,7,2010-2011 to 2018-2019,Success,Not found,"DF (CB-FB, left)",Not found,Not found
Borja García,,https://fbref.com/en/players/13c3bec9/Borja-Garcia,10,8,2011-2012 to 2024-2025,Success,Not found,DF,Not found,Spain
Borja García,,https://fbref.com/en/players/e7f4603c/Borja-Garcia,23,5,2008-2009 to 2023-2024,Success,Not found,"FW-MF (AM, left)",Not found,Spain
Borja Iglesias,,https://fbref.com/en/players/75645f0e/Borja-Iglesias,29,5,2014-2015 to 2025-2026,Success,Celta Vigo,FW,32-328d,Spain
Borja López,,https://fbref.com/en/players/d02d04ea/Borja-Lopez,19,9,2012-2013 to 2023-2024,Success,AC Bellinzona,DF (CB),31-312d,Spain
Borja Oubiña,,https://fbref.com/en/players/df441c0d/Borja-Oubina,14,2,2003-2004 to 2014-2015,Success,Not found,MF (DM),Not found,Spain
Borja Valero,,https://fbref.com/en/players/0e21fc3c/Borja-Valero,34,7,2005-2006 to 2020-2021,Success,Not found,MF (AM-CM-DM),Not found,Spain
Borja Viguera,,https://fbref.com/en/players/d906a703/Borja-Viguera,21,6,2007-2008 to 2018-2019,Success,Not found,FW,Not found,Not found
Braian Rodríguez,,https://fbref.com/en/players/ba32a26f/Braian-Rodriguez,7,5,2013-2014 to 2016-2017,Success,Not found,FW,Not found,Not found
Brandon,,https://fbref.com/en/players/3e016e5a/Brandon,24,7,2012-2013 to 2024-2025,Success,Not found,FW-MF,Not found,Not found
Braulio Nóbrega,,https://fbref.com/en/players/6e02869d/Braulio-Nobrega,17,11,2004-2005 to 2017-2018,Success,Not found,FW,Not found,Spain
Brayan Angulo,,https://fbref.com/en/players/af31b77b/Brayan-Angulo,20,9,2007-2008 to 2024-2025,Success,Not found,"DF-MF (FB-WM, left)",Not found,Colombia
Bruno,,https://fbref.com/en/players/78803d03/Bruno,26,6,2001-2002 to 2018-2019,Success,Not found,"DF (FB, right)",Not found,Not found
Bruno Gama,,https://fbref.com/en/players/6cffc9df/Bruno-Gama,27,8,2003-2004 to 2021-2022,Success,Not found,FW-MF (AM-WM),Not found,Portugal
Bruno Soriano,,https://fbref.com/en/players/09332647/Bruno-Soriano,23,1,2006-2007 to 2019-2020,Success,Not found,MF (CM-DM),Not found,Spain
Bruno Zuculini,,https://fbref.com/en/players/17cddb4d/Bruno-Zuculini,31,8,2014-2015 to 2025,Success,Racing Club,MF (CM-DM),32-253d,Argentina
Bryan Rabello,,https://fbref.com/en/players/ad052490/Bryan-Rabello,22,12,2012-2013 to 2025,Success,O'Higgins,FW-MF (AM),31-209d,Chile
César Sánchez,,https://fbref.com/en/players/c6e6e5d6/Cesar-Sanchez,28,5,1991-1992 to 2011-2012,Success,Not found,GK,Not found,Spain
Cala,,https://fbref.com/en/players/8449a41e/Cala,4,3,2010-2011 to 2017-2018,Success,Not found,MF,Not found,Not found
Cala,,https://fbref.com/en/players/fe05804b/Cala,29,10,2007-2008 to 2022-2023,Success,Not found,"DF (CB, left)",Not found,Spain
Cani,,https://fbref.com/en/players/b493db11/Cani,27,4,2001-2002 to 2016-2017,Success,Not found,MF (AM-WM),Not found,Not found
Carles Gil,,https://fbref.com/en/players/11c30a46/Carles-Gil,28,5,2012-2013 to 2025,Success,New England Revolution,FW-MF (AM-WM),33-019d,Spain
Carles Planas,,https://fbref.com/en/players/72b92c4e/Carles-Planas,15,4,2010-2011 to 2018-2019,Success,Not found,"DF (FB, left)",Not found,Spain
Carles Puyol,,https://fbref.com/en/players/7c0bda9b/Carles-Puyol,32,1,1997-1998 to 2013-2014,Success,Not found,DF (CB),Not found,Spain
Carlos Aranda,,https://fbref.com/en/players/2b60c45d/Carlos-Aranda,20,12,1999-2000 to 2014-2015,Success,Not found,FW,Not found,Spain
Carlos Bacca,,https://fbref.com/en/players/09a9e921/Carlos-Bacca,34,6,2011-2012 to 2025,Success,Junior,FW,39-094d,Colombia
Carlos Bellvís,,https://fbref.com/en/players/fbe35ca3/Carlos-Bellvis,22,6,2006-2007 to 2021-2022,Success,Not found,"DF (FB, left)",Not found,Not found
Carlos Caballero,,https://fbref.com/en/players/38afdbc5/Carlos-Caballero,13,3,2009-2010 to 2017-2018,Success,Not found,MF,Not found,Not found
Carlos Clerc,,https://fbref.com/en/players/33a61a52/Carlos-Clerc,23,6,2013-2014 to 2024-2025,Success,Not found,"DF-MF (FB, left)",Not found,Not found
Carlos Diogo,,https://fbref.com/en/players/8da138d9/Carlos-Diogo,12,5,2005-2006 to 2014-2015,Success,Not found,"DF-MF (DM-FB, right)",Not found,Uruguay
Carlos Fernández,,https://fbref.com/en/players/e08647d6/Carlos-Fernandez,27,7,2013-2014 to 2025-2026,Success,Mirandés,FW,29-203d,Spain
Carlos García,,https://fbref.com/en/players/1e64709e/Carlos-Garcia,6,5,2012-2013 to 2022-2023,Success,Bruno's Magpies FC,MF,32-085d,Spain
Carlos García,,https://fbref.com/en/players/2f21a57c/Carlos-Garcia,12,6,2003-2004 to 2016-2017,Success,Not found,DF (CB),Not found,Spain
Carlos Gurpegui,,https://fbref.com/en/players/6920be59/Carlos-Gurpegui,24,1,2001-2002 to 2015-2016,Success,Not found,DF-MF (CB-DM),Not found,Not found
Carlos Kameni,,https://fbref.com/en/players/867c7fb3/Carlos-Kameni,16,4,2004-2005 to 2023-2024,Success,Not found,GK,Not found,Cameroon
Carlos Marchena,,https://fbref.com/en/players/48ddb821/Carlos-Marchena,27,6,1999-2000 to 2015,Success,Not found,DF-MF (CB-DM),Not found,Spain
Carlos Martínez,,https://fbref.com/en/players/d9b0cc38/Carlos-Martinez,18,2,2007-2008 to 2018-2019,Success,Not found,"DF (FB, right)",Not found,Not found
Carlos Martins,,https://fbref.com/en/players/23cfa96c/Carlos-Martins,26,6,2000-2001 to 2015-2016,Success,Not found,MF (AM),Not found,Portugal
Carlos Peña,,https://fbref.com/en/players/26a03602/Carlos-Pena,19,7,2006-2007 to 2019-2020,Success,Not found,"DF (FB, left)",Not found,Spain
Carlos Sánchez,,https://fbref.com/en/players/50b51fac/Carlos-Sanchez,36,10,2007-2008 to 2024,Success,Not found,DF-MF (CM-DM),Not found,Colombia
Carlos Selfa,,https://fbref.com/en/players/162b5811/Carlos-Selfa,5,4,2014-2015 to 2022-2023,Success,Not found,MF (CM),Not found,Not found
Carlos Tomás,,https://fbref.com/en/players/c4559662/Carlos-Tomas,4,2,2009-2010 to 2011-2012,Success,Not found,DF (CB),Not found,Not found
Carlos Vela,,https://fbref.com/en/players/e0cd04e0/Carlos-Vela,34,6,2006-2007 to 2024,Success,Not found,FW-MF,Not found,Mexico
Carlos Vigaray,,https://fbref.com/en/players/f69d934e/Carlos-Vigaray,16,4,2013-2014 to 2025-2026,Success,Teruel,"DF (FB, right)",31-095d,Not found
Carmelo González,,https://fbref.com/en/players/27f4e837/Carmelo-Gonzalez,12,5,2001-2002 to 2012-2013,Success,Not found,MF (AM),Not found,Spain
Casemiro,,https://fbref.com/en/players/4d224fe8/Casemiro,51,4,2012-2013 to 2025-2026,Success,Manchester United,MF (CM-DM),33-291d,Brazil
Casto,,https://fbref.com/en/players/95b4ffb3/Casto,15,7,2005-2006 to 2020-2021,Success,Not found,GK,Not found,Not found
Cata Díaz,,https://fbref.com/en/players/c9112443/Cata-Diaz,20,5,2003-2004 to 2018-2019,Success,Not found,DF (CB),Not found,Argentina
Cedrick Mabwati,,https://fbref.com/en/players/6518bc18/Cedrick-Mabwati,10,6,2010-2011 to 2018-2019,Success,Not found,FW-MF (WM),Not found,Congo DR
Celso Borges,,https://fbref.com/en/players/b8836910/Celso-Borges,17,5,2009 to 2025,Success,Alajuelense,FW-MF (AM-CM-DM),37-198d,Costa Rica
Cesc Fàbregas,,https://fbref.com/en/players/33508c78/Cesc-Fabregas,53,5,2004-2005 to 2022-2023,Success,Not found,FW-MF (AM-CM-DM),Not found,Spain
Cezary Wilk,,https://fbref.com/en/players/bf526c15/Cezary-Wilk,17,5,2005-2006 to 2016-2017,Success,Not found,MF (DM),Not found,Poland
Charles,,https://fbref.com/en/players/c4b8bcf4/Charles,18,6,2004-2005 to 2022-2023,Success,Not found,FW,Not found,Not found
Charlie I'Anson,,https://fbref.com/en/players/907594ed/Charlie-IAnson,10,6,2010-2011 to 2021-2022,Success,Not found,DF (CB),Not found,Not found
Charlie Took,,https://fbref.com/en/players/9a7434c7/Charlie-Took,2,2,2012-2013 to 2014-2015,Success,Not found,DF (CB),Not found,Not found
Chechu,,https://fbref.com/en/players/e98f3a6a/Chechu,20,6,2004-2005 to 2018-2019,Success,Not found,DF (CB),Not found,Not found
Chico Flores,,https://fbref.com/en/players/95825cf2/Chico-Flores,11,8,2006-2007 to 2019-2020,Success,Not found,DF (CB),Not found,Spain
Chori Domínguez,,https://fbref.com/en/players/bbb66f34/Chori-Dominguez,25,5,2004 to 2017-2018,Success,Not found,FW-MF (AM),Not found,Argentina
Chory Castro,,https://fbref.com/en/players/8cc3d96e/Chory-Castro,29,5,2007-2008 to 2023,Success,Not found,"FW-MF (AM-WM, left)",Not found,Uruguay
Christian,,https://fbref.com/en/players/1d5a68fe/Christian,26,7,2006-2007 to 2022-2023,Success,Not found,"DF (CB-FB, left)",Not found,Not found
Christian Alfonso,,https://fbref.com/en/players/ecfe11fd/Christian-Alfonso,7,5,2011-2012 to 2020-2021,Success,Not found,MF (AM),Not found,Not found
Christian Bravo,,https://fbref.com/en/players/28024156/Christian-Bravo,17,8,2013-2014 to 2024,Success,Antofagasta,"FW-MF (WM, right)",32-071d,Chile
Christian Cueva,,https://fbref.com/en/players/57376761/Christian-Cueva,24,11,2013-2014 to 2025,Success,Emelec,MF (AM-WM),34-018d,Peru
Christian Lell,,https://fbref.com/en/players/37d7f47d/Christian-Lell,15,5,2003-2004 to 2013-2014,Success,Not found,"DF (FB, right)",Not found,Germany
Chuli,,https://fbref.com/en/players/24efffbf/Chuli,19,9,2011-2012 to 2024-2025,Success,Not found,FW-MF,Not found,Spain
Cicinho,,https://fbref.com/en/players/9e4e6402/Cicinho,17,4,2005-2006 to 2015-2016,Success,Not found,"DF (FB, right)",Not found,Brazil
Cicinho,,https://fbref.com/en/players/cb51774a/Cicinho,3,3,2012-2013 to 2019,Success,Not found,"DF (FB, right)",Not found,Not found
Ciprian Marica,,https://fbref.com/en/players/3953ae4a/Ciprian-Marica,26,7,2003-2004 to 2015-2016,Success,Not found,FW,Not found,Romania
Claudio Bravo,,https://fbref.com/en/players/10072610/Claudio-Bravo,37,4,2006-2007 to 2023-2024,Success,Not found,GK,Not found,Chile
Claudio Morel Rodríguez,,https://fbref.com/en/players/2a5c8856/Claudio-Morel-Rodriguez,2,1,2010-2011 to 2011-2012,Success,Not found,"DF (CB-FB, left)",Not found,Paraguay
Coke,,https://fbref.com/en/players/6d8f8441/Coke,31,5,2008-2009 to 2022-2023,Success,Not found,"DF-MF (FB, right)",Not found,Spain
Corona,,https://fbref.com/en/players/4798bc33/Corona,22,5,2000-2001 to 2016-2017,Success,Not found,MF (AM-CM),Not found,Spain
Cristóbal,,https://fbref.com/en/players/81da94e5/Cristobal,13,5,2009-2010 to 2022-2023,Success,Not found,DF-MF (CM),Not found,Not found
Cristhian Stuani,,https://fbref.com/en/players/220c11f1/Cristhian-Stuani,32,7,2007-2008 to 2025-2026,Success,Girona,FW-MF,39-060d,Uruguay
Cristián Zapata,,https://fbref.com/en/players/b1deecf8/Cristian-Zapata,40,8,2005-2006 to 2025,Success,Atletico Bucaramanga,DF (CB),39-072d,Colombia
Cristian Álvarez,,https://fbref.com/en/players/87e89eb4/Cristian-Alvarez,16,4,2008-2009 to 2023-2024,Success,Not found,GK,Not found,Not found
Cristian Ansaldi,,https://fbref.com/en/players/bbafc0c4/Cristian-Ansaldi,36,7,2008 to 2023-2024,Success,Not found,"DF-MF (FB-WM, left)",Not found,Argentina
Cristian Bustos,,https://fbref.com/en/players/ccb6ae73/Cristian-Bustos,11,6,2007-2008 to 2017-2018,Success,Not found,MF (DM),Not found,Not found
Cristian Gómez,,https://fbref.com/en/players/d9b41da8/Cristian-Gomez,6,4,2011-2012 to 2016-2017,Success,Not found,MF,Not found,Not found
Cristian Herrera,,https://fbref.com/en/players/f814e5d3/Cristian-Herrera,25,7,2013-2014 to 2025-2026,Success,Deportivo La Coruña,FW-MF (AM),34-273d,Not found
Cristian Hidalgo,,https://fbref.com/en/players/262b9f04/Cristian-Hidalgo,8,4,2006-2007 to 2012-2013,Success,Not found,"FW-MF (AM-WM, right)",Not found,Not found
Cristian Lobato,,https://fbref.com/en/players/a7ac9c6d/Cristian-Lobato,10,6,2011-2012 to 2018,Success,Not found,FW-MF (WM),Not found,Not found
Cristian Portilla,,https://fbref.com/en/players/2f09542a/Cristian-Portilla,10,7,2005-2006 to 2018,Success,Not found,MF (AM),Not found,Spain
Cristian Pulhac,,https://fbref.com/en/players/b68a705d/Cristian-Pulhac,15,5,2005-2006 to 2015-2016,Success,Not found,"DF (FB, left)",Not found,Romania
Cristian Rodríguez,,https://fbref.com/en/players/dcd67568/Cristian-Rodriguez,42,8,2005-2006 to 2022,Success,Not found,"MF (AM-WM, left)",Not found,Uruguay
Cristian Săpunaru,,https://fbref.com/en/players/906d58bc/Cristian-Sapunaru,28,8,2006-2007 to 2024-2025,Success,Not found,DF (CB-FB),Not found,Romania
Cristian Tello,,https://fbref.com/en/players/72a99e38/Cristian-Tello,32,8,2010-2011 to 2024-2025,Success,Al Oruba,"FW-MF (AM-WM, left)",34-122d,Spain
Cristiano Ronaldo,,https://fbref.com/en/players/dea698d9/Cristiano-Ronaldo,59,5,2002-2003 to 2025-2026,Success,Al Nasr (KSA),FW-MF (WM),40-309d,Portugal
Dídac Vilà,,https://fbref.com/en/players/bad38a94/Didac-Vila,20,5,2009-2010 to 2021-2022,Success,Not found,"DF (FB, left)",Not found,Spain
Damià Abella,,https://fbref.com/en/players/e35b4a15/Damia-Abella,11,5,2004-2005 to 2014-2015,Success,Not found,"DF-MF (FB-WM, right)",Not found,Not found
Damián Suárez,,https://fbref.com/en/players/ba5004e1/Damian-Suarez,26,5,2011-2012 to 2025,Success,Penarol,"DF-MF (FB, right)",37-228d,Uruguay
Damien Perquis,,https://fbref.com/en/players/c33b3de1/Damien-Perquis,23,6,2005-2006 to 2018-2019,Success,Not found,DF (CB),Not found,Poland pl  Other: France
Dani Alves,,https://fbref.com/en/players/c9e99e49/Dani-Alves,52,6,2002-2003 to 2022-2023,Success,Not found,"DF-MF (CM-FB, right)",Not found,Brazil
Dani Aquino,,https://fbref.com/en/players/060a66fb/Dani-Aquino,14,9,2007-2008 to 2025-2026,Success,UCAM Murcia,"FW-MF (WM, left)",35-137d,Spain
Dani Benítez,,https://fbref.com/en/players/51c34a32/Dani-Benitez,5,2,2008-2009 to 2013-2014,Success,Not found,"MF (WM, left)",Not found,Not found
Dani Carvajal,,https://fbref.com/en/players/4958bfb2/Dani-Carvajal,49,2,2012-2013 to 2025-2026,Success,Real Madrid,"DF (FB, right)",33-334d,Spain
Dani Ceballos,,https://fbref.com/en/players/c0617e2b/Dani-Ceballos,44,3,2013-2014 to 2025-2026,Success,Real Madrid,MF (CM-WM),29-126d,Spain
Dani Estrada,,https://fbref.com/en/players/519412fd/Dani-Estrada,13,2,2006-2007 to 2015-2016,Success,Not found,"DF-MF (FB-WM, right)",Not found,Not found
Dani Güiza,,https://fbref.com/en/players/d863ea53/Dani-Guiza,21,8,1999-2000 to 2021-2022,Success,Not found,FW,Not found,Spain
Dani García,,https://fbref.com/en/players/240d3a0b/Dani-Garcia,26,3,2013-2014 to 2025-2026,Success,Olympiacos,MF (CM-DM),35-201d,Not found
Dani Giménez,,https://fbref.com/en/players/7c218bf9/Dani-Gimenez,17,5,2009-2010 to 2020-2021,Success,Not found,GK,Not found,Not found
Dani Hernández,,https://fbref.com/en/players/ba02295e/Dani-Hernandez,15,3,2011-2012 to 2021-2022,Success,Not found,GK,Not found,Venezuela
Dani Nieto,,https://fbref.com/en/players/d7d46f3b/Dani-Nieto,18,10,2011-2012 to 2025-2026,Success,UD Poblense,"FW-MF (WM, left)",34-221d,Spain
Dani Osvaldo,,https://fbref.com/en/players/3f0eba4f/Dani-Osvaldo,24,12,2005-2006 to 2019-2020,Success,Not found,FW,Not found,Italy it  Other: Argentina
Dani Romera,,https://fbref.com/en/players/b2855ce9/Dani-Romera,14,6,2013-2014 to 2021-2022,Success,Not found,FW,Not found,Not found
Daniel Aranzubia,,https://fbref.com/en/players/0e9ce3e0/Daniel-Aranzubia,17,3,2000-2001 to 2013-2014,Success,Not found,GK,Not found,Spain
Daniel Candeias,,https://fbref.com/en/players/0366fc78/Daniel-Candeias,20,12,2008-2009 to 2022-2023,Success,Adanaspor,"FW-MF (AM-WM, right)",37-289d,Portugal
Daniel Carriço,,https://fbref.com/en/players/e1deea75/Daniel-Carrico,36,5,2008-2009 to 2021-2022,Success,Not found,DF-MF (CB-DM),Not found,Portugal
Daniel Larsson,,https://fbref.com/en/players/43833b31/Daniel-Larsson,23,9,2005 to 2021,Success,Not found,FW-MF (AM-WM),Not found,Sweden
Daniel Pacheco,,https://fbref.com/en/players/5b2a4b8d/Daniel-Pacheco,24,12,2009-2010 to 2025-2026,Success,Wisła Płock,FW-MF (AM-WM),34-340d,Spain
Daniel Parejo,,https://fbref.com/en/players/7460ca0d/Daniel-Parejo,48,6,2006-2007 to 2025-2026,Success,Villarreal,MF (AM-CM-DM),36-239d,Spain
Daniel Pinillos,,https://fbref.com/en/players/09d26c80/Daniel-Pinillos,15,6,2013-2014 to 2023-2024,Success,Not found,"DF (FB, left)",Not found,Not found
Daniel Sotres,,https://fbref.com/en/players/0a02a8fa/Daniel-Sotres,5,2,2011-2012 to 2015-2016,Success,Not found,GK,Not found,Spain
Danijel Pranjić,,https://fbref.com/en/players/38929ff9/Danijel-Pranjic,22,6,2004-2005 to 2015-2016,Success,Not found,"DF-MF (FB-WM, left)",Not found,Croatia
Dariusz Dudka,,https://fbref.com/en/players/afe5aff7/Dariusz-Dudka,24,6,2000-2001 to 2016-2017,Success,Not found,DF-MF (DM-FB),Not found,Poland
Darwin Machís,,https://fbref.com/en/players/ed6ea4d9/Darwin-Machis,27,10,2012-2013 to 2025,Success,Universidad Central de Venezuela FC,"FW-MF (AM-WM, left)",32-307d,Venezuela
David Abraham,,https://fbref.com/en/players/565bf0da/David-Abraham,29,5,2007-2008 to 2020-2021,Success,Not found,"DF (CB, right)",Not found,Argentina
David Albelda,,https://fbref.com/en/players/def14f68/David-Albelda,31,2,1997-1998 to 2012-2013,Success,Not found,DF-MF (DM),Not found,Spain
David Barral,,https://fbref.com/en/players/d99f9282/David-Barral,19,10,2005-2006 to 2021-2022,Success,Not found,FW,Not found,Not found
David Cerrajería,,https://fbref.com/en/players/2ebb9df6/David-Cerrajeria,7,5,2006-2007 to 2013-2014,Success,Not found,"DF (FB, left & right)",Not found,Not found
David Cobeño,,https://fbref.com/en/players/df7b0840/David-Cobeno,12,4,2005-2006 to 2014-2015,Success,Not found,GK,Not found,Not found
David Cortés,,https://fbref.com/en/players/99d15abd/David-Cortes,16,6,1998-1999 to 2013-2014,Success,Not found,"DF (FB, right)",Not found,Not found
David Costas,,https://fbref.com/en/players/545e2f01/David-Costas,26,6,2013-2014 to 2025-2026,Success,Oviedo,DF (CB),30-260d,Spain
David de Gea,,https://fbref.com/en/players/7ba6d84e/David-de-Gea,49,3,2009-2010 to 2025-2026,Success,Fiorentina,GK,35-034d,Spain
David García,,https://fbref.com/en/players/f47bf593/David-Garcia,19,2,1999-2000 to 2014-2015,Success,Not found,"DF (FB, left)",Not found,Spain
David Generelo,,https://fbref.com/en/players/2ae48997/David-Generelo,15,5,2002-2003 to 2014-2015,Success,Not found,MF (CM),Not found,Not found
David Goldar,,https://fbref.com/en/players/56a787a6/David-Goldar,13,5,2013-2014 to 2025-2026,Success,Pafos FC,DF (CB),31-087d,Not found
David López,,https://fbref.com/en/players/a698164e/David-Lopez,20,5,2004-2005 to 2016-2017,Success,Not found,MF (AM-WM),Not found,Not found
David López,,https://fbref.com/en/players/f03f284b/David-Lopez,28,4,2010-2011 to 2025-2026,Success,Girona,DF-MF (CB-DM),36-063d,Not found
David Lombán,,https://fbref.com/en/players/b43b81f1/David-Lomban,20,8,2007-2008 to 2021-2022,Success,Not found,DF (CB),Not found,Spain
David Mateos,,https://fbref.com/en/players/ddee7ba5/David-Mateos,10,7,2010-2011 to 2021,Success,Not found,DF (CB),Not found,Spain
David Navarro,,https://fbref.com/en/players/5dbdb37b/David-Navarro,30,5,2001-2002 to 2017-2018,Success,Not found,DF (CB),Not found,Not found
David Rochela,,https://fbref.com/en/players/ac3499f5/David-Rochela,4,2,2009-2010 to 2012-2013,Success,Not found,DF (CB),Not found,Spain
David Rodríguez,,https://fbref.com/en/players/bae862bf/David-Rodriguez,21,12,2005-2006 to 2022-2023,Success,Not found,FW,Not found,Spain
David Timor,,https://fbref.com/en/players/174651c8/David-Timor,27,8,2010-2011 to 2024-2025,Success,FC Goa,DF-MF (AM-CM-DM),36-055d,Not found
David Trezeguet,,https://fbref.com/en/players/80183cb2/David-Trezeguet,28,3,1995-1996 to 2010-2011,Success,Not found,FW,Not found,France
David Villa,,https://fbref.com/en/players/ade08a67/David-Villa,28,8,2001-2002 to 2019,Success,Not found,FW-MF (WM),Not found,Spain
David Zurutuza,,https://fbref.com/en/players/d9bda115/David-Zurutuza,19,2,2007-2008 to 2019-2020,Success,Not found,"MF (AM-CM, left)",Not found,Not found
Deivid,,https://fbref.com/en/players/c1c76662/Deivid,13,4,2011-2012 to 2019-2020,Success,Not found,DF-MF (CB),Not found,Not found
Dejan Lekić,,https://fbref.com/en/players/f73b1a65/Dejan-Lekic,14,10,2009-2010 to 2018-2019,Success,Not found,FW,Not found,Serbia
Denis Cheryshev,,https://fbref.com/en/players/0ac94a23/Denis-Cheryshev,32,6,2012-2013 to 2023-2024,Success,Panionios,"FW-MF (WM, left)",34-350d,Russia
Denis Suárez,,https://fbref.com/en/players/12c50af5/Denis-Suarez,36,8,2013-2014 to 2025-2026,Success,Alavés,MF (AM-CM-WM),31-339d,Spain
Derek Boateng,,https://fbref.com/en/players/e9ef3a0d/Derek-Boateng,20,10,2000-2001 to 2016,Success,Not found,MF (DM),Not found,Ghana
Didier Zokora,,https://fbref.com/en/players/23921ca7/Didier-Zokora,24,8,2000-2001 to 2016,Success,Not found,MF (DM),Not found,Côte d'Ivoire
Diego,,https://fbref.com/en/players/255a478a/Diego,42,7,2004-2005 to 2022,Success,Not found,MF (AM-CM),Not found,Brazil
Diego Alves,,https://fbref.com/en/players/12421a7c/Diego-Alves,26,3,2007-2008 to 2022,Success,Not found,GK,Not found,Brazil
Diego Benito Rey,,https://fbref.com/en/players/049c2adb/Diego-Benito-Rey,9,5,2010-2011 to 2024-2025,Success,Not found,MF,Not found,Not found
Diego Buonanotte,,https://fbref.com/en/players/4680cb30/Diego-Buonanotte,27,9,2011-2012 to 2024,Success,Temuco,FW-MF (AM-WM),37-236d,Argentina
Diego Capel,,https://fbref.com/en/players/4933a2f2/Diego-Capel,26,5,2004-2005 to 2018-2019,Success,Not found,"MF (WM, left)",Not found,Spain
Diego Castro,,https://fbref.com/en/players/3ddc0a25/Diego-Castro,20,5,2003-2004 to 2020-2021,Success,Not found,FW-MF (WM),Not found,Not found
Diego Colotto,,https://fbref.com/en/players/d9d4e0c0/Diego-Colotto,17,7,2004-2005 to 2016-2017,Success,Not found,"DF (CB, right)",Not found,Argentina
Diego Costa,,https://fbref.com/en/players/a190d597/Diego-Costa,41,11,2006-2007 to 2024,Success,Not found,FW,Not found,Spain es  Other: Brazil
Diego Forlán,,https://fbref.com/en/players/d87d0dfc/Diego-Forlan,26,7,2001-2002 to 2016,Success,Not found,FW-MF (AM),Not found,Uruguay
Diego Godín,,https://fbref.com/en/players/fc4f85b1/Diego-Godin,43,6,2007-2008 to 2023,Success,Not found,DF (CB),Not found,Uruguay
Diego Ifrán,,https://fbref.com/en/players/59e3e40f/Diego-Ifran,10,5,2010-2011 to 2017,Success,Not found,FW,Not found,Not found
Diego López,,https://fbref.com/en/players/73683fa9/Diego-Lopez,31,6,2005-2006 to 2022-2023,Success,Not found,GK,Not found,Spain
Diego Llorente,,https://fbref.com/en/players/bba30585/Diego-Llorente,38,8,2012-2013 to 2025-2026,Success,Real Betis,DF (CB),32-117d,Spain
Diego Lugano,,https://fbref.com/en/players/303ad7c3/Diego-Lugano,17,6,2006-2007 to 2017,Success,Not found,DF (CB),Not found,Uruguay
Diego Mainz,,https://fbref.com/en/players/95db62b7/Diego-Mainz,13,3,2001-2002 to 2015-2016,Success,Not found,DF (CB),Not found,Spain
Diego Mariño,,https://fbref.com/en/players/d9235a45/Diego-Marino,25,8,2010-2011 to 2025-2026,Success,Albacete,GK,35-216d,Spain
Diego Perotti,,https://fbref.com/en/players/a40d5a0c/Diego-Perotti,30,6,2007-2008 to 2021-2022,Success,Not found,"FW-MF (AM-WM, left)",Not found,Argentina
Diego Rivas,,https://fbref.com/en/players/eecf46bc/Diego-Rivas,15,7,2002-2003 to 2015-2016,Success,Not found,MF (DM),Not found,Not found
Diego Seoane,,https://fbref.com/en/players/71c7d503/Diego-Seoane,10,5,2009-2010 to 2022-2023,Success,Not found,"DF (FB, right)",Not found,Not found
Diego Valeri,,https://fbref.com/en/players/31da63ad/Diego-Valeri,16,4,2009-2010 to 2022,Success,Not found,FW-MF (AM),Not found,Argentina
Dimitri Foulquier,,https://fbref.com/en/players/45e17712/Dimitri-Foulquier,34,6,2011-2012 to 2025-2026,Success,Valencia,"DF-MF (FB, right)",32-263d,France fr  Other: Guadeloupe
Diogo Figueiras,,https://fbref.com/en/players/3e587547/Diogo-Figueiras,22,7,2011-2012 to 2021-2022,Success,CD FAS,"DF-MF (FB, right)",34-163d,Portugal
Diogo Salomão,,https://fbref.com/en/players/45e4d136/Diogo-Salomao,17,7,2010-2011 to 2020-2021,Success,Not found,"FW-MF (WM, left)",Not found,Portugal
Dioni,,https://fbref.com/en/players/aac8c5ac/Dioni,14,10,2010-2011 to 2025-2026,Success,Eldense,FW,35-355d,Not found
Domingo Cisma,,https://fbref.com/en/players/4d85b73c/Domingo-Cisma,15,6,2005-2006 to 2016-2017,Success,Not found,"DF (FB, left)",Not found,Not found
Dorlan Pabón,,https://fbref.com/en/players/4eb45683/Dorlan-Pabon,22,7,2012-2013 to 2025,Success,Envigado,FW-MF (AM-WM),37-321d,Colombia
Douglas,,https://fbref.com/en/players/ee0da7af/Douglas,15,6,2014 to 2019-2020,Success,Not found,"DF (FB, right)",Not found,Brazil
Duško Tošić,,https://fbref.com/en/players/523057ea/Dusko-Tosic,25,9,2005-2006 to 2020-2021,Success,Not found,DF (CB-FB),Not found,Serbia
Duda,,https://fbref.com/en/players/13d41642/Duda,21,3,2001-2002 to 2016-2017,Success,Not found,"DF-FW-MF (FB-WM, left)",Not found,Portugal
Dudu Aouate,,https://fbref.com/en/players/4d1b3701/Dudu-Aouate,14,5,1999-2000 to 2013-2014,Success,Not found,GK,Not found,Israel
Eñaut Zubikarai,,https://fbref.com/en/players/5e92d0ec/Enaut-Zubikarai,10,3,2005-2006 to 2015-2016,Success,Not found,GK,Not found,Not found
Eddy Silvestre,,https://fbref.com/en/players/15ac2dc2/Eddy-Silvestre,16,8,2012-2013 to 2020-2021,Success,Johor Darul Ta'zim FC,MF (AM-CM),33-131d,Azerbaijan az  Other: Spain
Eder Vilarchao,,https://fbref.com/en/players/9ea0bf80/Eder-Vilarchao,1,1,2012-2013 to 2012-2013,Success,Not found,MF (AM),Not found,Not found
Edimar Fraga,,https://fbref.com/en/players/e1bcce4c/Edimar-Fraga,24,12,2008-2009 to 2023,Success,Not found,"DF-MF (FB-WM, left)",Not found,Not found
Edinho,,https://fbref.com/en/players/1955f68d/Edinho,20,11,2003-2004 to 2018-2019,Success,Not found,FW-MF (WM),Not found,Portugal
Edmílson,,https://fbref.com/en/players/13853c88/Edmilson,21,4,2000-2001 to 2010-2011,Success,Not found,DF-MF (CB-CM-DM),Not found,Brazil
Edson Ratinho,,https://fbref.com/en/players/1f59bef7/Edson-Ratinho,9,6,2007-2008 to 2019,Success,Not found,"DF-MF (FB-WM, right)",Not found,Not found
Edu Albácar,,https://fbref.com/en/players/fc8a84b8/Edu-Albacar,13,4,2006-2007 to 2017-2018,Success,Not found,"DF (FB, left)",Not found,Not found
Edu Bedia,,https://fbref.com/en/players/2dc8077c/Edu-Bedia,22,9,2008-2009 to 2023-2024,Success,Not found,MF (CM-DM),Not found,Spain
Edu Caballer,,https://fbref.com/en/players/2e7586bb/Edu-Caballer,3,2,2009-2010 to 2014-2015,Success,Not found,DF (CB),Not found,Not found
Edu Oriol,,https://fbref.com/en/players/94c9f17a/Edu-Oriol,9,8,2010-2011 to 2022-2023,Success,Not found,FW-MF (WM),Not found,Not found
Edu Ramos,,https://fbref.com/en/players/e6793b40/Edu-Ramos,14,7,2009-2010 to 2020-2021,Success,Not found,MF (CM-DM),Not found,Spain
Eduardo Salvio,,https://fbref.com/en/players/5f424f35/Eduardo-Salvio,39,5,2009-2010 to 2025,Success,Lanús,"FW-MF (AM-WM, right)",35-151d,Argentina
Eduardo Vargas,,https://fbref.com/en/players/bd603c00/Eduardo-Vargas,29,8,2011-2012 to 2025,Success,Audax Italiano,FW-MF (AM-WM),36-021d,Chile
Efraín Juárez,,https://fbref.com/en/players/8c1b4056/Efrain-Juarez,12,7,2008-2009 to 2019,Success,Not found,"DF-MF (CB-DM-FB, right)",Not found,Mexico
Elías,,https://fbref.com/en/players/97ce8f24/Elias,19,5,2010-2011 to 2020,Success,Not found,"MF (CM-DM, right)",Not found,Brazil
Eliseu,,https://fbref.com/en/players/981869fc/Eliseu,22,5,2002-2003 to 2017-2018,Success,Not found,"DF-MF (AM-FB-WM, left)",Not found,Portugal
Emanuel Insúa,,https://fbref.com/en/players/792c7b94/Emanuel-Insua,23,11,2014 to 2024-2025,Success,Racing Ferrol,"DF (FB, left)",34-245d,Not found
Emi Buendía,,https://fbref.com/en/players/66b76d44/Emi-Buendia,29,5,2014-2015 to 2025-2026,Success,Aston Villa,FW-MF (AM),28-351d,Argentina
Emiliano Armenteros,,https://fbref.com/en/players/66475fb9/Emiliano-Armenteros,14,7,2007-2008 to 2017-2018,Success,Not found,MF,Not found,Argentina
Emiliano Insúa,,https://fbref.com/en/players/f3cccffe/Emiliano-Insua,33,9,2006-2007 to 2023,Success,Not found,"DF (CB-FB, left)",Not found,Argentina
Emiliano Velázquez,,https://fbref.com/en/players/5efb80d5/Emiliano-Velazquez,23,7,2014 to 2025,Success,Danubio,DF (CB),31-225d,Uruguay
Emilio Nsue,,https://fbref.com/en/players/1c9bc4fa/Emilio-Nsue,19,6,2007-2008 to 2022-2023,Success,CF Intercity,"DF-FW-MF (FB, right)",36-072d,Equatorial Guinea gq  Other: Spain
Emir Spahić,,https://fbref.com/en/players/009633c8/Emir-Spahic,23,8,2004 to 2016-2017,Success,Not found,DF (CB),Not found,Bosnia and Herzegovina ba  Other: Croatia
Emmanuel Adebayor,,https://fbref.com/en/players/936d9e3e/Emmanuel-Adebayor,37,10,2001-2002 to 2020,Success,Not found,FW,Not found,Togo
Emre Belözoğlu,,https://fbref.com/en/players/48add958/Emre-Belozoglu,35,6,1997-1998 to 2019-2020,Success,Not found,MF (DM),Not found,Turkey
Eneko Bóveda,,https://fbref.com/en/players/1771f2c1/Eneko-Boveda,20,3,2008-2009 to 2020-2021,Success,Not found,"DF (FB, right)",Not found,Not found
Eneko Capilla,,https://fbref.com/en/players/54bed007/Eneko-Capilla,9,4,2014-2015 to 2022-2023,Success,Not found,MF,Not found,Not found
Eneko Satrústegui,,https://fbref.com/en/players/b7ce700f/Eneko-Satrustegui,10,7,2011-2012 to 2025-2026,Success,Cultural y Deportiva Leonesa,"DF (FB, left)",35-077d,Not found
Enric Saborit,,https://fbref.com/en/players/eb5bc3eb/Enric-Saborit,18,7,2013-2014 to 2025-2026,Success,AEK Larnaca,"DF (FB, left)",33-228d,Spain
Enrique Corrales,,https://fbref.com/en/players/a8dbcf66/Enrique-Corrales,12,4,2004-2005 to 2015-2016,Success,Not found,"DF (FB, left)",Not found,Spain
Enrique de Lucas,,https://fbref.com/en/players/ae61cc61/Enrique-de-Lucas,20,8,1997-1998 to 2013-2014,Success,Not found,FW-MF (AM),Not found,Spain
Enrique Sola,,https://fbref.com/en/players/bef2e50e/Enrique-Sola,22,6,2006-2007 to 2017-2018,Success,Not found,FW,Not found,Spain
Enzo Maresca,,https://fbref.com/en/players/1a899d99/Enzo-Maresca,29,10,1999-2000 to 2016-2017,Success,Not found,MF,Not found,Italy
Enzo Pérez,,https://fbref.com/en/players/6d27cfc2/Enzo-Perez,39,4,2011-2012 to 2025,Success,River Plate,MF (CM-DM),39-292d,Argentina
Enzo Roco,,https://fbref.com/en/players/37f827ec/Enzo-Roco,18,7,2014-2015 to 2025-2026,Success,Fatih Karagümrük SK,DF (CB),33-117d,Chile
Eric Bailly,,https://fbref.com/en/players/a1232f4e/Eric-Bailly,46,6,2014-2015 to 2025-2026,Success,Oviedo,"DF (CB, right)",31-243d,Côte d'Ivoire
Eric López,,https://fbref.com/en/players/45ac80b3/Eric-Lopez,2,2,2010-2011 to 2015-2016,Success,Not found,MF,Not found,Not found
Erik Morán,,https://fbref.com/en/players/6941883f/Erik-Moran,28,9,2012-2013 to 2024-2025,Success,Not found,MF (CM-DM),Not found,Spain
Ernesto Galán,,https://fbref.com/en/players/7e4af593/Ernesto-Galan,15,8,2009-2010 to 2018-2019,Success,Not found,"DF (FB, right)",Not found,Not found
Esteban,,https://fbref.com/en/players/e4fc2638/Esteban,22,5,1997-1998 to 2016-2017,Success,Not found,GK,Not found,Spain
Esteban Granero,,https://fbref.com/en/players/1b17ed86/Esteban-Granero,27,7,2006-2007 to 2020-2021,Success,Not found,MF,Not found,Spain
Evaldo Fabiano,,https://fbref.com/en/players/74ea03bb/Evaldo-Fabiano,15,7,2003-2004 to 2015-2016,Success,Not found,"DF (FB, left)",Not found,Not found
Ezequiel Calvente,,https://fbref.com/en/players/633ea214/Ezequiel-Calvente,9,8,2010-2011 to 2018-2019,Success,Not found,"FW-MF (WM, left)",Not found,Spain
Ezequiel Garay,,https://fbref.com/en/players/ac3fb1be/Ezequiel-Garay,35,5,2005-2006 to 2019-2020,Success,Not found,"DF (CB, right)",Not found,Argentina
Ezequiel Rescaldani,,https://fbref.com/en/players/fa1042a6/Ezequiel-Rescaldani,13,8,2013-2014 to 2019-2020,Success,Not found,FW,Not found,Not found
Fábio Coentrão,,https://fbref.com/en/players/0f8bd0a6/Fabio-Coentrao,32,7,2004-2005 to 2020-2021,Success,Not found,"DF (FB, left)",Not found,Portugal
Fabián Orellana,,https://fbref.com/en/players/c90977db/Fabian-Orellana,24,7,2009-2010 to 2022,Success,Not found,FW-MF (AM-WM),Not found,Chile
Fabián Vargas,,https://fbref.com/en/players/37a8a372/Fabian-Vargas,9,4,2009-2010 to 2018,Success,Not found,MF (CM-DM),Not found,Colombia
Fabinho,,https://fbref.com/en/players/7f3b388c/Fabinho,46,5,2012-2013 to 2025-2026,Success,Al Ittihad Jeddah,DF-MF (CM-DM-FB),32-049d,Brazil
Fabrice Olinga,,https://fbref.com/en/players/cb82cc9a/Fabrice-Olinga,11,6,2012-2013 to 2023-2024,Success,Not found,FW-MF,Not found,Cameroon
Fabricio,,https://fbref.com/en/players/af245161/Fabricio,15,7,2007-2008 to 2021-2022,Success,Not found,GK,Not found,Spain
Fausto Rossi,,https://fbref.com/en/players/79a8fa04/Fausto-Rossi,13,8,2010-2011 to 2022-2023,Success,Vicenza,"MF (CM-DM-WM, left)",35-008d,Italy
Fausto Tienza,,https://fbref.com/en/players/039783d3/Fausto-Tienza,15,7,2012-2013 to 2024-2025,Success,Not found,MF,Not found,Not found
Fayçal Fajr,,https://fbref.com/en/players/79135368/Faycal-Fajr,22,7,2011-2012 to 2024-2025,Success,Al Jubail Saudi Club,MF (AM-CM-DM),37-132d,Morocco ma  Other: France
Fede Vico,,https://fbref.com/en/players/f681a8ef/Fede-Vico,22,9,2010-2011 to 2025-2026,Success,Ibiza,MF (AM-WM),31-160d,Spain
Federico Cartabia,,https://fbref.com/en/players/a8e6bebf/Federico-Cartabia,12,4,2013-2014 to 2018-2019,Success,Al Ahli,"MF (WM, right)",32-325d,Argentina
Federico Fazio,,https://fbref.com/en/players/4e358a2d/Federico-Fazio,43,5,2007-2008 to 2023-2024,Success,Not found,DF (CB),Not found,Argentina
Federico Fernández,,https://fbref.com/en/players/f25b010f/Federico-Fernandez,36,6,2011-2012 to 2024,Success,Not found,DF (CB),Not found,Argentina
Federico Piovaccari,,https://fbref.com/en/players/fa49f136/Federico-Piovaccari,20,13,2006-2007 to 2020-2021,Success,AC Virtus,FW,41-101d,Italy
Felipe Caicedo,,https://fbref.com/en/players/93b891d1/Felipe-Caicedo,42,12,2006-2007 to 2025,Success,Barcelona,FW-MF (WM),37-097d,Ecuador
Felipe Mattioni,,https://fbref.com/en/players/8dbe6343/Felipe-Mattioni,11,7,2008-2009 to 2019,Success,Not found,"DF (CB-FB, right)",Not found,Not found
Fernando,,https://fbref.com/en/players/2a81fa5d/Fernando,15,5,1999-2000 to 2012-2013,Success,Not found,FW-MF (AM),Not found,Spain
Fernando Amorebieta,,https://fbref.com/en/players/b2bbc0ec/Fernando-Amorebieta,26,6,2005-2006 to 2020,Success,Not found,DF (CB),Not found,Venezuela ve  Other: Spain
Fernando Cavenaghi,,https://fbref.com/en/players/d34453a9/Fernando-Cavenaghi,22,7,2004 to 2015-2016,Success,Not found,FW,Not found,Argentina
Fernando Gago,,https://fbref.com/en/players/e86337bd/Fernando-Gago,25,5,2006-2007 to 2020,Success,Not found,MF (DM-WM),Not found,Argentina
Fernando Llorente,,https://fbref.com/en/players/82dbf623/Fernando-Llorente,45,8,2004-2005 to 2021-2022,Success,Not found,FW,Not found,Spain
Fernando Meira,,https://fbref.com/en/players/415bd344/Fernando-Meira,23,6,1997-1998 to 2011-2012,Success,Not found,DF-MF (CB-DM),Not found,Portugal
Fernando Navarro,,https://fbref.com/en/players/5a3f6fae/Fernando-Navarro,28,5,2001-2002 to 2017-2018,Success,Not found,"DF (FB, left)",Not found,Spain
Fernando Soriano,,https://fbref.com/en/players/1aa72854/Fernando-Soriano,18,4,2001-2002 to 2015-2016,Success,Not found,MF (CM-DM),Not found,Spain
Fernando Tissone,,https://fbref.com/en/players/e224238d/Fernando-Tissone,20,8,2004-2005 to 2018-2019,Success,Not found,MF (CM),Not found,Not found
Fernando Torres,,https://fbref.com/en/players/bdf7b97d/Fernando-Torres,41,5,2001-2002 to 2019,Success,Not found,FW,Not found,Spain
Ferran Corominas,,https://fbref.com/en/players/46d0c528/Ferran-Corominas,22,7,2003-2004 to 2020-2021,Success,Not found,FW-MF (WM),Not found,Spain
Fidel,,https://fbref.com/en/players/eb82b6f1/Fidel,26,7,2009-2010 to 2025-2026,Success,Eldense,"FW-MF (AM-WM, left)",36-045d,Not found
Filipe Augusto,,https://fbref.com/en/players/0e34de55/Filipe-Augusto,24,8,2012-2013 to 2025,Success,Qingdao Jonoon,MF (CM-DM),32-121d,Brazil
Filipe Luís,,https://fbref.com/en/players/e4ed2628/Filipe-Luis,43,5,2005-2006 to 2023,Success,Not found,"DF (CB-FB, left)",Not found,Brazil
Flávio Ferreira,,https://fbref.com/en/players/e867f734/Flavio-Ferreira,5,2,2011-2012 to 2014-2015,Success,Not found,DF-MF (CB-DM),Not found,Not found
Florent Sinama Pongolle,,https://fbref.com/en/players/f222974d/Florent-Sinama-Pongolle,21,11,2002-2003 to 2015-2016,Success,Not found,FW,Not found,France fr  Other: Réunion
Florian Lejeune,,https://fbref.com/en/players/6eaed4eb/Florian-Lejeune,32,9,2009-2010 to 2025-2026,Success,Rayo Vallecano,DF-MF (CB),34-205d,France
Florin Andone,,https://fbref.com/en/players/dc008610/Florin-Andone,23,8,2014-2015 to 2025-2026,Success,CD Atlético Baleares,FW,32-244d,Romania
Formose Mendy,,https://fbref.com/en/players/eeee0542/Formose-Mendy,5,3,2011-2012 to 2015,Success,Not found,MF,Not found,Guinea-Bissau gw  Other: Senegal
Frédéric Kanouté,,https://fbref.com/en/players/1a24d5b6/Frederic-Kanoute,26,4,1997-1998 to 2011-2012,Success,Not found,FW,Not found,Mali ml  Other: France
Fran Mérida,,https://fbref.com/en/players/0e50f929/Fran-Merida,24,9,2007-2008 to 2023,Success,Not found,MF (CM-DM),Not found,Spain
Fran Rico,,https://fbref.com/en/players/eda29127/Fran-Rico,10,2,2011-2012 to 2018-2019,Success,Not found,MF,Not found,Not found
Fran Serrano,,https://fbref.com/en/players/a1eeef2c/Fran-Serrano,4,2,2014-2015 to 2023-2024,Success,Not found,DF,Not found,Not found
Fran Sol,,https://fbref.com/en/players/9bd3b683/Fran-Sol,16,7,2012-2013 to 2022-2023,Success,Not found,FW,Not found,Not found
Fran Vélez,,https://fbref.com/en/players/9d619e08/Fran-Velez,16,7,2009-2010 to 2025-2026,Success,Cartagena,DF-MF (CB),34-171d,Not found
Francesc Arnau,,https://fbref.com/en/players/23ab8dc9/Francesc-Arnau,15,2,1996-1997 to 2010-2011,Success,Not found,GK,Not found,Spain
Francis,,https://fbref.com/en/players/ee4c7c24/Francis,11,2,2003-2004 to 2014-2015,Success,Not found,"DF-MF (FB, right)",Not found,Not found
Francisco Portillo,,https://fbref.com/en/players/8e010ff4/Francisco-Portillo,30,7,2009-2010 to 2025-2026,Success,Huesca,"MF (AM-WM, right)",35-181d,Not found
Francisco Puñal,,https://fbref.com/en/players/408ec22e/Francisco-Punal,15,1,2001-2002 to 2013-2014,Success,Not found,MF (DM),Not found,Not found
Francisco Rufete,,https://fbref.com/en/players/95aca6cd/Francisco-Rufete,20,6,1995-1996 to 2010-2011,Success,Not found,"MF (AM-WM, right)",Not found,Spain
Francisco Silva,,https://fbref.com/en/players/11d68e60/Francisco-Silva,18,6,2012-2013 to 2021,Success,Not found,DF-MF (CB-DM),Not found,Chile
Francisco Sutil,,https://fbref.com/en/players/51b44d11/Francisco-Sutil,7,6,2008-2009 to 2016-2017,Success,Not found,DF-FW-MF (AM-WM),Not found,Not found
Franco Fragapane,,https://fbref.com/en/players/09538c47/Franco-Fragapane,22,6,2014-2015 to 2025,Success,Union de Santa Fe,"FW-MF (AM-WM, left)",32-308d,Argentina
Franco Jara,,https://fbref.com/en/players/413cce14/Franco-Jara,23,6,2010-2011 to 2025,Success,Belgrano,FW,37-149d,Argentina
Franco Vázquez,,https://fbref.com/en/players/467bae22/Franco-Vazquez,35,5,2011-2012 to 2025-2026,Success,Cremonese,FW-MF (AM-CM),36-292d,Argentina ar  Other: Italy
Franco Zuculini,,https://fbref.com/en/players/9c31bb89/Franco-Zuculini,20,10,2009-2010 to 2022-2023,Success,Not found,MF (DM),Not found,Argentina
Fredy Hinestroza,,https://fbref.com/en/players/ac330d8c/Fredy-Hinestroza,23,7,2014-2015 to 2025,Success,Atletico Bucaramanga,"DF-MF (AM-FB-WM, left)",35-250d,Colombia
Gaël Kakuta,,https://fbref.com/en/players/5b1bf5e3/Gael-Kakuta,29,13,2009-2010 to 2024-2025,Success,Sakaryaspor,FW-MF (AM-WM),34-173d,Congo DR cd  Other: France
Gabi,,https://fbref.com/en/players/65d750b5/Gabi,29,4,2003-2004 to 2019,Success,Not found,MF (CM-DM),Not found,Spain
Gabriel Milito,,https://fbref.com/en/players/095009cc/Gabriel-Milito,11,2,2003-2004 to 2010-2011,Success,Not found,DF (CB),Not found,Argentina
Gabriel Paulista,,https://fbref.com/en/players/b7ca5c51/Gabriel-Paulista,40,5,2013-2014 to 2025-2026,Success,Beşiktaş,DF (CB),35-015d,Not found
Gabriel Torje,,https://fbref.com/en/players/9ef94c26/Gabriel-Torje,22,12,2006-2007 to 2022-2023,Success,Not found,"FW-MF (AM-WM, right)",Not found,Romania
Gaizka Toquero,,https://fbref.com/en/players/b78144a6/Gaizka-Toquero,18,4,2008-2009 to 2017-2018,Success,Not found,FW-MF,Not found,Not found
Gareth Bale,,https://fbref.com/en/players/a58bb1e1/Gareth-Bale,43,4,2005-2006 to 2022,Success,Not found,FW-MF (AM-WM),Not found,Wales wls
Garry Rodrigues,,https://fbref.com/en/players/149895bf/Garry-Rodrigues,25,10,2012-2013 to 2024-2025,Success,Apollon Limassol,FW-MF (AM-WM),35-014d,Cape Verde cv  Other: Netherlands
Gary Medel,,https://fbref.com/en/players/563a68ad/Gary-Medel,31,8,2010-2011 to 2025,Success,Universidad Católica,DF-MF (CB-DM),38-130d,Chile
Gaspar Panadero,,https://fbref.com/en/players/39b011f1/Gaspar-Panadero,6,2,2014-2015 to 2020-2021,Success,Not found,MF (WM),Not found,Spain
Gastón Sangoy,,https://fbref.com/en/players/e1f3d532/Gaston-Sangoy,5,2,2010-2011 to 2014-2015,Success,Not found,FW-MF,Not found,Not found
Geoffrey Kondogbia,,https://fbref.com/en/players/cce181df/Geoffrey-Kondogbia,40,7,2010-2011 to 2025-2026,Success,Marseille,DF-MF (CM-DM),32-299d,Central African Republic cf  Other: France
Gerónimo Rulli,,https://fbref.com/en/players/625c144a/Geronimo-Rulli,26,6,2014-2015 to 2025-2026,Success,Marseille,GK,33-205d,Argentina
Gerard Bordas,,https://fbref.com/en/players/56ef2fd7/Gerard-Bordas,11,4,2002-2003 to 2014-2015,Success,Not found,FW-MF (WM),Not found,Not found
Gerard Deulofeu,,https://fbref.com/en/players/39583cfd/Gerard-Deulofeu,34,7,2010-2011 to 2022-2023,Success,Not found,FW-MF (WM),Not found,Spain
Gerard Moreno,,https://fbref.com/en/players/81f0781e/Gerard-Moreno,35,4,2010-2011 to 2025-2026,Success,Villarreal,FW-MF,33-248d,Spain
Gerard Piqué,,https://fbref.com/en/players/adfc9123/Gerard-Pique,51,3,2004-2005 to 2022-2023,Success,Not found,"DF (CB, right)",Not found,Spain
Germán Lux,,https://fbref.com/en/players/14ed837f/German-Lux,16,3,2007-2008 to 2020,Success,Not found,GK,Not found,Argentina
Germán Parreño,,https://fbref.com/en/players/1561cd53/German-Parreno,15,7,2013-2014 to 2025-2026,Success,Deportivo La Coruña,GK,32-298d,Not found
Gianni Zuiverloon,,https://fbref.com/en/players/22d7fe43/Gianni-Zuiverloon,22,10,2004-2005 to 2020-2021,Success,Not found,DF (CB-FB),Not found,Netherlands
Gilberto García,,https://fbref.com/en/players/d283458e/Gilberto-Garcia,15,7,2013-2014 to 2023,Success,Not found,"DF-MF (FB-WM, right)",Not found,Colombia
Giovani dos Santos,,https://fbref.com/en/players/7dba6233/Giovani-dos-Santos,25,9,2007-2008 to 2021,Success,Not found,FW-MF (AM-WM),Not found,Mexico
Giuseppe Rossi,,https://fbref.com/en/players/fe48a073/Giuseppe-Rossi,30,10,2005-2006 to 2022-2023,Success,Not found,FW,Not found,Italy it  Other: United States
Glenn Loovens,,https://fbref.com/en/players/3245e023/Glenn-Loovens,32,7,2001-2002 to 2018-2019,Success,Not found,DF (CB),Not found,Netherlands
Gonzalo Castellani,,https://fbref.com/en/players/a089163c/Gonzalo-Castellani,31,11,2010-2011 to 2025,Success,Union Espanola,MF (AM-CM),38-123d,Not found
Gonzalo Colsa,,https://fbref.com/en/players/6fa12b44/Gonzalo-Colsa,18,5,1997-1998 to 2012-2013,Success,Not found,MF (CM),Not found,Spain
Gonzalo Higuaín,,https://fbref.com/en/players/8a08491a/Gonzalo-Higuain,47,6,2006-2007 to 2022,Success,Not found,FW-MF (WM),Not found,Argentina ar  Other: France
Gonzalo Rodríguez,,https://fbref.com/en/players/46e6fea3/Gonzalo-Rodriguez,32,3,2004-2005 to 2019-2020,Success,Not found,DF (CB),Not found,Argentina
Gorka Elustondo,,https://fbref.com/en/players/7b309e55/Gorka-Elustondo,21,4,2006-2007 to 2018-2019,Success,Not found,DF-MF (CB-CM-DM),Not found,Spain
Gorka Iraizoz,,https://fbref.com/en/players/26f2473f/Gorka-Iraizoz,26,4,2004-2005 to 2018-2019,Success,Not found,GK,Not found,Not found
Gorka Larrea,,https://fbref.com/en/players/242e09b6/Gorka-Larrea,12,6,2003-2004 to 2016,Success,Not found,MF (CM),Not found,Spain
Grégory Arnolin,,https://fbref.com/en/players/e35dba25/Gregory-Arnolin,14,6,2004-2005 to 2016,Success,Not found,DF (CB),Not found,Not found
Grzegorz Krychowiak,,https://fbref.com/en/players/580d52dd/Grzegorz-Krychowiak,31,11,2010-2011 to 2023-2024,Success,Not found,MF (CM-DM),Not found,Poland
Guilherme Siqueira,,https://fbref.com/en/players/3770a135/Guilherme-Siqueira,20,6,2006-2007 to 2016-2017,Success,Not found,"DF-MF (FB, left)",Not found,Not found
Guillermo,,https://fbref.com/en/players/15107141/Guillermo,18,8,2013-2014 to 2024-2025,Success,NorthEast United,FW,32-202d,Not found
Guillermo Méndez,,https://fbref.com/en/players/c8e7f6f2/Guillermo-Mendez,3,3,2010-2011 to 2025-2026,Success,Puerto de Vega,FW,33-314d,Spain
Guillermo Molins,,https://fbref.com/en/players/cda49f68/Guillermo-Molins,26,6,2006 to 2022,Success,Not found,FW-MF (AM-WM),Not found,Sweden se  Other: Uruguay
Guillermo Sara,,https://fbref.com/en/players/efd66e36/Guillermo-Sara,9,3,2013-2014 to 2018-2019,Success,Not found,GK,Not found,Argentina
Guirane N'Daw,,https://fbref.com/en/players/cc61ee7a/Guirane-NDaw,20,9,2002-2003 to 2015-2016,Success,Not found,DF-MF (CB-DM),Not found,Senegal
Gustavo Cabral,,https://fbref.com/en/players/92b4a127/Gustavo-Cabral,26,4,2010-2011 to 2025,Success,Not found,"DF (CB, right)",40-058d,Argentina
Gustavo Munúa,,https://fbref.com/en/players/7e384992/Gustavo-Munua,12,4,2003-2004 to 2015,Success,Not found,GK,Not found,Uruguay
Héctor,,https://fbref.com/en/players/6294bc9d/Hector,16,9,2014-2015 to 2025,Success,Corinthians,DF-FW (FB),30-088d,Spain
Héctor Hernández,,https://fbref.com/en/players/76ee80ee/Hector-Hernandez,13,8,2012-2013 to 2024-2025,Success,Pontevedra,"DF (FB, left)",34-202d,Not found
Héctor Moreno,,https://fbref.com/en/players/5d311e8d/Hector-Moreno,38,7,2005-2006 to 2025-2026,Success,Monterrey,"DF (CB-FB, left)",37-328d,Mexico
Héctor Rodas,,https://fbref.com/en/players/dcdd3a95/Hector-Rodas,20,9,2008-2009 to 2022-2023,Success,Not found,DF (CB),Not found,Not found
Héctor Yuste,,https://fbref.com/en/players/f50a668a/Hector-Yuste,16,11,2009-2010 to 2024-2025,Success,East Bengal,DF-MF (CB-DM),37-333d,Not found
Hélder Barbosa,,https://fbref.com/en/players/e0fd942a/Helder-Barbosa,21,10,2005-2006 to 2021-2022,Success,Not found,FW-MF (WM),Not found,Portugal
Hélder Costa,,https://fbref.com/en/players/f13d02a6/Helder-Costa,25,7,2014-2015 to 2024-2025,Success,Yunnan Yukun,"FW-MF (AM-WM, right)",31-333d,Angola ao  Other: Portugal
Hélder Postiga,,https://fbref.com/en/players/c8504093/Helder-Postiga,33,11,2000-2001 to 2016,Success,Not found,FW,Not found,Portugal
Hélder Rosário,,https://fbref.com/en/players/f0d5e080/Helder-Rosario,9,4,2000-2001 to 2010-2011,Success,Not found,DF (CB),Not found,Not found
Héldon Ramos,,https://fbref.com/en/players/64ded08c/Heldon-Ramos,14,6,2010-2011 to 2019-2020,Success,Not found,FW-MF (AM),Not found,Cape Verde
Hamit Altıntop,,https://fbref.com/en/players/98e33da5/Hamit-Altintop,28,5,2003-2004 to 2017-2018,Success,Not found,"DF-MF (FB-WM, right)",Not found,Turkey tr  Other: Germany
Hans Martínez,,https://fbref.com/en/players/75128a26/Hans-Martinez,6,4,2013-2014 to 2019,Success,Not found,DF (CB),Not found,Chile
Haris Medunjanin,,https://fbref.com/en/players/de5d5d41/Haris-Medunjanin,26,10,2004-2005 to 2023-2024,Success,Not found,MF (AM-CM-DM),Not found,Bosnia and Herzegovina ba  Other: Netherlands
Haris Seferović,,https://fbref.com/en/players/a45eac1f/Haris-Seferovic,29,10,2008-2009 to 2022-2023,Success,Not found,FW,33-292d,Switzerland
Hassan Yebda,,https://fbref.com/en/players/4907d688/Hassan-Yebda,13,7,2006-2007 to 2017-2018,Success,Not found,MF (CM),Not found,Algeria dz  Other: France
Hedwiges Maduro,,https://fbref.com/en/players/5918cc84/Hedwiges-Maduro,25,5,2004-2005 to 2016-2017,Success,Not found,DF-MF (CB-DM),Not found,Netherlands
Heinz Barmettler,,https://fbref.com/en/players/cf153d8e/Heinz-Barmettler,11,2,2006-2007 to 2013-2014,Success,Not found,DF (CB),Not found,Dominican Republic do  Other: Switzerland
Henok Goitom,,https://fbref.com/en/players/c3680236/Henok-Goitom,20,8,2004-2005 to 2021,Success,Not found,FW,Not found,Eritrea er  Other: Sweden
Henri Bienvenu,,https://fbref.com/en/players/df6b9707/Henri-Bienvenu,13,5,2009-2010 to 2015-2016,Success,Not found,FW,Not found,Cameroon
Henrique,,https://fbref.com/en/players/429163de/Henrique,21,7,2008-2009 to 2023,Success,Not found,DF (CB),Not found,Brazil
Henrique Almeida,,https://fbref.com/en/players/8aa2f2e3/Henrique-Almeida,17,9,2011-2012 to 2025,Success,Amazonas FC,FW,34-198d,Brazil
Henrique Sereno,,https://fbref.com/en/players/70b198d8/Henrique-Sereno,12,9,2007-2008 to 2017-2018,Success,Not found,DF (CB),Not found,Portugal
Hernán Bernardello,,https://fbref.com/en/players/dec04537/Hernan-Bernardello,15,6,2009-2010 to 2019,Success,Not found,MF (DM),Not found,Argentina
Hernán Pérez,,https://fbref.com/en/players/e1cea3f7/Hernan-Perez,24,10,2009-2010 to 2025,Success,Deportivo Recoleta,"FW-MF (AM-WM, right)",36-289d,Paraguay
Hernán Pellerano,,https://fbref.com/en/players/027f513e/Hernan-Pellerano,19,7,2008-2009 to 2020,Success,Not found,DF (CB),Not found,Not found
Hicham Khaloua,,https://fbref.com/en/players/f383d568/Hicham-Khaloua,5,2,2013-2014 to 2018-2019,Success,Not found,FW,Not found,Morocco ma  Other: Spain
Hiroshi Ibusuki,,https://fbref.com/en/players/715bdbe9/Hiroshi-Ibusuki,14,8,2008-2009 to 2024-2025,Success,Western United FC,FW,34-287d,Japan
Hugo Fraile,,https://fbref.com/en/players/168ec9a3/Hugo-Fraile,16,5,2011-2012 to 2021-2022,Success,Not found,FW-MF,Not found,Not found
Hugo Mallo,,https://fbref.com/en/players/cb574619/Hugo-Mallo,28,3,2009-2010 to 2024-2025,Success,Not found,"DF (FB, right)",Not found,Spain
Humberto Osorio,,https://fbref.com/en/players/72ada906/Humberto-Osorio,16,9,2013-2014 to 2023,Success,Jaguares de UPNFM,FW,37-170d,Not found
Iñaki Goitia,,https://fbref.com/en/players/2f10b901/Inaki-Goitia,13,5,2003-2004 to 2014-2015,Success,Not found,GK,Not found,Not found
Iñaki Williams,,https://fbref.com/en/players/6a99e0b1/Inaki-Williams,32,1,2014-2015 to 2025-2026,Success,Athletic Club,FW-MF (AM),31-179d,Ghana gh  Other: Spain
Iñigo Díaz de Cerio,,https://fbref.com/en/players/757bd109/Inigo-Diaz-de-Cerio,11,5,2005-2006 to 2013-2014,Success,Not found,FW,Not found,Not found
Iñigo Martínez,,https://fbref.com/en/players/3fc45c73/Inigo-Martinez,34,4,2011-2012 to 2025-2026,Success,Al Nasr (KSA),"DF (CB, left)",34-208d,Spain
Iñigo Pérez,,https://fbref.com/en/players/bc61cc65/Inigo-Perez,24,5,2009-2010 to 2021-2022,Success,Not found,"MF (CM-DM, left)",Not found,Not found
Iñigo Ruiz de Galarreta,,https://fbref.com/en/players/91f7631f/Inigo-Ruiz-de-Galarreta,27,8,2011-2012 to 2025-2026,Success,Athletic Club,MF (CM-DM),32-127d,Spain
Iago Aspas,,https://fbref.com/en/players/7dcf86f6/Iago-Aspas,32,3,2010-2011 to 2025-2026,Success,Celta Vigo,FW-MF,38-132d,Spain
Iago Bouzón,,https://fbref.com/en/players/2b687c98/Iago-Bouzon,15,5,1999-2000 to 2016-2017,Success,Not found,DF,Not found,Spain
Iago Falque,,https://fbref.com/en/players/440c84ed/Iago-Falque,25,10,2010-2011 to 2023,Success,Not found,FW-MF (AM-WM),Not found,Spain
Iago Herrerín,,https://fbref.com/en/players/9109185e/Iago-Herrerin,20,6,2012-2013 to 2025-2026,Success,Olympic Charleroi,GK,37-320d,Not found
Ibai Gómez,,https://fbref.com/en/players/9d2a3d5f/Ibai-Gomez,25,2,2010-2011 to 2020-2021,Success,Not found,FW-MF (WM),Not found,Not found
Ibrahim Afellay,,https://fbref.com/en/players/9a8c6673/Ibrahim-Afellay,33,5,2004-2005 to 2019-2020,Success,Not found,FW-MF (AM-WM),Not found,Netherlands
Ibrahima Baldé,,https://fbref.com/en/players/573b6680/Ibrahima-Balde,15,10,2009-2010 to 2023-2024,Success,Not found,FW,Not found,Senegal
Ignacio Camacho,,https://fbref.com/en/players/8ed9b33a/Ignacio-Camacho,20,3,2007-2008 to 2018-2019,Success,Not found,MF (DM),Not found,Spain
Igor Gabilondo,,https://fbref.com/en/players/4ce0dff0/Igor-Gabilondo,15,2,2000-2001 to 2011-2012,Success,Not found,"MF (WM, left)",Not found,Not found
Igor Martínez,,https://fbref.com/en/players/c68990c2/Igor-Martinez,15,6,2007-2008 to 2018-2019,Success,Not found,FW-MF (AM),Not found,Spain
Ikechukwu Uche,,https://fbref.com/en/players/ba7c6d25/Ikechukwu-Uche,24,8,2001-2002 to 2018-2019,Success,Not found,FW,Not found,Nigeria
Iker Casillas,,https://fbref.com/en/players/1ddbb0da/Iker-Casillas,42,2,1999-2000 to 2018-2019,Success,Not found,GK,Not found,Spain
Iker Hernández,,https://fbref.com/en/players/c9ee1793/Iker-Hernandez,7,5,2014-2015 to 2020,Success,Not found,FW,Not found,Spain
Iker Muniain,,https://fbref.com/en/players/c05dfb74/Iker-Muniain,36,2,2009-2010 to 2025,Success,Not found,"FW-MF (AM-WM, left)",32-357d,Spain
Imanol Agirretxe,,https://fbref.com/en/players/c84c1afc/Imanol-Agirretxe,17,2,2004-2005 to 2017-2018,Success,Not found,FW,Not found,Spain
Ion Ansotegi,,https://fbref.com/en/players/72b26e8e/Ion-Ansotegi,18,3,2001-2002 to 2016-2017,Success,Not found,DF (CB),Not found,Not found
Ion Echaide,,https://fbref.com/en/players/2ad367bb/Ion-Echaide,13,6,2007-2008 to 2020-2021,Success,Not found,DF,Not found,Spain
Ion Vélez,,https://fbref.com/en/players/3a6c16de/Ion-Velez,15,7,2007-2008 to 2018-2019,Success,Not found,FW,Not found,Not found
Iriney,,https://fbref.com/en/players/09296fcc/Iriney,13,7,2002-2003 to 2013-2014,Success,Not found,MF (CM-DM),Not found,Not found
Isaías Sánchez,,https://fbref.com/en/players/30059de4/Isaias-Sanchez,12,3,2010-2011 to 2024-2025,Success,Not found,MF (CM-DM),Not found,Not found
Isaac Cuenca,,https://fbref.com/en/players/24e9421b/Isaac-Cuenca,14,9,2011-2012 to 2020,Success,Not found,FW-MF (WM),Not found,Spain
Isaac Gómez,,https://fbref.com/en/players/2f235f73/Isaac-Gomez,4,3,2012-2013 to 2025-2026,Success,Real Murcia,MF,30-044d,Not found
Isaac Success,,https://fbref.com/en/players/f573a8bf/Isaac-Success,22,4,2014-2015 to 2023-2024,Success,Not found,FW-MF,Not found,Nigeria
Isco,,https://fbref.com/en/players/a0b4bb3e/Isco,50,5,2010-2011 to 2025-2026,Success,Real Betis,FW-MF (AM-CM),33-234d,Spain
Isma López,,https://fbref.com/en/players/e644a7f5/Isma-Lopez,15,4,2012-2013 to 2020-2021,Success,Not found,"DF-FW-MF (FB, left)",Not found,Spain
Israel Puerto,,https://fbref.com/en/players/c657b98d/Israel-Puerto,13,8,2012-2013 to 2024-2025,Success,Stal Mielec,DF (CB),32-179d,Spain
Issam El Adoua,,https://fbref.com/en/players/16edc522/Issam-El-Adoua,8,5,2009-2010 to 2018-2019,Success,Not found,DF (CB),Not found,Morocco
Iván Alonso,,https://fbref.com/en/players/80084c87/Ivan-Alonso,23,6,2000-2001 to 2017,Success,Not found,FW,Not found,Uruguay
Iván Bolado,,https://fbref.com/en/players/5686e45d/Ivan-Bolado,6,4,2007-2008 to 2011-2012,Success,Not found,FW,Not found,Equatorial Guinea gq  Other: Spain
Iván Cuéllar,,https://fbref.com/en/players/75751c99/Ivan-Cuellar,23,5,2004-2005 to 2025-2026,Success,Mallorca,GK,41-198d,Spain
Iván de la Peña,,https://fbref.com/en/players/96a4976d/Ivan-de-la-Pena,22,4,1995-1996 to 2010-2011,Success,Not found,MF (AM-CM),Not found,Spain
Iván González,,https://fbref.com/en/players/36587dc3/Ivan-Gonzalez,12,6,2009-2010 to 2017-2018,Success,Not found,DF (CB),Not found,Not found
Iván Hernández,,https://fbref.com/en/players/09a1ed52/Ivan-Hernandez,12,3,2003-2004 to 2014-2015,Success,Not found,DF (CB),Not found,Not found
Iván López,,https://fbref.com/en/players/576575e5/Ivan-Lopez,8,2,2014-2015 to 2018-2019,Success,Not found,"DF (FB, right)",Not found,Spain
Iván Marcano,,https://fbref.com/en/players/7a20d90a/Ivan-Marcano,40,7,2007-2008 to 2025,Success,Not found,"DF (CB-FB, left)",38-171d,Spain
Iván Ramis,,https://fbref.com/en/players/d2be40f2/Ivan-Ramis,23,5,2003-2004 to 2019-2020,Success,Not found,DF (CB),Not found,Spain
Ivan Cavaleiro,,https://fbref.com/en/players/979b811d/Ivan-Cavaleiro,30,10,2013-2014 to 2025-2026,Success,Tondela,FW-MF (AM-WM),32-054d,Portugal pt  Other: Angola
Ivan Obradović,,https://fbref.com/en/players/f6ddac8f/Ivan-Obradovic,20,5,2008-2009 to 2021-2022,Success,Not found,"DF (FB, left)",Not found,Serbia
Ivan Rakitić,,https://fbref.com/en/players/89f951b5/Ivan-Rakitic,58,6,2005-2006 to 2024-2025,Success,Not found,MF (AM-CM-DM-WM),Not found,Croatia hr  Other: Switzerland
Ivi,,https://fbref.com/en/players/d2fa73e7/Ivi,19,9,2013-2014 to 2025-2026,Success,Raków Częstochowa,"FW-MF (AM, left)",31-165d,Not found
Ivica Dragutinović,,https://fbref.com/en/players/7ab82833/Ivica-Dragutinovic,16,2,2001-2002 to 2010-2011,Success,Not found,"DF (CB-FB, left)",Not found,Serbia
Jérémy Mathieu,,https://fbref.com/en/players/5b887c7a/Jeremy-Mathieu,39,5,2002-2003 to 2019-2020,Success,Not found,"DF (CB-FB, left)",Not found,France
Jérémy Perbet,,https://fbref.com/en/players/dfe2f225/Jeremy-Perbet,18,10,2006-2007 to 2020-2021,Success,Not found,FW,Not found,Not found
Jérémy Toulalan,,https://fbref.com/en/players/7adea561/Jeremy-Toulalan,32,5,2001-2002 to 2017-2018,Success,Not found,DF-MF (DM),Not found,France
Jaime,,https://fbref.com/en/players/d7f052c3/Jaime,10,5,2005-2006 to 2014-2015,Success,Not found,GK,Not found,Not found
Jaime Gavilán,,https://fbref.com/en/players/95de0931/Jaime-Gavilan,23,9,2002-2003 to 2018-2019,Success,Not found,"MF (WM, left)",Not found,Spain
Jaime Isuardi,,https://fbref.com/en/players/eb844581/Jaime-Isuardi,2,1,2011-2012 to 2012-2013,Success,Not found,FW,Not found,Not found
Jaime Romero,,https://fbref.com/en/players/e28205f4/Jaime-Romero,22,13,2008-2009 to 2022-2023,Success,Not found,FW-MF (WM),Not found,Spain
Jairo Morillas,,https://fbref.com/en/players/a0414cb4/Jairo-Morillas,6,4,2014-2015 to 2018,Success,Not found,FW,Not found,Spain
Jairo Samperio,,https://fbref.com/en/players/c0a0c18f/Jairo-Samperio,24,8,2011-2012 to 2023-2024,Success,Not found,FW-MF (AM-WM),Not found,Spain
James Rodríguez,,https://fbref.com/en/players/715bf047/James-Rodriguez,42,9,2010-2011 to 2025-2026,Success,León,FW-MF (AM-WM),34-152d,Colombia
Jan Oblak,,https://fbref.com/en/players/ee8508c0/Jan-Oblak,38,4,2011-2012 to 2025-2026,Success,Atlético Madrid,GK,32-338d,Slovenia
Júlio Baptista,,https://fbref.com/en/players/44557475/Julio-Baptista,24,8,2003-2004 to 2018-2019,Success,Not found,FW-MF (AM),Not found,Brazil
Júlio César,,https://fbref.com/en/players/f4213f59/Julio-Cesar,14,7,2007-2008 to 2023,Success,Not found,GK,Not found,Not found
Jason,,https://fbref.com/en/players/9038c2a1/Jason,21,7,2013-2014 to 2025-2026,Success,Al-Fayha,"FW-MF (AM-WM, right)",31-158d,Not found
Jaume Costa,,https://fbref.com/en/players/808d48f3/Jaume-Costa,36,6,2008-2009 to 2024-2025,Success,Not found,"DF (FB, left)",Not found,Spain
Javad Nekounam,,https://fbref.com/en/players/baccd726/Javad-Nekounam,9,1,2006-2007 to 2014-2015,Success,Not found,MF (DM),Not found,Iran
Javi Álamo,,https://fbref.com/en/players/ffd69308/Javi-Alamo,13,6,2011-2012 to 2018-2019,Success,Not found,FW-MF (WM),Not found,Not found
Javi Flores,,https://fbref.com/en/players/867f9ede/Javi-Flores,12,3,2007-2008 to 2021-2022,Success,Not found,MF (AM),Not found,Not found
Javi Fuego,,https://fbref.com/en/players/2e8fc160/Javi-Fuego,31,7,2002-2003 to 2020-2021,Success,Not found,MF (CM-DM),Not found,Spain
Javi Guerra,,https://fbref.com/en/players/aa386464/Javi-Guerra,21,9,2003-2004 to 2018-2019,Success,Not found,FW,Not found,Not found
Javi Jiménez,,https://fbref.com/en/players/9fe99e45/Javi-Jimenez,7,5,2010-2011 to 2015-2016,Success,Not found,GK,Not found,Not found
Javi López,,https://fbref.com/en/players/ffad706e/Javi-Lopez,23,2,2009-2010 to 2024-2025,Success,Not found,"DF-MF (FB, right)",Not found,Not found
Javi Lara,,https://fbref.com/en/players/bd1babf1/Javi-Lara,18,8,2009-2010 to 2023-2024,Success,Not found,MF (CM),Not found,Not found
Javi Márquez,,https://fbref.com/en/players/40c7cdd2/Javi-Marquez,15,6,2009-2010 to 2018-2019,Success,Not found,MF (AM-CM),Not found,Not found
Javi Martínez,,https://fbref.com/en/players/7f97771d/Javi-Martinez,38,2,2006-2007 to 2020-2021,Success,Not found,DF-MF (CB-DM),37-100d,Spain
Javi Poves,,https://fbref.com/en/players/fb15bf58/Javi-Poves,1,1,2010-2011 to 2010-2011,Success,Not found,DF,Not found,Not found
Javi Varas,,https://fbref.com/en/players/6db3da37/Javi-Varas,15,6,2007-2008 to 2017-2018,Success,Not found,GK,Not found,Not found
Javi Venta,,https://fbref.com/en/players/fc3efd36/Javi-Venta,19,4,2001-2002 to 2013-2014,Success,Not found,"DF (FB, right)",Not found,Not found
Javier Acuña,,https://fbref.com/en/players/993ff7aa/Javier-Acuna,15,9,2006-2007 to 2019-2020,Success,Not found,FW,Not found,Paraguay
Javier Aquino,,https://fbref.com/en/players/215104cc/Javier-Aquino,27,4,2010-2011 to 2025-2026,Success,Tigres UANL,DF-FW-MF (AM-FB-WM),35-303d,Mexico
Javier Arizmendi,,https://fbref.com/en/players/14a6c075/Javier-Arizmendi,14,8,2003-2004 to 2013-2014,Success,Not found,FW-MF (WM),Not found,Spain
Javier Baraja,,https://fbref.com/en/players/6514cd55/Javier-Baraja,13,3,2001-2002 to 2013-2014,Success,Not found,DF-MF (CB-DM),Not found,Spain
Javier Calleja,,https://fbref.com/en/players/3c99e7de/Javier-Calleja,13,3,2000-2001 to 2011-2012,Success,Not found,MF (WM),Not found,Spain
Javier Camuñas,,https://fbref.com/en/players/bbc1db07/Javier-Camunas,12,7,2002-2003 to 2012-2013,Success,Not found,FW-MF (AM),Not found,Not found
Javier Casquero,,https://fbref.com/en/players/ab6daa16/Javier-Casquero,17,5,2001-2002 to 2013-2014,Success,Not found,MF (CM),Not found,Not found
Javier Chica,,https://fbref.com/en/players/991b2cec/Javier-Chica,14,3,2006-2007 to 2015-2016,Success,Not found,DF (FB),Not found,Spain
Javier Espinosa,,https://fbref.com/en/players/8e08d88c/Javier-Espinosa,18,8,2010-2011 to 2020-2021,Success,Not found,MF (CM),Not found,Spain
Javier Farinós,,https://fbref.com/en/players/d9b0f08e/Javier-Farinos,23,6,1996-1997 to 2012-2013,Success,Not found,MF,Not found,Spain
Javier Hernández,,https://fbref.com/en/players/189cee7b/Javier-Hernandez,46,7,2006-2007 to 2025-2026,Success,Guadalajara,FW,37-193d,Mexico
Javier Hervás,,https://fbref.com/en/players/04b8d5c8/Javier-Hervas,14,9,2010-2011 to 2024-2025,Success,Not found,MF (CM),Not found,Not found
Javier Manquillo,,https://fbref.com/en/players/758dd7f0/Javier-Manquillo,37,6,2012-2013 to 2024-2025,Success,Not found,"DF (FB, right)",Not found,Spain
Javier Mascherano,,https://fbref.com/en/players/5070881b/Javier-Mascherano,40,5,2006-2007 to 2020,Success,Not found,DF-MF (CB-DM),Not found,Argentina
Javier Matilla,,https://fbref.com/en/players/35fa45cc/Javier-Matilla,20,9,2008-2009 to 2024-2025,Success,Kallithea,MF (CM-DM),37-117d,Spain
Javier Paredes,,https://fbref.com/en/players/488a9ade/Javier-Paredes,13,4,2001-2002 to 2015-2016,Success,Not found,"DF (FB, left)",Not found,Spain
Javier Portillo,,https://fbref.com/en/players/99058498/Javier-Portillo,21,7,2001-2002 to 2015-2016,Success,Not found,FW,Not found,Spain
Javier Ros,,https://fbref.com/en/players/6b2f1a78/Javier-Ros,22,4,2008-2009 to 2021-2022,Success,Not found,MF (CM-DM),Not found,Not found
Javier Saviola,,https://fbref.com/en/players/de544fdb/Javier-Saviola,33,9,2001-2002 to 2015,Success,Not found,FW,Not found,Argentina
Jean Marie Dongou,,https://fbref.com/en/players/fd0bb7d2/Jean-Marie-Dongou,13,6,2011-2012 to 2021,Success,Not found,FW,Not found,Cameroon
Jean-Sylvain Babin,,https://fbref.com/en/players/ba998e22/Jean-Sylvain-Babin,22,5,2010-2011 to 2025-2026,Success,Real Avilés,DF (CB),39-058d,Martinique mq  Other: France
Jefferson Montero,,https://fbref.com/en/players/fa6561bf/Jefferson-Montero,31,13,2009-2010 to 2023,Success,Not found,FW-MF (AM-WM),Not found,Ecuador
Jeffrén Suárez,,https://fbref.com/en/players/01e9c0a6/Jeffren-Suarez,18,6,2008-2009 to 2020-2021,Success,Not found,FW-MF (WM),Not found,Venezuela ve  Other: Spain
Jeffrey Sarpong,,https://fbref.com/en/players/cabfd01c/Jeffrey-Sarpong,14,8,2005-2006 to 2018-2019,Success,Not found,MF (AM),Not found,Netherlands
Jeison Murillo,,https://fbref.com/en/players/b233e8e4/Jeison-Murillo,27,7,2012-2013 to 2022-2023,Success,Al Shamal,DF (CB),33-198d,Colombia
Jerzy Dudek,,https://fbref.com/en/players/1064659d/Jerzy-Dudek,21,3,1998-1999 to 2010-2011,Success,Not found,GK,Not found,Poland
Jesé,,https://fbref.com/en/players/4a537185/Jese,31,10,2011-2012 to 2025-2026,Success,Las Palmas,FW-MF,32-288d,Spain
Jesús,,https://fbref.com/en/players/fba3c8c1/Jesus,19,12,2009-2010 to 2024-2025,Success,Politehnica Iași,GK,37-183d,Not found
Jesús Dátolo,,https://fbref.com/en/players/49e7b005/Jesus-Datolo,21,5,2008-2009 to 2022,Success,Not found,MF (AM-WM),Not found,Argentina
Jesús Gámez,,https://fbref.com/en/players/bd1d1cbb/Jesus-Gamez,24,4,2003-2004 to 2017-2018,Success,Not found,"DF (FB, right)",Not found,Spain
Jesús Navas,,https://fbref.com/en/players/3f10bd22/Jesus-Navas,58,2,2003-2004 to 2024-2025,Success,Not found,"DF-FW-MF (AM-FB-WM, right)",Not found,Spain
Jesús Rueda,,https://fbref.com/en/players/9d8ba8ec/Jesus-Rueda,11,6,2008-2009 to 2023-2024,Success,Not found,DF-MF (CB-DM),Not found,Not found
Jesús Vázquez,,https://fbref.com/en/players/96b3239f/Jesus-Vazquez,17,5,1998-1999 to 2015-2016,Success,Not found,MF (CM),Not found,Not found
Jhon Córdoba,,https://fbref.com/en/players/9f381d8b/Jhon-Cordoba,23,7,2012-2013 to 2025-2026,Success,Krasnodar,FW,32-214d,Colombia
Jiří Jarošík,,https://fbref.com/en/players/55ea6bb4/Jiri-Jarosik,22,8,1999-2000 to 2014-2015,Success,Not found,DF-MF,Not found,Czech Republic
João Cancelo,,https://fbref.com/en/players/bd6351cd/Joao-Cancelo,43,8,2013-2014 to 2025-2026,Success,Al-Hilal,"DF-MF (CB-FB, right)",31-198d,Portugal
João Pereira,,https://fbref.com/en/players/aefd0c5b/Joao-Pereira,33,7,2003-2004 to 2020-2021,Success,Not found,"DF-MF (FB, right)",Not found,Portugal
João Victor,,https://fbref.com/en/players/dbc94b4c/Joao-Victor,10,3,2010-2011 to 2023-2024,Success,Not found,DF-MF (DM-FB),Not found,Brazil
Joan Àngel Román,,https://fbref.com/en/players/150a54c2/Joan-Angel-Roman,9,7,2012-2013 to 2019-2020,Success,KS Wieczysta Kraków,FW-MF (WM),32-207d,Spain
Joan Capdevila,,https://fbref.com/en/players/69697a6d/Joan-Capdevila,28,6,1998-1999 to 2014-2015,Success,Not found,"DF (FB, left)",Not found,Spain
Joan Jordán,,https://fbref.com/en/players/2a0c8ba4/Joan-Jordan,33,5,2014-2015 to 2025-2026,Success,Sevilla,MF (CM-DM-WM),31-158d,Not found
Joan Oriol,,https://fbref.com/en/players/7ccb2ef6/Joan-Oriol,19,9,2009-2010 to 2024-2025,Success,Not found,"DF (FB, left)",Not found,Not found
Joan Tomàs,,https://fbref.com/en/players/9ada6f1d/Joan-Tomas,8,5,2008-2009 to 2019-2020,Success,Not found,FW-MF (AM-WM),Not found,Spain
Joan Verdú,,https://fbref.com/en/players/61508522/Joan-Verdu,15,6,2004-2005 to 2015-2016,Success,Not found,MF (AM-CM-WM),Not found,Spain
Joaquín,,https://fbref.com/en/players/4c5b14d2/Joaquin,45,4,2001-2002 to 2022-2023,Success,Not found,"FW-MF (AM-WM, right)",Not found,Spain
Joaquín Larrivey,,https://fbref.com/en/players/7ae94e67/Joaquin-Larrivey,20,10,2007-2008 to 2023,Success,Deportes Concepcion,FW,41-113d,Not found
Joel Campbell,,https://fbref.com/en/players/895ff3ca/Joel-Campbell,31,11,2011-2012 to 2025,Success,Alajuelense,FW-MF (AM),33-168d,Costa Rica
Joel Robles,,https://fbref.com/en/players/cda0b317/Joel-Robles,29,7,2009-2010 to 2025-2026,Success,Estoril,GK,35-177d,Spain
Joel Valencia,,https://fbref.com/en/players/03904ca0/Joel-Valencia,12,7,2011-2012 to 2022-2023,Success,Znicz Pruszków,MF (WM),31-025d,Ecuador
Johan Mojica,,https://fbref.com/en/players/608f2092/Johan-Mojica,28,8,2013-2014 to 2025-2026,Success,Mallorca,"DF-MF (FB-WM, left)",33-112d,Colombia
Jon Aurtenetxe,,https://fbref.com/en/players/74b0e3ce/Jon-Aurtenetxe,18,7,2009-2010 to 2024-2025,Success,Not found,"DF (CB-FB, left)",Not found,Spain
Jon Errasti,,https://fbref.com/en/players/4243631a/Jon-Errasti,13,4,2013-2014 to 2020-2021,Success,Not found,MF (DM),Not found,Not found
Jon Gaztañaga,,https://fbref.com/en/players/806872d2/Jon-Gaztanaga,15,9,2013-2014 to 2024-2025,Success,Not found,DF-MF (CB-DM),Not found,Spain
Jonás Ramalho,,https://fbref.com/en/players/be3a0121/Jonas-Ramalho,23,6,2011-2012 to 2025-2026,Success,Olympic Charleroi,"DF (CB, right)",32-184d,Spain es  Other: Angola
Jonas,,https://fbref.com/en/players/9bcd6455/Jonas,19,2,2010-2011 to 2018-2019,Success,Not found,FW,Not found,Brazil
Jonathan de Guzmán,,https://fbref.com/en/players/1bcca8b8/Jonathan-de-Guzman,35,10,2005-2006 to 2025-2026,Success,Sparta Rotterdam,MF (AM-CM-DM),38-089d,Netherlands nl  Other: Canada
Jonathan dos Santos,,https://fbref.com/en/players/91872dec/Jonathan-dos-Santos,34,5,2009-2010 to 2025-2026,Success,América,MF (CM-DM),35-229d,Mexico
Jonathan López,,https://fbref.com/en/players/5f872f11/Jonathan-Lopez,10,5,2001-2002 to 2016-2017,Success,Not found,GK,Not found,Spain
Jonathan Pereira,,https://fbref.com/en/players/806ab4b6/Jonathan-Pereira,23,9,2006-2007 to 2018-2019,Success,Not found,FW,Not found,Spain
Jonathan Urretaviscaya,,https://fbref.com/en/players/6465d159/Jonathan-Urretaviscaya,28,12,2008-2009 to 2025,Success,Juventud (Uru),"FW-MF (AM-WM, right)",35-267d,Uruguay
Jonathan Viera,,https://fbref.com/en/players/efa708aa/Jonathan-Viera,25,6,2010-2011 to 2025-2026,Success,Las Palmas,FW-MF (AM-WM),36-051d,Spain
Jonathan Vila,,https://fbref.com/en/players/7c3a3425/Jonathan-Vila,16,4,2006-2007 to 2020-2021,Success,Not found,DF-MF (CB-DM),Not found,Not found
Jonathan Zongo,,https://fbref.com/en/players/a5dbef51/Jonathan-Zongo,8,1,2011-2012 to 2016-2017,Success,Not found,FW-MF (AM-WM),Not found,Burkina Faso
Jonathas,,https://fbref.com/en/players/531807b3/Jonathas,23,13,2009-2010 to 2024,Success,Not found,FW,Not found,Not found
Jonny Castro,,https://fbref.com/en/players/e28868f3/Jonny-Castro,30,4,2012-2013 to 2025-2026,Success,Alavés,DF-MF (FB-WM),31-283d,Spain
Jordan Lotiès,,https://fbref.com/en/players/64864d05/Jordan-Loties,14,5,2009-2010 to 2022-2023,Success,Not found,DF (CB),Not found,Not found
Jordi,,https://fbref.com/en/players/744a8a7c/Jordi,24,11,2008-2009 to 2021-2022,Success,Not found,DF (CB-FB),Not found,Not found
Jordi Alba,,https://fbref.com/en/players/4601e194/Jordi-Alba,58,4,2008-2009 to 2025,Success,Inter Miami,"DF-MF (FB, left)",36-265d,Spain
Jordi Amat,,https://fbref.com/en/players/d70a2141/Jordi-Amat,22,5,2009-2010 to 2021-2022,Success,Persija Jakarta,DF (CB),33-265d,Indonesia id  Other: Spain
Jordi Codina,,https://fbref.com/en/players/812088cd/Jordi-Codina,13,5,2005-2006 to 2017-2018,Success,Not found,GK,Not found,Not found
Jordi Masip,,https://fbref.com/en/players/8fae77ea/Jordi-Masip,18,3,2010-2011 to 2023-2024,Success,Not found,GK,Not found,Spain
Jordi Xumetra,,https://fbref.com/en/players/3b79dbdb/Jordi-Xumetra,14,5,2008-2009 to 2022-2023,Success,Not found,"FW-MF (WM, right)",Not found,Not found
Jorge García,,https://fbref.com/en/players/d1bd08ef/Jorge-Garcia,17,8,2005-2006 to 2020-2021,Success,Not found,DF (CB),Not found,Not found
Jorge López,,https://fbref.com/en/players/cf66479e/Jorge-Lopez,15,7,2000-2001 to 2012-2013,Success,Not found,MF (AM),Not found,Not found
Jorge Molina,,https://fbref.com/en/players/43f71e77/Jorge-Molina,25,5,2007-2008 to 2022-2023,Success,Not found,FW,Not found,Not found
Jorge Morcillo,,https://fbref.com/en/players/ebbbf1dd/Jorge-Morcillo,12,5,2011-2012 to 2021-2022,Success,Not found,DF (CB),Not found,Not found
Jorge Ortí,,https://fbref.com/en/players/5d67b085/Jorge-Orti,6,2,2011-2012 to 2016-2017,Success,Not found,FW,Not found,Spain
Jorge Pulido,,https://fbref.com/en/players/978cd030/Jorge-Pulido,25,6,2010-2011 to 2025-2026,Success,Huesca,DF (CB),34-247d,Spain
Joris Mathijsen,,https://fbref.com/en/players/5758c29f/Joris-Mathijsen,23,5,2000-2001 to 2014-2015,Success,Not found,DF (CB),Not found,Netherlands
José Ángel,,https://fbref.com/en/players/3024e383/Jose-Angel,26,7,2008-2009 to 2024-2025,Success,Not found,"DF-MF (FB, left)",Not found,Spain
José Ángel Alonso,,https://fbref.com/en/players/1950ed97/Jose-Angel-Alonso,8,4,2010-2011 to 2019-2020,Success,Not found,DF (CB),Not found,Not found
José Ángel Crespo,,https://fbref.com/en/players/8ec4c2f7/Jose-Angel-Crespo,27,10,2005-2006 to 2021-2022,Success,Not found,DF (CB-FB),Not found,Spain
José Antonio Caro,,https://fbref.com/en/players/02e4da70/Jose-Antonio-Caro,18,8,2013-2014 to 2025-2026,Success,CD Estepona,DF (CB),32-278d,Not found
José Antonio Reyes,,https://fbref.com/en/players/19058f02/Jose-Antonio-Reyes,40,8,1999-2000 to 2018-2019,Success,Not found,MF (AM-WM),Not found,Spain
José Ariel Núñez,,https://fbref.com/en/players/c98a821e/Jose-Ariel-Nunez,19,10,2013-2014 to 2025,Success,Club Atlético Tembetary,FW-MF,37-090d,Paraguay
José Barkero,,https://fbref.com/en/players/89a1b23c/Jose-Barkero,20,8,1998-1999 to 2013-2014,Success,Not found,MF (AM),Not found,Spain
José Cañas,,https://fbref.com/en/players/ab77f2d9/Jose-Canas,19,6,2008-2009 to 2022-2023,Success,Manchester 62 FC,MF (DM),38-198d,Not found
José Callejón,,https://fbref.com/en/players/78841da9/Jose-Callejon,40,7,2006-2007 to 2024-2025,Success,Marbella,"FW-MF (WM, right)",38-303d,Spain
José Campaña,,https://fbref.com/en/players/61220da2/Jose-Campana,24,8,2011-2012 to 2024-2025,Success,Not found,MF (AM-CM),Not found,Spain
José Carlos,,https://fbref.com/en/players/6738f3c6/Jose-Carlos,15,9,2008-2009 to 2018-2019,Success,Not found,FW-MF (AM-WM),Not found,Not found
José Catalá,,https://fbref.com/en/players/ac0a9088/Jose-Catala,10,6,2008-2009 to 2016-2017,Success,Not found,"DF (FB, left)",Not found,Not found
José García,,https://fbref.com/en/players/9463b38c/Jose-Garcia,7,3,2013-2014 to 2020-2021,Success,Not found,FW-MF (WM),Not found,Not found
José Higón,,https://fbref.com/en/players/562194e6/Jose-Higon,1,1,2011-2012 to 2011-2012,Success,Not found,MF (WM),Not found,Not found
José Isidoro,,https://fbref.com/en/players/bb00a819/Jose-Isidoro,14,6,2006-2007 to 2019,Success,Not found,"DF (FB, right)",Not found,Not found
José López Silva,,https://fbref.com/en/players/60d6ed20/Jose-Lopez-Silva,8,3,2009-2010 to 2017-2018,Success,Not found,MF (AM-WM),Not found,Not found
José Luis Gayà,,https://fbref.com/en/players/b05e2dbd/Jose-Luis-Gaya,33,1,2013-2014 to 2025-2026,Success,Valencia,"DF-MF (FB-WM, left)",30-200d,Spain
José Luis Martí,,https://fbref.com/en/players/111c668a/Jose-Luis-Marti,21,4,1997-1998 to 2014-2015,Success,Not found,MF (CM-DM),Not found,Not found
José Luis Morales,,https://fbref.com/en/players/4a478107/Jose-Luis-Morales,27,3,2013-2014 to 2025-2026,Success,Levante,FW-MF (AM-WM),38-141d,Not found
José Manuel Casado,,https://fbref.com/en/players/d0b6d20e/Jose-Manuel-Casado,14,9,2007-2008 to 2016-2017,Success,Not found,"DF (FB, left)",Not found,Not found
José Manuel Fernández,,https://fbref.com/en/players/4af68c24/Jose-Manuel-Fernandez,12,3,2010-2011 to 2018-2019,Success,Not found,"DF (FB, right)",Not found,Not found
José Manuel Jurado,,https://fbref.com/en/players/71d4e271/Jose-Manuel-Jurado,28,10,2005-2006 to 2019-2020,Success,Not found,MF (AM),Not found,Spain
José Manuel Pinto,,https://fbref.com/en/players/4a3cd9b7/Jose-Manuel-Pinto,26,3,1997-1998 to 2013-2014,Success,Not found,GK,Not found,Not found
José María Giménez,,https://fbref.com/en/players/f0da930c/Jose-Maria-Gimenez,41,1,2013-2014 to 2025-2026,Success,Atlético Madrid,DF (CB),30-325d,Uruguay
José María Movilla,,https://fbref.com/en/players/1ac170a8/Jose-Maria-Movilla,17,5,1999-2000 to 2013-2014,Success,Not found,MF (CM-DM),Not found,Not found
José Mari,,https://fbref.com/en/players/6f4c734d/Jose-Mari,21,4,2012-2013 to 2023-2024,Success,Not found,MF (DM),Not found,Not found
José Nunes,,https://fbref.com/en/players/adacff32/Jose-Nunes,16,4,2001-2002 to 2013-2014,Success,Not found,DF (CB),Not found,Portugal
José Ortiz Bernal,,https://fbref.com/en/players/60393076/Jose-Ortiz-Bernal,10,1,2002-2003 to 2011-2012,Success,Not found,"FW-MF (AM, right)",Not found,Not found
José Picón,,https://fbref.com/en/players/6960a69e/Jose-Picon,3,2,2008-2009 to 2018-2019,Success,Not found,DF,Not found,Not found
José Rodríguez,,https://fbref.com/en/players/55e81c76/Jose-Rodriguez,20,11,2012-2013 to 2024-2025,Success,Flamurtari Vlorë,MF (CM),30-360d,Spain
José Sand,,https://fbref.com/en/players/29cf8777/Jose-Sand,22,5,2010-2011 to 2023,Success,Not found,FW,Not found,Argentina
José Sosa,,https://fbref.com/en/players/1eecc0c6/Jose-Sosa,38,9,2007-2008 to 2025,Success,Estudiantes (LP),MF (AM-DM),40-175d,Argentina
Joseba Llorente,,https://fbref.com/en/players/ddb98947/Joseba-Llorente,16,5,1999-2000 to 2012-2013,Success,Not found,FW,Not found,Not found
Joseba Zaldúa,,https://fbref.com/en/players/5ca20b7a/Joseba-Zaldua,25,3,2013-2014 to 2024-2025,Success,Not found,"DF (FB, right)",Not found,Not found
Joselu,,https://fbref.com/en/players/6265208f/Joselu,31,10,2008-2009 to 2023-2024,Success,Al Gharrafa,FW,35-259d,Spain es  Other: Germany
Josetxo,,https://fbref.com/en/players/c1a297b4/Josetxo,12,2,2001-2002 to 2011-2012,Success,Not found,DF (CB),Not found,Spain
Josuha Guilavogui,,https://fbref.com/en/players/e6c43eec/Josuha-Guilavogui,35,6,2009-2010 to 2024-2025,Success,Not found,DF-MF (CM-DM),Not found,France
Jozabed,,https://fbref.com/en/players/9b337c7c/Jozabed,24,8,2012-2013 to 2023-2024,Success,Not found,MF (AM-CM),Not found,Not found
Jozy Altidore,,https://fbref.com/en/players/8db8ad1e/Jozy-Altidore,27,9,2006 to 2023,Success,Not found,FW,Not found,United States
Juan Ángel Albín,,https://fbref.com/en/players/6be43cc9/Juan-Angel-Albin,18,7,2006-2007 to 2020,Success,Not found,FW-MF (AM),Not found,Uruguay
Juan Bernat,,https://fbref.com/en/players/433dc9a2/Juan-Bernat,42,6,2011-2012 to 2024-2025,Success,Not found,"DF-FW-MF (FB-WM, left)",Not found,Spain
Juan Calatayud,,https://fbref.com/en/players/f1714283/Juan-Calatayud,12,7,2003-2004 to 2015,Success,Not found,GK,Not found,Not found
Juan Carlos,,https://fbref.com/en/players/688b96e3/Juan-Carlos,19,6,2010-2011 to 2024-2025,Success,Girona,GK,37-325d,Not found
Juan Carlos,,https://fbref.com/en/players/82803509/Juan-Carlos,21,7,2011-2012 to 2025-2026,Success,Real Murcia,FW-MF (AM),34-271d,Not found
Juan Carlos,,https://fbref.com/en/players/bc5adc98/Juan-Carlos,12,6,2007-2008 to 2018-2019,Success,Not found,GK,Not found,Not found
Juan Carlos Valerón,,https://fbref.com/en/players/71e8d6b0/Juan-Carlos-Valeron,29,4,1997-1998 to 2015-2016,Success,Not found,MF (AM),Not found,Spain
Juan Domínguez,,https://fbref.com/en/players/b85adf53/Juan-Dominguez,20,6,2009-2010 to 2022-2023,Success,Not found,MF (CM-DM),Not found,Not found
Juan Forlín,,https://fbref.com/en/players/ab9ca65d/Juan-Forlin,13,5,2009-2010 to 2020,Success,Not found,DF-MF (CB-DM),Not found,Not found
Juan Manuel Ortiz,,https://fbref.com/en/players/77513881/Juan-Manuel-Ortiz,13,7,2001-2002 to 2013-2014,Success,Not found,"DF-MF (FB-WM, right)",Not found,Not found
Juan Mata,,https://fbref.com/en/players/29733c72/Juan-Mata,54,8,2006-2007 to 2025-2026,Success,Melbourne Victory,FW-MF (AM-WM),37-227d,Spain
Juan Muñiz,,https://fbref.com/en/players/1533d658/Juan-Muniz,21,7,2009-2010 to 2025-2026,Success,Adelaide United,MF (AM),33-272d,Spain
Juan Muñoz,,https://fbref.com/en/players/25018d62/Juan-Munoz,21,7,2014-2015 to 2023-2024,Success,União de Leiria,FW-MF,30-029d,Spain
Juan Neira,,https://fbref.com/en/players/12d25112/Juan-Neira,11,4,2012-2013 to 2025-2026,Success,OFI Crete,FW-MF (AM),36-293d,Argentina
Juan Pablo Colinas,,https://fbref.com/en/players/b2cab8f4/Juan-Pablo-Colinas,13,5,2002-2003 to 2015-2016,Success,Not found,GK,Not found,Not found
Juan Rafael Fuentes,,https://fbref.com/en/players/5b54a75f/Juan-Rafael-Fuentes,11,4,2009-2010 to 2017-2018,Success,Not found,"DF (FB, left)",Not found,Not found
Juan Rodríguez,,https://fbref.com/en/players/25c3c939/Juan-Rodriguez,19,5,2003-2004 to 2016-2017,Success,Not found,MF (DM),Not found,Not found
Juan Valera Espín,,https://fbref.com/en/players/947fa33c/Juan-Valera-Espin,18,4,2002-2003 to 2014-2015,Success,Not found,"DF-MF (FB, right)",Not found,Spain
Juanfran,,https://fbref.com/en/players/9ba48d64/Juanfran,20,9,2007-2008 to 2022-2023,Success,Not found,"DF-FW-MF (FB-WM, right)",Not found,Not found
Juanfran,,https://fbref.com/en/players/cfd8d664/Juanfran,38,5,2003-2004 to 2020,Success,Not found,"DF-MF (FB-WM, right)",Not found,Spain
Juanfran,,https://fbref.com/en/players/d8a22e59/Juanfran,33,7,1997-1998 to 2015-2016,Success,Not found,"DF (FB, left)",Not found,Spain
Juanito,,https://fbref.com/en/players/47176127/Juanito,12,5,2002-2003 to 2011-2012,Success,Not found,DF-MF (DM),Not found,Not found
Juankar,,https://fbref.com/en/players/e9a12436/Juankar,21,7,2010-2011 to 2024-2025,Success,Not found,"DF-FW-MF (AM-FB-WM, left)",Not found,Spain
Juanlu,,https://fbref.com/en/players/94b88487/Juanlu,15,8,2002-2003 to 2013-2014,Success,Not found,"MF (WM, left)",Not found,Not found
Juanma,,https://fbref.com/en/players/51437e43/Juanma,9,4,2013-2014 to 2024-2025,Success,Not found,FW-MF,Not found,Not found
Juanma,,https://fbref.com/en/players/f4f22926/Juanma,13,6,2003-2004 to 2014-2015,Success,Not found,"MF (WM, right)",Not found,Not found
Juanmi,,https://fbref.com/en/players/84399660/Juanmi,38,8,2009-2010 to 2025-2026,Success,Getafe,FW-MF (AM),32-205d,Spain
Juanpi,,https://fbref.com/en/players/d79afcfc/Juanpi,19,6,2014-2015 to 2025-2026,Success,Volos N.F.C.,FW-MF (AM-WM),31-321d,Venezuela
Juanra,,https://fbref.com/en/players/616d9a30/Juanra,11,4,2001-2002 to 2015-2016,Success,Not found,"DF (FB, right)",Not found,Not found
Juca,,https://fbref.com/en/players/ecb0057e/Juca,4,2,2008-2009 to 2010-2011,Success,Not found,MF (DM),Not found,Not found
Jukka Raitala,,https://fbref.com/en/players/67b054d1/Jukka-Raitala,24,12,2007 to 2025,Success,IF Gnistan,"DF (CB-FB, left)",37-087d,Finland
Julián Cuesta,,https://fbref.com/en/players/c7b52b90/Julian-Cuesta,16,5,2012-2013 to 2025-2026,Success,Antalyaspor,GK,34-258d,Not found
Julián Luque Conde,,https://fbref.com/en/players/61d8d347/Julian-Luque-Conde,11,6,2010-2011 to 2022-2023,Success,Not found,FW-MF (WM),Not found,Spain
Julien Escudé,,https://fbref.com/en/players/6aa5bd41/Julien-Escude,25,4,1999-2000 to 2013-2014,Success,Not found,DF (CB),Not found,France
Kévin Gameiro,,https://fbref.com/en/players/42276181/Kevin-Gameiro,42,6,2005-2006 to 2023-2024,Success,Not found,FW,Not found,France
Kaká,,https://fbref.com/en/players/9ca27339/Kaka,17,7,2006-2007 to 2016-2017,Success,Not found,DF (CB),Not found,Not found
Kaká,,https://fbref.com/en/players/b2d6ea70/Kaka,27,4,2003-2004 to 2017,Success,Not found,FW-MF (AM),Not found,Brazil
Kalu Uche,,https://fbref.com/en/players/6cc97b1d/Kalu-Uche,22,11,2002-2003 to 2021-2022,Success,Not found,FW-MF (AM),Not found,Nigeria
Karim Benzema,,https://fbref.com/en/players/70d74ece/Karim-Benzema,58,3,2004-2005 to 2025-2026,Success,Al Ittihad Jeddah,FW,37-357d,France
Karim Yoda,,https://fbref.com/en/players/a7893629/Karim-Yoda,16,9,2009-2010 to 2022-2023,Success,Al-Ra'ed,MF (AM),37-047d,Not found
Kennedy Bakircioglü,,https://fbref.com/en/players/f6792b79/Kennedy-Bakircioglu,21,5,2001 to 2018,Success,Not found,MF (AM),Not found,Sweden
Kevin,,https://fbref.com/en/players/38ccaadc/Kevin,9,4,2010-2011 to 2023-2024,Success,Not found,"DF (FB, left)",Not found,Not found
Kevin Lacruz,,https://fbref.com/en/players/b930ede6/Kevin-Lacruz,6,3,2009-2010 to 2022-2023,Success,Not found,MF,Not found,Spain
Keylor Navas,,https://fbref.com/en/players/ecada4fc/Keylor-Navas,40,7,2010-2011 to 2025-2026,Success,Pumas UNAM,GK,38-361d,Costa Rica
Khouma Babacar,,https://fbref.com/en/players/422ec08a/Khouma-Babacar,28,8,2009-2010 to 2023-2024,Success,Sarıyer SK,FW,32-269d,Senegal
Kiko Casilla,,https://fbref.com/en/players/58bc7d18/Kiko-Casilla,29,8,2005-2006 to 2022-2023,Success,Not found,GK,Not found,Spain
Kiko Femenía,,https://fbref.com/en/players/e5d01ecf/Kiko-Femenia,30,8,2008-2009 to 2025-2026,Success,Getafe,"DF-FW-MF (FB-WM, right)",34-312d,Spain
Kiko Olivas,,https://fbref.com/en/players/72b07a9c/Kiko-Olivas,28,8,2006-2007 to 2024-2025,Success,Cartagena,"DF (CB, right)",37-112d,Spain
Kiu,,https://fbref.com/en/players/d18372dd/Kiu,1,1,2013-2014 to 2013-2014,Success,Not found,MF (WM),Not found,Korea Republic
Knut Olav Rindarøy,,https://fbref.com/en/players/9609a506/Knut-Olav-Rindaroy,17,2,2004 to 2017,Success,Not found,"DF (FB, left)",Not found,Norway
Koikili Lertxundi,,https://fbref.com/en/players/066272e4/Koikili-Lertxundi,6,2,2007-2008 to 2013-2014,Success,Not found,"DF (FB, left)",Not found,Not found
Koke,,https://fbref.com/en/players/55126f3b/Koke,47,1,2009-2010 to 2025-2026,Success,Atlético Madrid,MF (AM-CM-DM-WM),33-337d,Spain
Koke,,https://fbref.com/en/players/9ce4fff8/Koke,17,8,2002-2003 to 2012-2013,Success,Not found,FW,Not found,Not found
Kris Stadsgaard,,https://fbref.com/en/players/97d65d8e/Kris-Stadsgaard,16,5,2003-2004 to 2015-2016,Success,Not found,DF (CB),Not found,Denmark
Krisztián Vadócz,,https://fbref.com/en/players/b4b0e333/Krisztian-Vadocz,20,11,2005-2006 to 2021,Success,Not found,MF (CM),Not found,Hungary
Léo Baptistão,,https://fbref.com/en/players/35f6db55/Leo-Baptistao,28,8,2012-2013 to 2025-2026,Success,Almería,FW-MF (AM),33-107d,Not found
Lévy Madinda,,https://fbref.com/en/players/ea26e99f/Levy-Madinda,10,3,2012-2013 to 2017-2018,Success,PS Barito Putera,MF (CM),33-172d,Gabon
Lass Bangoura,,https://fbref.com/en/players/740f39d4/Lass-Bangoura,25,8,2010-2011 to 2021-2022,Success,Not found,FW-MF (WM),Not found,Guinea
Lassad Nouioui,,https://fbref.com/en/players/fca860e6/Lassad-Nouioui,8,4,2008-2009 to 2015,Success,Not found,FW,Not found,Tunisia tn  Other: France
Lassana Diarra,,https://fbref.com/en/players/79584585/Lassana-Diarra,36,9,2005-2006 to 2018-2019,Success,Not found,MF,Not found,France
Laure,,https://fbref.com/en/players/256f3aa9/Laure,23,3,2007-2008 to 2022-2023,Success,Not found,"DF (FB, right)",Not found,Not found
Lautaro Acosta,,https://fbref.com/en/players/2a3af4d5/Lautaro-Acosta,31,3,2008-2009 to 2025,Success,Lanús,FW-MF (WM),37-272d,Argentina
Leo Franco,,https://fbref.com/en/players/c39a5c6b/Leo-Franco,23,6,1999-2000 to 2015-2016,Success,Not found,GK,Not found,Argentina
Leonardo Ponzio,,https://fbref.com/en/players/6f3a6343/Leonardo-Ponzio,28,2,2003-2004 to 2021,Success,Not found,MF (CM-DM),Not found,Argentina
Leonardo Ulloa,,https://fbref.com/en/players/eed56f6c/Leonardo-Ulloa,28,6,2008-2009 to 2020-2021,Success,Not found,FW,Not found,Not found
Leonel Galeano,,https://fbref.com/en/players/53144c79/Leonel-Galeano,17,7,2013-2014 to 2025,Success,Cienciano,DF (CB),34-131d,Argentina
Liassine Cadamuro,,https://fbref.com/en/players/e3a83cb9/Liassine-Cadamuro,15,9,2011-2012 to 2021-2022,Success,Not found,Not found,Not found,Not found
Licá,,https://fbref.com/en/players/41d84fed/Lica,20,10,2008-2009 to 2021-2022,Success,Not found,FW-MF (AM-WM),Not found,Portugal
Lillo,,https://fbref.com/en/players/476ca810/Lillo,17,8,2008-2009 to 2021-2022,Success,Not found,"DF (FB, right)",Not found,Spain
Lionel Messi,,https://fbref.com/en/players/d70ce98e/Lionel-Messi,64,3,2004-2005 to 2025,Success,Inter Miami,"FW-MF (AM-WM, right)",38-170d,Argentina
Lisandro López,,https://fbref.com/en/players/8320fe65/Lisandro-Lopez,28,10,2013-2014 to 2025,Success,Belgrano,"DF (CB, right)",36-101d,Argentina
Lluís Sastre,,https://fbref.com/en/players/5f186f5c/Lluis-Sastre,18,4,2008-2009 to 2020-2021,Success,Not found,MF (DM),Not found,Spain
Lolo,,https://fbref.com/en/players/31c71140/Lolo,16,7,2007-2008 to 2017-2018,Success,Not found,DF-MF (CB-DM-FB),Not found,Not found
Lolo,,https://fbref.com/en/players/e7754566/Lolo,10,8,2012-2013 to 2023-2024,Success,Not found,FW-MF (AM),Not found,Not found
Lorenzo Reyes,,https://fbref.com/en/players/d47cd62c/Lorenzo-Reyes,22,6,2013-2014 to 2025,Success,Nublense,MF (CM-DM),34-181d,Chile
Loukas Vyntra,,https://fbref.com/en/players/db07afa3/Loukas-Vyntra,27,4,2003-2004 to 2021-2022,Success,Not found,DF (CB),Not found,Greece
Luís Fabiano,,https://fbref.com/en/players/eaaeef7b/Luis-Fabiano,21,5,2000-2001 to 2017,Success,Not found,FW,Not found,Brazil
Luís Martins,,https://fbref.com/en/players/56b7c09b/Luis-Martins,21,8,2011-2012 to 2024,Success,Not found,"DF (FB, left)",Not found,Portugal
Luca Cigarini,,https://fbref.com/en/players/ae64d449/Luca-Cigarini,29,8,2005-2006 to 2024-2025,Success,Not found,MF (CM-DM),Not found,Italy
Lucas Hernández,,https://fbref.com/en/players/c3ee18ef/Lucas-Hernandez,45,3,2014-2015 to 2025-2026,Success,Paris Saint-Germain,"DF (CB-FB, left)",29-300d,France
Lucas Orbán,,https://fbref.com/en/players/8ff1d70e/Lucas-Orban,23,5,2013-2014 to 2022,Success,Not found,"DF (CB-FB, left)",Not found,Argentina
Lucas Pérez,,https://fbref.com/en/players/a300ac7e/Lucas-Perez,34,10,2009-2010 to 2024-2025,Success,Not found,FW-MF (WM),Not found,Not found
Lucas Piazon,,https://fbref.com/en/players/f201798c/Lucas-Piazon,29,11,2012-2013 to 2024-2025,Success,KS Wieczysta Kraków,FW-MF (AM-WM),31-325d,Brazil
Lucas Silva,,https://fbref.com/en/players/1c646218/Lucas-Silva,25,4,2014 to 2025,Success,Cruzeiro,MF (CM-DM),32-298d,Brazil
Lucas Vázquez,,https://fbref.com/en/players/fd51b456/Lucas-Vazquez,46,4,2012-2013 to 2025-2026,Success,Leverkusen,"DF-FW-MF (FB-WM, right)",34-163d,Spain
Lucas Wilchez,,https://fbref.com/en/players/199c2648/Lucas-Wilchez,10,4,2009-2010 to 2017-2018,Success,Not found,FW-MF (WM),Not found,Not found
Luciano Vietto,,https://fbref.com/en/players/2513a588/Luciano-Vietto,31,9,2014-2015 to 2025,Success,Racing Club,FW-MF (AM),32-006d,Argentina
Luis Alberto,,https://fbref.com/en/players/5294a83f/Luis-Alberto,34,6,2010-2011 to 2023-2024,Success,Al Duhail SC,"FW-MF (AM-CM-WM, left)",33-074d,Spain
Luis Amaranto Perea,,https://fbref.com/en/players/ff1988a5/Luis-Amaranto-Perea,14,2,2004-2005 to 2013-2014,Success,Not found,DF (CB),Not found,Colombia
Luis Carlos Martín,,https://fbref.com/en/players/8cee70e5/Luis-Carlos-Martin,1,1,2010-2011 to 2010-2011,Success,Not found,"MF (WM, left)",Not found,Not found
Luis Fariña,,https://fbref.com/en/players/2a8b21d4/Luis-Farina,16,7,2014-2015 to 2023,Success,Not found,FW-MF (AM),Not found,Argentina
Luis García,,https://fbref.com/en/players/70df8d7c/Luis-Garcia,19,6,2003-2004 to 2018-2019,Success,Not found,FW-MF (WM),Not found,Spain
Luis Morán,,https://fbref.com/en/players/f175a6ba/Luis-Moran,6,2,2007-2008 to 2012-2013,Success,Not found,MF (WM),Not found,Spain
Luis Suárez,,https://fbref.com/en/players/a6154613/Luis-Suarez,54,8,2006-2007 to 2025,Success,Inter Miami,FW,38-321d,Uruguay
Luisinho,,https://fbref.com/en/players/a7f00c8c/Luisinho,15,4,2011-2012 to 2020-2021,Success,Not found,"DF (FB, left)",Not found,Not found
Luismi,,https://fbref.com/en/players/c2cfbfc9/Luismi,23,6,2014-2015 to 2025-2026,Success,Málaga,DF-MF (CM-DM),33-220d,Not found
Luka Modrić,,https://fbref.com/en/players/6025fab1/Luka-Modric,61,4,2006-2007 to 2025-2026,Success,Milan,MF (AM-CM-DM-WM),40-093d,Croatia
Luso,,https://fbref.com/en/players/9cd41fda/Luso,14,4,2010-2011 to 2018-2019,Success,Not found,DF-MF (DM),Not found,Not found
Míchel,,https://fbref.com/en/players/19b3b837/Michel,16,3,1993-1994 to 2011-2012,Success,Not found,MF (CM-WM),Not found,Spain
Míchel,,https://fbref.com/en/players/418f8f61/Michel,26,9,2008-2009 to 2023-2024,Success,Not found,MF (AM-CM),Not found,Spain
Míchel,,https://fbref.com/en/players/4d425e6e/Michel,15,5,2005-2006 to 2019-2020,Success,Not found,MF,Not found,Not found
Mahamadou Diarra,,https://fbref.com/en/players/4a6c3ade/Mahamadou-Diarra,29,6,1999-2000 to 2013-2014,Success,Not found,MF (CM-DM),Not found,Mali
Maikel Mesa,,https://fbref.com/en/players/2afb7b21/Maikel-Mesa,24,7,2012-2013 to 2025-2026,Success,Tenerife,FW-MF (AM),34-190d,Not found
Mamadou Koné,,https://fbref.com/en/players/85b9dca0/Mamadou-Kone,16,7,2011-2012 to 2023-2024,Success,Not found,FW,Not found,Not found
Mané,,https://fbref.com/en/players/6b015a27/Mane,13,4,2005-2006 to 2014-2015,Success,Not found,"DF-MF (FB-WM, left)",Not found,Not found
Manolo Gaspar,,https://fbref.com/en/players/be800693/Manolo-Gaspar,8,4,2004-2005 to 2011-2012,Success,Not found,"DF (FB, right)",Not found,Not found
Manolo Reina,,https://fbref.com/en/players/605eb473/Manolo-Reina,17,6,2004-2005 to 2022-2023,Success,Not found,GK,Not found,Not found
Manu,,https://fbref.com/en/players/e6c6988d/Manu,9,6,2005-2006 to 2016-2017,Success,Not found,GK,Not found,Spain
Manu del Moral,,https://fbref.com/en/players/1026f88d/Manu-del-Moral,21,10,2003-2004 to 2018-2019,Success,Not found,FW,Not found,Spain
Manu Herrera,,https://fbref.com/en/players/ad2acc39/Manu-Herrera,13,6,2007-2008 to 2017-2018,Success,Not found,GK,Not found,Not found
Manu Molina,,https://fbref.com/en/players/4a541583/Manu-Molina,14,8,2010-2011 to 2025-2026,Success,Eldense,MF (AM),34-021d,Not found
Manu Torres,,https://fbref.com/en/players/4f4064d5/Manu-Torres,7,6,2009-2010 to 2018-2019,Success,Not found,"DF (FB, left & right)",Not found,Not found
Manu Trigueros,,https://fbref.com/en/players/963829d0/Manu-Trigueros,38,3,2010-2011 to 2025-2026,Success,Granada,MF (CM-WM),34-055d,Not found
Manucho,,https://fbref.com/en/players/89b18034/Manucho,16,7,2007-2008 to 2017-2018,Success,Not found,FW,Not found,Angola
Manuel Arana,,https://fbref.com/en/players/81fac4d9/Manuel-Arana,13,8,2007-2008 to 2017-2018,Success,Not found,"MF (AM-WM, right)",Not found,Not found
Manuel Fernandes,,https://fbref.com/en/players/13ac19de/Manuel-Fernandes,37,10,2003-2004 to 2022-2023,Success,Not found,MF (AM-DM),Not found,Portugal
Manuel Iturra,,https://fbref.com/en/players/000b3da6/Manuel-Iturra,17,9,2010-2011 to 2019,Success,Not found,MF (CM-DM),Not found,Chile
Manuel Lanzarote,,https://fbref.com/en/players/dff353fb/Manuel-Lanzarote,14,9,2005-2006 to 2020-2021,Success,Not found,MF (AM-WM),Not found,Not found
Manuel Lucena,,https://fbref.com/en/players/86ea2bff/Manuel-Lucena,4,2,2010-2011 to 2013-2014,Success,Not found,DF (CB),Not found,Not found
Manuel Onwu,,https://fbref.com/en/players/344376b6/Manuel-Onwu,12,6,2011-2012 to 2020-2021,Success,Not found,FW,Not found,Not found
Manuel Pablo,,https://fbref.com/en/players/c1776cef/Manuel-Pablo,27,2,1998-1999 to 2015-2016,Success,Not found,"DF (FB, right)",Not found,Spain
Marc Bartra,,https://fbref.com/en/players/b742cc0d/Marc-Bartra,48,5,2009-2010 to 2025-2026,Success,Real Betis,DF (CB-FB),34-330d,Spain
Marc Bertrán,,https://fbref.com/en/players/89a12cef/Marc-Bertran,16,8,2001-2002 to 2015-2016,Success,Not found,"DF (FB, right)",Not found,Spain
Marc Fernández,,https://fbref.com/en/players/9c3ef867/Marc-Fernandez,12,7,2011-2012 to 2024-2025,Success,Not found,FW-MF,Not found,Not found
Marc Muniesa,,https://fbref.com/en/players/4db76f57/Marc-Muniesa,21,5,2008-2009 to 2023-2024,Success,Al-Shahania Sports Club,"DF-MF (CB-DM-FB, left)",33-259d,Spain
Marc Torrejón,,https://fbref.com/en/players/6d7ff2c4/Marc-Torrejon,20,6,2005-2006 to 2018-2019,Success,Not found,DF (CB),Not found,Spain
Marc Valiente,,https://fbref.com/en/players/fd333066/Marc-Valiente,16,7,2008-2009 to 2022-2023,Success,Not found,DF (CB),Not found,Spain
Marcelo,,https://fbref.com/en/players/603116a7/Marcelo,52,3,2006-2007 to 2024,Success,Not found,"DF-MF (FB-WM, left)",Not found,Brazil
Marcelo Silva,,https://fbref.com/en/players/b9596515/Marcelo-Silva,22,6,2010-2011 to 2024,Success,Not found,DF (CB),Not found,Uruguay
Marco Pérez,,https://fbref.com/en/players/2264e79b/Marco-Perez,21,8,2010-2011 to 2025,Success,Deportivo Pereira,FW-MF,35-084d,Colombia
Marco Ruben,,https://fbref.com/en/players/30795728/Marco-Ruben,32,9,2007-2008 to 2024,Success,Not found,FW,Not found,Argentina
Marco Sangalli,,https://fbref.com/en/players/0bf0e5b1/Marco-Sangalli,25,6,2013-2014 to 2025-2026,Success,Racing Santander,"DF-FW-MF (AM-WM, right)",33-307d,Not found
Marco Torsiglieri,,https://fbref.com/en/players/6013af3e/Marco-Torsiglieri,21,11,2010-2011 to 2020,Success,Not found,"DF-MF (CB, left)",Not found,Not found
Marcos,,https://fbref.com/en/players/b2b79f32/Marcos,5,5,2011-2012 to 2025-2026,Success,Puente Genil FC,DF,36-072d,Not found
Marcos Angeleri,,https://fbref.com/en/players/f1c9c320/Marcos-Angeleri,18,5,2010-2011 to 2020,Success,Not found,"DF (CB-FB, right)",Not found,Argentina
Marcos Gullón,,https://fbref.com/en/players/80a6cb7f/Marcos-Gullon,15,7,2009-2010 to 2020-2021,Success,Not found,MF,Not found,Spain
Marcos Landeira,,https://fbref.com/en/players/8e016a91/Marcos-Landeira,6,1,2005-2006 to 2012-2013,Success,Not found,MF,Not found,Not found
Marcos Senna,,https://fbref.com/en/players/ad6cbdbe/Marcos-Senna,21,2,2002-2003 to 2015,Success,Not found,MF (CM-DM),Not found,Spain es  Other: Brazil
Marcos Tébar,,https://fbref.com/en/players/1e806be7/Marcos-Tebar,17,10,2006-2007 to 2019-2020,Success,Not found,DF-MF (FB),Not found,Spain
Mariano Barbosa,,https://fbref.com/en/players/aad4f74f/Mariano-Barbosa,16,4,2005-2006 to 2017-2018,Success,Not found,GK,Not found,Argentina
Mario,,https://fbref.com/en/players/e6ede7f4/Mario,17,7,2001-2002 to 2019-2020,Success,Not found,DF (CB),Not found,Spain
Mario Arqués,,https://fbref.com/en/players/ebe6f10b/Mario-Arques,6,6,2014-2015 to 2021-2022,Success,Not found,MF,Not found,Not found
Mario Bermejo,,https://fbref.com/en/players/c8dcfee8/Mario-Bermejo,15,9,1995-1996 to 2013-2014,Success,Not found,FW,Not found,Spain
Mario Fernández,,https://fbref.com/en/players/02c89cb6/Mario-Fernandez,9,3,2010-2011 to 2017-2018,Success,Not found,GK,Not found,Spain
Mario Gaspar,,https://fbref.com/en/players/fb5d47b3/Mario-Gaspar,40,4,2008-2009 to 2024-2025,Success,Not found,"DF-MF (FB, right)",Not found,Spain
Mario Mandžukić,,https://fbref.com/en/players/afa0d4e0/Mario-Mandzukic,32,6,2007-2008 to 2020-2021,Success,Not found,FW-MF,Not found,Croatia
Mario Pašalić,,https://fbref.com/en/players/e599253a/Mario-Pasalic,39,6,2012-2013 to 2025-2026,Success,Atalanta,FW-MF (AM-CM-DM),30-305d,Croatia hr  Other: Germany
Mario Suárez,,https://fbref.com/en/players/7106f0a0/Mario-Suarez,33,9,2005-2006 to 2022-2023,Success,Not found,MF (DM),Not found,Spain
Marius Stankevičius,,https://fbref.com/en/players/7c3a4a58/Marius-Stankevicius,21,9,2001-2002 to 2015-2016,Success,Not found,"DF-MF (CB-FB, right)",Not found,Lithuania
Markel Bergara,,https://fbref.com/en/players/04a65a8f/Markel-Bergara,18,4,2005-2006 to 2019-2020,Success,Not found,MF (DM),Not found,Spain
Markel Susaeta,,https://fbref.com/en/players/6fd1ba62/Markel-Susaeta,29,4,2007-2008 to 2020-2021,Success,Not found,"FW-MF (AM-WM, right)",Not found,Spain
Marko Marin,,https://fbref.com/en/players/a022e78c/Marko-Marin,28,12,2006-2007 to 2021-2022,Success,Not found,FW-MF (AM-WM),Not found,Germany de  Other: Bosnia and Herzegovina
Markus Rosenberg,,https://fbref.com/en/players/5faa73aa/Markus-Rosenberg,33,6,2001 to 2019-2020,Success,Not found,FW,Not found,Sweden
Markus Steinhöfer,,https://fbref.com/en/players/f4765e02/Markus-Steinhofer,24,9,2006-2007 to 2017-2018,Success,Not found,"DF-MF (FB, right)",Not found,Germany
Martí Crespí,,https://fbref.com/en/players/bb2d18be/Marti-Crespi,12,9,2007-2008 to 2021-2022,Success,Not found,DF (CB),Not found,Spain
Martín Cáceres,,https://fbref.com/en/players/e94d79e3/Martin-Caceres,47,12,2007-2008 to 2025,Success,Libertad,DF (CB-FB),38-248d,Uruguay
Martín Demichelis,,https://fbref.com/en/players/e9c7102a/Martin-Demichelis,32,4,2003-2004 to 2016-2017,Success,Not found,DF-MF (CB-DM),Not found,Argentina
Martín Montoya,,https://fbref.com/en/players/5cec2487/Martin-Montoya,33,7,2010-2011 to 2024-2025,Success,Not found,"DF (FB, right)",Not found,Spain
Martin Ødegaard,,https://fbref.com/en/players/79300479/Martin-Odegaard,32,6,2014 to 2025-2026,Success,Arsenal,FW-MF (AM-CM-WM),26-359d,Norway
Martin Petrov,,https://fbref.com/en/players/011360ce/Martin-Petrov,17,7,1998-1999 to 2013-2014,Success,Not found,"FW-MF (WM, left)",Not found,Bulgaria
Marvin Ogunjimi,,https://fbref.com/en/players/93c93fd1/Marvin-Ogunjimi,15,9,2005-2006 to 2017-2018,Success,Not found,FW,Not found,Belgium
Masoud Shojaei,,https://fbref.com/en/players/a898d91e/Masoud-Shojaei,15,7,2008-2009 to 2022-2023,Success,Not found,MF (AM),Not found,Iran
Matías Fritzler,,https://fbref.com/en/players/e4100467/Matias-Fritzler,15,6,2010-2011 to 2020,Success,Not found,MF (CM-DM),Not found,Not found
Matías Nahuel,,https://fbref.com/en/players/48e4c485/Matias-Nahuel,22,8,2013-2014 to 2024-2025,Success,Maccabi Haifa,FW-MF (AM-WM),29-019d,Spain es  Other: Argentina
Mate Bilić,,https://fbref.com/en/players/37e6a4eb/Mate-Bilic,16,7,2001-2002 to 2014-2015,Success,Not found,FW,Not found,Croatia
Mateo Musacchio,,https://fbref.com/en/players/91899ca8/Mateo-Musacchio,32,4,2009-2010 to 2020-2021,Success,Not found,"DF (CB, right)",Not found,Argentina
Matteo Contini,,https://fbref.com/en/players/dec20583/Matteo-Contini,21,9,2003-2004 to 2016-2017,Success,Not found,DF (CB),Not found,Not found
Maurizio Lanzaro,,https://fbref.com/en/players/52eacf54/Maurizio-Lanzaro,19,9,1998-1999 to 2015-2016,Success,Not found,DF (CB),Not found,Italy
Mauro dos Santos,,https://fbref.com/en/players/ec699fdd/Mauro-dos-Santos,15,9,2012-2013 to 2023-2024,Success,Not found,"DF (CB, right)",Not found,Not found
Maxwell,,https://fbref.com/en/players/6f08cece/Maxwell,40,4,2001-2002 to 2016-2017,Success,Not found,"DF (FB, left)",Not found,Brazil br  Other: Germany
McDonald Mariga,,https://fbref.com/en/players/e88e5e34/McDonald-Mariga,19,6,2006 to 2017-2018,Success,Not found,MF (DM),Not found,Kenya
Mehdi Lacen,,https://fbref.com/en/players/a3a306f6/Mehdi-Lacen,20,4,2005-2006 to 2018-2019,Success,Not found,MF (DM),Not found,Algeria dz  Other: France
Mehmet Topal,,https://fbref.com/en/players/f93c876b/Mehmet-Topal,30,5,2006-2007 to 2021-2022,Success,Not found,DF-MF (CB-CM-DM),Not found,Turkey
Mesut Özil,,https://fbref.com/en/players/16380240/Mesut-Ozil,46,6,2006-2007 to 2022-2023,Success,Not found,MF (AM-WM),Not found,Germany
Michael Essien,,https://fbref.com/en/players/d6577282/Michael-Essien,29,6,2000-2001 to 2015-2016,Success,Not found,DF-MF,Not found,Ghana
Michael Jakobsen,,https://fbref.com/en/players/9135fc2e/Michael-Jakobsen,25,9,2004-2005 to 2022-2023,Success,Not found,DF (CB-FB),Not found,Denmark
Michael Krohn-Dehli,,https://fbref.com/en/players/1c8dc17d/Michael-Krohn-Dehli,27,7,2004-2005 to 2018-2019,Success,Not found,FW-MF (CM-WM),Not found,Denmark
Michael Pereira,,https://fbref.com/en/players/2969ccd2/Michael-Pereira,13,4,2010-2011 to 2020-2021,Success,Not found,FW-MF (AM-WM),Not found,Not found
Michel,,https://fbref.com/en/players/05384ea1/Michel,21,7,2008-2009 to 2024,Success,Not found,"DF (FB, right)",Not found,Not found
Michu,,https://fbref.com/en/players/98429b7b/Michu,12,5,2007-2008 to 2016-2017,Success,Not found,FW-MF (AM),Not found,Spain
Miguel Ángel Moyá,,https://fbref.com/en/players/011d8c56/Miguel-Angel-Moya,24,5,2004-2005 to 2020-2021,Success,Not found,GK,Not found,Spain
Miguel Ángel Nieto,,https://fbref.com/en/players/3a935b70/Miguel-Angel-Nieto,13,7,2006-2007 to 2017-2018,Success,Not found,"MF (WM, right)",Not found,Not found
Miguel de las Cuevas,,https://fbref.com/en/players/2e1cf3d2/Miguel-de-las-Cuevas,24,7,2005-2006 to 2023-2024,Success,Not found,MF (AM),Not found,Spain
Miguel Flaño,,https://fbref.com/en/players/1662668d/Miguel-Flano,20,2,2004-2005 to 2018-2019,Success,Not found,DF (CB),Not found,Spain
Miguel Monteiro,,https://fbref.com/en/players/930ef69d/Miguel-Monteiro,24,3,2000-2001 to 2011-2012,Success,Not found,"DF (FB, right)",Not found,Portugal
Miguel Pallardó,,https://fbref.com/en/players/6c3dfe68/Miguel-Pallardo,15,6,2004-2005 to 2017,Success,Not found,MF (DM),Not found,Spain
Miguel Torres,,https://fbref.com/en/players/44b61913/Miguel-Torres,23,6,2004-2005 to 2018-2019,Success,Not found,DF (CB-FB),Not found,Spain
Mike Havenaar,,https://fbref.com/en/players/2475a31d/Mike-Havenaar,11,7,2011-2012 to 2020,Success,Not found,FW,Not found,Japan
Mikel Aranburu,,https://fbref.com/en/players/9452d85a/Mikel-Aranburu,17,1,1996-1997 to 2011-2012,Success,Not found,MF (AM),Not found,Not found
Mikel Arruabarrena,,https://fbref.com/en/players/ad0c4ebb/Mikel-Arruabarrena,10,5,2006-2007 to 2015-2016,Success,Not found,FW,Not found,Spain
Mikel Balenziaga,,https://fbref.com/en/players/1fe67e86/Mikel-Balenziaga,32,4,2008-2009 to 2023-2024,Success,Not found,"DF (FB, left)",Not found,Spain
Mikel González,,https://fbref.com/en/players/7cc5bd9c/Mikel-Gonzalez,20,3,2005-2006 to 2022-2023,Success,Not found,DF (CB),Not found,Not found
Mikel Labaka,,https://fbref.com/en/players/e83de90d/Mikel-Labaka,10,3,2003-2004 to 2012-2013,Success,Not found,DF (CB),Not found,Not found
Mikel Rico,,https://fbref.com/en/players/def69cd0/Mikel-Rico,29,5,2006-2007 to 2023-2024,Success,Not found,MF (CM-DM),Not found,Not found
Mikel Saizar,,https://fbref.com/en/players/b9ddfda6/Mikel-Saizar,9,4,2011-2012 to 2021-2022,Success,Not found,GK,Not found,Not found
Mikel San José,,https://fbref.com/en/players/003a5c72/Mikel-San-Jose,30,3,2009-2010 to 2021-2022,Success,Not found,DF-MF (CB-DM),Not found,Spain
Miku,,https://fbref.com/en/players/4eba9598/Miku,28,13,2006-2007 to 2025,Success,Metropolitanos FC,FW,40-114d,Venezuela
Miquel Robusté,,https://fbref.com/en/players/4be9a341/Miquel-Robuste,10,5,2006-2007 to 2019-2020,Success,Not found,DF (CB),Not found,Spain
Miranda,,https://fbref.com/en/players/314f2124/Miranda,26,5,2005-2006 to 2022,Success,Not found,DF (CB),Not found,Brazil
Miroslav Stevanović,,https://fbref.com/en/players/73d430c6/Miroslav-Stevanovic,16,6,2010-2011 to 2025-2026,Success,Servette,"FW-MF (AM-WM, right)",35-135d,Bosnia and Herzegovina
Mode,,https://fbref.com/en/players/17b4ea83/Mode,3,2,2013-2014 to 2015-2016,Success,Not found,"DF (FB, right)",Not found,Not found
Modeste M'bami,,https://fbref.com/en/players/82ec2963/Modeste-Mbami,19,5,2000-2001 to 2015-2016,Success,Not found,MF,Not found,Cameroon
Modibo Diakité,,https://fbref.com/en/players/e5eb4ab4/Modibo-Diakite,24,10,2005-2006 to 2021-2022,Success,Not found,DF (CB),Not found,Not found
Mohamed Sarr,,https://fbref.com/en/players/82bf93ae/Mohamed-Sarr,18,7,2001-2002 to 2012-2013,Success,Not found,DF-MF (CB-DM),Not found,Senegal
Mohamed Sissoko,,https://fbref.com/en/players/2c1a819e/Mohamed-Sissoko,31,10,2003-2004 to 2018-2019,Success,Not found,MF (DM),Not found,Mali ml  Other: France
Mohamed Tchité,,https://fbref.com/en/players/39b8619d/Mohamed-Tchite,20,6,2003-2004 to 2015-2016,Success,Not found,FW,Not found,Burundi
Mohammed Abu,,https://fbref.com/en/players/c1f17b17/Mohammed-Abu,18,7,2010 to 2024,Success,Not found,FW-MF (CM-DM),Not found,Ghana
Mohammed Fatau,,https://fbref.com/en/players/b4dd30a0/Mohammed-Fatau,8,6,2013-2014 to 2020-2021,Success,Not found,MF (DM),Not found,Not found
Moi Gómez,,https://fbref.com/en/players/5a626448/Moi-Gomez,34,6,2010-2011 to 2025-2026,Success,Osasuna,"FW-MF (AM-CM-WM, left)",31-171d,Spain
Moisés Delgado,,https://fbref.com/en/players/248c409d/Moises-Delgado,15,8,2013-2014 to 2025-2026,Success,Gimnàstic,"DF (FB, left)",31-237d,Not found
Moisés García,,https://fbref.com/en/players/5a740593/Moises-Garcia,5,4,2008-2009 to 2022-2023,Success,Not found,DF (CB),Not found,Not found
Moisés Hurtado,,https://fbref.com/en/players/1ea7254b/Moises-Hurtado,14,5,2001-2002 to 2013-2014,Success,Not found,MF (DM),Not found,Spain
Momo,,https://fbref.com/en/players/9857e65d/Momo,23,6,2002-2003 to 2018-2019,Success,Not found,"MF (WM, left)",Not found,Not found
Mouhamadou Dabo,,https://fbref.com/en/players/78853b7b/Mouhamadou-Dabo,24,5,2004-2005 to 2018-2019,Success,Not found,DF (CB-FB),Not found,France fr  Other: Senegal
Mounir El Hamdaoui,,https://fbref.com/en/players/d23e085d/Mounir-El-Hamdaoui,19,9,2002-2003 to 2018-2019,Success,Not found,FW,Not found,Morocco ma  Other: Netherlands
Munir El Haddadi,,https://fbref.com/en/players/8696bc90/Munir-El-Haddadi,41,9,2013-2014 to 2025-2026,Success,Esteghlal Khuz,FW-MF,30-101d,Morocco ma  Other: Spain
Nélson Marcos,,https://fbref.com/en/players/d0d41afb/Nelson-Marcos,21,8,2004-2005 to 2016-2017,Success,Not found,"DF (CB-FB, right)",Not found,Portugal pt  Other: Cape Verde
Nélson Oliveira,,https://fbref.com/en/players/f716e4e4/Nelson-Oliveira,29,13,2009-2010 to 2025-2026,Success,Vitória Guimarães,FW,34-125d,Portugal
Néstor Susaeta,,https://fbref.com/en/players/ff0c8ca6/Nestor-Susaeta,18,8,2005-2006 to 2021-2022,Success,Not found,FW-MF (AM-WM),Not found,Not found
Nabil Baha,,https://fbref.com/en/players/32634b49/Nabil-Baha,11,6,2004-2005 to 2012-2013,Success,Not found,FW,Not found,Morocco
Nabil El Zhar,,https://fbref.com/en/players/37f96552/Nabil-El-Zhar,21,5,2006-2007 to 2018-2019,Success,Not found,"FW-MF (AM-WM, right)",Not found,Morocco ma  Other: France
Nabil Ghilas,,https://fbref.com/en/players/cee627f6/Nabil-Ghilas,12,7,2012-2013 to 2019-2020,Success,Not found,FW-MF (WM),Not found,Algeria dz  Other: France
Nacho,,https://fbref.com/en/players/07537011/Nacho,15,6,2002-2003 to 2013-2014,Success,Not found,"DF-MF (FB, left)",Not found,Not found
Nacho,,https://fbref.com/en/players/2946f9a1/Nacho,45,3,2010-2011 to 2025-2026,Success,Al Qadisiyah,DF (CB-FB),35-327d,Spain
Nacho Cases,,https://fbref.com/en/players/1ef6f38d/Nacho-Cases,11,3,2010-2011 to 2019-2020,Success,Not found,MF,Not found,Not found
Nacho González,,https://fbref.com/en/players/53031e02/Nacho-Gonzalez,20,9,2007-2008 to 2022,Success,Not found,MF (AM),Not found,Uruguay
Nacho Monreal,,https://fbref.com/en/players/d4cb83cc/Nacho-Monreal,38,4,2006-2007 to 2020-2021,Success,Not found,"DF (FB, left)",Not found,Spain
Nacho Novo,,https://fbref.com/en/players/8391cd3f/Nacho-Novo,23,8,2002-2003 to 2015,Success,Not found,FW,Not found,Not found
Nagore,,https://fbref.com/en/players/86eeca16/Nagore,9,3,2010-2011 to 2016-2017,Success,Not found,DF (CB),Not found,Not found
Naldo,,https://fbref.com/en/players/a2609621/Naldo,23,9,2012-2013 to 2024-2025,Success,Leixões,DF (CB),37-108d,Not found
Nano,,https://fbref.com/en/players/3d6dd9f9/Nano,12,4,2002-2003 to 2011-2012,Success,Not found,DF (CB),Not found,Not found
Nano,,https://fbref.com/en/players/51fbb7e2/Nano,13,7,1999-2000 to 2013-2014,Success,Not found,"DF-FW-MF (FB-WM, left)",Not found,Spain
Natxo Insa,,https://fbref.com/en/players/28ccefcd/Natxo-Insa,14,9,2006-2007 to 2016-2017,Success,Johor Darul Ta'zim FC,MF,39-185d,Malaysia my  Other: Spain
Nelson Valdez,,https://fbref.com/en/players/040d8500/Nelson-Valdez,30,9,2002-2003 to 2020,Success,Not found,FW,Not found,Paraguay
Nemanja Radoja,,https://fbref.com/en/players/b5dd3469/Nemanja-Radoja,25,4,2012-2013 to 2025,Success,Sporting Kansas City,DF-MF (CM-DM),32-308d,Serbia
Nery Castillo,,https://fbref.com/en/players/bb34761d/Nery-Castillo,23,9,2000-2001 to 2013-2014,Success,Not found,DF-FW-MF (WM),Not found,Mexico
Neymar,,https://fbref.com/en/players/69384e5d/Neymar,36,4,2013-2014 to 2025,Success,Santos,"FW-MF (AM-WM, left)",33-309d,Brazil
Nicki Bille Nielsen,,https://fbref.com/en/players/c0a57418/Nicki-Bille-Nielsen,17,11,2006-2007 to 2017-2018,Success,Not found,FW,Not found,Denmark
Nicolás Bertolo,,https://fbref.com/en/players/089f82b2/Nicolas-Bertolo,23,6,2009-2010 to 2023,Success,Not found,"FW-MF (AM-WM, left)",Not found,Argentina
Nicolás Otamendi,,https://fbref.com/en/players/0d267745/Nicolas-Otamendi,50,5,2010-2011 to 2025-2026,Success,Benfica,DF (CB),37-302d,Argentina
Nicolás Pareja,,https://fbref.com/en/players/a92669f6/Nicolas-Pareja,28,5,2006-2007 to 2018-2019,Success,Not found,DF (CB),Not found,Argentina
Nikolaos Karabelas,,https://fbref.com/en/players/a41c6410/Nikolaos-Karabelas,17,4,2006-2007 to 2015-2016,Success,Not found,"DF (FB, left)",Not found,Greece
Nilmar,,https://fbref.com/en/players/90a5a4aa/Nilmar,12,4,2004-2005 to 2017,Success,Not found,FW,Not found,Brazil
Nino,,https://fbref.com/en/players/03dc5b1f/Nino,25,4,2001-2002 to 2020-2021,Success,Not found,FW-MF,Not found,Not found
Noé Pamarot,,https://fbref.com/en/players/6036afc6/Noe-Pamarot,15,5,2002-2003 to 2013-2014,Success,Not found,DF (CB),Not found,Not found
Nolito,,https://fbref.com/en/players/b2d0ec1b/Nolito,32,8,2010-2011 to 2022-2023,Success,Not found,"FW-MF (AM-WM, left)",Not found,Spain
Nono,,https://fbref.com/en/players/0bd57693/Nono,16,8,2011-2012 to 2023-2024,Success,Ruch Chorzów,MF (CM),32-256d,Spain
Nordin Amrabat,,https://fbref.com/en/players/7c2a398c/Nordin-Amrabat,35,11,2007-2008 to 2025,Success,Wydad AC,FW-MF (AM-CM-WM),38-255d,Morocco ma  Other: Netherlands
Nosa Igiebor,,https://fbref.com/en/players/79d9bbd4/Nosa-Igiebor,11,6,2009 to 2017,Success,Not found,MF,Not found,Nigeria
Nuri Şahin,,https://fbref.com/en/players/f4081572/Nuri-Sahin,35,6,2005-2006 to 2021-2022,Success,Not found,MF (DM),Not found,Turkey tr  Other: Germany
Obafemi Martins,,https://fbref.com/en/players/70849fc2/Obafemi-Martins,31,9,2002-2003 to 2020,Success,Not found,FW,Not found,Nigeria
Odion Ighalo,,https://fbref.com/en/players/03622183/Odion-Ighalo,34,11,2007 to 2024-2025,Success,Al-Wehda,FW,36-178d,Nigeria
Oguchi Onyewu,,https://fbref.com/en/players/79283d79/Oguchi-Onyewu,22,10,2003-2004 to 2017,Success,Not found,DF (CB),Not found,United States
Oier Olazábal,,https://fbref.com/en/players/b5bdf144/Oier-Olazabal,18,7,2008-2009 to 2024-2025,Success,Not found,GK,Not found,Spain
Oier Sanjurjo,,https://fbref.com/en/players/466824fb/Oier-Sanjurjo,22,3,2008-2009 to 2022-2023,Success,Not found,DF-MF (CB-CM-DM),Not found,Not found
Oleksandr Yakovenko,,https://fbref.com/en/players/40a520a4/Oleksandr-Yakovenko,20,10,2004-2005 to 2015-2016,Success,Not found,FW-MF (WM),Not found,Ukraine
Olivier Thomert,,https://fbref.com/en/players/acda6c9d/Olivier-Thomert,18,4,2002-2003 to 2012-2013,Success,Not found,"FW-MF (WM, left)",Not found,Not found
Omar Mascarell,,https://fbref.com/en/players/11fd2b75/Omar-Mascarell,30,8,2012-2013 to 2025-2026,Success,Mallorca,MF (CM-DM),32-312d,Equatorial Guinea gq  Other: Spain
Omar Ramos,,https://fbref.com/en/players/0657888a/Omar-Ramos,21,9,2006-2007 to 2022-2023,Success,Not found,FW-MF (WM),Not found,Spain
Orestis Karnezis,,https://fbref.com/en/players/85b011bb/Orestis-Karnezis,14,6,2009-2010 to 2020-2021,Success,Not found,GK,Not found,Greece
Oriol Riera,,https://fbref.com/en/players/ed742ed9/Oriol-Riera,14,8,2009-2010 to 2019-2020,Success,Not found,FW,Not found,Not found
Oriol Romeu,,https://fbref.com/en/players/4b511457/Oriol-Romeu,44,7,2010-2011 to 2025-2026,Success,Southampton,MF (CM-DM),34-078d,Spain
Osmar,,https://fbref.com/en/players/8598175c/Osmar,13,3,2009-2010 to 2023,Success,Seoul E-Land FC,DF-MF (CB-DM),37-189d,Not found
Pablo Íñiguez,,https://fbref.com/en/players/dd55192d/Pablo-Iniguez,13,5,2011-2012 to 2023-2024,Success,Not found,DF-MF (CB-DM),Not found,Spain
Pablo Álvarez,,https://fbref.com/en/players/1226cc4f/Pablo-Alvarez,17,6,2007-2008 to 2019-2020,Success,Not found,DF,Not found,Not found
Pablo Álvarez,,https://fbref.com/en/players/08af8dbe/Pablo-Alvarez,17,6,2001-2002 to 2015,Success,Not found,"MF (WM, right)",Not found,Not found
Pablo Alcolea,,https://fbref.com/en/players/7d093d18/Pablo-Alcolea,3,1,2012-2013 to 2014-2015,Success,Not found,GK,Not found,Not found
Pablo Barrera,,https://fbref.com/en/players/ff70b131/Pablo-Barrera,25,7,2005-2006 to 2025-2026,Success,Querétaro,"FW-MF (AM-WM, right)",38-173d,Mexico
Pablo Cáceres,,https://fbref.com/en/players/781de8f2/Pablo-Caceres,9,6,2007-2008 to 2017-2018,Success,Not found,"DF (FB, left)",Not found,Not found
Pablo Clavería,,https://fbref.com/en/players/1624d75b/Pablo-Claveria,16,6,2014-2015 to 2024-2025,Success,Not found,MF (CM),Not found,Not found
Pablo Hernández,,https://fbref.com/en/players/6c2f5996/Pablo-Hernandez,20,4,2010 to 2023,Success,Not found,FW-MF (AM-CM),Not found,Chile cl  Other: Argentina
Pablo Hernández,,https://fbref.com/en/players/c0398aca/Pablo-Hernandez,28,7,2005-2006 to 2021-2022,Success,Not found,"FW-MF (AM-WM, right)",Not found,Spain
Pablo Hervías,,https://fbref.com/en/players/ba5a9545/Pablo-Hervias,23,9,2013-2014 to 2024-2025,Success,Not found,"MF (AM, right)",Not found,Spain
Pablo Insua,,https://fbref.com/en/players/4b5e7e90/Pablo-Insua,26,7,2012-2013 to 2025-2026,Success,Zaragoza,DF (CB),32-093d,Spain
Pablo Marí,,https://fbref.com/en/players/aa54ec6f/Pablo-Mari,32,10,2011-2012 to 2025-2026,Success,Fiorentina,DF (CB),32-102d,Not found
Pablo Orbaiz,,https://fbref.com/en/players/3654d355/Pablo-Orbaiz,18,3,2000-2001 to 2012-2013,Success,Not found,MF (DM),Not found,Spain
Pablo Pérez,,https://fbref.com/en/players/3bac82ad/Pablo-Perez,23,5,2013-2014 to 2024,Success,Not found,MF (CM-WM),Not found,Argentina
Pablo Piatti,,https://fbref.com/en/players/48e89655/Pablo-Piatti,37,6,2008-2009 to 2024,Success,Not found,"FW-MF (WM, left)",Not found,Argentina
Pablo Pinillos Caro,,https://fbref.com/en/players/9d19d667/Pablo-Pinillos-Caro,11,4,1997-1998 to 2010-2011,Success,Not found,"DF (FB, right)",Not found,Not found
Pablo Pintos,,https://fbref.com/en/players/0fe4654e/Pablo-Pintos,8,6,2010-2011 to 2017,Success,Not found,"DF (FB, right)",Not found,Uruguay
Pablo Sarabia,,https://fbref.com/en/players/9744ff80/Pablo-Sarabia,42,6,2010-2011 to 2024-2025,Success,Al-Arabi,FW-MF (AM-WM),33-214d,Spain
Paco Alcácer,,https://fbref.com/en/players/a7a9d95a/Paco-Alcacer,34,5,2011-2012 to 2021-2022,Success,Sharjah,FW,32-103d,Spain
Paco Montañés,,https://fbref.com/en/players/9cc493b1/Paco-Montanes,15,6,2005-2006 to 2018-2019,Success,Not found,FW-MF (WM),Not found,Spain
Paco Peña,,https://fbref.com/en/players/e3b01965/Paco-Pena,15,4,2001-2002 to 2017-2018,Success,Not found,"DF (FB, left & right)",Not found,Not found
Papakouli Diop,,https://fbref.com/en/players/7329018e/Papakouli-Diop,26,7,2006-2007 to 2022-2023,Success,Not found,MF (CM-DM),Not found,Senegal
Pape Diakhaté,,https://fbref.com/en/players/84340e6d/Pape-Diakhate,18,6,2005-2006 to 2015-2016,Success,Not found,DF (CB),Not found,Senegal
Pape Maly Diamanka,,https://fbref.com/en/players/5d289e13/Pape-Maly-Diamanka,13,8,2011-2012 to 2020-2021,Success,Not found,MF (CM),Not found,Senegal
Park Chu-young,,https://fbref.com/en/players/d9fa272a/Park-Chu-young,17,8,2008-2009 to 2024,Success,Not found,FW-MF (AM),Not found,Korea Republic
Patrick Ebert,,https://fbref.com/en/players/92d24319/Patrick-Ebert,23,7,2006-2007 to 2022-2023,Success,Not found,FW-MF (WM),Not found,Germany
Patrick Ekeng,,https://fbref.com/en/players/3bcb7df2/Patrick-Ekeng,6,4,2011-2012 to 2015-2016,Success,Not found,MF (DM),Not found,Cameroon
Patrick Mtiliga,,https://fbref.com/en/players/594ebb79/Patrick-Mtiliga,17,5,2002-2003 to 2017-2018,Success,Not found,"DF (FB, left)",Not found,Denmark
Pau Cendrós,,https://fbref.com/en/players/9b9c9388/Pau-Cendros,14,9,2008-2009 to 2020-2021,Success,Not found,"DF (CB-FB, right)",Not found,Not found
Pau López,,https://fbref.com/en/players/20b9f052/Pau-Lopez,30,7,2014-2015 to 2025-2026,Success,Real Betis,GK,30-363d,Spain
Paul Quaye,,https://fbref.com/en/players/0c861e47/Paul-Quaye,3,2,2011-2012 to 2018-2019,Success,Not found,MF (DM),Not found,Ghana
Paulão,,https://fbref.com/en/players/63783925/Paulao,12,4,2006-2007 to 2013-2014,Success,Not found,DF (CB),Not found,Not found
Paulo Assunção,,https://fbref.com/en/players/41b7a8cf/Paulo-Assuncao,20,5,2002-2003 to 2012-2013,Success,Not found,MF (DM),Not found,Not found
Paulo da Silva,,https://fbref.com/en/players/47560da8/Paulo-da-Silva,28,7,2001-2002 to 2022,Success,Not found,DF (CB),Not found,Paraguay
Pedro,,https://fbref.com/en/players/3ca7254a/Pedro,59,4,2007-2008 to 2025-2026,Success,Lazio,"FW-MF (AM-WM, right)",38-136d,Spain
Pedro Bigas,,https://fbref.com/en/players/697295b1/Pedro-Bigas,24,4,2011-2012 to 2025-2026,Success,Elche,"DF-MF (CB-FB, left)",35-087d,Not found
Pedro Botelho,,https://fbref.com/en/players/1f933029/Pedro-Botelho,13,10,2007-2008 to 2018,Success,Not found,"DF-MF (FB-WM, left)",Not found,Not found
Pedro Geromel,,https://fbref.com/en/players/78f81520/Pedro-Geromel,28,4,2005-2006 to 2024,Success,Not found,"DF (CB, right)",Not found,Brazil
Pedro López,,https://fbref.com/en/players/bfa29677/Pedro-Lopez,7,4,2013-2014 to 2025-2026,Success,AD Ceuta FC,GK,30-324d,Not found
Pedro López Muñoz,,https://fbref.com/en/players/a60823a4/Pedro-Lopez-Munoz,24,4,2004-2005 to 2020-2021,Success,Not found,"DF (FB, right)",Not found,Not found
Pedro León,,https://fbref.com/en/players/d66b9872/Pedro-Leon,26,7,2004-2005 to 2025-2026,Success,Real Murcia,"FW-MF (AM-WM, right)",39-017d,Spain
Pedro Martín,,https://fbref.com/en/players/99ee29b5/Pedro-Martin,14,8,2011-2012 to 2022-2023,Success,Not found,FW,Not found,Not found
Pedro Morales,,https://fbref.com/en/players/ff840341/Pedro-Morales,14,5,2008-2009 to 2018,Success,Not found,MF (AM),Not found,Not found
Pedro Mosquera,,https://fbref.com/en/players/c5fa58ea/Pedro-Mosquera,21,7,2006-2007 to 2023-2024,Success,Not found,MF (CM-DM),Not found,Spain
Pedro Munitis,,https://fbref.com/en/players/61b5cd53/Pedro-Munitis,22,3,1994-1995 to 2011-2012,Success,Not found,FW,Not found,Spain
Pedro Orfila,,https://fbref.com/en/players/a38c114e/Pedro-Orfila,12,7,2011-2012 to 2023-2024,Success,Not found,DF,Not found,Not found
Pedro Ríos,,https://fbref.com/en/players/96ef8f9f/Pedro-Rios,18,5,2004-2005 to 2016-2017,Success,Not found,"MF (WM, right)",Not found,Not found
Pepe,,https://fbref.com/en/players/c906ce0f/Pepe,50,4,2001-2002 to 2023-2024,Success,Not found,DF-MF (CB-DM),Not found,Portugal pt  Other: Brazil
Philippe Coutinho,,https://fbref.com/en/players/0ef89a37/Philippe-Coutinho,45,7,2010-2011 to 2025,Success,Vasco da Gama,FW-MF (AM-WM),33-182d,Brazil
Philippe Senderos,,https://fbref.com/en/players/b1d82fc2/Philippe-Senderos,26,10,2002-2003 to 2018,Success,Not found,DF (CB),Not found,Switzerland
Pierre Webó,,https://fbref.com/en/players/3d6f05ea/Pierre-Webo,22,7,2002-2003 to 2018,Success,Not found,FW,Not found,Cameroon
Piet Velthuizen,,https://fbref.com/en/players/b7a7d76a/Piet-Velthuizen,11,3,2006-2007 to 2020-2021,Success,Not found,GK,Not found,Netherlands
Piotr Trochowski,,https://fbref.com/en/players/6cae08d5/Piotr-Trochowski,21,4,2002-2003 to 2015-2016,Success,Not found,MF (AM-CM),Not found,Germany de  Other: Poland
Piti,,https://fbref.com/en/players/ab530738/Piti,21,8,2004-2005 to 2020-2021,Success,Not found,FW-MF,Not found,Not found
Pizzi,,https://fbref.com/en/players/96094cbc/Pizzi,32,8,2009-2010 to 2025-2026,Success,Estoril,FW-MF (AM-CM-WM),36-066d,Portugal
Portu,,https://fbref.com/en/players/1bda5842/Portu,30,5,2013-2014 to 2025-2026,Success,Girona,"FW-MF (AM-DM-WM, right)",33-204d,Spain
Przemysław Tytoń,,https://fbref.com/en/players/1fa85681/Przemyslaw-Tyton,28,9,2005-2006 to 2024-2025,Success,Twente,GK,38-341d,Poland
Quincy Owusu-Abeyie,,https://fbref.com/en/players/a1d1f404/Quincy-Owusu-Abeyie,18,10,2004-2005 to 2016-2017,Success,Not found,"FW-MF (WM, left & right)",Not found,Ghana gh  Other: Netherlands
Quini,,https://fbref.com/en/players/7a538238/Quini,24,5,2012-2013 to 2025-2026,Success,Atromitos,DF-MF (FB-WM),36-078d,Not found
Quique,,https://fbref.com/en/players/c966fce1/Quique,21,6,2014-2015 to 2024-2025,Success,Not found,FW-MF,Not found,Not found
Quique Rivero,,https://fbref.com/en/players/0204d102/Quique-Rivero,10,5,2011-2012 to 2022-2023,Success,Not found,MF,Not found,Not found
Raúl Albentosa,,https://fbref.com/en/players/348e4809/Raul-Albentosa,17,9,2009-2010 to 2023-2024,Success,Not found,"DF (CB, right)",Not found,Not found
Raúl Albiol,,https://fbref.com/en/players/4bd414c1/Raul-Albiol,54,6,2003-2004 to 2025-2026,Success,Pisa,"DF (CB, right)",40-098d,Spain
Raúl Baena,,https://fbref.com/en/players/df9c9276/Raul-Baena,14,5,2009-2010 to 2019-2020,Success,Not found,MF (DM),Not found,Spain
Raúl Bravo,,https://fbref.com/en/players/65b9e56b/Raul-Bravo,25,8,2001-2002 to 2015-2016,Success,Not found,DF,Not found,Spain
Raúl Domínguez,,https://fbref.com/en/players/cc2d9767/Raul-Dominguez,3,2,2010-2011 to 2016-2017,Success,Not found,GK,Not found,Not found
Raúl Fernández,,https://fbref.com/en/players/6fb59070/Raul-Fernandez,20,10,2010-2011 to 2025-2026,Success,Alavés,GK,37-273d,Not found
Raúl García,,https://fbref.com/en/players/1a317a1b/Raul-Garcia,24,7,2009-2010 to 2021-2022,Success,Not found,"DF (FB, left)",Not found,Not found
Raúl García,,https://fbref.com/en/players/b418dbd4/Raul-Garcia,46,3,2004-2005 to 2023-2024,Success,Not found,FW-MF (AM-DM),Not found,Spain
Raúl Goni,,https://fbref.com/en/players/03a4a101/Raul-Goni,6,3,2007-2008 to 2012-2013,Success,Not found,DF (CB),Not found,Spain
Raúl Jiménez,,https://fbref.com/en/players/b561db50/Raul-Jimenez,34,5,2011-2012 to 2025-2026,Success,Fulham,FW,34-220d,Mexico
Raúl Navas,,https://fbref.com/en/players/ad178594/Raul-Navas,18,8,2008-2009 to 2022-2023,Success,Not found,DF (CB),Not found,Not found
Raúl Rodríguez,,https://fbref.com/en/players/815a6c71/Raul-Rodriguez,8,2,2010-2011 to 2016,Success,Not found,DF (CB),Not found,Not found
Raúl Tamudo,,https://fbref.com/en/players/c026089c/Raul-Tamudo,23,5,1996-1997 to 2014-2015,Success,Not found,FW,Not found,Spain
Radamel Falcao,,https://fbref.com/en/players/66116290/Radamel-Falcao,42,8,2009-2010 to 2025,Success,Millonarios,FW,39-304d,Colombia
Rafa,,https://fbref.com/en/players/0b89dbcc/Rafa,22,7,2003-2004 to 2019-2020,Success,Not found,DF-MF (CB),Not found,Not found
Rafa Gálvez,,https://fbref.com/en/players/445ca2c1/Rafa-Galvez,12,6,2013-2014 to 2025-2026,Success,CD Ciudad de Lucena,DF-MF,32-205d,Not found
Rafa García,,https://fbref.com/en/players/bebdff6f/Rafa-Garcia,11,5,2009-2010 to 2016-2017,Success,Not found,MF,Not found,Not found
Rafa Jordà,,https://fbref.com/en/players/05e805eb/Rafa-Jorda,10,5,2004-2005 to 2017-2018,Success,Not found,FW,Not found,Not found
Rafael Martins,,https://fbref.com/en/players/b7e1c3b5/Rafael-Martins,13,5,2013-2014 to 2023-2024,Success,Leixões,FW,36-269d,Not found
Rafel Sastre,,https://fbref.com/en/players/477fc284/Rafel-Sastre,11,2,2001-2002 to 2011-2012,Success,Not found,"DF (FB, right)",Not found,Not found
Rafinha,,https://fbref.com/en/players/0c2ac3cb/Rafinha,34,6,2010-2011 to 2021-2022,Success,Not found,MF (AM),Not found,Brazil
Rafita,,https://fbref.com/en/players/631f177b/Rafita,10,6,2005-2006 to 2015-2016,Success,Not found,"DF (FB, right)",Not found,Not found
Răzvan Raț,,https://fbref.com/en/players/0a0ee36e/Razvan-Rat,32,6,2001-2002 to 2017-2018,Success,Not found,"DF (FB, left)",Not found,Romania
Ramón Arcas,,https://fbref.com/en/players/40fc30d6/Ramon-Arcas,5,4,2010-2011 to 2023-2024,Success,Not found,MF,Not found,Not found
Ramon Azeez,,https://fbref.com/en/players/0cc474e7/Ramon-Azeez,16,4,2012-2013 to 2020-2021,Success,Not found,MF (CM),Not found,Nigeria
Rúben Micael,,https://fbref.com/en/players/107c6fbd/Ruben-Micael,18,7,2008-2009 to 2020-2021,Success,Not found,MF (AM),Not found,Portugal
Rúben Vezo,,https://fbref.com/en/players/c67cd65c/Ruben-Vezo,29,6,2013-2014 to 2025-2026,Success,Olympiacos,DF (CB),31-230d,Portugal
Rúper,,https://fbref.com/en/players/570c4db3/Ruper,15,6,2008-2009 to 2018-2019,Success,Not found,MF (AM-DM),Not found,Not found
Raoul Loé,,https://fbref.com/en/players/afcf961b/Raoul-Loe,6,2,2011-2012 to 2017-2018,Success,Not found,MF (DM),Not found,Cameroon cm  Other: France
Raphaël Varane,,https://fbref.com/en/players/9f8e9423/Raphael-Varane,44,4,2010-2011 to 2024-2025,Success,Not found,"DF-MF (CB-DM, right)",Not found,France
Raul Rusescu,,https://fbref.com/en/players/7aa898b3/Raul-Rusescu,19,7,2008-2009 to 2020-2021,Success,Not found,FW-MF (AM),Not found,Romania
Rayco García Dauta,,https://fbref.com/en/players/018ce429/Rayco-Garcia-Dauta,11,7,2006-2007 to 2020-2021,Success,Not found,FW,Not found,Spain
Recio,,https://fbref.com/en/players/54073b28/Recio,21,4,2010-2011 to 2024-2025,Success,Málaga,MF (CM-DM),34-334d,Spain
Renato,,https://fbref.com/en/players/dc4d83fe/Renato,22,3,2004-2005 to 2018,Success,Not found,MF (AM-CM-DM),Not found,Brazil
Rene Krhin,,https://fbref.com/en/players/9a506145/Rene-Krhin,21,7,2009-2010 to 2021-2022,Success,Not found,FW-MF (CM-DM),Not found,Slovenia
Ricardo,,https://fbref.com/en/players/2fe713ed/Ricardo,16,5,1996-1997 to 2012-2013,Success,Not found,GK,Not found,Spain
Ricardo Carvalho,,https://fbref.com/en/players/57e7081e/Ricardo-Carvalho,32,6,2000-2001 to 2017,Success,Not found,DF (CB),Not found,Portugal
Ricardo Costa,,https://fbref.com/en/players/cd7325e1/Ricardo-Costa,34,9,2000-2001 to 2019-2020,Success,Not found,DF (CB),Not found,Portugal
Ricardo Horta,,https://fbref.com/en/players/6603fed7/Ricardo-Horta,26,3,2012-2013 to 2025-2026,Success,Braga,FW-MF (AM-WM),31-087d,Portugal
Ricardo León Brito,,https://fbref.com/en/players/186c0d18/Ricardo-Leon-Brito,11,2,2005-2006 to 2015-2016,Success,Not found,MF (CM),Not found,Not found
Richard Boateng,,https://fbref.com/en/players/788acb37/Richard-Boateng,9,4,2013-2014 to 2021-2022,Success,Not found,MF (DM),Not found,Not found
Richmond Boakye,,https://fbref.com/en/players/27f0fcda/Richmond-Boakye,23,10,2009-2010 to 2022-2023,Success,Not found,FW,Not found,Ghana
Riki,,https://fbref.com/en/players/ab21507f/Riki,13,3,2004-2005 to 2014-2015,Success,Not found,FW,Not found,Not found
Rober Correa,,https://fbref.com/en/players/46bd3a5b/Rober-Correa,21,7,2011-2012 to 2025-2026,Success,CD Extremadura,"DF (FB, right)",33-082d,Not found
Robert Acquafresca,,https://fbref.com/en/players/d2b115ae/Robert-Acquafresca,18,8,2005-2006 to 2018-2019,Success,Not found,FW,Not found,Italy
Robert Ibáñez,,https://fbref.com/en/players/c7429db3/Robert-Ibanez,26,8,2014-2015 to 2025-2026,Success,Eldense,"FW-MF (WM, right)",32-264d,Not found
Roberto,,https://fbref.com/en/players/95cf42ac/Roberto,20,4,2002-2003 to 2017-2018,Success,Not found,GK,Not found,Not found
Roberto,,https://fbref.com/en/players/ba3ca78f/Roberto,29,10,2005-2006 to 2021-2022,Success,Not found,GK,Not found,Spain
Roberto Canella,,https://fbref.com/en/players/18c74b8d/Roberto-Canella,21,3,2006-2007 to 2021-2022,Success,Not found,"DF (FB, left)",Not found,Spain
Roberto Chen,,https://fbref.com/en/players/55bff95f/Roberto-Chen,4,4,2013-2014 to 2016,Success,Not found,DF-MF (CB-CM),Not found,Panama
Roberto Lago,,https://fbref.com/en/players/98e0ad35/Roberto-Lago,12,3,2007-2008 to 2017-2018,Success,Not found,"DF-MF (FB-WM, left)",Not found,Not found
Roberto Rosales,,https://fbref.com/en/players/81069528/Roberto-Rosales,32,8,2007-2008 to 2025,Success,Deportivo Tachira,"DF-MF (CB-FB-WM, right)",37-021d,Venezuela
Roberto Soldado,,https://fbref.com/en/players/9d66fbe3/Roberto-Soldado,38,10,2005-2006 to 2022-2023,Success,Not found,FW,Not found,Spain
Roberto Torres,,https://fbref.com/en/players/d733aa38/Roberto-Torres,23,3,2011-2012 to 2023-2024,Success,Not found,"MF (WM, right)",Not found,Not found
Roberto Trashorras,,https://fbref.com/en/players/5252fdf5/Roberto-Trashorras,16,5,2001-2002 to 2017-2018,Success,Not found,MF (AM-CM-DM),Not found,Spain
Roderick Miranda,,https://fbref.com/en/players/390ab439/Roderick-Miranda,23,9,2009-2010 to 2025-2026,Success,Melbourne Victory,"DF (CB, left)",34-256d,Portugal
Rodolfo Bodipo,,https://fbref.com/en/players/6cf2bc0e/Rodolfo-Bodipo,15,6,2001-2002 to 2012-2013,Success,Not found,FW,Not found,Equatorial Guinea gq  Other: Spain
Rodri,,https://fbref.com/en/players/5200dce9/Rodri,22,14,2009-2010 to 2024-2025,Success,Not found,FW,Not found,Spain
Rodri,,https://fbref.com/en/players/7fa4aa89/Rodri,13,9,2004-2005 to 2015-2016,Success,Not found,DF (CB),Not found,Spain
Rodrigo,,https://fbref.com/en/players/1fb1c435/Rodrigo,35,4,2010-2011 to 2022-2023,Success,Al Rayyan,FW-MF,34-280d,Spain es  Other: Brazil
Rodrigo De Paul,,https://fbref.com/en/players/162efffd/Rodrigo-De-Paul,34,5,2014-2015 to 2025,Success,Inter Miami,FW-MF (CM-WM),31-201d,Argentina
Rodrigo Galatto,,https://fbref.com/en/players/a68754f0/Rodrigo-Galatto,6,4,2009-2010 to 2014,Success,Not found,GK,Not found,Not found
Roger Martí,,https://fbref.com/en/players/0ae4e09a/Roger-Marti,27,5,2011-2012 to 2025-2026,Success,Cádiz,FW,34-342d,Not found
Roland Lamah,,https://fbref.com/en/players/336a36fb/Roland-Lamah,17,9,2006-2007 to 2021,Success,Not found,"FW-MF (WM, left)",Not found,Belgium be  Other: Côte d'Ivoire
Romaric,,https://fbref.com/en/players/9bb5c5e0/Romaric,18,7,2003-2004 to 2016,Success,Not found,MF,Not found,Côte d'Ivoire
Roque Santa Cruz,,https://fbref.com/en/players/7f2107eb/Roque-Santa-Cruz,50,8,1999-2000 to 2025,Success,Libertad,FW,44-117d,Paraguay
Rovérsio,,https://fbref.com/en/players/ba50a22c/Roversio,15,7,2002-2003 to 2016,Success,Not found,DF (CB),Not found,Not found
Royston Drenthe,,https://fbref.com/en/players/3d512ff2/Royston-Drenthe,17,9,2005-2006 to 2018-2019,Success,Not found,"DF-MF (DM-FB-WM, left)",Not found,Netherlands
Rubén,,https://fbref.com/en/players/24279b8b/Ruben,16,9,2004-2005 to 2020-2021,Success,Not found,GK,Not found,Spain
Rubén,,https://fbref.com/en/players/d0c06281/Ruben,20,10,2000-2001 to 2016,Success,Not found,DF (CB),Not found,Spain
Rubén Blanco,,https://fbref.com/en/players/967f34d3/Ruben-Blanco,18,2,2012-2013 to 2023-2024,Success,Not found,GK,Not found,Spain
Rubén Castro,,https://fbref.com/en/players/d109f62b/Ruben-Castro,32,10,2000-2001 to 2022-2023,Success,Not found,FW-MF (WM),Not found,Spain
Rubén Duarte,,https://fbref.com/en/players/1fe0492d/Ruben-Duarte,24,3,2014-2015 to 2025-2026,Success,Pumas UNAM,"DF (CB-FB, left)",30-054d,Spain
Rubén García,,https://fbref.com/en/players/5c96b017/Ruben-Garcia,27,3,2012-2013 to 2025-2026,Success,Osasuna,FW-MF (AM-WM),32-150d,Spain
Rubén Miño,,https://fbref.com/en/players/60afe7a3/Ruben-Mino,10,6,2010-2011 to 2021-2022,Success,Not found,GK,Not found,Spain
Rubén Pérez,,https://fbref.com/en/players/3c7bc9bd/Ruben-Perez,23,10,2009-2010 to 2025-2026,Success,AO Kifisia,MF (CM-DM),36-229d,Spain
Rubén Pardo,,https://fbref.com/en/players/2306bfde/Ruben-Pardo,29,5,2011-2012 to 2024-2025,Success,Not found,MF (CM),Not found,Spain
Rubén Peña,,https://fbref.com/en/players/1f079188/Ruben-Pena,28,5,2012-2013 to 2025-2026,Success,Leganés,"DF-MF (FB-WM, right)",34-146d,Not found
Rubén Ramiro,,https://fbref.com/en/players/9de36b0a/Ruben-Ramiro,2,1,2012-2013 to 2013-2014,Success,Not found,FW,Not found,Not found
Rubén Rochina,,https://fbref.com/en/players/ecd8c01e/Ruben-Rochina,22,7,2010-2011 to 2022-2023,Success,Not found,FW-MF,Not found,Spain
Rubén Suárez,,https://fbref.com/en/players/addc6eca/Ruben-Suarez,14,6,2002-2003 to 2015-2016,Success,Not found,"MF (AM-WM, right)",Not found,Spain
Rui Fonte,,https://fbref.com/en/players/6ff8ef56/Rui-Fonte,25,9,2008-2009 to 2022-2023,Success,Paços de Ferreira,FW-MF (WM),35-232d,Portugal
Ruud van Nistelrooy,,https://fbref.com/en/players/80a30989/Ruud-van-Nistelrooy,25,6,1998-1999 to 2011-2012,Success,Not found,FW,Not found,Netherlands
Ryder Matos,,https://fbref.com/en/players/7280b54f/Ryder-Matos,22,9,2013-2014 to 2022-2023,Success,Perugia,FW-MF (WM),32-287d,Brazil
Sérgio Pinto,,https://fbref.com/en/players/85ecb7ea/Sergio-Pinto,19,5,1999-2000 to 2014-2015,Success,Not found,FW-MF (CM-WM),Not found,Not found
Saïd Boutahar,,https://fbref.com/en/players/2a33b1a7/Said-Boutahar,11,6,2001-2002 to 2010-2011,Success,Not found,"MF (WM, left)",Not found,Not found
Saúl,,https://fbref.com/en/players/a4a317b2/Saul,9,6,2005-2006 to 2012-2013,Success,Not found,"MF (WM, right)",Not found,Spain
Saúl Ñíguez,,https://fbref.com/en/players/c14bc029/Saul-Niguez,45,5,2011-2012 to 2025,Success,Flamengo,"DF-MF (CM-DM-WM, left)",31-020d,Spain
Saúl Berjón,,https://fbref.com/en/players/59e3e14b/Saul-Berjon,19,8,2008-2009 to 2022-2023,Success,Not found,"FW-MF (AM, left)",Not found,Not found
Salomón Rondón,,https://fbref.com/en/players/b318a643/Salomon-Rondon,43,13,2008-2009 to 2025-2026,Success,Oviedo,FW,36-086d,Venezuela
Salva Sevilla,,https://fbref.com/en/players/75bd85ea/Salva-Sevilla,26,8,2003-2004 to 2023-2024,Success,Not found,MF (AM-CM-DM),Not found,Not found
Salvador Agra,,https://fbref.com/en/players/a130741a/Salvador-Agra,19,12,2011-2012 to 2024-2025,Success,Leixões,FW-MF (AM),34-030d,Portugal
Sílvio,,https://fbref.com/en/players/ec6e2549/Silvio,23,8,2008-2009 to 2021-2022,Success,Not found,DF (FB),Not found,Portugal
Sami Khedira,,https://fbref.com/en/players/38ac43d3/Sami-Khedira,37,4,2006-2007 to 2020-2021,Success,Not found,MF (CM-DM),Not found,Germany
Sammir,,https://fbref.com/en/players/4ba410e6/Sammir,24,7,2007-2008 to 2020-2021,Success,Not found,FW-MF (AM),Not found,Croatia hr  Other: Brazil
Samu Castillejo,,https://fbref.com/en/players/130a7a3f/Samu-Castillejo,26,5,2014-2015 to 2023-2024,Success,Johor Darul Ta'zim FC,"FW-MF (AM-WM, right)",30-327d,Spain
Samu García,,https://fbref.com/en/players/5f7db81a/Samu-Garcia,12,5,2013-2014 to 2018-2019,Success,Not found,FW-MF (WM),Not found,Not found
Samu Martínez,,https://fbref.com/en/players/3c0bf2d6/Samu-Martinez,6,3,2013-2014 to 2025-2026,Success,CD Cieza,MF,31-240d,Not found
Samuel Llorca,,https://fbref.com/en/players/9c3d54f0/Samuel-Llorca,14,6,2006-2007 to 2017-2018,Success,Not found,DF (CB),Not found,Not found
Samuel Sáiz,,https://fbref.com/en/players/13e0eb29/Samuel-Saiz,24,6,2011-2012 to 2025-2026,Success,Eyüpspor,FW-MF (AM),34-323d,Spain
Samuele Longo,,https://fbref.com/en/players/1163de29/Samuele-Longo,28,16,2011-2012 to 2023-2024,Success,Not found,FW,33-333d,Italy
Sandro Ramírez,,https://fbref.com/en/players/833fb62e/Sandro-Ramirez,32,10,2013-2014 to 2024-2025,Success,Las Palmas,FW-MF,30-155d,Spain
Sandro Silva,,https://fbref.com/en/players/83348963/Sandro-Silva,1,1,2010-2011 to 2010-2011,Success,Not found,MF (DM),Not found,Not found
Santi Cazorla,,https://fbref.com/en/players/e2e9c250/Santi-Cazorla,37,5,2003-2004 to 2025-2026,Success,Oviedo,MF (AM-WM),40-363d,Spain
Santi Mina,,https://fbref.com/en/players/0b90bb97/Santi-Mina,22,3,2012-2013 to 2022-2023,Success,Not found,FW,Not found,Spain
Santiago Acasiete,,https://fbref.com/en/players/39168d69/Santiago-Acasiete,8,1,2004-2005 to 2011-2012,Success,Not found,"DF (CB-FB, left)",Not found,Peru
Seba Fernández,,https://fbref.com/en/players/8ea14d54/Seba-Fernandez,29,5,2010-2011 to 2025,Success,Danubio,FW,40-202d,Uruguay
Sebastián Cristóforo,,https://fbref.com/en/players/3c05c659/Sebastian-Cristoforo,29,8,2013-2014 to 2025,Success,Central Córdoba de Santiago del Estero,MF (CM),32-110d,Uruguay
Sebastián Dubarbier,,https://fbref.com/en/players/83877c7c/Sebastian-Dubarbier,25,8,2007-2008 to 2019-2020,Success,Not found,"DF-FW-MF (FB-WM, left)",Not found,Not found
Sebastián Eguren,,https://fbref.com/en/players/de07ca1e/Sebastian-Eguren,17,8,2005 to 2016,Success,Not found,MF (DM),Not found,Uruguay
Sendoa Agirre,,https://fbref.com/en/players/0437c448/Sendoa-Agirre,5,1,2006-2007 to 2010-2011,Success,Not found,MF (AM),Not found,Not found
Sergi Darder,,https://fbref.com/en/players/070a3904/Sergi-Darder,33,4,2013-2014 to 2025-2026,Success,Mallorca,MF (AM-CM-WM),31-354d,Spain
Sergi Enrich,,https://fbref.com/en/players/bb4b1242/Sergi-Enrich,30,10,2009-2010 to 2025-2026,Success,Huesca,FW-MF,35-288d,Spain
Sergi Gómez,,https://fbref.com/en/players/bc6f5f06/Sergi-Gomez,33,5,2010-2011 to 2025-2026,Success,Alverca,DF (CB),33-258d,Spain
Sergi Roberto,,https://fbref.com/en/players/335fa267/Sergi-Roberto,51,3,2010-2011 to 2025-2026,Success,Como,"DF-MF (AM-CM-FB, right)",33-307d,Spain
Sergio,,https://fbref.com/en/players/6c6e9460/Sergio,5,3,2010-2011 to 2015-2016,Success,Not found,MF (WM),Not found,Not found
Sergio,,https://fbref.com/en/players/7688c579/Sergio,22,4,1995-1996 to 2012-2013,Success,Not found,DF (CB),Not found,Spain
Sergio,,https://fbref.com/en/players/c6ed9815/Sergio,21,3,1995-1996 to 2010-2011,Success,Not found,MF,Not found,Spain
Sergio Álvarez,,https://fbref.com/en/players/8875b8c9/Sergio-Alvarez,16,1,2010-2011 to 2019-2020,Success,Not found,GK,Not found,Not found
Sergio Álvarez,,https://fbref.com/en/players/88d91621/Sergio-Alvarez,25,2,2009-2010 to 2025-2026,Success,Eibar,DF-MF (CM-DM),33-322d,Spain
Sergio Abad Beyxer,,https://fbref.com/en/players/30f729b3/Sergio-Abad-Beyxer,1,1,2010-2011 to 2010-2011,Success,Not found,MF (WM),Not found,Not found
Sergio Agüero,,https://fbref.com/en/players/4d034881/Sergio-Aguero,49,3,2006-2007 to 2021-2022,Success,Not found,FW,Not found,Argentina
Sergio Asenjo,,https://fbref.com/en/players/9f0ea33f/Sergio-Asenjo,31,4,2007-2008 to 2022-2023,Success,Not found,GK,Not found,Spain
Sergio Ballesteros,,https://fbref.com/en/players/29863c56/Sergio-Ballesteros,21,5,1995-1996 to 2012-2013,Success,Not found,DF (CB),Not found,Spain
Sergio Busquets,,https://fbref.com/en/players/5ab0ea87/Sergio-Busquets,60,2,2008-2009 to 2025,Success,Inter Miami,MF (CM-DM),37-148d,Spain
Sergio Canales,,https://fbref.com/en/players/a6de370d/Sergio-Canales,44,6,2008-2009 to 2025-2026,Success,Monterrey,FW-MF (AM-CM),34-298d,Spain
Sergio Escudero,,https://fbref.com/en/players/b0616e3d/Sergio-Escudero,41,7,2008-2009 to 2025-2026,Success,Deportivo La Coruña,"DF-MF (FB, left)",36-100d,Not found
Sergio García,,https://fbref.com/en/players/2bee98fd/Sergio-Garcia,20,5,2002-2003 to 2018-2019,Success,Not found,FW-MF (WM),Not found,Spain
Sergio Mantecón,,https://fbref.com/en/players/71eaddb6/Sergio-Mantecon,13,5,2001-2002 to 2016-2017,Success,Not found,MF (DM),Not found,Not found
Sergio Marcos,,https://fbref.com/en/players/e331be23/Sergio-Marcos,13,6,2014-2015 to 2025-2026,Success,RSD Alcalá,MF,33-311d,Not found
Sergio Matabuena,,https://fbref.com/en/players/93faf8c3/Sergio-Matabuena,10,3,2002-2003 to 2010-2011,Success,Not found,MF (DM),Not found,Not found
Sergio Pelegrín,,https://fbref.com/en/players/e360782f/Sergio-Pelegrin,13,4,2007-2008 to 2016-2017,Success,Not found,DF (CB),Not found,Spain
Sergio Ramos,,https://fbref.com/en/players/08511d65/Sergio-Ramos,62,4,2003-2004 to 2025-2026,Success,Monterrey,DF (CB-FB),39-256d,Spain
Sergio Rico,,https://fbref.com/en/players/5f0241b2/Sergio-Rico,25,4,2014-2015 to 2021-2022,Success,Al Gharrafa,GK,32-101d,Spain
Sergio Sánchez,,https://fbref.com/en/players/83a83b0a/Sergio-Sanchez,26,9,2004-2005 to 2019-2020,Success,Not found,DF (CB),Not found,Spain
Sergio Tejera,,https://fbref.com/en/players/3d5734ef/Sergio-Tejera,21,8,2010-2011 to 2025-2026,Success,Racing Ferrol,MF (CM-DM-WM),35-197d,Spain
Seydou Keita,,https://fbref.com/en/players/500c4e9b/Seydou-Keita,31,7,1999-2000 to 2015-2016,Success,Not found,MF,Not found,Mali
Shkodran Mustafi,,https://fbref.com/en/players/3f2d59fe/Shkodran-Mustafi,32,6,2009-2010 to 2022-2023,Success,Not found,"DF (CB, right)",Not found,Germany
Sidnei,,https://fbref.com/en/players/b14d0c5d/Sidnei,27,8,2008-2009 to 2023,Success,Not found,"DF (CB, left)",36-110d,Brazil
Simão Mate Junior,,https://fbref.com/en/players/68723d1f/Simao-Mate-Junior,19,4,2007-2008 to 2021,Success,Not found,DF-MF (DM),Not found,Mozambique
Simão Sabrosa,,https://fbref.com/en/players/76a65612/Simao-Sabrosa,33,7,1997-1998 to 2015,Success,Not found,MF (AM-WM),Not found,Portugal
Sisi,,https://fbref.com/en/players/add7ec92/Sisi,16,9,2005-2006 to 2020,Success,Not found,"FW-MF (WM, right)",Not found,Spain
Sofiane Feghouli,,https://fbref.com/en/players/691f64f5/Sofiane-Feghouli,31,6,2008-2009 to 2023-2024,Success,Not found,"FW-MF (AM-WM, right)",Not found,Algeria dz  Other: France
Stéphane Mbia,,https://fbref.com/en/players/c39d9657/Stephane-Mbia,30,10,2004-2005 to 2021-2022,Success,Not found,DF-MF (CB-DM),Not found,Cameroon
Stefan Babović,,https://fbref.com/en/players/efb3ce2a/Stefan-Babovic,14,5,2004-2005 to 2015-2016,Success,Not found,MF (AM-WM),Not found,Serbia rs  Other: Montenegro
Stephan Andersen,,https://fbref.com/en/players/314c2af0/Stephan-Andersen,23,7,2003-2004 to 2018-2019,Success,Not found,GK,Not found,Denmark
Stole Dimitrievski,,https://fbref.com/en/players/fc70e345/Stole-Dimitrievski,16,4,2014-2015 to 2025-2026,Success,Valencia,GK,31-351d,North Macedonia
Sulayman Marreh,,https://fbref.com/en/players/44b49036/Sulayman-Marreh,15,6,2014-2015 to 2023-2024,Success,Not found,DF-MF (CB-DM),Not found,Gambia
Suso,,https://fbref.com/en/players/4e219ad2/Suso,41,6,2012-2013 to 2025-2026,Success,Cádiz,"FW-MF (AM, right)",32-022d,Spain
Tarsicio Aguado,,https://fbref.com/en/players/345ebb78/Tarsicio-Aguado,6,2,2012-2013 to 2021-2022,Success,Not found,MF,Not found,Not found
Tato,,https://fbref.com/en/players/03c45164/Tato,2,2,2010-2011 to 2021,Success,Not found,MF,Not found,Not found
Teerasil Dangda,,https://fbref.com/en/players/2e3697ce/Teerasil-Dangda,4,3,2014-2015 to 2020,Success,Bangkok United FC,FW,37-188d,Thailand
Theo Bongonda,,https://fbref.com/en/players/0da6a13e/Theo-Bongonda,22,6,2013-2014 to 2025-2026,Success,Spartak Moscow,FW-MF (AM),30-021d,Congo DR cd  Other: Belgium
Theofanis Gekas,,https://fbref.com/en/players/244bc211/Theofanis-Gekas,27,13,2002-2003 to 2016-2017,Success,Not found,FW,Not found,Greece
Thiago Alcántara,,https://fbref.com/en/players/77e84962/Thiago-Alcantara,45,4,2008-2009 to 2023-2024,Success,Not found,MF (CM-DM-WM),Not found,Spain es  Other: Italy
Thibaut Courtois,,https://fbref.com/en/players/1840e36d/Thibaut-Courtois,49,4,2008-2009 to 2025-2026,Success,Real Madrid,GK,33-214d,Belgium
Thievy Bifouma,,https://fbref.com/en/players/5978dc3c/Thievy-Bifouma,25,16,2010-2011 to 2025-2026,Success,Perspolis,FW-MF (AM),33-212d,Congo cg  Other: France
Thomas Partey,,https://fbref.com/en/players/529f49ab/Thomas-Partey,41,5,2013-2014 to 2025-2026,Success,Villarreal,DF-MF (CM-DM),32-181d,Ghana
Thomas Vermaelen,,https://fbref.com/en/players/d0d79694/Thomas-Vermaelen,37,6,2003-2004 to 2021,Success,Not found,"DF (CB, left)",Not found,Belgium
Tiago Gomes,,https://fbref.com/en/players/bd7fd1b5/Tiago-Gomes,10,5,2006-2007 to 2014-2015,Success,Not found,MF (CM),Not found,Portugal
Tiago Ilori,,https://fbref.com/en/players/a64b4786/Tiago-Ilori,26,9,2011-2012 to 2022-2023,Success,FC Dila Gori,DF (CB),32-288d,Portugal pt  Other: England
Tiago Mendes,,https://fbref.com/en/players/5e0f7b89/Tiago-Mendes,33,6,2000-2001 to 2016-2017,Success,Not found,MF (CM),Not found,Portugal
Tiago Pinto,,https://fbref.com/en/players/e7bfde19/Tiago-Pinto,15,6,2008-2009 to 2020-2021,Success,Not found,"DF (FB, left)",Not found,Portugal
Tiberio Guarente,,https://fbref.com/en/players/f5b9b859/Tiberio-Guarente,14,7,2004-2005 to 2014-2015,Success,Not found,MF (CM),Not found,Italy
Timothée Kolodziejczak,,https://fbref.com/en/players/ab096c6f/Timothee-Kolodziejczak,41,8,2008-2009 to 2025-2026,Success,Paris FC,"DF (CB-FB, left)",34-071d,France
Tino Costa,,https://fbref.com/en/players/8f747a86/Tino-Costa,25,10,2009-2010 to 2023-2024,Success,Not found,MF (AM),Not found,Argentina
Tito,,https://fbref.com/en/players/7cefa219/Tito,17,3,2009-2010 to 2019-2020,Success,Not found,"DF (FB, right)",Not found,Not found
Toño,,https://fbref.com/en/players/2ed4ea81/Tono,16,5,2003-2004 to 2016-2017,Success,Not found,GK,Not found,Not found
Toby Alderweireld,,https://fbref.com/en/players/f7d50789/Toby-Alderweireld,45,5,2008-2009 to 2024-2025,Success,Not found,DF (CB-FB),Not found,Belgium
Toché,,https://fbref.com/en/players/64e35e11/Toche,22,9,2003-2004 to 2018-2019,Success,Not found,FW,Not found,Spain
Tomáš Ujfaluši,,https://fbref.com/en/players/37d34e0a/Tomas-Ujfalusi,21,5,1998-1999 to 2012-2013,Success,Not found,DF (CB),Not found,Czech Republic
Tomás Mejías,,https://fbref.com/en/players/dc0c0fd9/Tomas-Mejias,12,7,2010-2011 to 2023-2024,Success,Not found,GK,Not found,Spain
Tomás Pina Isla,,https://fbref.com/en/players/e54bd0a2/Tomas-Pina-Isla,23,6,2009-2010 to 2023-2024,Success,Not found,MF (CM-DM),Not found,Not found
Tomer Hemed,,https://fbref.com/en/players/27d7453c/Tomer-Hemed,21,9,2006-2007 to 2022-2023,Success,Not found,FW,Not found,Israel
Tomislav Dujmović,,https://fbref.com/en/players/1bd0a8fe/Tomislav-Dujmovic,11,6,2006 to 2014-2015,Success,Not found,MF (CM-DM),Not found,Croatia
Toni Doblas,,https://fbref.com/en/players/d5c35223/Toni-Doblas,16,7,2003-2004 to 2016,Success,Not found,GK,Not found,Not found
Toni Dovale,,https://fbref.com/en/players/d4b9adcf/Toni-Dovale,15,9,2009-2010 to 2022-2023,Success,Not found,DF-MF (AM-WM),Not found,Not found
Toni Kroos,,https://fbref.com/en/players/6ce1f46f/Toni-Kroos,54,3,2007-2008 to 2023-2024,Success,Not found,"MF (AM-CM-DM-WM, left)",Not found,Germany
Tote,,https://fbref.com/en/players/e3e74421/Tote,16,6,1998-1999 to 2011-2012,Success,Not found,FW-MF (AM),Not found,Not found
Tropi,,https://fbref.com/en/players/50f1ed37/Tropi,13,5,2014-2015 to 2024-2025,Success,Not found,MF (DM),Not found,Not found
Tsepo Masilela,,https://fbref.com/en/players/e1812ff9/Tsepo-Masilela,8,4,2009-2010 to 2021-2022,Success,Not found,"DF (FB, left)",Not found,South Africa
Txema Añibarro,,https://fbref.com/en/players/34b0ee60/Txema-Anibarro,4,1,2008-2009 to 2014-2015,Success,Not found,DF-MF (DM),Not found,Not found
Uche Henry Agbo,,https://fbref.com/en/players/98554bfd/Uche-Henry-Agbo,17,6,2014-2015 to 2023-2024,Success,FC Aktobe,MF (AM-DM),30-007d,Nigeria
Unai Alba,,https://fbref.com/en/players/40e34fb7/Unai-Alba,3,1,2007-2008 to 2010-2011,Success,Not found,GK,Not found,Not found
Unai Albizua,,https://fbref.com/en/players/4a2e58a3/Unai-Albizua,11,6,2013-2014 to 2021-2022,Success,Not found,DF (CB),Not found,Not found
Unai Bustinza,,https://fbref.com/en/players/f3112790/Unai-Bustinza,21,4,2014-2015 to 2023-2024,Success,Not found,"DF (CB-FB, right)",Not found,Not found
Unai García,,https://fbref.com/en/players/4a633cfe/Unai-Garcia,23,2,2012-2013 to 2025-2026,Success,Panetolikos,"DF (CB, right)",33-311d,Not found
Unai López,,https://fbref.com/en/players/88050721/Unai-Lopez,26,4,2014-2015 to 2025-2026,Success,Rayo Vallecano,MF (CM-DM),30-042d,Spain
Urko Vera,,https://fbref.com/en/players/d8cf0115/Urko-Vera,20,13,2010-2011 to 2020-2021,Success,Not found,FW,Not found,Not found
Ustaritz,,https://fbref.com/en/players/49f85a05/Ustaritz,11,4,2005-2006 to 2014-2015,Success,Not found,DF (CB),Not found,Not found
Víctor Álvarez,,https://fbref.com/en/players/563f3469/Victor-Alvarez,13,3,2010-2011 to 2023-2024,Success,Not found,"DF-MF (FB, left)",Not found,Spain
Víctor Camarasa,,https://fbref.com/en/players/b2d03887/Victor-Camarasa,21,8,2013-2014 to 2025-2026,Success,Debrecen,MF (CM),31-197d,Spain
Víctor Casadesús,,https://fbref.com/en/players/73cd0a2a/Victor-Casadesus,22,7,2004-2005 to 2020-2021,Success,Not found,FW,Not found,Spain
Víctor Pérez,,https://fbref.com/en/players/5918a484/Victor-Perez,14,8,2009-2010 to 2019-2020,Success,Not found,MF (DM),Not found,Not found
Víctor Rodríguez,,https://fbref.com/en/players/15781606/Victor-Rodriguez,17,7,2012-2013 to 2023-2024,Success,Not found,"FW-MF (AM-WM, left)",Not found,Not found
Víctor Ruiz,,https://fbref.com/en/players/b3dc6eca/Victor-Ruiz,38,6,2009-2010 to 2023-2024,Success,Not found,"DF-MF (CB-DM, left)",Not found,Spain
Víctor Sánchez,,https://fbref.com/en/players/ad4d0985/Victor-Sanchez,0,0,,No career table,Not found,"DF-MF (CM-DM, right)",Not found,Not found
Víctor Valdés,,https://fbref.com/en/players/e029e404/Victor-Valdes,27,4,2002-2003 to 2016-2017,Success,Not found,GK,Not found,Spain
Vadim Demidov,,https://fbref.com/en/players/59f3b22d/Vadim-Demidov,16,8,2007-2008 to 2019,Success,Not found,DF-MF (CB-DM),Not found,Norway
Valdet Rama,,https://fbref.com/en/players/00b159ff/Valdet-Rama,15,8,2008-2009 to 2021-2022,Success,Not found,"FW-MF (AM-WM, left)",Not found,Albania al  Other: Kosovo
Valdo,,https://fbref.com/en/players/5d34e206/Valdo,20,9,2001-2002 to 2015,Success,Not found,FW-MF (AM-WM),Not found,Cape Verde cv  Other: Spain
Verza,,https://fbref.com/en/players/f972b073/Verza,23,7,2002-2003 to 2020-2021,Success,Not found,MF,Not found,Spain
Vicente Guaita,,https://fbref.com/en/players/ab13a5aa/Vicente-Guaita,26,6,2008-2009 to 2025-2026,Success,Parma,GK,38-335d,Not found
Vicente Iborra,,https://fbref.com/en/players/ad1ffcfd/Vicente-Iborra,45,5,2007-2008 to 2024-2025,Success,Not found,MF (AM-CM-DM),Not found,Not found
Vicente Rodríguez,,https://fbref.com/en/players/73b8c719/Vicente-Rodriguez,23,2,2000-2001 to 2012-2013,Success,Not found,"FW-MF (WM, left)",Not found,Spain
Vinícius Araújo,,https://fbref.com/en/players/5d6b9376/Vinicius-Araujo,18,11,2013-2014 to 2024,Success,Not found,FW,Not found,Brazil
Vitolo,,https://fbref.com/en/players/db750822/Vitolo,37,4,2010-2011 to 2022-2023,Success,Not found,FW-MF (AM-WM),Not found,Spain
Vitorino Antunes,,https://fbref.com/en/players/3e4f735d/Vitorino-Antunes,28,10,2006-2007 to 2022-2023,Success,Paços de Ferreira,"DF (CB-FB, left)",38-254d,Portugal
Vladimír Weiss,,https://fbref.com/en/players/1e17dfc7/Vladimir-Weiss,14,7,2008-2009 to 2025-2026,Success,ŠK Slovan Bratislava,FW-MF (WM),36-011d,Slovakia
Wakaso,,https://fbref.com/en/players/999908af/Wakaso,28,13,2008-2009 to 2023,Success,Not found,MF (AM-CM-WM),Not found,Ghana
Waldo Ponce,,https://fbref.com/en/players/d10210a7/Waldo-Ponce,8,5,2003-2004 to 2016-2017,Success,Not found,DF (CB),Not found,Chile
Walter Pandiani,,https://fbref.com/en/players/11899bb1/Walter-Pandiani,21,6,2000-2001 to 2012-2013,Success,Not found,FW,Not found,Uruguay
Weligton Oliveira,,https://fbref.com/en/players/ce8c6861/Weligton-Oliveira,16,3,2004-2005 to 2016-2017,Success,Not found,DF (CB),Not found,Not found
Wellington Silva,,https://fbref.com/en/players/5c60f49c/Wellington-Silva,20,12,2010-2011 to 2025,Success,Qingdao Jonoon,"FW-MF (AM-WM, left)",32-339d,Brazil
Welliton,,https://fbref.com/en/players/17082008/Welliton,16,6,2007 to 2022,Success,Not found,FW,Not found,Not found
Willian José,,https://fbref.com/en/players/d87e2cae/Willian-Jose,35,9,2013-2014 to 2025,Success,Bahia,FW,34-018d,Brazil
Willy Caballero,,https://fbref.com/en/players/a179d516/Willy-Caballero,39,5,2004-2005 to 2022-2023,Success,Not found,GK,Not found,Argentina
Xabi Alonso,,https://fbref.com/en/players/dc001a06/Xabi-Alonso,37,4,2000-2001 to 2016-2017,Success,Not found,MF (CM-DM),Not found,Spain
Xabi Irureta,,https://fbref.com/en/players/ad11657f/Xabi-Irureta,7,3,2008-2009 to 2017-2018,Success,Not found,GK,Not found,Not found
Xabi Prieto,,https://fbref.com/en/players/d054d8b0/Xabi-Prieto,21,1,2003-2004 to 2017-2018,Success,Not found,"MF (AM-CM-WM, right)",Not found,Spain
Xabier Castillo,,https://fbref.com/en/players/638dc43b/Xabier-Castillo,11,4,2006-2007 to 2014-2015,Success,Not found,"DF (FB, left)",Not found,Croatia hr  Other: Spain
Xabier Etxeita,,https://fbref.com/en/players/4a895384/Xabier-Etxeita,32,7,2008-2009 to 2023-2024,Success,Not found,DF (CB),Not found,Spain
Xavi,,https://fbref.com/en/players/c1b4188c/Xavi,37,1,1997-1998 to 2014-2015,Success,Not found,MF (CM),Not found,Spain
Xavi Annunziata,,https://fbref.com/en/players/e146dbda/Xavi-Annunziata,4,3,2010-2011 to 2016-2017,Success,Not found,FW-MF (WM),Not found,Not found
Xavi Torres,,https://fbref.com/en/players/1b51ad2f/Xavi-Torres,22,9,2008-2009 to 2022-2023,Success,Not found,DF-MF (CM-DM),Not found,Not found
Ximo Navarro,,https://fbref.com/en/players/8db394aa/Ximo-Navarro,22,8,2011-2012 to 2025-2026,Success,Deportivo La Coruña,"DF (CB-FB, right)",35-322d,Not found
Xisco,,https://fbref.com/en/players/d2790f7a/Xisco,26,9,2004-2005 to 2021-2022,Success,Not found,FW,Not found,Spain
Xisco,,https://fbref.com/en/players/efaaae13/Xisco,17,6,2001-2002 to 2015-2016,Success,Not found,"FW-MF (WM, left)",Not found,Spain
Xisco Nadal,,https://fbref.com/en/players/5dc11264/Xisco-Nadal,13,5,2002-2003 to 2010-2011,Success,Not found,FW-MF (WM),Not found,Spain
Yacine Brahimi,,https://fbref.com/en/players/56b5d64e/Yacine-Brahimi,17,4,2009-2010 to 2018-2019,Success,Al Gharrafa,"FW-MF (AM, left)",35-306d,Algeria dz  Other: France
Yoel,,https://fbref.com/en/players/61bb7498/Yoel,24,7,2009-2010 to 2024-2025,Success,Racing Ferrol,GK,37-105d,Spain
Yohan Mollo,,https://fbref.com/en/players/74950bcc/Yohan-Mollo,25,13,2008-2009 to 2024-2025,Success,Olympique Alès,"DF-FW-MF (AM-WM, left)",36-146d,France
Youssef El-Arabi,,https://fbref.com/en/players/c63f6e46/Youssef-El-Arabi,23,5,2008-2009 to 2025-2026,Success,Nantes,FW,38-311d,Morocco ma  Other: France
Yuri Berchiche,,https://fbref.com/en/players/b6e50615/Yuri-Berchiche,32,6,2008-2009 to 2025-2026,Success,Athletic Club,"DF (FB, left)",35-304d,Spain
Yves Desmarets,,https://fbref.com/en/players/edcacfba/Yves-Desmarets,5,2,2007-2008 to 2010-2011,Success,Not found,"MF (WM, left)",Not found,Haiti
Zé Castro,,https://fbref.com/en/players/ea2434db/Ze-Castro,19,4,2003-2004 to 2016-2017,Success,Not found,DF (CB),Not found,Portugal
Zakarya Bergdich,,https://fbref.com/en/players/833676b4/Zakarya-Bergdich,18,9,2010-2011 to 2020-2021,Success,Not found,"DF-MF (FB, left)",Not found,Morocco ma  Other: France
Zubi,,https://fbref.com/en/players/fa3d45ba/Zubi,1,1,2013-2014 to 2013-2014,Success,Not found,MF (WM),Not found,Not found
