player_name,player_url,status,name_home_country,dob_age,place_birth,height,citizenship,position,foot,debut_season,debut_age,first_club,debut_year,transfermarkt_id,transfermarkt_url
Charlie Adam,https://fbref.com/en/players/aff418dc/Charlie-Adam,Success,Not found,"December 10, 1985",Not found,185cm,Scotland sct,MF,Left,2003-2004,17 years,Rangers,2003,28990,https://www.transfermarkt.com/charlie-adam/profil/spieler/28990
Emmanuel Adebayor,https://fbref.com/en/players/936d9e3e/Emmanuel-Adebayor,Success,Not found,"February 26, 1984",Not found,191cm,Togo,FW,Right,2001-2002,17 years,Metz,2001,8883,https://www.transfermarkt.com/emmanuel-adebayor/profil/spieler/8883
Gabriel Agbonlahor,https://fbref.com/en/players/db80f5f1/Gabriel-Agbonlahor,Success,Not found,"October 13, 1986",Not found,180cm,England eng,FW-MF (WM),Right,2005-2006,18 years,Sheffield Weds,2005,37148,https://www.transfermarkt.com/gabriel-agbonlahor/profil/spieler/37148
Daniel Agger,https://fbref.com/en/players/f1ea4af0/Daniel-Agger,Success,Not found,"December 12, 1984",Not found,191cm,Denmark,DF (CB),Left,2004-2005,19 years,Brøndby,2004,22832,https://www.transfermarkt.com/daniel-agger/profil/spieler/22832
Yakubu Aiyegbeni,https://fbref.com/en/players/a1fe3f62/Yakubu-Aiyegbeni,Success,Not found,"November 22, 1982",Not found,183cm,Nigeria,FW,Both,2002-2003,19 years,Portsmouth,2002,8559,https://www.transfermarkt.com/yakubu-aiyegbeni/profil/spieler/8559
Marc Albrighton,https://fbref.com/en/players/b827d5b3/Marc-Albrighton,Success,Not found,"November 18, 1989",Not found,175cm,England eng,DF-FW-MF (AM-WM),Right,2009-2010,19 years,Aston Villa,2009,61560,https://www.transfermarkt.com/marc-albrighton/profil/spieler/61560
Antolín Alcaraz,https://fbref.com/en/players/cee38e27/Antolin-Alcaraz,Success,Not found,"July 30, 1982",Not found,185cm,Paraguay,"DF (CB, left)",Right,2002-2003,20 years,Beira-Mar,2002,14259,https://www.transfermarkt.com/antoln-alcaraz/profil/spieler/14259
Alex,https://fbref.com/en/players/350188c1/Alexandre-Bonnet,Success,Not found,"October 17, 1986",Not found,173cm,France,MF (AM),Left,2005-2006,18 years,Toulouse,2005,349066,https://www.transfermarkt.com/alex/profil/spieler/349066
Manuel Almunia,https://fbref.com/en/players/9f6b2f8c/Manuel-Almunia,Success,Not found,"May 19, 1977",Not found,191cm,Not found,GK,Not found,2001-2002,24 years,Eibar,2001,16621,https://www.transfermarkt.com/manuel-almunia/profil/spieler/16621
Marcos Alonso,https://fbref.com/en/players/06b1b4a2/Marcos-Alonso-Pena,Success,Not found,"October 1, 1959",Not found,176cm,Spain,"FW-MF (WM, right)",Not found,1988-1989,28 years,Atlético Madrid,1988,112515,https://www.transfermarkt.com/marcos-alonso/profil/spieler/112515
Sammy Ameobi,https://fbref.com/en/players/acd61628/Sammy-Ameobi,Success,Not found,"May 1, 1992",Not found,192cm,England eng,FW-MF (AM-WM),Left,2010-2011,18 years,Newcastle Utd,2010,92381,https://www.transfermarkt.com/sammy-ameobi/profil/spieler/92381
Shola Ameobi,https://fbref.com/en/players/e79a368b/Shola-Ameobi,Success,Not found,"October 12, 1981",Not found,191cm,Nigeria ng  Other: England,FW,Both,2000-2001,18 years,Newcastle Utd,2000,3276,https://www.transfermarkt.com/shola-ameobi/profil/spieler/3276
Anderson,https://fbref.com/en/players/b3ab8f5c/Paul-Anderson,Success,Not found,"July 23, 1988",Not found,175cm,England eng,MF (WM),Both,2007-2008,19 years,Swansea City,2007,8564,https://www.transfermarkt.com/anderson/profil/spieler/8564
Keith Andrews,https://fbref.com/en/players/5bca867f/Keith-Andrews,Success,Not found,"September 13, 1980",Not found,183cm,Republic of Ireland,MF (DM),Not found,2001-2002,20 years,Wolves,2001,8035,https://www.transfermarkt.com/keith-andrews/profil/spieler/8035
Nicolas Anelka,https://fbref.com/en/players/931ed5e9/Nicolas-Anelka,Success,Not found,"March 14, 1979",Not found,186cm,France,FW,Right,1995-1996,16 years,Paris S-G,1995,3226,https://www.transfermarkt.com/nicolas-anelka/profil/spieler/3226
Marcos Angeleri,https://fbref.com/en/players/f1c9c320/Marcos-Angeleri,Success,Not found,"April 7, 1983",Not found,182cm,Argentina,"DF (CB-FB, right)",Right,2010-2011,27 years,Sunderland,2010,27448,https://www.transfermarkt.com/marcos-angeleri/profil/spieler/27448
Victor Anichebe,https://fbref.com/en/players/4aed5c19/Victor-Anichebe,Success,Not found,"April 23, 1988",Not found,185cm,Nigeria,FW,Right,2005-2006,17 years,Everton,2005,39532,https://www.transfermarkt.com/victor-anichebe/profil/spieler/39532
Andrey Arshavin,https://fbref.com/en/players/8fd1ea1f/Andrey-Arshavin,Success,Not found,"May 29, 1981",Not found,172cm,Russia,"FW-MF (AM-WM, left)",Not found,2001,19 years,Zenit,Not found,15378,https://www.transfermarkt.com/andrey-arshavin/profil/spieler/15378
Mikel Arteta,https://fbref.com/en/players/d934d1e6/Mikel-Arteta,Success,Not found,"March 26, 1982",Not found,177cm,Spain,MF,Right,2000-2001,18 years,Paris S-G,2000,7451,https://www.transfermarkt.com/mikel-arteta/profil/spieler/7451
Benoît Assou-Ekotto,https://fbref.com/en/players/a557e6b0/Benoit-Assou-Ekotto,Success,Not found,"March 24, 1984",Not found,178cm,Cameroon cm  Other: France,"DF (FB, left)",Left,2003-2004,19 years,Lens,2003,18310,https://www.transfermarkt.com/benot-assou-ekotto/profil/spieler/18310
Fábio Aurélio,https://fbref.com/en/players/68f0ce09/Fabio-Aurelio,Success,Not found,"September 24, 1979",Not found,173cm,Brazil,"DF-MF (FB-WM, left)",Not found,2000-2001,20 years,Valencia,2000,7570,https://www.transfermarkt.com/fbio-aurlio/profil/spieler/7570
Demba Ba,https://fbref.com/en/players/8b683d09/Demba-Ba,Success,Not found,"May 25, 1985",Not found,189cm,Senegal sn  Other: France,FW,Right,2006-2007,21 years,Mouscron,2006,40205,https://www.transfermarkt.com/demba-ba/profil/spieler/40205
Ryan Babel,https://fbref.com/en/players/6438d426/Ryan-Babel,Success,Not found,"December 19, 1986",Not found,185cm,Netherlands,"FW-MF (AM-WM, left)",Right,2003-2004,16 years,Ajax,2003,16135,https://www.transfermarkt.com/ryan-babel/profil/spieler/16135
Leighton Baines,https://fbref.com/en/players/b18095b6/Leighton-Baines,Success,Not found,"December 11, 1984",Not found,170cm,England eng,"DF (FB, left)",Left,2002-2003,17 years,Wigan Athletic,2002,13507,https://www.transfermarkt.com/leighton-baines/profil/spieler/13507
Chris Baird,https://fbref.com/en/players/55fd8c81/Chris-Baird,Success,Not found,"February 25, 1982",Not found,179cm,Northern Ireland nir,DF-MF (CB-FB),Right,2002-2003,20 years,Southampton,2002,4115,https://www.transfermarkt.com/chris-baird/profil/spieler/4115
Nathan Baker,https://fbref.com/en/players/b18af9e3/Nathan-Baker,Success,Not found,"April 23, 1991",Not found,191cm,England eng,"DF (CB-FB, left)",Left,2009-2010,18 years,Lincoln City,2009,62638,https://www.transfermarkt.com/nathan-baker/profil/spieler/62638
Gareth Bale,https://fbref.com/en/players/a58bb1e1/Gareth-Bale,Success,Not found,"July 16, 1989",Not found,185cm,Wales wls,FW-MF (AM-WM),Left,2005-2006,16 years,Southampton,2005,39381,https://www.transfermarkt.com/gareth-bale/profil/spieler/39381
Mario Balotelli,https://fbref.com/en/players/8ff07990/Mario-Balotelli,Success,Not found,"August 12, 1990",Not found,189cm,Italy,FW,Right,2007-2008,16 years,Inter,2007,45146,https://www.transfermarkt.com/mario-balotelli/profil/spieler/45146
Barry Bannan,https://fbref.com/en/players/9469fb13/Barry-Bannan,Success,Not found,"December 1, 1989 (Age: 35-359d)","Airdrie, Scotland, United Kingdom",169cm,Scotland sct,"MF (AM-CM-DM, left)",Left,2008-2009,18 years,Derby County,2008,61561,https://www.transfermarkt.com/barry-bannan/profil/spieler/61561
Alex Baptiste,https://fbref.com/en/players/7b72f0b6/Alex-Baptiste,Success,Not found,"January 31, 1986",Not found,180cm,Not found,"DF (CB-FB, right)",Right,2002-2003,16 years,Mansfield Town,2002,16660,https://www.transfermarkt.com/alex-baptiste/profil/spieler/16660
Phil Bardsley,https://fbref.com/en/players/1ae30132/Phil-Bardsley,Success,Not found,"June 28, 1985",Not found,180cm,Scotland sct  Other: England,"DF (FB, right)",Right,2003-2004,18 years,Antwerp,2003,15773,https://www.transfermarkt.com/phil-bardsley/profil/spieler/15773
Giles Barnes,https://fbref.com/en/players/e663724a/Giles-Barnes,Success,Not found,"August 5, 1988",Not found,188cm,Jamaica jm  Other: England,FW-MF (AM),Both,2005-2006,16 years,Derby County,2005,37236,https://www.transfermarkt.com/giles-barnes/profil/spieler/37236
Pablo Barrera,https://fbref.com/en/players/ff70b131/Pablo-Barrera,Success,Not found,"June 21, 1987 (Age: 38-157d)","Tlalnepantla de Baz, Estado de México, Mexico",175cm,Mexico,"FW-MF (AM-WM, right)",Right,2005-2006,18 years,UNAM,2005,51079,https://www.transfermarkt.com/pablo-barrera/profil/spieler/51079
Gareth Barry,https://fbref.com/en/players/7dbbe367/Gareth-Barry,Success,Not found,"February 23, 1981",Not found,183cm,England eng,MF (CM-DM),Left,1997-1998,16 years,Aston Villa,1997,3291,https://www.transfermarkt.com/gareth-barry/profil/spieler/3291
Joey Barton,https://fbref.com/en/players/93bfa675/Joey-Barton,Success,Not found,"September 2, 1982",Not found,180cm,England eng,MF (CM),Right,2002-2003,19 years,Manchester City,2002,3292,https://www.transfermarkt.com/joey-barton/profil/spieler/3292
Chris Basham,https://fbref.com/en/players/1aa84968/Chris-Basham,Success,Not found,"July 20, 1988",Not found,185cm,Not found,"DF-MF (CB, right)",Right,2006-2007,18 years,Stafford Rangers,2006,52495,https://www.transfermarkt.com/chris-basham/profil/spieler/52495
Sébastien Bassong,https://fbref.com/en/players/0d521662/Sebastien-Bassong,Success,Not found,"July 9, 1986",Not found,188cm,Cameroon cm  Other: France,DF,Left,2005-2006,19 years,Metz,2005,33951,https://www.transfermarkt.com/sbastien-bassong/profil/spieler/33951
Jose Baxter,https://fbref.com/en/players/185990eb/Jose-Baxter,Success,Not found,"February 7, 1992",Not found,180cm,England eng,FW-MF (AM),Right,2008-2009,16 years,Everton,2008,82734,https://www.transfermarkt.com/jose-baxter/profil/spieler/82734
James Beattie,https://fbref.com/en/players/7c881089/James-Beattie,Success,Not found,"February 27, 1978",Not found,185cm,England eng,FW,Not found,1996-1997,18 years,Blackburn,1996,3112,https://www.transfermarkt.com/james-beattie/profil/spieler/3112
Jean Beausejour,https://fbref.com/en/players/c8404849/Jean-Beausejour,Success,Not found,"June 1, 1984",Not found,178cm,Chile,"DF-FW-MF (FB-WM, left)",Left,2004-2005,20 years,Servette,2004,18871,https://www.transfermarkt.com/jean-beausejour/profil/spieler/18871
Bebé,https://fbref.com/en/players/d8712bf9/Bebe,Success,Not found,"July 12, 1990 (Age: 35-136d)","Cacém, Portugal",190cm,Cape Verde cv  Other: Portugal,FW-MF (AM-WM),Right,2010-2011,20 years,Manchester Utd,2010,26541,https://www.transfermarkt.com/beb/profil/spieler/26541
Jermaine Beckford,https://fbref.com/en/players/393303c7/Jermaine-Beckford,Success,Not found,"December 9, 1983",Not found,188cm,Jamaica jm  Other: England,FW,Right,2005-2006,21 years,Leeds United,2005,38874,https://www.transfermarkt.com/jermaine-beckford/profil/spieler/38874
Roman Bednář,https://fbref.com/en/players/a6979454/Roman-Bednar,Success,Not found,"March 26, 1983",Not found,191cm,Czech Republic,FW,Not found,2005-2006,22 years,Hearts,2005,26898,https://www.transfermarkt.com/roman-bedn/profil/spieler/26898
Asmir Begović,https://fbref.com/en/players/7b4de647/Asmir-Begovic,Success,Not found,"June 20, 1987 (Age: 38-158d)","Trebinje, Bosnia and Herzegovina",199cm,Bosnia and Herzegovina ba  Other: Canada,GK,Right,2005-2006,18 years,La Louvière,2005,33873,https://www.transfermarkt.com/asmir-begovi/profil/spieler/33873
Valon Behrami,https://fbref.com/en/players/d3d758d8/Valon-Behrami,Success,Not found,"April 19, 1985",Not found,184cm,Switzerland ch  Other: Kosovo,DF-MF (CM),Right,2003-2004,18 years,Genoa,2003,21905,https://www.transfermarkt.com/valon-behrami/profil/spieler/21905
Hatem Ben Arfa,https://fbref.com/en/players/74dc806c/Hatem-Ben-Arfa,Success,Not found,"March 7, 1987",Not found,178cm,France,FW-MF (AM-WM),Left,2004-2005,17 years,Lyon,2004,18900,https://www.transfermarkt.com/hatem-ben-arfa/profil/spieler/18900
Tal Ben Haim,https://fbref.com/en/players/8ca0559d/Tal-Ben-Haim,Success,Not found,"August 5, 1989",Not found,175cm,Israel,FW-MF (WM),Left,2017-2018,27 years,Sparta Prague,2017,20714,https://www.transfermarkt.com/tal-ben-haim/profil/spieler/20714
Yossi Benayoun,https://fbref.com/en/players/8414bb13/Yossi-Benayoun,Success,Not found,"May 5, 1980",Not found,178cm,Israel,MF (AM),Not found,2002-2003,22 years,Racing Sant,2002,7858,https://www.transfermarkt.com/yossi-benayoun/profil/spieler/7858
Nicklas Bendtner,https://fbref.com/en/players/9f9c57f0/Nicklas-Bendtner,Success,Not found,"January 16, 1988",Not found,194cm,Denmark,FW,Right,2006-2007,18 years,Birmingham City,2006,34557,https://www.transfermarkt.com/nicklas-bendtner/profil/spieler/34557
Benjani,https://fbref.com/en/players/9fc277ee/Benjani,Success,Not found,"August 13, 1978",Not found,188cm,Zimbabwe,FW,Not found,2002-2003,23 years,Auxerre,2002,12063,https://www.transfermarkt.com/benjani/profil/spieler/12063
Darren Bent,https://fbref.com/en/players/fe97f10b/Darren-Bent,Success,Not found,"February 6, 1984",Not found,180cm,England eng,FW,Right,2001-2002,17 years,Ipswich Town,2001,13239,https://www.transfermarkt.com/darren-bent/profil/spieler/13239
Marcus Bent,https://fbref.com/en/players/69166246/Marcus-Bent,Success,Not found,"May 19, 1978",Not found,188cm,England eng,FW,Not found,1997-1998,19 years,Crystal Palace,1997,9958,https://www.transfermarkt.com/marcus-bent/profil/spieler/9958
David Bentley,https://fbref.com/en/players/a00fbcec/David-Bentley,Success,Not found,"August 27, 1984",Not found,175cm,England eng,MF (AM-WM),Right,2003-2004,18 years,Arsenal,2003,3205,https://www.transfermarkt.com/david-bentley/profil/spieler/3205
Dimitar Berbatov,https://fbref.com/en/players/f5781978/Dimitar-Berbatov,Success,Not found,"January 30, 1981",Not found,189cm,Bulgaria,FW,Right,2000-2001,19 years,Leverkusen,2000,65,https://www.transfermarkt.com/dimitar-berbatov/profil/spieler/65
Christophe Berra,https://fbref.com/en/players/8455984a/Christophe-Berra,Success,Not found,"January 31, 1985",Not found,186cm,Scotland sct,DF (CB),Left,2003-2004,18 years,Hearts,2003,36602,https://www.transfermarkt.com/christophe-berra/profil/spieler/36602
Ryan Bertrand,https://fbref.com/en/players/01226327/Ryan-Bertrand,Success,Not found,"August 5, 1989",Not found,179cm,England eng,"DF-MF (FB, left)",Left,2006-2007,16 years,Bournemouth,2006,40611,https://www.transfermarkt.com/ryan-bertrand/profil/spieler/40611
Leon Best,https://fbref.com/en/players/0780ab75/Leon-Best,Success,Not found,"September 19, 1986",Not found,185cm,Republic of Ireland ie  Other: England,FW,Right,2004-2005,17 years,QPR,2004,28244,https://www.transfermarkt.com/leon-best/profil/spieler/28244
Habib Beye,https://fbref.com/en/players/459b0b19/Habib-Beye,Success,Not found,"October 19, 1977",Not found,182cm,Senegal sn  Other: France,"DF (FB, right)",Not found,1997-1998,19 years,Paris S-G,1997,3923,https://www.transfermarkt.com/habib-beye/profil/spieler/3923
Diniyar Bilyaletdinov,https://fbref.com/en/players/7e8050c6/Diniyar-Bilyaletdinov,Success,Not found,"February 27, 1985",Not found,186cm,Russia,MF,Left,2004,18 years,Loko Moscow,Not found,16690,https://www.transfermarkt.com/diniyar-bilyaletdinov/profil/spieler/16690
Mame Biram Diouf,https://fbref.com/en/players/7f4f3e49/Mame-Biram-Diouf,Success,Not found,"December 16, 1987 (Age: 37-344d)",Senegal,185cm,Senegal,FW-MF,Right,2008,20 years,Molde,Not found,62049,https://www.transfermarkt.com/mame-biram-diouf/profil/spieler/62049
Robbie Blake,https://fbref.com/en/players/ddc0a1fd/Robbie-Blake,Success,Not found,"March 4, 1976",Not found,175cm,Not found,FW-MF (AM),Not found,1999-2000,23 years,Bradford City,1999,3490,https://www.transfermarkt.com/robbie-blake/profil/spieler/3490
Luís Boa Morte,https://fbref.com/en/players/59ab6332/Luis-Boa-Morte,Success,Not found,"August 4, 1977",Not found,178cm,Portugal,FW-MF (AM-WM),Not found,1997-1998,19 years,Arsenal,1997,3422,https://www.transfermarkt.com/lus-boa-morte/profil/spieler/3422
Jérôme Boateng,https://fbref.com/en/players/2db2fd7b/Jerome-Boateng,Success,Not found,"September 3, 1988",Not found,192cm,Germany,DF (CB-FB),Right,2006-2007,17 years,Hertha BSC,2006,26485,https://www.transfermarkt.com/jrme-boateng/profil/spieler/26485
Ruud Boffin,https://fbref.com/en/players/ad19ca64/Ruud-Boffin,Success,Not found,"November 5, 1987",Not found,196cm,Not found,GK,Right,2007-2008,19 years,FC Eindhoven,2007,31336,https://www.transfermarkt.com/ruud-boffin/profil/spieler/31336
Ádám Bogdán,https://fbref.com/en/players/56f99ec7/Adam-Bogdan,Success,Not found,"September 27, 1987",Not found,194cm,Hungary,GK,Right,2009-2010,21 years,Crewe Alexandra,2009,55247,https://www.transfermarkt.com/dm-bogdn/profil/spieler/55247
Mauro Boselli,https://fbref.com/en/players/284e865d/Mauro-Boselli,Success,Not found,"May 22, 1985",Not found,182cm,Argentina,FW,Right,2005-2006,20 years,Málaga B,2005,40822,https://www.transfermarkt.com/mauro-boselli/profil/spieler/40822
José Bosingwa,https://fbref.com/en/players/13dd442f/Jose-Bosingwa,Success,Not found,"August 24, 1982",Not found,183cm,Portugal pt  Other: Congo DR,"DF (FB, right)",Right,2001-2002,18 years,Boavista,2001,9813,https://www.transfermarkt.com/jos-bosingwa/profil/spieler/9813
Lee Bowyer,https://fbref.com/en/players/f4fd57ba/Lee-Bowyer,Success,Not found,"January 3, 1977",Not found,175cm,England eng,MF (AM),Not found,1996-1997,19 years,Leeds United,1996,3877,https://www.transfermarkt.com/lee-bowyer/profil/spieler/3877
Dedryck Boyata,https://fbref.com/en/players/7c473e12/Dedryck-Boyata,Success,Not found,"November 28, 1990",Not found,188cm,Belgium,DF (CB-FB),Right,2009-2010,18 years,Manchester City,2009,88262,https://www.transfermarkt.com/dedryck-boyata/profil/spieler/88262
Emmerson Boyce,https://fbref.com/en/players/84bfbd38/Emmerson-Boyce,Success,Not found,"September 24, 1979",Not found,184cm,Barbados bb  Other: England,DF (CB),Right,2002-2003,22 years,Luton Town,2002,19641,https://www.transfermarkt.com/emmerson-boyce/profil/spieler/19641
Michael Bradley,https://fbref.com/en/players/fd5e3a73/Michael-Bradley,Success,Not found,"July 31, 1987",Not found,189cm,United States,DF-MF (CM-DM),Right,2005,17 years,MetroStars,Not found,30593,https://www.transfermarkt.com/michael-bradley/profil/spieler/30593
Titus Bramble,https://fbref.com/en/players/83ac7c3c/Titus-Bramble,Success,Not found,"July 31, 1981",Not found,185cm,England eng,DF (CB),Not found,2000-2001,19 years,Ipswich Town,2000,3130,https://www.transfermarkt.com/titus-bramble/profil/spieler/3130
Wayne Bridge,https://fbref.com/en/players/86b982bc/Wayne-Bridge,Success,Not found,"August 5, 1980",Not found,178cm,England eng,"DF (FB, left)",Not found,1998-1999,17 years,Southampton,1998,3682,https://www.transfermarkt.com/wayne-bridge/profil/spieler/3682
Matthew Briggs,https://fbref.com/en/players/182c89db/Matthew-Briggs,Success,Not found,"March 6, 1991",Not found,189cm,Guyana gy  Other: England,DF (FB),Left,2006-2007,15 years,Fulham,2006,51318,https://www.transfermarkt.com/matthew-briggs/profil/spieler/51318
Wes Brown,https://fbref.com/en/players/659ccc97/Wes-Brown,Success,Not found,"October 13, 1979",Not found,185cm,England eng,DF (CB),Right,1997-1998,17 years,Manchester Utd,1997,3405,https://www.transfermarkt.com/wes-brown/profil/spieler/3405
Jeffrey Bruma,https://fbref.com/en/players/fbffc4b1/Jeffrey-Bruma,Success,Not found,"November 13, 1991",Not found,189cm,Netherlands,DF (CB-FB),Right,2009-2010,17 years,Grimsby Town,2009,88721,https://www.transfermarkt.com/jeffrey-bruma/profil/spieler/88721
Chris Brunt,https://fbref.com/en/players/ec7e6ad1/Chris-Brunt,Success,Not found,"December 14, 1984",Not found,180cm,Northern Ireland nir,"DF-MF (AM-WM, left)",Left,2003-2004,18 years,Sheffield Weds,2003,36814,https://www.transfermarkt.com/chris-brunt/profil/spieler/36814
Mark Bunn,https://fbref.com/en/players/a6738b6c/Mark-Bunn,Success,Not found,"November 16, 1984",Not found,183cm,Not found,GK,Right,2006-2007,21 years,Northampton,2006,49319,https://www.transfermarkt.com/mark-bunn/profil/spieler/49319
Gary Cahill,https://fbref.com/en/players/7914b9fe/Gary-Cahill,Success,Not found,"December 19, 1985",Not found,193cm,England eng,DF (CB),Right,2004-2005,18 years,Burnley,2004,27511,https://www.transfermarkt.com/gary-cahill/profil/spieler/27511
Tim Cahill,https://fbref.com/en/players/e5a2dfc2/Tim-Cahill,Success,Not found,"December 6, 1979",Not found,178cm,Australia,FW-MF (AM),Right,2001-2002,21 years,Millwall,2001,13556,https://www.transfermarkt.com/tim-cahill/profil/spieler/13556
Gary Caldwell,https://fbref.com/en/players/5dc37f4a/Gary-Caldwell,Success,Not found,"April 12, 1982",Not found,180cm,Scotland sct,DF-MF,Right,2001-2002,19 years,Hibernian,2001,3791,https://www.transfermarkt.com/gary-caldwell/profil/spieler/3791
Steven Caldwell,https://fbref.com/en/players/6839f68e/Steven-Caldwell,Success,Not found,"September 12, 1980",Not found,180cm,Scotland sct,DF (CB-FB),Right,2000-2001,19 years,Newcastle Utd,2000,3462,https://www.transfermarkt.com/steven-caldwell/profil/spieler/3462
DJ Campbell,https://fbref.com/en/players/d9129797/DJ-Campbell,Success,Not found,"November 12, 1981",Not found,178cm,Not found,FW,Not found,2005-2006,23 years,Brentford,2005,37896,https://www.transfermarkt.com/dj-campbell/profil/spieler/37896
Fraizer Campbell,https://fbref.com/en/players/81d63375/Fraizer-Campbell,Success,Not found,"September 13, 1987",Not found,180cm,England eng,FW,Right,2007-2008,19 years,Hull City,2007,42411,https://www.transfermarkt.com/fraizer-campbell/profil/spieler/42411
Sol Campbell,https://fbref.com/en/players/3e3b2fbd/Sol-Campbell,Success,Not found,"September 18, 1974",Not found,188cm,England eng,DF-FW (CB),Not found,1992-1993,17 years,Tottenham,1992,3198,https://www.transfermarkt.com/sol-campbell/profil/spieler/3198
John Carew,https://fbref.com/en/players/91ef929d/John-Carew,Success,Not found,"September 5, 1979",Not found,193cm,Norway,FW,Not found,2000,20 years,Rosenborg,Not found,3570,https://www.transfermarkt.com/john-carew/profil/spieler/3570
David Carney,https://fbref.com/en/players/f3041886/David-Carney,Success,Not found,"November 30, 1983",Not found,181cm,Australia,"DF-MF (FB-WM, left)",Not found,2005-2006,21 years,Sydney FC,2005,10387,https://www.transfermarkt.com/david-carney/profil/spieler/10387
Stephen Carr,https://fbref.com/en/players/eb0ae1e9/Stephen-Carr,Success,Not found,"August 29, 1976",Not found,175cm,Republic of Ireland,"DF (FB, right)",Not found,1993-1994,16 years,Tottenham,1993,4046,https://www.transfermarkt.com/stephen-carr/profil/spieler/4046
Jamie Carragher,https://fbref.com/en/players/d0ebce19/Jamie-Carragher,Success,Not found,"January 28, 1978",Not found,185cm,England eng,"DF-MF (CB-DM-FB, right)",Not found,1996-1997,18 years,Liverpool,1996,3597,https://www.transfermarkt.com/jamie-carragher/profil/spieler/3597
Michael Carrick,https://fbref.com/en/players/ab7263c1/Michael-Carrick,Success,Not found,"July 28, 1981",Not found,188cm,England eng,MF (CM-DM),Both,1999-2000,18 years,West Ham,1999,3878,https://www.transfermarkt.com/michael-carrick/profil/spieler/3878
Andy Carroll,https://fbref.com/en/players/b581987a/Andy-Carroll,Success,Not found,"January 6, 1989",Not found,191cm,England eng,FW,Left,2006-2007,17 years,Newcastle Utd,2006,48066,https://www.transfermarkt.com/andy-carroll/profil/spieler/48066
Scott Carson,https://fbref.com/en/players/3e1550ee/Scott-Carson,Success,Not found,"September 3, 1985",Not found,192cm,England eng,GK,Right,2003-2004,17 years,Leeds United,2003,14555,https://www.transfermarkt.com/scott-carson/profil/spieler/14555
Craig Cathcart,https://fbref.com/en/players/89e4b358/Craig-Cathcart,Success,Not found,"February 6, 1989",Not found,188cm,Northern Ireland nir,DF (CB),Right,2008-2009,19 years,Plymouth Argyle,2008,59606,https://www.transfermarkt.com/craig-cathcart/profil/spieler/59606
Lee Cattermole,https://fbref.com/en/players/538e77d5/Lee-Cattermole,Success,Not found,"March 21, 1988",Not found,178cm,England eng,MF (DM),Right,2005-2006,17 years,Middlesbrough,2005,37363,https://www.transfermarkt.com/lee-cattermole/profil/spieler/37363
Marek Čech,https://fbref.com/en/players/bc9fd7f1/Marek-Cech,Success,Not found,"April 8, 1976",Not found,187cm,Czech Republic,GK,Not found,2007,30 years,LE Vladivostok,Not found,21354,https://www.transfermarkt.com/marek-ech/profil/spieler/21354
Petr Čech,https://fbref.com/en/players/71672fa0/Petr-Cech,Success,Not found,"May 20, 1982",Not found,196cm,Czech Republic,GK,Left,2002-2003,20 years,Rennes,2002,5658,https://www.transfermarkt.com/petr-ech/profil/spieler/5658
Marouane Chamakh,https://fbref.com/en/players/790ca5f3/Marouane-Chamakh,Success,Not found,"January 10, 1984",Not found,188cm,Morocco ma  Other: France,FW,Right,2002-2003,18 years,Bordeaux,2002,19085,https://www.transfermarkt.com/marouane-chamakh/profil/spieler/19085
Pascal Chimbonda,https://fbref.com/en/players/5cbb464e/Pascal-Chimbonda,Success,Not found,"February 21, 1979",Not found,180cm,France fr  Other: Guadeloupe,DF,Not found,1999-2000,20 years,Le Havre,1999,18875,https://www.transfermarkt.com/pascal-chimbonda/profil/spieler/18875
Ciaran Clark,https://fbref.com/en/players/2b91cf8e/Ciaran-Clark,Success,Not found,"September 26, 1989",Not found,188cm,Republic of Ireland ie  Other: England,"DF-MF (CB, left)",Left,2009-2010,19 years,Aston Villa,2009,98240,https://www.transfermarkt.com/ciaran-clark/profil/spieler/98240
Tom Cleverley,https://fbref.com/en/players/6cdd8245/Tom-Cleverley,Success,Not found,"August 12, 1989",Not found,175cm,England eng,MF (CM),Right,2008-2009,18 years,Leicester City,2008,73484,https://www.transfermarkt.com/tom-cleverley/profil/spieler/73484
Gaël Clichy,https://fbref.com/en/players/450ad405/Gael-Clichy,Success,Not found,"July 26, 1985",Not found,176cm,France,"DF (FB, left)",Left,2003-2004,18 years,Arsenal,2003,7449,https://www.transfermarkt.com/gal-clichy/profil/spieler/7449
Tamir Cohen,https://fbref.com/en/players/d1b983de/Tamir-Cohen,Success,Not found,"March 4, 1984",Not found,181cm,Israel,MF (AM),Not found,2007-2008,23 years,Bolton,2007,24209,https://www.transfermarkt.com/tamir-cohen/profil/spieler/24209
Jack Colback,https://fbref.com/en/players/963a9201/Jack-Colback,Success,Not found,"October 24, 1989",Not found,176cm,England eng,"DF-MF (DM, left)",Left,2009-2010,19 years,Ipswich Town,2009,61644,https://www.transfermarkt.com/jack-colback/profil/spieler/61644
Ashley Cole,https://fbref.com/en/players/be091289/Ashley-Cole,Success,Not found,"December 20, 1980",Not found,176cm,England eng,"DF (FB, left)",Left,1999-2000,18 years,Arsenal,1999,3182,https://www.transfermarkt.com/ashley-cole/profil/spieler/3182
Carlton Cole,https://fbref.com/en/players/51b2effb/Carlton-Cole,Success,Not found,"October 12, 1983",Not found,191cm,England eng,FW,Right,2001-2002,17 years,Chelsea,2001,3179,https://www.transfermarkt.com/carlton-cole/profil/spieler/3179
Joe Cole,https://fbref.com/en/players/2c2f117b/Joe-Cole,Success,Not found,"November 8, 1981",Not found,175cm,England eng,MF (AM-WM),Right,1998-1999,16 years,West Ham,1998,3876,https://www.transfermarkt.com/joe-cole/profil/spieler/3876
Séamus Coleman,https://fbref.com/en/players/0420d84f/Seamus-Coleman,Success,Not found,"October 11, 1988 (Age: 37-045d)","Donegal, Republic of Ireland",177cm,Republic of Ireland,"DF-MF (CB-FB, right)",Right,2009-2010,20 years,Blackpool,2009,68390,https://www.transfermarkt.com/samus-coleman/profil/spieler/68390
Danny Collins,https://fbref.com/en/players/b89cd819/Danny-Collins,Success,Not found,"August 6, 1980",Not found,185cm,Wales wls  Other: England,DF (CB-FB),Left,2004-2005,23 years,Chester City,2004,26183,https://www.transfermarkt.com/danny-collins/profil/spieler/26183
James Collins,https://fbref.com/en/players/95471a13/James-Collins,Success,Not found,"December 1, 1990 (Age: 34-359d)","Coventry, England, United Kingdom",188cm,Republic of Ireland ie  Other: England,FW,Right,2009-2010,18 years,Darlington,2009,12691,https://www.transfermarkt.com/james-collins/profil/spieler/12691
Jack Collison,https://fbref.com/en/players/0566f8a9/Jack-Collison,Success,Not found,"October 2, 1988",Not found,183cm,Wales wls  Other: England,MF,Not found,2007-2008,18 years,West Ham,2007,61568,https://www.transfermarkt.com/jack-collison/profil/spieler/61568
Fabricio Coloccini,https://fbref.com/en/players/78b3399f/Fabricio-Coloccini,Success,Not found,"January 22, 1982",Not found,183cm,Argentina,"DF-MF (CB-DM-FB, right)",Right,2001-2002,19 years,Alavés,2001,6150,https://www.transfermarkt.com/fabricio-coloccini/profil/spieler/6150
Jordan Cook,https://fbref.com/en/players/28a7e81c/Jordan-Cook,Success,Not found,"March 20, 1990",Not found,175cm,Not found,FW,Right,2009-2010,19 years,Darlington,2009,61646,https://www.transfermarkt.com/jordan-cook/profil/spieler/61646
Vedran Ćorluka,https://fbref.com/en/players/6ceef869/Vedran-Corluka,Success,Not found,"February 5, 1986",Not found,192cm,Croatia hr  Other: Bosnia and Herzegovina,DF (CB),Right,2007-2008,21 years,Manchester City,2007,34393,https://www.transfermarkt.com/vedran-orluka/profil/spieler/34393
Manuel da Costa,https://fbref.com/en/players/50e14b3c/Manuel-da-Costa,Success,Not found,"May 6, 1986",Not found,192cm,Morocco ma  Other: France,DF (CB),Right,2005-2006,19 years,Nancy,2005,37398,https://www.transfermarkt.com/manuel-da-costa/profil/spieler/37398
Simon Cox,https://fbref.com/en/players/6124c209/Simon-Cox,Success,Not found,"April 28, 1987",Not found,180cm,Republic of Ireland ie  Other: England,FW,Right,2005-2006,18 years,Reading,2005,37150,https://www.transfermarkt.com/simon-cox/profil/spieler/37150
Jody Craddock,https://fbref.com/en/players/573e5dd2/Jody-Craddock,Success,Not found,"July 25, 1975",Not found,183cm,Not found,DF-MF (CB),Not found,1999-2000,24 years,Sunderland,1999,4129,https://www.transfermarkt.com/jody-craddock/profil/spieler/4129
Stephen Crainey,https://fbref.com/en/players/2f6dd6a3/Stephen-Crainey,Success,Not found,"June 22, 1981",Not found,175cm,Scotland sct,"DF (FB, left)",Right,2000-2001,19 years,Celtic,2000,9499,https://www.transfermarkt.com/stephen-crainey/profil/spieler/9499
Peter Crouch,https://fbref.com/en/players/73d9bdc7/Peter-Crouch,Success,Not found,"January 30, 1981",Not found,201cm,England eng,FW,Right,2001-2002,20 years,Portsmouth,2001,4072,https://www.transfermarkt.com/peter-crouch/profil/spieler/4072
Carlo Cudicini,https://fbref.com/en/players/df77463a/Carlo-Cudicini,Success,Not found,"September 6, 1973",Not found,185cm,Italy,GK,Not found,1996-1997,22 years,Lazio,1996,3151,https://www.transfermarkt.com/carlo-cudicini/profil/spieler/3151
Carlos Cuéllar,https://fbref.com/en/players/1222ab35/Carlos-Cuellar,Success,Not found,"August 23, 1981",Not found,190cm,Not found,DF (CB),Right,2001-2002,19 years,Numancia,2001,16576,https://www.transfermarkt.com/carlos-cullar/profil/spieler/16576
Scott Dann,https://fbref.com/en/players/52105203/Scott-Dann,Success,Not found,"February 14, 1987",Not found,188cm,England eng,DF (CB),Right,2004-2005,17 years,Walsall,2004,62688,https://www.transfermarkt.com/scott-dann/profil/spieler/62688
Curtis Davies,https://fbref.com/en/players/607fb965/Curtis-Davies,Success,Not found,"March 15, 1985",Not found,188cm,Sierra Leone sl  Other: England,DF (CB),Right,2003-2004,18 years,Luton Town,2003,18227,https://www.transfermarkt.com/curtis-davies/profil/spieler/18227
Kevin Davies,https://fbref.com/en/players/2f726a89/Kevin-Davies,Success,Not found,"March 26, 1977",Not found,183cm,England eng,FW,Not found,1997-1998,20 years,Southampton,1997,4114,https://www.transfermarkt.com/kevin-davies/profil/spieler/4114
Mark Davies,https://fbref.com/en/players/3de91e73/Mark-Davies,Success,Not found,"February 18, 1988",Not found,180cm,England eng,MF,Right,2005-2006,17 years,Wolves,2005,36917,https://www.transfermarkt.com/mark-davies/profil/spieler/36917
Simon Davies,https://fbref.com/en/players/522b6d6c/Simon-Davies,Success,Not found,"October 23, 1979",Not found,178cm,Wales wls,MF (WM),Right,1999-2000,19 years,Tottenham,1999,4056,https://www.transfermarkt.com/simon-davies/profil/spieler/4056
Michael Dawson,https://fbref.com/en/players/4771114f/Michael-Dawson,Success,Not found,"November 18, 1983",Not found,188cm,England eng,"DF (CB, right)",Right,2001-2002,17 years,Nott'ham Forest,2001,9988,https://www.transfermarkt.com/michael-dawson/profil/spieler/9988
Jermain Defoe,https://fbref.com/en/players/f1e8372d/Jermain-Defoe,Success,Not found,"October 7, 1982",Not found,170cm,England eng,FW,Right,2000-2001,17 years,West Ham,2000,3875,https://www.transfermarkt.com/jermain-defoe/profil/spieler/3875
Rory Delap,https://fbref.com/en/players/9b0dac73/Rory-Delap,Success,Not found,"July 6, 1976",Not found,183cm,Republic of Ireland,MF (AM),Not found,1997-1998,21 years,Derby County,1997,610849,https://www.transfermarkt.com/rory-delap/profil/spieler/610849
Nathan Delfouneso,https://fbref.com/en/players/49ae4072/Nathan-Delfouneso,Success,Not found,"February 2, 1991",Not found,185cm,England eng,FW-MF,Right,2008-2009,17 years,Aston Villa,2008,62642,https://www.transfermarkt.com/nathan-delfouneso/profil/spieler/62642
Fabian Delph,https://fbref.com/en/players/111c3236/Fabian-Delph,Success,Not found,"November 21, 1989",Not found,175cm,England eng,DF-MF,Left,2007-2008,17 years,Leeds United,2007,50362,https://www.transfermarkt.com/fabian-delph/profil/spieler/50362
Mousa Dembélé,https://fbref.com/en/players/f7ee69fb/Mousa-Dembele,Success,Not found,"July 16, 1987",Not found,185cm,Belgium,MF (DM),Left,2003-2004,16 years,Beerschot,2003,19368,https://www.transfermarkt.com/mousa-dembl/profil/spieler/19368
Ishmel Demontagnac,https://fbref.com/en/players/81c7d697/Ishmel-Demontagnac,Success,Not found,"June 15, 1988",Not found,178cm,England eng,MF (WM),Not found,2005-2006,17 years,Walsall,2005,42188,https://www.transfermarkt.com/ishmel-demontagnac/profil/spieler/42188
Clint Dempsey,https://fbref.com/en/players/523d9de6/Clint-Dempsey,Success,Not found,"March 9, 1983",Not found,188cm,United States,FW-MF (AM-WM),Right,2004,20 years,NE Revolution,Not found,27577,https://www.transfermarkt.com/clint-dempsey/profil/spieler/27577
Denílson,https://fbref.com/en/players/87582241/Denilson,Success,Not found,"August 24, 1977",Not found,177cm,Brazil,MF (AM-WM),Not found,1998-1999,20 years,Real Betis,1998,7660,https://www.transfermarkt.com/denlson/profil/spieler/7660
Edwin van der Sar,https://fbref.com/en/players/98ee8a67/Edwin-van-der-Sar,Success,Not found,"October 29, 1970",Not found,197cm,Netherlands,GK,Right,1999-2000,28 years,Juventus,1999,3516,https://www.transfermarkt.com/edwin-van-der-sar/profil/spieler/3516
Rafael van der Vaart,https://fbref.com/en/players/41473b67/Rafael-van-der-Vaart,Success,Not found,"February 11, 1983",Not found,176cm,Netherlands,MF (AM),Left,2000-2001,17 years,Ajax,2000,4192,https://www.transfermarkt.com/rafael-van-der-vaart/profil/spieler/4192
Matt Derbyshire,https://fbref.com/en/players/193ed0c0/Matt-Derbyshire,Success,Not found,"April 14, 1986",Not found,185cm,England eng,FW,Right,2004-2005,18 years,Blackburn,2004,15175,https://www.transfermarkt.com/matt-derbyshire/profil/spieler/15175
Franco Di Santo,https://fbref.com/en/players/549c6ba7/Franco-Di-Santo,Success,Not found,"April 7, 1989",Not found,193cm,Argentina,FW,Right,2008-2009,19 years,Chelsea,2008,59783,https://www.transfermarkt.com/franco-di-santo/profil/spieler/59783
Abou Diaby,https://fbref.com/en/players/8c8b5071/Abou-Diaby,Success,Not found,"May 11, 1986",Not found,190cm,France,MF (DM),Right,2004-2005,18 years,Auxerre,2004,26763,https://www.transfermarkt.com/abou-diaby/profil/spieler/26763
Alessandro Diamanti,https://fbref.com/en/players/cb5af1af/Alessandro-Diamanti,Success,Not found,"May 2, 1983",Not found,180cm,Italy,FW-MF (AM),Left,2004-2005,21 years,AlbinoLeffe,2004,23197,https://www.transfermarkt.com/alessandro-diamanti/profil/spieler/23197
Mohamed Diamé,https://fbref.com/en/players/b7d082af/Mohamed-Diame,Success,Not found,"June 14, 1987",Not found,185cm,Senegal sn  Other: France,MF (AM-CM-DM),Right,2008-2009,21 years,Rayo Vallecano,2008,70950,https://www.transfermarkt.com/mohamed-diam/profil/spieler/70950
Salif Diao,https://fbref.com/en/players/acc326da/Salif-Diao,Success,Not found,"February 10, 1977",Not found,186cm,Senegal,MF (DM),Not found,1996-1997,19 years,Monaco,1996,3600,https://www.transfermarkt.com/salif-diao/profil/spieler/3600
Kagisho Dikgacoi,https://fbref.com/en/players/701d7cac/Kagisho-Dikgacoi,Success,Not found,"November 24, 1984",Not found,180cm,South Africa,MF (CM-DM),Right,2009-2010,24 years,Fulham,2009,63285,https://www.transfermarkt.com/kagisho-dikgacoi/profil/spieler/63285
Sylvain Distin,https://fbref.com/en/players/002d06bb/Sylvain-Distin,Success,Not found,"December 16, 1977",Not found,192cm,Not found,DF (CB),Left,2000-2001,22 years,Paris S-G,2000,3356,https://www.transfermarkt.com/sylvain-distin/profil/spieler/3356
Johan Djourou,https://fbref.com/en/players/b8673e18/Johan-Djourou,Success,Not found,"January 18, 1987",Not found,192cm,Switzerland ch  Other: Côte d'Ivoire,DF (CB),Right,2005-2006,18 years,Arsenal,2005,34561,https://www.transfermarkt.com/johan-djourou/profil/spieler/34561
Graham Dorrans,https://fbref.com/en/players/eeb032db/Graham-Dorrans,Success,Not found,"May 5, 1987",Not found,175cm,Scotland sct,FW-MF (AM-DM),Both,2004-2005,17 years,Livingston,2004,36608,https://www.transfermarkt.com/graham-dorrans/profil/spieler/36608
Giovani dos Santos,https://fbref.com/en/players/7dba6233/Giovani-dos-Santos,Success,Not found,"May 11, 1989",Not found,175cm,Mexico,FW-MF (AM-WM),Left,2007-2008,18 years,Barcelona,2007,44674,https://www.transfermarkt.com/giovani-dos-santos/profil/spieler/44674
Stewart Downing,https://fbref.com/en/players/b13c4620/Stewart-Downing,Success,Not found,"July 22, 1984",Not found,180cm,England eng,"FW-MF (AM-WM, left)",Left,2001-2002,17 years,Middlesbrough,2001,4063,https://www.transfermarkt.com/stewart-downing/profil/spieler/4063
Colin Doyle,https://fbref.com/en/players/93b41c46/Colin-Doyle,Success,Not found,"June 12, 1985 (Age: 40-166d)","Cork, Republic of Ireland",196cm,Republic of Ireland,GK,Right,2004-2005,19 years,Nott'ham Forest,2004,28728,https://www.transfermarkt.com/colin-doyle/profil/spieler/28728
Kevin Doyle,https://fbref.com/en/players/c4689de2/Kevin-Doyle,Success,Not found,"September 18, 1983",Not found,182cm,Republic of Ireland,FW,Right,2005-2006,21 years,Reading,2005,35193,https://www.transfermarkt.com/kevin-doyle/profil/spieler/35193
Didier Drogba,https://fbref.com/en/players/945dea33/Didier-Drogba,Success,Not found,"March 11, 1978",Not found,189cm,Côte d'Ivoire,FW,Right,2001-2002,23 years,Guingamp,2001,3924,https://www.transfermarkt.com/didier-drogba/profil/spieler/3924
Damien Duff,https://fbref.com/en/players/057a6936/Damien-Duff,Success,Not found,"March 2, 1979",Not found,176cm,Republic of Ireland,"FW-MF (WM, left & right)",Not found,1996-1997,17 years,Blackburn,1996,3259,https://www.transfermarkt.com/damien-duff/profil/spieler/3259
David Dunn,https://fbref.com/en/players/7ecdf483/David-Dunn,Success,Not found,"December 27, 1979",Not found,178cm,England eng,MF,Left,1998-1999,18 years,Blackburn,1998,4243,https://www.transfermarkt.com/david-dunn/profil/spieler/4243
Richard Dunne,https://fbref.com/en/players/6cbc015d/Richard-Dunne,Success,Not found,"September 21, 1979",Not found,188cm,Republic of Ireland,DF (CB),Right,1996-1997,16 years,Everton,1996,3807,https://www.transfermarkt.com/richard-dunne/profil/spieler/3807
Kieron Dyer,https://fbref.com/en/players/90b5a2f2/Kieron-Dyer,Success,Not found,"December 29, 1978",Not found,173cm,England eng,MF (AM-WM),Not found,1999-2000,20 years,Newcastle Utd,1999,3118,https://www.transfermarkt.com/kieron-dyer/profil/spieler/3118
Edin Džeko,https://fbref.com/en/players/3bb7f478/Edin-Dzeko,Success,Not found,"March 17, 1986 (Age: 39-253d)","Sarajevo, Bosnia and Herzegovina",193cm,Bosnia and Herzegovina,FW,Right,2007-2008,21 years,Wolfsburg,2007,28396,https://www.transfermarkt.com/edin-deko/profil/spieler/28396
Neal Eardley,https://fbref.com/en/players/2bb4411f/Neal-Eardley,Success,Not found,"November 6, 1988",Not found,180cm,Wales wls,"DF (FB, right)",Right,2006-2007,17 years,Oldham Athletic,2006,49428,https://www.transfermarkt.com/neal-eardley/profil/spieler/49428
Sylvan Ebanks-Blake,https://fbref.com/en/players/9dfe6a3f/Sylvan-Ebanks-Blake,Success,Not found,"March 29, 1986",Not found,178cm,England eng,FW,Right,2006-2007,20 years,Plymouth Argyle,2006,27621,https://www.transfermarkt.com/sylvan-ebanks-blake/profil/spieler/27621
Emmanuel Eboué,https://fbref.com/en/players/1bfae04c/Emmanuel-Eboue,Success,Not found,"June 4, 1983",Not found,178cm,Côte d'Ivoire,"DF-MF (FB-WM, right)",Right,2003-2004,20 years,Beveren,2003,13058,https://www.transfermarkt.com/emmanuel-ebou/profil/spieler/13058
Nathan Eccleston,https://fbref.com/en/players/5d83b302/Nathan-Eccleston,Success,Not found,"December 30, 1990",Not found,178cm,England eng,FW,Not found,2009-2010,18 years,Huddersfield,2009,88983,https://www.transfermarkt.com/nathan-eccleston/profil/spieler/88983
David Edwards,https://fbref.com/en/players/9961eefb/David-Edwards,Success,Not found,"February 3, 1986",Not found,180cm,Wales wls  Other: England,MF (CM),Right,2002-2003,16 years,Shrewsbury,2002,54949,https://www.transfermarkt.com/david-edwards/profil/spieler/54949
Rob Edwards,https://fbref.com/en/players/c1b6c33b/Rob-Edwards,Success,Not found,"January 1, 1973",Not found,183cm,Wales wls,DF,Not found,2001-2002,28 years,Preston,2001,4068,https://www.transfermarkt.com/rob-edwards/profil/spieler/4068
Johan Elmander,https://fbref.com/en/players/3438cef9/Johan-Elmander,Success,Not found,"May 27, 1981",Not found,188cm,Sweden,FW,Not found,2000-2001,19 years,Feyenoord,2000,4383,https://www.transfermarkt.com/johan-elmander/profil/spieler/4383
Ahmed Elmohamady,https://fbref.com/en/players/615ef733/Ahmed-Elmohamady,Success,Not found,"September 9, 1987",Not found,182cm,Egypt,"DF-MF (FB-WM, right)",Right,2010-2011,22 years,Sunderland,2010,66333,https://www.transfermarkt.com/ahmed-elmohamady/profil/spieler/66333
George Elokobi,https://fbref.com/en/players/36aad3ed/George-Elokobi,Success,Not found,"January 31, 1986",Not found,176cm,Not found,"DF (FB, left)",Not found,2004-2005,18 years,Chester City,2004,42048,https://www.transfermarkt.com/george-elokobi/profil/spieler/42048
Brett Emerton,https://fbref.com/en/players/a1866af0/Brett-Emerton,Success,Not found,"February 22, 1979",Not found,185cm,Australia,"DF-MF (FB-WM, right)",Right,2000-2001,21 years,Feyenoord,2000,4367,https://www.transfermarkt.com/brett-emerton/profil/spieler/4367
Jay Emmanuel-Thomas,https://fbref.com/en/players/b5f1c3c8/Jay-Emmanuel-Thomas,Success,Not found,"December 27, 1990 (Age: 34-333d)","London, England, United Kingdom",191cm,England eng,FW-MF (AM-WM),Right,2009-2010,18 years,Blackpool,2009,27969,https://www.transfermarkt.com/jay-emmanuel-thomas/profil/spieler/27969
José Enrique,https://fbref.com/en/players/d56364d5/Jose-Enrique,Success,Not found,"January 23, 1986",Not found,184cm,Spain,"DF (FB, left)",Left,2005-2006,19 years,Celta Vigo,2005,35571,https://www.transfermarkt.com/jos-enrique/profil/spieler/35571
Michael Essien,https://fbref.com/en/players/d6577282/Michael-Essien,Success,Not found,"December 3, 1982",Not found,177cm,Ghana,DF-MF,Right,2000-2001,17 years,Bastia,2000,5588,https://www.transfermarkt.com/michael-essien/profil/spieler/5588
Matthew Etherington,https://fbref.com/en/players/ef616df9/Matthew-Etherington,Success,Not found,"August 14, 1981",Not found,178cm,England eng,"MF (WM, left)",Not found,1999-2000,17 years,Tottenham,1999,3788,https://www.transfermarkt.com/matthew-etherington/profil/spieler/3788
Dickson Etuhu,https://fbref.com/en/players/0f04d7b6/Dickson-Etuhu,Success,Not found,"June 8, 1982",Not found,188cm,Nigeria,MF (DM),Right,2001-2002,19 years,Manchester City,2001,14011,https://www.transfermarkt.com/dickson-etuhu/profil/spieler/14011
Jason Euell,https://fbref.com/en/players/d97fe8bd/Jason-Euell,Success,Not found,"February 6, 1977",Not found,180cm,Jamaica jm  Other: England,FW-MF (CM),Not found,1995-1996,18 years,Wimbledon,1995,3092,https://www.transfermarkt.com/jason-euell/profil/spieler/3092
Jonny Evans,https://fbref.com/en/players/f8fcd2a5/Jonny-Evans,Success,Not found,"January 3, 1988",Not found,188cm,Northern Ireland nir,DF (CB),Right,2006-2007,18 years,Sunderland,2006,42412,https://www.transfermarkt.com/jonny-evans/profil/spieler/42412
Ian Evatt,https://fbref.com/en/players/749bcfb8/Ian-Evatt,Success,Not found,"November 19, 1981",Not found,191cm,Not found,DF (CB),Right,2000-2001,18 years,Derby County,2000,37127,https://www.transfermarkt.com/ian-evatt/profil/spieler/37127
Patrice Evra,https://fbref.com/en/players/51a3caf1/Patrice-Evra,Success,Not found,"May 15, 1981",Not found,174cm,France fr  Other: Senegal,"DF (FB, left)",Left,2002-2003,21 years,Monaco,2002,5285,https://www.transfermarkt.com/patrice-evra/profil/spieler/5285
Łukasz Fabiański,https://fbref.com/en/players/9328b835/Lukasz-Fabianski,Success,Not found,"April 18, 1985 (Age: 40-221d)","Kostrzyn nad Odrą, Poland",190cm,Poland,GK,Right,2005-2006,20 years,Legia Warsaw,2005,29692,https://www.transfermarkt.com/ukasz-fabiaski/profil/spieler/29692
Fábio,https://fbref.com/en/players/0555525f/Fabio-Simplicio,Success,Not found,"September 23, 1979",Not found,171cm,Brazil,MF (CM-DM),Right,2004-2005,24 years,Parma,2004,5775,https://www.transfermarkt.com/fbio/profil/spieler/5775
Cesc Fàbregas,https://fbref.com/en/players/33508c78/Cesc-Fabregas,Success,Not found,"May 4, 1987",Not found,175cm,Spain,FW-MF (AM-CM-DM),Right,2004-2005,17 years,Arsenal,2004,8806,https://www.transfermarkt.com/cesc-fbregas/profil/spieler/8806
Keith Fahey,https://fbref.com/en/players/e4def09b/Keith-Fahey,Success,Not found,"January 15, 1983",Not found,178cm,Republic of Ireland,MF,Not found,2008-2009,25 years,Birmingham City,2008,29878,https://www.transfermarkt.com/keith-fahey/profil/spieler/29878
Julien Faubert,https://fbref.com/en/players/525642e0/Julien-Faubert,Success,Not found,"August 1, 1983",Not found,180cm,France fr  Other: Martinique,"DF-FW-MF (FB-WM, right)",Right,2004-2005,20 years,Bordeaux,2004,18093,https://www.transfermarkt.com/julien-faubert/profil/spieler/18093
Abdoulaye Faye,https://fbref.com/en/players/99df1bff/Abdoulaye-Faye,Success,Not found,"February 26, 1978",Not found,188cm,Senegal,DF-MF (CB-DM),Left,2002-2003,24 years,Lens,2002,6107,https://www.transfermarkt.com/abdoulaye-faye/profil/spieler/6107
Marouane Fellaini,https://fbref.com/en/players/87575fd9/Marouane-Fellaini,Success,Not found,"November 22, 1987",Not found,194cm,Belgium,MF (AM-CM-DM),Right,2006-2007,18 years,Standard Liège,2006,39679,https://www.transfermarkt.com/marouane-fellaini/profil/spieler/39679
Anton Ferdinand,https://fbref.com/en/players/d1891093/Anton-Ferdinand,Success,Not found,"February 18, 1985",Not found,186cm,England eng,DF (CB),Right,2003-2004,18 years,West Ham,2003,3698,https://www.transfermarkt.com/anton-ferdinand/profil/spieler/3698
Rio Ferdinand,https://fbref.com/en/players/52465662/Rio-Ferdinand,Success,Not found,"November 7, 1978",Not found,189cm,England eng,DF (CB),Right,1995-1996,16 years,West Ham,1995,3235,https://www.transfermarkt.com/rio-ferdinand/profil/spieler/3235
Barry Ferguson,https://fbref.com/en/players/43420ade/Barry-Ferguson,Success,Not found,"February 2, 1978",Not found,178cm,Scotland sct,MF (CM),Not found,2000-2001,22 years,Rangers,2000,10251,https://www.transfermarkt.com/barry-ferguson/profil/spieler/10251
Shane Ferguson,https://fbref.com/en/players/a0f6ddc3/Shane-Ferguson,Success,Not found,"July 12, 1991 (Age: 34-136d)","Derry, Northern Ireland, United Kingdom",176cm,Northern Ireland nir,"DF-MF (FB-WM, left)",Left,2010-2011,19 years,Newcastle Utd,2010,62052,https://www.transfermarkt.com/shane-ferguson/profil/spieler/62052
Paulo Ferreira,https://fbref.com/en/players/5bb53020/Leonidas-Ferreira-de-Paulo-Junior,Success,Not found,"February 23, 1975",Not found,185cm,Not found,MF,Not found,1996-1997,21 years,CSKA Moscow,1996,9832,https://www.transfermarkt.com/paulo-ferreira/profil/spieler/9832
Maynor Figueroa,https://fbref.com/en/players/d8524b21/Maynor-Figueroa,Success,Not found,"May 2, 1983",Not found,180cm,Honduras,"DF (CB-FB, left)",Left,2007-2008,24 years,Wigan Athletic,2007,62240,https://www.transfermarkt.com/maynor-figueroa/profil/spieler/62240
Jon Flanagan,https://fbref.com/en/players/f2428fd4/Jon-Flanagan,Success,Not found,"January 1, 1993",Not found,181cm,England eng,"DF (FB, right)",Right,2010-2011,17 years,Liverpool,2010,145922,https://www.transfermarkt.com/jon-flanagan/profil/spieler/145922
Darren Fletcher,https://fbref.com/en/players/184e4970/Darren-Fletcher,Success,Not found,"February 1, 1984",Not found,184cm,Scotland sct,MF (DM),Right,2003-2004,19 years,Manchester Utd,2003,3547,https://www.transfermarkt.com/darren-fletcher/profil/spieler/3547
Steven Fletcher,https://fbref.com/en/players/2c9c3502/Steven-Fletcher,Success,Not found,"March 26, 1987",Not found,185cm,Scotland sct  Other: England,FW,Left,2003-2004,16 years,Hibernian,2003,35099,https://www.transfermarkt.com/steven-fletcher/profil/spieler/35099
Kevin Foley,https://fbref.com/en/players/11b3d067/Kevin-Foley,Success,Not found,"November 1, 1984",Not found,175cm,Republic of Ireland ie  Other: England,"DF-MF (FB, right)",Right,2002-2003,17 years,Luton Town,2002,33491,https://www.transfermarkt.com/kevin-foley/profil/spieler/33491
Adam Forshaw,https://fbref.com/en/players/9f1938ab/Adam-Forshaw,Success,Not found,"October 8, 1991 (Age: 34-048d)","Liverpool, England, United Kingdom",185cm,Not found,MF (DM),Right,2010-2011,18 years,Everton,2010,121257,https://www.transfermarkt.com/adam-forshaw/profil/spieler/121257
Marc-Antoine Fortuné,https://fbref.com/en/players/402077cd/Marc-Antoine-Fortune,Success,Not found,"July 2, 1981",Not found,183cm,Not found,FW,Right,2002-2003,21 years,Lille,2002,5652,https://www.transfermarkt.com/marc-antoine-fortun/profil/spieler/5652
Ben Foster,https://fbref.com/en/players/d0b3ceb9/Ben-Foster,Success,Not found,"April 3, 1983",Not found,194cm,England eng,GK,Left,2004-2005,21 years,Harriers,2004,13572,https://www.transfermarkt.com/ben-foster/profil/spieler/13572
Brad Friedel,https://fbref.com/en/players/b8c0a975/Brad-Friedel,Success,Not found,"May 18, 1971",Not found,188cm,United States,GK,Right,1996,24 years,Columbus Crew,Not found,3476,https://www.transfermarkt.com/brad-friedel/profil/spieler/3476
Ricardo Fuller,https://fbref.com/en/players/c764fa54/Ricardo-Fuller,Success,Not found,"October 31, 1979",Not found,191cm,Jamaica,FW,Right,2001-2002,21 years,Hearts,2001,14014,https://www.transfermarkt.com/ricardo-fuller/profil/spieler/14014
Danny Gabbidon,https://fbref.com/en/players/90148433/Danny-Gabbidon,Success,Not found,"August 8, 1979",Not found,178cm,Wales wls,DF (CB),Right,2002-2003,22 years,Cardiff City,2002,12709,https://www.transfermarkt.com/danny-gabbidon/profil/spieler/12709
William Gallas,https://fbref.com/en/players/286fb7e0/William-Gallas,Success,Not found,"August 17, 1977",Not found,181cm,France,DF (CB),Not found,1996-1997,18 years,Caen,1996,3156,https://www.transfermarkt.com/william-gallas/profil/spieler/3156
Morten Gamst Pedersen,https://fbref.com/en/players/c75d2fba/Morten-Gamst-Pedersen,Success,Not found,"September 8, 1981",Not found,180cm,Norway,FW-MF (AM-WM),Left,2000,18 years,Tromsø,Not found,22741,https://www.transfermarkt.com/morten-gamst-pedersen/profil/spieler/22741
Craig Gardner,https://fbref.com/en/players/1117b9ff/Craig-Gardner,Success,Not found,"November 25, 1986",Not found,178cm,England eng,MF (CM),Right,2005-2006,18 years,Aston Villa,2005,37171,https://www.transfermarkt.com/craig-gardner/profil/spieler/37171
Ricardo Gardner,https://fbref.com/en/players/b6a1eaa0/Ricardo-Gardner,Success,Not found,"September 25, 1978",Not found,175cm,Jamaica,"DF-MF (AM-FB-WM, left)",Left,2001-2002,22 years,Bolton,2001,6264,https://www.transfermarkt.com/ricardo-gardner/profil/spieler/6264
Zoltán Gera,https://fbref.com/en/players/08bd23a0/Zoltan-Gera,Success,Not found,"April 22, 1979",Not found,183cm,Hungary,MF (AM),Right,2004-2005,25 years,West Brom,2004,18324,https://www.transfermarkt.com/zoltn-gera/profil/spieler/18324
Steven Gerrard,https://fbref.com/en/players/caeb5442/Steven-Gerrard,Success,Not found,"May 30, 1980",Not found,183cm,England eng,MF,Right,1998-1999,18 years,Liverpool,1998,3109,https://www.transfermarkt.com/steven-gerrard/profil/spieler/3109
Kieran Gibbs,https://fbref.com/en/players/46ee5234/Kieran-Gibbs,Success,Not found,"September 26, 1989",Not found,178cm,England eng,"DF-MF (FB, left)",Left,2007-2008,17 years,Norwich City,2007,44792,https://www.transfermarkt.com/kieran-gibbs/profil/spieler/44792
Darron Gibson,https://fbref.com/en/players/f0e72e1c/Darron-Gibson,Success,Not found,"October 25, 1987",Not found,183cm,Republic of Ireland ie  Other: Northern Ireland,MF,Right,2007-2008,19 years,Wolves,2007,42413,https://www.transfermarkt.com/darron-gibson/profil/spieler/42413
Ryan Giggs,https://fbref.com/en/players/561de8d0/Ryan-Giggs,Success,Not found,"November 29, 1973",Not found,180cm,Wales wls  Other: England,FW-MF (WM),Not found,1992-1993,18 years,Manchester Utd,1992,3406,https://www.transfermarkt.com/ryan-giggs/profil/spieler/3406
Matt Gilks,https://fbref.com/en/players/49b8c292/Matt-Gilks,Success,Not found,"June 4, 1982",Not found,185cm,Scotland sct  Other: England,GK,Right,2002-2003,20 years,Rochdale,2002,48254,https://www.transfermarkt.com/matt-gilks/profil/spieler/48254
Gaël Givet,https://fbref.com/en/players/6d28f149/Gael-Givet,Success,Not found,"October 9, 1981",Not found,181cm,France,DF (CB),Not found,2000-2001,18 years,Monaco,2000,5286,https://www.transfermarkt.com/gal-givet/profil/spieler/5286
Steve Gohouri,https://fbref.com/en/players/0d058ab8/Steve-Gohouri,Success,Not found,"February 8, 1981",Not found,189cm,Côte d'Ivoire,DF (CB-FB),Not found,2005-2006,24 years,Young Boys,2005,19857,https://www.transfermarkt.com/steve-gohouri/profil/spieler/19857
Heurelho Gomes,https://fbref.com/en/players/d596e193/Heurelho-Gomes,Success,Not found,"February 15, 1981",Not found,191cm,Brazil,GK,Right,2004-2005,23 years,PSV Eindhoven,2004,19059,https://www.transfermarkt.com/heurelho-gomes/profil/spieler/19059
Jordi Gómez,https://fbref.com/en/players/d92b0327/Jordi-Gomez,Success,Not found,"May 24, 1985",Not found,178cm,Spain,MF (CM),Left,2007-2008,22 years,Espanyol,2007,39010,https://www.transfermarkt.com/jordi-gmez/profil/spieler/39010
Craig Gordon,https://fbref.com/en/players/b15780e3/Craig-Gordon,Success,Not found,"December 31, 1982 (Age: 42-329d)","Edinburgh, Scotland, United Kingdom",193cm,Scotland sct,GK,Right,2002-2003,19 years,Hearts,2002,12589,https://www.transfermarkt.com/craig-gordon/profil/spieler/12589
Dan Gosling,https://fbref.com/en/players/7fec31a0/Dan-Gosling,Success,Not found,"February 1, 1990",Not found,178cm,England eng,DF-MF (CM),Right,2006-2007,16 years,Plymouth Argyle,2006,44983,https://www.transfermarkt.com/dan-gosling/profil/spieler/44983
Hérold Goulon,https://fbref.com/en/players/e818c267/Herold-Goulon,Success,Not found,"June 12, 1988",Not found,192cm,France,DF-MF (DM),Right,2008-2009,20 years,Le Mans,2008,41978,https://www.transfermarkt.com/hrold-goulon/profil/spieler/41978
Elliot Grandin,https://fbref.com/en/players/ddbf3019/Elliot-Grandin,Success,Not found,"October 17, 1987",Not found,178cm,France,FW-MF (AM-WM),Right,2004-2005,16 years,Caen,2004,56785,https://www.transfermarkt.com/elliot-grandin/profil/spieler/56785
Robert Green,https://fbref.com/en/players/a350680b/Robert-Green,Success,Not found,"January 18, 1980",Not found,191cm,England eng,GK,Right,2001-2002,21 years,Norwich City,2001,11680,https://www.transfermarkt.com/robert-green/profil/spieler/11680
Jonathan Greening,https://fbref.com/en/players/892c1d7a/Jonathan-Greening,Success,Not found,"January 2, 1979",Not found,180cm,England eng,MF,Not found,1998-1999,19 years,Manchester Utd,1998,3865,https://www.transfermarkt.com/jonathan-greening/profil/spieler/3865
Vince Grella,https://fbref.com/en/players/db61f587/Vince-Grella,Success,Not found,"October 5, 1979",Not found,180cm,Australia,MF (DM),Not found,1998-1999,18 years,Empoli,1998,6021,https://www.transfermarkt.com/vince-grella/profil/spieler/6021
Adlène Guedioura,https://fbref.com/en/players/f75825e3/Adlene-Guedioura,Success,Not found,"November 12, 1985",Not found,183cm,Algeria dz  Other: France,MF (CM),Both,2008-2009,22 years,Kortrijk,2008,74768,https://www.transfermarkt.com/adlne-guedioura/profil/spieler/74768
Magaye Gueye,https://fbref.com/en/players/82b85f5a/Magaye-Gueye,Success,Not found,"July 6, 1990",Not found,179cm,France fr  Other: Senegal,FW-MF (WM),Left,2009-2010,19 years,Strasbourg,2009,91956,https://www.transfermarkt.com/magaye-gueye/profil/spieler/91956
Danny Guthrie,https://fbref.com/en/players/fff10a46/Danny-Guthrie,Success,Not found,"April 18, 1987",Not found,170cm,England eng,MF (CM-WM),Right,2006-2007,19 years,Southampton,2006,16716,https://www.transfermarkt.com/danny-guthrie/profil/spieler/16716
Jonás Gutiérrez,https://fbref.com/en/players/816fd91c/Jonas-Gutierrez,Success,Not found,"July 5, 1983",Not found,185cm,Argentina,MF (WM),Right,2005-2006,22 years,Mallorca,2005,26443,https://www.transfermarkt.com/jons-gutirrez/profil/spieler/26443
Eiður Guðjohnsen,https://fbref.com/en/players/32fc9ff2/Eidur-Gudjohnsen,Success,Not found,"September 15, 1978",Not found,187cm,Iceland,FW-MF (AM),Right,2000-2001,21 years,Chelsea,2000,3176,https://www.transfermarkt.com/eiur-gujohnsen/profil/spieler/3176
Asamoah Gyan,https://fbref.com/en/players/7f7bbbc2/Asamoah-Gyan,Success,Not found,"November 22, 1985",Not found,180cm,Ghana,FW,Right,2003-2004,17 years,Udinese,2003,26802,https://www.transfermarkt.com/asamoah-gyan/profil/spieler/26802
Ali Al-Habsi,https://fbref.com/en/players/032f766b/Ali-Al-Habsi,Success,Not found,"December 30, 1981",Not found,194cm,Oman,GK,Right,2003,21 years,Lyn,Not found,26633,https://www.transfermarkt.com/ali-al-habsi/profil/spieler/26633
El Hadji Diouf,https://fbref.com/en/players/1a4542c8/El-Hadji-Diouf,Success,Not found,"January 15, 1981",Not found,182cm,Senegal,FW-MF (WM),Right,1998-1999,17 years,Sochaux,1998,54432,https://www.transfermarkt.com/el-hadji-diouf/profil/spieler/54432
Marcus Hahnemann,https://fbref.com/en/players/c6be3102/Marcus-Hahnemann,Success,Not found,"June 15, 1972",Not found,191cm,United States,GK,Not found,1997,24 years,Colorado Rapids,Not found,4140,https://www.transfermarkt.com/marcus-hahnemann/profil/spieler/4140
Greg Halford,https://fbref.com/en/players/06d45e81/Greg-Halford,Success,Not found,"December 8, 1984",Not found,196cm,England eng,DF-FW-MF (CM-FB),Right,2002-2003,17 years,Colchester Utd,2002,42062,https://www.transfermarkt.com/greg-halford/profil/spieler/42062
Rafik Halliche,https://fbref.com/en/players/ecb2f4e3/Rafik-Halliche,Success,Not found,"September 2, 1986",Not found,187cm,Algeria,DF (CB),Right,2007-2008,20 years,Nacional,2007,67815,https://www.transfermarkt.com/rafik-halliche/profil/spieler/67815
Mark Halstead,https://fbref.com/en/players/ff36c850/Mark-Halstead,Success,Not found,"September 17, 1990",Not found,190cm,Not found,GK,Right,2010-2011,19 years,Kettering Town,2010,99972,https://www.transfermarkt.com/mark-halstead/profil/spieler/99972
Adam Hammill,https://fbref.com/en/players/ffd4896e/Adam-Hammill,Success,Not found,"January 25, 1988",Not found,189cm,England eng,FW-MF (WM),Left,2006-2007,18 years,Dunfermline Ath.,2006,38091,https://www.transfermarkt.com/adam-hammill/profil/spieler/38091
Brede Hangeland,https://fbref.com/en/players/7cbeb80c/Brede-Hangeland,Success,Not found,"June 20, 1981",Not found,199cm,Norway no  Other: United States,DF (CB),Right,2001,19 years,Viking,Not found,25553,https://www.transfermarkt.com/brede-hangeland/profil/spieler/25553
Grant Hanley,https://fbref.com/en/players/e9254eec/Grant-Hanley,Success,Not found,"November 20, 1991 (Age: 34-005d)","Dumfries, Scotland, United Kingdom",188cm,Scotland sct,DF (CB),Right,2009-2010,17 years,Blackburn,2009,121385,https://www.transfermarkt.com/grant-hanley/profil/spieler/121385
Marlon Harewood,https://fbref.com/en/players/34dab521/Marlon-Harewood,Success,Not found,"August 25, 1979",Not found,185cm,Not found,FW,Not found,1998-1999,18 years,Nott'ham Forest,1998,10011,https://www.transfermarkt.com/marlon-harewood/profil/spieler/10011
Owen Hargreaves,https://fbref.com/en/players/1b2b5b86/Owen-Hargreaves,Success,Not found,"January 20, 1981",Not found,180cm,England eng  Other: Canada,MF,Not found,2000-2001,19 years,Bayern Munich,2000,201,https://www.transfermarkt.com/owen-hargreaves/profil/spieler/201
Steve Harper,https://fbref.com/en/players/a98f1d52/Steve-Harper,Success,Not found,"March 14, 1975",Not found,188cm,Not found,GK,Right,1998-1999,23 years,Newcastle Utd,1998,3562,https://www.transfermarkt.com/steve-harper/profil/spieler/3562
Joe Hart,https://fbref.com/en/players/cb4f24c6/Joe-Hart,Success,Not found,"April 19, 1987",Not found,196cm,England eng,GK,Right,2004-2005,17 years,Shrewsbury,2004,40204,https://www.transfermarkt.com/joe-hart/profil/spieler/40204
John Heitinga,https://fbref.com/en/players/2661360d/John-Heitinga,Success,Not found,"November 15, 1983",Not found,180cm,Netherlands,DF-MF (CB),Right,2001-2002,17 years,Ajax,2001,4315,https://www.transfermarkt.com/john-heitinga/profil/spieler/4315
Bjørn Helge Riise,https://fbref.com/en/players/831674a5/Bjorn-Helge-Riise,Success,Not found,"June 21, 1983",Not found,175cm,Norway,MF (CM),Right,2003-2004,20 years,Standard Liège,2003,13485,https://www.transfermarkt.com/bjrn-helge-riise/profil/spieler/13485
Jordan Henderson,https://fbref.com/en/players/935e6b8f/Jordan-Henderson,Success,Not found,"June 17, 1990 (Age: 35-161d)","Sunderland, England, United Kingdom",182cm,England eng,"MF (CM-DM-WM, right)",Right,2008-2009,18 years,Coventry City,2008,61651,https://www.transfermarkt.com/jordan-henderson/profil/spieler/61651
Wayne Hennessey,https://fbref.com/en/players/76eca7e2/Wayne-Hennessey,Success,Not found,"January 24, 1987",Not found,196cm,Wales wls,GK,Right,2006-2007,19 years,Stockport,2006,45494,https://www.transfermarkt.com/wayne-hennessey/profil/spieler/45494
Karl Henry,https://fbref.com/en/players/5eac3bb7/Karl-Henry,Success,Not found,"November 26, 1982",Not found,183cm,Not found,"DF-MF (DM-FB, right)",Right,2002-2003,19 years,Stoke City,2002,13582,https://www.transfermarkt.com/karl-henry/profil/spieler/13582
Chris Herd,https://fbref.com/en/players/3d5db1eb/Chris-Herd,Success,Not found,"April 4, 1989",Not found,173cm,Australia,DF-MF,Right,2007-2008,18 years,Wycombe,2007,61572,https://www.transfermarkt.com/chris-herd/profil/spieler/61572
Javier Hernández,https://fbref.com/en/players/b68138a8/Javier-Hernandez,Success,Not found,"January 30, 2004",Not found,Not found,Not found,MF,Not found,2023-2024,19 years,Espanyol,2023,50935,https://www.transfermarkt.com/javier-hernndez/profil/spieler/50935
Emile Heskey,https://fbref.com/en/players/30184789/Emile-Heskey,Success,Not found,"January 11, 1978",Not found,192cm,England eng,FW,Right,1994-1995,16 years,Leicester City,1994,3142,https://www.transfermarkt.com/emile-heskey/profil/spieler/3142
Tony Hibbert,https://fbref.com/en/players/c878c4bf/Tony-Hibbert,Success,Not found,"February 20, 1981",Not found,172cm,Not found,"DF (FB, right)",Right,2000-2001,19 years,Everton,2000,3614,https://www.transfermarkt.com/tony-hibbert/profil/spieler/3614
Danny Higginbotham,https://fbref.com/en/players/688135a1/Danny-Higginbotham,Success,Not found,"December 29, 1978",Not found,185cm,Gibraltar,"DF (CB-FB, left)",Not found,1997-1998,18 years,Manchester Utd,1997,3686,https://www.transfermarkt.com/danny-higginbotham/profil/spieler/3686
Zavon Hines,https://fbref.com/en/players/29b8c15b/Zavon-Hines,Success,Not found,"December 27, 1988",Not found,178cm,England eng  Other: Jamaica,FW-MF (WM),Not found,2007-2008,18 years,Coventry City,2007,67081,https://www.transfermarkt.com/zavon-hines/profil/spieler/67081
Thomas Hitzlsperger,https://fbref.com/en/players/2757060a/Thomas-Hitzlsperger,Success,Not found,"April 5, 1982",Not found,183cm,Germany,MF (CM),Not found,2000-2001,18 years,Aston Villa,2000,1573,https://www.transfermarkt.com/thomas-hitzlsperger/profil/spieler/1573
Alexander Hleb,https://fbref.com/en/players/35cf43aa/Alexander-Hleb,Success,Not found,"May 1, 1981",Not found,185cm,Belarus,MF (AM-WM),Both,2000-2001,19 years,Stuttgart,2000,597,https://www.transfermarkt.com/alexander-hleb/profil/spieler/597
Jonathan Hogg,https://fbref.com/en/players/9306d5ea/Jonathan-Hogg,Success,Not found,"December 6, 1988 (Age: 36-354d)","Middlesbrough, England, United Kingdom",170cm,Not found,MF (CM-DM),Right,2009-2010,20 years,Darlington,2009,61573,https://www.transfermarkt.com/jonathan-hogg/profil/spieler/61573
Junior Hoilett,https://fbref.com/en/players/33af5b9e/Junior-Hoilett,Success,Not found,"June 5, 1990 (Age: 35-173d)","Brampton, Ontario, Canada",174cm,Canada,FW-MF (AM-WM),Right,2007-2008,17 years,Paderborn 07,2007,58993,https://www.transfermarkt.com/junior-hoilett/profil/spieler/58993
Stuart Holden,https://fbref.com/en/players/b8e24504/Stuart-Holden,Success,Not found,"August 1, 1985",Not found,178cm,United States us  Other: Scotland,MF,Right,2006,20 years,Houston Dynamo,Not found,30071,https://www.transfermarkt.com/stuart-holden/profil/spieler/30071
Tim Howard,https://fbref.com/en/players/c444465e/Tim-Howard,Success,Not found,"March 6, 1979",Not found,191cm,United States,GK,Right,1998,18 years,MetroStars,Not found,4267,https://www.transfermarkt.com/tim-howard/profil/spieler/4267
Tom Huddlestone,https://fbref.com/en/players/464cbbc9/Tom-Huddlestone,Success,Not found,"December 28, 1986",Not found,190cm,England eng,MF (CM-DM),Right,2003-2004,16 years,Derby County,2003,13465,https://www.transfermarkt.com/tom-huddlestone/profil/spieler/13465
Aaron Hughes,https://fbref.com/en/players/dccccccc/Aaron-Hughes,Success,Not found,"November 8, 1979",Not found,183cm,Northern Ireland nir,DF (CB),Right,1997-1998,17 years,Newcastle Utd,1997,3580,https://www.transfermarkt.com/aaron-hughes/profil/spieler/3580
Stephen Hunt,https://fbref.com/en/players/51ac7604/Stephen-Hunt,Success,Not found,"August 1, 1981",Not found,172cm,Republic of Ireland,FW-MF (AM-WM),Left,2002-2003,20 years,Brentford,2002,36799,https://www.transfermarkt.com/stephen-hunt/profil/spieler/36799
James Hurst,https://fbref.com/en/players/a59de39b/James-Hurst,Success,Not found,"January 31, 1992",Not found,185cm,England eng,DF,Right,2010-2011,18 years,West Brom,2010,110863,https://www.transfermarkt.com/james-hurst/profil/spieler/110863
Robert Huth,https://fbref.com/en/players/0bd1ea64/Robert-Huth,Success,Not found,"August 18, 1984",Not found,191cm,Germany,DF (CB),Right,2001-2002,16 years,Chelsea,2001,2998,https://www.transfermarkt.com/robert-huth/profil/spieler/2998
Alan Hutton,https://fbref.com/en/players/688ae34c/Alan-Hutton,Success,Not found,"November 30, 1984",Not found,185cm,Scotland sct,"DF (FB, right)",Right,2002-2003,17 years,Rangers,2002,9619,https://www.transfermarkt.com/alan-hutton/profil/spieler/9619
Pablo Ibáñez,https://fbref.com/en/players/23ca89f2/Pablo-Ibanez,Success,Not found,"August 3, 1981",Not found,192cm,Spain,DF (CB),Not found,2002-2003,20 years,Albacete,2002,8116,https://www.transfermarkt.com/pablo-ibez/profil/spieler/8116
Hérita Ilunga,https://fbref.com/en/players/1550f0e0/Herita-Ilunga,Success,Not found,"February 25, 1982",Not found,180cm,Congo DR,"DF (FB, left)",Not found,2004-2005,22 years,Saint-Étienne,2004,17432,https://www.transfermarkt.com/hrita-ilunga/profil/spieler/17432
Stephen Ireland,https://fbref.com/en/players/bcf30f17/Stephen-Ireland,Success,Not found,"August 22, 1986",Not found,173cm,Republic of Ireland,MF (AM),Right,2005-2006,18 years,Manchester City,2005,34838,https://www.transfermarkt.com/stephen-ireland/profil/spieler/34838
Branislav Ivanović,https://fbref.com/en/players/85f8571a/Branislav-Ivanovic,Success,Not found,"February 22, 1984",Not found,188cm,Serbia,"DF (CB-FB, right)",Right,2006,21 years,Loko Moscow,Not found,36827,https://www.transfermarkt.com/branislav-ivanovi/profil/spieler/36827
Jussi Jääskeläinen,https://fbref.com/en/players/340d2a24/Jussi-Jaaskelainen,Success,Not found,"April 19, 1975",Not found,191cm,Finland,GK,Right,2001-2002,26 years,Bolton,2001,3692,https://www.transfermarkt.com/jussi-jskelinen/profil/spieler/3692
Lars Jacobsen,https://fbref.com/en/players/bef72e41/Lars-Jacobsen,Success,Not found,"September 20, 1979",Not found,181cm,Denmark,"DF (CB-FB, right)",Both,2002-2003,22 years,Hamburger SV,2002,1423,https://www.transfermarkt.com/lars-jacobsen/profil/spieler/1423
Phil Jagielka,https://fbref.com/en/players/3233eefd/Phil-Jagielka,Success,Not found,"August 17, 1982",Not found,180cm,England eng,DF-MF (CB-DM),Right,2001-2002,18 years,Sheffield Utd,2001,13520,https://www.transfermarkt.com/phil-jagielka/profil/spieler/13520
Gonzalo Jara,https://fbref.com/en/players/9b1b4782/Gonzalo-Jara,Success,Not found,"August 29, 1985",Not found,178cm,Chile,DF-MF (CB),Right,2009-2010,23 years,West Brom,2009,40429,https://www.transfermarkt.com/gonzalo-jara/profil/spieler/40429
Matthew Jarvis,https://fbref.com/en/players/02d6d2b4/Matthew-Jarvis,Success,Not found,"May 22, 1986",Not found,170cm,England eng,"MF (WM, left)",Both,2003-2004,17 years,Gillingham,2003,15921,https://www.transfermarkt.com/matthew-jarvis/profil/spieler/15921
Jermaine Jenas,https://fbref.com/en/players/3149f712/Jermaine-Jenas,Success,Not found,"February 18, 1983",Not found,181cm,England eng,MF,Not found,2001-2002,18 years,Nott'ham Forest,2001,3461,https://www.transfermarkt.com/jermaine-jenas/profil/spieler/3461
Cameron Jerome,https://fbref.com/en/players/680fb5ee/Cameron-Jerome,Success,Not found,"August 14, 1986",Not found,185cm,England eng,FW,Right,2004-2005,17 years,Cardiff City,2004,35855,https://www.transfermarkt.com/cameron-jerome/profil/spieler/35855
Park Ji-sung,https://fbref.com/en/players/3de4cb30/Park-Ji-sung,Success,Not found,"February 25, 1981",Not found,173cm,Korea Republic,MF,Not found,2002-2003,21 years,PSV Eindhoven,2002,4592,https://www.transfermarkt.com/park-ji-sung/profil/spieler/4592
Martin Jiránek,https://fbref.com/en/players/eb005dc3/Martin-Jiranek,Success,Not found,"May 25, 1979",Not found,189cm,Czech Republic,"DF (CB-FB, right)",Right,2000-2001,21 years,Reggina,2000,6065,https://www.transfermarkt.com/martin-jirnek/profil/spieler/6065
Jô,Not found,No URL,Not found,Not found,Not found,Not found,Not found,Not found,Not found,Not found,Not found,Not found,Not found,34156,https://www.transfermarkt.com/j/profil/spieler/34156
Adam Johnson,https://fbref.com/en/players/1ba61951/Adam-Johnson,Success,Not found,"July 14, 1987",Not found,181cm,England eng,MF (WM),Left,2005-2006,18 years,Middlesbrough,2005,31579,https://www.transfermarkt.com/adam-johnson/profil/spieler/31579
Andrew Johnson,https://fbref.com/en/players/facd1b3e/Andrew-Johnson,Success,Not found,"February 10, 1981",Not found,170cm,England eng,FW,Right,2001-2002,20 years,Birmingham City,2001,14031,https://www.transfermarkt.com/andrew-johnson/profil/spieler/14031
Eddie Johnson,https://fbref.com/en/players/391c966a/Eddie-Johnson,Success,Not found,"September 20, 1984",Not found,178cm,England eng,FW-MF,Not found,2003-2004,18 years,Antwerp,2003,38773,https://www.transfermarkt.com/eddie-johnson/profil/spieler/38773
Glen Johnson,https://fbref.com/en/players/8cceca90/Glen-Johnson,Success,Not found,"August 23, 1984",Not found,182cm,England eng,"DF (FB, right)",Both,2002-2003,17 years,Millwall,2002,3881,https://www.transfermarkt.com/glen-johnson/profil/spieler/3881
Roger Johnson,https://fbref.com/en/players/f6e08a82/Roger-Johnson,Success,Not found,"April 28, 1983",Not found,191cm,Not found,DF,Right,2002-2003,19 years,Wycombe,2002,42751,https://www.transfermarkt.com/roger-johnson/profil/spieler/42751
David Jones,https://fbref.com/en/players/2f0edbe7/David-Jones,Success,Not found,"November 4, 1984",Not found,180cm,England eng,MF (CM),Left,2005-2006,20 years,NEC Nijmegen,2005,24634,https://www.transfermarkt.com/david-jones/profil/spieler/24634
Jermaine Jones,https://fbref.com/en/players/0c577541/Jermaine-Jones,Success,Not found,"November 3, 1981",Not found,184cm,United States us  Other: Germany,MF (AM-DM),Both,2000-2001,18 years,Eint Frankfurt,2000,1321,https://www.transfermarkt.com/jermaine-jones/profil/spieler/1321
Kenwyne Jones,https://fbref.com/en/players/5f3b634e/Kenwyne-Jones,Success,Not found,"October 5, 1984",Not found,188cm,Trinidad and Tobago,FW,Right,2004-2005,19 years,Sheffield Weds,2004,28245,https://www.transfermarkt.com/kenwyne-jones/profil/spieler/28245
Phil Jones,https://fbref.com/en/players/def899bd/Phil-Jones,Success,Not found,"February 21, 1992",Not found,185cm,England eng,"DF-MF (CB, left)",Right,2009-2010,17 years,Blackburn,2009,117996,https://www.transfermarkt.com/phil-jones/profil/spieler/117996
Nigel de Jong,https://fbref.com/en/players/a0e209bc/Nigel-de-Jong,Success,Not found,"November 30, 1984",Not found,174cm,Netherlands,MF (DM),Right,2002-2003,17 years,Ajax,2002,4672,https://www.transfermarkt.com/nigel-de-jong/profil/spieler/4672
Milan Jovanović,https://fbref.com/en/players/bd89b75e/Milan-Jovanovic,Success,Not found,"April 18, 1981",Not found,183cm,Serbia,"FW-MF (WM, left)",Not found,2004,22 years,Loko Moscow,Not found,14933,https://www.transfermarkt.com/milan-jovanovi/profil/spieler/14933
Younès Kaboul,https://fbref.com/en/players/3680d723/Younes-Kaboul,Success,Not found,"January 4, 1986",Not found,190cm,France,DF (CB),Right,2004-2005,18 years,Auxerre,2004,27114,https://www.transfermarkt.com/youns-kaboul/profil/spieler/27114
Gaël Kakuta,https://fbref.com/en/players/5b1bf5e3/Gael-Kakuta,Success,Not found,"June 21, 1991 (Age: 34-157d)","Lille, France",173cm,Congo DR cd  Other: France,FW-MF (AM-WM),Left,2009-2010,18 years,Chelsea,2009,74297,https://www.transfermarkt.com/gal-kakuta/profil/spieler/74297
Nikola Kalinić,https://fbref.com/en/players/d4931a5a/Nikola-Kalinic,Success,Not found,"January 5, 1988",Not found,187cm,Croatia,FW,Right,2007-2008,19 years,Hajduk Split,2007,36371,https://www.transfermarkt.com/nikola-kalini/profil/spieler/36371
Salomon Kalou,https://fbref.com/en/players/2042d931/Salomon-Kalou,Success,Not found,"August 5, 1985",Not found,183cm,Côte d'Ivoire,FW-MF (AM),Right,2004-2005,18 years,Feyenoord,2004,7971,https://www.transfermarkt.com/salomon-kalou/profil/spieler/7971
Diomansy Kamara,https://fbref.com/en/players/71e8454e/Diomansy-Kamara,Success,Not found,"November 8, 1980",Not found,185cm,Senegal sn  Other: France,FW,Not found,2001-2002,20 years,Modena,2001,6053,https://www.transfermarkt.com/diomansy-kamara/profil/spieler/6053
Robbie Keane,https://fbref.com/en/players/f45e1bb2/Robbie-Keane,Success,Not found,"July 8, 1980",Not found,175cm,Republic of Ireland,FW,Right,1999-2000,19 years,Coventry City,1999,3144,https://www.transfermarkt.com/robbie-keane/profil/spieler/3144
Dekel Keinan,https://fbref.com/en/players/8e3c9fb3/Dekel-Keinan,Success,Not found,"September 15, 1984",Not found,184cm,Israel,DF (CB),Not found,2010-2011,25 years,Blackpool,2010,24476,https://www.transfermarkt.com/dekel-keinan/profil/spieler/24476
Martin Kelly,https://fbref.com/en/players/d7492450/Martin-Kelly,Success,Not found,"April 27, 1990",Not found,191cm,England eng,"DF-MF (CB-FB, right)",Right,2008-2009,18 years,Huddersfield,2008,78959,https://www.transfermarkt.com/martin-kelly/profil/spieler/78959
Stephen Kelly,https://fbref.com/en/players/4d7dd756/Stephen-Kelly,Success,Not found,"September 6, 1983",Not found,184cm,Republic of Ireland,"DF (FB, right)",Right,2002-2003,18 years,QPR,2002,12125,https://www.transfermarkt.com/stephen-kelly/profil/spieler/12125
Andy Keogh,https://fbref.com/en/players/c7e84594/Andy-Keogh,Success,Not found,"May 16, 1986",Not found,183cm,Republic of Ireland,FW-MF (WM),Right,2004-2005,18 years,Bury,2004,29419,https://www.transfermarkt.com/andy-keogh/profil/spieler/29419
Michael Kightly,https://fbref.com/en/players/26e5c484/Michael-Kightly,Success,Not found,"January 24, 1986",Not found,175cm,England eng,"FW-MF (WM, left)",Right,2002-2003,16 years,Southend United,2002,25366,https://www.transfermarkt.com/michael-kightly/profil/spieler/25366
Ledley King,https://fbref.com/en/players/83ca192d/Ledley-King,Success,Not found,"October 12, 1980",Not found,188cm,England eng,DF-MF (CB-DM),Not found,1998-1999,17 years,Tottenham,1998,3360,https://www.transfermarkt.com/ledley-king/profil/spieler/3360
Richard Kingson,https://fbref.com/en/players/05380aa0/Richard-Kingson,Success,Not found,"June 13, 1978",Not found,183cm,Ghana,GK,Not found,2001-2002,23 years,Antalyaspor,2001,7125,https://www.transfermarkt.com/richard-kingson/profil/spieler/7125
Chris Kirkland,https://fbref.com/en/players/710265d2/Chris-Kirkland,Success,Not found,"May 2, 1981",Not found,191cm,England eng,GK,Right,2000-2001,19 years,Coventry City,2000,3219,https://www.transfermarkt.com/chris-kirkland/profil/spieler/3219
Ivan Klasnić,https://fbref.com/en/players/214ed478/Ivan-Klasnic,Success,Not found,"January 29, 1980",Not found,186cm,Croatia hr  Other: Germany,FW,Not found,2001-2002,21 years,Werder Bremen,2001,690,https://www.transfermarkt.com/ivan-klasni/profil/spieler/690
Zat Knight,https://fbref.com/en/players/607efc45/Zat-Knight,Success,Not found,"May 2, 1980",Not found,198cm,England eng,DF (CB),Right,2001-2002,21 years,Fulham,2001,4012,https://www.transfermarkt.com/zat-knight/profil/spieler/4012
Aleksandar Kolarov,https://fbref.com/en/players/eda40760/Aleksandar-Kolarov,Success,Not found,"November 10, 1985",Not found,187cm,Serbia,"DF (FB, left)",Left,2007-2008,21 years,Lazio,2007,46156,https://www.transfermarkt.com/aleksandar-kolarov/profil/spieler/46156
Vincent Kompany,https://fbref.com/en/players/d2bff301/Vincent-Kompany,Success,Not found,"April 10, 1986",Not found,193cm,Belgium,DF (CB),Right,2003-2004,17 years,Anderlecht,2003,9594,https://www.transfermarkt.com/vincent-kompany/profil/spieler/9594
Paul Konchesky,https://fbref.com/en/players/941bcf75/Paul-Konchesky,Success,Not found,"May 15, 1981",Not found,178cm,England eng,"DF-FW-MF (AM-FB, left)",Left,1998-1999,17 years,Charlton Ath,1998,3296,https://www.transfermarkt.com/paul-konchesky/profil/spieler/3296
Sergei Kornilenko,https://fbref.com/en/players/be1797d6/Sergei-Kornilenko,Success,Not found,"June 14, 1983",Not found,186cm,Belarus,FW,Right,2003-2004,20 years,Dynamo Kyiv,2003,15881,https://www.transfermarkt.com/sergei-kornilenko/profil/spieler/15881
Laurent Koscielny,https://fbref.com/en/players/f5efb153/Laurent-Koscielny,Success,Not found,"September 10, 1985",Not found,186cm,France,DF (CB),Right,2009-2010,23 years,Lorient,2009,76277,https://www.transfermarkt.com/laurent-koscielny/profil/spieler/76277
Radoslav Kováč,https://fbref.com/en/players/cf3f2f6d/Radoslav-Kovac,Success,Not found,"November 27, 1979",Not found,189cm,Czech Republic,DF-MF (CB-DM),Right,2005,25 years,Spartak Moscow,Not found,9702,https://www.transfermarkt.com/radoslav-kov/profil/spieler/9702
Niko Kranjčar,https://fbref.com/en/players/403d2184/Niko-Kranjcar,Success,Not found,"August 13, 1984",Not found,186cm,Croatia,MF (AM),Both,2006-2007,21 years,Portsmouth,2006,16746,https://www.transfermarkt.com/niko-kranjar/profil/spieler/16746
Tim Krul,https://fbref.com/en/players/f23f9d20/Tim-Krul,Success,Not found,"April 3, 1988",Not found,193cm,Netherlands,GK,Left,2007-2008,19 years,Falkirk,2007,33027,https://www.transfermarkt.com/tim-krul/profil/spieler/33027
Shefki Kuqi,https://fbref.com/en/players/1e05027f/Shefki-Kuqi,Success,Not found,"November 10, 1976",Not found,188cm,Finland fi  Other: Kosovo,FW,Not found,2001-2002,24 years,Sheffield Weds,2001,12398,https://www.transfermarkt.com/shefki-kuqi/profil/spieler/12398
Tomasz Kuszczak,https://fbref.com/en/players/a924380b/Tomasz-Kuszczak,Success,Not found,"March 20, 1982",Not found,191cm,Poland,GK,Right,2004-2005,22 years,West Brom,2004,1320,https://www.transfermarkt.com/tomasz-kuszczak/profil/spieler/1320
Dirk Kuyt,https://fbref.com/en/players/cd53ecf4/Dirk-Kuyt,Success,Not found,"July 22, 1980",Not found,184cm,Netherlands,DF-FW-MF (AM-FB),Right,2000-2001,20 years,Utrecht,2000,4010,https://www.transfermarkt.com/dirk-kuyt/profil/spieler/4010
Sotirios Kyrgiakos,https://fbref.com/en/players/2bc82fdc/Sotirios-Kyrgiakos,Success,Not found,"July 23, 1979",Not found,193cm,Greece,DF (CB),Not found,2001-2002,22 years,Panathinaikos,2001,9706,https://www.transfermarkt.com/sotirios-kyrgiakos/profil/spieler/9706
Louis Laing,https://fbref.com/en/players/827ae666/Louis-Laing,Success,Not found,"March 6, 1993",Not found,188cm,England eng,DF,Right,2010-2011,17 years,Sunderland,2010,110865,https://www.transfermarkt.com/louis-laing/profil/spieler/110865
Frank Lampard,https://fbref.com/en/players/268df6b1/Frank-Lampard,Success,Not found,"June 20, 1978",Not found,184cm,England eng,MF,Both,1995-1996,17 years,West Ham,1995,3163,https://www.transfermarkt.com/frank-lampard/profil/spieler/3163
Sebastian Larsson,https://fbref.com/en/players/b26efc36/Sebastian-Larsson,Success,Not found,"June 6, 1985",Not found,178cm,Sweden,"MF (CM-DM-WM, right)",Right,2005-2006,20 years,Arsenal,2005,31720,https://www.transfermarkt.com/sebastian-larsson/profil/spieler/31720
Jens Lehmann,https://fbref.com/en/players/d1ca1129/Jens-Lehmann,Success,Not found,"November 10, 1969",Not found,190cm,Germany,GK,Not found,1991-1992,21 years,Schalke 04,1991,122,https://www.transfermarkt.com/jens-lehmann/profil/spieler/122
Lucas Leiva,https://fbref.com/en/players/4c78b5ed/Lucas-Leiva,Success,Not found,"January 9, 1987",Not found,179cm,Brazil,MF (CM-DM),Right,2007-2008,20 years,Liverpool,2007,41414,https://www.transfermarkt.com/lucas-leiva/profil/spieler/41414
Aaron Lennon,https://fbref.com/en/players/2ff964a0/Aaron-Lennon,Success,Not found,"April 16, 1987",Not found,165cm,England eng,"FW-MF (AM-WM, right)",Right,2003-2004,16 years,Leeds United,2003,14221,https://www.transfermarkt.com/aaron-lennon/profil/spieler/14221
Joleon Lescott,https://fbref.com/en/players/62393d3b/Joleon-Lescott,Success,Not found,"August 16, 1982",Not found,188cm,England eng,DF (CB),Left,2001-2002,18 years,Wolves,2001,4241,https://www.transfermarkt.com/joleon-lescott/profil/spieler/4241
Eric Lichaj,https://fbref.com/en/players/7636a420/Eric-Lichaj,Success,Not found,"November 17, 1988",Not found,180cm,United States,"DF (FB, right)",Right,2009-2010,20 years,Leyton Orient,2009,61575,https://www.transfermarkt.com/eric-lichaj/profil/spieler/61575
Amine Linganzi,https://fbref.com/en/players/e465378c/Amine-Linganzi,Success,Not found,"November 16, 1989",Not found,186cm,Congo cg  Other: Algeria,MF (DM),Right,2008-2009,18 years,Saint-Étienne,2008,88596,https://www.transfermarkt.com/amine-linganzi/profil/spieler/88596
Adrián López,https://fbref.com/en/players/88a359d4/Adrian-Lopez,Success,Not found,"January 8, 1988",Not found,183cm,Spain,FW,Right,2006-2007,18 years,La Coruña,2006,45383,https://www.transfermarkt.com/adrin-lpez/profil/spieler/45383
Jason Lowe,https://fbref.com/en/players/e000b843/Jason-Lowe,Success,Not found,"September 2, 1991 (Age: 34-084d)","Wigan, England, United Kingdom",183cm,England eng,DF-MF (CM-DM-FB-WM),Left,2010-2011,18 years,Oldham Athletic,2010,117997,https://www.transfermarkt.com/jason-lowe/profil/spieler/117997
Kazenga LuaLua,https://fbref.com/en/players/d732d28a/Kazenga-LuaLua,Success,Not found,"December 10, 1990 (Age: 34-350d)","Kinshasa, Congo DR",180cm,Not found,"FW-MF (WM, left)",Right,2007-2008,16 years,Newcastle Utd,2007,52576,https://www.transfermarkt.com/kazenga-lualua/profil/spieler/52576
David Luiz,https://fbref.com/en/players/c0e27d1a/David-Luiz,Success,Not found,"April 22, 1987 (Age: 38-217d)","Diadema, Brazil",189cm,Brazil,DF-MF (CB-DM),Right,2006-2007,19 years,Benfica,2006,46741,https://www.transfermarkt.com/david-luiz/profil/spieler/46741
Craig Lynch,https://fbref.com/en/players/243a84ca/Craig-Lynch,Success,Not found,"March 25, 1992",Not found,183cm,Not found,FW-MF,Not found,2010-2011,18 years,Sunderland,2010,121334,https://www.transfermarkt.com/craig-lynch/profil/spieler/121334
Peter Løvenkrands,https://fbref.com/en/players/609f6984/Peter-Lovenkrands,Success,Not found,"January 29, 1980",Not found,180cm,Denmark,FW-MF (WM),Not found,2000-2001,20 years,Rangers,2000,9620,https://www.transfermarkt.com/peter-lvenkrands/profil/spieler/9620
Federico Macheda,https://fbref.com/en/players/e14daddc/Federico-Macheda,Success,Not found,"August 22, 1991 (Age: 34-095d)","Rome, Italy",184cm,Italy,FW,Right,2008-2009,16 years,Manchester Utd,2008,61887,https://www.transfermarkt.com/federico-macheda/profil/spieler/61887
Jean Makoun,https://fbref.com/en/players/728c9139/Jean-Makoun,Success,Not found,"May 29, 1983",Not found,173cm,Cameroon,MF (DM),Right,2002-2003,19 years,Lille,2002,5648,https://www.transfermarkt.com/jean-makoun/profil/spieler/5648
Steed Malbranque,https://fbref.com/en/players/e3df61bc/Steed-Malbranque,Success,Not found,"January 6, 1980",Not found,168cm,France fr  Other: Belgium,MF (AM-CM-WM),Right,1997-1998,17 years,Lyon,1997,3569,https://www.transfermarkt.com/steed-malbranque/profil/spieler/3569
Florent Malouda,https://fbref.com/en/players/6fe6d820/Florent-Malouda,Success,Not found,"June 13, 1980",Not found,180cm,France fr  Other: French Guiana,"FW-MF (AM-WM, left)",Left,1997-1998,17 years,Châteauroux,1997,5461,https://www.transfermarkt.com/florent-malouda/profil/spieler/5461
Michael Mancienne,https://fbref.com/en/players/2db3ae0a/Michael-Mancienne,Success,Not found,"January 8, 1988",Not found,184cm,Seychelles sc  Other: England,DF-MF (CB-FB),Right,2006-2007,18 years,QPR,2006,38100,https://www.transfermarkt.com/michael-mancienne/profil/spieler/38100
Obafemi Martins,https://fbref.com/en/players/70849fc2/Obafemi-Martins,Success,Not found,"October 28, 1984",Not found,170cm,Nigeria,FW,Both,2002-2003,17 years,Inter,2002,5794,https://www.transfermarkt.com/obafemi-martins/profil/spieler/5794
Javier Mascherano,https://fbref.com/en/players/5070881b/Javier-Mascherano,Success,Not found,"June 8, 1984",Not found,174cm,Argentina,DF-MF (CB-DM),Right,2006-2007,22 years,West Ham,2006,19981,https://www.transfermarkt.com/javier-mascherano/profil/spieler/19981
James McArthur,https://fbref.com/en/players/cee31595/James-McArthur,Success,Not found,"October 7, 1987",Not found,178cm,Scotland sct,MF (CM-WM),Right,2007-2008,19 years,Hamilton Acad.,2007,41416,https://www.transfermarkt.com/james-mcarthur/profil/spieler/41416
Benni McCarthy,https://fbref.com/en/players/a6f401c6/Benni-McCarthy,Success,Not found,"November 12, 1977",Not found,183cm,South Africa,FW,Not found,1999-2000,21 years,Celta Vigo,1999,3091,https://www.transfermarkt.com/benni-mccarthy/profil/spieler/3091
James McCarthy,https://fbref.com/en/players/64b08de7/James-McCarthy,Success,Not found,"November 12, 1990",Not found,180cm,Republic of Ireland ie  Other: Scotland,MF,Right,2007-2008,16 years,Hamilton Acad.,2007,45333,https://www.transfermarkt.com/james-mccarthy/profil/spieler/45333
Josh McEachran,https://fbref.com/en/players/48565585/Josh-McEachran,Success,Not found,"March 1, 1993 (Age: 32-269d)","Oxford, England, United Kingdom",178cm,England eng,MF (CM-DM),Left,2010-2011,17 years,Chelsea,2010,128905,https://www.transfermarkt.com/josh-mceachran/profil/spieler/128905
James McFadden,https://fbref.com/en/players/2cfdae75/James-McFadden,Success,Not found,"April 14, 1983",Not found,178cm,Scotland sct,FW-MF (AM),Left,2000-2001,17 years,Motherwell,2000,9956,https://www.transfermarkt.com/james-mcfadden/profil/spieler/9956
Ryan McGivern,https://fbref.com/en/players/4c2e7e85/Ryan-McGivern,Success,Not found,"January 8, 1990",Not found,188cm,Northern Ireland nir,DF,Right,2008-2009,18 years,Morecambe,2008,61632,https://www.transfermarkt.com/ryan-mcgivern/profil/spieler/61632
Callum McManaman,https://fbref.com/en/players/1a5dbcc2/Callum-McManaman,Success,Not found,"April 25, 1991 (Age: 34-214d)","Whiston, England, United Kingdom",174cm,England eng,"FW-MF (AM-WM, right)",Right,2008-2009,17 years,Wigan Athletic,2008,61711,https://www.transfermarkt.com/callum-mcmanaman/profil/spieler/61711
Raul Meireles,https://fbref.com/en/players/e767cd27/Raul-Meireles,Success,Not found,"March 17, 1983",Not found,180cm,Portugal,MF,Left,2003-2004,20 years,Boavista,2003,13168,https://www.transfermarkt.com/raul-meireles/profil/spieler/13168
Abdoulaye Méïté,https://fbref.com/en/players/2b548af1/Abdoulaye-Meite,Success,Not found,"October 6, 1980",Not found,185cm,Côte d'Ivoire ci  Other: France,DF (CB),Right,2000-2001,19 years,Marseille,2000,5315,https://www.transfermarkt.com/abdoulaye-mt/profil/spieler/5315
John Mensah,https://fbref.com/en/players/142ed694/John-Mensah,Success,Not found,"November 29, 1982",Not found,177cm,Ghana,DF (CB),Right,2001-2002,18 years,Genoa,2001,5917,https://www.transfermarkt.com/john-mensah/profil/spieler/5917
David Meyler,https://fbref.com/en/players/8ea6417a/David-Meyler,Success,Not found,"May 29, 1989",Not found,189cm,Republic of Ireland,MF,Right,2009-2010,20 years,Sunderland,2009,68183,https://www.transfermarkt.com/david-meyler/profil/spieler/68183
Simon Mignolet,https://fbref.com/en/players/d436eb94/Simon-Mignolet,Success,Not found,"March 6, 1988 (Age: 37-264d)","Sint-Truiden, Belgium",193cm,Belgium,GK,Right,2006-2007,18 years,Sint-Truiden,2006,50219,https://www.transfermarkt.com/simon-mignolet/profil/spieler/50219
Nenad Milijaš,https://fbref.com/en/players/10206347/Nenad-Milijas,Success,Not found,"April 30, 1983",Not found,188cm,Serbia,MF,Not found,2008-2009,25 years,Red Star,2008,36123,https://www.transfermarkt.com/nenad-milija/profil/spieler/36123
Ishmael Miller,https://fbref.com/en/players/58f1973e/Ishmael-Miller,Success,Not found,"March 5, 1987",Not found,191cm,Not found,FW,Left,2005-2006,18 years,Manchester City,2005,38776,https://www.transfermarkt.com/ishmael-miller/profil/spieler/38776
James Milner,https://fbref.com/en/players/2f90f6b8/James-Milner,Success,Not found,"January 4, 1986 (Age: 39-325d)","Leeds, England, United Kingdom",176cm,England eng,DF-MF (CM-FB-WM),Right,2002-2003,16 years,Leeds United,2002,3333,https://www.transfermarkt.com/james-milner/profil/spieler/3333
Luka Modrić,https://fbref.com/en/players/6025fab1/Luka-Modric,Success,Not found,"September 9, 1985 (Age: 40-077d)","Zadar, Croatia",174cm,Croatia,MF (AM-CM-DM-WM),Right,2007-2008,21 years,Dinamo Zagreb,2007,27992,https://www.transfermarkt.com/luka-modri/profil/spieler/27992
Josh Morris,https://fbref.com/en/players/6449a543/Josh-Morris,Success,Not found,"September 30, 1991",Not found,180cm,England eng,DF-FW-MF,Not found,2010-2011,18 years,Blackburn,2010,121391,https://www.transfermarkt.com/josh-morris/profil/spieler/121391
James Morrison,https://fbref.com/en/players/21a66e33/James-Morrison,Success,Not found,"May 25, 1986",Not found,183cm,Scotland sct  Other: England,FW-MF (AM-DM-WM),Right,2003-2004,17 years,Middlesbrough,2003,27614,https://www.transfermarkt.com/james-morrison/profil/spieler/27614
Victor Moses,https://fbref.com/en/players/e726e11e/Victor-Moses,Success,Not found,"December 12, 1990",Not found,177cm,Nigeria ng  Other: England,"DF-FW-MF (AM-DM-WM, right)",Right,2007-2008,16 years,Crystal Palace,2007,59866,https://www.transfermarkt.com/victor-moses/profil/spieler/59866
Steven Mouyokolo,https://fbref.com/en/players/6d60be73/Steven-Mouyokolo,Success,Not found,"January 24, 1987",Not found,190cm,Not found,DF (CB),Not found,2009-2010,22 years,Hull City,2009,58188,https://www.transfermarkt.com/steven-mouyokolo/profil/spieler/58188
Fabrice Muamba,https://fbref.com/en/players/f5a2bebe/Fabrice-Muamba,Success,Not found,"April 6, 1988",Not found,188cm,England eng,MF (CM-DM),Not found,2006-2007,18 years,Birmingham City,2006,35586,https://www.transfermarkt.com/fabrice-muamba/profil/spieler/35586
Geoffrey Mujangi Bia,https://fbref.com/en/players/3a90713b/Geoffrey-Mujangi-Bia,Success,Not found,"August 12, 1989",Not found,175cm,Belgium,MF (AM-WM),Right,2006-2007,16 years,Charleroi,2006,45455,https://www.transfermarkt.com/geoffrey-mujangi-bia/profil/spieler/45455
Youssouf Mulumbu,https://fbref.com/en/players/a275b145/Youssouf-Mulumbu,Success,Not found,"January 25, 1987",Not found,177cm,Congo DR cd  Other: France,MF (CM-DM),Right,2006-2007,19 years,Paris S-G,2006,45272,https://www.transfermarkt.com/youssouf-mulumbu/profil/spieler/45272
Sulley Muntari,https://fbref.com/en/players/e185aa52/Sulley-Muntari,Success,Not found,"August 27, 1984",Not found,179cm,Ghana,MF (CB-DM),Left,2002-2003,17 years,Udinese,2002,17129,https://www.transfermarkt.com/sulley-muntari/profil/spieler/17129
Danny Murphy,https://fbref.com/en/players/03a97c40/Danny-Murphy,Success,Not found,"March 18, 1977",Not found,175cm,England eng,MF (CM),Not found,1997-1998,20 years,Liverpool,1997,3221,https://www.transfermarkt.com/danny-murphy/profil/spieler/3221
David Murphy,https://fbref.com/en/players/b05e73d5/David-Murphy,Success,Not found,"March 1, 1984",Not found,185cm,England eng,"DF (FB, left)",Not found,2001-2002,17 years,Middlesbrough,2001,3868,https://www.transfermarkt.com/david-murphy/profil/spieler/3868
Jordon Mutch,https://fbref.com/en/players/37c408cc/Jordon-Mutch,Success,Not found,"December 2, 1991",Not found,175cm,England eng,MF,Right,2009-2010,17 years,Hereford United,2009,57207,https://www.transfermarkt.com/jordon-mutch/profil/spieler/57207
Boaz Myhill,https://fbref.com/en/players/7ca2d989/Boaz-Myhill,Success,Not found,"November 9, 1982",Not found,191cm,"Wales wls  Other: England , United States",GK,Right,2002-2003,19 years,Bradford City,2002,3838,https://www.transfermarkt.com/boaz-myhill/profil/spieler/3838
David N'Gog,https://fbref.com/en/players/beec2968/David-NGog,Success,Not found,"April 1, 1989",Not found,189cm,France,FW,Right,2006-2007,17 years,Paris S-G,2006,41242,https://www.transfermarkt.com/david-ngog/profil/spieler/41242
Charles N'Zogbia,https://fbref.com/en/players/4e31f3e2/Charles-NZogbia,Success,Not found,"May 28, 1986",Not found,170cm,France,"DF-FW-MF (FB-WM, left)",Left,2004-2005,18 years,Newcastle Utd,2004,22165,https://www.transfermarkt.com/charles-nzogbia/profil/spieler/22165
Nani,https://fbref.com/en/players/e278c9be/Jonathan-Nanizayamo,Success,Not found,"February 21, 1992",Not found,194cm,Not found,FW,Right,2014-2015,22 years,Tours,2014,33706,https://www.transfermarkt.com/nani/profil/spieler/33706
Samir Nasri,https://fbref.com/en/players/165bed61/Samir-Nasri,Success,Not found,"June 26, 1987",Not found,175cm,France,FW-MF (AM),Right,2004-2005,17 years,Marseille,2004,18935,https://www.transfermarkt.com/samir-nasri/profil/spieler/18935
Ryan Nelsen,https://fbref.com/en/players/510f2c7c/Ryan-Nelsen,Success,Not found,"October 18, 1977",Not found,185cm,New Zealand,DF (CB),Not found,2001,23 years,D.C. United,Not found,28878,https://www.transfermarkt.com/ryan-nelsen/profil/spieler/28878
Gary Neville,https://fbref.com/en/players/1b013e33/Gary-Neville,Success,Not found,"February 18, 1975",Not found,180cm,England eng,"DF (FB, right)",Not found,1993-1994,18 years,Manchester Utd,1993,3403,https://www.transfermarkt.com/gary-neville/profil/spieler/3403
Phil Neville,https://fbref.com/en/players/3db5e0ec/Phil-Neville,Success,Not found,"January 21, 1977",Not found,180cm,England eng,DF-MF,Right,1994-1995,17 years,Manchester Utd,1994,3404,https://www.transfermarkt.com/phil-neville/profil/spieler/3404
Mark Noble,https://fbref.com/en/players/ff527768/Mark-Noble,Success,Not found,"May 8, 1987",Not found,180cm,England eng,MF (AM-CM-DM),Right,2004-2005,17 years,West Ham,2004,31835,https://www.transfermarkt.com/mark-noble/profil/spieler/31835
Ryan Noble,https://fbref.com/en/players/7f758194/Ryan-Noble,Success,Not found,"June 11, 1991",Not found,182cm,England eng,FW,Not found,2010-2011,19 years,Derby County,2010,121340,https://www.transfermarkt.com/ryan-noble/profil/spieler/121340
Kevin Nolan,https://fbref.com/en/players/3d307105/Kevin-Nolan,Success,Not found,"June 24, 1982",Not found,183cm,England eng,MF (AM),Right,2001-2002,19 years,Bolton,2001,3950,https://www.transfermarkt.com/kevin-nolan/profil/spieler/3950
Frank Nouble,https://fbref.com/en/players/0a8e46da/Frank-Nouble,Success,Not found,"September 24, 1991 (Age: 34-062d)","Lewisham, England, United Kingdom",191cm,England eng,FW-MF (AM),Right,2009-2010,17 years,West Brom,2009,119123,https://www.transfermarkt.com/frank-nouble/profil/spieler/119123
Steven Nzonzi,https://fbref.com/en/players/c7526c18/Steven-Nzonzi,Success,Not found,"December 15, 1988 (Age: 36-345d)","La Garenne-Colombes, France",197cm,France,MF (CM-DM),Right,2009-2010,20 years,Blackburn,2009,73734,https://www.transfermarkt.com/steven-nzonzi/profil/spieler/73734
Andy O'Brien,https://fbref.com/en/players/1719f6b2/Andy-OBrien,Success,Not found,"June 29, 1979",Not found,191cm,Republic of Ireland ie  Other: England,DF (CB),Right,1999-2000,20 years,Bradford City,1999,869490,https://www.transfermarkt.com/andy-obrien/profil/spieler/869490
Garry O'Connor,https://fbref.com/en/players/07fffbc5/Garry-OConnor,Success,Not found,"May 7, 1983",Not found,185cm,Scotland sct,FW,Not found,2000-2001,17 years,Hibernian,2000,15708,https://www.transfermarkt.com/garry-oconnor/profil/spieler/15708
Jamie O'Hara,https://fbref.com/en/players/7578d85c/Jamie-OHara,Success,Not found,"September 25, 1986",Not found,180cm,England eng,"MF (WM, left)",Left,2005-2006,18 years,Chesterfield,2005,38090,https://www.transfermarkt.com/jamie-ohara/profil/spieler/38090
Gary O'Neil,https://fbref.com/en/players/754d4ac4/Gary-O'Neil,Success,Not found,"May 18, 1983",Not found,178cm,England eng,MF (AM),Right,2001-2002,18 years,Portsmouth,2001,3995,https://www.transfermarkt.com/gary-oneil/profil/spieler/3995
John O'Shea,https://fbref.com/en/players/7c1f4685/John-OShea,Success,Not found,"April 30, 1981",Not found,192cm,Republic of Ireland,DF-MF (CB),Right,2001-2002,20 years,Manchester Utd,2001,3540,https://www.transfermarkt.com/john-oshea/profil/spieler/3540
Gabriel Obertan,https://fbref.com/en/players/adc264a8/Gabriel-Obertan,Success,Not found,"February 26, 1989",Not found,186cm,France,FW-MF (AM-WM),Right,2006-2007,17 years,Bordeaux,2006,43261,https://www.transfermarkt.com/gabriel-obertan/profil/spieler/43261
John Obi Mikel,https://fbref.com/en/players/424d5f72/John-Obi-Mikel,Success,Not found,"April 22, 1987",Not found,189cm,Nigeria,MF (CM-DM),Right,2005,17 years,Lyn,Not found,30739,https://www.transfermarkt.com/john-obi-mikel/profil/spieler/30739
Victor Obinna,https://fbref.com/en/players/c21b9d9d/Victor-Obinna,Success,Not found,"March 25, 1987",Not found,178cm,Nigeria,FW,Left,2005-2006,18 years,Chievo,2005,35852,https://www.transfermarkt.com/victor-obinna/profil/spieler/35852
Peter Odemwingie,https://fbref.com/en/players/b16150ac/Peter-Odemwingie,Success,Not found,"July 15, 1981",Not found,182cm,Nigeria,FW,Both,2003-2004,22 years,La Louvière,2003,12516,https://www.transfermarkt.com/peter-odemwingie/profil/spieler/12516
Jonas Olsson,https://fbref.com/en/players/48844a9b/Jonas-Olsson,Success,Not found,"March 10, 1983",Not found,193cm,Sweden,DF (CB),Left,2003,19 years,Landskrona,Not found,25248,https://www.transfermarkt.com/jonas-olsson/profil/spieler/25248
Martin Olsson,https://fbref.com/en/players/2f72f79e/Martin-Olsson,Success,Not found,"May 17, 1988 (Age: 37-192d)","Gävle, Sweden",178cm,Sweden,"DF-MF (FB-WM, left)",Left,2007-2008,19 years,Blackburn,2007,38073,https://www.transfermarkt.com/martin-olsson/profil/spieler/38073
Nedum Onuoha,https://fbref.com/en/players/b28a0b5a/Nedum-Onuoha,Success,Not found,"November 12, 1986",Not found,188cm,England eng  Other: Nigeria,"DF (CB, left)",Right,2004-2005,17 years,Manchester City,2004,28810,https://www.transfermarkt.com/nedum-onuoha/profil/spieler/28810
Brett Ormerod,https://fbref.com/en/players/fde1ce8d/Brett-Ormerod,Success,Not found,"October 18, 1976",Not found,180cm,Not found,FW,Not found,2001-2002,24 years,Southampton,2001,4113,https://www.transfermarkt.com/brett-ormerod/profil/spieler/4113
Leon Osman,https://fbref.com/en/players/a014c247/Leon-Osman,Success,Not found,"May 17, 1981",Not found,174cm,England eng,MF,Right,2002-2003,21 years,Carlisle United,2002,3620,https://www.transfermarkt.com/leon-osman/profil/spieler/3620
Michael Owen,https://fbref.com/en/players/88b3f52c/Michael-Owen,Success,Not found,"December 14, 1979",Not found,172cm,England eng,FW,Not found,1996-1997,16 years,Liverpool,1996,1397,https://www.transfermarkt.com/michael-owen/profil/spieler/1397
Daniel Pacheco,https://fbref.com/en/players/5b2a4b8d/Daniel-Pacheco,Success,Not found,"January 5, 1991 (Age: 34-324d)","Málaga, Spain",168cm,Spain,FW-MF (AM-WM),Not found,2009-2010,18 years,Liverpool,2009,28285,https://www.transfermarkt.com/daniel-pacheco/profil/spieler/28285
John Paintsil,https://fbref.com/en/players/2def72a3/John-Paintsil,Success,Not found,"June 15, 1981",Not found,178cm,Ghana,"DF-MF (DM-FB, right)",Not found,2006-2007,25 years,West Ham,2006,35235,https://www.transfermarkt.com/john-paintsil/profil/spieler/35235
Wilson Palacios,https://fbref.com/en/players/58df81fc/Wilson-Palacios,Success,Not found,"July 29, 1984",Not found,178cm,Honduras,MF (DM),Right,2007-2008,23 years,Birmingham City,2007,58361,https://www.transfermarkt.com/wilson-palacios/profil/spieler/58361
Scott Parker,https://fbref.com/en/players/65faf2a1/Scott-Parker,Success,Not found,"October 13, 1980",Not found,175cm,England eng,MF (DM),Right,1998-1999,17 years,Charlton Ath,1998,3785,https://www.transfermarkt.com/scott-parker/profil/spieler/3785
Stuart Parnaby,https://fbref.com/en/players/389cc3d7/Stuart-Parnaby,Success,Not found,"July 19, 1982",Not found,178cm,England eng,"DF (FB, right)",Not found,2002-2003,20 years,Middlesbrough,2002,3866,https://www.transfermarkt.com/stuart-parnaby/profil/spieler/3866
Roman Pavlyuchenko,https://fbref.com/en/players/fd7afe52/Roman-Pavlyuchenko,Success,Not found,"December 15, 1981",Not found,188cm,Russia,FW,Both,2001,19 years,Rotor Volgograd,Not found,15072,https://www.transfermarkt.com/roman-pavlyuchenko/profil/spieler/15072
Jermaine Pennant,https://fbref.com/en/players/c6043950/Jermaine-Pennant,Success,Not found,"January 15, 1983",Not found,175cm,England eng,"MF (AM-WM, right)",Right,2001-2002,18 years,Watford,2001,3195,https://www.transfermarkt.com/jermaine-pennant/profil/spieler/3195
James Perch,https://fbref.com/en/players/c461de51/James-Perch,Success,Not found,"September 28, 1985",Not found,180cm,Not found,DF-MF (CB-DM-FB),Right,2004-2005,18 years,Nott'ham Forest,2004,49409,https://www.transfermarkt.com/james-perch/profil/spieler/49409
Robin van Persie,https://fbref.com/en/players/3fcab3a8/Robin-van-Persie,Success,Not found,"August 6, 1983",Not found,186cm,Netherlands,FW,Left,2001-2002,17 years,Feyenoord,2001,4380,https://www.transfermarkt.com/robin-van-persie/profil/spieler/4380
Martin Petrov,https://fbref.com/en/players/011360ce/Martin-Petrov,Success,Not found,"January 15, 1979",Not found,179cm,Bulgaria,"FW-MF (WM, left)",Not found,2001-2002,22 years,Wolfsburg,2001,670,https://www.transfermarkt.com/martin-petrov/profil/spieler/670
Stiliyan Petrov,https://fbref.com/en/players/61e5c1a8/Stiliyan-Petrov,Success,Not found,"July 5, 1979",Not found,180cm,Bulgaria,MF,Not found,2000-2001,21 years,Celtic,2000,3252,https://www.transfermarkt.com/stiliyan-petrov/profil/spieler/3252
Kevin Phillips,https://fbref.com/en/players/23d97ca1/Kevin-Phillips,Success,Not found,"July 25, 1973",Not found,170cm,England eng,FW,Not found,1999-2000,26 years,Sunderland,1999,3131,https://www.transfermarkt.com/kevin-phillips/profil/spieler/3131
Matt Phillips,https://fbref.com/en/players/7bb5f40e/Matt-Phillips,Success,Not found,"March 13, 1991 (Age: 34-257d)","Aylesbury, England, United Kingdom",183cm,Scotland sct  Other: England,DF-FW-MF (AM-WM),Right,2007-2008,16 years,Wycombe,2007,77274,https://www.transfermarkt.com/matt-phillips/profil/spieler/77274
Steven Pienaar,https://fbref.com/en/players/8056f6e6/Steven-Pienaar,Success,Not found,"March 17, 1982",Not found,170cm,South Africa,MF (AM-WM),Both,2001-2002,19 years,Ajax,2001,4321,https://www.transfermarkt.com/steven-pienaar/profil/spieler/4321
Frédéric Piquionne,https://fbref.com/en/players/62f579c5/Frederic-Piquionne,Success,Not found,"December 8, 1978",Not found,188cm,"France fr  Other: Martinique , New Caledonia",FW,Not found,2001-2002,22 years,Rennes,2001,5683,https://www.transfermarkt.com/frdric-piquionne/profil/spieler/5683
Robert Pirès,https://fbref.com/en/players/59bfafcf/Robert-Pires,Success,Not found,"October 29, 1973",Not found,185cm,France,FW-MF (AM-WM),Not found,1995-1996,21 years,Metz,1995,3185,https://www.transfermarkt.com/robert-pirs/profil/spieler/3185
Mike Pollitt,https://fbref.com/en/players/a31d9d81/Mike-Pollitt,Success,Not found,"February 29, 1972",Not found,193cm,Not found,GK,Not found,2001-2002,29 years,Rotherham Utd,2001,32217,https://www.transfermarkt.com/mike-pollitt/profil/spieler/32217
Christian Poulsen,https://fbref.com/en/players/4b83b362/Christian-Poulsen,Success,Not found,"February 28, 1980",Not found,182cm,Denmark,MF (DM),Not found,2002-2003,22 years,Schalke 04,2002,1443,https://www.transfermarkt.com/christian-poulsen/profil/spieler/1443
Danny Pugh,https://fbref.com/en/players/7f60e79c/Danny-Pugh,Success,Not found,"October 19, 1982",Not found,183cm,Not found,"DF-MF (CM-FB, left)",Right,2002-2003,19 years,Manchester Utd,2002,3546,https://www.transfermarkt.com/danny-pugh/profil/spieler/3546
Jason Puncheon,https://fbref.com/en/players/fd3f57ce/Jason-Puncheon,Success,Not found,"June 18, 1986",Not found,173cm,Not found,MF (AM-WM),Left,2003-2004,17 years,Wimbledon,2003,47995,https://www.transfermarkt.com/jason-puncheon/profil/spieler/47995
Paul Rachubka,https://fbref.com/en/players/f3229025/Paul-Rachubka,Success,Not found,"May 21, 1981",Not found,185cm,England eng  Other: United States,GK,Right,2000-2001,19 years,Manchester Utd,2000,4098,https://www.transfermarkt.com/paul-rachubka/profil/spieler/4098
Rafael,https://fbref.com/en/players/1590d66a/Rafael-Clavero,Success,Not found,"January 10, 1977",Not found,175cm,Not found,"DF (FB, left)",Not found,2000-2001,23 years,Numancia,2000,357164,https://www.transfermarkt.com/rafael/profil/spieler/357164
Ramires,https://fbref.com/en/players/6ca3ad8f/Bruno-Ramires,Success,Not found,"March 18, 1994 (Age: 31-252d)",Brazil,189cm,Not found,DF-MF,Right,2014,19 years,Cruzeiro,Not found,54170,https://www.transfermarkt.com/ramires/profil/spieler/54170
Aaron Ramsey,https://fbref.com/en/players/e1618c22/Aaron-Ramsey,Success,Not found,"January 21, 2003 (Age: 22-308d)","England, United Kingdom",178cm,England eng,MF,Not found,2019-2020,16 years,Aston Villa,2019,50057,https://www.transfermarkt.com/aaron-ramsey/profil/spieler/50057
Nile Ranger,https://fbref.com/en/players/161e95ac/Nile-Ranger,Success,Not found,"April 11, 1991 (Age: 34-228d)","Wood Green, England, United Kingdom",188cm,England eng,FW,Right,2009-2010,18 years,Newcastle Utd,2009,88750,https://www.transfermarkt.com/nile-ranger/profil/spieler/88750
Abdul Razak,https://fbref.com/en/players/354b46ef/Abdul-Razak-Dikeni,Success,Not found,"January 13, 2004",Not found,Not found,Not found,DF,Not found,2020-2021,16 years,Holstein Kiel,2020,224090,https://www.transfermarkt.com/abdul-razak/profil/spieler/224090
Andy Reid,https://fbref.com/en/players/8c4c0cf8/Andy-Reid,Success,Not found,"July 29, 1982",Not found,175cm,Republic of Ireland,MF,Not found,2001-2002,19 years,Nott'ham Forest,2001,10008,https://www.transfermarkt.com/andy-reid/profil/spieler/10008
Steven Reid,https://fbref.com/en/players/e26f852b/Steven-Reid,Success,Not found,"March 10, 1981",Not found,185cm,Republic of Ireland ie  Other: England,"DF-MF (FB, right)",Right,2001-2002,20 years,Millwall,2001,7330,https://www.transfermarkt.com/steven-reid/profil/spieler/7330
Winston Reid,https://fbref.com/en/players/562eed5c/Winston-Reid,Success,Not found,"July 3, 1988",Not found,190cm,New Zealand nz  Other: Denmark,DF (CB),Right,2005-2006,17 years,Midtjylland,2005,37526,https://www.transfermarkt.com/winston-reid/profil/spieler/37526
Pepe Reina,https://fbref.com/en/players/e358587b/Pepe-Reina,Success,Not found,"August 31, 1982",Not found,188cm,Spain,GK,Right,2000-2001,17 years,Barcelona,2000,7825,https://www.transfermarkt.com/pepe-reina/profil/spieler/7825
Nigel Reo-Coker,https://fbref.com/en/players/110d0643/Nigel-Reo-Coker,Success,Not found,"May 14, 1984",Not found,172cm,England eng,MF,Right,2001-2002,17 years,Wimbledon,2001,14060,https://www.transfermarkt.com/nigel-reo-coker/profil/spieler/14060
Micah Richards,https://fbref.com/en/players/ff87875a/Micah-Richards,Success,Not found,"June 24, 1988",Not found,180cm,England eng,"DF (CB-FB, right)",Right,2005-2006,17 years,Manchester City,2005,32617,https://www.transfermarkt.com/micah-richards/profil/spieler/32617
Kieran Richardson,https://fbref.com/en/players/d2bf40b4/Kieran-Richardson,Success,Not found,"October 21, 1984",Not found,175cm,England eng,"DF-MF (WM, left)",Left,2002-2003,17 years,Manchester Utd,2002,3548,https://www.transfermarkt.com/kieran-richardson/profil/spieler/3548
Sam Ricketts,https://fbref.com/en/players/3f8ef948/Sam-Ricketts,Success,Not found,"October 11, 1981",Not found,185cm,Wales wls  Other: England,DF (CB-FB),Both,2002-2003,20 years,Oxford United,2002,30434,https://www.transfermarkt.com/sam-ricketts/profil/spieler/30434
Liam Ridgewell,https://fbref.com/en/players/7c9e057e/Liam-Ridgewell,Success,Not found,"July 21, 1984",Not found,188cm,England eng,"DF (CB, left)",Left,2002-2003,18 years,Bournemouth,2002,4070,https://www.transfermarkt.com/liam-ridgewell/profil/spieler/4070
Cristian Riveros,https://fbref.com/en/players/56cc93db/Cristian-Riveros,Success,Not found,"August 29, 1998",Not found,Not found,Not found,GK,Not found,2020,21 years,Nacional,Not found,37713,https://www.transfermarkt.com/cristian-riveros/profil/spieler/37713
Jason Roberts,https://fbref.com/en/players/62487637/Jason-Roberts,Success,Not found,"January 25, 1978",Not found,185cm,Grenada gd  Other: England,FW,Not found,2001-2002,23 years,West Brom,2001,3666,https://www.transfermarkt.com/jason-roberts/profil/spieler/3666
Jack Robinson,https://fbref.com/en/players/7399c7a8/Jack-Robinson,Success,Not found,"September 1, 1993 (Age: 32-085d)","Warrington, England, United Kingdom",180cm,England eng,"DF (CB-FB, left)",Left,2009-2010,15 years,Liverpool,2009,183299,https://www.transfermarkt.com/jack-robinson/profil/spieler/183299
Paul Robinson,https://fbref.com/en/players/80cdbbe1/Paul-Robinson,Success,Not found,"December 14, 1978",Not found,178cm,England eng,"DF (CB-FB, left)",Left,1999-2000,20 years,Watford,1999,3630,https://www.transfermarkt.com/paul-robinson/profil/spieler/3630
Rubén Rochina,https://fbref.com/en/players/ecd8c01e/Ruben-Rochina,Success,Not found,"March 23, 1991",Not found,182cm,Spain,FW-MF,Left,2010-2011,19 years,Barcelona B,2010,67548,https://www.transfermarkt.com/rubn-rochina/profil/spieler/67548
Hugo Rodallega,https://fbref.com/en/players/9683d0b2/Hugo-Rodallega,Success,Not found,"July 25, 1985 (Age: 40-123d)","Candelaria, Colombia",180cm,Colombia,FW,Right,2005-2006,20 years,Monterrey,2005,37934,https://www.transfermarkt.com/hugo-rodallega/profil/spieler/37934
Rodrigo,https://fbref.com/en/players/ec2042ad/Rodrigo-Taddei,Success,Not found,"March 6, 1980",Not found,177cm,Not found,DF-FW-MF (FB-WM),Not found,2002-2003,22 years,Siena,2002,357565,https://www.transfermarkt.com/rodrigo/profil/spieler/357565
Maxi Rodríguez,https://fbref.com/en/players/4f06b1e0/Maxi-Rodriguez,Success,Not found,"January 2, 1981",Not found,180cm,Argentina,FW-MF (AM-WM),Not found,2002-2003,21 years,Espanyol,2002,7895,https://www.transfermarkt.com/maxi-rodrguez/profil/spieler/7895
Jack Rodwell,https://fbref.com/en/players/a07579ee/Jack-Rodwell,Success,Not found,"March 11, 1991",Not found,188cm,England eng,DF-MF,Right,2007-2008,16 years,Everton,2007,57079,https://www.transfermarkt.com/jack-rodwell/profil/spieler/57079
Wayne Rooney,https://fbref.com/en/players/f07be45a/Wayne-Rooney,Success,Not found,"October 24, 1985",Not found,176cm,England eng,FW-MF (AM),Right,2002-2003,16 years,Everton,2002,3332,https://www.transfermarkt.com/wayne-rooney/profil/spieler/3332
Danny Rose,https://fbref.com/en/players/d08e15e1/Danny-Rose,Success,Not found,"December 10, 1993 (Age: 31-350d)","Barnsley, England, United Kingdom",173cm,Not found,FW,Right,2010-2011,16 years,Barnsley,2010,50174,https://www.transfermarkt.com/danny-rose/profil/spieler/50174
Tomáš Rosický,https://fbref.com/en/players/dbb688e3/Tomas-Rosicky,Success,Not found,"October 4, 1980",Not found,180cm,Czech Republic,MF (AM-WM),Both,2000-2001,19 years,Dortmund,2000,132,https://www.transfermarkt.com/tom-rosick/profil/spieler/132
Wayne Routledge,https://fbref.com/en/players/1d387eee/Wayne-Routledge,Success,Not found,"January 7, 1985",Not found,169cm,England eng,FW-MF (WM),Right,2001-2002,16 years,Crystal Palace,2001,14066,https://www.transfermarkt.com/wayne-routledge/profil/spieler/14066
Bacary Sagna,https://fbref.com/en/players/6ef56efd/Bacary-Sagna,Success,Not found,"February 14, 1983",Not found,176cm,France,"DF (FB, right)",Right,2004-2005,21 years,Auxerre,2004,26764,https://www.transfermarkt.com/bacary-sagna/profil/spieler/26764
Louis Saha,https://fbref.com/en/players/7106e4fe/Louis-Saha,Success,Not found,"August 8, 1978",Not found,183cm,France,FW,Not found,1997-1998,18 years,Metz,1997,4015,https://www.transfermarkt.com/louis-saha/profil/spieler/4015
Carlos Salcido,https://fbref.com/en/players/190bc058/Carlos-Salcido,Success,Not found,"April 2, 1980",Not found,176cm,Mexico,DF-MF (CB-FB),Not found,2003-2004,23 years,Guadalajara,2003,31434,https://www.transfermarkt.com/carlos-salcido/profil/spieler/31434
Míchel Salgado,https://fbref.com/en/players/68f36bc6/Michel-Salgado,Success,Not found,"October 22, 1975",Not found,174cm,Spain,"DF (FB, right)",Not found,1994-1995,18 years,Celta Vigo,1994,7515,https://www.transfermarkt.com/mchel-salgado/profil/spieler/7515
Christopher Samba,https://fbref.com/en/players/e43cada1/Christopher-Samba,Success,Not found,"March 28, 1984",Not found,195cm,Congo cg  Other: France,DF (CB),Right,2005-2006,21 years,Hertha BSC,2005,29016,https://www.transfermarkt.com/christopher-samba/profil/spieler/29016
Conor Sammon,https://fbref.com/en/players/70c3608c/Conor-Sammon,Success,Not found,"November 6, 1986 (Age: 39-019d)","Dublin, Republic of Ireland",188cm,Republic of Ireland,FW,Right,2008-2009,21 years,Kilmarnock,2008,68331,https://www.transfermarkt.com/conor-sammon/profil/spieler/68331
Sandro,https://fbref.com/en/players/833fb62e/Sandro-Ramirez,Success,Not found,"July 9, 1995 (Age: 30-139d)","Las Palmas de Gran Canaria, Spain",175cm,Spain,FW-MF,Right,2013-2014,18 years,Barcelona B,2013,315853,https://www.transfermarkt.com/sandro/profil/spieler/315853
Tuncay Şanlı,https://fbref.com/en/players/e7a2dc67/Tuncay-Sanli,Success,Not found,"January 16, 1982",Not found,182cm,Turkey,FW-MF (AM),Not found,2002-2003,20 years,Fenerbahçe,2002,6934,https://www.transfermarkt.com/tuncay-anl/profil/spieler/6934
Roque Santa Cruz,https://fbref.com/en/players/7f2107eb/Roque-Santa-Cruz,Success,Not found,"August 16, 1981 (Age: 44-101d)","Luque, Paraguay",191cm,Paraguay,FW,Right,1999-2000,17 years,Bayern Munich,1999,215,https://www.transfermarkt.com/roque-santa-cruz/profil/spieler/215
Paul Scharner,https://fbref.com/en/players/d8bcce3d/Paul-Scharner,Success,Not found,"March 11, 1980",Not found,191cm,Austria,DF-MF (CB-DM),Not found,2003-2004,23 years,Austria Wien,2003,2953,https://www.transfermarkt.com/paul-scharner/profil/spieler/2953
Paul Scholes,https://fbref.com/en/players/24a3a72c/Paul-Scholes,Success,Not found,"November 16, 1974",Not found,171cm,England eng,MF (CM),Not found,1994-1995,19 years,Manchester Utd,1994,3397,https://www.transfermarkt.com/paul-scholes/profil/spieler/3397
Mark Schwarzer,https://fbref.com/en/players/da409c6f/Mark-Schwarzer,Success,Not found,"October 6, 1972",Not found,194cm,Australia,GK,Right,1994-1995,21 years,Dresden,1994,3357,https://www.transfermarkt.com/mark-schwarzer/profil/spieler/3357
Freddie Sears,https://fbref.com/en/players/07059b2e/Freddie-Sears,Success,Not found,"November 27, 1989 (Age: 35-363d)","Hornchurch, England, United Kingdom",170cm,England eng,FW-MF,Right,2007-2008,17 years,West Ham,2007,70714,https://www.transfermarkt.com/freddie-sears/profil/spieler/70714
Philippe Senderos,https://fbref.com/en/players/b1d82fc2/Philippe-Senderos,Success,Not found,"February 14, 1985",Not found,189cm,Switzerland,DF (CB),Right,2004-2005,19 years,Arsenal,2004,4277,https://www.transfermarkt.com/philippe-senderos/profil/spieler/4277
Stéphane Sessègnon,https://fbref.com/en/players/35c5f9b1/Stephane-Sessegnon,Success,Not found,"June 1, 1984",Not found,168cm,Benin,FW-MF (AM-WM),Right,2006-2007,22 years,Le Mans,2006,37157,https://www.transfermarkt.com/stphane-sessgnon/profil/spieler/37157
Ryan Shawcross,https://fbref.com/en/players/285a3d44/Ryan-Shawcross,Success,Not found,"October 4, 1987",Not found,191cm,England eng,"DF (CB, right)",Right,2007-2008,19 years,Stoke City,2007,45861,https://www.transfermarkt.com/ryan-shawcross/profil/spieler/45861
Jonjo Shelvey,https://fbref.com/en/players/3727dd3c/Jonjo-Shelvey,Success,Not found,"February 27, 1992",Not found,183cm,England eng,MF (CM-DM),Right,2007-2008,15 years,Charlton Ath,2007,71292,https://www.transfermarkt.com/jonjo-shelvey/profil/spieler/71292
Nicky Shorey,https://fbref.com/en/players/9665e2ea/Nicky-Shorey,Success,Not found,"February 19, 1981",Not found,175cm,England eng,"DF-MF (DM-FB, left)",Not found,2002-2003,21 years,Reading,2002,13426,https://www.transfermarkt.com/nicky-shorey/profil/spieler/13426
Ryan Shotton,https://fbref.com/en/players/09f82c6e/Ryan-Shotton,Success,Not found,"October 30, 1988",Not found,191cm,Not found,"DF-FW-MF (CB-FB-WM, right)",Right,2007-2008,18 years,Altrincham,2007,92109,https://www.transfermarkt.com/ryan-shotton/profil/spieler/92109
Mamady Sidibé,https://fbref.com/en/players/c4fe1d3a/Mamady-Sidibe,Success,Not found,"December 18, 1979",Not found,194cm,Mali,FW,Not found,2002-2003,22 years,Gillingham,2002,14069,https://www.transfermarkt.com/mamady-sidib/profil/spieler/14069
Steve Sidwell,https://fbref.com/en/players/ed083afd/Steve-Sidwell,Success,Not found,"December 14, 1982",Not found,178cm,England eng,MF (CM),Right,2002-2003,19 years,Reading,2002,13427,https://www.transfermarkt.com/steve-sidwell/profil/spieler/13427
David Silva,https://fbref.com/en/players/9d7db7fc/David-da-Silva,Success,Not found,"November 12, 1989 (Age: 36-013d)","Guarulhos, Brazil",Not found,Not found,FW,Not found,2016,26 years,Zweigen,Not found,35518,https://www.transfermarkt.com/david-silva/profil/spieler/35518
Paulo da Silva,https://fbref.com/en/players/c31c5bb4/Edmilson-Paulo-da-Silva,Success,Not found,"April 16, 1968",Not found,176cm,Not found,FW,Not found,1994-1995,26 years,Seraing,1994,14244,https://www.transfermarkt.com/paulo-da-silva/profil/spieler/14244
Danny Simpson,https://fbref.com/en/players/3201b03d/Danny-Simpson,Success,Not found,"January 4, 1987",Not found,178cm,Not found,"DF (FB, right)",Right,2006-2007,19 years,Sunderland,2006,37442,https://www.transfermarkt.com/danny-simpson/profil/spieler/37442
Martin Škrtel,https://fbref.com/en/players/defb905a/Martin-Skrtel,Success,Not found,"December 15, 1984",Not found,191cm,Slovakia,DF (CB),Right,2004,19 years,Zenit,Not found,24180,https://www.transfermarkt.com/martin-krtel/profil/spieler/24180
Chris Smalling,https://fbref.com/en/players/b6964eb6/Chris-Smalling,Success,Not found,"November 22, 1989 (Age: 36-003d)","Greenwich, England, United Kingdom",194cm,England eng,DF (CB),Right,2008-2009,18 years,Fulham,2008,103427,https://www.transfermarkt.com/chris-smalling/profil/spieler/103427
Alan Smith,https://fbref.com/en/players/fdac06ea/Alan-Smith,Success,Not found,"October 28, 1980",Not found,178cm,England eng,FW-MF,Right,1998-1999,17 years,Leeds United,1998,101327,https://www.transfermarkt.com/alan-smith/profil/spieler/101327
Alexandre Song,https://fbref.com/en/players/1c32281d/Alexandre-Song,Success,Not found,"September 9, 1987",Not found,185cm,Cameroon,DF-MF (AM-CB-DM),Both,2004-2005,16 years,Bastia,2004,27394,https://www.transfermarkt.com/alexandre-song/profil/spieler/27394
Keith Southern,https://fbref.com/en/players/8db518ba/Keith-Southern,Success,Not found,"April 24, 1981",Not found,178cm,Not found,MF (DM),Not found,2002-2003,21 years,Blackpool,2002,44986,https://www.transfermarkt.com/keith-southern/profil/spieler/44986
Jay Spearing,https://fbref.com/en/players/f26579f5/Jay-Spearing,Success,Not found,"November 25, 1988 (Age: 37-000d)","Wallasey, England, United Kingdom",168cm,Not found,MF (CM-DM),Right,2009-2010,20 years,Leicester City,2009,52111,https://www.transfermarkt.com/jay-spearing/profil/spieler/52111
Jonathan Spector,https://fbref.com/en/players/3670bd5c/Jonathan-Spector,Success,Not found,"March 1, 1986",Not found,182cm,United States,DF-MF (CB),Right,2004-2005,18 years,Manchester Utd,2004,24637,https://www.transfermarkt.com/jonathan-spector/profil/spieler/24637
Jordan Spence,https://fbref.com/en/players/f7780381/Jordan-Spence,Success,Not found,"May 24, 1990",Not found,182cm,England eng,"DF (FB, right)",Right,2008-2009,18 years,Leyton Orient,2008,61588,https://www.transfermarkt.com/jordan-spence/profil/spieler/61588
Sébastien Squillaci,https://fbref.com/en/players/f7ec06db/Sebastien-Squillaci,Success,Not found,"August 11, 1980",Not found,183cm,France,DF (CB),Right,2002-2003,21 years,Monaco,2002,5293,https://www.transfermarkt.com/sbastien-squillaci/profil/spieler/5293
Ronnie Stam,https://fbref.com/en/players/eb383c11/Ronnie-Stam,Success,Not found,"June 18, 1984",Not found,175cm,Not found,"DF-MF (CB-FB, right)",Right,2002-2003,18 years,NAC Breda,2002,24877,https://www.transfermarkt.com/ronnie-stam/profil/spieler/24877
Junior Stanislas,https://fbref.com/en/players/6992791d/Junior-Stanislas,Success,Not found,"November 26, 1989",Not found,183cm,England eng,"FW-MF (WM, left)",Right,2008-2009,18 years,Southend United,2008,87672,https://www.transfermarkt.com/junior-stanislas/profil/spieler/87672
Richard Stearman,https://fbref.com/en/players/9a3a436e/Richard-Stearman,Success,Not found,"August 19, 1987",Not found,191cm,England eng,"DF (CB-FB, right)",Right,2004-2005,16 years,Leicester City,2004,34349,https://www.transfermarkt.com/richard-stearman/profil/spieler/34349
Grétar Steinsson,https://fbref.com/en/players/a79e86c4/Gretar-Steinsson,Success,Not found,"January 9, 1982",Not found,189cm,Iceland,"DF (FB, right)",Not found,2004-2005,22 years,Young Boys,2004,30304,https://www.transfermarkt.com/grtar-steinsson/profil/spieler/30304
David Stockdale,https://fbref.com/en/players/dc168826/David-Stockdale,Success,Not found,"September 20, 1985",Not found,191cm,Not found,GK,Right,2002-2003,16 years,York City,2002,67339,https://www.transfermarkt.com/david-stockdale/profil/spieler/67339
Daniel Sturridge,https://fbref.com/en/players/1b7ec703/Daniel-Sturridge,Success,Not found,"September 1, 1989",Not found,188cm,England eng,FW-MF (WM),Left,2006-2007,16 years,Manchester City,2006,47082,https://www.transfermarkt.com/daniel-sturridge/profil/spieler/47082
Luis Suárez,https://fbref.com/en/players/eeba07f8/Luis-Javier-Suarez,Success,Not found,"December 2, 1997 (Age: 27-358d)","Colombia, Colombia",185cm,Colombia,FW,Right,2017-2018,19 years,Valladolid,2017,44352,https://www.transfermarkt.com/luis-surez/profil/spieler/44352
Ludovic Sylvestre,https://fbref.com/en/players/37103874/Ludovic-Sylvestre,Success,Not found,"February 5, 1984",Not found,182cm,Not found,MF,Right,2005-2006,21 years,Barcelona,2005,43248,https://www.transfermarkt.com/ludovic-sylvestre/profil/spieler/43248
Wojciech Szczęsny,https://fbref.com/en/players/01b8a2b2/Wojciech-Szczesny,Success,Not found,"April 18, 1990 (Age: 35-221d)","Warsaw, Poland",195cm,Poland,GK,Right,2009-2010,19 years,Brentford,2009,44058,https://www.transfermarkt.com/wojciech-szczsny/profil/spieler/44058
Thomas Sørensen,https://fbref.com/en/players/31d82fec/Thomas-Sorensen,Success,Not found,"June 12, 1976",Not found,193cm,Denmark,GK,Right,1999-2000,23 years,Sunderland,1999,3473,https://www.transfermarkt.com/thomas-srensen/profil/spieler/3473
Gabriel Tamaș,https://fbref.com/en/players/5d2c2f2b/Gabriel-Tamas,Success,Not found,"November 9, 1983",Not found,188cm,Romania,DF (CB),Right,2003-2004,19 years,Galatasaray,2003,6893,https://www.transfermarkt.com/gabriel-tama/profil/spieler/6893
Matthew Taylor,https://fbref.com/en/players/3b2c9cac/Matthew-Taylor,Success,Not found,"November 27, 1981",Not found,178cm,England eng,"DF-MF (AM-CM-FB-WM, left)",Left,2002-2003,20 years,Portsmouth,2002,9218,https://www.transfermarkt.com/matthew-taylor/profil/spieler/9218
Ryan Taylor,https://fbref.com/en/players/5c6dd7bc/Ryan-Taylor,Success,Not found,"August 19, 1984",Not found,179cm,England eng,"DF-MF (DM-FB, right)",Right,2002-2003,17 years,Tranmere Rovers,2002,33785,https://www.transfermarkt.com/ryan-taylor/profil/spieler/33785
Steven Taylor,https://fbref.com/en/players/9f9ba8ca/Steven-Taylor,Success,Not found,"January 23, 1986",Not found,188cm,England eng,DF (CB),Right,2003-2004,17 years,Wycombe,2003,17273,https://www.transfermarkt.com/steven-taylor/profil/spieler/17273
Gary Taylor-Fletcher,https://fbref.com/en/players/62c612b8/Gary-Taylor-Fletcher,Success,Not found,"June 4, 1981",Not found,183cm,Not found,FW-MF,Right,2002-2003,21 years,Leyton Orient,2002,49101,https://www.transfermarkt.com/gary-taylor-fletcher/profil/spieler/49101
Somen Tchoyi,https://fbref.com/en/players/84f5fc82/Somen-Tchoyi,Success,Not found,"March 29, 1983",Not found,190cm,Cameroon,MF (AM),Not found,2005,21 years,Odd,Not found,37058,https://www.transfermarkt.com/somen-tchoyi/profil/spieler/37058
John Terry,https://fbref.com/en/players/68517cfd/John-Terry,Success,Not found,"December 7, 1980",Not found,187cm,England eng,DF (CB),Right,1998-1999,17 years,Chelsea,1998,3160,https://www.transfermarkt.com/john-terry/profil/spieler/3160
Carlos Tevez,https://fbref.com/en/players/c1a26d43/Carlos-Tevez,Success,Not found,"February 5, 1984",Not found,173cm,Argentina,FW-MF,Both,2006-2007,22 years,West Ham,2006,4276,https://www.transfermarkt.com/carlos-tevez/profil/spieler/4276
Hendry Thomas,https://fbref.com/en/players/bf53ebe9/Hendry-Thomas,Success,Not found,"February 23, 1985",Not found,180cm,Honduras,MF (DM),Not found,2009-2010,24 years,Wigan Athletic,2009,62275,https://www.transfermarkt.com/hendry-thomas/profil/spieler/62275
Jerome Thomas,https://fbref.com/en/players/94cf0dab/Jerome-Thomas,Success,Not found,"March 23, 1983",Not found,178cm,England eng,"FW-MF (WM, left)",Left,2002-2003,19 years,QPR,2002,3560,https://www.transfermarkt.com/jerome-thomas/profil/spieler/3560
George Thorne,https://fbref.com/en/players/e1a933d2/George-Thorne,Success,Not found,"January 4, 1993",Not found,188cm,England eng,MF,Right,2009-2010,16 years,West Brom,2009,128910,https://www.transfermarkt.com/george-thorne/profil/spieler/128910
Cheick Tioté,https://fbref.com/en/players/e1270968/Cheick-Tiote,Success,Not found,"June 21, 1986",Not found,180cm,Côte d'Ivoire,MF (DM),Right,2005-2006,19 years,Anderlecht,2005,33478,https://www.transfermarkt.com/cheick-tiot/profil/spieler/33478
James Tomkins,https://fbref.com/en/players/e7ca0439/James-Tomkins,Success,Not found,"March 29, 1989",Not found,190cm,England eng,"DF-MF (CB-DM, right)",Right,2007-2008,18 years,West Ham,2007,61592,https://www.transfermarkt.com/james-tomkins/profil/spieler/61592
Michael Tonge,https://fbref.com/en/players/046f30a8/Michael-Tonge,Success,Not found,"April 7, 1983",Not found,183cm,England eng,MF,Left,2001-2002,18 years,Sheffield Utd,2001,13544,https://www.transfermarkt.com/michael-tonge/profil/spieler/13544
Fernando Torres,https://fbref.com/en/players/bdf7b97d/Fernando-Torres,Success,Not found,"March 20, 1984",Not found,185cm,Spain,FW,Right,2001-2002,17 years,Atlético Madrid,2001,7767,https://www.transfermarkt.com/fernando-torres/profil/spieler/7767
Kolo Touré,https://fbref.com/en/players/3301c9f4/Kolo-Toure,Success,Not found,"March 19, 1981",Not found,183cm,Côte d'Ivoire,DF (CB),Right,2002-2003,21 years,Arsenal,2002,3202,https://www.transfermarkt.com/kolo-tour/profil/spieler/3202
Yaya Touré,https://fbref.com/en/players/c204f844/Yaya-Toure,Success,Not found,"May 13, 1983",Not found,191cm,Côte d'Ivoire,MF (CB-CM),Right,2003-2004,20 years,Beveren,2003,13091,https://www.transfermarkt.com/yaya-tour/profil/spieler/13091
Michael Turner,https://fbref.com/en/players/422a65eb/Michael-Turner,Success,Not found,"November 9, 1983",Not found,193cm,Not found,DF (CB),Right,2002-2003,18 years,Leyton Orient,2002,12127,https://www.transfermarkt.com/michael-turner/profil/spieler/12127
Matt Upson,https://fbref.com/en/players/1a6e6d03/Matt-Upson,Success,Not found,"April 18, 1979",Not found,185cm,England eng,DF (CB),Left,1997-1998,18 years,Arsenal,1997,3273,https://www.transfermarkt.com/matt-upson/profil/spieler/3273
Antonio Valencia,https://fbref.com/en/players/c56a24e4/Antonio-Valencia,Success,Not found,"May 5, 1925",Not found,164cm,Bolivia,MF,Not found,1950,25 years,bo Bolivia,Not found,33544,https://www.transfermarkt.com/antonio-valencia/profil/spieler/33544
Jelle Van Damme,https://fbref.com/en/players/406eb232/Jelle-Van-Damme,Success,Not found,"October 10, 1983",Not found,194cm,Belgium,"DF-MF (AM-CB-DM-FB-WM, left)",Left,2002-2003,18 years,Ajax,2002,4323,https://www.transfermarkt.com/jelle-van-damme/profil/spieler/4323
Luke Varney,https://fbref.com/en/players/1757d8ed/Luke-Varney,Success,Not found,"September 28, 1982",Not found,180cm,Not found,FW-MF (WM),Right,2003-2004,20 years,Crewe Alexandra,2003,14177,https://www.transfermarkt.com/luke-varney/profil/spieler/14177
David Vaughan,https://fbref.com/en/players/b950cb68/David-Vaughan,Success,Not found,"February 18, 1983",Not found,170cm,Wales wls,MF (CM-DM),Left,2001-2002,18 years,Crewe Alexandra,2001,14178,https://www.transfermarkt.com/david-vaughan/profil/spieler/14178
James Vaughan,https://fbref.com/en/players/4fb0dc59/James-Vaughan,Success,Not found,"July 14, 1988",Not found,180cm,England eng,FW,Right,2004-2005,16 years,Everton,2004,30471,https://www.transfermarkt.com/james-vaughan/profil/spieler/30471
Carlos Vela,https://fbref.com/en/players/6c502207/Carlos-Alberto-Vela,Success,Not found,"March 14, 1984",Not found,178cm,Not found,FW,Not found,2006-2007,22 years,Monterrey,2006,35773,https://www.transfermarkt.com/carlos-vela/profil/spieler/35773
Apostolos Vellios,https://fbref.com/en/players/44918bf5/Apostolos-Vellios,Success,Not found,"January 8, 1992",Not found,191cm,Greece,FW,Right,2009-2010,17 years,Iraklis,2009,124495,https://www.transfermarkt.com/apostolos-vellios/profil/spieler/124495
Thomas Vermaelen,https://fbref.com/en/players/d0d79694/Thomas-Vermaelen,Success,Not found,"November 14, 1985",Not found,183cm,Belgium,"DF (CB, left)",Left,2003-2004,17 years,Ajax,2003,15904,https://www.transfermarkt.com/thomas-vermaelen/profil/spieler/15904
Nemanja Vidić,https://fbref.com/en/players/4b30b37e/Nemanja-Vidic,Success,Not found,"October 21, 1981",Not found,190cm,Serbia,DF (CB),Right,2004,22 years,Spartak Moscow,Not found,19726,https://www.transfermarkt.com/nemanja-vidi/profil/spieler/19726
Patrick Vieira,https://fbref.com/en/players/55a500df/Patrick-Vieira,Success,Not found,"January 11, 1992 (Age: 33-318d)","Rio de Janeiro, Brazil",181cm,Not found,MF (AM),Not found,2014,22 years,Palmeiras,Not found,3183,https://www.transfermarkt.com/patrick-vieira/profil/spieler/3183
Sam Vokes,https://fbref.com/en/players/1d6ac165/Sam-Vokes,Success,Not found,"October 21, 1989 (Age: 36-035d)","Southampton, England, United Kingdom",186cm,Wales wls  Other: England,FW,Right,2006-2007,16 years,Bournemouth,2006,48078,https://www.transfermarkt.com/sam-vokes/profil/spieler/48078
Reece Wabara,https://fbref.com/en/players/0c7d15af/Reece-Wabara,Success,Not found,"December 28, 1991",Not found,182cm,England eng,DF,Right,2010-2011,18 years,Manchester City,2010,121416,https://www.transfermarkt.com/reece-wabara/profil/spieler/121416
Martyn Waghorn,https://fbref.com/en/players/8ebea784/Martyn-Waghorn,Success,Not found,"January 23, 1990 (Age: 35-306d)","South Shields, England, United Kingdom",176cm,England eng,FW-MF (AM),Left,2007-2008,17 years,Sunderland,2007,61674,https://www.transfermarkt.com/martyn-waghorn/profil/spieler/61674
Theo Walcott,https://fbref.com/en/players/1ecb65be/Theo-Walcott,Success,Not found,"March 16, 1989",Not found,176cm,England eng,"FW-MF (AM-WM, right)",Right,2005-2006,16 years,Southampton,2005,33713,https://www.transfermarkt.com/theo-walcott/profil/spieler/33713
Kyle Walker,https://fbref.com/en/players/984a5a64/Kyle-Walker-Peters,Success,Not found,"April 13, 1997 (Age: 28-226d)","London, England, United Kingdom",173cm,England eng,DF-MF (FB),Right,2015-2016,18 years,Tottenham,2015,95424,https://www.transfermarkt.com/kyle-walker/profil/spieler/95424
Jonathan Walters,https://fbref.com/en/players/0356cf4f/Jonathan-Walters,Success,Not found,"September 20, 1983",Not found,183cm,Republic of Ireland ie  Other: England,"FW-MF (WM, right)",Right,2002-2003,18 years,Bolton,2002,3306,https://www.transfermarkt.com/jonathan-walters/profil/spieler/3306
Stephen Ward,https://fbref.com/en/players/3831b9fe/Stephen-Ward,Success,Not found,"August 20, 1985",Not found,185cm,Republic of Ireland,"DF-FW-MF (FB-WM, left)",Left,2006-2007,20 years,Wolves,2006,34691,https://www.transfermarkt.com/stephen-ward/profil/spieler/34691
Stephen Warnock,https://fbref.com/en/players/07869028/Stephen-Warnock,Success,Not found,"December 12, 1981",Not found,180cm,England eng,"DF (FB, left)",Left,2002-2003,20 years,Bradford City,2002,3308,https://www.transfermarkt.com/stephen-warnock/profil/spieler/3308
Ben Watson,https://fbref.com/en/players/df540668/Ben-Watson,Success,Not found,"July 9, 1985",Not found,178cm,England eng,MF (CM-DM),Both,2002-2003,17 years,Crystal Palace,2002,14081,https://www.transfermarkt.com/ben-watson/profil/spieler/14081
Andreas Weimann,https://fbref.com/en/players/5996ffd9/Andreas-Weimann,Success,Not found,"August 5, 1991 (Age: 34-112d)",Austria,188cm,Austria,FW-MF (AM-WM),Right,2010-2011,18 years,Aston Villa,2010,49693,https://www.transfermarkt.com/andreas-weimann/profil/spieler/49693
Danny Welbeck,https://fbref.com/en/players/ce5143da/Danny-Welbeck,Success,Not found,"November 26, 1990 (Age: 34-364d)","Manchester, England, United Kingdom",185cm,England eng,FW-MF (WM),Right,2008-2009,17 years,Manchester Utd,2008,67063,https://www.transfermarkt.com/danny-welbeck/profil/spieler/67063
David Wheater,https://fbref.com/en/players/2ad3ea29/David-Wheater,Success,Not found,"February 14, 1987",Not found,196cm,England eng,"DF (CB-FB, right)",Right,2005-2006,18 years,Doncaster,2005,29199,https://www.transfermarkt.com/david-wheater/profil/spieler/29199
Glenn Whelan,https://fbref.com/en/players/d5bd56a5/Glenn-Whelan,Success,Not found,"January 13, 1984",Not found,180cm,Republic of Ireland,MF (CM-DM),Right,2003-2004,19 years,Bury,2003,12124,https://www.transfermarkt.com/glenn-whelan/profil/spieler/12124
Dean Whitehead,https://fbref.com/en/players/a32204c9/Dean-Whitehead,Success,Not found,"January 21, 1982",Not found,180cm,Not found,"DF-MF (CM-FB, right)",Right,2002-2003,20 years,Oxford United,2002,13683,https://www.transfermarkt.com/dean-whitehead/profil/spieler/13683
Andy Wilkinson,https://fbref.com/en/players/9aca56d3/Andy-Wilkinson,Success,Not found,"August 6, 1984",Not found,180cm,Not found,"DF (FB, right)",Right,2003-2004,18 years,Stoke City,2003,13616,https://www.transfermarkt.com/andy-wilkinson/profil/spieler/13616
Mike Williamson,https://fbref.com/en/players/98fbb38d/Mike-Williamson,Success,Not found,"November 8, 1983",Not found,193cm,Not found,DF (CB),Right,2003-2004,19 years,Torquay United,2003,10642,https://www.transfermarkt.com/mike-williamson/profil/spieler/10642
Jack Wilshere,https://fbref.com/en/players/9c318325/Jack-Wilshere,Success,Not found,"January 1, 1992",Not found,172cm,England eng,MF,Left,2008-2009,16 years,Arsenal,2008,74223,https://www.transfermarkt.com/jack-wilshere/profil/spieler/74223
Danny Wilson,https://fbref.com/en/players/9cfe9254/Danny-Wilson,Success,Not found,"December 27, 1991 (Age: 33-333d)","Livingston, Scotland, United Kingdom",187cm,Scotland sct,DF (CB),Left,2009-2010,17 years,Rangers,2009,103819,https://www.transfermarkt.com/danny-wilson/profil/spieler/103819
Marc Wilson,https://fbref.com/en/players/c325c010/Marc-Wilson,Success,Not found,"August 17, 1987",Not found,188cm,Republic of Ireland ie  Other: Northern Ireland,DF-MF,Right,2005-2006,17 years,Yeovil Town,2005,30456,https://www.transfermarkt.com/marc-wilson/profil/spieler/30456
Chris Wood,https://fbref.com/en/players/4e9a0555/Chris-Wood,Success,Not found,"December 7, 1991 (Age: 33-353d)","Auckland, New Zealand",191cm,New Zealand,FW,Right,2008-2009,16 years,West Brom,2008,108725,https://www.transfermarkt.com/chris-wood/profil/spieler/108725
Shaun Wright-Phillips,https://fbref.com/en/players/e1e0b05f/Shaun-Wright-Phillips,Success,Not found,"October 25, 1981",Not found,166cm,England eng,"FW-MF (AM-WM, right)",Right,2000-2001,18 years,Manchester City,2000,3467,https://www.transfermarkt.com/shaun-wright-phillips/profil/spieler/3467
Xisco,https://fbref.com/en/players/d2790f7a/Xisco,Success,Not found,"June 26, 1986",Not found,188cm,Spain,FW,Right,2004-2005,18 years,La Coruña,2004,15465,https://www.transfermarkt.com/xisco/profil/spieler/15465
Ashley Young,https://fbref.com/en/players/be927d03/Ashley-Young,Success,Not found,"July 9, 1985 (Age: 40-139d)","Stevenage, England, United Kingdom",175cm,England eng,"DF-FW-MF (FB-WM, left)",Right,2003-2004,18 years,Watford,2003,14086,https://www.transfermarkt.com/ashley-young/profil/spieler/14086
Luke Young,https://fbref.com/en/players/409a29d7/Luke-Young,Success,Not found,"July 19, 1979",Not found,180cm,England eng,"DF (FB, right)",Not found,1998-1999,19 years,Tottenham,1998,3271,https://www.transfermarkt.com/luke-young/profil/spieler/3271
Pablo Zabaleta,https://fbref.com/en/players/6813ac34/Pablo-Zabaleta,Success,Not found,"January 16, 1985",Not found,176cm,Argentina,"DF-MF (FB, right)",Right,2005-2006,20 years,Espanyol,2005,20007,https://www.transfermarkt.com/pablo-zabaleta/profil/spieler/20007
Bobby Zamora,https://fbref.com/en/players/7ddb3563/Bobby-Zamora,Success,Not found,"January 16, 1981",Not found,185cm,England eng,FW,Both,2002-2003,21 years,Brighton,2002,4205,https://www.transfermarkt.com/bobby-zamora/profil/spieler/4205
Boudewijn Zenden,https://fbref.com/en/players/4e27a622/Boudewijn-Zenden,Success,Not found,"August 15, 1976",Not found,174cm,Netherlands,"DF-FW-MF (AM-FB-WM, left)",Not found,1998-1999,21 years,Barcelona,1998,3173,https://www.transfermarkt.com/boudewijn-zenden/profil/spieler/3173
Yuri Zhirkov,https://fbref.com/en/players/ed2b33cb/Yuri-Zhirkov,Success,Not found,"August 20, 1983",Not found,180cm,Russia,"DF-MF (FB-WM, left)",Left,2004,20 years,CSKA Moscow,Not found,16760,https://www.transfermarkt.com/yuri-zhirkov/profil/spieler/16760
Nikola Žigić,https://fbref.com/en/players/aad584e0/Nikola-Zigic,Success,Not found,"September 25, 1980",Not found,202cm,Serbia,FW,Right,2006-2007,25 years,Racing Sant,2006,19729,https://www.transfermarkt.com/nikola-igi/profil/spieler/19729
Ronald Zubar,https://fbref.com/en/players/57935ba0/Ronald-Zubar,Success,Not found,"September 20, 1985",Not found,186cm,France fr  Other: Guadeloupe,DF,Right,2004-2005,18 years,Caen,2004,22645,https://www.transfermarkt.com/ronald-zubar/profil/spieler/22645
Gianni Zuiverloon,https://fbref.com/en/players/22d7fe43/Gianni-Zuiverloon,Success,Not found,"December 30, 1986",Not found,179cm,Netherlands,DF (CB-FB),Right,2004-2005,17 years,Feyenoord,2004,27304,https://www.transfermarkt.com/gianni-zuiverloon/profil/spieler/27304
Patrick van Aanholt,https://fbref.com/en/players/5f09991f/Patrick-van-Aanholt,Success,Not found,"August 29, 1990 (Age: 35-088d)","Gemeente 's-Hertogenbosch, Netherlands",175cm,Netherlands,"DF (FB, left)",Left,2009-2010,18 years,Coventry City,2009,52119,https://www.transfermarkt.com/patrick-van-aanholt/profil/spieler/52119
Sergio Agüero,https://fbref.com/en/players/4d034881/Sergio-Aguero,Success,Not found,"June 2, 1988",Not found,172cm,Argentina,FW,Right,2006-2007,18 years,Atlético Madrid,2006,26399,https://www.transfermarkt.com/sergio-agero/profil/spieler/26399
Kemy Agustien,https://fbref.com/en/players/027a5151/Kemy-Agustien,Success,Not found,"August 20, 1986",Not found,178cm,Curaçao cw  Other: Netherlands,DF-MF (CB-CM),Right,2004-2005,17 years,Willem II,2004,24862,https://www.transfermarkt.com/kemy-agustien/profil/spieler/24862
Patrick Agyemang,https://fbref.com/en/players/80f1245c/Patrick-Agyemang,Success,Not found,"September 29, 1980",Not found,185cm,Ghana gh  Other: England,FW,Not found,2001-2002,20 years,Wimbledon,2001,1089574,https://www.transfermarkt.com/patrick-agyemang/profil/spieler/1089574
Joe Allen,https://fbref.com/en/players/9feb8f24/Joe-Allen,Success,Not found,"March 14, 1990 (Age: 35-256d)","Carmarthen, Wales, United Kingdom",168cm,Wales wls,MF (CM-DM-WM),Right,2006-2007,16 years,Swansea City,2006,51452,https://www.transfermarkt.com/joe-allen/profil/spieler/51452
Ben Amos,https://fbref.com/en/players/f6799cd2/Ben-Amos,Success,Not found,"April 10, 1990 (Age: 35-229d)","Macclesfield, England, United Kingdom",185cm,England eng,GK,Right,2009-2010,19 years,P'borough Utd,2009,73472,https://www.transfermarkt.com/ben-amos/profil/spieler/73472
Bruno Andrade,https://fbref.com/en/players/6e87c80f/Bruno-Andrade,Success,Not found,"October 2, 1993 (Age: 32-054d)","Viseu, Portugal",175cm,Not found,FW-MF (WM),Right,2010-2011,16 years,QPR,2010,159570,https://www.transfermarkt.com/bruno-andrade/profil/spieler/159570
John Arne Riise,https://fbref.com/en/players/9bf988c2/John-Arne-Riise,Success,Not found,"September 24, 1980",Not found,185cm,Norway,"DF-MF (FB-WM, left)",Not found,1998-1999,17 years,Monaco,1998,3220,https://www.transfermarkt.com/john-arne-riise/profil/spieler/3220
Daniel Ayala,https://fbref.com/en/players/302560a0/Daniel-Ayala,Success,Not found,"November 7, 1990",Not found,190cm,Spain,DF (CB),Right,2009-2010,18 years,Liverpool,2009,78966,https://www.transfermarkt.com/daniel-ayala/profil/spieler/78966
Ross Barkley,https://fbref.com/en/players/3a24769f/Ross-Barkley,Success,Not found,"December 5, 1993 (Age: 31-355d)","Liverpool, England, United Kingdom",189cm,England eng,MF (AM-CM),Right,2011-2012,17 years,Everton,2011,131978,https://www.transfermarkt.com/ross-barkley/profil/spieler/131978
Leon Barnett,https://fbref.com/en/players/76854cdf/Leon-Barnett,Success,Not found,"November 30, 1985",Not found,185cm,Not found,DF (CB-FB),Right,2005-2006,19 years,Luton Town,2005,33484,https://www.transfermarkt.com/leon-barnett/profil/spieler/33484
Craig Bellamy,https://fbref.com/en/players/b9eae55b/Craig-Bellamy,Success,Not found,"July 13, 1979",Not found,175cm,Wales wls,FW,Not found,2000-2001,21 years,Coventry City,2000,3297,https://www.transfermarkt.com/craig-bellamy/profil/spieler/3297
Elliott Bennett,https://fbref.com/en/players/02c9ea40/Elliott-Bennett,Success,Not found,"December 18, 1988",Not found,175cm,Not found,"DF-MF (AM-FB-WM, right)",Right,2007-2008,18 years,Crewe Alexandra,2007,43193,https://www.transfermarkt.com/elliott-bennett/profil/spieler/43193
Ryan Bennett,https://fbref.com/en/players/0bad4516/Ryan-Bennett,Success,Not found,"March 6, 1990",Not found,188cm,England eng,DF (CB),Right,2006-2007,16 years,Grimsby Town,2006,67252,https://www.transfermarkt.com/ryan-bennett/profil/spieler/67252
Federico Bessone,https://fbref.com/en/players/7570ed49/Federico-Bessone,Success,Not found,"January 23, 1984",Not found,178cm,Not found,"DF (FB, left)",Left,2007-2008,23 years,Gimnàstic,2007,57973,https://www.transfermarkt.com/federico-bessone/profil/spieler/57973
Nick Blackman,https://fbref.com/en/players/d4e7c451/Nick-Blackman,Success,Not found,"November 11, 1989",Not found,188cm,Not found,FW-MF,Right,2006-2007,16 years,Macclesfield,2006,67369,https://www.transfermarkt.com/nick-blackman/profil/spieler/67369
Jay Bothroyd,https://fbref.com/en/players/8cdc5afd/Jay-Bothroyd,Success,Not found,"May 7, 1982",Not found,190cm,England eng,FW,Not found,2000-2001,18 years,Coventry City,2000,8188,https://www.transfermarkt.com/jay-bothroyd/profil/spieler/8188
Leon Britton,https://fbref.com/en/players/b92dd711/Leon-Britton,Success,Not found,"September 16, 1982",Not found,165cm,England eng,MF,Right,2002-2003,19 years,Swansea City,2002,40043,https://www.transfermarkt.com/leon-britton/profil/spieler/40043
Ákos Buzsáky,https://fbref.com/en/players/3fe9ae90/Akos-Buzsaky,Success,Not found,"May 7, 1982",Not found,180cm,Hungary,MF (AM),Not found,2002-2003,20 years,Porto,2002,13878,https://www.transfermarkt.com/kos-buzsky/profil/spieler/13878
Yohan Cabaye,https://fbref.com/en/players/ad7b19ef/Yohan-Cabaye,Success,Not found,"January 14, 1986",Not found,175cm,France,MF (CM),Right,2004-2005,18 years,Lille,2004,29434,https://www.transfermarkt.com/yohan-cabaye/profil/spieler/29434
Samir Carruthers,https://fbref.com/en/players/5a853458/Samir-Carruthers,Success,Not found,"April 4, 1993",Not found,173cm,Republic of Ireland ie  Other: England,MF (WM),Left,2011-2012,18 years,Aston Villa,2011,146488,https://www.transfermarkt.com/samir-carruthers/profil/spieler/146488
Steven Caulker,https://fbref.com/en/players/2592d9b5/Steven-Caulker,Success,Not found,"December 29, 1991 (Age: 33-331d)","Feltham, England, United Kingdom",191cm,Sierra Leone sl  Other: England,DF (CB),Right,2009-2010,17 years,Yeovil Town,2009,121280,https://www.transfermarkt.com/steven-caulker/profil/spieler/121280
Radek Černý,https://fbref.com/en/players/190c0bb8/Radek-Cerny,Success,Not found,"February 18, 1974",Not found,187cm,Czech Republic,GK,Not found,2004-2005,30 years,Tottenham,2004,21010,https://www.transfermarkt.com/radek-ern/profil/spieler/21010
Park Chu-young,https://fbref.com/en/players/d9fa272a/Park-Chu-young,Success,Not found,"July 10, 1985",Not found,182cm,Korea Republic,FW-MF (AM),Right,2008-2009,23 years,Monaco,2008,30982,https://www.transfermarkt.com/park-chu-young/profil/spieler/30982
Djibril Cissé,https://fbref.com/en/players/7e6917be/Djibril-Cisse,Success,Not found,"August 12, 1981",Not found,182cm,France,FW,Right,1998-1999,16 years,Auxerre,1998,3966,https://www.transfermarkt.com/djibril-ciss/profil/spieler/3966
Papiss Cissé,https://fbref.com/en/players/40f3ff51/Papiss-Cisse,Success,Not found,"June 3, 1985",Not found,183cm,Senegal,FW,Right,2005-2006,20 years,Metz,2005,33952,https://www.transfermarkt.com/papiss-ciss/profil/spieler/33952
Sebastián Coates,https://fbref.com/en/players/1fbbfbde/Sebastian-Coates,Success,Not found,"October 7, 1990 (Age: 35-049d)","Montevideo, Uruguay",196cm,Uruguay,DF (CB),Right,2011-2012,20 years,Liverpool,2011,102427,https://www.transfermarkt.com/sebastin-coates/profil/spieler/102427
Matthew Connolly,https://fbref.com/en/players/2797fc1d/Matthew-Connolly,Success,Not found,"September 24, 1987",Not found,189cm,Not found,DF (CB),Right,2006-2007,18 years,Bournemouth,2006,34559,https://www.transfermarkt.com/matthew-connolly/profil/spieler/34559
Francis Coquelin,https://fbref.com/en/players/a6951bf8/Francis-Coquelin,Success,Not found,"May 13, 1991 (Age: 34-196d)","Laval, France",178cm,France,DF-MF (CM-DM-FB),Right,2010-2011,19 years,Lorient,2010,74869,https://www.transfermarkt.com/francis-coquelin/profil/spieler/74869
Andrew Crofts,https://fbref.com/en/players/5ba16a76/Andrew-Crofts,Success,Not found,"May 29, 1984",Not found,175cm,Wales wls  Other: England,MF,Right,2003-2004,19 years,Gillingham,2003,14003,https://www.transfermarkt.com/andrew-crofts/profil/spieler/14003
Albert Crusat,https://fbref.com/en/players/ba027002/Albert-Crusat,Success,Not found,"May 13, 1982",Not found,165cm,Spain,"FW-MF (AM-WM, left)",Not found,2002-2003,20 years,Espanyol,2002,51536,https://www.transfermarkt.com/albert-crusat/profil/spieler/51536
David Davis,https://fbref.com/en/players/d992542e/David-Davis,Success,Not found,"February 20, 1991",Not found,173cm,Not found,MF (CM),Right,2009-2010,18 years,Darlington,2009,129054,https://www.transfermarkt.com/david-davis/profil/spieler/129054
Craig Dawson,https://fbref.com/en/players/3e9e06cb/Craig-Dawson,Success,Not found,"May 6, 1990",Not found,188cm,England eng,DF (CB-FB),Right,2009-2010,19 years,Rochdale,2009,121477,https://www.transfermarkt.com/craig-dawson/profil/spieler/121477
Ritchie De Laet,https://fbref.com/en/players/dc234f98/Ritchie-De-Laet,Success,Not found,"November 28, 1988",Not found,186cm,Belgium,DF (CB-FB),Right,2008-2009,19 years,Wrexham,2008,55687,https://www.transfermarkt.com/ritchie-de-laet/profil/spieler/55687
Shaun Derry,https://fbref.com/en/players/e3606bf2/Shaun-Derry,Success,Not found,"December 6, 1977",Not found,183cm,Not found,MF,Not found,2001-2002,23 years,Portsmouth,2001,14007,https://www.transfermarkt.com/shaun-derry/profil/spieler/14007
Samba Diakité,https://fbref.com/en/players/6bc6f173/Samba-Diakite,Success,Not found,"January 24, 1989",Not found,186cm,Mali ml  Other: France,MF (DM),Right,2009-2010,20 years,Nancy,2009,136589,https://www.transfermarkt.com/samba-diakit/profil/spieler/136589
Mahamadou Diarra,https://fbref.com/en/players/4a6c3ade/Mahamadou-Diarra,Success,Not found,"May 18, 1981",Not found,183cm,Mali,MF (CM-DM),Not found,2000-2001,19 years,Vitesse,2000,5352,https://www.transfermarkt.com/mahamadou-diarra/profil/spieler/5352
Stephen Dobbie,https://fbref.com/en/players/2d67e9c7/Stephen-Dobbie,Success,Not found,"December 5, 1982",Not found,178cm,Not found,FW,Right,2003-2004,20 years,Hibernian,2003,12693,https://www.transfermarkt.com/stephen-dobbie/profil/spieler/12693
Matt Doherty,https://fbref.com/en/players/d557d734/Matt-Doherty,Success,Not found,"January 16, 1992 (Age: 33-313d)","Dublin, Republic of Ireland",182cm,Republic of Ireland,"DF-MF (DM-FB-WM, right)",Right,2011-2012,19 years,Hibernian,2011,171679,https://www.transfermarkt.com/matt-doherty/profil/spieler/171679
Ji Dong-won,https://fbref.com/en/players/7d841904/Ji-Dong-won,Success,Not found,"May 28, 1991 (Age: 34-181d)","Jeju-si, Korea Republic",189cm,Korea Republic,FW-MF,Right,2011-2012,20 years,Sunderland,2011,164265,https://www.transfermarkt.com/ji-dong-won/profil/spieler/164265
Doni,https://fbref.com/en/players/4b6a7e60/Cristiano-Doni,Success,Not found,"April 1, 1973",Not found,186cm,Italy,MF (AM),Not found,1997-1998,24 years,Brescia,1997,102584,https://www.transfermarkt.com/doni/profil/spieler/102584
Landon Donovan,https://fbref.com/en/players/594d4046/Landon-Donovan,Success,Not found,"March 4, 1982",Not found,173cm,United States,FW-MF (AM-WM),Both,2001,18 years,SJ Earthquakes,Not found,68,https://www.transfermarkt.com/landon-donovan/profil/spieler/68
Royston Drenthe,https://fbref.com/en/players/3d512ff2/Royston-Drenthe,Success,Not found,"April 8, 1987",Not found,168cm,Netherlands,"DF-MF (DM-FB-WM, left)",Left,2005-2006,18 years,Feyenoord,2005,35631,https://www.transfermarkt.com/royston-drenthe/profil/spieler/35631
Adam Drury,https://fbref.com/en/players/cc8f5f70/Adam-Drury,Success,Not found,"August 29, 1978",Not found,180cm,Not found,DF,Not found,2001-2002,22 years,Norwich City,2001,11663,https://www.transfermarkt.com/adam-drury/profil/spieler/11663
Shane Duffy,https://fbref.com/en/players/7314bba4/Shane-Duffy,Success,Not found,"January 1, 1992 (Age: 33-328d)","Derry, Northern Ireland, United Kingdom",193cm,Republic of Ireland ie  Other: Northern Ireland,"DF-MF (CB, right)",Right,2010-2011,18 years,Burnley,2010,119269,https://www.transfermarkt.com/shane-duffy/profil/spieler/119269
Nathan Dyer,https://fbref.com/en/players/6dfd5af0/Nathan-Dyer,Success,Not found,"November 29, 1987",Not found,165cm,Not found,"FW-MF (WM, right)",Right,2005-2006,17 years,Burnley,2005,37011,https://www.transfermarkt.com/nathan-dyer/profil/spieler/37011
Chris Eagles,https://fbref.com/en/players/92aadee9/Chris-Eagles,Success,Not found,"November 19, 1985",Not found,178cm,Not found,"MF (WM, right)",Right,2004-2005,18 years,Watford,2004,24635,https://www.transfermarkt.com/chris-eagles/profil/spieler/24635
Hogan Ephraim,https://fbref.com/en/players/668b380c/Hogan-Ephraim,Success,Not found,"March 31, 1988",Not found,175cm,England eng,FW-MF (WM),Not found,2006-2007,18 years,Colchester Utd,2006,31883,https://www.transfermarkt.com/hogan-ephraim/profil/spieler/31883
Alejandro Faurlín,https://fbref.com/en/players/594d286e/Alejandro-Faurlin,Success,Not found,"August 9, 1986",Not found,185cm,Argentina,MF,Left,2009-2010,22 years,QPR,2009,88067,https://www.transfermarkt.com/alejandro-faurln/profil/spieler/88067
Anthony Forde,https://fbref.com/en/players/2d139834/Anthony-Forde,Success,Not found,"November 16, 1993 (Age: 32-009d)","Ballingarry, Republic of Ireland",175cm,Republic of Ireland,DF-FW-MF (FB-WM),Right,2011-2012,17 years,Wolves,2011,146494,https://www.transfermarkt.com/anthony-forde/profil/spieler/146494
Mauro Formica,https://fbref.com/en/players/fd554256/Mauro-Formica,Success,Not found,"April 4, 1988",Not found,176cm,Argentina,MF (AM),Right,2011-2012,23 years,Blackburn,2011,55870,https://www.transfermarkt.com/mauro-formica/profil/spieler/55870
David Fox,https://fbref.com/en/players/102a7473/David-Fox,Success,Not found,"December 13, 1983",Not found,180cm,England eng,MF,Right,2004-2005,20 years,Shrewsbury,2004,4219,https://www.transfermarkt.com/david-fox/profil/spieler/4219
Kerim Frei,https://fbref.com/en/players/729e3e14/Kerim-Frei,Success,Not found,"November 19, 1993 (Age: 32-006d)","Feldkirch, Austria",171cm,"Turkey tr  Other: Austria , Switzerland",FW-MF (AM-WM),Right,2011-2012,17 years,Fulham,2011,146844,https://www.transfermarkt.com/kerim-frei/profil/spieler/146844
Emmanuel Frimpong,https://fbref.com/en/players/7a2b16ff/Emmanuel-Frimpong,Success,Not found,"November 17, 2005",Not found,Not found,Not found,FW,Not found,2022-2023,16 years,Leverkusen,2022,93056,https://www.transfermarkt.com/emmanuel-frimpong/profil/spieler/93056
Zeki Fryers,https://fbref.com/en/players/f58d6213/Zeki-Fryers,Success,Not found,"September 9, 1992",Not found,183cm,Not found,DF (CB),Left,2011-2012,18 years,Manchester Utd,2011,141655,https://www.transfermarkt.com/zeki-fryers/profil/spieler/141655
Márton Fülöp,https://fbref.com/en/players/3267fa3b/Marton-Fulop,Success,Not found,"May 3, 1983",Not found,198cm,Hungary,GK,Not found,2004-2005,21 years,Chesterfield,2004,17879,https://www.transfermarkt.com/mrton-flp/profil/spieler/17879
Gary Gardner,https://fbref.com/en/players/d9d58641/Gary-Gardner,Success,Not found,"June 29, 1992",Not found,188cm,England eng,MF (CM),Right,2011-2012,19 years,Coventry City,2011,110861,https://www.transfermarkt.com/gary-gardner/profil/spieler/110861
David de Gea,https://fbref.com/en/players/7ba6d84e/David-de-Gea,Success,Not found,"November 7, 1990 (Age: 35-018d)","Madrid, Spain",192cm,Spain,GK,Right,2009-2010,18 years,Atlético Madrid,2009,59377,https://www.transfermarkt.com/david-de-gea/profil/spieler/59377
Marcel Gecov,https://fbref.com/en/players/b93f1d15/Marcel-Gecov,Success,Not found,"January 1, 1988",Not found,182cm,Czech Republic,MF (DM),Right,2009-2010,21 years,Slovan Liberec,2009,34534,https://www.transfermarkt.com/marcel-gecov/profil/spieler/34534
Gervinho,https://fbref.com/en/players/e468c053/Gervinho,Success,Not found,"May 27, 1987",Not found,179cm,Côte d'Ivoire,FW-MF (AM),Right,2005-2006,18 years,Beveren,2005,33481,https://www.transfermarkt.com/gervinho/profil/spieler/33481
Shay Given,https://fbref.com/en/players/0db918ff/Shay-Given,Success,Not found,"April 20, 1976",Not found,185cm,Republic of Ireland,GK,Right,1996-1997,20 years,Blackburn,1996,3146,https://www.transfermarkt.com/shay-given/profil/spieler/3146
David Goodwillie,https://fbref.com/en/players/079413e5/David-Goodwillie,Success,Not found,"March 28, 1989",Not found,175cm,Scotland sct,FW,Right,2005-2006,16 years,Dundee United,2005,37677,https://www.transfermarkt.com/david-goodwillie/profil/spieler/37677
Johnny Gorman,https://fbref.com/en/players/0dcc8a9f/Johnny-Gorman,Success,Not found,"October 26, 1992",Not found,175cm,Northern Ireland nir  Other: England,MF (WM),Not found,2011-2012,18 years,Wolves,2011,145488,https://www.transfermarkt.com/johnny-gorman/profil/spieler/145488
Mark Gower,https://fbref.com/en/players/84e341f9/Mark-Gower,Success,Not found,"October 5, 1978",Not found,180cm,Not found,MF,Not found,2003-2004,24 years,Southend United,2003,39700,https://www.transfermarkt.com/mark-gower/profil/spieler/39700
Danny Graham,https://fbref.com/en/players/7d7bdee6/Danny-Graham,Success,Not found,"August 12, 1985",Not found,185cm,England eng,FW,Right,2003-2004,17 years,Darlington,2003,29152,https://www.transfermarkt.com/danny-graham/profil/spieler/29152
Zdeněk Grygera,https://fbref.com/en/players/a00c9b66/Zdenek-Grygera,Success,Not found,"May 14, 1980",Not found,185cm,Czech Republic,"DF (CB-FB, right)",Not found,2003-2004,23 years,Ajax,2003,6833,https://www.transfermarkt.com/zdenk-grygera/profil/spieler/6833
Brad Guzan,https://fbref.com/en/players/d899e3bf/Brad-Guzan,Success,Not found,"September 9, 1984 (Age: 41-077d)","Evergreen Park, Illinois, United States",193cm,United States,GK,Left,2005,20 years,Chivas USA,Not found,39471,https://www.transfermarkt.com/brad-guzan/profil/spieler/39471
Fitz Hall,https://fbref.com/en/players/f799f31c/Fitz-Hall,Success,Not found,"December 20, 1980",Not found,193cm,Not found,DF-FW (FB),Not found,2002-2003,21 years,Oldham Athletic,2002,6580,https://www.transfermarkt.com/fitz-hall/profil/spieler/6580
Michael Harriman,https://fbref.com/en/players/4c3e2fd0/Michael-Harriman,Success,Not found,"October 23, 1992",Not found,168cm,Republic of Ireland ie  Other: England,DF-MF,Right,2011-2012,18 years,QPR,2011,155233,https://www.transfermarkt.com/michael-harriman/profil/spieler/155233
Heiðar Helguson,https://fbref.com/en/players/5491eca5/Heidar-Helguson,Success,Not found,"August 22, 1977",Not found,177cm,Iceland,FW,Not found,1999-2000,21 years,Watford,1999,9886,https://www.transfermarkt.com/heiar-helguson/profil/spieler/9886
Adam Henley,https://fbref.com/en/players/f50cf139/Adam-Henley,Success,Not found,"June 14, 1994",Not found,178cm,Wales wls  Other: United States,DF,Right,2011-2012,17 years,Blackburn,2011,173585,https://www.transfermarkt.com/adam-henley/profil/spieler/173585
Thierry Henry,https://fbref.com/en/players/c0c5ee74/Thierry-Henry,Success,Not found,"August 17, 1977",Not found,188cm,France,FW,Not found,1995-1996,17 years,Monaco,1995,3207,https://www.transfermarkt.com/thierry-henry/profil/spieler/3207
Henrique Hilário,https://fbref.com/en/players/0fbcbed1/Henrique-Hilario,Success,Not found,"October 21, 1975",Not found,189cm,Portugal,GK,Right,2001-2002,25 years,Varzim,2001,13886,https://www.transfermarkt.com/henrique-hilrio/profil/spieler/13886
Clint Hill,https://fbref.com/en/players/c0936ded/Clint-Hill,Success,Not found,"October 19, 1978",Not found,183cm,Not found,DF (CB),Left,2002-2003,23 years,Oldham Athletic,2002,13583,https://www.transfermarkt.com/clint-hill/profil/spieler/13583
Grant Holt,https://fbref.com/en/players/1b64c1b2/Grant-Holt,Success,Not found,"April 12, 1981",Not found,183cm,Not found,FW,Both,2002-2003,21 years,Sheffield Weds,2002,13412,https://www.transfermarkt.com/grant-holt/profil/spieler/13412
Wes Hoolahan,https://fbref.com/en/players/5236a502/Wes-Hoolahan,Success,Not found,"May 20, 1982",Not found,168cm,Republic of Ireland,MF (AM),Left,2005-2006,23 years,Livingston,2005,24589,https://www.transfermarkt.com/wes-hoolahan/profil/spieler/24589
Jonny Howson,https://fbref.com/en/players/08b10f50/Jonny-Howson,Success,Not found,"May 21, 1988 (Age: 37-188d)","Morley, England, United Kingdom",180cm,England eng,DF-MF (AM-CM-DM),Right,2006-2007,18 years,Leeds United,2006,45395,https://www.transfermarkt.com/jonny-howson/profil/spieler/45395
Robert Hulse,https://fbref.com/en/players/edaf9ca0/Robert-Hulse,Success,Not found,"October 25, 1979",Not found,185cm,Not found,FW,Not found,2001-2002,21 years,Crewe Alexandra,2001,9980,https://www.transfermarkt.com/robert-hulse/profil/spieler/9980
Sam Hutchinson,https://fbref.com/en/players/800a3404/Sam-Hutchinson,Success,Not found,"August 3, 1989 (Age: 36-114d)","Slough, England, United Kingdom",182cm,England eng,DF-MF (CB-CM-DM-FB),Right,2006-2007,16 years,Chelsea,2006,40617,https://www.transfermarkt.com/sam-hutchinson/profil/spieler/40617
Carl Ikeme,https://fbref.com/en/players/8646429b/Carl-Ikeme,Success,Not found,"June 8, 1986",Not found,188cm,Nigeria ng  Other: England,GK,Right,2005-2006,19 years,Stockport,2005,26412,https://www.transfermarkt.com/carl-ikeme/profil/spieler/26412
Simeon Jackson,https://fbref.com/en/players/8f8bbbac/Simeon-Jackson,Success,Not found,"March 28, 1987",Not found,175cm,Canada ca  Other: Jamaica,FW,Right,2004-2005,17 years,R&D,2004,44913,https://www.transfermarkt.com/simeon-jackson/profil/spieler/44913
Nikica Jelavić,https://fbref.com/en/players/1a29f38c/Nikica-Jelavic,Success,Not found,"August 27, 1985",Not found,188cm,Croatia,FW,Both,2007-2008,21 years,Zulte Waregem,2007,25742,https://www.transfermarkt.com/nikica-jelavi/profil/spieler/25742
Carl Jenkinson,https://fbref.com/en/players/874125a3/Carl-Jenkinson,Success,Not found,"February 8, 1992 (Age: 33-290d)","Harlow, England, United Kingdom",187cm,England eng,"DF (FB, right)",Right,2010-2011,18 years,Charlton Ath,2010,126321,https://www.transfermarkt.com/carl-jenkinson/profil/spieler/126321
Bradley Johnson,https://fbref.com/en/players/e0d9bbbe/Bradley-Johnson,Success,Not found,"April 28, 1987",Not found,183cm,Not found,"DF-MF (CM-DM-WM, left)",Right,2004-2005,17 years,Cambridge Utd,2004,49327,https://www.transfermarkt.com/bradley-johnson/profil/spieler/49327
Billy Jones,https://fbref.com/en/players/aa3cb1ad/Billy-Jones,Success,Not found,"March 24, 1987",Not found,181cm,England eng,"DF (FB, right)",Both,2003-2004,16 years,Crewe Alexandra,2003,36866,https://www.transfermarkt.com/billy-jones/profil/spieler/36866
Brad Jones,https://fbref.com/en/players/ffc1c226/Brad-Jones,Success,Not found,"March 19, 1982",Not found,191cm,Australia,GK,Left,2002-2003,20 years,Stockport,2002,4042,https://www.transfermarkt.com/brad-jones/profil/spieler/4042
Eggert Jónsson,Not found,No URL,Not found,Not found,Not found,Not found,Not found,Not found,Not found,Not found,Not found,Not found,Not found,45298,https://www.transfermarkt.com/eggert-jnsson/profil/spieler/45298
Alexander Kačaniklić,https://fbref.com/en/players/8ba3a754/Alexander-Kacaniklic,Success,Not found,"August 13, 1991",Not found,180cm,Sweden,FW-MF (WM),Left,2011-2012,19 years,Watford,2011,51040,https://www.transfermarkt.com/alexander-kaanikli/profil/spieler/51040
Pajtim Kasami,https://fbref.com/en/players/fc8c588f/Pajtim-Kasami,Success,Not found,"June 2, 1992 (Age: 33-176d)","Struga, North Macedonia",188cm,Switzerland,"FW-MF (AM-DM, right)",Left,2009-2010,17 years,Bellinzona,2009,130108,https://www.transfermarkt.com/pajtim-kasami/profil/spieler/130108
Jake Kean,https://fbref.com/en/players/66d29ce7/Jake-Kean,Success,Not found,"February 4, 1991",Not found,193cm,England eng,GK,Right,2010-2011,19 years,Hartlepool Utd,2010,121388,https://www.transfermarkt.com/jake-kean/profil/spieler/121388
Will Keane,https://fbref.com/en/players/fc7f8f87/Will-Keane,Success,Not found,"January 11, 1993 (Age: 32-318d)","Stockport, England, United Kingdom",188cm,Republic of Ireland ie  Other: England,FW-MF (AM),Right,2011-2012,18 years,Manchester Utd,2011,118535,https://www.transfermarkt.com/will-keane/profil/spieler/118535
Paddy Kenny,https://fbref.com/en/players/b03eb26c/Paddy-Kenny,Success,Not found,"May 17, 1978",Not found,185cm,Republic of Ireland ie  Other: England,GK,Right,2002-2003,24 years,Sheffield Utd,2002,13524,https://www.transfermarkt.com/paddy-kenny/profil/spieler/13524
Matthew Kilgallon,https://fbref.com/en/players/7c6a3c44/Matthew-Kilgallon,Success,Not found,"January 8, 1984",Not found,185cm,England eng,DF (CB-FB),Right,2002-2003,18 years,Leeds United,2002,4095,https://www.transfermarkt.com/matthew-kilgallon/profil/spieler/4095
Cameron Lancaster,https://fbref.com/en/players/7eadfdd6/Cameron-Lancaster,Success,Not found,"November 5, 1992 (Age: 33-020d)","Camden, England, United Kingdom",183cm,Not found,FW,Not found,2010-2011,17 years,Dag & Red,2010,182660,https://www.transfermarkt.com/cameron-lancaster/profil/spieler/182660
Henri Lansbury,https://fbref.com/en/players/fe8e6fa1/Henri-Lansbury,Success,Not found,"October 12, 1990",Not found,183cm,England eng,MF (CM),Right,2008-2009,17 years,Scunthorpe Utd,2008,44794,https://www.transfermarkt.com/henri-lansbury/profil/spieler/44794
Simon Lappin,https://fbref.com/en/players/a985ccde/Simon-Lappin,Success,Not found,"January 25, 1983",Not found,180cm,Scotland sct,"DF-MF (FB-WM, left)",Not found,2006-2007,23 years,St Mirren,2006,14792,https://www.transfermarkt.com/simon-lappin/profil/spieler/14792
Anders Lindegaard,https://fbref.com/en/players/636f1a28/Anders-Lindegaard,Success,Not found,"April 13, 1984",Not found,193cm,Denmark,GK,Right,2006-2007,22 years,Odense,2006,22491,https://www.transfermarkt.com/anders-lindegaard/profil/spieler/22491
Leroy Lita,https://fbref.com/en/players/238f467d/Leroy-Lita,Success,Not found,"December 28, 1984",Not found,175cm,England eng,FW,Right,2002-2003,17 years,Bristol City,2002,20975,https://www.transfermarkt.com/leroy-lita/profil/spieler/20975
Jake Livermore,https://fbref.com/en/players/b98570d1/Jake-Livermore,Success,Not found,"November 14, 1989",Not found,175cm,England eng,MF (CM-DM),Right,2007-2008,17 years,MK Dons,2007,61832,https://www.transfermarkt.com/jake-livermore/profil/spieler/61832
Shane Long,https://fbref.com/en/players/9f472354/Shane-Long,Success,Not found,"January 22, 1987",Not found,180cm,Republic of Ireland,FW,Right,2005-2006,18 years,Reading,2005,37304,https://www.transfermarkt.com/shane-long/profil/spieler/37304
Romelu Lukaku,https://fbref.com/en/players/5eae500a/Romelu-Lukaku,Success,Not found,"May 13, 1993 (Age: 32-196d)","Antwerpen, Belgium",192cm,Belgium,FW,Left,2009-2010,16 years,Anderlecht,2009,96341,https://www.transfermarkt.com/romelu-lukaku/profil/spieler/96341
Jamie Mackie,https://fbref.com/en/players/d0de6b37/Jamie-Mackie,Success,Not found,"September 22, 1985",Not found,173cm,Scotland sct  Other: England,FW-MF (WM),Right,2003-2004,17 years,Wimbledon,2003,15929,https://www.transfermarkt.com/jamie-mackie/profil/spieler/15929
Stefan Maierhofer,https://fbref.com/en/players/6dfec8d4/Stefan-Maierhofer,Success,Not found,"August 16, 1982",Not found,202cm,Austria,FW,Right,2006-2007,23 years,Koblenz,2006,32660,https://www.transfermarkt.com/stefan-maierhofer/profil/spieler/32660
Shaun Maloney,https://fbref.com/en/players/0558e236/Shaun-Maloney,Success,Not found,"January 24, 1983",Not found,171cm,Scotland sct  Other: Malaysia,FW-MF (WM),Both,2000-2001,17 years,Celtic,2000,9508,https://www.transfermarkt.com/shaun-maloney/profil/spieler/9508
Chris Martin,https://fbref.com/en/players/c21e39f9/Chris-Martin,Success,Not found,"November 4, 1988 (Age: 37-021d)","Norwich, England, United Kingdom",185cm,Scotland sct  Other: England,FW,Right,2006-2007,17 years,Norwich City,2006,248054,https://www.transfermarkt.com/chris-martin/profil/spieler/248054
Russell Martin,https://fbref.com/en/players/24952f1e/Russell-Martin,Success,Not found,"January 4, 1986",Not found,183cm,Scotland sct  Other: England,DF (CB),Right,2004-2005,18 years,Wycombe,2004,67303,https://www.transfermarkt.com/russell-martin/profil/spieler/67303
Sylvain Marveaux,https://fbref.com/en/players/4ef705ab/Sylvain-Marveaux,Success,Not found,"April 15, 1986",Not found,172cm,France,FW-MF (AM),Left,2006-2007,20 years,Rennes,2006,39909,https://www.transfermarkt.com/sylvain-marveaux/profil/spieler/39909
Juan Mata,https://fbref.com/en/players/29733c72/Juan-Mata,Success,Not found,"April 28, 1988 (Age: 37-211d)","Villafranca Montes de Oca, Spain",170cm,Spain,FW-MF (AM-WM),Left,2006-2007,18 years,Real Madrid B,2006,44068,https://www.transfermarkt.com/juan-mata/profil/spieler/44068
Conor McAleny,https://fbref.com/en/players/5dc37d9d/Conor-McAleny,Success,Not found,"August 12, 1992 (Age: 33-105d)","Liverpool, England, United Kingdom",178cm,Not found,FW-MF (AM),Right,2011-2012,18 years,Everton,2011,121260,https://www.transfermarkt.com/conor-mcaleny/profil/spieler/121260
Gareth McAuley,https://fbref.com/en/players/ac7d7378/Gareth-McAuley,Success,Not found,"December 5, 1979",Not found,191cm,Northern Ireland nir,DF (CB),Right,2004-2005,24 years,Lincoln City,2004,40567,https://www.transfermarkt.com/gareth-mcauley/profil/spieler/40567
James McClean,https://fbref.com/en/players/53538b39/James-McClean,Success,Not found,"April 22, 1989 (Age: 36-217d)","Derry, Northern Ireland, United Kingdom",180cm,Republic of Ireland ie  Other: Northern Ireland,"DF-FW-MF (AM-FB-WM, left)",Left,2011-2012,22 years,Sunderland,2011,85935,https://www.transfermarkt.com/james-mcclean/profil/spieler/85935
Tyrone Mears,https://fbref.com/en/players/6f34d0b5/Tyrone-Mears,Success,Not found,"February 18, 1983",Not found,181cm,Jamaica jm  Other: England,"DF (FB, right)",Right,2001-2002,18 years,Manchester City,2001,14050,https://www.transfermarkt.com/tyrone-mears/profil/spieler/14050
Per Mertesacker,https://fbref.com/en/players/5be28712/Per-Mertesacker,Success,Not found,"September 29, 1984",Not found,198cm,Germany,DF (CB),Right,2003-2004,18 years,Hannover 96,2003,6710,https://www.transfermarkt.com/per-mertesacker/profil/spieler/6710
Ignasi Miquel,https://fbref.com/en/players/174f09a6/Ignasi-Miquel,Success,Not found,"September 28, 1992 (Age: 33-058d)","Barcelona, Spain",193cm,Spain,"DF (CB, left)",Left,2011-2012,18 years,Arsenal,2011,70245,https://www.transfermarkt.com/ignasi-miquel/profil/spieler/70245
Ryo Miyaichi,https://fbref.com/en/players/c4acb36f/Ryo-Miyaichi,Success,Not found,"December 14, 1992 (Age: 32-346d)","Okazaki, Japan",183cm,Japan,FW-MF (AM-WM),Both,2010-2011,17 years,Feyenoord,2010,129688,https://www.transfermarkt.com/ryo-miyaichi/profil/spieler/129688
Anthony Modeste,https://fbref.com/en/players/34e4343c/Anthony-Modeste,Success,Not found,"April 14, 1988",Not found,187cm,France,FW,Right,2007-2008,19 years,Nice,2007,50512,https://www.transfermarkt.com/anthony-modeste/profil/spieler/50512
Garry Monk,https://fbref.com/en/players/a70de3a4/Garry-Monk,Success,Not found,"March 6, 1979",Not found,183cm,Not found,DF (CB),Not found,1998-1999,19 years,Southampton,1998,4111,https://www.transfermarkt.com/garry-monk/profil/spieler/4111
Luke Moore,https://fbref.com/en/players/bf06d13a/Luke-Moore,Success,Not found,"February 13, 1986",Not found,180cm,England eng,FW,Both,2003-2004,17 years,Wycombe,2003,4075,https://www.transfermarkt.com/luke-moore/profil/spieler/4075
Vangelis Moras,https://fbref.com/en/players/bffec2a8/Vangelis-Moras,Success,Not found,"August 26, 1981",Not found,193cm,Greece,DF (CB),Right,2002-2003,20 years,Proodeftiki,2002,9850,https://www.transfermarkt.com/vangelis-moras/profil/spieler/9850
Steve Morison,https://fbref.com/en/players/292064fa/Steve-Morison,Success,Not found,"August 29, 1983",Not found,188cm,Wales wls  Other: England,FW,Right,2002-2003,18 years,Northampton,2002,104725,https://www.transfermarkt.com/steve-morison/profil/spieler/104725
Kyle Naughton,https://fbref.com/en/players/e860c42f/Kyle-Naughton,Success,Not found,"November 17, 1988",Not found,180cm,England eng,DF (CB-FB),Right,2007-2008,18 years,Gretna,2007,66219,https://www.transfermarkt.com/kyle-naughton/profil/spieler/66219
Marcus Olsson,https://fbref.com/en/players/47e41ec8/Marcus-Olsson,Success,Not found,"May 17, 1988 (Age: 37-192d)","Gävle, Sweden",180cm,Sweden,"DF-FW-MF (FB-WM, left)",Left,2008,19 years,Halmstad,Not found,72264,https://www.transfermarkt.com/marcus-olsson/profil/spieler/72264
Andrea Orlandi,https://fbref.com/en/players/b1403ee6/Andrea-Orlandi,Success,Not found,"August 3, 1984",Not found,180cm,Not found,FW-MF (AM-CM-WM),Left,2003-2004,18 years,Alavés,2003,29117,https://www.transfermarkt.com/andrea-orlandi/profil/spieler/29117
Bradley Orr,https://fbref.com/en/players/78142987/Bradley-Orr,Success,Not found,"November 1, 1982",Not found,183cm,Not found,"DF (FB, right)",Right,2003-2004,20 years,Burnley,2003,16091,https://www.transfermarkt.com/bradley-orr/profil/spieler/16091
Alex Oxlade-Chamberlain,https://fbref.com/en/players/38c7feef/Alex-Oxlade-Chamberlain,Success,Not found,"August 15, 1993",Not found,180cm,England eng,FW-MF (AM-CM-WM),Right,2009-2010,15 years,Southampton,2009,143424,https://www.transfermarkt.com/alex-oxlade-chamberlain/profil/spieler/143424
Bruno Perone,https://fbref.com/en/players/58591790/Bruno-Perone,Success,Not found,"July 6, 1987",Not found,191cm,Not found,DF-MF (CB-DM),Right,2011-2012,24 years,QPR,2011,67996,https://www.transfermarkt.com/bruno-perone/profil/spieler/67996
Radosav Petrović,https://fbref.com/en/players/7214c684/Radosav-Petrovic,Success,Not found,"March 8, 1989 (Age: 36-262d)","Ub, Serbia",193cm,Serbia,DF-MF (DM),Right,2008-2009,19 years,Partizan,2008,75296,https://www.transfermarkt.com/radosav-petrovi/profil/spieler/75296
Anthony Pilkington,https://fbref.com/en/players/b31af577/Anthony-Pilkington,Success,Not found,"June 6, 1988",Not found,183cm,Republic of Ireland ie  Other: England,FW-MF (AM-WM),Both,2006-2007,18 years,Stockport,2006,67322,https://www.transfermarkt.com/anthony-pilkington/profil/spieler/67322
David Pizarro,https://fbref.com/en/players/8b92c119/David-Pizarro,Success,Not found,"September 11, 1979",Not found,168cm,Chile,MF (CM),Right,1999-2000,19 years,Udinese,1999,5896,https://www.transfermarkt.com/david-pizarro/profil/spieler/5896
Paul Pogba,https://fbref.com/en/players/867239d3/Paul-Pogba,Success,Not found,"March 15, 1993 (Age: 32-255d)","Lagny-sur-Marne, France",191cm,France,MF (CM-DM-WM),Right,2011-2012,18 years,Manchester Utd,2011,122153,https://www.transfermarkt.com/paul-pogba/profil/spieler/122153
Pavel Pogrebnyak,https://fbref.com/en/players/f1085969/Pavel-Pogrebnyak,Success,Not found,"November 8, 1983",Not found,187cm,Russia,FW,Left,2002,18 years,Spartak Moscow,Not found,15074,https://www.transfermarkt.com/pavel-pogrebnyak/profil/spieler/15074
Darren Pratley,https://fbref.com/en/players/bfc3bf1b/Darren-Pratley,Success,Not found,"April 22, 1985 (Age: 40-217d)","Barking, England, United Kingdom",185cm,Not found,DF-MF (CM-DM),Right,2003-2004,18 years,Fulham,2003,28957,https://www.transfermarkt.com/darren-pratley/profil/spieler/28957
Àngel Rangel,https://fbref.com/en/players/93ee387c/Angel-Rangel,Success,Not found,"October 28, 1982",Not found,188cm,Not found,"DF (FB, right)",Right,2007-2008,24 years,Swansea City,2007,66550,https://www.transfermarkt.com/ngel-rangel/profil/spieler/66550
Tim Ream,https://fbref.com/en/players/28b40c9c/Tim-Ream,Success,Not found,"October 5, 1987 (Age: 38-051d)","St. Louis, Missouri, United States",185cm,United States,"DF (CB, left)",Left,2010,22 years,NY Red Bulls,Not found,145466,https://www.transfermarkt.com/tim-ream/profil/spieler/145466
Jazz Richards,https://fbref.com/en/players/afef14da/Jazz-Richards,Success,Not found,"April 12, 1991",Not found,185cm,Wales wls,"DF-MF (FB, right)",Right,2009-2010,18 years,Swansea City,2009,120241,https://www.transfermarkt.com/jazz-richards/profil/spieler/120241
Joe Riley,https://fbref.com/en/players/4d4e417c/Joe-Riley,Success,Not found,"December 6, 1996 (Age: 28-354d)","Blackpool, England, United Kingdom",176cm,Not found,DF-MF (CM-FB),Right,2015-2016,18 years,Manchester Utd,2015,125117,https://www.transfermarkt.com/joe-riley/profil/spieler/125117
Oriol Romeu,https://fbref.com/en/players/4b511457/Oriol-Romeu,Success,Not found,"September 24, 1991",Not found,183cm,Spain,MF (CM-DM),Right,2010-2011,18 years,Barcelona B,2010,66100,https://www.transfermarkt.com/oriol-romeu/profil/spieler/66100
Declan Rudd,https://fbref.com/en/players/42f4f848/Declan-Rudd,Success,Not found,"January 16, 1991",Not found,191cm,England eng,GK,Right,2009-2010,18 years,Norwich City,2009,74088,https://www.transfermarkt.com/declan-rudd/profil/spieler/74088
John Ruddy,https://fbref.com/en/players/da8b19e2/John-Ruddy,Success,Not found,"October 24, 1986 (Age: 39-032d)","Cambridgeshire, England, United Kingdom",193cm,England eng,GK,Right,2003-2004,16 years,Cambridge Utd,2003,29712,https://www.transfermarkt.com/john-ruddy/profil/spieler/29712
Bryan Ruiz,https://fbref.com/en/players/df165eba/Bryan-Ruiz,Success,Not found,"August 5, 2002",Not found,Not found,Not found,DF,Right,2020,17 years,Aragua,Not found,39642,https://www.transfermarkt.com/bryan-ruiz/profil/spieler/39642
Orlando Sá,https://fbref.com/en/players/e054ee4e/Orlando-Sa,Success,Not found,"May 26, 1988",Not found,188cm,Portugal,FW,Right,2008-2009,20 years,Braga,2008,64535,https://www.transfermarkt.com/orlando-s/profil/spieler/64535
Davide Santon,https://fbref.com/en/players/88c89891/Davide-Santon,Success,Not found,"January 2, 1991",Not found,186cm,Italy,DF (FB),Right,2008-2009,17 years,Inter,2008,84344,https://www.transfermarkt.com/davide-santon/profil/spieler/84344
André Santos,https://fbref.com/en/players/e68ad30f/Andres-Santos,Success,Not found,"January 19, 1980",Not found,176cm,Not found,MF (AM),Not found,2004-2005,24 years,Lleida,2004,54275,https://www.transfermarkt.com/andr-santos/profil/spieler/54275
Stefan Savić,https://fbref.com/en/players/a3638b1a/Stefan-Savicevic,Success,Not found,"April 12, 2007",Not found,Not found,Not found,MF,Not found,2023-2024,16 years,Gladbach,2023,107010,https://www.transfermarkt.com/stefan-savi/profil/spieler/107010
Gylfi Sigurðsson,https://fbref.com/en/players/76dd1480/Gylfi-Sigurdsson,Success,Not found,"September 8, 1989 (Age: 36-078d)","Hafnarfjörður, Iceland",186cm,Iceland,FW-MF (AM-CM-WM),Right,2008-2009,18 years,Crewe Alexandra,2008,90466,https://www.transfermarkt.com/gylfi-sigursson/profil/spieler/90466
Scott Sinclair,https://fbref.com/en/players/273c483b/Scott-Sinclair,Success,Not found,"March 25, 1989 (Age: 36-245d)","Bath, England, United Kingdom",175cm,England eng,FW-MF (AM-WM),Right,2004-2005,15 years,Bristol Rovers,2004,31552,https://www.transfermarkt.com/scott-sinclair/profil/spieler/31552
Jordan Slew,https://fbref.com/en/players/372307ab/Jordan-Slew,Success,Not found,"September 7, 1992 (Age: 33-079d)","Gleadless, England, United Kingdom",191cm,England eng,FW-MF,Right,2010-2011,17 years,Sheffield Utd,2010,164785,https://www.transfermarkt.com/jordan-slew/profil/spieler/164785
Adam Smith,https://fbref.com/en/players/20b104bc/Adam-Smith,Success,Not found,"April 29, 1991 (Age: 34-210d)","London, England, United Kingdom",174cm,England eng,"DF-MF (FB, right)",Right,2009-2010,18 years,Wycombe,2009,61841,https://www.transfermarkt.com/adam-smith/profil/spieler/61841
Tommy Smith,https://fbref.com/en/players/066be641/Tommy-Smith,Success,Not found,"May 22, 1980",Not found,173cm,England eng,"FW-MF (WM, right)",Right,1999-2000,19 years,Watford,1999,176056,https://www.transfermarkt.com/tommy-smith/profil/spieler/176056
Marvin Sordell,https://fbref.com/en/players/9f596d20/Marvin-Sordell,Success,Not found,"February 17, 1991 (Age: 34-281d)","Pinner, England, United Kingdom",177cm,England eng,FW,Right,2009-2010,18 years,Tranmere Rovers,2009,120599,https://www.transfermarkt.com/marvin-sordell/profil/spieler/120599
Raheem Sterling,https://fbref.com/en/players/b400bde0/Raheem-Sterling,Success,Not found,"December 8, 1994",Not found,170cm,England eng  Other: Jamaica,FW-MF (AM-WM),Right,2011-2012,16 years,Liverpool,2011,134425,https://www.transfermarkt.com/raheem-sterling/profil/spieler/134425
Denis Stracqualursi,https://fbref.com/en/players/623e9fe1/Denis-Stracqualursi,Success,Not found,"October 20, 1987",Not found,190cm,Not found,FW,Not found,2011-2012,23 years,Everton,2011,92544,https://www.transfermarkt.com/denis-stracqualursi/profil/spieler/92544
Andrew Surman,https://fbref.com/en/players/7d41b619/Andrew-Surman,Success,Not found,"August 20, 1986",Not found,178cm,England eng  Other: South Africa,MF (CM-DM),Left,2004-2005,17 years,Walsall,2004,29975,https://www.transfermarkt.com/andrew-surman/profil/spieler/29975
Adel Taarabt,https://fbref.com/en/players/47dc80f5/Adel-Taarabt,Success,Not found,"May 24, 1989 (Age: 36-185d)","Fes-Medina, Morocco",177cm,Morocco ma  Other: France,FW-MF (AM-CM-WM),Right,2006-2007,17 years,Lens,2006,45287,https://www.transfermarkt.com/adel-taarabt/profil/spieler/45287
Taye Taiwo,https://fbref.com/en/players/1e437f1f/Taye-Taiwo,Success,Not found,"April 16, 1985",Not found,183cm,Nigeria,"DF (FB, left)",Right,2004-2005,19 years,Marseille,2004,28922,https://www.transfermarkt.com/taye-taiwo/profil/spieler/28922
Alan Tate,https://fbref.com/en/players/d25626aa/Alan-Tate,Success,Not found,"September 2, 1982",Not found,185cm,Not found,DF,Not found,2002-2003,19 years,Swansea City,2002,7337,https://www.transfermarkt.com/alan-tate/profil/spieler/7337
Neil Taylor,https://fbref.com/en/players/c2f9d19f/Neil-Taylor,Success,Not found,"February 7, 1989",Not found,175cm,Wales wls,"DF-MF (FB, left)",Left,2007-2008,18 years,Wrexham,2007,67416,https://www.transfermarkt.com/neil-taylor/profil/spieler/67416
Marc Tierney,https://fbref.com/en/players/d4c01c38/Marc-Tierney,Success,Not found,"August 23, 1985",Not found,183cm,Not found,"DF (FB, left)",Not found,2003-2004,17 years,Oldham Athletic,2003,67346,https://www.transfermarkt.com/marc-tierney/profil/spieler/67346
Armand Traoré,https://fbref.com/en/players/021ea92d/Armand-Traore,Success,Not found,"October 8, 1989",Not found,184cm,Senegal sn  Other: France,"DF-MF (FB-WM, left)",Left,2007-2008,17 years,Arsenal,2007,33783,https://www.transfermarkt.com/armand-traor/profil/spieler/33783
Gerhard Tremmel,https://fbref.com/en/players/4370cecc/Gerhard-Tremmel,Success,Not found,"November 16, 1978",Not found,190cm,Not found,GK,Right,1999-2000,20 years,Unterhaching,1999,488,https://www.transfermarkt.com/gerhard-tremmel/profil/spieler/488
Marcello Trotta,https://fbref.com/en/players/acdad0aa/Marcello-Trotta,Success,Not found,"September 29, 1992 (Age: 33-057d)","Santa Maria Capua Vetere, Italy",188cm,Italy,FW,Left,2011-2012,18 years,Wycombe,2011,129505,https://www.transfermarkt.com/marcello-trotta/profil/spieler/129505
Ross Turnbull,https://fbref.com/en/players/6db380ef/Ross-Turnbull,Success,Not found,"January 4, 1985",Not found,193cm,England eng,GK,Right,2003-2004,18 years,Darlington,2003,29159,https://www.transfermarkt.com/ross-turnbull/profil/spieler/29159
Josh Vela,https://fbref.com/en/players/dede4a42/Josh-Vela,Success,Not found,"December 14, 1993 (Age: 31-346d)","Salford, England, United Kingdom",181cm,Not found,"DF-MF (CM-DM-FB, right)",Right,2011-2012,17 years,Bolton,2011,173804,https://www.transfermarkt.com/josh-vela/profil/spieler/173804
Michel Vorm,https://fbref.com/en/players/1bebde9d/Michel-Vorm,Success,Not found,"October 20, 1983",Not found,183cm,Netherlands,GK,Right,2006-2007,22 years,Utrecht,2006,26276,https://www.transfermarkt.com/michel-vorm/profil/spieler/26276
Dorus de Vries,https://fbref.com/en/players/e704919e/Dorus-de-Vries,Success,Not found,"December 29, 1980",Not found,190cm,Not found,GK,Right,2003-2004,22 years,ADO Den Haag,2003,6404,https://www.transfermarkt.com/dorus-de-vries/profil/spieler/6404
Haris Vučkić,https://fbref.com/en/players/a8f4dfb9/Haris-Vuckic,Success,Not found,"August 21, 1992 (Age: 33-096d)","Ljubljana, Slovenia",185cm,Slovenia,FW-MF (AM),Both,2009-2010,16 years,Newcastle Utd,2009,76560,https://www.transfermarkt.com/haris-vuki/profil/spieler/76560
Simon Vukčević,https://fbref.com/en/players/562d696a/Simon-Vukcevic,Success,Not found,"January 29, 1986",Not found,179cm,Montenegro me  Other: Serbia,MF (AM),Left,2006,20 years,Saturn,Not found,27239,https://www.transfermarkt.com/simon-vukevi/profil/spieler/27239
Elliott Ward,https://fbref.com/en/players/58e98028/Elliott-Ward,Success,Not found,"January 19, 1985",Not found,185cm,Not found,DF (CB),Right,2004-2005,19 years,Bristol Rovers,2004,15838,https://www.transfermarkt.com/elliott-ward/profil/spieler/15838
Keiren Westwood,https://fbref.com/en/players/674ef042/Keiren-Westwood,Success,Not found,"October 23, 1984",Not found,188cm,Republic of Ireland ie  Other: England,GK,Left,2005-2006,20 years,Carlisle United,2005,15164,https://www.transfermarkt.com/keiren-westwood/profil/spieler/15164
Zak Whitbread,https://fbref.com/en/players/846e7a85/Zak-Whitbread,Success,Not found,"March 4, 1984",Not found,188cm,United States,DF (CB),Left,2005-2006,21 years,Millwall,2005,22230,https://www.transfermarkt.com/zak-whitbread/profil/spieler/22230
Connor Wickham,https://fbref.com/en/players/41cc19c2/Connor-Wickham,Success,Not found,"March 31, 1993 (Age: 32-239d)","Hereford, England, United Kingdom",191cm,England eng,FW-MF (WM),Right,2008-2009,15 years,Ipswich Town,2008,95435,https://www.transfermarkt.com/connor-wickham/profil/spieler/95435
Aaron Wilbraham,https://fbref.com/en/players/9b2c7f55/Aaron-Wilbraham,Success,Not found,"October 21, 1979",Not found,191cm,Not found,FW,Right,2000,20 years,Moss,Not found,67202,https://www.transfermarkt.com/aaron-wilbraham/profil/spieler/67202
Ashley Williams,https://fbref.com/en/players/a498e276/Ashley-Williams,Success,Not found,"August 23, 1984",Not found,183cm,Wales wls  Other: England,DF (CB),Right,2003-2004,18 years,Stockport,2003,67355,https://www.transfermarkt.com/ashley-williams/profil/spieler/67355
Jonathan Woodgate,https://fbref.com/en/players/9482a3bd/Jonathan-Woodgate,Success,Not found,"January 22, 1980",Not found,188cm,England eng,DF (CB),Right,1998-1999,18 years,Leeds United,1998,3224,https://www.transfermarkt.com/jonathan-woodgate/profil/spieler/3224
Nico Yennaris,https://fbref.com/en/players/8cc4b934/Nico-Yennaris,Success,Not found,"May 23, 1993 (Age: 32-186d)","Leytonstone, England, United Kingdom",174cm,China PR cn  Other: England,DF-MF (CM-DM-FB),Right,2011-2012,18 years,Arsenal,2011,122721,https://www.transfermarkt.com/nico-yennaris/profil/spieler/122721
Karim El Ahmadi,https://fbref.com/en/players/0ff9eabc/Karim-El-Ahmadi,Success,Not found,"January 27, 1985",Not found,185cm,Morocco ma  Other: Netherlands,MF (CM-DM),Right,2003-2004,18 years,Twente,2003,25523,https://www.transfermarkt.com/karim-el-ahmadi/profil/spieler/25523
Nathan Aké,https://fbref.com/en/players/eaeca114/Nathan-Ake,Success,Not found,"February 18, 1995 (Age: 30-280d)","The Hague, Netherlands",180cm,Netherlands,"DF-MF (CB-FB, left)",Left,2012-2013,17 years,Chelsea,2012,177476,https://www.transfermarkt.com/nathan-ak/profil/spieler/177476
Hope Akpan,https://fbref.com/en/players/1ccbca79/Hope-Akpan,Success,Not found,"August 14, 1991",Not found,180cm,Nigeria ng  Other: England,MF (CM),Right,2010-2011,18 years,Hull City,2010,61559,https://www.transfermarkt.com/hope-akpan/profil/spieler/61559
Vurnon Anita,https://fbref.com/en/players/2d368fd5/Vurnon-Anita,Success,Not found,"April 4, 1989",Not found,167cm,Curaçao cw  Other: Netherlands,DF-MF (CM-DM-FB),Right,2005-2006,16 years,Ajax,2005,30670,https://www.transfermarkt.com/vurnon-anita/profil/spieler/30670
Oussama Assaidi,https://fbref.com/en/players/483322fe/Oussama-Assaidi,Success,Not found,"August 15, 1988",Not found,176cm,Morocco,FW-MF (AM-WM),Right,2007-2008,18 years,Omniworld,2007,57275,https://www.transfermarkt.com/oussama-assaidi/profil/spieler/57275
César Azpilicueta,https://fbref.com/en/players/53cad200/Cesar-Azpilicueta,Success,Not found,"August 28, 1989 (Age: 36-089d)","Pamplona, Spain",178cm,Spain,"DF-MF (CB-FB, right)",Right,2006-2007,16 years,Osasuna,2006,57500,https://www.transfermarkt.com/csar-azpilicueta/profil/spieler/57500
Kyle Bartley,https://fbref.com/en/players/18e96f64/Kyle-Bartley,Success,Not found,"May 22, 1991 (Age: 34-187d)","Stockport, England, United Kingdom",191cm,England eng,DF (CB),Right,2009-2010,18 years,Sheffield Utd,2009,67421,https://www.transfermarkt.com/kyle-bartley/profil/spieler/67421
Luciano Becchio,https://fbref.com/en/players/3b3d4028/Luciano-Becchio,Success,Not found,"December 28, 1983",Not found,187cm,Not found,FW,Left,2004-2005,20 years,Ciudad Murcia,2004,71020,https://www.transfermarkt.com/luciano-becchio/profil/spieler/71020
Joe Bennett,https://fbref.com/en/players/dc936144/Joe-Bennett,Success,Not found,"March 28, 1990",Not found,177cm,England eng,"DF-MF (FB, left)",Left,2008-2009,18 years,Middlesbrough,2008,90964,https://www.transfermarkt.com/joe-bennett/profil/spieler/90964
Christian Benteke,https://fbref.com/en/players/ab070c55/Christian-Benteke,Success,Not found,"December 3, 1990 (Age: 34-357d)","Kinshasa, Congo DR",190cm,Belgium be  Other: Congo DR,FW,Right,2007-2008,16 years,Genk,2007,50201,https://www.transfermarkt.com/christian-benteke/profil/spieler/50201
Gaël Bigirimana,https://fbref.com/en/players/b48778f2/Gael-Bigirimana,Success,Not found,"October 22, 1993 (Age: 32-034d)","Bujumbura, Burundi",173cm,Burundi bi  Other: England,MF (CM),Right,2011-2012,17 years,Coventry City,2011,158697,https://www.transfermarkt.com/gal-bigirimana/profil/spieler/158697
Fabio Borini,https://fbref.com/en/players/ef5b337e/Fabio-Borini,Success,Not found,"March 29, 1991 (Age: 34-241d)","Bentivoglio, Italy",180cm,Italy,FW-MF (AM),Right,2009-2010,18 years,Chelsea,2009,96754,https://www.transfermarkt.com/fabio-borini/profil/spieler/96754
Artur Boruc,https://fbref.com/en/players/34ccf6fa/Artur-Boruc,Success,Not found,"February 20, 1980",Not found,193cm,Poland,GK,Right,2002-2003,22 years,Legia Warsaw,2002,15220,https://www.transfermarkt.com/artur-boruc/profil/spieler/15220
Jordan Bowery,https://fbref.com/en/players/8f5a4e15/Jordan-Bowery,Success,Not found,"July 2, 1991 (Age: 34-146d)","Nottingham, England, United Kingdom",185cm,Saint Kitts and Nevis kn  Other: England,DF-FW-MF,Right,2008-2009,17 years,Chesterfield,2008,94655,https://www.transfermarkt.com/jordan-bowery/profil/spieler/94655
Izzy Brown,https://fbref.com/en/players/bf54c8cc/Izzy-Brown,Success,Not found,"January 7, 1997",Not found,182cm,England eng,FW-MF (AM),Right,2012-2013,15 years,West Brom,2012,245805,https://www.transfermarkt.com/izzy-brown/profil/spieler/245805
Alexander Büttner,https://fbref.com/en/players/a44f7c60/Alexander-Buttner,Success,Not found,"February 11, 1989 (Age: 36-287d)","Gemeente Doetinchem, Netherlands",176cm,Netherlands,"DF-MF (FB, left)",Left,2007-2008,18 years,Vitesse,2007,38003,https://www.transfermarkt.com/alexander-bttner/profil/spieler/38003
Geoff Cameron,https://fbref.com/en/players/1a160ea3/Geoff-Cameron,Success,Not found,"July 11, 1985",Not found,191cm,United States,DF-MF (CB-DM),Right,2008,22 years,Houston Dynamo,Not found,31642,https://www.transfermarkt.com/geoff-cameron/profil/spieler/31642
Lee Camp,https://fbref.com/en/players/df4b8b69/Lee-Camp,Success,Not found,"August 22, 1984",Not found,185cm,Northern Ireland nir  Other: England,GK,Right,2003-2004,18 years,QPR,2003,42411,https://www.transfermarkt.com/lee-camp/profil/spieler/42411
Eduard Campabadal,https://fbref.com/en/players/bbf23a57/Eduard-Campabadal,Success,Not found,"January 26, 1993 (Age: 32-303d)","Tarragona, Spain",183cm,Spain,"DF (FB, right)",Right,2012-2013,19 years,Wigan Athletic,2012,126722,https://www.transfermarkt.com/eduard-campabadal/profil/spieler/126722
Adam Campbell,https://fbref.com/en/players/e3aa211f/Adam-Campbell,Success,Not found,"January 1, 1995 (Age: 30-328d)","North Shields, England, United Kingdom",168cm,England eng,FW-MF (WM),Both,2012-2013,17 years,Newcastle Utd,2012,204354,https://www.transfermarkt.com/adam-campbell/profil/spieler/204354
Daniel Carriço,https://fbref.com/en/players/e1deea75/Daniel-Carrico,Success,Not found,"August 4, 1988",Not found,182cm,Portugal,DF-MF (CB-DM),Right,2008-2009,19 years,Sporting CP,2008,37712,https://www.transfermarkt.com/daniel-carrio/profil/spieler/37712
Tom Carroll,https://fbref.com/en/players/5a1900a4/Tom-Carroll,Success,Not found,"May 28, 1992 (Age: 33-181d)","Watford, England, United Kingdom",171cm,England eng,"MF (CM-DM, left)",Left,2010-2011,18 years,Leyton Orient,2010,121279,https://www.transfermarkt.com/tom-carroll/profil/spieler/121279
Santi Cazorla,https://fbref.com/en/players/e2e9c250/Santi-Cazorla,Success,Not found,"December 13, 1984 (Age: 40-347d)","Lugo de Llanera, Spain",165cm,Spain,MF (AM-WM),Right,2003-2004,18 years,Villarreal,2003,15799,https://www.transfermarkt.com/santi-cazorla/profil/spieler/15799
Júlio César,https://fbref.com/en/players/754ac76b/Julio-Cesar,Success,Not found,"November 18, 1978",Not found,185cm,Not found,DF (CB),Not found,1996-1997,17 years,Valladolid,1996,22412,https://www.transfermarkt.com/jlio-csar/profil/spieler/22412
Richard Chaplow,https://fbref.com/en/players/66835431/Richard-Chaplow,Success,Not found,"February 2, 1985",Not found,175cm,England eng,MF,Right,2002-2003,17 years,Burnley,2002,9975,https://www.transfermarkt.com/richard-chaplow/profil/spieler/9975
Nathaniel Clyne,https://fbref.com/en/players/0442183b/Nathaniel-Clyne,Success,Not found,"April 5, 1991 (Age: 34-234d)","Stockwell, England, United Kingdom",175cm,England eng,"DF (FB, right)",Right,2008-2009,17 years,Crystal Palace,2008,85177,https://www.transfermarkt.com/nathaniel-clyne/profil/spieler/85177
Conor Coady,https://fbref.com/en/players/2928dca2/Conor-Coady,Success,Not found,"February 25, 1993 (Age: 32-273d)","Liverpool, England, United Kingdom",185cm,England eng,DF-MF (CB-DM-WM),Right,2012-2013,19 years,Liverpool,2012,128901,https://www.transfermarkt.com/conor-coady/profil/spieler/128901
Jack Cork,https://fbref.com/en/players/74e12f1e/Jack-Cork,Success,Not found,"June 25, 1989",Not found,185cm,England eng,DF-MF (CM-DM),Right,2006-2007,17 years,Bournemouth,2006,40613,https://www.transfermarkt.com/jack-cork/profil/spieler/40613
Philippe Coutinho,https://fbref.com/en/players/0ef89a37/Philippe-Coutinho,Success,Not found,"June 12, 1992 (Age: 33-166d)","Rio de Janeiro, Brazil",172cm,Brazil,FW-MF (AM-WM),Right,2010-2011,18 years,Inter,2010,80444,https://www.transfermarkt.com/philippe-coutinho/profil/spieler/80444
Shaun Cummings,https://fbref.com/en/players/6bfe339f/Shaun-Cummings,Success,Not found,"February 25, 1989",Not found,183cm,Jamaica jm  Other: England,DF,Right,2008-2009,19 years,MK Dons,2008,40614,https://www.transfermarkt.com/shaun-cummings/profil/spieler/40614
Ben Davies,https://fbref.com/en/players/b99746b2/Ben-Davies,Success,Not found,"May 27, 1981",Not found,170cm,Not found,DF-MF,Right,2004-2005,23 years,Chester City,2004,192765,https://www.transfermarkt.com/ben-davies/profil/spieler/192765
Kelvin Davis,https://fbref.com/en/players/33b6ee02/Kelvin-Davis,Success,Not found,"September 29, 1976",Not found,185cm,England eng,GK,Right,2001-2002,24 years,Wimbledon,2001,13640,https://www.transfermarkt.com/kelvin-davis/profil/spieler/13640
Steven Davis,https://fbref.com/en/players/cf15bbb1/Steven-Davis,Success,Not found,"January 1, 1985",Not found,170cm,Northern Ireland nir,MF (CM-DM),Right,2004-2005,19 years,Aston Villa,2004,28973,https://www.transfermarkt.com/steven-davis/profil/spieler/28973
Simon Dawkins,https://fbref.com/en/players/9db762f1/Simon-Dawkins,Success,Not found,"December 1, 1987",Not found,178cm,Jamaica jm  Other: England,FW-MF,Right,2008-2009,20 years,Leyton Orient,2008,57488,https://www.transfermarkt.com/simon-dawkins/profil/spieler/57488
Steve De Ridder,https://fbref.com/en/players/7561b81d/Steve-De-Ridder,Success,Not found,"February 25, 1987",Not found,179cm,Belgium,FW-MF (AM-WM),Right,2006-2007,19 years,Gent,2006,41818,https://www.transfermarkt.com/steve-de-ridder/profil/spieler/41818
Mathieu Debuchy,https://fbref.com/en/players/92232aad/Mathieu-Debuchy,Success,Not found,"July 28, 1985",Not found,177cm,France,"DF (FB, right)",Right,2003-2004,18 years,Lille,2003,27306,https://www.transfermarkt.com/mathieu-debuchy/profil/spieler/27306
Ashkan Dejagah,https://fbref.com/en/players/5171db60/Ashkan-Dejagah,Success,Not found,"July 5, 1986",Not found,181cm,Iran ir  Other: Germany,FW-MF (AM-WM),Right,2004-2005,18 years,Hertha BSC,2004,13979,https://www.transfermarkt.com/ashkan-dejagah/profil/spieler/13979
Guy Demel,https://fbref.com/en/players/605bba68/Guy-Demel,Success,Not found,"June 13, 1981",Not found,189cm,Côte d'Ivoire ci  Other: France,"DF-MF (FB, right)",Right,2002-2003,21 years,Dortmund,2002,1368,https://www.transfermarkt.com/guy-demel/profil/spieler/1368
Alou Diarra,https://fbref.com/en/players/9b74ce00/Alou-Diarra,Success,Not found,"July 15, 1981",Not found,190cm,France,MF (DM),Right,2002-2003,21 years,Le Havre,2002,1327,https://www.transfermarkt.com/alou-diarra/profil/spieler/1327
Maurice Edu,https://fbref.com/en/players/748dbb80/Maurice-Edu,Success,Not found,"April 18, 1986",Not found,183cm,United States,DF-MF (CM-DM),Right,2007,20 years,Toronto FC,Not found,50987,https://www.transfermarkt.com/maurice-edu/profil/spieler/50987
Rob Elliot,https://fbref.com/en/players/9ade4dc1/Robbie-Elliott,Success,Not found,"December 25, 1973",Not found,178cm,Not found,"DF (FB, left)",Not found,1993-1994,19 years,Newcastle Utd,1993,39037,https://www.transfermarkt.com/rob-elliot/profil/spieler/39037
Urby Emanuelson,https://fbref.com/en/players/66e83563/Urby-Emanuelson,Success,Not found,"June 16, 1986",Not found,176cm,Netherlands,"DF-FW-MF (FB-WM, left)",Left,2004-2005,18 years,Ajax,2004,20586,https://www.transfermarkt.com/urby-emanuelson/profil/spieler/20586
Eyong Enoh,https://fbref.com/en/players/d3dcab48/Eyong-Enoh,Success,Not found,"March 23, 1986",Not found,180cm,Cameroon,MF (DM),Right,2008-2009,22 years,Ajax,2008,47344,https://www.transfermarkt.com/eyong-enoh/profil/spieler/47344
Roger Espinoza,https://fbref.com/en/players/60b7c195/Roger-Espinoza,Success,Not found,"October 25, 1986",Not found,181cm,Honduras,"DF-MF (CM-DM-FB-WM, right)",Left,2008,21 years,KC Wizards,Not found,71096,https://www.transfermarkt.com/roger-espinoza/profil/spieler/71096
Iago Falque,https://fbref.com/en/players/440c84ed/Iago-Falque,Success,Not found,"January 4, 1990",Not found,174cm,Spain,FW-MF (AM-WM),Left,2010-2011,20 years,Villarreal B,2010,59340,https://www.transfermarkt.com/iago-falque/profil/spieler/59340
Adam Federici,https://fbref.com/en/players/e5ea8be7/Adam-Federici,Success,Not found,"January 31, 1985",Not found,188cm,Australia,GK,Right,2006-2007,21 years,Reading,2006,4233,https://www.transfermarkt.com/adam-federici/profil/spieler/4233
Chico Flores,https://fbref.com/en/players/95825cf2/Chico-Flores,Success,Not found,"March 6, 1987",Not found,187cm,Spain,DF (CB),Right,2006-2007,19 years,Cádiz,2006,51681,https://www.transfermarkt.com/chico-flores/profil/spieler/51681
José Fonte,https://fbref.com/en/players/90f87966/Jose-Fonte,Success,Not found,"December 22, 1983 (Age: 41-338d)","Penafiel, Portugal",187cm,Portugal,"DF (CB, right)",Right,2005-2006,21 years,Paços de Ferreira,2005,33829,https://www.transfermarkt.com/jos-fonte/profil/spieler/33829
Danny Fox,https://fbref.com/en/players/857ec97f/Danny-Fox,Success,Not found,"May 29, 1986",Not found,183cm,Scotland sct  Other: England,"DF-MF (CB-FB-WM, left)",Left,2005-2006,19 years,Walsall,2005,31553,https://www.transfermarkt.com/danny-fox/profil/spieler/31553
Fraser Fyvie,https://fbref.com/en/players/c9c0913c/Fraser-Fyvie,Success,Not found,"March 27, 1993 (Age: 32-243d)","Aberdeen, Scotland, United Kingdom",172cm,Scotland sct,MF,Not found,2009-2010,16 years,Aberdeen,2009,107350,https://www.transfermarkt.com/fraser-fyvie/profil/spieler/107350
Javi García,https://fbref.com/en/players/8560652b/Javi-Garcia-Almendro,Success,Not found,"October 1, 1969",Not found,Not found,Not found,FW,Not found,1992-1993,22 years,Rayo Vallecano,1992,36350,https://www.transfermarkt.com/javi-garca/profil/spieler/36350
Javier Garrido,https://fbref.com/en/players/3b142ce5/Javier-Garrido,Success,Not found,"March 15, 1985",Not found,180cm,Spain,"DF (CB-FB, left)",Left,2004-2005,19 years,Real Sociedad,2004,7571,https://www.transfermarkt.com/javier-garrido/profil/spieler/7571
Paulo Gazzaniga,https://fbref.com/en/players/63d17038/Paulo-Gazzaniga,Success,Not found,"January 2, 1992 (Age: 33-327d)","Chateaubriand, Argentina",196cm,Argentina,GK,Right,2011-2012,19 years,Gillingham,2011,195488,https://www.transfermarkt.com/paulo-gazzaniga/profil/spieler/195488
Olivier Giroud,https://fbref.com/en/players/16ceb862/Olivier-Giroud,Success,Not found,"September 30, 1986 (Age: 39-056d)","Chambéry, France",192cm,France,FW,Left,2009-2010,22 years,Tours,2009,82442,https://www.transfermarkt.com/olivier-giroud/profil/spieler/82442
Serge Gnabry,https://fbref.com/en/players/88e357ef/Serge-Gnabry,Success,Not found,"July 14, 1995 (Age: 30-134d)","Stuttgart, Germany",173cm,Germany,FW-MF (AM-WM),Right,2012-2013,17 years,Arsenal,2012,159471,https://www.transfermarkt.com/serge-gnabry/profil/spieler/159471
Román Golobart,https://fbref.com/en/players/564f1536/Roman-Golobart,Success,Not found,"March 21, 1992",Not found,193cm,Spain,DF (CB),Not found,2011-2012,19 years,Inverness CT,2011,90273,https://www.transfermarkt.com/romn-golobart/profil/spieler/90273
Kaspars Gorkšs,https://fbref.com/en/players/a340b996/Kaspars-Gorkss,Success,Not found,"November 6, 1981",Not found,191cm,Latvia,DF,Right,2003,21 years,Öster,Not found,30379,https://www.transfermarkt.com/kaspars-gorks/profil/spieler/30379
Yoan Gouffran,https://fbref.com/en/players/a28d181a/Yoan-Gouffran,Success,Not found,"May 25, 1986",Not found,176cm,France,FW-MF (WM),Right,2004-2005,18 years,Caen,2004,23825,https://www.transfermarkt.com/yoan-gouffran/profil/spieler/23825
Esteban Granero,https://fbref.com/en/players/1b17ed86/Esteban-Granero,Success,Not found,"July 2, 1987",Not found,180cm,Spain,MF,Right,2006-2007,19 years,Real Madrid B,2006,44065,https://www.transfermarkt.com/esteban-granero/profil/spieler/44065
Chris Gunter,https://fbref.com/en/players/8593f88c/Christian-Gunter,Success,Not found,"February 28, 1993 (Age: 32-270d)","Villingen-Schwenningen, Germany",184cm,Germany,"DF-MF (FB-WM, left)",Left,2012-2013,19 years,Freiburg,2012,43853,https://www.transfermarkt.com/chris-gunter/profil/spieler/43853
Jonathan de Guzmán,https://fbref.com/en/players/1bcca8b8/Jonathan-de-Guzman,Success,Not found,"September 13, 1987 (Age: 38-073d)","Toronto, Ontario, Canada",173cm,Netherlands nl  Other: Canada,MF (AM-CM-DM),Right,2005-2006,17 years,Feyenoord,2005,31067,https://www.transfermarkt.com/jonathan-de-guzmn/profil/spieler/31067
Massadio Haïdara,https://fbref.com/en/players/5167c97e/Massadio-Haidara,Success,Not found,"December 2, 1992 (Age: 32-358d)","Trappes, France",179cm,Mali ml  Other: France,"DF-MF (FB, left)",Left,2010-2011,17 years,Nancy,2010,170929,https://www.transfermarkt.com/massadio-hadara/profil/spieler/170929
Robert Hall,https://fbref.com/en/players/89602ebf/Robert-Hall,Success,Not found,"October 20, 1993",Not found,173cm,England eng,FW-MF (WM),Right,2011-2012,17 years,MK Dons,2011,121236,https://www.transfermarkt.com/robert-hall/profil/spieler/121236
Ian Harte,https://fbref.com/en/players/fd4fa092/Ian-Harte,Success,Not found,"August 31, 1977",Not found,175cm,Republic of Ireland,"DF (FB, left)",Left,1995-1996,17 years,Leeds United,1995,3634,https://www.transfermarkt.com/ian-harte/profil/spieler/3634
Eden Hazard,https://fbref.com/en/players/a39bb753/Eden-Hazard,Success,Not found,"January 7, 1991",Not found,173cm,Belgium,"FW-MF (AM-WM, left)",Right,2007-2008,16 years,Lille,2007,50202,https://www.transfermarkt.com/eden-hazard/profil/spieler/50202
Ángelo Henríquez,https://fbref.com/en/players/6f3a433e/Angelo-Henriquez,Success,Not found,"April 13, 1994 (Age: 31-226d)","Santiago, Chile",175cm,Chile,FW,Right,2012-2013,18 years,Wigan Athletic,2012,189740,https://www.transfermarkt.com/ngelo-henrquez/profil/spieler/189740
Pablo Hernández,https://fbref.com/en/players/c0398aca/Pablo-Hernandez,Success,Not found,"April 11, 1985",Not found,173cm,Spain,"FW-MF (AM-WM, right)",Right,2005-2006,20 years,Valencia,2005,46220,https://www.transfermarkt.com/pablo-hernndez/profil/spieler/46220
Brett Holman,https://fbref.com/en/players/4f0d1bbe/Brett-Holman,Success,Not found,"March 27, 1984",Not found,177cm,Australia,FW-MF (AM-WM),Right,2002-2003,18 years,Excelsior,2002,21496,https://www.transfermarkt.com/brett-holman/profil/spieler/21496
Lewis Holtby,https://fbref.com/en/players/410ab123/Lewis-Holtby,Success,Not found,"September 18, 1990 (Age: 35-068d)","Erkelenz, Germany",176cm,Germany,MF (AM-CM-DM-WM),Left,2007-2008,16 years,AA Aachen,2007,55508,https://www.transfermarkt.com/lewis-holtby/profil/spieler/55508
Jos Hooiveld,https://fbref.com/en/players/f544a6ab/Jos-Hooiveld,Success,Not found,"April 22, 1983",Not found,193cm,Netherlands,DF-MF (CB),Left,2003-2004,20 years,Heerenveen,2003,4624,https://www.transfermarkt.com/jos-hooiveld/profil/spieler/4624
Noel Hunt,https://fbref.com/en/players/6825c1f9/Noel-Hunt,Success,Not found,"December 26, 1982",Not found,173cm,Republic of Ireland,FW-MF (WM),Left,2002-2003,19 years,Dunfermline Ath.,2002,12628,https://www.transfermarkt.com/noel-hunt/profil/spieler/12628
Jordon Ibe,https://fbref.com/en/players/9f736ed2/Jordon-Ibe,Success,Not found,"December 8, 1995",Not found,176cm,England eng,"FW-MF (WM, right)",Right,2011-2012,15 years,Wycombe,2011,195652,https://www.transfermarkt.com/jordon-ibe/profil/spieler/195652
Shinji Kagawa,https://fbref.com/en/players/5afafbfe/Shinji-Kagawa,Success,Not found,"March 17, 1989 (Age: 36-253d)","Kobe, Japan",175cm,Japan,FW-MF (AM-CM),Right,2010-2011,21 years,Dortmund,2010,81785,https://www.transfermarkt.com/shinji-kagawa/profil/spieler/81785
Kei Kamara,https://fbref.com/en/players/6e3f3809/Kei-Kamara,Success,Not found,"September 1, 1984 (Age: 41-085d)","Kenema, Sierra Leone",188cm,Sierra Leone,FW,Right,2006,21 years,Columbus Crew,Not found,39049,https://www.transfermarkt.com/kei-kamara/profil/spieler/39049
Harry Kane,https://fbref.com/en/players/21a66f6a/Harry-Kane,Success,Not found,"July 28, 1993 (Age: 32-120d)","Walthamstow, England, United Kingdom",188cm,England eng,FW,Right,2010-2011,17 years,Leyton Orient,2010,132098,https://www.transfermarkt.com/harry-kane/profil/spieler/132098
Jem Karacan,https://fbref.com/en/players/7027738f/Jem-Karacan,Success,Not found,"February 21, 1989",Not found,178cm,Turkey tr  Other: England,MF (DM),Both,2007-2008,18 years,Bournemouth,2007,61447,https://www.transfermarkt.com/jem-karacan/profil/spieler/61447
Giorgos Karagounis,https://fbref.com/en/players/ed2192d0/Giorgos-Karagounis,Success,Not found,"March 6, 1977",Not found,176cm,Greece,MF,Not found,2000-2001,23 years,Panathinaikos,2000,6106,https://www.transfermarkt.com/giorgos-karagounis/profil/spieler/6106
Jimmy Kébé,https://fbref.com/en/players/ea7c7cdf/Jimmy-Kebe,Success,Not found,"January 19, 1984",Not found,187cm,Mali,"MF (AM-WM, right)",Not found,2007-2008,23 years,Reading,2007,33822,https://www.transfermarkt.com/jimmy-kb/profil/spieler/33822
Billy Knott,https://fbref.com/en/players/49809c96/Billy-Knott,Success,Not found,"November 28, 1992",Not found,173cm,England eng,MF,Right,2011-2012,18 years,AFC Wimbledon,2011,133392,https://www.transfermarkt.com/billy-knott/profil/spieler/133392
Arouna Koné,https://fbref.com/en/players/f9a72ca4/Arouna-Kone,Success,Not found,"November 11, 1983",Not found,182cm,Côte d'Ivoire,FW,Right,2003-2004,19 years,Roda JC,2003,8552,https://www.transfermarkt.com/arouna-kon/profil/spieler/8552
Adam Lallana,https://fbref.com/en/players/99813635/Adam-Lallana,Success,Not found,"May 10, 1988",Not found,173cm,England eng,FW-MF (AM-CM-WM),Right,2006-2007,18 years,Southampton,2006,43530,https://www.transfermarkt.com/adam-lallana/profil/spieler/43530
Roland Lamah,https://fbref.com/en/players/336a36fb/Roland-Lamah,Success,Not found,"December 31, 1987",Not found,180cm,Belgium be  Other: Côte d'Ivoire,"FW-MF (WM, left)",Left,2006-2007,18 years,Anderlecht,2006,35035,https://www.transfermarkt.com/roland-lamah/profil/spieler/35035
Rickie Lambert,https://fbref.com/en/players/495de82c/Rickie-Lambert,Success,Not found,"February 16, 1982",Not found,187cm,England eng,FW,Right,2002-2003,20 years,Stockport,2002,49655,https://www.transfermarkt.com/rickie-lambert/profil/spieler/49655
Adam le Fondre,https://fbref.com/en/players/f3a77fec/Adam-le-Fondre,Success,Not found,"December 2, 1986",Not found,177cm,Not found,FW,Right,2004-2005,17 years,Stockport,2004,46106,https://www.transfermarkt.com/adam-le-fondre/profil/spieler/46106
Mikele Leigertwood,https://fbref.com/en/players/3cd9228b/Mikele-Leigertwood,Success,Not found,"November 12, 1982",Not found,188cm,Antigua and Barbuda ag  Other: England,DF-MF (DM),Not found,2002-2003,19 years,Wimbledon,2002,14041,https://www.transfermarkt.com/mikele-leigertwood/profil/spieler/14041
Hugo Lloris,https://fbref.com/en/players/8f62b6ee/Hugo-Lloris,Success,Not found,"December 26, 1986 (Age: 38-334d)","Nice, France",188cm,France,GK,Left,2005-2006,18 years,Nice,2005,17965,https://www.transfermarkt.com/hugo-lloris/profil/spieler/17965
Matthew Lowton,https://fbref.com/en/players/9a9c05db/Matthew-Lowton,Success,Not found,"June 9, 1989",Not found,180cm,Not found,"DF (FB, right)",Right,2009-2010,20 years,Ferencváros,2009,102258,https://www.transfermarkt.com/matthew-lowton/profil/spieler/102258
Modibo Maïga,https://fbref.com/en/players/a546477d/Modibo-Maiga,Success,Not found,"September 3, 1987",Not found,185cm,Mali,FW-MF (WM),Left,2007-2008,19 years,Le Mans,2007,46831,https://www.transfermarkt.com/modibo-maga/profil/spieler/46831
Mikael Mandron,https://fbref.com/en/players/47a26e7c/Mikael-Mandron,Success,Not found,"October 11, 1994 (Age: 31-045d)","Boulogne-sur-Mer, France",191cm,Not found,FW,Right,2012-2013,17 years,Sunderland,2012,218144,https://www.transfermarkt.com/mikael-mandron/profil/spieler/218144
Kader Mangane,https://fbref.com/en/players/dbb10755/Kader-Mangane,Success,Not found,"March 23, 1983",Not found,193cm,Senegal,DF-MF (CB),Right,2003-2004,20 years,Xamax,2003,4796,https://www.transfermarkt.com/kader-mangane/profil/spieler/4796
Vito Mannone,https://fbref.com/en/players/c4173f1a/Vito-Mannone,Success,Not found,"March 2, 1988 (Age: 37-268d)","Desio, Italy",191cm,Italy,GK,Right,2006-2007,18 years,Barnsley,2006,33781,https://www.transfermarkt.com/vito-mannone/profil/spieler/33781
Stanislav Manolev,https://fbref.com/en/players/42138efa/Stanislav-Manolev,Success,Not found,"December 16, 1985",Not found,185cm,Bulgaria,"DF-MF (FB, right)",Right,2009-2010,23 years,PSV Eindhoven,2009,36233,https://www.transfermarkt.com/stanislav-manolev/profil/spieler/36233
Adrian Mariappa,https://fbref.com/en/players/8aa5f52c/Adrian-Mariappa,Success,Not found,"October 3, 1986 (Age: 39-053d)","Harrow, England, United Kingdom",180cm,Jamaica jm  Other: England,"DF (CB, right)",Right,2005-2006,18 years,Watford,2005,38145,https://www.transfermarkt.com/adrian-mariappa/profil/spieler/38145
Marko Marin,https://fbref.com/en/players/a022e78c/Marko-Marin,Success,Not found,"March 13, 1989",Not found,170cm,Germany de  Other: Bosnia and Herzegovina,FW-MF (AM-WM),Right,2006-2007,17 years,Gladbach,2006,35251,https://www.transfermarkt.com/marko-marin/profil/spieler/35251
Emmanuel Mayuka,https://fbref.com/en/players/126fd532/Emmanuel-Mayuka,Success,Not found,"November 21, 1990",Not found,180cm,Zambia,FW,Both,2010-2011,19 years,Young Boys,2010,55709,https://www.transfermarkt.com/emmanuel-mayuka/profil/spieler/55709
Stéphane Mbia,https://fbref.com/en/players/c39d9657/Stephane-Mbia,Success,Not found,"May 20, 1986",Not found,190cm,Cameroon,DF-MF (CB-DM),Right,2004-2005,18 years,Rennes,2004,27470,https://www.transfermarkt.com/stphane-mbia/profil/spieler/27470
Jobi McAnuff,https://fbref.com/en/players/0f602616/Jobi-McAnuff,Success,Not found,"November 9, 1981",Not found,180cm,Jamaica jm  Other: England,MF (CM),Right,2001-2002,19 years,Wimbledon,2001,14047,https://www.transfermarkt.com/jobi-mcanuff/profil/spieler/14047
Alex McCarthy,https://fbref.com/en/players/36c2ca73/Alex-McCarthy,Success,Not found,"December 3, 1989 (Age: 35-357d)","Guildford, England, United Kingdom",193cm,England eng,GK,Right,2007-2008,17 years,Woking,2007,95976,https://www.transfermarkt.com/alex-mccarthy/profil/spieler/95976
George McCartney,https://fbref.com/en/players/f6c4946d/George-McCartney,Success,Not found,"April 29, 1981",Not found,183cm,Northern Ireland nir,DF,Left,2000-2001,19 years,Sunderland,2000,3775,https://www.transfermarkt.com/george-mccartney/profil/spieler/3775
Garath McCleary,https://fbref.com/en/players/3d383df8/Garath-McCleary,Success,Not found,"May 15, 1987 (Age: 38-194d)","Oxford, England, United Kingdom",188cm,Jamaica jm  Other: England,FW-MF (AM-WM),Right,2007-2008,20 years,Nott'ham Forest,2007,69653,https://www.transfermarkt.com/garath-mccleary/profil/spieler/69653
Michu,https://fbref.com/en/players/98429b7b/Michu,Success,Not found,"March 21, 1986",Not found,185cm,Spain,FW-MF (AM),Left,2007-2008,21 years,Celta Vigo,2007,70789,https://www.transfermarkt.com/michu/profil/spieler/70789
Kevin Mirallas,https://fbref.com/en/players/aa51343f/Kevin-Mirallas,Success,Not found,"October 5, 1987",Not found,182cm,Belgium,FW-MF (AM-WM),Right,2004-2005,16 years,Lille,2004,33639,https://www.transfermarkt.com/kevin-mirallas/profil/spieler/33639
Adam Mitchell,https://fbref.com/en/players/c2a4ce02/Adam-Mitchell,Success,Not found,"October 18, 1993",Not found,Not found,Not found,FW-MF (WM),Not found,2012-2013,18 years,Sunderland,2012,154293,https://www.transfermarkt.com/adam-mitchell/profil/spieler/154293
Nacho Monreal,https://fbref.com/en/players/d4cb83cc/Nacho-Monreal,Success,Not found,"February 26, 1986",Not found,178cm,Spain,"DF (FB, left)",Left,2006-2007,20 years,Osasuna,2006,43003,https://www.transfermarkt.com/nacho-monreal/profil/spieler/43003
Sean Morrison,https://fbref.com/en/players/09fec029/Sean-Morrison,Success,Not found,"January 8, 1991",Not found,193cm,Not found,"DF (CB, right)",Right,2007-2008,16 years,Swindon Town,2007,79723,https://www.transfermarkt.com/sean-morrison/profil/spieler/79723
Ján Mucha,https://fbref.com/en/players/1fa82e32/Jan-Mucha,Success,Not found,"December 5, 1982",Not found,189cm,Slovakia,GK,Right,2006-2007,23 years,Legia Warsaw,2006,33195,https://www.transfermarkt.com/jn-mucha/profil/spieler/33195
Alfred N'Diaye,https://fbref.com/en/players/7789bf63/Alfred-NDiaye,Success,Not found,"March 6, 1990",Not found,188cm,Senegal sn  Other: France,DF-MF (CM-DM),Right,2008-2009,18 years,Nancy,2008,77737,https://www.transfermarkt.com/alfred-ndiaye/profil/spieler/77737
Steven Naismith,https://fbref.com/en/players/5e98c186/Steven-Naismith,Success,Not found,"September 14, 1986",Not found,178cm,Scotland sct,FW-MF (AM),Right,2003-2004,16 years,Kilmarnock,2003,12763,https://www.transfermarkt.com/steven-naismith/profil/spieler/12763
Matija Nastasić,https://fbref.com/en/players/f35430a4/Matija-Nastasic,Success,Not found,"March 28, 1993",Not found,187cm,Serbia,"DF (CB, left)",Left,2011-2012,18 years,Fiorentina,2011,143559,https://www.transfermarkt.com/matija-nastasi/profil/spieler/143559
Joey O'Brien,https://fbref.com/en/players/ce46f501/Joey-OBrien,Success,Not found,"February 17, 1986",Not found,180cm,Republic of Ireland,"DF-MF (DM-FB, left & right)",Right,2004-2005,18 years,Sheffield Weds,2004,34672,https://www.transfermarkt.com/joey-obrien/profil/spieler/34672
Oscar,https://fbref.com/en/players/fc647b34/Oscar-Trejo,Success,Not found,"April 26, 1988 (Age: 37-213d)","Santiago del Estero, Argentina",177cm,Not found,FW-MF (AM),Right,2006-2007,18 years,Mallorca,2006,85314,https://www.transfermarkt.com/oscar/profil/spieler/85314
Bryan Oviedo,https://fbref.com/en/players/31faf295/Bryan-Oviedo,Success,Not found,"February 18, 1990 (Age: 35-280d)","San José, Costa Rica",172cm,Costa Rica,"DF-MF (CB-FB-WM, left)",Left,2009-2010,19 years,FC Copenhagen,2009,124983,https://www.transfermarkt.com/bryan-oviedo/profil/spieler/124983
Alex Pearce,https://fbref.com/en/players/66e0514a/Alex-Pearce,Success,Not found,"November 9, 1988",Not found,188cm,"Republic of Ireland ie  Other: England , Scotland",DF-MF (CB),Right,2006-2007,17 years,Northampton,2006,47768,https://www.transfermarkt.com/alex-pearce/profil/spieler/47768
Mladen Petrić,https://fbref.com/en/players/2cc63c53/Mladen-Petric,Success,Not found,"January 1, 1981",Not found,185cm,Croatia hr  Other: Bosnia and Herzegovina,FW,Left,2003-2004,22 years,Grasshopper,2003,2874,https://www.transfermarkt.com/mladen-petri/profil/spieler/2874
Lucas Piazon,https://fbref.com/en/players/f201798c/Lucas-Piazon,Success,Not found,"January 20, 1994 (Age: 31-309d)","São Paulo, Brazil",182cm,Brazil,FW-MF (AM-WM),Right,2012-2013,18 years,Málaga,2012,176485,https://www.transfermarkt.com/lucas-piazon/profil/spieler/176485
Lukas Podolski,https://fbref.com/en/players/88f0a9a0/Lukas-Podolski,Success,Not found,"June 4, 1985 (Age: 40-174d)","Gliwice, Poland",181cm,Germany de  Other: Poland,FW-MF (AM),Left,2003-2004,18 years,Köln,2003,15185,https://www.transfermarkt.com/lukas-podolski/profil/spieler/15185
Emanuel Pogatetz,https://fbref.com/en/players/6b08d120/Emanuel-Pogatetz,Success,Not found,"January 16, 1983",Not found,190cm,Austria,"DF (CB-FB, left)",Left,2003-2004,20 years,Grazer AK,2003,1094,https://www.transfermarkt.com/emanuel-pogatetz/profil/spieler/1094
Goran Popov,https://fbref.com/en/players/4b7fd1e2/Goran-Popov,Success,Not found,"October 2, 1984",Not found,189cm,North Macedonia,"DF-MF (FB-WM, left)",Left,2003-2004,18 years,AEK Athens,2003,19721,https://www.transfermarkt.com/goran-popov/profil/spieler/19721
Dan Potts,https://fbref.com/en/players/3595affe/Dan-Potts,Success,Not found,"April 13, 1994",Not found,173cm,England eng,"DF (FB, left)",Left,2011-2012,17 years,West Ham,2011,207037,https://www.transfermarkt.com/dan-potts/profil/spieler/207037
Nick Powell,https://fbref.com/en/players/05ca4fcb/Nick-Powell,Success,Not found,"March 23, 1994 (Age: 31-247d)","Crewe, England, United Kingdom",183cm,England eng,FW-MF (AM),Right,2010-2011,16 years,Crewe Alexandra,2010,134424,https://www.transfermarkt.com/nick-powell/profil/spieler/134424
Guly do Prado,https://fbref.com/en/players/3ed6e788/Guly-do-Prado,Success,Not found,"December 31, 1981",Not found,190cm,Not found,FW-MF (AM-CM),Right,2002-2003,20 years,Catania,2002,22801,https://www.transfermarkt.com/guly-do-prado/profil/spieler/22801
Gastón Ramírez,https://fbref.com/en/players/2c851997/Gaston-Ramirez,Success,Not found,"December 2, 1990 (Age: 34-358d)","Fray Bentos, Uruguay",183cm,Uruguay,FW-MF (AM),Left,2010-2011,19 years,Bologna,2010,123742,https://www.transfermarkt.com/gastn-ramrez/profil/spieler/123742
Iván Ramis,https://fbref.com/en/players/d2be40f2/Ivan-Ramis,Success,Not found,"October 25, 1984",Not found,188cm,Spain,DF (CB),Right,2003-2004,18 years,Mallorca,2003,26066,https://www.transfermarkt.com/ivn-ramis/profil/spieler/26066
Ben Reeves,https://fbref.com/en/players/4db1f85d/Ben-Reeves,Success,Not found,"November 19, 1991 (Age: 34-006d)","Verwood, England, United Kingdom",177cm,Northern Ireland nir  Other: England,MF,Left,2011-2012,19 years,Dag & Red,2011,171234,https://www.transfermarkt.com/ben-reeves/profil/spieler/171234
Karim Rekik,https://fbref.com/en/players/3376a776/Karim-Rekik,Success,Not found,"December 2, 1994",Not found,186cm,Netherlands,"DF (CB, left)",Left,2011-2012,16 years,Portsmouth,2011,182579,https://www.transfermarkt.com/karim-rekik/profil/spieler/182579
Loïc Rémy,https://fbref.com/en/players/5c2da10f/Loic-Remy,Success,Not found,"January 2, 1987",Not found,184cm,France,FW,Right,2006-2007,19 years,Lyon,2006,45121,https://www.transfermarkt.com/loc-rmy/profil/spieler/45121
Frazer Richardson,https://fbref.com/en/players/4b3d3a68/Frazer-Richardson,Success,Not found,"October 29, 1982",Not found,181cm,Not found,DF (FB),Right,2002-2003,19 years,Stoke City,2002,4094,https://www.transfermarkt.com/frazer-richardson/profil/spieler/4094
Sascha Riether,https://fbref.com/en/players/3cb009c5/Sascha-Riether,Success,Not found,"March 23, 1983",Not found,174cm,Germany,"DF-MF (CM-FB, right)",Right,2003-2004,20 years,Freiburg,2003,1662,https://www.transfermarkt.com/sascha-riether/profil/spieler/1662
Joel Robles,https://fbref.com/en/players/cda0b317/Joel-Robles,Success,Not found,"June 17, 1990 (Age: 35-161d)","Getafe, Spain",195cm,Spain,GK,Right,2009-2010,19 years,Atlético Madrid,2009,101118,https://www.transfermarkt.com/joel-robles/profil/spieler/101118
Hal Robson-Kanu,https://fbref.com/en/players/fb2dec57/Hal-Robson-Kanu,Success,Not found,"May 21, 1989",Not found,183cm,Wales wls  Other: England,FW-MF (AM-WM),Left,2007-2008,18 years,Southend United,2007,65976,https://www.transfermarkt.com/hal-robson-kanu/profil/spieler/65976
Jay Rodriguez,https://fbref.com/en/players/4ab53cdb/Jay-Rodriguez,Success,Not found,"July 29, 1989 (Age: 36-119d)","Burnley, England, United Kingdom",185cm,England eng,FW-MF,Right,2007-2008,18 years,Stirling Albion,2007,53360,https://www.transfermarkt.com/jay-rodriguez/profil/spieler/53360
Markus Rosenberg,https://fbref.com/en/players/5faa73aa/Markus-Rosenberg,Success,Not found,"September 27, 1982",Not found,184cm,Sweden,FW,Right,2001,18 years,Malmö,Not found,27505,https://www.transfermarkt.com/markus-rosenberg/profil/spieler/27505
Nuri Şahin,https://fbref.com/en/players/f4081572/Nuri-Sahin,Success,Not found,"September 5, 1988",Not found,180cm,Turkey tr  Other: Germany,MF (DM),Left,2005-2006,16 years,Dortmund,2005,31095,https://www.transfermarkt.com/nuri-ahin/profil/spieler/31095
Dominic Samuel,https://fbref.com/en/players/65829d85/Dominic-Samuel,Success,Not found,"April 11, 1994 (Age: 31-228d)","Southwark, England, United Kingdom",182cm,England eng,FW-MF,Right,2012-2013,18 years,Colchester Utd,2012,203784,https://www.transfermarkt.com/dominic-samuel/profil/spieler/203784
Morgan Schneiderlin,https://fbref.com/en/players/51b41c5c/Morgan-Schneiderlin,Success,Not found,"November 8, 1989",Not found,181cm,France,MF (CM-DM),Right,2007-2008,17 years,Strasbourg,2007,56818,https://www.transfermarkt.com/morgan-schneiderlin/profil/spieler/56818
Billy Sharp,https://fbref.com/en/players/e8c9f4e9/Billy-Sharp,Success,Not found,"February 5, 1986 (Age: 39-293d)","Sheffield, England, United Kingdom",175cm,Not found,FW,Right,2004-2005,18 years,R&D,2004,49542,https://www.transfermarkt.com/billy-sharp/profil/spieler/49542
Luke Shaw,https://fbref.com/en/players/9c94165b/Luke-Shaw,Success,Not found,"July 12, 1995 (Age: 30-136d)","Kingston upon Thames, England, United Kingdom",185cm,England eng,"DF-MF (FB-WM, left)",Left,2012-2013,17 years,Southampton,2012,183288,https://www.transfermarkt.com/luke-shaw/profil/spieler/183288
Brek Shea,https://fbref.com/en/players/adb6ae24/Brek-Shea,Success,Not found,"February 28, 1990",Not found,191cm,United States,"DF-FW-MF (AM-WM, left)",Left,2008,17 years,FC Dallas,Not found,71107,https://www.transfermarkt.com/brek-shea/profil/spieler/71107
Itay Shechter,https://fbref.com/en/players/adfc4cc1/Itay-Shechter,Success,Not found,"February 22, 1987",Not found,178cm,Israel,FW,Both,2011-2012,24 years,Kaiserslautern,2011,44760,https://www.transfermarkt.com/itay-shechter/profil/spieler/44760
Maicon Sisenando,https://fbref.com/en/players/fbc5d136/Maicon-Sisenando,Success,Not found,"July 26, 1981",Not found,184cm,Brazil,"DF (FB, right)",Right,2004-2005,23 years,Monaco,2004,18301,https://www.transfermarkt.com/maicon-sisenando/profil/spieler/18301
Moussa Sissoko,https://fbref.com/en/players/2acd49b9/Moussa-Sissoko,Success,Not found,"August 16, 1989 (Age: 36-101d)","Le Blanc-Mesnil, France",187cm,France,"FW-MF (AM-CM-DM-WM, right)",Right,2007-2008,17 years,Toulouse,2007,46001,https://www.transfermarkt.com/moussa-sissoko/profil/spieler/46001
Alex Smith,https://fbref.com/en/players/bb91617c/Alex-Smithies,Success,Not found,"March 5, 1990",Not found,185cm,England eng,GK,Right,2007-2008,17 years,Huddersfield,2007,33754,https://www.transfermarkt.com/alex-smith/profil/spieler/33754
Robert Snodgrass,https://fbref.com/en/players/9f4647e9/Robert-Snodgrass,Success,Not found,"September 7, 1987",Not found,182cm,Scotland sct,FW-MF (AM-DM-WM),Left,2004-2005,16 years,Livingston,2004,22614,https://www.transfermarkt.com/robert-snodgrass/profil/spieler/22614
Enda Stevens,https://fbref.com/en/players/17d4507a/Enda-Stevens,Success,Not found,"July 9, 1990",Not found,183cm,Republic of Ireland,"DF-MF (DM-FB-WM, left)",Left,2012-2013,22 years,Aston Villa,2012,85706,https://www.transfermarkt.com/enda-stevens/profil/spieler/85706
Ki Sung-yueng,https://fbref.com/en/players/1d8c99b0/Ki-Sung-yueng,Success,Not found,"January 24, 1989 (Age: 36-305d)","Gwangju, Korea Republic",187cm,Korea Republic,MF (CM-DM),Right,2009-2010,20 years,Celtic,2009,81796,https://www.transfermarkt.com/ki-sung-yueng/profil/spieler/81796
Suso,https://fbref.com/en/players/ac78902c/Suso-Santana,Success,Not found,"March 2, 1985",Not found,177cm,Not found,"FW-MF (AM-WM, right)",Not found,2006-2007,21 years,Tenerife,2006,111961,https://www.transfermarkt.com/suso/profil/spieler/111961
Yacouba Sylla,https://fbref.com/en/players/f121f4b7/Yacouba-Sylla,Success,Not found,"November 29, 1990 (Age: 34-361d)","Étampes, France",184cm,Mali ml  Other: France,MF,Right,2010-2011,19 years,Clermont Foot,2010,160080,https://www.transfermarkt.com/yacouba-sylla/profil/spieler/160080
Jay Tabb,https://fbref.com/en/players/69cc718f/Jay-Tabb,Success,Not found,"February 21, 1984",Not found,170cm,Republic of Ireland ie  Other: England,MF (CM-WM),Left,2002-2003,18 years,Brentford,2002,42284,https://www.transfermarkt.com/jay-tabb/profil/spieler/42284
James Tavernier,https://fbref.com/en/players/be765073/James-Tavernier,Success,Not found,"October 31, 1991 (Age: 34-025d)","Bradford, England, United Kingdom",182cm,Not found,"DF (FB, right)",Right,2010-2011,18 years,Gateshead,2010,62094,https://www.transfermarkt.com/james-tavernier/profil/spieler/62094
Stuart Taylor,https://fbref.com/en/players/30871c08/Stuart-Taylor,Success,Not found,"November 28, 1980",Not found,196cm,England eng,GK,Right,2001-2002,20 years,Arsenal,2001,3190,https://www.transfermarkt.com/stuart-taylor/profil/spieler/3190
Alexander Tettey,https://fbref.com/en/players/75566759/Alexander-Tettey,Success,Not found,"April 4, 1986",Not found,180cm,Norway no  Other: Ghana,MF (DM),Right,2004,17 years,Rosenborg,Not found,12384,https://www.transfermarkt.com/alexander-tettey/profil/spieler/12384
Dwight Tiendalli,https://fbref.com/en/players/e7a1007d/Dwight-Tiendalli,Success,Not found,"October 21, 1985",Not found,180cm,Netherlands nl  Other: Suriname,DF (FB),Right,2004-2005,18 years,Utrecht,2004,29356,https://www.transfermarkt.com/dwight-tiendalli/profil/spieler/29356
Andros Townsend,https://fbref.com/en/players/b28bbd58/Andros-Townsend,Success,Not found,"July 16, 1991 (Age: 34-132d)","Leytonstone, England, United Kingdom",183cm,England eng,"FW-MF (AM-WM, right)",Left,2008-2009,17 years,Yeovil Town,2008,61842,https://www.transfermarkt.com/andros-townsend/profil/spieler/61842
Ricardo Vaz Tê,https://fbref.com/en/players/238aa706/Ricardo-Vaz-Te,Success,Not found,"October 1, 1986",Not found,188cm,Portugal,FW-MF,Right,2003-2004,16 years,Bolton,2003,9413,https://www.transfermarkt.com/ricardo-vaz-t/profil/spieler/9413
Jan Vertonghen,https://fbref.com/en/players/ba23a904/Jan-Vertonghen,Success,Not found,"April 24, 1987",Not found,189cm,Belgium,"DF (CB-FB, left)",Left,2006-2007,19 years,RKC Waalwijk,2006,43250,https://www.transfermarkt.com/jan-vertonghen/profil/spieler/43250
Ron Vlaar,https://fbref.com/en/players/366f6f12/Ron-Vlaar,Success,Not found,"February 16, 1985",Not found,189cm,Netherlands,"DF (CB, right)",Right,2004-2005,19 years,AZ Alkmaar,2004,30697,https://www.transfermarkt.com/ron-vlaar/profil/spieler/30697
James Ward-Prowse,https://fbref.com/en/players/3515d404/James-Ward-Prowse,Success,Not found,"November 1, 1994 (Age: 31-024d)","Portsmouth, England, United Kingdom",173cm,England eng,MF (AM-CM-DM),Right,2012-2013,17 years,Southampton,2012,181579,https://www.transfermarkt.com/james-ward-prowse/profil/spieler/181579
Ashley Westwood,https://fbref.com/en/players/495945ef/Ashley-Westwood,Success,Not found,"April 1, 1990 (Age: 35-238d)","Nantwich, England, United Kingdom",170cm,Not found,"MF (CM-DM-WM, right)",Right,2008-2009,18 years,Crewe Alexandra,2008,91317,https://www.transfermarkt.com/ashley-westwood/profil/spieler/91317
Steven Whittaker,https://fbref.com/en/players/06f81a8c/Steven-Whittaker,Success,Not found,"June 16, 1984",Not found,185cm,Scotland sct,"DF-MF (FB, right)",Right,2001-2002,17 years,Hibernian,2001,12704,https://www.transfermarkt.com/steven-whittaker/profil/spieler/12704
Derrick Williams,https://fbref.com/en/players/c0a28fbd/Derrick-Williams,Success,Not found,"January 17, 1993 (Age: 32-312d)","Hamburg, Germany",180cm,Republic of Ireland ie  Other: Germany,"DF (CB-FB, left)",Left,2012-2013,19 years,Aston Villa,2012,128287,https://www.transfermarkt.com/derrick-williams/profil/spieler/128287
Andre Wisdom,https://fbref.com/en/players/ab6a3628/Andre-Wisdom,Success,Not found,"May 9, 1993",Not found,186cm,England eng,"DF (CB-FB, right)",Right,2012-2013,19 years,Liverpool,2012,128912,https://www.transfermarkt.com/andre-wisdom/profil/spieler/128912
Claudio Yacob,https://fbref.com/en/players/bda6ffd4/Claudio-Yacob,Success,Not found,"July 18, 1987",Not found,198cm,Argentina,MF (CM-DM),Right,2012-2013,25 years,West Brom,2012,45330,https://www.transfermarkt.com/claudio-yacob/profil/spieler/45330
Mapou Yanga-Mbiwa,https://fbref.com/en/players/20573d10/Mapou-Yanga-Mbiwa,Success,Not found,"May 15, 1989 (Age: 36-194d)","Bangui, Central African Republic",184cm,France fr  Other: Central African Republic,DF (CB),Right,2009-2010,20 years,Montpellier,2009,57480,https://www.transfermarkt.com/mapou-yanga-mbiwa/profil/spieler/57480
Maya Yoshida,https://fbref.com/en/players/caffaf5a/Maya-Yoshida,Success,Not found,"August 24, 1988 (Age: 37-093d)","Nagasaki-shi, Japan",189cm,Japan,DF (CB),Right,2010-2011,21 years,VVV-Venlo,2010,81789,https://www.transfermarkt.com/maya-yoshida/profil/spieler/81789
Adrián,https://fbref.com/en/players/57ebd662/Adrian-Gonzalez,Success,Not found,"May 25, 1988",Not found,183cm,Spain,MF (AM-CM),Left,2006-2007,18 years,Real Madrid B,2006,34495,https://www.transfermarkt.com/adrin/profil/spieler/34495
Chuba Akpom,https://fbref.com/en/players/e2b384d2/Chuba-Akpom,Success,Not found,"October 9, 1995 (Age: 30-047d)","Newham, England, United Kingdom",183cm,England eng,FW-MF,Right,2013-2014,17 years,Brentford,2013,197642,https://www.transfermarkt.com/chuba-akpom/profil/spieler/197642
Luis Alberto,https://fbref.com/en/players/5294a83f/Luis-Alberto,Success,Not found,"September 28, 1992 (Age: 33-058d)","San José del Valle, Spain",182cm,Spain,"FW-MF (AM-CM-WM, left)",Right,2010-2011,17 years,Sevilla,2010,44352,https://www.transfermarkt.com/luis-alberto/profil/spieler/44352
Jozy Altidore,https://fbref.com/en/players/8db8ad1e/Jozy-Altidore,Success,Not found,"November 6, 1989",Not found,185cm,United States,FW,Right,2006,16 years,NY Red Bulls,Not found,39378,https://www.transfermarkt.com/jozy-altidore/profil/spieler/39378
Sone Aluko,https://fbref.com/en/players/5a75d4cc/Sone-Aluko,Success,Not found,"February 19, 1989",Not found,173cm,Nigeria ng  Other: England,FW-MF (AM),Left,2007-2008,18 years,Aberdeen,2007,42198,https://www.transfermarkt.com/sone-aluko/profil/spieler/42198
Morgan Amalfitano,https://fbref.com/en/players/ab914649/Morgan-Amalfitano,Success,Not found,"March 20, 1985",Not found,176cm,France,MF (AM),Right,2006-2007,21 years,Sedan,2006,39883,https://www.transfermarkt.com/morgan-amalfitano/profil/spieler/39883
Jordi Amat,https://fbref.com/en/players/d70a2141/Jordi-Amat,Success,Not found,"March 21, 1992 (Age: 33-249d)","Canet de Mar, Spain",184cm,Indonesia id  Other: Spain,DF (CB),Right,2009-2010,17 years,Espanyol,2009,85289,https://www.transfermarkt.com/jordi-amat/profil/spieler/85289
Fernando Amorebieta,https://fbref.com/en/players/b2bbc0ec/Fernando-Amorebieta,Success,Not found,"March 29, 1985",Not found,192cm,Venezuela ve  Other: Spain,DF (CB),Right,2005-2006,20 years,Athletic Club,2005,35548,https://www.transfermarkt.com/fernando-amorebieta/profil/spieler/35548
Pablo Armero,https://fbref.com/en/players/afabf74e/Pablo-Armero,Success,Not found,"November 2, 1986",Not found,174cm,Colombia,"DF-MF (FB-WM, left)",Left,2010-2011,23 years,Udinese,2010,73786,https://www.transfermarkt.com/pablo-armero/profil/spieler/73786
Adam Armstrong,https://fbref.com/en/players/68c720b5/Adam-Armstrong,Success,Not found,"February 10, 1997 (Age: 28-288d)","Newcastle upon Tyne, England, United Kingdom",172cm,England eng,FW-MF (AM),Right,2013-2014,16 years,Newcastle Utd,2013,250426,https://www.transfermarkt.com/adam-armstrong/profil/spieler/250426
Marko Arnautović,https://fbref.com/en/players/00459419/Marko-Arnautovic,Success,Not found,"April 19, 1989 (Age: 36-220d)",Austria,192cm,Austria,FW-MF (AM-WM),Right,2006-2007,17 years,Twente,2006,41384,https://www.transfermarkt.com/marko-arnautovi/profil/spieler/41384
Iago Aspas,https://fbref.com/en/players/7dcf86f6/Iago-Aspas,Success,Not found,"August 1, 1987 (Age: 38-116d)","Moaña, Spain",176cm,Spain,FW-MF,Left,2010-2011,22 years,Celta Vigo,2010,72047,https://www.transfermarkt.com/iago-aspas/profil/spieler/72047
El-Hadji Ba,https://fbref.com/en/players/8fb79730/Daouda-El-Hadji-Ba,Success,Not found,"November 28, 1988",Not found,177cm,Not found,DF,Not found,2017-2018,28 years,Martigues,2017,169090,https://www.transfermarkt.com/el-hadji-ba/profil/spieler/169090
Leandro Bacuna,https://fbref.com/en/players/9dc69d38/Leandro-Bacuna,Success,Not found,"August 21, 1991 (Age: 34-096d)","Groningen, Netherlands",187cm,"Curaçao cw  Other: Netherlands Antilles , Netherlands","DF-MF (CM-DM-FB-WM, right)",Right,2009-2010,17 years,Groningen,2009,126014,https://www.transfermarkt.com/leandro-bacuna/profil/spieler/126014
Nabil Bentaleb,https://fbref.com/en/players/3189f61a/Nabil-Bentaleb,Success,Not found,"November 24, 1994 (Age: 31-001d)","Lille, France",187cm,Algeria dz  Other: France,MF (CM-DM),Left,2013-2014,18 years,Tottenham,2013,245537,https://www.transfermarkt.com/nabil-bentaleb/profil/spieler/245537
Saido Berahino,https://fbref.com/en/players/25b166d0/Saido-Berahino,Success,Not found,"August 4, 1993",Not found,179cm,Burundi bi  Other: England,FW-MF,Right,2011-2012,17 years,Northampton,2011,128897,https://www.transfermarkt.com/saido-berahino/profil/spieler/128897
Thievy Bifouma,https://fbref.com/en/players/5978dc3c/Thievy-Bifouma,Success,Not found,"May 13, 1992 (Age: 33-196d)","Saint-Denis, France",180cm,Congo cg  Other: France,FW-MF (AM),Right,2010-2011,18 years,Espanyol,2010,181477,https://www.transfermarkt.com/thievy-bifouma/profil/spieler/181477
Kim Bo-kyung,https://fbref.com/en/players/587ddfd6/Kim-Bo-kyung,Success,Not found,"October 6, 1989 (Age: 36-050d)","Gurye-gun, Korea Republic",178cm,Korea Republic,MF (AM),Left,2012-2013,22 years,Cardiff City,2012,128375,https://www.transfermarkt.com/kim-bo-kyung/profil/spieler/128375
Derek Boateng,https://fbref.com/en/players/e9ef3a0d/Derek-Boateng,Success,Not found,"May 2, 1983",Not found,183cm,Ghana,MF (DM),Right,2000-2001,17 years,Kalamata,2000,18091,https://www.transfermarkt.com/derek-boateng/profil/spieler/18091
Yannick Bolasie,https://fbref.com/en/players/715fc0fe/Yannick-Bolasie,Success,Not found,"May 24, 1989 (Age: 36-185d)","Lyon, France",185cm,Congo DR cd  Other: France,FW-MF (AM-WM),Right,2008-2009,19 years,R&D,2008,75471,https://www.transfermarkt.com/yannick-bolasie/profil/spieler/75471
Wilfried Bony,https://fbref.com/en/players/61abe9b6/Wilfried-Bony,Success,Not found,"December 10, 1988",Not found,183cm,Côte d'Ivoire,FW,Right,2009-2010,20 years,Sparta Prague,2009,81808,https://www.transfermarkt.com/wilfried-bony/profil/spieler/81808
Marco Borriello,https://fbref.com/en/players/a889ffc7/Marco-Borriello,Success,Not found,"June 18, 1982",Not found,186cm,Italy,FW,Both,2002-2003,20 years,Empoli,2002,5825,https://www.transfermarkt.com/marco-borriello/profil/spieler/5825
George Boyd,https://fbref.com/en/players/0a9048ce/George-Boyd,Success,Not found,"October 2, 1985",Not found,185cm,Scotland sct  Other: England,FW-MF (WM),Left,2006-2007,20 years,Stevenage,2006,45623,https://www.transfermarkt.com/george-boyd/profil/spieler/45623
Robbie Brady,https://fbref.com/en/players/96bb8cc2/Robbie-Brady,Success,Not found,"January 14, 1992 (Age: 33-315d)","Dublin, Republic of Ireland",178cm,Republic of Ireland,DF-FW-MF (FB-WM),Left,2011-2012,19 years,Hull City,2011,128229,https://www.transfermarkt.com/robbie-brady/profil/spieler/128229
Liam Bridcutt,https://fbref.com/en/players/d6066695/Liam-Bridcutt,Success,Not found,"May 8, 1989",Not found,175cm,Scotland sct  Other: England,DF-MF (CM-DM),Right,2007-2008,18 years,Yeovil Town,2007,40612,https://www.transfermarkt.com/liam-bridcutt/profil/spieler/40612
Alex Bruce,https://fbref.com/en/players/102ed2b2/Alex-Bruce,Success,Not found,"September 28, 1984",Not found,180cm,"Northern Ireland nir  Other: England , Republic of Ireland",DF,Right,2004-2005,19 years,Sheffield Weds,2004,37957,https://www.transfermarkt.com/alex-bruce/profil/spieler/37957
Dan Burn,https://fbref.com/en/players/b2d31e83/Dan-Burn,Success,Not found,"May 9, 1992 (Age: 33-200d)","Blyth, England, United Kingdom",198cm,England eng,"DF (CB-FB, left)",Left,2009-2010,17 years,Darlington,2009,134270,https://www.transfermarkt.com/dan-burn/profil/spieler/134270
Jack Butland,https://fbref.com/en/players/cc70a1d5/Jack-Butland,Success,Not found,"March 10, 1993 (Age: 32-260d)","City of Bristol, England, United Kingdom",193cm,England eng,GK,Right,2011-2012,18 years,Cheltenham,2011,128899,https://www.transfermarkt.com/jack-butland/profil/spieler/128899
Cabral,https://fbref.com/en/players/487b7f40/Millene-Cabral,Success,Not found,"November 29, 1997 (Age: 27-361d)","Pôrto Alegre, Brazil",164cm,Not found,FW,Not found,2024-2025,26 years,Dep La Coruña,2024,231572,https://www.transfermarkt.com/cabral/profil/spieler/231572
Cala,https://fbref.com/en/players/e412488f/Emanuele-Calaio,Success,Not found,"January 8, 1982",Not found,179cm,Italy,FW,Not found,1999-2000,17 years,Torino,1999,237686,https://www.transfermarkt.com/cala/profil/spieler/237686
José Campaña,https://fbref.com/en/players/61220da2/Jose-Campana,Success,Not found,"May 31, 1993",Not found,179cm,Spain,MF (AM-CM),Right,2011-2012,18 years,Sevilla,2011,120095,https://www.transfermarkt.com/jos-campaa/profil/spieler/120095
José Cañas,https://fbref.com/en/players/72a2e37e/Juan-Jose-Canas,Success,Not found,"April 17, 1972",Not found,179cm,Not found,MF,Not found,1994-1995,22 years,Real Betis,1994,7657,https://www.transfermarkt.com/jos-caas/profil/spieler/7657
Étienne Capoue,https://fbref.com/en/players/5acc4a10/Etienne-Capoue,Success,Not found,"July 11, 1988",Not found,189cm,France,MF (CM-DM),Right,2007-2008,19 years,Toulouse,2007,63494,https://www.transfermarkt.com/tienne-capoue/profil/spieler/63494
João Carlos Teixeira,https://fbref.com/en/players/601299e9/Joao-Carlos-Teixeira,Success,Not found,"January 18, 1993 (Age: 32-311d)","Braga, Portugal",177cm,Portugal,FW-MF,Right,2013-2014,20 years,Liverpool,2013,132214,https://www.transfermarkt.com/joo-carlos-teixeira/profil/spieler/132214
Ondřej Čelůstka,https://fbref.com/en/players/393a257c/Ondrej-Celustka,Success,Not found,"June 18, 1989",Not found,185cm,Czech Republic,DF (CB-FB),Right,2009-2010,20 years,Palermo,2009,70131,https://www.transfermarkt.com/ondej-elstka/profil/spieler/70131
Nacer Chadli,https://fbref.com/en/players/5b54bf3b/Nacer-Chadli,Success,Not found,"August 2, 1989",Not found,187cm,Belgium,FW-MF (AM-WM),Right,2007-2008,17 years,AGOVV,2007,59631,https://www.transfermarkt.com/nacer-chadli/profil/spieler/59631
Calum Chambers,https://fbref.com/en/players/dc6f5bdd/Calum-Chambers,Success,Not found,"January 20, 1995 (Age: 30-309d)","Petersfield, England, United Kingdom",183cm,England eng,DF-MF (CB-FB),Right,2013-2014,18 years,Southampton,2013,215118,https://www.transfermarkt.com/calum-chambers/profil/spieler/215118
James Chester,https://fbref.com/en/players/a772eba6/James-Chester,Success,Not found,"January 23, 1989 (Age: 36-306d)","Warrington, England, United Kingdom",177cm,Wales wls  Other: England,DF (CB),Right,2008-2009,19 years,P'borough Utd,2008,73482,https://www.transfermarkt.com/james-chester/profil/spieler/73482
Vlad Chiricheș,https://fbref.com/en/players/c316607a/Vlad-Chiriches,Success,Not found,"November 14, 1989 (Age: 36-011d)","Bacău, Romania",184cm,Romania,"DF-MF (CB, right)",Right,2009-2010,19 years,Internațional,2009,123261,https://www.transfermarkt.com/vlad-chiriche/profil/spieler/123261
Aly Cissokho,https://fbref.com/en/players/83a2bb30/Aly-Cissokho,Success,Not found,"September 15, 1987 (Age: 38-071d)","Blois, France",182cm,France,"DF (FB, left)",Left,2008-2009,20 years,Vitória Setúbal,2008,57515,https://www.transfermarkt.com/aly-cissokho/profil/spieler/57515
Larnell Cole,https://fbref.com/en/players/ce1faab0/Larnell-Cole,Success,Not found,"March 9, 1993",Not found,168cm,England eng,MF,Right,2013-2014,20 years,MK Dons,2013,141650,https://www.transfermarkt.com/larnell-cole/profil/spieler/141650
Andreas Cornelius,https://fbref.com/en/players/c693347d/Andreas-Cornelius,Success,Not found,"March 16, 1993 (Age: 32-254d)","Copenhagen, Denmark",193cm,Denmark,FW,Left,2011-2012,18 years,FC Copenhagen,2011,203412,https://www.transfermarkt.com/andreas-cornelius/profil/spieler/203412
Don Cowie,https://fbref.com/en/players/c06e8b72/Don-Cowie,Success,Not found,"February 15, 1983",Not found,180cm,Scotland sct,MF,Right,2007-2008,24 years,Inverness CT,2007,14746,https://www.transfermarkt.com/don-cowie/profil/spieler/14746
Luke Daniels,https://fbref.com/en/players/87fce32b/Luke-Daniels,Success,Not found,"January 5, 1988 (Age: 37-324d)","Bolton, England, United Kingdom",193cm,England eng,GK,Right,2007-2008,19 years,Motherwell,2007,45921,https://www.transfermarkt.com/luke-daniels/profil/spieler/45921
Chris David,https://fbref.com/en/players/51ceacc1/Chris-David,Success,Not found,"March 6, 1993",Not found,170cm,Netherlands,FW-MF,Left,2013-2014,20 years,Fulham,2013,187285,https://www.transfermarkt.com/chris-david/profil/spieler/187285
Kevin De Bruyne,https://fbref.com/en/players/e46012d4/Kevin-De-Bruyne,Success,Not found,"June 28, 1991 (Age: 34-150d)","Gent, Belgium",181cm,Belgium,FW-MF (AM-CM-WM),Right,2008-2009,17 years,Genk,2008,88755,https://www.transfermarkt.com/kevin-de-bruyne/profil/spieler/88755
Damien Delaney,https://fbref.com/en/players/210d9ecb/Damien-Delaney,Success,Not found,"July 20, 1981",Not found,191cm,Republic of Ireland,DF (CB),Left,2000-2001,19 years,Leicester City,2000,36861,https://www.transfermarkt.com/damien-delaney/profil/spieler/36861
Moussa Dembélé,https://fbref.com/en/players/e7986081/Moussa-Dembele,Success,Not found,"July 12, 1996 (Age: 29-136d)","Pontoise, France",183cm,France,FW,Right,2013-2014,17 years,Fulham,2013,229004,https://www.transfermarkt.com/moussa-dembl/profil/spieler/229004
Martín Demichelis,https://fbref.com/en/players/e9c7102a/Martin-Demichelis,Success,Not found,"December 20, 1980",Not found,184cm,Argentina,DF-MF (CB-DM),Right,2003-2004,22 years,Bayern Munich,2003,2963,https://www.transfermarkt.com/martn-demichelis/profil/spieler/2963
Gerard Deulofeu,https://fbref.com/en/players/39583cfd/Gerard-Deulofeu,Success,Not found,"March 13, 1994",Not found,176cm,Spain,FW-MF (WM),Right,2010-2011,16 years,Barcelona B,2010,129476,https://www.transfermarkt.com/gerard-deulofeu/profil/spieler/129476
Modibo Diakité,https://fbref.com/en/players/e5eb4ab4/Modibo-Diakite,Success,Not found,"March 2, 1987",Not found,192cm,Not found,DF (CB),Both,2005-2006,18 years,Pescara,2005,41749,https://www.transfermarkt.com/modibo-diakit/profil/spieler/41749
Andrea Dossena,https://fbref.com/en/players/3ae59b9c/Andrea-Dossena,Success,Not found,"September 11, 1981",Not found,180cm,Italy,"DF-MF (FB-WM, left)",Left,2001-2002,19 years,Hellas Verona,2001,21863,https://www.transfermarkt.com/andrea-dossena/profil/spieler/21863
Paul Dummett,https://fbref.com/en/players/3fe6bd8c/Paul-Dummett,Success,Not found,"September 26, 1991 (Age: 34-060d)","Newcastle upon Tyne, England, United Kingdom",185cm,Wales wls  Other: England,"DF (FB, left)",Left,2011-2012,19 years,Gateshead,2011,170321,https://www.transfermarkt.com/paul-dummett/profil/spieler/170321
Marvin Emnes,https://fbref.com/en/players/a5900d91/Marvin-Emnes,Success,Not found,"May 27, 1988",Not found,180cm,Netherlands,FW-MF (WM),Both,2005-2006,17 years,Sparta R'dam,2005,37787,https://www.transfermarkt.com/marvin-emnes/profil/spieler/37787
Christian Eriksen,https://fbref.com/en/players/980522ec/Christian-Eriksen,Success,Not found,"February 14, 1992 (Age: 33-284d)","Middelfart, Denmark",177cm,Denmark,FW-MF (AM-CM-DM),Right,2009-2010,17 years,Ajax,2009,69633,https://www.transfermarkt.com/christian-eriksen/profil/spieler/69633
Samuel Eto'o,https://fbref.com/en/players/06420c93/Samuel-Etoo,Success,Not found,"March 10, 1981",Not found,179cm,Cameroon,FW,Right,1998-1999,17 years,Espanyol,1998,4257,https://www.transfermarkt.com/samuel-etoo/profil/spieler/4257
Leroy Fer,https://fbref.com/en/players/3cefa66a/Leroy-Fer,Success,Not found,"January 5, 1990 (Age: 35-324d)","Zoetermeer, Netherlands",188cm,Netherlands,MF (CM-DM),Right,2007-2008,17 years,Feyenoord,2007,63342,https://www.transfermarkt.com/leroy-fer/profil/spieler/63342
Fernandinho,https://fbref.com/en/players/9e23bf9b/Fernandinho,Success,Not found,"September 15, 1994 (Age: 31-071d)","Aracaju, Brazil",Not found,Not found,MF,Not found,2014,19 years,Palmeiras,Not found,26267,https://www.transfermarkt.com/fernandinho/profil/spieler/26267
Mathieu Flamini,https://fbref.com/en/players/148d4105/Mathieu-Flamini,Success,Not found,"March 7, 1984",Not found,178cm,France,MF (DM),Both,2003-2004,19 years,Marseille,2003,17396,https://www.transfermarkt.com/mathieu-flamini/profil/spieler/17396
Matty Fryatt,https://fbref.com/en/players/4980fb08/Matty-Fryatt,Success,Not found,"March 5, 1986",Not found,178cm,England eng,FW,Both,2003-2004,17 years,Carlisle United,2003,14013,https://www.transfermarkt.com/matty-fryatt/profil/spieler/14013
Jay Fulton,https://fbref.com/en/players/434ad289/Jay-Fulton,Success,Not found,"April 1, 1994 (Age: 31-238d)","Bolton, England, United Kingdom",178cm,Scotland sct  Other: England,MF (CM-DM),Right,2010-2011,16 years,Falkirk,2010,171260,https://www.transfermarkt.com/jay-fulton/profil/spieler/171260
Sam Gallagher,https://fbref.com/en/players/44361ade/Sam-Gallagher,Success,Not found,"September 15, 1995 (Age: 30-071d)","Crediton, England, United Kingdom",193cm,England eng  Other: Scotland,FW-MF,Right,2013-2014,17 years,Southampton,2013,227183,https://www.transfermarkt.com/sam-gallagher/profil/spieler/227183
Luke Garbutt,https://fbref.com/en/players/41017ad5/Luke-Garbutt,Success,Not found,"May 21, 1993 (Age: 32-188d)","Harrogate, England, United Kingdom",180cm,England eng,"DF-MF (FB, left)",Left,2011-2012,18 years,Cheltenham,2011,110860,https://www.transfermarkt.com/luke-garbutt/profil/spieler/110860
Owen Garvan,https://fbref.com/en/players/47b3b724/Owen-Garvan,Success,Not found,"January 29, 1988",Not found,183cm,Republic of Ireland,MF,Left,2005-2006,17 years,Ipswich Town,2005,33249,https://www.transfermarkt.com/owen-garvan/profil/spieler/33249
Dwight Gayle,https://fbref.com/en/players/e58a03c6/Dwight-Gayle,Success,Not found,"October 17, 1990 (Age: 35-039d)","Walthamstow, England, United Kingdom",177cm,Not found,FW,Right,2012-2013,21 years,P'borough Utd,2012,196522,https://www.transfermarkt.com/dwight-gayle/profil/spieler/196522
Mohamed Gedo,https://fbref.com/en/players/814ef6ba/Mohamed-Gedo,Success,Not found,"October 30, 1984",Not found,Not found,Not found,FW,Not found,2012-2013,27 years,Hull City,2012,104941,https://www.transfermarkt.com/mohamed-gedo/profil/spieler/104941
Rudy Gestede,https://fbref.com/en/players/822b3ef9/Rudy-Gestede,Success,Not found,"October 10, 1988",Not found,193cm,Benin bj  Other: France,FW,Right,2007-2008,18 years,Metz,2007,39908,https://www.transfermarkt.com/rudy-gestede/profil/spieler/39908
Emanuele Giaccherini,https://fbref.com/en/players/1c50f354/Emanuele-Giaccherini,Success,Not found,"May 5, 1985",Not found,167cm,Italy,FW-MF (AM),Right,2009-2010,24 years,Cesena,2009,84835,https://www.transfermarkt.com/emanuele-giaccherini/profil/spieler/84835
Marco van Ginkel,https://fbref.com/en/players/47681787/Marco-van-Ginkel,Success,Not found,"December 1, 1992 (Age: 32-359d)","Gemeente Amersfoort, Netherlands",186cm,Netherlands,MF (CM),Right,2009-2010,16 years,Vitesse,2009,147034,https://www.transfermarkt.com/marco-van-ginkel/profil/spieler/147034
Jack Grealish,https://fbref.com/en/players/b0b4fd3e/Jack-Grealish,Success,Not found,"September 10, 1995 (Age: 30-076d)","Birmingham, England, United Kingdom",175cm,England eng  Other: Republic of Ireland,"FW-MF (AM-WM, left)",Right,2013-2014,17 years,Notts County,2013,203460,https://www.transfermarkt.com/jack-grealish/profil/spieler/203460
John Guidetti,https://fbref.com/en/players/99bebd12/John-Guidetti,Success,Not found,"April 15, 1992 (Age: 33-224d)","Stockholm, Sweden",185cm,Sweden,FW,Right,2008,15 years,Brommapojkarna,Not found,98596,https://www.transfermarkt.com/john-guidetti/profil/spieler/98596
Aron Gunnarsson,https://fbref.com/en/players/e2533c20/Aron-Gunnarsson,Success,Not found,"April 22, 1989 (Age: 36-217d)","Akureyri, Iceland",178cm,Iceland,DF-MF (CM-DM-FB-WM),Right,2007-2008,18 years,AZ Alkmaar,2007,63821,https://www.transfermarkt.com/aron-gunnarsson/profil/spieler/63821
Rhys Healey,https://fbref.com/en/players/07ace8c3/Rhys-Healey,Success,Not found,"December 6, 1994 (Age: 30-354d)","Manchester, England, United Kingdom",175cm,Not found,FW,Right,2013-2014,18 years,Cardiff City,2013,238185,https://www.transfermarkt.com/rhys-healey/profil/spieler/238185
Nicklas Helenius,https://fbref.com/en/players/ae3d2f47/Nicklas-Helenius,Success,Not found,"May 8, 1991 (Age: 34-201d)","Svenstrup, Denmark",196cm,Denmark,FW,Right,2010-2011,19 years,Aalborg,2010,102132,https://www.transfermarkt.com/nicklas-helenius/profil/spieler/102132
Gary Hooper,https://fbref.com/en/players/b73ce4ba/Gary-Hooper,Success,Not found,"January 26, 1988 (Age: 37-303d)","Harlow, England, United Kingdom",177cm,Not found,FW,Right,2006-2007,18 years,Leyton Orient,2006,42513,https://www.transfermarkt.com/gary-hooper/profil/spieler/42513
Mark Hudson,https://fbref.com/en/players/e4e3de44/Mark-Hudson,Success,Not found,"March 30, 1982",Not found,185cm,Not found,DF (CB),Right,2003-2004,21 years,Oldham Athletic,2003,3640,https://www.transfermarkt.com/mark-hudson/profil/spieler/3640
Tom Ince,https://fbref.com/en/players/67d23ab0/Tom-Ince,Success,Not found,"January 30, 1992 (Age: 33-299d)","Stockport, England, United Kingdom",178cm,England eng,FW-MF (AM-WM),Left,2010-2011,18 years,Notts County,2010,157368,https://www.transfermarkt.com/tom-ince/profil/spieler/157368
Jo Inge Berget,https://fbref.com/en/players/f512a009/Jo-Inge-Berget,Success,Not found,"September 11, 1990 (Age: 35-075d)","Hadeland, Norway",186cm,Norway,FW-MF (AM),Right,2007,16 years,Lyn,Not found,73323,https://www.transfermarkt.com/jo-inge-berget/profil/spieler/73323
Eldin Jakupović,https://fbref.com/en/players/1148323a/Eldin-Jakupovic,Success,Not found,"October 2, 1984 (Age: 41-054d)","Kozarac, Bosnia and Herzegovina",191cm,Switzerland ch  Other: Bosnia and Herzegovina,GK,Right,2004-2005,19 years,Grasshopper,2004,2857,https://www.transfermarkt.com/eldin-jakupovi/profil/spieler/2857
Tom James,https://fbref.com/en/players/e7ca0439/James-Tomkins,Success,Not found,"March 29, 1989",Not found,190cm,England eng,"DF-MF (CB-DM, right)",Right,2007-2008,18 years,West Ham,2007,325105,https://www.transfermarkt.com/tom-james/profil/spieler/325105
Adnan Januzaj,https://fbref.com/en/players/4737cebe/Adnan-Januzaj,Success,Not found,"February 5, 1995 (Age: 30-293d)","Brussels, Belgium",182cm,Belgium,"FW-MF (AM-WM, right)",Left,2013-2014,18 years,Manchester Utd,2013,177847,https://www.transfermarkt.com/adnan-januzaj/profil/spieler/177847
Mile Jedinak,https://fbref.com/en/players/22fd2214/Mile-Jedinak,Success,Not found,"August 3, 1984",Not found,191cm,Australia,MF (DM),Both,2006-2007,21 years,Central Coast,2006,28336,https://www.transfermarkt.com/mile-jedinak/profil/spieler/28336
Declan John,https://fbref.com/en/players/8e42ea27/Declan-John,Success,Not found,"June 30, 1995 (Age: 30-148d)","Merthyr Tydfil, Wales, United Kingdom",178cm,Wales wls,"DF-MF (FB, left)",Left,2013-2014,18 years,Cardiff City,2013,238585,https://www.transfermarkt.com/declan-john/profil/spieler/238585
Luuk de Jong,https://fbref.com/en/players/abb3bb95/Luuk-de-Jong,Success,Not found,"August 27, 1990 (Age: 35-090d)","Aigle, Switzerland",188cm,Netherlands nl  Other: Switzerland,FW,Right,2008-2009,17 years,De Graafschap,2008,72522,https://www.transfermarkt.com/luuk-de-jong/profil/spieler/72522
Stevan Jovetić,https://fbref.com/en/players/f36c432f/Stevan-Jovetic,Success,Not found,"November 2, 1989 (Age: 36-023d)","Podgorica, Montenegro",183cm,Montenegro,FW-MF,Right,2008-2009,18 years,Fiorentina,2008,46104,https://www.transfermarkt.com/stevan-joveti/profil/spieler/46104
Tomáš Kalas,https://fbref.com/en/players/df618867/Tomas-Kalas,Success,Not found,"May 15, 1993 (Age: 32-194d)","Olomouc, Czech Republic",184cm,Czech Republic,DF (CB),Right,2009-2010,16 years,Sigma Olomouc,2009,148657,https://www.transfermarkt.com/tom-kalas/profil/spieler/148657
Kim Källström,https://fbref.com/en/players/c9880157/Kim-Kallstrom,Success,Not found,"August 24, 1982",Not found,185cm,Sweden,MF (DM),Left,2001,18 years,Häcken,Not found,3730,https://www.transfermarkt.com/kim-kllstrm/profil/spieler/3730
Robert Koren,https://fbref.com/en/players/f68eaab2/Robert-Koren,Success,Not found,"September 20, 1980",Not found,175cm,Slovenia,DF-MF,Not found,2004,23 years,Lillestrøm,Not found,26946,https://www.transfermarkt.com/robert-koren/profil/spieler/26946
Libor Kozák,https://fbref.com/en/players/979d0640/Libor-Kozak,Success,Not found,"May 30, 1989",Not found,193cm,Czech Republic,FW,Right,2008-2009,19 years,Lazio,2008,63824,https://www.transfermarkt.com/libor-kozk/profil/spieler/63824
William Kvist,https://fbref.com/en/players/e805c6be/William-Kvist,Success,Not found,"August 25, 1994",Not found,Not found,Not found,MF,Not found,2014,19 years,Landskrona,Not found,36787,https://www.transfermarkt.com/william-kvist/profil/spieler/36787
Érik Lamela,https://fbref.com/en/players/abe66106/Erik-Lamela,Success,Not found,"March 4, 1992",Not found,184cm,Argentina,"FW-MF (AM-WM, right)",Left,2011-2012,19 years,Roma,2011,111630,https://www.transfermarkt.com/rik-lamela/profil/spieler/111630
Tom Lawrence,https://fbref.com/en/players/7e2f45f4/Tom-Lawrence,Success,Not found,"January 13, 1994 (Age: 31-316d)","Wrexham, Wales, United Kingdom",175cm,Wales wls,FW-MF (AM),Right,2013-2014,19 years,Manchester Utd,2013,229970,https://www.transfermarkt.com/tom-lawrence/profil/spieler/229970
Joe Ledley,https://fbref.com/en/players/c221f149/Joe-Ledley,Success,Not found,"January 23, 1987",Not found,183cm,Wales wls,"MF (CM-WM, left)",Left,2004-2005,17 years,Cardiff City,2004,34409,https://www.transfermarkt.com/joe-ledley/profil/spieler/34409
Elliot Lee,https://fbref.com/en/players/e5192234/Elliot-Lee,Success,Not found,"December 16, 1994 (Age: 30-344d)","Durham, England, United Kingdom",180cm,Not found,FW-MF (CM),Both,2013-2014,18 years,Colchester Utd,2013,229826,https://www.transfermarkt.com/elliot-lee/profil/spieler/229826
Joe Lewis,https://fbref.com/en/players/d45bc2f4/Joe-Lewis,Success,Not found,"October 6, 1987",Not found,198cm,England eng,GK,Right,2006-2007,18 years,Stockport,2006,25834,https://www.transfermarkt.com/joe-lewis/profil/spieler/25834
Dejan Lovren,https://fbref.com/en/players/1a2935f6/Dejan-Lovren,Success,Not found,"July 5, 1989 (Age: 36-143d)","Zenica, Bosnia and Herzegovina",188cm,Croatia hr  Other: Bosnia and Herzegovina,DF (CB),Right,2007-2008,18 years,Inter Zaprešić,2007,37838,https://www.transfermarkt.com/dejan-lovren/profil/spieler/37838
Jamar Loza,https://fbref.com/en/players/e8f3848e/Jamar-Loza,Success,Not found,"May 10, 1994",Not found,178cm,Jamaica,FW-MF,Right,2013-2014,19 years,Southend United,2013,203464,https://www.transfermarkt.com/jamar-loza/profil/spieler/203464
Diego Lugano,https://fbref.com/en/players/303ad7c3/Diego-Lugano,Success,Not found,"November 2, 1980",Not found,188cm,Uruguay,DF (CB),Right,2006-2007,25 years,Fenerbahçe,2006,13829,https://www.transfermarkt.com/diego-lugano/profil/spieler/13829
Antonio Luna,https://fbref.com/en/players/ed239245/Antonio-Luna,Success,Not found,"March 17, 1991",Not found,178cm,Spain,"DF (FB, left)",Left,2009-2010,18 years,Sevilla,2009,126516,https://www.transfermarkt.com/antonio-luna/profil/spieler/126516
David Marshall,https://fbref.com/en/players/4d93d433/David-Marshall,Success,Not found,"March 5, 1985",Not found,191cm,Scotland sct,GK,Right,2003-2004,18 years,Celtic,2003,9500,https://www.transfermarkt.com/david-marshall/profil/spieler/9500
Nemanja Matić,https://fbref.com/en/players/eb7822d7/Nemanja-Matic,Success,Not found,"August 1, 1988 (Age: 37-116d)","Šabac, Serbia",194cm,Serbia,MF (CM-DM),Left,2009-2010,20 years,Chelsea,2009,74683,https://www.transfermarkt.com/nemanja-mati/profil/spieler/74683
Charalampos Mavrias,https://fbref.com/en/players/1cfd188f/Charalampos-Mavrias,Success,Not found,"February 21, 1994 (Age: 31-277d)","Nomós Zakýnthou, Greece",177cm,Greece,"DF-FW-MF (WM, right)",Right,2010-2011,16 years,Panathinaikos,2010,136647,https://www.transfermarkt.com/charalampos-mavrias/profil/spieler/136647
Nicky Maynard,https://fbref.com/en/players/2d6ef68e/Nicky-Maynard,Success,Not found,"December 11, 1986",Not found,189cm,Not found,FW,Right,2005-2006,18 years,Crewe Alexandra,2005,39705,https://www.transfermarkt.com/nicky-maynard/profil/spieler/39705
Paddy McCarthy,https://fbref.com/en/players/74a9a389/Paddy-McCarthy,Success,Not found,"May 31, 1983",Not found,185cm,Republic of Ireland,DF (CB),Right,2002-2003,19 years,Notts County,2002,29974,https://www.transfermarkt.com/paddy-mccarthy/profil/spieler/29974
Aiden McGeady,https://fbref.com/en/players/c7df693b/Aiden-McGeady,Success,Not found,"April 4, 1986",Not found,180cm,Republic of Ireland ie  Other: Scotland,FW-MF (AM-WM),Both,2003-2004,17 years,Celtic,2003,21333,https://www.transfermarkt.com/aiden-mcgeady/profil/spieler/21333
Allan McGregor,https://fbref.com/en/players/f3a97d02/Allan-McGregor,Success,Not found,"January 31, 1982",Not found,183cm,Scotland sct,GK,Right,2001-2002,19 years,Rangers,2001,9422,https://www.transfermarkt.com/allan-mcgregor/profil/spieler/9422
Aaron McLean,https://fbref.com/en/players/dc49ea82/Aaron-McLean,Success,Not found,"May 25, 1983",Not found,177cm,Not found,FW,Not found,2002-2003,19 years,Leyton Orient,2002,45631,https://www.transfermarkt.com/aaron-mclean/profil/spieler/45631
Kevin McNaughton,https://fbref.com/en/players/40a814af/Kevin-McNaughton,Success,Not found,"August 28, 1982",Not found,178cm,Scotland sct,DF,Right,2000-2001,17 years,Aberdeen,2000,11365,https://www.transfermarkt.com/kevin-mcnaughton/profil/spieler/11365
Paul McShane,https://fbref.com/en/players/5785993d/Paul-McShane,Success,Not found,"January 6, 1986",Not found,183cm,Republic of Ireland,DF (CB),Right,2004-2005,18 years,Walsall,2004,24636,https://www.transfermarkt.com/paul-mcshane/profil/spieler/24636
Gary Medel,https://fbref.com/en/players/563a68ad/Gary-Medel,Success,Not found,"August 3, 1987 (Age: 38-114d)","Santiago, Chile",171cm,Chile,DF-MF (CB-DM),Right,2010-2011,22 years,Sevilla,2010,60889,https://www.transfermarkt.com/gary-medel/profil/spieler/60889
Mesca,https://fbref.com/en/players/7969682e/Mesca,Success,Not found,"May 6, 1993",Not found,175cm,Portugal pt  Other: Guinea-Bissau,MF,Both,2013-2014,20 years,Crewe Alexandra,2013,160348,https://www.transfermarkt.com/mesca/profil/spieler/160348
Kostas Mitroglou,https://fbref.com/en/players/c6ac6579/Kostas-Mitroglou,Success,Not found,"March 12, 1988",Not found,189cm,Greece,FW,Right,2007-2008,19 years,Olympiacos,2007,34944,https://www.transfermarkt.com/kostas-mitroglou/profil/spieler/34944
Ravel Morrison,https://fbref.com/en/players/bf59c794/Ravel-Morrison,Success,Not found,"February 2, 1993",Not found,175cm,Jamaica jm  Other: England,MF,Right,2011-2012,18 years,West Ham,2011,128907,https://www.transfermarkt.com/ravel-morrison/profil/spieler/128907
Dean Moxey,https://fbref.com/en/players/8616e501/Dean-Moxey,Success,Not found,"January 14, 1986",Not found,180cm,Not found,DF-FW-MF (FB),Left,2006-2007,20 years,Exeter City,2006,77559,https://www.transfermarkt.com/dean-moxey/profil/spieler/77559
Marc Muniesa,https://fbref.com/en/players/4db76f57/Marc-Muniesa,Success,Not found,"March 27, 1992 (Age: 33-243d)","Lloret de Mar, Spain",181cm,Spain,"DF-MF (CB-DM-FB, left)",Left,2008-2009,16 years,Barcelona,2008,74228,https://www.transfermarkt.com/marc-muniesa/profil/spieler/74228
Josh Murphy,https://fbref.com/en/players/b30c7426/Josh-Murphy,Success,Not found,"February 24, 1995 (Age: 30-274d)","Wembley, England, United Kingdom",173cm,England eng,"FW-MF (AM-WM, left)",Right,2013-2014,18 years,Norwich City,2013,199528,https://www.transfermarkt.com/josh-murphy/profil/spieler/199528
Glenn Murray,https://fbref.com/en/players/f2f29dda/Glenn-Murray,Success,Not found,"September 25, 1983",Not found,183cm,Not found,FW,Right,2005-2006,21 years,Carlisle United,2005,45693,https://www.transfermarkt.com/glenn-murray/profil/spieler/45693
Mats Møller Dæhli,https://fbref.com/en/players/fcf5211e/Mats-Moller-Daehli,Success,Not found,"March 2, 1995 (Age: 30-268d)","Oslo, Norway",172cm,Norway,FW-MF (AM-CM),Right,2013,17 years,Molde,Not found,190831,https://www.transfermarkt.com/mats-mller-dhli/profil/spieler/190831
Jesús Navas,https://fbref.com/en/players/3f10bd22/Jesus-Navas,Success,Not found,"November 21, 1985",Not found,172cm,Spain,"DF-FW-MF (AM-FB-WM, right)",Right,2003-2004,17 years,Sevilla,2003,15956,https://www.transfermarkt.com/jess-navas/profil/spieler/15956
Álvaro Negredo,https://fbref.com/en/players/63b0ca6b/Alvaro-Negredo,Success,Not found,"August 20, 1985",Not found,186cm,Spain,FW,Left,2005-2006,19 years,Real Madrid B,2005,18644,https://www.transfermarkt.com/lvaro-negredo/profil/spieler/18644
Antonio Nocerino,https://fbref.com/en/players/07cf67f3/Antonio-Nocerino,Success,Not found,"April 9, 1985",Not found,175cm,Italy,MF,Right,2003-2004,18 years,Avellino,2003,22203,https://www.transfermarkt.com/antonio-nocerino/profil/spieler/22203
Craig Noone,https://fbref.com/en/players/274e493e/Craig-Noone,Success,Not found,"November 17, 1987",Not found,173cm,Not found,FW-MF (AM-WM),Left,2008-2009,20 years,Plymouth Argyle,2008,81202,https://www.transfermarkt.com/craig-noone/profil/spieler/81202
Stuart O'Keefe,https://fbref.com/en/players/d0f8d154/Stuart-OKeefe,Success,Not found,"March 4, 1991",Not found,173cm,Not found,MF (CM-DM),Right,2008-2009,17 years,Southend United,2008,93626,https://www.transfermarkt.com/stuart-okeefe/profil/spieler/93626
Liam O'Neil,https://fbref.com/en/players/22e07c17/Liam-ONeil,Success,Not found,"July 31, 1993",Not found,173cm,Not found,DF-MF (CM),Right,2012,18 years,VPS,Not found,305069,https://www.transfermarkt.com/liam-oneil/profil/spieler/305069
Jores Okore,https://fbref.com/en/players/bd7138e5/Jores-Okore,Success,Not found,"August 11, 1992",Not found,183cm,Denmark dk  Other: Côte d'Ivoire,DF (CB),Right,2010-2011,17 years,Nordsjælland,2010,129085,https://www.transfermarkt.com/jores-okore/profil/spieler/129085
Dani Osvaldo,https://fbref.com/en/players/3f0eba4f/Dani-Osvaldo,Success,Not found,"January 12, 1986",Not found,182cm,Italy it  Other: Argentina,FW,Right,2005-2006,19 years,Atalanta,2005,37389,https://www.transfermarkt.com/dani-osvaldo/profil/spieler/37389
Mesut Özil,https://fbref.com/en/players/16380240/Mesut-Ozil,Success,Not found,"October 15, 1988",Not found,183cm,Germany,MF (AM-WM),Left,2006-2007,17 years,Schalke 04,2006,35664,https://www.transfermarkt.com/mesut-zil/profil/spieler/35664
Costel Pantilimon,https://fbref.com/en/players/d24e154c/Costel-Pantilimon,Success,Not found,"February 1, 1987",Not found,201cm,Romania,GK,Right,2006-2007,19 years,Politehnica Timișoara,2006,47659,https://www.transfermarkt.com/costel-pantilimon/profil/spieler/47659
Jonathan Parr,https://fbref.com/en/players/62110c96/Jonathan-Parr,Success,Not found,"October 21, 1988",Not found,182cm,Norway,"DF (FB, left)",Both,2006,17 years,Lyn,Not found,41665,https://www.transfermarkt.com/jonathan-parr/profil/spieler/41665
Paulinho,https://fbref.com/en/players/df547bba/Paulinho,Success,Not found,"January 10, 1986",Not found,176cm,Brazil,FW,Not found,2004-2005,18 years,Livorno,2004,57229,https://www.transfermarkt.com/paulinho/profil/spieler/57229
Erik Pieters,https://fbref.com/en/players/1ef37668/Erik-Pieters,Success,Not found,"August 7, 1988",Not found,184cm,Netherlands,"DF-MF (CB-FB, left)",Left,2006-2007,17 years,Utrecht,2006,43763,https://www.transfermarkt.com/erik-pieters/profil/spieler/43763
Alejandro Pozuelo,https://fbref.com/en/players/5e1280ff/Alejandro-Pozuelo,Success,Not found,"September 20, 1991 (Age: 34-066d)","Sevilla, Spain",170cm,Not found,FW-MF (AM),Both,2011-2012,19 years,Betis,2011,188853,https://www.transfermarkt.com/alejandro-pozuelo/profil/spieler/188853
Alex Pritchard,https://fbref.com/en/players/ff9fcd4d/Alex-Pritchard,Success,Not found,"May 3, 1993 (Age: 32-206d)","Orsett, England, United Kingdom",171cm,England eng,FW-MF (AM),Right,2012-2013,19 years,P'borough Utd,2012,200777,https://www.transfermarkt.com/alex-pritchard/profil/spieler/200777
Nick Proschwitz,https://fbref.com/en/players/9cf4fd68/Nick-Proschwitz,Success,Not found,"November 28, 1986",Not found,192cm,Not found,FW,Right,2010-2011,23 years,Thun,2010,31535,https://www.transfermarkt.com/nick-proschwitz/profil/spieler/31535
Stephen Quinn,https://fbref.com/en/players/9ff17f6f/Stephen-Quinn,Success,Not found,"April 1, 1986 (Age: 39-238d)","Clondalkin, Republic of Ireland",168cm,Republic of Ireland,FW-MF (CM-DM),Left,2005-2006,19 years,Rotherham Utd,2005,43266,https://www.transfermarkt.com/stephen-quinn/profil/spieler/43266
Răzvan Raț,https://fbref.com/en/players/0a0ee36e/Razvan-Rat,Success,Not found,"May 26, 1981",Not found,178cm,Romania,"DF (FB, left)",Left,2003-2004,22 years,Shakhtar,2003,14940,https://www.transfermarkt.com/rzvan-ra/profil/spieler/14940
Nathan Redmond,https://fbref.com/en/players/ab651565/Nathan-Redmond,Success,Not found,"March 6, 1994",Not found,173cm,England eng,"FW-MF (AM-WM, left)",Right,2011-2012,17 years,Birmingham City,2011,129078,https://www.transfermarkt.com/nathan-redmond/profil/spieler/129078
Harrison Reed,https://fbref.com/en/players/803ae100/Harrison-Reed,Success,Not found,"January 27, 1995 (Age: 30-302d)","Worthing, England, United Kingdom",176cm,England eng,MF (DM),Right,2013-2014,18 years,Southampton,2013,226973,https://www.transfermarkt.com/harrison-reed/profil/spieler/226973
Valentin Roberge,https://fbref.com/en/players/f373db50/Valentin-Roberge,Success,Not found,"June 9, 1987 (Age: 38-169d)","Montreuil, France",185cm,Cyprus cy  Other: France,DF (CB),Left,2008-2009,21 years,Aris,2008,87422,https://www.transfermarkt.com/valentin-roberge/profil/spieler/87422
Patrick Roberts,https://fbref.com/en/players/59d93937/Patrick-Roberts,Success,Not found,"February 5, 1997 (Age: 28-293d)","Kingston upon Thames, England, United Kingdom",167cm,England eng,"FW-MF (AM-WM, right)",Left,2013-2014,16 years,Fulham,2013,225452,https://www.transfermarkt.com/patrick-roberts/profil/spieler/225452
Callum Robinson,https://fbref.com/en/players/e75750a3/Callum-Robinson,Success,Not found,"February 2, 1995 (Age: 30-296d)","Northampton, England, United Kingdom",178cm,Republic of Ireland ie  Other: England,FW-MF (AM),Right,2013-2014,18 years,Aston Villa,2013,183299,https://www.transfermarkt.com/callum-robinson/profil/spieler/183299
Liam Rosenior,https://fbref.com/en/players/8b0d6fe9/Liam-Rosenior,Success,Not found,"July 9, 1984",Not found,178cm,England eng,DF,Right,2002-2003,18 years,Bristol City,2002,15166,https://www.transfermarkt.com/liam-rosenior/profil/spieler/15166
Yannick Sagbo,https://fbref.com/en/players/8320d584/Yannick-Sagbo,Success,Not found,"April 12, 1988",Not found,183cm,Côte d'Ivoire ci  Other: France,FW,Right,2008-2009,20 years,Monaco,2008,60591,https://www.transfermarkt.com/yannick-sagbo/profil/spieler/60591
Mamadou Sakho,https://fbref.com/en/players/87935cf3/Mamadou-Sakho,Success,Not found,"February 13, 1990",Not found,188cm,France,"DF (CB, left)",Left,2007-2008,17 years,Paris S-G,2007,47713,https://www.transfermarkt.com/mamadou-sakho/profil/spieler/47713
Mohamed Salah,https://fbref.com/en/players/e342ad68/Mohamed-Salah,Success,Not found,"June 15, 1992 (Age: 33-163d)","Basyūn, Egypt",175cm,Egypt,"FW-MF (AM-WM, right)",Left,2012-2013,20 years,Basel,2012,148455,https://www.transfermarkt.com/mohamed-salah/profil/spieler/148455
Yaya Sanogo,https://fbref.com/en/players/11ced928/Yaya-Sanogo,Success,Not found,"January 27, 1993",Not found,194cm,France,FW,Right,2009-2010,16 years,Auxerre,2009,127194,https://www.transfermarkt.com/yaya-sanogo/profil/spieler/127194
André Schürrle,https://fbref.com/en/players/ecbb3fdf/Andre-Schurrle,Success,Not found,"November 6, 1990",Not found,183cm,Germany,FW-MF (WM),Right,2009-2010,18 years,Mainz 05,2009,58205,https://www.transfermarkt.com/andr-schrrle/profil/spieler/58205
Ignacio Scocco,https://fbref.com/en/players/705a763a/Ignacio-Scocco,Success,Not found,"May 29, 1985",Not found,172cm,Argentina,FW-MF (AM-WM),Right,2006-2007,21 years,UNAM,2006,51088,https://www.transfermarkt.com/ignacio-scocco/profil/spieler/51088
Brad Smith,https://fbref.com/en/players/59e7d8e8/Brad-Smith,Success,Not found,"April 23, 1997",Not found,183cm,Not found,MF,Left,2015-2016,18 years,Dundee United,2015,175745,https://www.transfermarkt.com/brad-smith/profil/spieler/175745
Roberto Soldado,https://fbref.com/en/players/9d66fbe3/Roberto-Soldado,Success,Not found,"May 27, 1985",Not found,179cm,Spain,FW,Right,2005-2006,20 years,Real Madrid,2005,34870,https://www.transfermarkt.com/roberto-soldado/profil/spieler/34870
Julián Speroni,https://fbref.com/en/players/8e65a5e5/Julian-Speroni,Success,Not found,"May 18, 1979",Not found,183cm,Argentina,GK,Right,2001-2002,22 years,Dundee,2001,12814,https://www.transfermarkt.com/julin-speroni/profil/spieler/12814
Maarten Stekelenburg,https://fbref.com/en/players/fefce889/Maarten-Stekelenburg,Success,Not found,"September 22, 1982",Not found,197cm,Netherlands,GK,Right,2002-2003,19 years,Ajax,2002,4311,https://www.transfermarkt.com/maarten-stekelenburg/profil/spieler/4311
John Stones,https://fbref.com/en/players/5eecec3d/John-Stones,Success,Not found,"May 28, 1994 (Age: 31-181d)","Barnsley, England, United Kingdom",188cm,England eng,"DF (CB, right)",Right,2011-2012,17 years,Barnsley,2011,186590,https://www.transfermarkt.com/john-stones/profil/spieler/186590
John Swift,https://fbref.com/en/players/646ee278/John-Swift,Success,Not found,"June 23, 1995 (Age: 30-155d)","Portsmouth, England, United Kingdom",182cm,England eng,FW-MF (AM),Right,2013-2014,18 years,Chelsea,2013,197693,https://www.transfermarkt.com/john-swift/profil/spieler/197693
Muamer Tanković,https://fbref.com/en/players/b44c39da/Muamer-Tankovic,Success,Not found,"February 22, 1995 (Age: 30-276d)","Norrköping, Sweden",179cm,Sweden,FW-MF (AM),Right,2013-2014,18 years,Fulham,2013,198513,https://www.transfermarkt.com/muamer-tankovi/profil/spieler/198513
Andrew Taylor,https://fbref.com/en/players/fb67faf8/Andrew-Taylor,Success,Not found,"August 1, 1986",Not found,178cm,England eng,"DF-MF (FB-WM, left)",Left,2005-2006,18 years,Bradford City,2005,29158,https://www.transfermarkt.com/andrew-taylor/profil/spieler/29158
Kévin Théophile-Catherine,https://fbref.com/en/players/6b994195/Kevin-Theophile-Catherine,Success,Not found,"October 28, 1989 (Age: 36-028d)","Saint-Brieuc, France",183cm,France fr  Other: Martinique,DF (CB-FB),Right,2009-2010,19 years,Rennes,2009,60603,https://www.transfermarkt.com/kvin-thophile-catherine/profil/spieler/60603
Aleksandar Tonev,https://fbref.com/en/players/c15d1af9/Aleksandar-Tonev,Success,Not found,"February 3, 1990",Not found,178cm,Bulgaria,MF (AM-WM),Both,2009-2010,19 years,OFC Sliven,2009,87282,https://www.transfermarkt.com/aleksandar-tonev/profil/spieler/87282
Lacina Traoré,https://fbref.com/en/players/883f251e/Lacina-Traore,Success,Not found,"May 20, 1990",Not found,203cm,Côte d'Ivoire,FW,Left,2008-2009,18 years,CFR Cluj,2008,69006,https://www.transfermarkt.com/lacina-traor/profil/spieler/69006
Ryan Tunnicliffe,https://fbref.com/en/players/534e83a0/Ryan-Tunnicliffe,Success,Not found,"December 30, 1992",Not found,183cm,England eng,MF (CM-DM),Right,2011-2012,18 years,P'borough Utd,2011,110868,https://www.transfermarkt.com/ryan-tunnicliffe/profil/spieler/110868
Ben Turner,https://fbref.com/en/players/b034ebe2/Ben-Turner,Success,Not found,"January 21, 1988",Not found,193cm,England eng,DF (CB),Right,2006-2007,18 years,P'borough Utd,2006,39518,https://www.transfermarkt.com/ben-turner/profil/spieler/39518
Álvaro Vázquez,https://fbref.com/en/players/d2d8675a/Alvaro-Vazquez,Success,Not found,"April 27, 1991 (Age: 34-212d)","Badalona, Spain",182cm,Spain,FW,Right,2010-2011,19 years,Espanyol,2010,141835,https://www.transfermarkt.com/lvaro-vzquez/profil/spieler/141835
Miloš Veljković,https://fbref.com/en/players/a5ae8f8e/Milos-Veljkovic,Success,Not found,"September 26, 1995 (Age: 30-060d)","Belgrade, Serbia",184cm,Serbia rs  Other: Switzerland,DF (CB),Right,2013-2014,17 years,Tottenham,2013,202228,https://www.transfermarkt.com/milo-veljkovi/profil/spieler/202228
Santiago Vergini,https://fbref.com/en/players/6d041dd0/Santiago-Vergini,Success,Not found,"August 3, 1988",Not found,191cm,Argentina,"DF (CB, right)",Right,2013-2014,24 years,Sunderland,2013,94783,https://www.transfermarkt.com/santiago-vergini/profil/spieler/94783
Matěj Vydra,https://fbref.com/en/players/0d4ceb32/Matej-Vydra,Success,Not found,"May 1, 1992 (Age: 33-208d)","Chotěboř, Czech Republic",180cm,Czech Republic,FW-MF (AM),Right,2009-2010,17 years,Baník Ostrava,2009,101500,https://www.transfermarkt.com/matj-vydra/profil/spieler/101500
Victor Wanyama,https://fbref.com/en/players/e0900238/Victor-Wanyama,Success,Not found,"June 25, 1991 (Age: 34-153d)","Nairobi, Kenya",188cm,Kenya,MF (CM-DM),Right,2009-2010,18 years,Beerschot,2009,77760,https://www.transfermarkt.com/victor-wanyama/profil/spieler/77760
Joel Ward,https://fbref.com/en/players/8a7ff278/Joel-Ward,Success,Not found,"October 29, 1989",Not found,188cm,Not found,"DF-MF (DM-FB, right)",Right,2008-2009,18 years,Bournemouth,2008,92572,https://www.transfermarkt.com/joel-ward/profil/spieler/92572
Peter Whittingham,https://fbref.com/en/players/f2286f20/Peter-Whittingham,Success,Not found,"September 8, 1984",Not found,178cm,England eng,MF (WM),Left,2002-2003,17 years,Aston Villa,2002,3762,https://www.transfermarkt.com/peter-whittingham/profil/spieler/3762
Jonny Williams,https://fbref.com/en/players/49b8432c/Jonny-Williams,Success,Not found,"October 9, 1993 (Age: 32-047d)","Pembury, England, United Kingdom",168cm,Wales wls,FW-MF (AM-CM),Left,2011-2012,17 years,Crystal Palace,2011,170322,https://www.transfermarkt.com/jonny-williams/profil/spieler/170322
Willian,https://fbref.com/en/players/f4dfafb8/Willian,Success,Not found,"May 21, 1999",Not found,Not found,Not found,DF,Not found,2020-2021,21 years,Ourense CF,2020,661171,https://www.transfermarkt.com/willian/profil/spieler/661171
James Wilson,https://fbref.com/en/players/77621175/James-Wilson,Success,Not found,"February 26, 1989 (Age: 36-272d)","Chepstow, Wales, United Kingdom",191cm,Wales wls,DF (CB),Right,2008-2009,19 years,Bristol City,2008,39033,https://www.transfermarkt.com/james-wilson/profil/spieler/39033
Magnus Wolff Eikrem,https://fbref.com/en/players/3a770838/Magnus-Wolff-Eikrem,Success,Not found,"August 8, 1990 (Age: 35-109d)","Molde, Norway",183cm,Norway,FW-MF (AM),Right,2011,20 years,Molde,Not found,54775,https://www.transfermarkt.com/magnus-wolff-eikrem/profil/spieler/54775
Ricky van Wolfswinkel,https://fbref.com/en/players/dbe16ade/Ricky-van-Wolfswinkel,Success,Not found,"January 27, 1989 (Age: 36-302d)","Woudenberg, Netherlands",185cm,Netherlands,FW-MF,Right,2007-2008,18 years,Vitesse,2007,41355,https://www.transfermarkt.com/ricky-van-wolfswinkel/profil/spieler/41355
Cauley Woodrow,https://fbref.com/en/players/d3085b49/Cauley-Woodrow,Success,Not found,"December 2, 1994 (Age: 30-358d)","Hemel Hempstead, England, United Kingdom",184cm,England eng,FW-MF,Right,2013-2014,18 years,Southend United,2013,169801,https://www.transfermarkt.com/cauley-woodrow/profil/spieler/169801
Joseph Yobo,https://fbref.com/en/players/acd633df/Joseph-Yobo,Success,Not found,"September 6, 1980",Not found,188cm,Nigeria,DF (CB),Right,2001-2002,20 years,Marseille,2001,3270,https://www.transfermarkt.com/joseph-yobo/profil/spieler/3270
Wilfried Zaha,https://fbref.com/en/players/b2bc3b1f/Wilfried-Zaha,Success,Not found,"November 10, 1992 (Age: 33-015d)","Abidjan, Côte d'Ivoire",180cm,Côte d'Ivoire ci  Other: England,FW-MF (AM-WM),Right,2009-2010,16 years,Crystal Palace,2009,145988,https://www.transfermarkt.com/wilfried-zaha/profil/spieler/145988
Elsad Zverotić,https://fbref.com/en/players/e7fd18a4/Elsad-Zverotic,Success,Not found,"October 31, 1986",Not found,178cm,Montenegro,"DF-MF (CB-DM-FB, right)",Right,2008-2009,21 years,Luzern,2008,25542,https://www.transfermarkt.com/elsad-zveroti/profil/spieler/25542
Rolando Aarons,https://fbref.com/en/players/c5942695/Rolando-Aarons,Success,Not found,"November 16, 1995 (Age: 30-009d)","Kingston, Jamaica",175cm,England eng  Other: Jamaica,MF (WM),Left,2014-2015,18 years,Newcastle Utd,2014,258188,https://www.transfermarkt.com/rolando-aarons/profil/spieler/258188
Mehdi Abeid,https://fbref.com/en/players/a4c3f7af/Mehdi-Abeid,Success,Not found,"August 6, 1992 (Age: 33-111d)","Montreuil, France",178cm,Algeria dz  Other: France,MF (CM-DM),Right,2012-2013,19 years,St Johnstone,2012,111036,https://www.transfermarkt.com/mehdi-abeid/profil/spieler/111036
Toby Alderweireld,https://fbref.com/en/players/f7d50789/Toby-Alderweireld,Success,Not found,"March 2, 1989",Not found,187cm,Belgium,DF (CB-FB),Right,2008-2009,19 years,Ajax,2008,42710,https://www.transfermarkt.com/toby-alderweireld/profil/spieler/42710
Jak Alnwick,https://fbref.com/en/players/b0835fc0/Jak-Alnwick,Success,Not found,"June 17, 1993 (Age: 32-161d)","Hexham, England, United Kingdom",187cm,England eng,GK,Right,2011-2012,18 years,Gateshead,2011,128895,https://www.transfermarkt.com/jak-alnwick/profil/spieler/128895
Ricky Álvarez,https://fbref.com/en/players/92a5ac34/Ricky-Alvarez,Success,Not found,"April 12, 1988",Not found,188cm,Argentina,MF (AM-WM),Left,2011-2012,23 years,Inter,2011,76077,https://www.transfermarkt.com/ricky-lvarez/profil/spieler/76077
Scott Arfield,https://fbref.com/en/players/b1313ec4/Scott-Arfield,Success,Not found,"November 1, 1988 (Age: 37-024d)","Livingston, Scotland, United Kingdom",178cm,Canada ca  Other: Scotland,MF (AM-CM-WM),Right,2007-2008,18 years,Falkirk,2007,55291,https://www.transfermarkt.com/scott-arfield/profil/spieler/55291
Christian Atsu,https://fbref.com/en/players/8816329f/Christian-Atsu,Success,Not found,"January 10, 1992",Not found,172cm,Ghana,"FW-MF (WM, left)",Left,2011-2012,19 years,Rio Ave,2011,186997,https://www.transfermarkt.com/christian-atsu/profil/spieler/186997
Charlie Austin,https://fbref.com/en/players/8d228291/Charlie-Austin,Success,Not found,"July 5, 1989",Not found,188cm,Not found,FW,Right,2009-2010,20 years,Swindon Town,2009,129627,https://www.transfermarkt.com/charlie-austin/profil/spieler/129627
Ashley Barnes,https://fbref.com/en/players/2691c772/Ashley-Barnes,Success,Not found,"October 30, 1989 (Age: 36-026d)","Bath, England, United Kingdom",183cm,England eng  Other: Austria,FW-MF,Right,2007-2008,17 years,Salisbury City,2007,63200,https://www.transfermarkt.com/ashley-barnes/profil/spieler/63200
Modou Barrow,https://fbref.com/en/players/75783f5f/Modou-Barrow,Success,Not found,"October 13, 1992 (Age: 33-043d)","Banjul, Gambia",176cm,Gambia,FW-MF (AM),Right,2012,19 years,Norrköping,Not found,189070,https://www.transfermarkt.com/modou-barrow/profil/spieler/189070
Héctor Bellerín,https://fbref.com/en/players/f874dd44/Hector-Bellerin,Success,Not found,"March 19, 1995 (Age: 30-251d)","Barcelona, Spain",177cm,Spain,"DF-MF (FB, right)",Right,2013-2014,18 years,Watford,2013,191217,https://www.transfermarkt.com/hctor-bellern/profil/spieler/191217
Muhamed Bešić,https://fbref.com/en/players/7ca9f0f0/Muhamed-Besic,Success,Not found,"September 10, 1992 (Age: 33-076d)","Berlin, Germany",177cm,Bosnia and Herzegovina ba  Other: Germany,DF-MF (CM-DM),Right,2010-2011,17 years,Hamburger SV,2010,93905,https://www.transfermarkt.com/muhamed-bei/profil/spieler/93905
Tyler Blackett,https://fbref.com/en/players/a68a5466/Tyler-Blackett,Success,Not found,"April 2, 1994",Not found,186cm,England eng,"DF (CB-FB, left)",Left,2013-2014,19 years,Blackpool,2013,134414,https://www.transfermarkt.com/tyler-blackett/profil/spieler/134414
Sebastián Blanco,https://fbref.com/en/players/4ddd0834/Sebastian-Blanco,Success,Not found,"March 15, 1988 (Age: 37-255d)","Lomas de Zamora, Argentina",168cm,Argentina,FW-MF (AM),Right,2011-2012,23 years,Metalist,2011,54576,https://www.transfermarkt.com/sebastin-blanco/profil/spieler/54576
Daley Blind,https://fbref.com/en/players/691bef82/Daley-Blind,Success,Not found,"March 9, 1990 (Age: 35-261d)","Amsterdam, Netherlands",180cm,Netherlands,"DF-MF (CB-DM-FB, left)",Left,2008-2009,18 years,Ajax,2008,12282,https://www.transfermarkt.com/daley-blind/profil/spieler/12282
Tyias Browning,https://fbref.com/en/players/c4e180f0/Tyias-Browning,Success,Not found,"May 27, 1994 (Age: 31-182d)","Liverpool, England, United Kingdom",181cm,China PR cn  Other: England,DF (CB),Right,2013-2014,19 years,Wigan Athletic,2013,156934,https://www.transfermarkt.com/tyias-browning/profil/spieler/156934
Will Buckley,https://fbref.com/en/players/b1929302/Will-Buckley,Success,Not found,"November 21, 1989",Not found,183cm,Not found,"FW-MF (WM, left)",Both,2007-2008,17 years,Rochdale,2007,77329,https://www.transfermarkt.com/will-buckley/profil/spieler/77329
Reece Burke,https://fbref.com/en/players/a681b7b7/Reece-Burke,Success,Not found,"September 2, 1996 (Age: 29-084d)","Newham, England, United Kingdom",188cm,England eng,"DF (CB, right)",Right,2014-2015,17 years,West Ham,2014,264220,https://www.transfermarkt.com/reece-burke/profil/spieler/264220
Willy Caballero,https://fbref.com/en/players/a179d516/Willy-Caballero,Success,Not found,"September 28, 1981",Not found,185cm,Argentina,GK,Right,2004-2005,22 years,Elche,2004,19948,https://www.transfermarkt.com/willy-caballero/profil/spieler/19948
Rémy Cabella,https://fbref.com/en/players/148e136f/Remy-Cabella,Success,Not found,"March 8, 1990 (Age: 35-262d)","Ajaccio, France",171cm,France,FW-MF (AM),Right,2010-2011,20 years,Arles-Avignon,2010,113707,https://www.transfermarkt.com/rmy-cabella/profil/spieler/113707
Esteban Cambiasso,https://fbref.com/en/players/4d801075/Esteban-Cambiasso,Success,Not found,"August 18, 1980",Not found,177cm,Argentina,MF (DM),Left,2002-2003,21 years,Real Madrid,2002,7520,https://www.transfermarkt.com/esteban-cambiasso/profil/spieler/7520
Joel Campbell,https://fbref.com/en/players/895ff3ca/Joel-Campbell,Success,Not found,"June 26, 1992 (Age: 33-152d)","San José, Costa Rica",178cm,Costa Rica,FW-MF (AM),Left,2011-2012,19 years,Lorient,2011,131248,https://www.transfermarkt.com/joel-campbell/profil/spieler/131248
Emre Can,https://fbref.com/en/players/d2515542/Emre-Can-Agil,Success,Not found,"October 16, 2003",Not found,Not found,Not found,MF,Not found,2019-2020,15 years,Arminia,2019,119296,https://www.transfermarkt.com/emre-can/profil/spieler/119296
Nathaniel Chalobah,https://fbref.com/en/players/422862ea/Nathaniel-Chalobah,Success,Not found,"December 12, 1994 (Age: 30-348d)","Freetown, Sierra Leone",185cm,England eng  Other: Sierra Leone,DF-MF (CM),Right,2012-2013,17 years,Watford,2012,128900,https://www.transfermarkt.com/nathaniel-chalobah/profil/spieler/128900
Andreas Christensen,https://fbref.com/en/players/1cb49278/Andreas-Christensen,Success,Not found,"April 10, 1996 (Age: 29-229d)","Lillerød, Denmark",188cm,Denmark,DF-MF (CB),Right,2014-2015,18 years,Chelsea,2014,196948,https://www.transfermarkt.com/andreas-christensen/profil/spieler/196948
Brandon Comley,https://fbref.com/en/players/caf7a176/Brandon-Comley,Success,Not found,"November 18, 1995 (Age: 30-007d)","Islington, England, United Kingdom",180cm,Montserrat ms  Other: England,MF (CM-DM),Right,2014-2015,18 years,QPR,2014,362809,https://www.transfermarkt.com/brandon-comley/profil/spieler/362809
Diego Costa,https://fbref.com/en/players/a190d597/Diego-Costa,Success,Not found,"October 7, 1988",Not found,188cm,Spain es  Other: Brazil,FW,Right,2006-2007,17 years,Braga,2006,44779,https://www.transfermarkt.com/diego-costa/profil/spieler/44779
Thibaut Courtois,https://fbref.com/en/players/1840e36d/Thibaut-Courtois,Success,Not found,"May 11, 1992 (Age: 33-198d)","Bree, Belgium",199cm,Belgium,GK,Left,2008-2009,16 years,Genk,2008,108390,https://www.transfermarkt.com/thibaut-courtois/profil/spieler/108390
Aaron Cresswell,https://fbref.com/en/players/4f974391/Aaron-Cresswell,Success,Not found,"December 15, 1989 (Age: 35-345d)","Liverpool, England, United Kingdom",170cm,England eng,"DF-MF (CB-FB, left)",Left,2008-2009,18 years,Tranmere Rovers,2008,92571,https://www.transfermarkt.com/aaron-cresswell/profil/spieler/92571
Juan Cuadrado,https://fbref.com/en/players/0ab1f153/Juan-Cuadrado,Success,Not found,"May 26, 1988 (Age: 37-183d)","Bogotá, Colombia",178cm,Colombia,"DF-FW-MF (AM-FB-WM, right)",Right,2009-2010,21 years,Udinese,2009,91970,https://www.transfermarkt.com/juan-cuadrado/profil/spieler/91970
Jason Davidson,https://fbref.com/en/players/46bcd68d/Jason-Davidson,Success,Not found,"June 29, 1991 (Age: 34-149d)","Melbourne, Australia",180cm,Australia,"DF-MF (FB, left)",Left,2009-2010,18 years,Paços de Ferreira,2009,137669,https://www.transfermarkt.com/jason-davidson/profil/spieler/137669
Ángel Di María,https://fbref.com/en/players/19cda00b/Angel-Di-Maria,Success,Not found,"February 14, 1988 (Age: 37-284d)","Rosario, Argentina",180cm,Argentina,FW-MF (AM-CM-WM),Left,2007-2008,19 years,Benfica,2007,45320,https://www.transfermarkt.com/ngel-di-mara/profil/spieler/45320
Eric Dier,https://fbref.com/en/players/ac861941/Eric-Dier,Success,Not found,"January 15, 1994 (Age: 31-314d)","Cheltenham, England, United Kingdom",188cm,England eng,DF-MF (CB-DM),Right,2012-2013,18 years,Sporting CP,2012,175722,https://www.transfermarkt.com/eric-dier/profil/spieler/175722
Michael Doughty,https://fbref.com/en/players/e98740ac/Michael-Doughty,Success,Not found,"November 20, 1992",Not found,185cm,Wales wls  Other: England,MF (CM-WM),Right,2011-2012,18 years,Crawley Town,2011,173832,https://www.transfermarkt.com/michael-doughty/profil/spieler/173832
Danny Drinkwater,https://fbref.com/en/players/2649ff32/Danny-Drinkwater,Success,Not found,"March 5, 1990",Not found,178cm,England eng,MF (CM-DM),Right,2009-2010,19 years,Huddersfield,2009,73491,https://www.transfermarkt.com/danny-drinkwater/profil/spieler/73491
Michael Duff,https://fbref.com/en/players/eabdc970/Michael-Duff,Success,Not found,"January 11, 1978",Not found,185cm,Northern Ireland nir,DF (CB),Right,2002-2003,24 years,Cheltenham,2002,119269,https://www.transfermarkt.com/michael-duff/profil/spieler/119269
Eljero Elia,https://fbref.com/en/players/05cb19c5/Eljero-Elia,Success,Not found,"February 13, 1987",Not found,176cm,Netherlands,"FW-MF (WM, left)",Right,2004-2005,17 years,ADO Den Haag,2004,27805,https://www.transfermarkt.com/eljero-elia/profil/spieler/27805
Radamel Falcao,https://fbref.com/en/players/66116290/Radamel-Falcao,Success,Not found,"February 10, 1986 (Age: 39-288d)","Santa Marta, Colombia",177cm,Colombia,FW,Right,2009-2010,23 years,Porto,2009,39152,https://www.transfermarkt.com/radamel-falcao/profil/spieler/39152
Federico Fazio,https://fbref.com/en/players/4e358a2d/Federico-Fazio,Success,Not found,"March 17, 1987",Not found,195cm,Argentina,DF (CB),Right,2007-2008,20 years,Sevilla B,2007,45314,https://www.transfermarkt.com/federico-fazio/profil/spieler/45314
Federico Fernández,https://fbref.com/en/players/f25b010f/Federico-Fernandez,Success,Not found,"February 21, 1989",Not found,189cm,Argentina,DF (CB),Right,2011-2012,22 years,Napoli,2011,85475,https://www.transfermarkt.com/federico-fernndez/profil/spieler/85475
Fernando,https://fbref.com/en/players/1aa72854/Fernando-Soriano,Success,Not found,"September 24, 1979",Not found,189cm,Spain,MF (CM-DM),Right,2001-2002,21 years,Recreativo,2001,7767,https://www.transfermarkt.com/fernando/profil/spieler/7767
Fraser Forster,https://fbref.com/en/players/c3e39f12/Fraser-Forster,Success,Not found,"March 17, 1988",Not found,201cm,England eng,GK,Right,2008-2009,20 years,Stockport,2008,52570,https://www.transfermarkt.com/fraser-forster/profil/spieler/52570
Darnell Furlong,https://fbref.com/en/players/3ec9195b/Darnell-Furlong,Success,Not found,"October 31, 1995 (Age: 30-025d)","Luton, England, United Kingdom",180cm,Not found,"DF-MF (FB, right)",Right,2014-2015,18 years,QPR,2014,351755,https://www.transfermarkt.com/darnell-furlong/profil/spieler/351755
Brendan Galloway,https://fbref.com/en/players/321506b3/Brendan-Galloway,Success,Not found,"March 17, 1996 (Age: 29-253d)","Harare, Zimbabwe",186cm,Zimbabwe zw  Other: England,DF,Left,2011-2012,15 years,MK Dons,2011,208244,https://www.transfermarkt.com/brendan-galloway/profil/spieler/208244
Cristian Gamboa,https://fbref.com/en/players/f27680d9/Cristian-Gamboa,Success,Not found,"October 24, 1989",Not found,175cm,Costa Rica,"DF-MF (DM-FB, right)",Right,2011,21 years,Fredrikstad,Not found,121686,https://www.transfermarkt.com/cristian-gamboa/profil/spieler/121686
Dominic Gape,https://fbref.com/en/players/f744b4df/Dominic-Gape,Success,Not found,"September 9, 1994 (Age: 31-077d)","Burton Bradstock, England, United Kingdom",180cm,Not found,MF (CM),Right,2014-2015,19 years,Southampton,2014,226964,https://www.transfermarkt.com/dominic-gape/profil/spieler/226964
Florin Gardoș,https://fbref.com/en/players/70eb7e9d/Florin-Gardos,Success,Not found,"October 29, 1988",Not found,194cm,Romania,DF-MF (CB-DM),Right,2010-2011,21 years,Steaua,2010,57423,https://www.transfermarkt.com/florin-gardo/profil/spieler/57423
Carles Gil,https://fbref.com/en/players/11c30a46/Carles-Gil,Success,Not found,"November 22, 1992 (Age: 33-003d)","Valencia, Spain",170cm,Spain,FW-MF (AM-WM),Left,2012-2013,19 years,Elche,2012,127987,https://www.transfermarkt.com/carles-gil/profil/spieler/127987
Bafétimbi Gomis,https://fbref.com/en/players/3d6686f9/Bafetimbi-Gomis,Success,Not found,"August 6, 1985",Not found,185cm,France,FW,Right,2004-2005,18 years,Saint-Étienne,2004,22388,https://www.transfermarkt.com/baftimbi-gomis/profil/spieler/22388
Kenji Gorré,https://fbref.com/en/players/52d1a4c6/Kenji-Gorre,Success,Not found,"September 29, 1994 (Age: 31-057d)","Gemeente Spijkenisse, Netherlands",178cm,Curaçao cw  Other: Netherlands,FW-MF,Right,2014-2015,19 years,Swansea City,2014,374889,https://www.transfermarkt.com/kenji-gorr/profil/spieler/374889
Reece Grego-Cox,https://fbref.com/en/players/16f65d25/Reece-Grego-Cox,Success,Not found,"November 12, 1996 (Age: 29-013d)","Hammersmith, England, United Kingdom",170cm,Republic of Ireland ie  Other: England,FW-MF,Right,2014-2015,17 years,QPR,2014,264199,https://www.transfermarkt.com/reece-grego-cox/profil/spieler/264199
Matt Grimes,https://fbref.com/en/players/81a487b9/Matt-Grimes,Success,Not found,"July 15, 1995 (Age: 30-133d)","Exeter, England, United Kingdom",178cm,England eng,MF (CM-DM),Left,2013-2014,18 years,Exeter City,2013,265471,https://www.transfermarkt.com/matt-grimes/profil/spieler/265471
Ben Hamer,https://fbref.com/en/players/d822a850/Ben-Hamer,Success,Not found,"November 20, 1987 (Age: 38-005d)","Chard, England, United Kingdom",180cm,Not found,GK,Right,2006-2007,18 years,Crawley Town,2006,67283,https://www.transfermarkt.com/ben-hamer/profil/spieler/67283
Dean Hammond,https://fbref.com/en/players/577c12e5/Dean-Hammond,Success,Not found,"March 7, 1983",Not found,183cm,Not found,MF,Right,2002-2003,19 years,Brighton,2002,33065,https://www.transfermarkt.com/dean-hammond/profil/spieler/33065
Tom Heaton,https://fbref.com/en/players/a6de6361/Tom-Heaton,Success,Not found,"April 15, 1986 (Age: 39-224d)","Chester, England, United Kingdom",187cm,England eng,GK,Right,2005-2006,19 years,Swindon Town,2005,34130,https://www.transfermarkt.com/tom-heaton/profil/spieler/34130
Rushian Hepburn-Murphy,https://fbref.com/en/players/1e2012a6/Rushian-Hepburn-Murphy,Success,Not found,"September 19, 1998 (Age: 27-067d)","Birmingham, England, United Kingdom",187cm,England eng,FW,Right,2014-2015,15 years,Aston Villa,2014,314237,https://www.transfermarkt.com/rushian-hepburn-murphy/profil/spieler/314237
Abel Hernández,https://fbref.com/en/players/a36da810/Abel-Hernandez,Success,Not found,"August 8, 1990 (Age: 35-109d)","Pando, Uruguay",185cm,Uruguay,FW,Left,2008-2009,17 years,Palermo,2008,76608,https://www.transfermarkt.com/abel-hernndez/profil/spieler/76608
Ander Herrera,https://fbref.com/en/players/436a9dd0/Ander-Herrera,Success,Not found,"August 14, 1989 (Age: 36-103d)","Zaragoza, Spain",181cm,Spain,"MF (AM-CM-DM-WM, right)",Right,2008-2009,18 years,Zaragoza,2008,99343,https://www.transfermarkt.com/ander-herrera/profil/spieler/99343
Jake Hesketh,https://fbref.com/en/players/4c83c9f8/Jake-Hesketh,Success,Not found,"March 27, 1996",Not found,168cm,Not found,FW-MF,Right,2014-2015,18 years,Southampton,2014,315185,https://www.transfermarkt.com/jake-hesketh/profil/spieler/315185
Brown Ideye,https://fbref.com/en/players/f519b556/Brown-Ideye,Success,Not found,"October 10, 1988 (Age: 37-046d)","Lagos, Nigeria",180cm,Nigeria,FW,Right,2007-2008,18 years,Xamax,2007,64308,https://www.transfermarkt.com/brown-ideye/profil/spieler/64308
Danny Ings,https://fbref.com/en/players/07802f7f/Danny-Ings,Success,Not found,"July 23, 1992 (Age: 33-125d)","Winchester, England, United Kingdom",178cm,England eng,FW,Right,2010-2011,18 years,Bournemouth,2010,134294,https://www.transfermarkt.com/danny-ings/profil/spieler/134294
Lloyd Isgrove,https://fbref.com/en/players/430696d5/Lloyd-Isgrove,Success,Not found,"January 12, 1993",Not found,178cm,Wales wls  Other: England,"MF (WM, right)",Right,2013-2014,20 years,P'borough Utd,2013,226965,https://www.transfermarkt.com/lloyd-isgrove/profil/spieler/226965
Mauricio Isla,https://fbref.com/en/players/de4517dd/Mauricio-Isla,Success,Not found,"June 12, 1988 (Age: 37-166d)","Buin, Chile",176cm,Chile,"DF-MF (FB-WM, right)",Right,2007-2008,19 years,Udinese,2007,43722,https://www.transfermarkt.com/mauricio-isla/profil/spieler/43722
Matty James,https://fbref.com/en/players/ebd0a048/Matty-James,Success,Not found,"July 22, 1991 (Age: 34-126d)","Bacup, England, United Kingdom",178cm,England eng,MF (CM-DM),Right,2009-2010,18 years,Preston,2009,73522,https://www.transfermarkt.com/matty-james/profil/spieler/73522
Daryl Janmaat,https://fbref.com/en/players/45da6694/Daryl-Janmaat,Success,Not found,"July 22, 1989",Not found,185cm,Netherlands,"DF (CB-FB, right)",Right,2007-2008,18 years,ADO Den Haag,2007,60744,https://www.transfermarkt.com/daryl-janmaat/profil/spieler/60744
Siem de Jong,https://fbref.com/en/players/cf2a6ace/Siem-de-Jong,Success,Not found,"January 28, 1989",Not found,185cm,Netherlands nl  Other: Switzerland,FW-MF (AM),Right,2007-2008,18 years,Ajax,2007,45509,https://www.transfermarkt.com/siem-de-jong/profil/spieler/45509
Lukas Jutkiewicz,https://fbref.com/en/players/3943a06f/Lukas-Jutkiewicz,Success,Not found,"March 28, 1989",Not found,185cm,Not found,FW,Left,2005-2006,16 years,Swindon Town,2005,33507,https://www.transfermarkt.com/lukas-jutkiewicz/profil/spieler/33507
Michael Keane,https://fbref.com/en/players/c5b7c315/Michael-Keane,Success,Not found,"January 11, 1993 (Age: 32-318d)","Stockport, England, United Kingdom",191cm,England eng,DF (CB),Right,2012-2013,19 years,Leicester City,2012,118534,https://www.transfermarkt.com/michael-keane/profil/spieler/118534
Andy King,https://fbref.com/en/players/d790907f/Andy-King,Success,Not found,"October 29, 1988",Not found,183cm,Wales wls  Other: England,MF (CM),Right,2007-2008,18 years,Leicester City,2007,56872,https://www.transfermarkt.com/andy-king/profil/spieler/56872
Anthony Knockaert,https://fbref.com/en/players/6c679c6d/Anthony-Knockaert,Success,Not found,"November 20, 1991 (Age: 34-005d)","Roubaix, France",172cm,France,"FW-MF (AM-WM, right)",Left,2011-2012,19 years,Guingamp,2011,149237,https://www.transfermarkt.com/anthony-knockaert/profil/spieler/149237
Cheikhou Kouyaté,https://fbref.com/en/players/8d3c902d/Cheikhou-Kouyate,Success,Not found,"December 21, 1989 (Age: 35-339d)",Senegal,193cm,Senegal,DF-MF (CB-CM-DM),Right,2007-2008,17 years,Brussels,2007,66934,https://www.transfermarkt.com/cheikhou-kouyat/profil/spieler/66934
Cole Kpekawa,https://fbref.com/en/players/ee15cb07/Cole-Kpekawa,Success,Not found,"May 20, 1996",Not found,176cm,England eng,DF,Right,2014-2015,18 years,Portsmouth,2014,347895,https://www.transfermarkt.com/cole-kpekawa/profil/spieler/347895
Andrej Kramarić,https://fbref.com/en/players/603cb947/Andrej-Kramaric,Success,Not found,"June 19, 1991 (Age: 34-159d)","Zagreb, Croatia",180cm,Croatia,FW-MF (AM-CM),Right,2008-2009,17 years,Dinamo Zagreb,2008,46580,https://www.transfermarkt.com/andrej-kramari/profil/spieler/46580
Bojan Krkić,https://fbref.com/en/players/9fa0a0b8/Bojan-Krkic,Success,Not found,"August 28, 1990",Not found,170cm,Spain,FW-MF (AM-WM),Right,2007-2008,16 years,Barcelona,2007,44675,https://www.transfermarkt.com/bojan-krki/profil/spieler/44675
Daniel Lafferty,https://fbref.com/en/players/cfc41f7a/Daniel-Lafferty,Success,Not found,"April 1, 1989 (Age: 36-238d)","Derry, Northern Ireland, United Kingdom",185cm,Northern Ireland nir,"DF (FB, left)",Left,2009-2010,20 years,Ayr United,2009,85928,https://www.transfermarkt.com/daniel-lafferty/profil/spieler/85928
Jesse Lingard,https://fbref.com/en/players/810e3c74/Jesse-Lingard,Success,Not found,"December 15, 1992 (Age: 32-345d)","Warrington, England, United Kingdom",174cm,England eng,FW-MF (AM),Right,2012-2013,19 years,Leicester City,2012,141660,https://www.transfermarkt.com/jesse-lingard/profil/spieler/141660
Ruben Loftus-Cheek,https://fbref.com/en/players/e97fd090/Ruben-Loftus-Cheek,Success,Not found,"January 23, 1996 (Age: 29-306d)","Lewisham, England, United Kingdom",191cm,England eng,MF (AM-WM),Right,2014-2015,18 years,Chelsea,2014,202886,https://www.transfermarkt.com/ruben-loftus-cheek/profil/spieler/202886
Kevin Long,https://fbref.com/en/players/27465a11/Kevin-Cheung-a-Long,Success,Not found,"January 10, 1988",Not found,Not found,Not found,DF,Not found,2019-2020,31 years,CSC Cayenne,2019,111114,https://www.transfermarkt.com/kevin-long/profil/spieler/111114
Filipe Luís,https://fbref.com/en/players/e4ed2628/Filipe-Luis,Success,Not found,"August 9, 1985",Not found,182cm,Brazil,"DF (CB-FB, left)",Left,2005-2006,19 years,Real Madrid B,2005,21725,https://www.transfermarkt.com/filipe-lus/profil/spieler/21725
Harry Maguire,https://fbref.com/en/players/d8931174/Harry-Maguire,Success,Not found,"March 5, 1993 (Age: 32-265d)","Sheffield, England, United Kingdom",188cm,England eng,DF (CB),Right,2010-2011,17 years,Sheffield Utd,2010,177907,https://www.transfermarkt.com/harry-maguire/profil/spieler/177907
Riyad Mahrez,https://fbref.com/en/players/892d5bb1/Riyad-Mahrez,Success,Not found,"February 21, 1991 (Age: 34-277d)","Sarcelles, France",178cm,Algeria dz  Other: France,"FW-MF (AM-WM, right)",Left,2011-2012,20 years,Le Havre,2011,171424,https://www.transfermarkt.com/riyad-mahrez/profil/spieler/171424
Ainsley Maitland-Niles,https://fbref.com/en/players/e3a5814e/Ainsley-Maitland-Niles,Success,Not found,"August 29, 1997 (Age: 28-088d)","London, England, United Kingdom",180cm,England eng,DF-FW-MF (FB-WM),Right,2014-2015,16 years,Arsenal,2014,285845,https://www.transfermarkt.com/ainsley-maitland-niles/profil/spieler/285845
Sadio Mané,https://fbref.com/en/players/c691bfe2/Sadio-Mane,Success,Not found,"April 10, 1992 (Age: 33-229d)","Sédhiou, Senegal",175cm,Senegal,"FW-MF (AM, left)",Right,2011-2012,19 years,Metz,2011,200512,https://www.transfermarkt.com/sadio-man/profil/spieler/200512
Eliaquim Mangala,https://fbref.com/en/players/f520049f/Eliaquim-Mangala,Success,Not found,"February 13, 1991",Not found,188cm,France,DF (CB),Left,2008-2009,17 years,Standard Liège,2008,90681,https://www.transfermarkt.com/eliaquim-mangala/profil/spieler/90681
Javier Manquillo,https://fbref.com/en/players/758dd7f0/Javier-Manquillo,Success,Not found,"May 5, 1994",Not found,175cm,Spain,"DF (FB, right)",Right,2012-2013,18 years,Atlético Madrid,2012,162029,https://www.transfermarkt.com/javier-manquillo/profil/spieler/162029
Lazar Marković,https://fbref.com/en/players/723ba189/Lazar-Markovic,Success,Not found,"March 2, 1994",Not found,176cm,Serbia,"FW-MF (AM-WM, right)",Right,2011-2012,17 years,Partizan,2011,144303,https://www.transfermarkt.com/lazar-markovi/profil/spieler/144303
Dean Marney,https://fbref.com/en/players/b3379356/Dean-Marney,Success,Not found,"January 31, 1984",Not found,183cm,England eng,MF,Right,2002-2003,18 years,Swindon Town,2002,4055,https://www.transfermarkt.com/dean-marney/profil/spieler/4055
Emiliano Martínez,https://fbref.com/en/players/7956236f/Emiliano-Martinez,Success,Not found,"September 2, 1992 (Age: 33-084d)","Mar del Plata, Argentina",193cm,Argentina,GK,Right,2011-2012,18 years,Oxford United,2011,111873,https://www.transfermarkt.com/emiliano-martnez/profil/spieler/111873
Ryan Mason,https://fbref.com/en/players/c8fac933/Ryan-Mason,Success,Not found,"June 13, 1991",Not found,175cm,England eng,MF,Right,2009-2010,18 years,Yeovil Town,2009,61834,https://www.transfermarkt.com/ryan-mason/profil/spieler/61834
Jason McCarthy,https://fbref.com/en/players/63741fb9/Jason-McCarthy,Success,Not found,"November 7, 1995 (Age: 30-018d)","Southampton, England, United Kingdom",186cm,Not found,"DF-MF (CB-FB, right)",Right,2014-2015,18 years,Southampton,2014,227185,https://www.transfermarkt.com/jason-mccarthy/profil/spieler/227185
Paddy McNair,https://fbref.com/en/players/8ac454b5/Paddy-McNair,Success,Not found,"April 27, 1995 (Age: 30-212d)","Ballyclare, Northern Ireland, United Kingdom",183cm,Northern Ireland nir,DF-MF (CB-CM),Right,2014-2015,19 years,Manchester Utd,2014,167268,https://www.transfermarkt.com/paddy-mcnair/profil/spieler/167268
Ben Mee,https://fbref.com/en/players/8df7a2fb/Ben-Mee,Success,Not found,"September 21, 1989 (Age: 36-065d)","Sale, England, United Kingdom",180cm,England eng,"DF (CB, left)",Left,2010-2011,20 years,Leicester City,2010,74810,https://www.transfermarkt.com/ben-mee/profil/spieler/74810
Jefferson Montero,https://fbref.com/en/players/fa6561bf/Jefferson-Montero,Success,Not found,"September 1, 1989",Not found,169cm,Ecuador,FW-MF (AM-WM),Left,2009-2010,19 years,Villarreal B,2009,77932,https://www.transfermarkt.com/jefferson-montero/profil/spieler/77932
Liam Moore,https://fbref.com/en/players/bcee97a4/Liam-Moore,Success,Not found,"January 31, 1993",Not found,186cm,Jamaica jm  Other: England,"DF (CB-FB, left)",Right,2011-2012,18 years,Bradford City,2011,128906,https://www.transfermarkt.com/liam-moore/profil/spieler/128906
Alberto Moreno,https://fbref.com/en/players/116731aa/Alberto-Lopez-Moreno,Success,Not found,"February 25, 1967",Not found,183cm,Not found,FW,Not found,1988-1989,21 years,Valladolid,1988,207917,https://www.transfermarkt.com/alberto-moreno/profil/spieler/207917
Wes Morgan,https://fbref.com/en/players/80c31c97/Wes-Morgan,Success,Not found,"January 21, 1984",Not found,188cm,Jamaica jm  Other: England,"DF (CB, right)",Right,2002-2003,18 years,Harriers,2002,10003,https://www.transfermarkt.com/wes-morgan/profil/spieler/10003
Dame N'Doye,https://fbref.com/en/players/4574720b/Dame-NDoye,Success,Not found,"February 21, 1985",Not found,186cm,Senegal,FW,Right,2007-2008,22 years,Panathinaikos,2007,44855,https://www.transfermarkt.com/dame-ndoye/profil/spieler/44855
Nenê,https://fbref.com/en/players/265ebd37/Nene,Success,Not found,"July 19, 1981 (Age: 44-129d)","Jundiaí, Brazil",181cm,Brazil,FW-MF (AM-WM),Left,2003-2004,22 years,Mallorca,2003,574901,https://www.transfermarkt.com/nen/profil/spieler/574901
David Nugent,https://fbref.com/en/players/f9b5e5bd/David-Nugent,Success,Not found,"May 2, 1985",Not found,180cm,England eng,FW,Right,2002-2003,17 years,Bury,2002,33963,https://www.transfermarkt.com/david-nugent/profil/spieler/33963
Nélson Oliveira,https://fbref.com/en/players/f716e4e4/Nelson-Oliveira,Success,Not found,"August 8, 1991 (Age: 34-109d)","Barcelos, Portugal",186cm,Portugal,FW,Right,2009-2010,17 years,Rio Ave,2009,72768,https://www.transfermarkt.com/nlson-oliveira/profil/spieler/72768
David Ospina,https://fbref.com/en/players/82b1198a/David-Ospina,Success,Not found,"August 31, 1988 (Age: 37-086d)","Medellín, Colombia",183cm,Colombia,GK,Right,2008-2009,19 years,Nice,2008,73396,https://www.transfermarkt.com/david-ospina/profil/spieler/73396
Gabriel Paulista,https://fbref.com/en/players/b7ca5c51/Gabriel-Paulista,Success,Not found,"November 26, 1990 (Age: 34-364d)","Fortaleza, Brazil",187cm,Not found,DF (CB),Right,2013-2014,22 years,Villarreal,2013,149498,https://www.transfermarkt.com/gabriel-paulista/profil/spieler/149498
Graziano Pellè,https://fbref.com/en/players/9654d8de/Graziano-Pelle,Success,Not found,"July 15, 1985",Not found,194cm,Italy,FW,Right,2003-2004,18 years,Lecce,2003,29594,https://www.transfermarkt.com/graziano-pell/profil/spieler/29594
Andreas Pereira,https://fbref.com/en/players/6639e500/Andreas-Pereira,Success,Not found,"January 1, 1996 (Age: 29-328d)","Duffel, Belgium",177cm,Brazil br  Other: Belgium,MF (AM),Right,2014-2015,18 years,Manchester Utd,2014,203394,https://www.transfermarkt.com/andreas-pereira/profil/spieler/203394
Ayoze Pérez,https://fbref.com/en/players/819aa8e7/Ayoze-Perez,Success,Not found,"July 29, 1993 (Age: 32-119d)","Santa Cruz de Tenerife, Spain",179cm,Spain,FW-MF (AM-WM),Right,2013-2014,20 years,Tenerife,2013,246968,https://www.transfermarkt.com/ayoze-prez/profil/spieler/246968
Sébastien Pocognoli,https://fbref.com/en/players/cc41eec1/Sebastien-Pocognoli,Success,Not found,"August 1, 1987",Not found,182cm,Belgium,"DF-MF (FB-WM, left)",Left,2003-2004,15 years,Genk,2003,17804,https://www.transfermarkt.com/sbastien-pocognoli/profil/spieler/17804
Diego Poyet,https://fbref.com/en/players/5aa00dc3/Diego-Poyet,Success,Not found,"April 8, 1995",Not found,180cm,"Uruguay uy  Other: England , Spain",MF,Right,2013-2014,18 years,Charlton Ath,2013,183286,https://www.transfermarkt.com/diego-poyet/profil/spieler/183286
José Pozo,https://fbref.com/en/players/fc8b614b/Jose-Pozo,Success,Not found,"March 15, 1996 (Age: 29-255d)","Málaga, Spain",170cm,Spain,FW-MF (AM),Right,2014-2015,18 years,Manchester City,2014,135105,https://www.transfermarkt.com/jos-pozo/profil/spieler/135105
Anthony Réveillère,https://fbref.com/en/players/8ad24039/Anthony-Reveillere,Success,Not found,"November 10, 1979",Not found,180cm,France,"DF (CB-FB, right)",Right,1997-1998,17 years,Rennes,1997,5668,https://www.transfermarkt.com/anthony-rveillre/profil/spieler/5668
Emmanuel Rivière,https://fbref.com/en/players/2bae5658/Emmanuel-Riviere,Success,Not found,"March 3, 1990 (Age: 35-267d)","Le Lamentin, Martinique",182cm,France fr  Other: Martinique,FW,Right,2008-2009,18 years,Saint-Étienne,2008,61637,https://www.transfermarkt.com/emmanuel-rivire/profil/spieler/61637
Andrew Robertson,https://fbref.com/en/players/2e4f5f03/Andrew-Robertson,Success,Not found,"March 11, 1994 (Age: 31-259d)","Glasgow, Scotland, United Kingdom",178cm,Scotland sct,"DF-MF (FB, left)",Left,2013-2014,19 years,Dundee United,2013,234803,https://www.transfermarkt.com/andrew-robertson/profil/spieler/234803
Marcos Rojo,https://fbref.com/en/players/e0991c04/Marcos-Rojo,Success,Not found,"March 20, 1990 (Age: 35-250d)","La Plata, Argentina",186cm,Argentina,"DF (CB-FB, left)",Left,2011-2012,21 years,Spartak Moscow,2011,93176,https://www.transfermarkt.com/marcos-rojo/profil/spieler/93176
Diafra Sakho,https://fbref.com/en/players/57c433c8/Diafra-Sakho,Success,Not found,"December 24, 1989",Not found,184cm,Senegal,FW,Right,2009-2010,19 years,Metz,2009,120610,https://www.transfermarkt.com/diafra-sakho/profil/spieler/120610
Georgios Samaras,https://fbref.com/en/players/1b77cb6a/Georgios-Samaras,Success,Not found,"February 21, 1985",Not found,192cm,Greece,"FW-MF (WM, left)",Both,2002-2003,17 years,Heerenveen,2002,6855,https://www.transfermarkt.com/georgios-samaras/profil/spieler/6855
Alexis Sánchez,https://fbref.com/en/players/2c0f8e9e/Alexis-Sanchez,Success,Not found,"December 19, 1988 (Age: 36-341d)","Tocopilla, Chile",168cm,Chile,FW-MF (AM-WM),Right,2008-2009,19 years,Udinese,2008,40433,https://www.transfermarkt.com/alexis-snchez/profil/spieler/40433
Carlos Sánchez,https://fbref.com/en/players/8b7d33d9/Carlos-Sanchez,Success,Not found,"January 19, 1978",Not found,184cm,Not found,GK,Not found,2001-2002,23 years,Real Madrid,2001,7509,https://www.transfermarkt.com/carlos-snchez/profil/spieler/7509
Jeffrey Schlupp,https://fbref.com/en/players/3312f911/Jeffrey-Schlupp,Success,Not found,"December 23, 1992 (Age: 32-337d)","Hamburg, Germany",178cm,Ghana gh  Other: Germany,"DF-FW-MF (FB-WM, left)",Left,2010-2011,17 years,Brentford,2010,157506,https://www.transfermarkt.com/jeffrey-schlupp/profil/spieler/157506
Kasper Schmeichel,https://fbref.com/en/players/53af52f3/Kasper-Schmeichel,Success,Not found,"November 5, 1986 (Age: 39-020d)","Copenhagen, Denmark",189cm,Denmark,GK,Right,2005-2006,18 years,Darlington,2005,16911,https://www.transfermarkt.com/kasper-schmeichel/profil/spieler/16911
Ryan Seager,https://fbref.com/en/players/49ef3149/Ryan-Seager,Success,Not found,"February 5, 1996",Not found,176cm,England eng,FW,Right,2014-2015,18 years,Southampton,2014,247647,https://www.transfermarkt.com/ryan-seager/profil/spieler/247647
Jason Shackell,https://fbref.com/en/players/8d8655a9/Jason-Shackell,Success,Not found,"September 27, 1983",Not found,193cm,Not found,DF (CB),Left,2002-2003,18 years,Norwich City,2002,11756,https://www.transfermarkt.com/jason-shackell/profil/spieler/11756
Ollie Shenton,https://fbref.com/en/players/8981c6bd/Ollie-Shenton,Success,Not found,"November 6, 1997",Not found,186cm,Not found,MF,Left,2014-2015,16 years,Stoke City,2014,335541,https://www.transfermarkt.com/ollie-shenton/profil/spieler/335541
Jerome Sinclair,https://fbref.com/en/players/1695c659/Jerome-Sinclair,Success,Not found,"September 20, 1996",Not found,181cm,England eng,FW,Left,2014-2015,17 years,Wigan Athletic,2014,236513,https://www.transfermarkt.com/jerome-sinclair/profil/spieler/236513
Pape Souaré,https://fbref.com/en/players/46b5375e/Pape-Souare,Success,Not found,"June 6, 1990 (Age: 35-172d)",Senegal,178cm,Senegal,"DF (FB, left)",Left,2010-2011,20 years,Lille,2010,125868,https://www.transfermarkt.com/pape-souar/profil/spieler/125868
Benjamin Stambouli,https://fbref.com/en/players/5939baa2/Benjamin-Stambouli,Success,Not found,"August 13, 1990 (Age: 35-104d)","Marseille, France",180cm,France,DF-MF (CB-CM-DM),Right,2010-2011,19 years,Montpellier,2010,127160,https://www.transfermarkt.com/benjamin-stambouli/profil/spieler/127160
Jed Steer,https://fbref.com/en/players/a8a3d139/Jed-Steer,Success,Not found,"September 23, 1992 (Age: 33-063d)","Norwich, England, United Kingdom",188cm,England eng,GK,Left,2011-2012,18 years,Yeovil Town,2011,110867,https://www.transfermarkt.com/jed-steer/profil/spieler/110867
Dušan Tadić,https://fbref.com/en/players/2475dcc6/Dusan-Tadic,Success,Not found,"November 20, 1988 (Age: 37-005d)","Bačka Topola, Serbia",181cm,Serbia,FW-MF (AM),Left,2008-2009,19 years,Vojvodina,2008,36139,https://www.transfermarkt.com/duan-tadi/profil/spieler/36139
Matt Targett,https://fbref.com/en/players/e514ab62/Matt-Targett,Success,Not found,"September 18, 1995 (Age: 30-068d)","Winchester, England, United Kingdom",178cm,England eng,"DF-MF (FB, left)",Left,2014-2015,18 years,Southampton,2014,250478,https://www.transfermarkt.com/matt-targett/profil/spieler/250478
Dionatan Teixeira,https://fbref.com/en/players/f7f09bee/Dionatan-Teixeira,Success,Not found,"July 24, 1992",Not found,193cm,Brazil br  Other: Slovakia,DF (CB),Left,2014-2015,22 years,Stoke City,2014,107617,https://www.transfermarkt.com/dionatan-teixeira/profil/spieler/107617
Tom Thorpe,https://fbref.com/en/players/6d071cae/Tom-Thorpe,Success,Not found,"January 13, 1993",Not found,185cm,England eng,DF,Right,2013-2014,20 years,Birmingham City,2013,128911,https://www.transfermarkt.com/tom-thorpe/profil/spieler/128911
Kieran Trippier,https://fbref.com/en/players/21512407/Kieran-Trippier,Success,Not found,"September 19, 1990 (Age: 35-067d)","Bury, England, United Kingdom",178cm,England eng,"DF-MF (FB, right)",Right,2009-2010,18 years,Barnsley,2009,95810,https://www.transfermarkt.com/kieran-trippier/profil/spieler/95810
Leonardo Ulloa,https://fbref.com/en/players/eed56f6c/Leonardo-Ulloa,Success,Not found,"July 26, 1986",Not found,190cm,Not found,FW,Right,2008-2009,22 years,Castellón,2008,54890,https://www.transfermarkt.com/leonardo-ulloa/profil/spieler/54890
Fredrik Ulvestad,https://fbref.com/en/players/8f160d73/Fredrik-Ulvestad,Success,Not found,"June 17, 1992 (Age: 33-161d)","Ålesund, Norway",183cm,Norway,DF-MF (CM-DM-FB),Right,2010,17 years,Aalesund,Not found,158022,https://www.transfermarkt.com/fredrik-ulvestad/profil/spieler/158022
Víctor Valdés,https://fbref.com/en/players/e029e404/Victor-Valdes,Success,Not found,"January 14, 1982",Not found,183cm,Spain,GK,Right,2002-2003,20 years,Barcelona,2002,7589,https://www.transfermarkt.com/vctor-valds/profil/spieler/7589
Enner Valencia,https://fbref.com/en/players/fb485406/Enner-Valencia,Success,Not found,"November 4, 1989 (Age: 36-021d)","San Lorenzo, Ecuador",174cm,Ecuador,FW-MF (AM),Right,2013-2014,23 years,Pachuca,2013,139503,https://www.transfermarkt.com/enner-valencia/profil/spieler/139503
Jamie Vardy,https://fbref.com/en/players/45963054/Jamie-Vardy,Success,Not found,"January 11, 1987 (Age: 38-318d)","Sheffield, England, United Kingdom",178cm,England eng,FW,Right,2011-2012,24 years,Fleetwood Town,2011,197838,https://www.transfermarkt.com/jamie-vardy/profil/spieler/197838
Silvestre Varela,https://fbref.com/en/players/9dffef9e/Silvestre-Varela,Success,Not found,"February 2, 1985",Not found,180cm,Portugal,FW-MF (WM),Right,2005-2006,20 years,Sporting CP,2005,31316,https://www.transfermarkt.com/silvestre-varela/profil/spieler/31316
Eduardo Vargas,https://fbref.com/en/players/50e31840/Carlos-Eduardo-Vargas,Success,Not found,"February 26, 1987",Not found,185cm,Not found,FW,Not found,2015-2016,28 years,Real Potosí,2015,89718,https://www.transfermarkt.com/eduardo-vargas/profil/spieler/89718
Ross Wallace,https://fbref.com/en/players/b4e56bbd/Ross-Wallace,Success,Not found,"May 23, 1985",Not found,168cm,Scotland sct,FW-MF (WM),Left,2003-2004,18 years,Celtic,2003,9509,https://www.transfermarkt.com/ross-wallace/profil/spieler/9509
Marcin Wasilewski,https://fbref.com/en/players/24249219/Marcin-Wasilewski,Success,Not found,"June 9, 1980",Not found,186cm,Poland,DF (CB-FB),Right,2002-2003,22 years,Wisła Płock,2002,16947,https://www.transfermarkt.com/marcin-wasilewski/profil/spieler/16947
Philipp Wollscheid,https://fbref.com/en/players/c4cca587/Philipp-Wollscheid,Success,Not found,"March 6, 1989",Not found,194cm,Germany,DF (CB),Both,2010-2011,21 years,Nürnberg,2010,53173,https://www.transfermarkt.com/philipp-wollscheid/profil/spieler/53173
DeAndre Yedlin,https://fbref.com/en/players/ae0a7ddf/DeAndre-Yedlin,Success,Not found,"July 9, 1993 (Age: 32-139d)","Seattle, Washington, United States",173cm,United States,"DF-MF (FB, right)",Right,2013,19 years,Seattle Sounders,Not found,255916,https://www.transfermarkt.com/deandre-yedlin/profil/spieler/255916
Mauro Zárate,https://fbref.com/en/players/cc18ff4c/Mauro-Zarate,Success,Not found,"March 18, 1987",Not found,176cm,Argentina,FW-MF (AM),Right,2007-2008,20 years,Birmingham City,2007,26456,https://www.transfermarkt.com/mauro-zrate/profil/spieler/26456
Kurt Zouma,https://fbref.com/en/players/ce4246f5/Kurt-Zouma,Success,Not found,"October 27, 1994 (Age: 31-029d)","Lyon, France",190cm,France,DF (CB),Right,2011-2012,16 years,Saint-Étienne,2011,157509,https://www.transfermarkt.com/kurt-zouma/profil/spieler/157509
Filip Đuričić,https://fbref.com/en/players/eccbe56a/Filip-Djuricic,Success,Not found,"January 30, 1992 (Age: 33-299d)","Obrenovac, Serbia",181cm,Serbia,FW-MF (AM),Right,2009-2010,17 years,Heerenveen,2009,94307,https://www.transfermarkt.com/filip-urii/profil/spieler/94307
Almen Abdi,https://fbref.com/en/players/8d425d84/Almen-Abdi,Success,Not found,"October 21, 1986",Not found,182cm,Switzerland ch  Other: Kosovo,MF (AM),Right,2003-2004,16 years,Zürich,2003,9966,https://www.transfermarkt.com/almen-abdi/profil/spieler/9966
Tammy Abraham,https://fbref.com/en/players/f586779e/Tammy-Abraham,Success,Not found,"October 2, 1997 (Age: 28-054d)","Camberwell, England, United Kingdom",190cm,England eng,FW,Right,2015-2016,17 years,Chelsea,2015,331726,https://www.transfermarkt.com/tammy-abraham/profil/spieler/331726
Ibrahim Afellay,https://fbref.com/en/players/9a8c6673/Ibrahim-Afellay,Success,Not found,"April 2, 1986",Not found,180cm,Netherlands,FW-MF (AM-WM),Right,2004-2005,18 years,PSV Eindhoven,2004,15760,https://www.transfermarkt.com/ibrahim-afellay/profil/spieler/15760
Benik Afobe,https://fbref.com/en/players/b63f4077/Benik-Afobe,Success,Not found,"February 12, 1993 (Age: 32-286d)","Leyton, England, United Kingdom",183cm,Congo DR cd  Other: England,FW,Both,2010-2011,17 years,Huddersfield,2010,110858,https://www.transfermarkt.com/benik-afobe/profil/spieler/110858
Dele Alli,https://fbref.com/en/players/cea4ee8f/Dele-Alli,Success,Not found,"April 11, 1996",Not found,188cm,England eng,FW-MF (AM),Right,2012-2013,16 years,MK Dons,2012,207929,https://www.transfermarkt.com/dele-alli/profil/spieler/207929
Ryan Allsop,https://fbref.com/en/players/af615123/Ryan-Allsop,Success,Not found,"June 17, 1992 (Age: 33-161d)","Birmingham, England, United Kingdom",189cm,England eng,GK,Right,2012-2013,20 years,Leyton Orient,2012,111073,https://www.transfermarkt.com/ryan-allsop/profil/spieler/111073
Daniel Amartey,https://fbref.com/en/players/1a4ef233/Daniel-Amartey,Success,Not found,"December 21, 1994",Not found,182cm,Ghana,"DF-MF (CB, right)",Right,2013,18 years,Djurgården,Not found,214056,https://www.transfermarkt.com/daniel-amartey/profil/spieler/214056
Jordan Amavi,https://fbref.com/en/players/22721b88/Jordan-Amavi,Success,Not found,"March 9, 1994",Not found,176cm,France,"DF (FB, left)",Left,2013-2014,19 years,Nice,2013,241229,https://www.transfermarkt.com/jordan-amavi/profil/spieler/241229
Nordin Amrabat,https://fbref.com/en/players/7c2a398c/Nordin-Amrabat,Success,Not found,"March 31, 1987 (Age: 38-239d)","Gemeente Naarden, Netherlands",175cm,Morocco ma  Other: Netherlands,FW-MF (AM-CM-WM),Right,2007-2008,20 years,VVV-Venlo,2007,55619,https://www.transfermarkt.com/nordin-amrabat/profil/spieler/55619
José Ángel Crespo,https://fbref.com/en/players/8ec4c2f7/Jose-Angel-Crespo,Success,Not found,"February 9, 1987",Not found,183cm,Spain,DF (CB-FB),Right,2005-2006,18 years,Sevilla,2005,37397,https://www.transfermarkt.com/jos-ngel-crespo/profil/spieler/37397
Michail Antonio,https://fbref.com/en/players/ac05f970/Michail-Antonio,Success,Not found,"March 28, 1990 (Age: 35-242d)","Wandsworth, England, United Kingdom",180cm,Jamaica jm  Other: England,FW-MF (WM),Right,2008-2009,18 years,Cheltenham,2008,104124,https://www.transfermarkt.com/michail-antonio/profil/spieler/104124
Ikechi Anya,https://fbref.com/en/players/c55e973d/Ikechi-Anya,Success,Not found,"January 3, 1988",Not found,170cm,Scotland sct,"FW-MF (WM, right)",Right,2004-2005,16 years,Wycombe,2004,107427,https://www.transfermarkt.com/ikechi-anya/profil/spieler/107427
Giedrius Arlauskis,https://fbref.com/en/players/1858bbf7/Giedrius-Arlauskis,Success,Not found,"December 1, 1987",Not found,184cm,Lithuania,GK,Left,2007-2008,19 years,Unirea Urziceni,2007,69001,https://www.transfermarkt.com/giedrius-arlauskis/profil/spieler/69001
Harry Arter,https://fbref.com/en/players/2f4c5a52/Harry-Arter,Success,Not found,"December 28, 1989",Not found,178cm,Republic of Ireland ie  Other: England,MF (DM),Both,2010-2011,20 years,Carlisle United,2010,55742,https://www.transfermarkt.com/harry-arter/profil/spieler/55742
André Ayew,https://fbref.com/en/players/5dbefa9d/Andre-Ayew,Success,Not found,"December 17, 1989",Not found,176cm,Ghana gh  Other: France,FW-MF (AM-WM),Left,2007-2008,17 years,Marseille,2007,45403,https://www.transfermarkt.com/andr-ayew/profil/spieler/45403
Jordan Ayew,https://fbref.com/en/players/da052c14/Jordan-Ayew,Success,Not found,"September 11, 1991 (Age: 34-075d)","Marseille, France",182cm,Ghana gh  Other: France,FW-MF (AM),Right,2009-2010,17 years,Marseille,2009,108354,https://www.transfermarkt.com/jordan-ayew/profil/spieler/108354
Patrick Bamford,https://fbref.com/en/players/93feac6e/Patrick-Bamford,Success,Not found,"September 5, 1993 (Age: 32-081d)","Grantham, England, United Kingdom",188cm,England eng,FW-MF (WM),Left,2011-2012,17 years,Nott'ham Forest,2011,183334,https://www.transfermarkt.com/patrick-bamford/profil/spieler/183334
Yohan Benalouane,https://fbref.com/en/players/8309b068/Yohan-Benalouane,Success,Not found,"March 28, 1987",Not found,187cm,Tunisia tn  Other: France,DF (CB-FB),Left,2007-2008,20 years,Saint-Étienne,2007,50477,https://www.transfermarkt.com/yohan-benalouane/profil/spieler/50477
Steven Berghuis,https://fbref.com/en/players/713c144a/Steven-Berghuis,Success,Not found,"December 19, 1991 (Age: 33-341d)","Apeldoorn, Netherlands",180cm,Netherlands,"FW-MF (AM-CM-WM, right)",Left,2010-2011,18 years,Twente,2010,129554,https://www.transfermarkt.com/steven-berghuis/profil/spieler/129554
Hiram Boateng,https://fbref.com/en/players/929917ce/Hiram-Boateng,Success,Not found,"January 8, 1996 (Age: 29-321d)","Wandsworth, England, United Kingdom",170cm,Not found,FW-MF (CM),Left,2013-2014,17 years,Crawley Town,2013,244125,https://www.transfermarkt.com/hiram-boateng/profil/spieler/244125
Cameron Borthwick-Jackson,https://fbref.com/en/players/ff61102d/Cameron-Borthwick-Jackson,Success,Not found,"February 2, 1997",Not found,183cm,England eng,"DF-MF (FB, left)",Left,2015-2016,18 years,Manchester Utd,2015,258879,https://www.transfermarkt.com/cameron-borthwick-jackson/profil/spieler/258879
Cameron Brannagan,https://fbref.com/en/players/9220e731/Cameron-Brannagan,Success,Not found,"May 9, 1996 (Age: 29-200d)","Manchester, England, United Kingdom",180cm,England eng,"MF (CM-DM, left)",Right,2014-2015,18 years,Liverpool,2014,261357,https://www.transfermarkt.com/cameron-brannagan/profil/spieler/261357
Miguel Britos,https://fbref.com/en/players/356a9a62/Miguel-Britos,Success,Not found,"July 17, 1985",Not found,188cm,Not found,DF (CB),Left,2008-2009,23 years,Bologna,2008,76799,https://www.transfermarkt.com/miguel-britos/profil/spieler/76799
Sam Byram,https://fbref.com/en/players/1bf811d4/Sam-Byram,Success,Not found,"September 16, 1993 (Age: 32-070d)","Borough of Thurrock, England, United Kingdom",180cm,Not found,DF-MF (FB-WM),Right,2012-2013,18 years,Leeds United,2012,236953,https://www.transfermarkt.com/sam-byram/profil/spieler/236953
Sergi Canós,https://fbref.com/en/players/1137759d/Sergi-Canos,Success,Not found,"February 2, 1997 (Age: 28-296d)","Nules, Spain",175cm,Spain,DF-FW-MF (AM-WM),Right,2015-2016,18 years,Liverpool,2015,251845,https://www.transfermarkt.com/sergi-cans/profil/spieler/251845
Juan Carlos Paredes,https://fbref.com/en/players/5d8c6afd/Juan-Carlos-Paredes,Success,Not found,"July 8, 1987 (Age: 38-140d)","Esmeraldas, Ecuador",176cm,Ecuador,"DF-MF (FB-WM, right)",Right,2014,26 years,Barcelona,Not found,100507,https://www.transfermarkt.com/juan-carlos-paredes/profil/spieler/100507
Bersant Celina,https://fbref.com/en/players/3043d33f/Bersant-Celina,Success,Not found,"September 9, 1996 (Age: 29-077d)","Prizren, Kosovo",177cm,Kosovo xk  Other: Norway,FW-MF (AM),Right,2015-2016,18 years,Manchester City,2015,229695,https://www.transfermarkt.com/bersant-celina/profil/spieler/229695
Pedro Chirivella,https://fbref.com/en/players/68a26d51/Pedro-Chirivella,Success,Not found,"May 23, 1997 (Age: 28-186d)","Valencia, Spain",178cm,Spain,MF (CM-DM),Right,2015-2016,18 years,Liverpool,2015,242273,https://www.transfermarkt.com/pedro-chirivella/profil/spieler/242273
Jake Clarke-Salter,https://fbref.com/en/players/0df092d3/Jake-Clarke-Salter,Success,Not found,"September 22, 1997 (Age: 28-064d)","London, England, United Kingdom",188cm,England eng,"DF (CB, left)",Right,2015-2016,17 years,Chelsea,2015,316551,https://www.transfermarkt.com/jake-clarke-salter/profil/spieler/316551
Jordy Clasie,https://fbref.com/en/players/31c01b85/Jordy-Clasie,Success,Not found,"June 27, 1991 (Age: 34-151d)","Gemeente Haarlem, Netherlands",169cm,Netherlands,MF (AM-CM-DM-WM),Both,2010-2011,19 years,Excelsior,2010,104223,https://www.transfermarkt.com/jordy-clasie/profil/spieler/104223
Callum Connolly,https://fbref.com/en/players/39ad0b72/Callum-Connolly,Success,Not found,"September 23, 1997 (Age: 28-063d)","Liverpool, England, United Kingdom",183cm,England eng,DF-MF (CB-FB),Right,2015-2016,17 years,Everton,2015,308632,https://www.transfermarkt.com/callum-connolly/profil/spieler/308632
Steve Cook,https://fbref.com/en/players/3e5e4e63/Steve-Cook,Success,Not found,"April 19, 1991 (Age: 34-220d)","Hastings, England, United Kingdom",185cm,Not found,DF-MF (CB),Right,2008-2009,17 years,Brighton,2008,90836,https://www.transfermarkt.com/steve-cook/profil/spieler/90836
Josh Cullen,https://fbref.com/en/players/f6d7d690/Josh-Cullen,Success,Not found,"April 7, 1996 (Age: 29-232d)","Southend-on-Sea, England, United Kingdom",180cm,Republic of Ireland ie  Other: England,DF-MF (CM-DM),Right,2014-2015,18 years,West Ham,2014,242606,https://www.transfermarkt.com/josh-cullen/profil/spieler/242606
Charlie Daniels,https://fbref.com/en/players/9d107085/Charlie-Daniels,Success,Not found,"September 7, 1986",Not found,178cm,Not found,"DF-MF (FB, left)",Left,2006-2007,19 years,Chesterfield,2006,61819,https://www.transfermarkt.com/charlie-daniels/profil/spieler/61819
Karl Darlow,https://fbref.com/en/players/cde3309f/Karl-Darlow,Success,Not found,"October 8, 1990 (Age: 35-048d)","Northampton, England, United Kingdom",185cm,Wales wls  Other: England,GK,Right,2010-2011,19 years,Nott'ham Forest,2010,99397,https://www.transfermarkt.com/karl-darlow/profil/spieler/99397
Matteo Darmian,https://fbref.com/en/players/96e0490d/Matteo-Darmian,Success,Not found,"December 2, 1989 (Age: 35-358d)","Legnano, Italy",182cm,Italy,"DF-MF (CB-FB-WM, right)",Right,2006-2007,16 years,Milan,2006,54906,https://www.transfermarkt.com/matteo-darmian/profil/spieler/54906
Tom Davies,https://fbref.com/en/players/9228b07c/Tom-Davies,Success,Not found,"June 30, 1998 (Age: 27-148d)","Liverpool, England, United Kingdom",180cm,England eng,MF (CM),Right,2015-2016,17 years,Everton,2015,314210,https://www.transfermarkt.com/tom-davies/profil/spieler/314210
Troy Deeney,https://fbref.com/en/players/82e34b69/Troy-Deeney,Success,Not found,"June 29, 1988",Not found,183cm,Not found,FW,Right,2006-2007,18 years,Walsall,2006,65477,https://www.transfermarkt.com/troy-deeney/profil/spieler/65477
Joe Dodoo,https://fbref.com/en/players/beed85c7/Joe-Dodoo,Success,Not found,"June 29, 1995 (Age: 30-149d)","Kumasi, Ghana",183cm,England eng,FW-MF,Right,2015-2016,20 years,Leicester City,2015,261738,https://www.transfermarkt.com/joe-dodoo/profil/spieler/261738
Seydou Doumbia,https://fbref.com/en/players/c49afee6/Seydou-Doumbia,Success,Not found,"December 31, 1987",Not found,179cm,Côte d'Ivoire,FW,Both,2008-2009,20 years,Young Boys,2008,75287,https://www.transfermarkt.com/seydou-doumbia/profil/spieler/75287
Kieran Dowell,https://fbref.com/en/players/2f6ec02a/Kieran-Dowell,Success,Not found,"October 10, 1997 (Age: 28-046d)","Ormskirk, England, United Kingdom",184cm,England eng,FW-MF (AM),Left,2015-2016,17 years,Everton,2015,258916,https://www.transfermarkt.com/kieran-dowell/profil/spieler/258916
Éder,https://fbref.com/en/players/5a325298/Eder,Success,Not found,"November 15, 1986",Not found,178cm,Italy it  Other: Brazil,FW,Left,2006-2007,19 years,Empoli,2006,369081,https://www.transfermarkt.com/der/profil/spieler/369081
Mohamed Elneny,https://fbref.com/en/players/47a34c4f/Mohamed-Elneny,Success,Not found,"July 11, 1992 (Age: 33-137d)","Al Maḩallah al Kubrá, Egypt",180cm,Egypt,MF (CM-DM),Right,2012-2013,20 years,Basel,2012,160438,https://www.transfermarkt.com/mohamed-elneny/profil/spieler/160438
Tommy Elphick,https://fbref.com/en/players/14caf5c9/Tommy-Elphick,Success,Not found,"September 7, 1987",Not found,187cm,Not found,"DF (CB, right)",Right,2006-2007,18 years,Brighton,2006,37152,https://www.transfermarkt.com/tommy-elphick/profil/spieler/37152
Emmanuel Emenike,https://fbref.com/en/players/df6bcd09/Emmanuel-Emenike,Success,Not found,"May 10, 1987",Not found,182cm,Nigeria,FW,Right,2010-2011,23 years,Karabükspor,2010,120630,https://www.transfermarkt.com/emmanuel-emenike/profil/spieler/120630
Sam Field,https://fbref.com/en/players/bd8a7d05/Sam-Field,Success,Not found,"May 8, 1998 (Age: 27-201d)","England, United Kingdom",180cm,England eng,MF (CM-DM),Right,2015-2016,17 years,West Brom,2015,387331,https://www.transfermarkt.com/sam-field/profil/spieler/387331
Roberto Firmino,https://fbref.com/en/players/4c370d81/Roberto-Firmino,Success,Not found,"October 2, 1991 (Age: 34-054d)","Maceió, Brazil",181cm,Brazil,FW-MF (AM),Right,2010-2011,18 years,Hoffenheim,2010,131789,https://www.transfermarkt.com/roberto-firmino/profil/spieler/131789
Timothy Fosu-Mensah,https://fbref.com/en/players/a9142dc3/Timothy-Fosu-Mensah,Success,Not found,"January 2, 1998",Not found,190cm,Netherlands,DF,Right,2015-2016,17 years,Manchester Utd,2015,315131,https://www.transfermarkt.com/timothy-fosu-mensah/profil/spieler/315131
Simon Francis,https://fbref.com/en/players/1e0b6a73/Simon-Francis,Success,Not found,"February 16, 1985",Not found,191cm,Not found,"DF (CB-FB, right)",Right,2002-2003,17 years,Bradford City,2002,13573,https://www.transfermarkt.com/simon-francis/profil/spieler/13573
Christian Fuchs,https://fbref.com/en/players/a67a09fb/Christian-Fuchs,Success,Not found,"April 7, 1986",Not found,186cm,Austria,"DF-MF (FB, left)",Left,2003-2004,17 years,Mattersburg,2003,6636,https://www.transfermarkt.com/christian-fuchs/profil/spieler/6636
Ramiro Funes Mori,https://fbref.com/en/players/89cbc961/Ramiro-Funes-Mori,Success,Not found,"March 5, 1991 (Age: 34-265d)","Mendoza, Argentina",193cm,Argentina,DF (CB),Both,2014,22 years,River Plate,Not found,11111,https://www.transfermarkt.com/ramiro-funes-mori/profil/spieler/11111
Idrissa Gana Gueye,https://fbref.com/en/players/72c812f3/Idrissa-Gana-Gueye,Success,Not found,"September 26, 1989 (Age: 36-060d)",Senegal,174cm,Senegal,MF (CM-DM),Right,2010-2011,20 years,Lille,2010,126665,https://www.transfermarkt.com/idrissa-gana-gueye/profil/spieler/126665
Manu García,https://fbref.com/en/players/05a4465d/Manu-Garcia,Success,Not found,"April 26, 1986",Not found,182cm,Spain,MF (CM-WM),Left,2013-2014,27 years,Alavés,2013,277118,https://www.transfermarkt.com/manu-garca/profil/spieler/277118
Joe Gomez,https://fbref.com/en/players/7a11550b/Joe-Gomez,Success,Not found,"May 23, 1997 (Age: 28-186d)","Catford, England, United Kingdom",188cm,England eng,"DF (CB-FB, right)",Right,2014-2015,17 years,Charlton Ath,2014,256178,https://www.transfermarkt.com/joe-gomez/profil/spieler/256178
Lewis Grabban,https://fbref.com/en/players/1a857282/Lewis-Grabban,Success,Not found,"January 12, 1988",Not found,183cm,Not found,FW-MF (WM),Both,2006-2007,18 years,Oldham Athletic,2006,35413,https://www.transfermarkt.com/lewis-grabban/profil/spieler/35413
Max Gradel,https://fbref.com/en/players/21c502ae/Maxime-Gradeler,Success,Not found,"October 8, 1988",Not found,Not found,Not found,FW,Not found,2017-2018,28 years,Grandvillars,2017,28140,https://www.transfermarkt.com/max-gradel/profil/spieler/28140
Demarai Gray,https://fbref.com/en/players/4468ec10/Demarai-Gray,Success,Not found,"June 28, 1996 (Age: 29-150d)","Birmingham, England, United Kingdom",178cm,Jamaica jm  Other: England,FW-MF (AM-WM),Right,2013-2014,17 years,Birmingham City,2013,292417,https://www.transfermarkt.com/demarai-gray/profil/spieler/292417
André Green,https://fbref.com/en/players/6e287b7a/Andre-Green,Success,Not found,"July 26, 1998 (Age: 27-122d)","Solihull, England, United Kingdom",180cm,England eng,FW-MF,Right,2014-2015,16 years,Aston Villa,2014,309841,https://www.transfermarkt.com/andr-green/profil/spieler/309841
Rees Greenwood,https://fbref.com/en/players/e5e459d4/Rees-Greenwood,Success,Not found,"December 10, 1996",Not found,179cm,Not found,FW,Right,2015-2016,18 years,Sunderland,2015,320213,https://www.transfermarkt.com/rees-greenwood/profil/spieler/320213
Jakob Haugaard,https://fbref.com/en/players/142741bb/Jakob-Haugaard,Success,Not found,"May 1, 1992 (Age: 33-208d)","Sundbyerne, Denmark",199cm,Denmark,GK,Right,2012-2013,20 years,Midtjylland,2012,138335,https://www.transfermarkt.com/jakob-haugaard/profil/spieler/138335
Son Heung-min,https://fbref.com/en/players/92e7e919/Son-Heung-min,Success,Not found,"July 8, 1992 (Age: 33-140d)","Chuncheon, Korea Republic",183cm,Korea Republic,FW-MF (AM-WM),Right,2010-2011,18 years,Hamburger SV,2010,91845,https://www.transfermarkt.com/son-heung-min/profil/spieler/91845
José Holebas,https://fbref.com/en/players/12aa7661/Jose-Holebas,Success,Not found,"June 27, 1984",Not found,184cm,Greece gr  Other: Germany,"DF-MF (CB-FB-WM, left)",Left,2007-2008,23 years,1860 Munich,2007,41112,https://www.transfermarkt.com/jos-holebas/profil/spieler/41112
George Honeyman,https://fbref.com/en/players/84afeaff/George-Honeyman,Success,Not found,"September 8, 1994 (Age: 31-078d)","Prudhoe, England, United Kingdom",173cm,Not found,FW-MF (AM-CM),Right,2014-2015,19 years,Sunderland,2014,218140,https://www.transfermarkt.com/george-honeyman/profil/spieler/218140
Víctor Ibarbo,https://fbref.com/en/players/552d1e41/Victor-Ibarbo,Success,Not found,"May 19, 1990",Not found,188cm,Colombia,FW-MF (AM-WM),Right,2011-2012,21 years,Cagliari,2011,92141,https://www.transfermarkt.com/vctor-ibarbo/profil/spieler/92141
Odion Ighalo,https://fbref.com/en/players/03622183/Odion-Ighalo,Success,Not found,"June 16, 1989 (Age: 36-162d)","Lagos, Nigeria",188cm,Nigeria,FW,Right,2007,17 years,Lyn,Not found,62121,https://www.transfermarkt.com/odion-ighalo/profil/spieler/62121
Kelechi Iheanacho,https://fbref.com/en/players/c92e1a31/Kelechi-Iheanacho,Success,Not found,"October 3, 1996 (Age: 29-053d)",Nigeria,185cm,Nigeria,FW-MF,Left,2015-2016,18 years,Manchester City,2015,295330,https://www.transfermarkt.com/kelechi-iheanacho/profil/spieler/295330
Giannelli Imbula,https://fbref.com/en/players/b86fe156/Giannelli-Imbula,Success,Not found,"September 12, 1992",Not found,186cm,"Congo DR cd  Other: Belgium , France",MF,Left,2009-2010,16 years,Guingamp,2009,130756,https://www.transfermarkt.com/giannelli-imbula/profil/spieler/130756
Gökhan Inler,https://fbref.com/en/players/3200c583/Gokhan-Inler,Success,Not found,"June 27, 1984",Not found,183cm,Switzerland,MF (CM-DM),Both,2004-2005,20 years,Aarau,2004,19041,https://www.transfermarkt.com/gkhan-inler/profil/spieler/19041
Juan Iturbe,https://fbref.com/en/players/2c0fbaf5/Juan-Iturbe,Success,Not found,"June 4, 1993 (Age: 32-174d)","Buenos Aires, Argentina",172cm,Paraguay py  Other: Argentina,FW-MF (AM-WM),Both,2011-2012,18 years,Porto,2011,81455,https://www.transfermarkt.com/juan-iturbe/profil/spieler/81455
Alex Iwobi,https://fbref.com/en/players/6ca5ec4b/Alex-Iwobi,Success,Not found,"May 3, 1996 (Age: 29-206d)","Lagos, Nigeria",180cm,Nigeria ng  Other: England,FW-MF (AM-CM-WM),Right,2015-2016,19 years,Arsenal,2015,242631,https://www.transfermarkt.com/alex-iwobi/profil/spieler/242631
Joselu,https://fbref.com/en/players/a5e9c273/Joselu,Success,Not found,"March 3, 1991",Not found,177cm,Not found,FW,Not found,2009-2010,18 years,Villarreal B,2009,81999,https://www.transfermarkt.com/joselu/profil/spieler/81999
Juanmi,https://fbref.com/en/players/9c6886e6/Juanmi,Success,Not found,"March 9, 1971",Not found,181cm,Spain,GK,Not found,1993-1994,22 years,Zaragoza,1993,126737,https://www.transfermarkt.com/juanmi/profil/spieler/126737
Sullay Kaikai,https://fbref.com/en/players/fc166e49/Sullay-Kaikai,Success,Not found,"August 26, 1995 (Age: 30-091d)","Southwark, England, United Kingdom",182cm,Sierra Leone sl  Other: England,FW-MF (AM-WM),Right,2013-2014,17 years,Crawley Town,2013,244130,https://www.transfermarkt.com/sullay-kaikai/profil/spieler/244130
N'Golo Kanté,https://fbref.com/en/players/b9fbae28/NGolo-Kante,Success,Not found,"March 29, 1991 (Age: 34-241d)","Paris, France",169cm,France,MF (CM-DM-WM),Right,2011-2012,20 years,Boulogne,2011,225083,https://www.transfermarkt.com/ngolo-kant/profil/spieler/225083
Kenedy,https://fbref.com/en/players/97778030/Daniel-Kenedy,Success,Not found,"February 18, 1974",Not found,181cm,Portugal,DF-MF (FB),Not found,1996-1997,22 years,Paris S-G,1996,281404,https://www.transfermarkt.com/kenedy/profil/spieler/281404
Jonjoe Kenny,https://fbref.com/en/players/099e666f/Jonjoe-Kenny,Success,Not found,"March 15, 1997 (Age: 28-255d)","Kirkdale, England, United Kingdom",176cm,England eng,"DF-FW-MF (FB, right)",Right,2015-2016,18 years,Wigan Athletic,2015,258883,https://www.transfermarkt.com/jonjoe-kenny/profil/spieler/258883
Yann Kermorgant,https://fbref.com/en/players/0172d6cc/Yann-Kermorgant,Success,Not found,"November 8, 1981",Not found,184cm,Not found,FW,Right,2009-2010,27 years,Leicester City,2009,57410,https://www.transfermarkt.com/yann-kermorgant/profil/spieler/57410
Wahbi Khazri,https://fbref.com/en/players/2677a1de/Wahbi-Khazri,Success,Not found,"February 8, 1991",Not found,182cm,Tunisia tn  Other: France,FW-MF (AM-WM),Right,2009-2010,18 years,Bastia,2009,103565,https://www.transfermarkt.com/wahbi-khazri/profil/spieler/103565
Joshua King,https://fbref.com/en/players/86109b3b/Joshua-King,Success,Not found,"January 3, 2007 (Age: 18-326d)","England, United Kingdom",Not found,England eng,MF,Not found,2023-2024,16 years,Fulham,2023,91059,https://www.transfermarkt.com/joshua-king/profil/spieler/91059
Stephen Kingsley,https://fbref.com/en/players/488cc9c7/Stephen-Kingsley,Success,Not found,"July 23, 1994 (Age: 31-125d)","Stirling, Scotland, United Kingdom",178cm,Scotland sct,"DF (FB, left)",Right,2010-2011,16 years,Falkirk,2010,184398,https://www.transfermarkt.com/stephen-kingsley/profil/spieler/184398
Jan Kirchhoff,https://fbref.com/en/players/a14d04e3/Jan-Kirchhoff,Success,Not found,"October 1, 1990",Not found,195cm,Germany,DF-MF (CB),Right,2008-2009,17 years,Mainz 05,2008,49734,https://www.transfermarkt.com/jan-kirchhoff/profil/spieler/49734
Timm Klose,https://fbref.com/en/players/5f1d07f6/Timm-Klose,Success,Not found,"May 9, 1988",Not found,193cm,Switzerland ch  Other: Germany,DF (CB),Right,2010-2011,22 years,Thun,2010,65255,https://www.transfermarkt.com/timm-klose/profil/spieler/65255
Lamine Koné,https://fbref.com/en/players/a46472d0/Lamine-Kone,Success,Not found,"February 1, 1989",Not found,189cm,Côte d'Ivoire ci  Other: France,"DF (CB, right)",Right,2009-2010,20 years,Châteauroux,2009,57420,https://www.transfermarkt.com/lamine-kon/profil/spieler/57420
Kyle Lafferty,https://fbref.com/en/players/3bf81c50/Kyle-Lafferty,Success,Not found,"September 16, 1987",Not found,193cm,Northern Ireland nir,FW,Right,2005-2006,17 years,Darlington,2005,36884,https://www.transfermarkt.com/kyle-lafferty/profil/spieler/36884
Manuel Lanzini,https://fbref.com/en/players/26f6dca8/Manuel-Lanzini,Success,Not found,"February 15, 1993 (Age: 32-283d)","San Antonio de Padua, Argentina",170cm,Argentina,FW-MF (AM),Right,2015-2016,22 years,West Ham,2015,135853,https://www.transfermarkt.com/manuel-lanzini/profil/spieler/135853
Jamaal Lascelles,https://fbref.com/en/players/450ab6fc/Jamaal-Lascelles,Success,Not found,"November 11, 1993 (Age: 32-014d)","Derby, England, United Kingdom",189cm,England eng,DF (CB),Right,2011-2012,17 years,Stevenage,2011,183318,https://www.transfermarkt.com/jamaal-lascelles/profil/spieler/183318
Miguel Layún,https://fbref.com/en/players/ad6295d4/Miguel-Layun,Success,Not found,"June 25, 1988",Not found,179cm,Mexico,"DF-MF (FB-WM, right)",Right,2007-2008,19 years,Veracruz,2007,58576,https://www.transfermarkt.com/miguel-layn/profil/spieler/58576
Jonathan Leko,https://fbref.com/en/players/76b5cbbd/Jonathan-Leko,Success,Not found,"April 24, 1999 (Age: 26-215d)","Kinshasa, Congo DR",182cm,England eng,FW-MF,Right,2015-2016,16 years,West Brom,2015,314266,https://www.transfermarkt.com/jonathan-leko/profil/spieler/314266
Jeremain Lens,https://fbref.com/en/players/6f1721f0/Jeremain-Lens,Success,Not found,"November 24, 1987",Not found,178cm,Netherlands,"FW-MF (AM-WM, right)",Right,2006-2007,18 years,AZ Alkmaar,2006,38497,https://www.transfermarkt.com/jeremain-lens/profil/spieler/38497
Donald Love,https://fbref.com/en/players/160599ed/Donald-Love,Success,Not found,"December 2, 1994 (Age: 30-358d)","Rochdale, England, United Kingdom",179cm,Scotland sct  Other: England,"DF-MF (DM-FB-WM, right)",Right,2015-2016,20 years,Manchester Utd,2015,179451,https://www.transfermarkt.com/donald-love/profil/spieler/179451
Jordan Lyden,https://fbref.com/en/players/f246a2a8/Jordan-Lyden,Success,Not found,"January 30, 1996",Not found,178cm,Australia,MF,Right,2015-2016,19 years,Aston Villa,2015,251289,https://www.transfermarkt.com/jordan-lyden/profil/spieler/251289
Yann M'Vila,https://fbref.com/en/players/d4133fa1/Yann-MVila,Success,Not found,"June 29, 1990 (Age: 35-149d)","Amiens, France",182cm,France,MF (CM-DM),Right,2009-2010,19 years,Dijon,2009,60573,https://www.transfermarkt.com/yann-mvila/profil/spieler/60573
Shaun MacDonald,https://fbref.com/en/players/7d64f98a/Shaun-MacDonald,Success,Not found,"October 20, 1996 (Age: 29-036d)","England, United Kingdom",Not found,Not found,GK,Right,2019-2020,22 years,Torquay,2019,10375,https://www.transfermarkt.com/shaun-macdonald/profil/spieler/10375
José Manuel Jurado,https://fbref.com/en/players/71d4e271/Jose-Manuel-Jurado,Success,Not found,"June 29, 1986",Not found,176cm,Spain,MF (AM),Right,2005-2006,19 years,Real Madrid,2005,28261,https://www.transfermarkt.com/jos-manuel-jurado/profil/spieler/28261
Anthony Martial,https://fbref.com/en/players/8b788c01/Anthony-Martial,Success,Not found,"December 5, 1995 (Age: 29-355d)","Massy, France",184cm,France,FW-MF (AM),Right,2012-2013,16 years,Lyon,2012,182877,https://www.transfermarkt.com/anthony-martial/profil/spieler/182877
Cuco Martina,https://fbref.com/en/players/22551915/Cuco-Martina,Success,Not found,"September 25, 1989 (Age: 36-061d)","Rotterdam, Netherlands",185cm,Curaçao cw  Other: Netherlands,DF-MF (CB-FB),Right,2008-2009,18 years,RBC Roosendaal,2008,91251,https://www.transfermarkt.com/cuco-martina/profil/spieler/91251
Adam Matthews,https://fbref.com/en/players/d8bffa70/Adam-Matthews,Success,Not found,"January 13, 1992 (Age: 33-316d)","Swansea, Wales, United Kingdom",178cm,Wales wls,"DF-MF (FB, right)",Right,2009-2010,17 years,Cardiff City,2009,108878,https://www.transfermarkt.com/adam-matthews/profil/spieler/108878
Kevin Mbabu,https://fbref.com/en/players/493924a7/Kevin-Mbabu,Success,Not found,"April 19, 1995 (Age: 30-220d)","Chêne-Bougeries, Switzerland",184cm,Switzerland,"DF-MF (FB, right)",Right,2012-2013,17 years,Servette,2012,183321,https://www.transfermarkt.com/kevin-mbabu/profil/spieler/183321
Chancel Mbemba,https://fbref.com/en/players/e76cb9cc/Chancel-Mbemba,Success,Not found,"August 8, 1994 (Age: 31-109d)","Kinshasa, Congo DR",182cm,Congo DR,"DF (CB, right)",Right,2013-2014,18 years,Anderlecht,2013,203348,https://www.transfermarkt.com/chancel-mbemba/profil/spieler/203348
Dieumerci Mbokani,https://fbref.com/en/players/d9847696/Dieumerci-Mbokani,Success,Not found,"November 22, 1985",Not found,185cm,Congo DR,FW,Right,2006-2007,20 years,Anderlecht,2006,44624,https://www.transfermarkt.com/dieumerci-mbokani/profil/spieler/44624
Memphis,https://fbref.com/en/players/5a1ae50b/Memphis-Simdze-Fokoua,Success,Not found,"March 4, 2008",Not found,Not found,Not found,FW,Not found,2024-2025,16 years,Mannheim,2024,167850,https://www.transfermarkt.com/memphis/profil/spieler/167850
Matt Miazga,https://fbref.com/en/players/9fc0f253/Matt-Miazga,Success,Not found,"July 19, 1995 (Age: 30-129d)","Clifton, New Jersey, United States",191cm,United States us  Other: Poland,DF (CB),Right,2013,17 years,NY Red Bulls,Not found,245893,https://www.transfermarkt.com/matt-miazga/profil/spieler/245893
Tyrone Mings,https://fbref.com/en/players/8397a50c/Tyrone-Mings,Success,Not found,"March 13, 1993 (Age: 32-257d)","Bath, England, United Kingdom",195cm,England eng,"DF (CB-FB, left)",Left,2012-2013,19 years,Ipswich Town,2012,253677,https://www.transfermarkt.com/tyrone-mings/profil/spieler/253677
Aleksandar Mitrović,https://fbref.com/en/players/3925dbd6/Aleksandar-Mitrovic,Success,Not found,"September 16, 1994 (Age: 31-070d)","Smederevo, Serbia",189cm,Serbia,FW,Right,2012-2013,17 years,Partizan,2012,51152,https://www.transfermarkt.com/aleksandar-mitrovi/profil/spieler/51152
Clinton N'Jie,https://fbref.com/en/players/77f278a0/Clinton-NJie,Success,Not found,"August 15, 1993",Not found,175cm,Cameroon,FW-MF,Right,2012-2013,18 years,Lyon,2012,241119,https://www.transfermarkt.com/clinton-njie/profil/spieler/241119
Oumar Niasse,https://fbref.com/en/players/af721f98/Oumar-Niasse,Success,Not found,"April 18, 1990",Not found,182cm,Senegal,FW-MF (WM),Right,2012,21 years,Brann,Not found,209781,https://www.transfermarkt.com/oumar-niasse/profil/spieler/209781
Kristoffer Nordfeldt,https://fbref.com/en/players/78549904/Kristoffer-Nordfeldt,Success,Not found,"June 23, 1989 (Age: 36-155d)","Stockholm, Sweden",190cm,Sweden,GK,Right,2008,18 years,Brommapojkarna,Not found,75890,https://www.transfermarkt.com/kristoffer-nordfeldt/profil/spieler/75890
Allan Nyom,https://fbref.com/en/players/97572117/Allan-Nyom,Success,Not found,"May 10, 1988 (Age: 37-199d)","Neuilly-sur-Seine, France",186cm,Cameroon cm  Other: France,"DF-MF (FB, right)",Right,2010-2011,22 years,Granada,2010,111508,https://www.transfermarkt.com/allan-nyom/profil/spieler/111508
Eunan O'Kane,https://fbref.com/en/players/b7f8b1fc/Eunan-OKane,Success,Not found,"July 10, 1990",Not found,168cm,Republic of Ireland ie  Other: Northern Ireland,MF,Left,2009-2010,19 years,Torquay United,2009,61583,https://www.transfermarkt.com/eunan-okane/profil/spieler/61583
Pedro Obiang,https://fbref.com/en/players/ba1e04b3/Pedro-Obiang,Success,Not found,"March 27, 1992 (Age: 33-243d)","Alcalá de Henares, Spain",185cm,Equatorial Guinea gq  Other: Spain,MF (CM-DM),Right,2010-2011,18 years,Sampdoria,2010,101213,https://www.transfermarkt.com/pedro-obiang/profil/spieler/101213
Vadis Odjidja-Ofoe,https://fbref.com/en/players/518918ad/Vadis-Odjidja-Ofoe,Success,Not found,"February 21, 1989 (Age: 36-277d)","Gent, Belgium",185cm,Belgium,DF-MF (AM-CM-DM-WM),Right,2007-2008,18 years,Hamburger SV,2007,38388,https://www.transfermarkt.com/vadis-odjidja-ofoe/profil/spieler/38388
Angelo Ogbonna,https://fbref.com/en/players/74b2cd7e/Angelo-Ogbonna,Success,Not found,"May 23, 1988",Not found,191cm,Italy,DF (CB),Left,2006-2007,18 years,Torino,2006,48002,https://www.transfermarkt.com/angelo-ogbonna/profil/spieler/48002
Sheyi Ojo,https://fbref.com/en/players/7b9a86e6/Sheyi-Ojo,Success,Not found,"June 19, 1997 (Age: 28-159d)","Hemel Hempstead, England, United Kingdom",178cm,England eng,FW-MF (AM-WM),Left,2014-2015,17 years,Wigan Athletic,2014,236510,https://www.transfermarkt.com/sheyi-ojo/profil/spieler/236510
Shinji Okazaki,https://fbref.com/en/players/68796d61/Shinji-Okazaki,Success,Not found,"April 16, 1986",Not found,174cm,Japan,FW-MF,Right,2010-2011,24 years,Stuttgart,2010,79642,https://www.transfermarkt.com/shinji-okazaki/profil/spieler/79642
Josh Onomah,https://fbref.com/en/players/6612cd8c/Josh-Onomah,Success,Not found,"April 27, 1997 (Age: 28-212d)","Enfield, England, United Kingdom",185cm,England eng,FW-MF,Right,2014-2015,17 years,Tottenham,2014,243589,https://www.transfermarkt.com/josh-onomah/profil/spieler/243589
Divock Origi,https://fbref.com/en/players/43a166b4/Divock-Origi,Success,Not found,"April 18, 1995",Not found,186cm,Belgium,FW-MF (WM),Right,2012-2013,17 years,Lille,2012,148368,https://www.transfermarkt.com/divock-origi/profil/spieler/148368
Nicolás Otamendi,https://fbref.com/en/players/0d267745/Nicolas-Otamendi,Success,Not found,"February 12, 1988 (Age: 37-286d)","Buenos Aires, Argentina",183cm,Argentina,DF (CB),Right,2010-2011,22 years,Porto,2010,54781,https://www.transfermarkt.com/nicols-otamendi/profil/spieler/54781
Obbi Oulare,https://fbref.com/en/players/9e49c320/Obbi-Oulare,Success,Not found,"January 8, 1996",Not found,196cm,Belgium,FW,Right,2014-2015,18 years,Club Brugge,2014,314959,https://www.transfermarkt.com/obbi-oulare/profil/spieler/314959
Reece Oxford,https://fbref.com/en/players/8b6e0db2/Reece-Oxford,Success,Not found,"December 16, 1998",Not found,190cm,England eng,DF (CB),Right,2014-2015,15 years,West Ham,2014,314295,https://www.transfermarkt.com/reece-oxford/profil/spieler/314295
Alberto Paloschi,https://fbref.com/en/players/b5cae4e6/Alberto-Paloschi,Success,Not found,"January 4, 1990",Not found,182cm,Italy,FW,Right,2007-2008,17 years,Milan,2007,68306,https://www.transfermarkt.com/alberto-paloschi/profil/spieler/68306
Alexandre Pato,https://fbref.com/en/players/7dd83c7d/Alexandre-Pato,Success,Not found,"September 2, 1989",Not found,181cm,Brazil,FW-MF,Right,2007-2008,17 years,Milan,2007,37579,https://www.transfermarkt.com/alexandre-pato/profil/spieler/37579
Dimitri Payet,https://fbref.com/en/players/58ae47b2/Dimitri-Payet,Success,Not found,"March 29, 1987 (Age: 38-241d)","Saint-Pierre, Réunion",175cm,France fr  Other: Réunion,FW-MF (AM-WM),Right,2005-2006,18 years,Nantes,2005,37647,https://www.transfermarkt.com/dimitri-payet/profil/spieler/37647
Pedro,https://fbref.com/en/players/d66b9872/Pedro-Leon,Success,Not found,"November 24, 1986 (Age: 39-001d)","Mula, Spain",182cm,Spain,"FW-MF (AM-WM, right)",Right,2004-2005,17 years,Real Murcia,2004,65278,https://www.transfermarkt.com/pedro/profil/spieler/65278
Matthew Pennington,https://fbref.com/en/players/0ff967f7/Matthew-Pennington,Success,Not found,"October 6, 1994 (Age: 31-050d)","Warrington, England, United Kingdom",185cm,England eng,DF (CB),Right,2013-2014,18 years,Tranmere Rovers,2013,220755,https://www.transfermarkt.com/matthew-pennington/profil/spieler/220755
Jordan Pickford,https://fbref.com/en/players/4806ec67/Jordan-Pickford,Success,Not found,"March 7, 1994 (Age: 31-263d)","Washington, England, United Kingdom",185cm,England eng,GK,Left,2011-2012,17 years,Darlington,2011,130164,https://www.transfermarkt.com/jordan-pickford/profil/spieler/130164
Ivo Pinto,https://fbref.com/en/players/8d82551b/Ivo-Pinto,Success,Not found,"January 7, 1990 (Age: 35-322d)","Lourosa, Portugal",184cm,Portugal,"DF (FB, right)",Right,2009-2010,19 years,Vitória Setúbal,2009,82281,https://www.transfermarkt.com/ivo-pinto/profil/spieler/82281
Sebastian Prödl,https://fbref.com/en/players/f5e6d08d/Sebastian-Prodl,Success,Not found,"June 21, 1987",Not found,194cm,Austria,DF-MF (CB),Right,2006-2007,19 years,Sturm Graz,2006,37981,https://www.transfermarkt.com/sebastian-prdl/profil/spieler/37981
Marc Pugh,https://fbref.com/en/players/9aacb284/Marc-Pugh,Success,Not found,"April 2, 1987",Not found,180cm,Not found,FW-MF (WM),Right,2005-2006,18 years,Bury,2005,36939,https://www.transfermarkt.com/marc-pugh/profil/spieler/36939
Baba Rahman,https://fbref.com/en/players/e4086af3/Baba-Rahman,Success,Not found,"July 2, 1994 (Age: 31-146d)","Tamale, Ghana",179cm,Ghana,"DF-MF (CB-FB, left)",Left,2012-2013,18 years,Greuther Fürth,2012,224884,https://www.transfermarkt.com/baba-rahman/profil/spieler/224884
Connor Randall,https://fbref.com/en/players/412e1445/Connor-Randall,Success,Not found,"October 21, 1995 (Age: 30-035d)","Liverpool, England, United Kingdom",180cm,England eng,"DF-MF (DM-FB, right)",Right,2014-2015,18 years,Shrewsbury,2014,262545,https://www.transfermarkt.com/connor-randall/profil/spieler/262545
Darren Randolph,https://fbref.com/en/players/6385ebfb/Darren-Randolph,Success,Not found,"May 12, 1987",Not found,188cm,Republic of Ireland,GK,Right,2006-2007,19 years,Gillingham,2006,51321,https://www.transfermarkt.com/darren-randolph/profil/spieler/51321
Tokelo Rantie,https://fbref.com/en/players/7ef25942/Tokelo-Rantie,Success,Not found,"September 8, 1990",Not found,172cm,South Africa,FW,Right,2012,21 years,Malmö,Not found,198495,https://www.transfermarkt.com/tokelo-rantie/profil/spieler/198495
Marcus Rashford,https://fbref.com/en/players/a1d5bd30/Marcus-Rashford,Success,Not found,"October 31, 1997 (Age: 28-025d)","Wythenshawe, England, United Kingdom",180cm,England eng,FW-MF (AM),Right,2015-2016,17 years,Manchester Utd,2015,258923,https://www.transfermarkt.com/marcus-rashford/profil/spieler/258923
Matt Ritchie,https://fbref.com/en/players/71ef519e/Matt-Ritchie,Success,Not found,"September 10, 1989 (Age: 36-076d)","Gosport, England, United Kingdom",173cm,Scotland sct  Other: England,"DF-FW-MF (AM-DM-FB-WM, right)",Left,2008-2009,18 years,Dag & Red,2008,92469,https://www.transfermarkt.com/matt-ritchie/profil/spieler/92469
Tyler Roberts,https://fbref.com/en/players/91ac3046/Tyler-Roberts,Success,Not found,"December 22, 2003 (Age: 21-338d)","England, United Kingdom",Not found,Jamaica jm  Other: England,MF,Not found,2020-2021,16 years,Wolves,2020,296986,https://www.transfermarkt.com/tyler-roberts/profil/spieler/296986
Thomas Robson,https://fbref.com/en/players/a18298ff/Thomas-Robson,Success,Not found,"September 11, 1995 (Age: 30-075d)","Sunderland, England, United Kingdom",178cm,Not found,"DF-MF (FB, left)",Left,2014-2015,18 years,Sunderland,2014,257968,https://www.transfermarkt.com/thomas-robson/profil/spieler/257968
Sergio Romero,https://fbref.com/en/players/af4a9326/Sergio-Esteban-Romero,Success,Not found,"November 22, 1988",Not found,175cm,Not found,FW,Right,2015,26 years,Millonarios,Not found,30690,https://www.transfermarkt.com/sergio-romero/profil/spieler/30690
Salomón Rondón,https://fbref.com/en/players/b318a643/Salomon-Rondon,Success,Not found,"September 16, 1989 (Age: 36-070d)","Caracas, Venezuela",189cm,Venezuela,FW,Right,2008-2009,18 years,Las Palmas,2008,80197,https://www.transfermarkt.com/salomn-rondn/profil/spieler/80197
Jordan Rossiter,https://fbref.com/en/players/0e459095/Jordan-Rossiter,Success,Not found,"March 24, 1997 (Age: 28-246d)","Liverpool, England, United Kingdom",178cm,England eng,MF (CM),Right,2014-2015,17 years,Liverpool,2014,258924,https://www.transfermarkt.com/jordan-rossiter/profil/spieler/258924
Henri Saivet,https://fbref.com/en/players/f3709655/Henri-Saivet,Success,Not found,"October 26, 1990 (Age: 35-030d)",Senegal,174cm,Senegal sn  Other: France,FW-MF (AM-DM-WM),Right,2007-2008,16 years,Bordeaux,2007,51540,https://www.transfermarkt.com/henri-saivet/profil/spieler/51540
Bakary Sako,https://fbref.com/en/players/381d7d54/Bakary-Sako,Success,Not found,"April 26, 1988 (Age: 37-213d)","Ivry-sur-Seine, France",180cm,Mali ml  Other: France,FW-MF (AM-WM),Left,2009-2010,21 years,Saint-Étienne,2009,46791,https://www.transfermarkt.com/bakary-sako/profil/spieler/46791
Bastian Schweinsteiger,https://fbref.com/en/players/ccc22fea/Bastian-Schweinsteiger,Success,Not found,"August 1, 1984",Not found,183cm,Germany,DF-MF (CB),Right,2002-2003,17 years,Bayern Munich,2002,2514,https://www.transfermarkt.com/bastian-schweinsteiger/profil/spieler/2514
Xherdan Shaqiri,https://fbref.com/en/players/6421ec64/Xherdan-Shaqiri,Success,Not found,"October 10, 1991 (Age: 34-046d)","Komuna e Gjilanit, Kosovo",169cm,Switzerland,FW-MF (AM-WM),Left,2009-2010,17 years,Basel,2009,86792,https://www.transfermarkt.com/xherdan-shaqiri/profil/spieler/86792
Cédric Soares,https://fbref.com/en/players/839c14e1/Cedric-Soares,Success,Not found,"August 31, 1991 (Age: 34-086d)","Singen, Germany",169cm,Portugal pt  Other: Germany,"DF-MF (FB, right)",Right,2010-2011,18 years,Sporting CP,2010,112988,https://www.transfermarkt.com/cdric-soares/profil/spieler/112988
Jamie Sterry,https://fbref.com/en/players/f13d0f83/Jamie-Sterry,Success,Not found,"November 21, 1995 (Age: 30-004d)","Newcastle upon Tyne, England, United Kingdom",178cm,Not found,"DF-MF (FB, right)",Right,2014-2015,18 years,Newcastle Utd,2014,250431,https://www.transfermarkt.com/jamie-sterry/profil/spieler/250431
Kevin Stewart,https://fbref.com/en/players/ff674795/Kevin-Stewart,Success,Not found,"September 7, 1993",Not found,182cm,Jamaica jm  Other: England,DF-MF (DM),Right,2012-2013,18 years,Crewe Alexandra,2012,200782,https://www.transfermarkt.com/kevin-stewart/profil/spieler/200782
Mario Suárez,https://fbref.com/en/players/7106f0a0/Mario-Suarez,Success,Not found,"February 24, 1987",Not found,188cm,Spain,MF (DM),Right,2005-2006,18 years,Atlético Madrid,2005,37337,https://www.transfermarkt.com/mario-surez/profil/spieler/37337
Florian Thauvin,https://fbref.com/en/players/2b9fdeea/Florian-Thauvin,Success,Not found,"January 26, 1993 (Age: 32-303d)","Orléans, France",179cm,France,"FW-MF (AM-WM, right)",Left,2010-2011,17 years,Grenoble,2010,184892,https://www.transfermarkt.com/florian-thauvin/profil/spieler/184892
Ola Toivonen,https://fbref.com/en/players/de4fe7a2/Ola-Toivonen,Success,Not found,"July 3, 1986",Not found,190cm,Sweden,FW-MF (AM),Right,2006,19 years,Örgryte,Not found,36500,https://www.transfermarkt.com/ola-toivonen/profil/spieler/36500
Lee Tomlin,https://fbref.com/en/players/ef1739b9/Lee-Tomlin,Success,Not found,"January 12, 1989",Not found,180cm,Not found,FW-MF (AM-WM),Right,2005-2006,16 years,R&D,2005,104586,https://www.transfermarkt.com/lee-tomlin/profil/spieler/104586
Fikayo Tomori,https://fbref.com/en/players/7edfbb8a/Fikayo-Tomori,Success,Not found,"December 19, 1997 (Age: 27-341d)","Calgary, Alberta, Canada",185cm,England eng  Other: Canada,DF (CB),Right,2015-2016,17 years,Chelsea,2015,303254,https://www.transfermarkt.com/fikayo-tomori/profil/spieler/303254
Kevin Toner,https://fbref.com/en/players/e2910435/Kevin-Toner,Success,Not found,"July 18, 1996 (Age: 29-130d)","Ashbourne, Republic of Ireland",180cm,Not found,DF,Right,2015-2016,19 years,Aston Villa,2015,265132,https://www.transfermarkt.com/kevin-toner/profil/spieler/265132
Ivan Toney,https://fbref.com/en/players/e09f279b/Ivan-Toney,Success,Not found,"March 16, 1996 (Age: 29-254d)","Northampton, England, United Kingdom",179cm,England eng,FW,Right,2013-2014,17 years,Northampton,2013,251664,https://www.transfermarkt.com/ivan-toney/profil/spieler/251664
Adama Traoré,https://fbref.com/en/players/9a28eba4/Adama-Traore,Success,Not found,"January 25, 1996 (Age: 29-304d)","l'Hospitalet de Llobregat, Spain",178cm,Spain es  Other: Mali,"FW-MF (AM-WM, right)",Right,2013-2014,17 years,Barcelona,2013,204103,https://www.transfermarkt.com/adama-traor/profil/spieler/204103
Bertrand Traoré,https://fbref.com/en/players/c47541e0/Bertrand-Traore,Success,Not found,"September 6, 1995 (Age: 30-080d)","Bobo-Dioulasso, Burkina Faso",177cm,Burkina Faso,"FW-MF (AM-WM, right)",Left,2013-2014,17 years,Vitesse,2013,131996,https://www.transfermarkt.com/bertrand-traor/profil/spieler/131996
Virgil van Dijk,https://fbref.com/en/players/e06683ca/Virgil-van-Dijk,Success,Not found,"July 8, 1991 (Age: 34-140d)","Breda, Netherlands",193cm,Netherlands,"DF (CB, left)",Right,2010-2011,19 years,Groningen,2010,139208,https://www.transfermarkt.com/virgil-van-dijk/profil/spieler/139208
Guillermo Varela,https://fbref.com/en/players/5c961282/Guillermo-Varela,Success,Not found,"March 24, 1993 (Age: 32-246d)","Montevideo, Uruguay",171cm,Uruguay,"DF (FB, right)",Right,2015-2016,22 years,Manchester Utd,2015,188862,https://www.transfermarkt.com/guillermo-varela/profil/spieler/188862
Jordan Veretout,https://fbref.com/en/players/4a56052c/Jordan-Veretout,Success,Not found,"March 1, 1993 (Age: 32-269d)","Ancenis, France",176cm,France,MF (CM-DM-WM),Right,2010-2011,17 years,Nantes,2010,164771,https://www.transfermarkt.com/jordan-veretout/profil/spieler/164771
Danny Ward,https://fbref.com/en/players/cfb29823/Danny-Ward,Success,Not found,"December 11, 1991 (Age: 33-349d)","Bradford, England, United Kingdom",180cm,Not found,FW-MF (AM-WM),Right,2009-2010,17 years,Bolton,2009,203026,https://www.transfermarkt.com/danny-ward/profil/spieler/203026
Duncan Watmore,https://fbref.com/en/players/2b2bae51/Duncan-Watmore,Success,Not found,"March 8, 1994",Not found,175cm,England eng,FW-MF (AM-WM),Right,2013-2014,19 years,Hibernian,2013,248045,https://www.transfermarkt.com/duncan-watmore/profil/spieler/248045
James Weir,https://fbref.com/en/players/c8d651c1/James-Weir,Success,Not found,"August 4, 1995",Not found,183cm,England eng,MF,Right,2015-2016,19 years,Manchester Utd,2015,251058,https://www.transfermarkt.com/james-weir/profil/spieler/251058
Georginio Wijnaldum,https://fbref.com/en/players/eb58eef0/Georginio-Wijnaldum,Success,Not found,"November 11, 1990 (Age: 35-014d)","Rotterdam, Netherlands",175cm,Netherlands,FW-MF (AM-CM-DM-WM),Right,2006-2007,15 years,Feyenoord,2006,49499,https://www.transfermarkt.com/georginio-wijnaldum/profil/spieler/49499
Callum Wilson,https://fbref.com/en/players/c596fcb0/Callum-Wilson,Success,Not found,"February 27, 1992 (Age: 33-271d)","Coventry, England, United Kingdom",180cm,England eng,FW,Right,2010-2011,18 years,Coventry City,2010,123682,https://www.transfermarkt.com/callum-wilson/profil/spieler/123682
Kevin Wimmer,https://fbref.com/en/players/faf55ce4/Kevin-Wimmer,Success,Not found,"November 15, 1992 (Age: 33-010d)","Wels Stadt, Austria",187cm,Austria,"DF (CB, left)",Left,2012-2013,19 years,Köln,2012,122675,https://www.transfermarkt.com/kevin-wimmer/profil/spieler/122675
