player_name,fbref_url,transfer_url,nationality,career_length,retired,retirement_age,age_current,debut_age,debut_year,injury_count_total,days_missed_total,games_missed_total,total_matches_club,total_matches_total,seasons_club,foot,position_simple,height,debut_age_num,height_clean,debut_year_num,injuries_per_season,foot_clean,event,debut_band,height_group,inj_band,debut_decade,nationality_clean,region
Óliver Torres,https://fbref.com/en/players/58a9a4d9/Oliver-Torres,https://www.transfermarkt.com/oliver-torres/profil/spieler/214775,Spain,15,No,NA,30,17,2012,8,254,42,436,436,0,right,Midfield,1.75,17,1.75,2012,0,right,0,"[15,18)","[1.6,1.78]","(3,8]",2010s,Spain,EU_Major
Óscar,https://fbref.com/en/players/627650df/Oscar,https://www.transfermarkt.com/oscar-gonzalez/profil/spieler/7818,Spain,16,Yes,34,42,18,2001,2,42,6,449,449,0,right,Attack,1.75,18,1.75,2001,0,right,1,"[18,21)","[1.6,1.78]","[1,3]",2000s,Spain,EU_Major
Óscar Díaz,https://fbref.com/en/players/5a5ed410/Oscar-Diaz,https://www.transfermarkt.com/oscar-diaz/profil/spieler/30802,Spain,20,No,NA,41,21,2005,1,7,1,307,307,0,right,Attack,1.83,21,1.83,2005,0,right,0,"[21,24)","(1.78,1.83]","[1,3]",2000s,Spain,EU_Major
Óscar de Marcos,https://fbref.com/en/players/9f323c71/Oscar-de-Marcos,https://www.transfermarkt.com/oscar-de-marcos/profil/spieler/96718,Spain,17,Yes,36,36,19,2008,25,668,91,557,557,0,right,Defender,1.82,19,1.82,2008,0,right,1,"[18,21)","(1.78,1.83]","(8,56]",2000s,Spain,EU_Major
Óscar Serrano,https://fbref.com/en/players/c862ecc5/Oscar-Serrano,https://www.transfermarkt.com/oscar-serrano/profil/spieler/26373,Spain,11,Yes,33,43,22,2004,2,396,44,235,235,0,left,Midfield,1.78,22,1.78,2004,0,left,1,"[21,24)","[1.6,1.78]","[1,3]",2000s,Spain,EU_Major
Óscar Trejo,https://fbref.com/en/players/fc647b34/Oscar-Trejo,https://www.transfermarkt.com/oscar-trejo/profil/spieler/30321,Argentina  Italy,21,No,NA,37,17,2006,5,75,12,589,589,0,right,Attack,1.8,17,1.8,2006,0,right,0,"[15,18)","(1.78,1.83]","(3,8]",2000s,Argentina Italy,EU_Major
Óscar Ustari,https://fbref.com/en/players/40e417fa/Oscar-Ustari,https://www.transfermarkt.com/oscar-ustari/profil/spieler/3755,Argentina  Italy,21,No,NA,39,19,2007,8,840,131,304,304,0,right,Goalkeeper,1.83,19,1.83,2007,0,right,0,"[18,21)","(1.78,1.83]","(3,8]",2000s,Argentina Italy,EU_Major
Éric Abidal,https://fbref.com/en/players/016828bd/Eric-Abidal,https://www.transfermarkt.com/eric-abidal/profil/spieler/5283,France  Martinique,15,Yes,36,45,21,2000,10,583,125,381,415,8,left,Defender,1.86,21,1.86,2000,1.25,left,1,"[21,24)","(1.83,2]","(8,56]",2000s,France Martinique,EU_Major
Éver Banega,https://fbref.com/en/players/fa937f7a/Ever-Banega,https://www.transfermarkt.com/ever-banega/profil/spieler/12249,Argentina  Spain,19,No,NA,37,19,2007,9,350,67,599,636,8,right,Midfield,1.74,19,1.74,2007,1.125,right,0,"[18,21)","[1.6,1.78]","(8,56]",2000s,Argentina Spain,EU_Major
Íñigo López,https://fbref.com/en/players/8c61ca86/Inigo-Lopez,https://www.transfermarkt.com/inigo-lopez/profil/spieler/75238,Spain,11,Yes,39,43,28,2010,NA,NA,NA,196,196,0,right,Defender,1.85,28,1.85,2010,0,right,1,"[24,30]","(1.83,2]",NA,2010s,Spain,EU_Major
Ádám Pintér,https://fbref.com/en/players/fdbcd938/Adam-Pinter,https://www.transfermarkt.com/adam-pinter/profil/spieler/63209,Hungary,15,Yes,33,37,18,2006,8,162,25,242,262,7,right,Defender,1.9,18,1.9,2006,1.142857143,right,1,"[18,21)","(1.83,2]","(3,8]",2000s,Hungary,Rest_of_World
Álex Bergantiños,https://fbref.com/en/players/65ea8868/Alex-Bergantinos,https://www.transfermarkt.com/alex-bergantinos/profil/spieler/72189,Spain,15,Yes,38,40,23,2009,2,28,4,316,316,0,right,Midfield,1.76,23,1.76,2009,0,right,1,"[21,24)","[1.6,1.78]","[1,3]",2000s,Spain,EU_Major
Álex Fernández,https://fbref.com/en/players/aa677a35/Alex-Fernandez,https://www.transfermarkt.com/alex-fernandez/profil/spieler/89733,Spain,15,No,NA,32,18,2010,NA,NA,NA,259,259,0,right,Midfield,1.83,18,1.83,2010,0,right,0,"[18,21)","(1.78,1.83]",NA,2010s,Spain,EU_Major
Álex Gálvez,https://fbref.com/en/players/960fb42d/Alex-Galvez,https://www.transfermarkt.com/alejandro-galvez/profil/spieler/128488,Spain,15,No,NA,36,22,2011,13,243,27,201,201,0,right,Defender,1.9,22,1.9,2011,0,right,0,"[21,24)","(1.83,2]","(8,56]",2010s,Spain,EU_Major
Álex López,https://fbref.com/en/players/30b44896/Alex-Lopez,https://www.transfermarkt.com/alex-lopez/profil/spieler/127457,Spain,20,Yes,37,37,17,2009,1,197,27,312,312,0,right,Midfield,1.78,17,1.78,2009,0,right,1,"[15,18)","[1.6,1.78]","[1,3]",2000s,Spain,EU_Major
Álex Martínez,https://fbref.com/en/players/e1c805cf/Alex-Martinez,https://www.transfermarkt.com/alex-martinez/profil/spieler/186891,Spain,16,No,NA,34,20,2010,5,515,64,181,181,0,left,Defender,1.76,20,1.76,2010,0,left,0,"[18,21)","[1.6,1.78]","(3,8]",2010s,Spain,EU_Major
Álex Menéndez,https://fbref.com/en/players/ddab8ee4/Alex-Menendez,https://www.transfermarkt.com/alex-menendez/profil/spieler/175921,Spain,14,No,NA,34,20,2011,3,129,9,117,117,0,left,Defender,1.81,20,1.81,2011,0,left,0,"[18,21)","(1.78,1.83]","[1,3]",2010s,Spain,EU_Major
Álex Moreno,https://fbref.com/en/players/16e9d0ea/Alex-Moreno,https://www.transfermarkt.com/alex-moreno/profil/spieler/193098,Spain,13,No,NA,32,20,2013,12,344,35,396,396,0,left,Defender,1.79,20,1.79,2013,0,left,0,"[18,21)","(1.78,1.83]","(8,56]",2010s,Spain,EU_Major
Álex Pérez,https://fbref.com/en/players/8dac6f70/Alex-Perez,https://www.transfermarkt.com/alex-perez/profil/spieler/167830,Spain,12,Yes,32,33,20,2011,5,472,57,190,190,0,right,Defender,1.9,20,1.9,2011,0,right,1,"[18,21)","(1.83,2]","(3,8]",2010s,Spain,EU_Major
Álex Rubio,https://fbref.com/en/players/c8c36c4f/Alex-Rubio,https://www.transfermarkt.com/alex-rubio/profil/spieler/221658,Spain,14,No,NA,32,19,2012,NA,NA,NA,3,3,0,right,Attack,1.85,19,1.85,2012,0,right,0,"[18,21)","(1.83,2]",NA,2010s,Spain,EU_Major
Álvaro Arbeloa,https://fbref.com/en/players/6dc73abd/Alvaro-Arbeloa,https://www.transfermarkt.com/alvaro-arbeloa/profil/spieler/28260,Spain,13,Yes,34,42,21,2004,7,373,73,347,375,8,right,Defender,1.84,21,1.84,2004,0.875,right,1,"[21,24)","(1.83,2]","(3,8]",2000s,Spain,EU_Major
Álvaro Arroyo,https://fbref.com/en/players/b2fa39c5/Alvaro-Arroyo,https://www.transfermarkt.com/alvaro-arroyo/profil/spieler/138662,Spain,10,Yes,33,37,23,2011,NA,NA,NA,179,179,0,right,Defender,1.8,23,1.8,2011,0,right,1,"[21,24)","(1.78,1.83]",NA,2010s,Spain,EU_Major
Álvaro Cejudo,https://fbref.com/en/players/a39b23eb/Alvaro-Cejudo,https://www.transfermarkt.com/alvaro-cejudo/profil/spieler/72779,Spain,12,Yes,37,41,25,2009,9,172,26,294,294,0,right,Attack,1.76,25,1.76,2009,0,right,1,"[24,30]","[1.6,1.78]","(8,56]",2000s,Spain,EU_Major
Álvaro García,https://fbref.com/en/players/90bbd822/Alvaro-Garcia,https://www.transfermarkt.com/alvaro-garcia/profil/spieler/257062,Spain,13,No,NA,32,20,2013,2,113,16,392,392,0,both,Attack,1.67,20,1.67,2013,0,both,0,"[18,21)","[1.6,1.78]","[1,3]",2010s,Spain,EU_Major
Álvaro Giménez,https://fbref.com/en/players/18017beb/Alvaro-Gimenez,https://www.transfermarkt.com/alvaro-gimenez/profil/spieler/57935,Spain,18,No,NA,34,16,2007,3,272,31,372,372,0,left,Attack,1.83,16,1.83,2007,0,left,0,"[15,18)","(1.78,1.83]","[1,3]",2000s,Spain,EU_Major
Álvaro González,https://fbref.com/en/players/42dcf26d/Alvaro-Gonzalez,https://www.transfermarkt.com/alvaro-gonzalez/profil/spieler/183647,Spain,15,No,NA,35,21,2010,7,86,12,399,399,0,right,Defender,1.82,21,1.82,2010,0,right,0,"[21,24)","(1.78,1.83]","(3,8]",2010s,Spain,EU_Major
Álvaro Medrán,https://fbref.com/en/players/31223bcf/Alvaro-Medran,https://www.transfermarkt.com/alvaro-medran/profil/spieler/253839,Spain,12,No,NA,31,19,2013,7,433,34,173,173,0,right,Midfield,1.77,19,1.77,2013,0,right,0,"[18,21)","[1.6,1.78]","(3,8]",2010s,Spain,EU_Major
Álvaro Morata,https://fbref.com/en/players/129af0db/Alvaro-Morata,https://www.transfermarkt.com/alvaro-morata/profil/spieler/128223,Spain,16,No,NA,32,18,2010,28,386,67,560,647,23,right,Attack,1.89,18,1.89,2010,1.217391304,right,0,"[18,21)","(1.83,2]","(8,56]",2010s,Spain,EU_Major
Álvaro Negredo,https://fbref.com/en/players/63b0ca6b/Alvaro-Negredo,https://www.transfermarkt.com/alvaro-negredo/profil/spieler/18644,Spain,20,Yes,40,39,20,2005,9,216,42,594,603,5,left,Attack,1.86,20,1.86,2005,1.8,left,1,"[18,21)","(1.83,2]","(8,56]",2000s,Spain,EU_Major
Álvaro Rubio,https://fbref.com/en/players/149770b8/Alvaro-Rubio,https://www.transfermarkt.com/alvaro-rubio/profil/spieler/8323,Spain,18,Yes,38,46,20,2001,1,25,6,444,444,0,right,Midfield,1.8,20,1.8,2001,0,right,1,"[18,21)","(1.78,1.83]","[1,3]",2000s,Spain,EU_Major
Álvaro Vázquez,https://fbref.com/en/players/d2d8675a/Alvaro-Vazquez,https://www.transfermarkt.com/alvaro-vazquez/profil/spieler/141835,Spain,15,No,NA,34,19,2010,8,336,38,332,332,0,right,Attack,1.82,19,1.82,2010,0,right,0,"[18,21)","(1.78,1.83]","(3,8]",2010s,Spain,EU_Major
Álvaro Vadillo,https://fbref.com/en/players/61b62b33/Alvaro-Vadillo,https://www.transfermarkt.com/alvaro-vadillo/profil/spieler/162074,Spain,16,No,NA,30,16,2011,9,585,77,242,242,0,right,Attack,1.8,16,1.8,2011,0,right,0,"[15,18)","(1.78,1.83]","(8,56]",2010s,Spain,EU_Major
Ángel Dealbert,https://fbref.com/en/players/8242a7ad/Angel-Dealbert,https://www.transfermarkt.com/angel-dealbert/profil/spieler/51420,Spain,13,Yes,35,42,22,2005,NA,NA,NA,291,291,0,right,Defender,1.85,22,1.85,2005,0,right,1,"[21,24)","(1.83,2]",NA,2000s,Spain,EU_Major
Ángel Di María,https://fbref.com/en/players/19cda00b/Angel-Di-Maria,https://www.transfermarkt.com/angel-di-maria/profil/spieler/45320,Argentina  Italy,21,No,NA,37,17,2007,51,748,146,721,810,17,left,Attack,1.78,17,1.78,2007,3,left,0,"[15,18)","[1.6,1.78]","(8,56]",2000s,Argentina Italy,EU_Major
Ángel López,https://fbref.com/en/players/93cdc601/Angel-Lopez,https://www.transfermarkt.com/angel-lopez/profil/spieler/15500,Spain,16,Yes,35,44,19,2000,2,339,59,460,461,1,right,Defender,1.8,19,1.8,2000,2,right,1,"[18,21)","(1.78,1.83]","[1,3]",2000s,Spain,EU_Major
Ángel Lafita,https://fbref.com/en/players/0b68c35a/Angel-Lafita,https://www.transfermarkt.com/angel-lafita/profil/spieler/35562,Spain,13,Yes,34,40,21,2005,4,223,34,281,281,0,right,Attack,1.88,21,1.88,2005,0,right,1,"[21,24)","(1.83,2]","(3,8]",2000s,Spain,EU_Major
Ángel Rodríguez,https://fbref.com/en/players/8cfc2f69/Angel-Rodriguez,https://www.transfermarkt.com/angel-rodriguez/profil/spieler/51510,Spain,20,No,NA,38,18,2005,5,100,12,574,574,0,right,Attack,1.71,18,1.71,2005,0,right,0,"[18,21)","[1.6,1.78]","(3,8]",2000s,Spain,EU_Major
Ángel Trujillo,https://fbref.com/en/players/08011c9c/Angel-Trujillo,https://www.transfermarkt.com/angel-trujillo/profil/spieler/101742,Spain,8,Yes,32,37,24,2011,2,102,14,160,160,0,right,Defender,1.77,24,1.77,2011,0,right,1,"[24,30]","[1.6,1.78]","[1,3]",2010s,Spain,EU_Major
Aarón Ñíguez,https://fbref.com/en/players/5d720396/Aaron-Niguez,https://www.transfermarkt.com/aaron-niguez/profil/spieler/57943,Spain,15,Yes,33,36,18,2007,5,278,59,267,267,0,both,Attack,1.7,18,1.7,2007,0,both,1,"[18,21)","[1.6,1.78]","(3,8]",2000s,Spain,EU_Major
Abdón Prats,https://fbref.com/en/players/d1b060e2/Abdon-Prats,https://www.transfermarkt.com/abdon-prats/profil/spieler/177452,Spain,15,No,NA,32,19,2011,2,54,5,282,282,0,left,Attack,1.81,19,1.81,2011,0,left,0,"[18,21)","(1.78,1.83]","[1,3]",2010s,Spain,EU_Major
Abdelaziz Barrada,https://fbref.com/en/players/89dac314/Abdelaziz-Barrada,https://www.transfermarkt.com/abdelaziz-barrada/profil/spieler/93664,Morocco  France,10,No,NA,36,25,2011,6,216,31,116,134,5,right,Attack,1.79,25,1.79,2011,1.2,right,0,"[24,30]","(1.78,1.83]","(3,8]",2010s,Morocco France,EU_Major
Abdelkader Ghezzal,https://fbref.com/en/players/9152a181/Abdelkader-Ghezzal,https://www.transfermarkt.com/abdelkader-ghezzal/profil/spieler/76406,Algeria  France,12,Yes,32,40,20,2005,5,323,53,197,205,2,right,Attack,1.83,20,1.83,2005,2.5,right,1,"[18,21)","(1.78,1.83]","(3,8]",2000s,Algeria France,EU_Major
Abdelkader Oueslati,https://fbref.com/en/players/dc90d163/Abdelkader-Oueslati,https://www.transfermarkt.com/abdelkader-oueslati/profil/spieler/220805,Tunisia  France,14,No,NA,33,20,2012,5,212,34,75,77,2,right,Midfield,1.82,20,1.82,2012,2.5,right,0,"[18,21)","(1.78,1.83]","(3,8]",2010s,Tunisia France,EU_Major
Abdoul Sissoko,https://fbref.com/en/players/f7288611/Abdoul-Sissoko,https://www.transfermarkt.com/abdoul-wahid-sissoko/profil/spieler/83368,Mali  France,18,No,NA,35,18,2010,1,8,1,267,267,0,left,Midfield,1.8,18,1.8,2010,0,left,0,"[18,21)","(1.78,1.83]","[1,3]",2010s,Mali France,EU_Major
Abdoulay Konko,https://fbref.com/en/players/43857861/Abdoulay-Konko,https://www.transfermarkt.com/abdoulay-konko/profil/spieler/22139,France  Morocco,13,Yes,33,41,20,2004,35,737,121,324,324,0,right,Defender,1.84,20,1.84,2004,0,right,1,"[18,21)","(1.83,2]","(8,56]",2000s,France Morocco,EU_Major
Abdoulaye Ba,https://fbref.com/en/players/1f54ed90/Abdoulaye-Ba,https://www.transfermarkt.com/abdoulaye-ba/profil/spieler/106837,Senegal  Portugal,16,No,NA,34,19,2011,6,176,28,189,191,1,right,Defender,1.97,19,1.97,2011,6,right,0,"[18,21)","(1.83,2]","(3,8]",2010s,Senegal Portugal,EU_Major
Abel Aguilar,https://fbref.com/en/players/6936b41b/Abel-Aguilar,https://www.transfermarkt.com/abel-aguilar/profil/spieler/37388,Colombia,14,Yes,35,40,21,2005,4,79,14,364,393,8,right,Midfield,1.85,21,1.85,2005,0.5,right,1,"[21,24)","(1.83,2]","(3,8]",2000s,Colombia,Rest_of_World
Abel Gómez Moreno,https://fbref.com/en/players/b09801d8/Abel-Gomez-Moreno,https://www.transfermarkt.com/abel-gomez/profil/spieler/29065,Spain,15,Yes,37,43,22,2004,1,25,0,371,371,0,right,Midfield,1.81,22,1.81,2004,0,right,1,"[21,24)","(1.78,1.83]","[1,3]",2000s,Spain,EU_Major
Abraham González,https://fbref.com/en/players/682bd745/Abraham-Gonzalez,https://www.transfermarkt.com/abraham-gonzalez/profil/spieler/65243,Spain,19,Yes,38,40,19,2004,3,216,33,313,313,0,right,Midfield,1.75,19,1.75,2004,0,right,1,"[18,21)","[1.6,1.78]","[1,3]",2000s,Spain,EU_Major
Abraham Minero,https://fbref.com/en/players/ce2c56fc/Abraham-Minero,https://www.transfermarkt.com/abraham-minero/profil/spieler/95483,Spain,15,No,NA,39,24,2010,4,158,24,250,250,0,left,Defender,1.75,24,1.75,2010,0,left,0,"[24,30]","[1.6,1.78]","(3,8]",2010s,Spain,EU_Major
Abraham Paz,https://fbref.com/en/players/15ec0042/Abraham-Paz,https://www.transfermarkt.com/abraham-paz/profil/spieler/29137,Spain,16,Yes,40,46,24,2003,1,32,6,292,292,0,right,Defender,1.78,24,1.78,2003,0,right,1,"[24,30]","[1.6,1.78]","[1,3]",2000s,Spain,EU_Major
Adama Traoré,https://fbref.com/en/players/9a28eba4/Adama-Traore,https://www.transfermarkt.com/adama-traore/profil/spieler/204103,Spain  Mali,13,No,NA,29,17,2013,15,368,61,422,430,4,right,Attack,1.78,17,1.78,2013,3.75,right,0,"[15,18)","[1.6,1.78]","(8,56]",2010s,Spain Mali,EU_Major
Adil Rami,https://fbref.com/en/players/8dbff17c/Adil-Rami,https://www.transfermarkt.com/adil-rami/profil/spieler/51118,France  Morocco,17,Yes,38,39,21,2006,22,530,90,478,501,9,right,Defender,1.91,21,1.91,2006,2.444444444,right,1,"[21,24)","(1.83,2]","(8,56]",2000s,France Morocco,EU_Major
Adri Embarba,https://fbref.com/en/players/db8f0eba/Adri-Embarba,https://www.transfermarkt.com/adrian-embarba/profil/spieler/288318,Spain,13,No,NA,33,21,2013,4,91,11,401,401,0,right,Attack,1.73,21,1.73,2013,0,right,0,"[21,24)","[1.6,1.78]","(3,8]",2010s,Spain,EU_Major
Adrià Carmona,https://fbref.com/en/players/9e95dc9e/Adria-Carmona,https://www.transfermarkt.com/adria-carmona/profil/spieler/73858,Spain,8,Yes,29,33,21,2012,3,344,42,60,60,0,left,Attack,1.71,21,1.71,2012,0,left,1,"[21,24)","[1.6,1.78]","[1,3]",2010s,Spain,EU_Major
Adrián,https://fbref.com/en/players/f76e6b4e/Adrian,https://www.transfermarkt.com/adrian/profil/spieler/71271,Spain,14,No,NA,38,25,2012,2,42,11,224,224,0,right,Goalkeeper,1.9,25,1.9,2012,0,right,0,"[24,30]","(1.83,2]","[1,3]",2010s,Spain,EU_Major
Adrián Colunga,https://fbref.com/en/players/2212dd4e/Adrian-Colunga,https://www.transfermarkt.com/adrian-colunga/profil/spieler/57866,Spain,12,Yes,34,40,22,2007,4,99,14,234,234,0,right,Attack,1.72,22,1.72,2007,0,right,1,"[21,24)","[1.6,1.78]","(3,8]",2000s,Spain,EU_Major
Adrián González,https://fbref.com/en/players/57ebd662/Adrian-Gonzalez,https://www.transfermarkt.com/adrian-gonzalez/profil/spieler/44073,Spain,16,Yes,34,37,18,2006,7,188,39,437,437,0,left,Midfield,1.84,18,1.84,2006,0,left,1,"[18,21)","(1.83,2]","(3,8]",2000s,Spain,EU_Major
Adrián Gunino,https://fbref.com/en/players/05652d7c/Adrian-Gunino,https://www.transfermarkt.com/adrian-gunino/profil/spieler/76699,Uruguay,9,Yes,28,36,19,2010,1,10,1,93,93,0,right,Defender,1.72,19,1.72,2010,0,right,1,"[18,21)","[1.6,1.78]","[1,3]",2010s,Uruguay,South_America
Adrián López,https://fbref.com/en/players/88a359d4/Adrian-Lopez,https://www.transfermarkt.com/adrian-lopez/profil/spieler/45383,Spain,17,Yes,35,37,18,2006,8,384,72,406,406,0,right,Attack,1.83,18,1.83,2006,0,right,1,"[18,21)","(1.78,1.83]","(3,8]",2000s,Spain,EU_Major
Adrián Lois,https://fbref.com/en/players/4337da46/Adrian-Lois,https://www.transfermarkt.com/adrian-lois/profil/spieler/152985,Spain,16,No,NA,36,21,2009,NA,NA,NA,3,3,0,right,Attack,1.76,21,1.76,2009,0,right,0,"[21,24)","[1.6,1.78]",NA,2000s,Spain,EU_Major
Adrián Marín,https://fbref.com/en/players/b7f2edff/Adrian-Marin,https://www.transfermarkt.com/adrian-marin/profil/spieler/295414,Spain,12,No,NA,28,17,2014,5,322,47,173,173,0,left,Defender,1.78,17,1.78,2014,0,left,0,"[15,18)","[1.6,1.78]","(3,8]",2010s,Spain,EU_Major
Adrián Sardinero,https://fbref.com/en/players/51e9bb3f/Adrian-Sardinero,https://www.transfermarkt.com/adrian-sardinero/profil/spieler/125870,Spain,15,No,NA,34,20,2010,1,80,5,169,169,0,right,Attack,1.75,20,1.75,2010,0,right,0,"[18,21)","[1.6,1.78]","[1,3]",2010s,Spain,EU_Major
Adriano,https://fbref.com/en/players/9d8586c4/Adriano,https://www.transfermarkt.com/adriano/profil/spieler/34495,Brazil  Spain,21,Yes,38,40,17,2004,25,456,59,492,492,0,both,Defender,1.72,17,1.72,2004,0,both,1,"[15,18)","[1.6,1.78]","(8,56]",2000s,Brazil Spain,EU_Major
Ager Aketxe,https://fbref.com/en/players/c5eaff5c/Ager-Aketxe,https://www.transfermarkt.com/ager-aketxe/profil/spieler/158057,Spain,12,No,NA,31,20,2014,8,453,69,302,302,0,left,Attack,1.74,20,1.74,2014,0,left,0,"[18,21)","[1.6,1.78]","(3,8]",2010s,Spain,EU_Major
Agustín Pastoriza,https://fbref.com/en/players/66dd8945/Agustin-Pastoriza,https://www.transfermarkt.com/agustin-pastoriza/profil/spieler/336103,Argentina  Spain,12,No,NA,29,18,2013,NA,NA,NA,1,1,0,left,Attack,1.77,18,1.77,2013,0,left,0,"[18,21)","[1.6,1.78]",NA,2010s,Argentina Spain,EU_Major
Aitor Núñez,https://fbref.com/en/players/511e3986/Aitor-Nunez,https://www.transfermarkt.com/aitor-nunez/profil/spieler/71989,Spain,14,Yes,35,37,21,2009,NA,NA,NA,17,17,0,right,Defender,1.76,21,1.76,2009,0,right,1,"[21,24)","[1.6,1.78]",NA,2000s,Spain,EU_Major
Aitor Ocio,https://fbref.com/en/players/f1c8639b/Aitor-Ocio,https://www.transfermarkt.com/aitor-ocio/profil/spieler/7615,Spain,15,Yes,36,48,21,2000,3,201,44,196,196,0,right,Defender,1.87,21,1.87,2000,0,right,1,"[21,24)","(1.83,2]","[1,3]",2000s,Spain,EU_Major
Akihiro Ienaga,https://fbref.com/en/players/69dab98d/Akihiro-Ienaga,https://www.transfermarkt.com/akihiro-ienaga/profil/spieler/86167,Japan,21,No,NA,39,18,2010,5,189,31,358,358,0,left,Attack,1.73,18,1.73,2010,0,left,0,"[18,21)","[1.6,1.78]","(3,8]",2010s,Japan,Rest_of_World
Alan Hutton,https://fbref.com/en/players/688ae34c/Alan-Hutton,https://www.transfermarkt.com/alan-hutton/profil/spieler/9619,Scotland,18,Yes,36,40,18,2002,7,2626,65,406,442,9,right,Defender,1.85,18,1.85,2002,0.777777778,right,1,"[18,21)","(1.83,2]","(3,8]",2000s,Scotland,UK_Ireland
Albert Crusat,https://fbref.com/en/players/ba027002/Albert-Crusat,https://www.transfermarkt.com/albert-crusat/profil/spieler/51536,Spain,12,Yes,32,43,20,2002,3,351,52,258,258,0,left,Attack,1.6,20,1.6,2002,0,left,1,"[18,21)","[1.6,1.78]","[1,3]",2000s,Spain,EU_Major
Albert Luque,https://fbref.com/en/players/80a6b1d8/Albert-Luque,https://www.transfermarkt.com/albert-luque/profil/spieler/7506,Spain,13,Yes,33,47,20,1998,1,29,6,326,335,3,left,Attack,1.83,20,1.83,1998,0.333333333,left,1,"[18,21)","(1.78,1.83]","[1,3]",1990s,Spain,EU_Major
Alberto Botía,https://fbref.com/en/players/7f6bff1f/Alberto-Botia,https://www.transfermarkt.com/alberto-botia/profil/spieler/53077,Spain,17,No,NA,36,20,2008,12,361,61,322,322,0,right,Defender,1.88,20,1.88,2008,0,right,0,"[18,21)","(1.83,2]","(8,56]",2000s,Spain,EU_Major
Alberto Bueno,https://fbref.com/en/players/9b878773/Alberto-Bueno,https://www.transfermarkt.com/alberto-bueno/profil/spieler/45335,Spain,16,Yes,34,37,18,2006,4,218,23,309,309,0,right,Attack,1.78,18,1.78,2006,0,right,1,"[18,21)","[1.6,1.78]","(3,8]",2000s,Spain,EU_Major
Alberto de la Bella,https://fbref.com/en/players/8497faf7/Alberto-de-la-Bella,https://www.transfermarkt.com/alberto-de-la-bella/profil/spieler/73319,Spain,15,Yes,37,39,22,2008,13,455,71,350,350,0,left,Defender,1.82,22,1.82,2008,0,left,1,"[21,24)","(1.78,1.83]","(8,56]",2000s,Spain,EU_Major
Alberto Lopo,https://fbref.com/en/players/17cd5bb7/Alberto-Lopo,https://www.transfermarkt.com/alberto-lopo/profil/spieler/7881,Spain,20,Yes,38,45,18,1998,3,107,19,452,452,0,right,Defender,1.86,18,1.86,1998,0,right,1,"[18,21)","(1.83,2]","[1,3]",1990s,Spain,EU_Major
Alberto Lora,https://fbref.com/en/players/723cd8b7/Alberto-Lora,https://www.transfermarkt.com/alberto-lora/profil/spieler/57816,Spain,18,No,NA,38,20,2007,6,301,34,258,258,0,right,Midfield,1.64,20,1.64,2007,0,right,0,"[18,21)","[1.6,1.78]","(3,8]",2000s,Spain,EU_Major
Alberto Moreno,https://fbref.com/en/players/11b9265b/Alberto-Moreno,https://www.transfermarkt.com/alberto-moreno/profil/spieler/207917,Spain,14,No,NA,33,19,2011,11,683,107,345,348,3,left,Defender,1.71,19,1.71,2011,3.666666667,left,0,"[18,21)","[1.6,1.78]","(8,56]",2010s,Spain,EU_Major
Alberto Noguera,https://fbref.com/en/players/8a46f4c8/Alberto-Noguera,https://www.transfermarkt.com/alberto-noguera/profil/spieler/185401,Spain,15,No,NA,35,21,2010,2,118,18,158,158,0,both,Attack,1.75,21,1.75,2010,0,both,0,"[21,24)","[1.6,1.78]","[1,3]",2010s,Spain,EU_Major
Alberto Perea,https://fbref.com/en/players/5496cc91/Alberto-Perea,https://www.transfermarkt.com/alberto-perea/profil/spieler/99559,Spain,17,No,NA,34,18,2011,8,258,37,194,194,0,right,Attack,1.8,18,1.8,2011,0,right,0,"[18,21)","(1.78,1.83]","(3,8]",2010s,Spain,EU_Major
Alberto Rivera,https://fbref.com/en/players/7002b605/Alberto-Rivera,https://www.transfermarkt.com/alberto-rivera/profil/spieler/23306,Spain,19,Yes,36,47,17,1994,NA,NA,NA,421,421,0,both,Midfield,1.67,17,1.67,1994,0,both,1,"[15,18)","[1.6,1.78]",NA,1990s,Spain,EU_Major
Aldo Duscher,https://fbref.com/en/players/44944ca7/Aldo-Duscher,https://www.transfermarkt.com/aldo-duscher/profil/spieler/3954,Argentina  Austria,14,Yes,33,46,19,2000,2,42,9,286,286,0,right,Midfield,1.8,19,1.8,2000,0,right,1,"[18,21)","(1.78,1.83]","[1,3]",2000s,Argentina Austria,South_America
Aleix Vidal,https://fbref.com/en/players/04965583/Aleix-Vidal,https://www.transfermarkt.com/aleix-vidal/profil/spieler/88490,Spain,15,Yes,34,35,19,2008,9,281,57,349,350,2,right,Attack,1.77,19,1.77,2008,4.5,right,1,"[18,21)","[1.6,1.78]","(8,56]",2000s,Spain,EU_Major
Alejandro Alfaro,https://fbref.com/en/players/7c293728/Alejandro-Alfaro,https://www.transfermarkt.com/alejandro-alfaro/profil/spieler/39783,Spain,15,Yes,34,38,19,2005,2,282,43,351,351,0,right,Attack,1.75,19,1.75,2005,0,right,1,"[18,21)","[1.6,1.78]","[1,3]",2000s,Spain,EU_Major
Alejandro Arribas,https://fbref.com/en/players/cc29324e/Alejandro-Arribas,https://www.transfermarkt.com/alejandro-arribas/profil/spieler/137174,Spain,17,No,NA,36,20,2009,7,118,19,365,365,0,right,Defender,1.82,20,1.82,2009,0,right,0,"[18,21)","(1.78,1.83]","(3,8]",2000s,Spain,EU_Major
Alejandro Martinuccio,https://fbref.com/en/players/72b206f3/Alejandro-Martinuccio,https://www.transfermarkt.com/alejandro-martinuccio/profil/spieler/68558,Argentina  Italy,16,Yes,37,37,21,2011,2,93,15,63,63,0,left,Attack,1.74,21,1.74,2011,0,left,1,"[21,24)","[1.6,1.78]","[1,3]",2010s,Argentina Italy,EU_Major
Alejandro Pozuelo,https://fbref.com/en/players/5e1280ff/Alejandro-Pozuelo,https://www.transfermarkt.com/alejandro-pozuelo/profil/spieler/188853,Spain,14,No,NA,33,20,2011,4,344,39,362,362,0,both,Attack,1.72,20,1.72,2011,0,both,0,"[18,21)","[1.6,1.78]","(3,8]",2010s,Spain,EU_Major
Aleksandar Pantić,https://fbref.com/en/players/70e5566a/Aleksandar-Pantic,https://www.transfermarkt.com/aleksandar-pantic/profil/spieler/167093,Serbia,15,No,NA,33,19,2010,5,145,19,151,151,0,right,Defender,1.88,19,1.88,2010,0,right,0,"[18,21)","(1.83,2]","(3,8]",2010s,Serbia,Rest_of_World
Alessio Cerci,https://fbref.com/en/players/5370cba7/Alessio-Cerci,https://www.transfermarkt.com/alessio-cerci/profil/spieler/21748,Italy,20,Yes,36,38,16,2003,28,987,132,298,306,6,left,Attack,1.8,16,1.8,2003,4.666666667,left,1,"[15,18)","(1.78,1.83]","(8,56]",2000s,Italy,EU_Major
Alex Felip,https://fbref.com/en/players/90c022f3/Alex-Felip,https://www.transfermarkt.com/alex-felip/profil/spieler/285957,Spain,12,No,NA,33,22,2014,1,214,20,22,22,0,right,Midfield,1.8,22,1.8,2014,0,right,0,"[21,24)","(1.78,1.83]","[1,3]",2010s,Spain,EU_Major
Alexandre Coeff,https://fbref.com/en/players/c4065f40/Alexandre-Coeff,https://www.transfermarkt.com/alexandre-coeff/profil/spieler/89450,France  Algeria,14,No,NA,33,19,2010,NA,NA,NA,315,315,0,right,Defender,1.85,19,1.85,2010,0,right,0,"[18,21)","(1.83,2]",NA,2010s,France Algeria,EU_Major
Alexandre Geijo,https://fbref.com/en/players/c0787e61/Alexandre-Geijo,https://www.transfermarkt.com/alex-geijo/profil/spieler/15981,Spain  Switzerland,21,Yes,39,43,18,2002,5,371,45,417,417,0,both,Attack,1.88,18,1.88,2002,0,both,1,"[18,21)","(1.83,2]","(3,8]",2000s,Spain Switzerland,EU_Major
Alexandre Song,https://fbref.com/en/players/1c32281d/Alexandre-Song,https://www.transfermarkt.com/alex-song/profil/spieler/27394,Cameroon  France,20,Yes,36,37,16,2004,9,264,40,355,373,5,right,Midfield,1.85,16,1.85,2004,1.8,right,1,"[15,18)","(1.83,2]","(8,56]",2000s,Cameroon France,EU_Major
Alexis,https://fbref.com/en/players/db0cd1ae/Alexis,https://www.transfermarkt.com/alexis-ruano/profil/spieler/7781,Spain,17,Yes,35,39,18,2003,13,411,78,417,417,0,right,Defender,1.83,18,1.83,2003,0,right,1,"[18,21)","(1.78,1.83]","(8,56]",2000s,Spain,EU_Major
Alexis Sánchez,https://fbref.com/en/players/2c0f8e9e/Alexis-Sanchez,https://www.transfermarkt.com/alexis-sanchez/profil/spieler/40433,Chile,21,No,NA,36,16,2008,33,872,160,631,718,16,right,Attack,1.69,16,1.69,2008,2.0625,right,0,"[15,18)","[1.6,1.78]","(8,56]",2000s,Chile,Rest_of_World
Alfonso Pedraza,https://fbref.com/en/players/63f04c6c/Alfonso-Pedraza,https://www.transfermarkt.com/alfonso-pedraza/profil/spieler/356197,Spain,11,No,NA,29,18,2014,12,525,83,303,304,1,left,Defender,1.84,18,1.84,2014,12,left,0,"[18,21)","(1.83,2]","(8,56]",2010s,Spain,EU_Major
Alfreð Finnbogason,https://fbref.com/en/players/f9e7c4ac/Alfred-Finnbogason,https://www.transfermarkt.com/alfred-finnbogason/profil/spieler/90024,Iceland,18,No,NA,36,19,2010,34,1182,153,308,374,17,right,Attack,1.84,19,1.84,2010,2,right,0,"[18,21)","(1.83,2]","(8,56]",2010s,Iceland,Rest_of_World
Alfred N'Diaye,https://fbref.com/en/players/7789bf63/Alfred-NDiaye,https://www.transfermarkt.com/alfred-ndiaye/profil/spieler/77737,Senegal,17,No,NA,35,18,2008,3,75,14,415,440,13,right,Midfield,1.89,18,1.89,2008,0.230769231,right,0,"[18,21)","(1.83,2]","[1,3]",2000s,Senegal,Rest_of_World
Alfredo Ortuño,https://fbref.com/en/players/b5077003/Alfredo-Ortuno,https://www.transfermarkt.com/alfredo-ortuno/profil/spieler/96540,Spain,18,No,NA,34,17,2008,NA,NA,NA,424,424,0,left,Attack,1.84,17,1.84,2008,0,left,0,"[15,18)","(1.83,2]",NA,2000s,Spain,EU_Major
Allan Nyom,https://fbref.com/en/players/97572117/Allan-Nyom,https://www.transfermarkt.com/allan-nyom/profil/spieler/111508,Cameroon  France,16,No,NA,37,22,2010,2,61,9,499,511,9,right,Defender,1.89,22,1.89,2010,0.222222222,right,0,"[21,24)","(1.83,2]","[1,3]",2010s,Cameroon France,EU_Major
Aloys Nong,https://fbref.com/en/players/570de35e/Aloys-Nong,https://www.transfermarkt.com/aloys-nong/profil/spieler/18416,Cameroon  Belgium,19,Yes,37,41,18,2004,NA,NA,NA,212,212,0,right,Attack,1.8,18,1.8,2004,0,right,1,"[18,21)","(1.78,1.83]",NA,2000s,Cameroon Belgium,EU_Major
Aly Cissokho,https://fbref.com/en/players/83a2bb30/Aly-Cissokho,https://www.transfermarkt.com/aly-cissokho/profil/spieler/57515,France  Senegal,19,No,NA,37,19,2008,5,352,37,318,318,0,left,Defender,1.87,19,1.87,2008,0,left,0,"[18,21)","(1.83,2]","(3,8]",2000s,France Senegal,EU_Major
Anaitz Arbilla,https://fbref.com/en/players/850c0a0d/Anaitz-Arbilla,https://www.transfermarkt.com/anaitz-arbilla/profil/spieler/71548,Spain,15,No,NA,38,23,2010,15,732,98,436,436,0,right,Defender,1.78,23,1.78,2010,0,right,0,"[21,24)","[1.6,1.78]","(8,56]",2010s,Spain,EU_Major
Ander Capa,https://fbref.com/en/players/37f1cf47/Ander-Capa,https://www.transfermarkt.com/ander-capa/profil/spieler/197545,Spain,12,Yes,33,33,21,2013,16,238,35,307,307,0,right,Defender,1.75,21,1.75,2013,0,right,1,"[21,24)","[1.6,1.78]","(8,56]",2010s,Spain,EU_Major
Ander Herrera,https://fbref.com/en/players/436a9dd0/Ander-Herrera,https://www.transfermarkt.com/ander-herrera/profil/spieler/99343,Spain,17,No,NA,35,19,2008,31,852,146,544,546,3,right,Midfield,1.82,19,1.82,2008,10.33333333,right,0,"[18,21)","(1.78,1.83]","(8,56]",2000s,Spain,EU_Major
Ander Iturraspe,https://fbref.com/en/players/6dce77a5/Ander-Iturraspe,https://www.transfermarkt.com/ander-iturraspe/profil/spieler/71571,Spain,12,Yes,31,36,19,2008,8,400,59,305,307,2,right,Midfield,1.87,19,1.87,2008,4,right,1,"[18,21)","(1.83,2]","(3,8]",2000s,Spain,EU_Major
Anderson Conceição,https://fbref.com/en/players/d50b1371/Anderson-Conceicao,https://www.transfermarkt.com/anderson-conceicao/profil/spieler/187759,Brazil,15,No,NA,35,21,2012,1,6,1,189,189,0,left,Defender,1.88,21,1.88,2012,0,left,0,"[21,24)","(1.83,2]","[1,3]",2010s,Brazil,South_America
Andoni Iraola,https://fbref.com/en/players/f4bbed41/Andoni-Iraola,https://www.transfermarkt.com/andoni-iraola/profil/spieler/15804,Spain,14,Yes,35,43,21,2003,9,122,18,490,493,2,right,Defender,1.82,21,1.82,2003,4.5,right,1,"[21,24)","(1.78,1.83]","(8,56]",2000s,Spain,EU_Major
André Castro,https://fbref.com/en/players/37d0048f/Andre-Castro,https://www.transfermarkt.com/castro/profil/spieler/58267,Portugal,18,Yes,37,37,19,2007,8,242,47,429,429,0,right,Midfield,1.81,19,1.81,2007,0,right,1,"[18,21)","(1.78,1.83]","(3,8]",2000s,Portugal,EU_Major
André Gomes,https://fbref.com/en/players/1961b2aa/Andre-Gomes,https://www.transfermarkt.com/andre-gomes/profil/spieler/221025,Portugal,13,No,NA,32,19,2012,18,684,85,352,381,11,right,Midfield,1.9,19,1.9,2012,1.636363636,right,0,"[18,21)","(1.83,2]","(8,56]",2010s,Portugal,EU_Major
André Santos,https://fbref.com/en/players/4e6642e1/Andre-Santos,https://www.transfermarkt.com/andre-santos/profil/spieler/61743,Portugal,18,No,NA,36,19,2009,4,173,23,265,265,0,right,Midfield,1.8,19,1.8,2009,0,right,0,"[18,21)","(1.78,1.83]","(3,8]",2000s,Portugal,EU_Major
Andrés Fernández,https://fbref.com/en/players/307fcd26/Andres-Fernandez,https://www.transfermarkt.com/andres-fernandez/profil/spieler/57522,Spain,19,No,NA,38,20,2007,4,255,44,425,425,0,right,Goalkeeper,1.85,20,1.85,2007,0,right,0,"[18,21)","(1.83,2]","(3,8]",2000s,Spain,EU_Major
Andrés Guardado,https://fbref.com/en/players/ef322658/Andres-Guardado,https://www.transfermarkt.com/andres-guardado/profil/spieler/20506,Mexico  Spain,20,Yes,39,38,19,2005,22,502,93,615,724,23,left,Midfield,1.67,19,1.67,2005,0.956521739,left,1,"[18,21)","[1.6,1.78]","(8,56]",2000s,Mexico Spain,EU_Major
Andrés Iniesta,https://fbref.com/en/players/cfd65a29/Andres-Iniesta,https://www.transfermarkt.com/andres-iniesta/profil/spieler/7600,Spain,22,Yes,40,41,18,2002,35,736,147,715,806,19,both,Midfield,1.71,18,1.71,2002,1.842105263,both,1,"[18,21)","[1.6,1.78]","(8,56]",2000s,Spain,EU_Major
Andrés Túñez,https://fbref.com/en/players/6520cb34/Andres-Tunez,https://www.transfermarkt.com/andres-tunez/profil/spieler/72087,Venezuela  Spain,14,Yes,36,38,22,2009,3,80,14,99,104,3,left,Defender,1.91,22,1.91,2009,1,left,1,"[21,24)","(1.83,2]","[1,3]",2000s,Venezuela Spain,EU_Major
Andreas Ivanschitz,https://fbref.com/en/players/d045ccb2/Andreas-Ivanschitz,https://www.transfermarkt.com/andreas-ivanschitz/profil/spieler/2923,Austria,23,Yes,39,41,16,2003,13,215,33,379,405,6,left,Attack,1.83,16,1.83,2003,2.166666667,left,1,"[15,18)","(1.78,1.83]","(8,56]",2000s,Austria,Rest_of_World
Andreu Fontàs,https://fbref.com/en/players/0f138d5a/Andreu-Fontas,https://www.transfermarkt.com/andreu-fontas/profil/spieler/65237,Spain,17,Yes,36,35,19,2009,11,1010,122,302,302,0,left,Defender,1.86,19,1.86,2009,0,left,1,"[18,21)","(1.83,2]","(8,56]",2000s,Spain,EU_Major
Andrija Delibašić,https://fbref.com/en/players/4de03033/Andrija-Delibasic,https://www.transfermarkt.com/andrija-delibasic/profil/spieler/10289,Montenegro  Serbia,21,No,NA,44,22,2003,2,79,17,257,268,3,right,Attack,1.88,22,1.88,2003,0.666666667,right,0,"[21,24)","(1.83,2]","[1,3]",2000s,Montenegro Serbia,Rest_of_World
Anthony Annan,https://fbref.com/en/players/1c524d4a/Anthony-Annan,https://www.transfermarkt.com/anthony-annan/profil/spieler/29122,Ghana,19,No,NA,39,20,2007,2,303,47,262,278,5,right,Midfield,1.75,20,1.75,2007,0.4,right,0,"[18,21)","[1.6,1.78]","[1,3]",2000s,Ghana,Rest_of_World
Antoine Griezmann,https://fbref.com/en/players/df69b544/Antoine-Griezmann,https://www.transfermarkt.com/antoine-griezmann/profil/spieler/125781,France,16,No,NA,34,18,2009,8,143,25,744,881,25,left,Attack,1.76,18,1.76,2009,0.32,left,0,"[18,21)","[1.6,1.78]","(3,8]",2000s,France,EU_Major
Antonio Adán,https://fbref.com/en/players/65d62814/Antonio-Adan,https://www.transfermarkt.com/antonio-adan/profil/spieler/44062,Spain,19,No,NA,38,19,2006,3,189,25,338,338,0,left,Goalkeeper,1.9,19,1.9,2006,0,left,0,"[18,21)","(1.83,2]","[1,3]",2000s,Spain,EU_Major
Antonio Amaya,https://fbref.com/en/players/cfe5ba41/Antonio-Amaya,https://www.transfermarkt.com/antonio-amaya/profil/spieler/71904,Spain,11,Yes,36,42,25,2008,9,427,48,205,205,0,right,Defender,1.92,25,1.92,2008,0,right,1,"[24,30]","(1.83,2]","(8,56]",2000s,Spain,EU_Major
Antonio Barragán,https://fbref.com/en/players/487d9b09/Antonio-Barragan,https://www.transfermarkt.com/antonio-barragan/profil/spieler/32522,Spain,16,Yes,35,38,19,2006,7,323,46,347,347,0,right,Defender,1.86,19,1.86,2006,0,right,1,"[18,21)","(1.83,2]","(3,8]",2000s,Spain,EU_Major
Antonio Cotán,https://fbref.com/en/players/d92dd30e/Antonio-Cotan,https://www.transfermarkt.com/antonio-cotan/profil/spieler/199330,Spain,12,No,NA,29,18,2013,3,238,29,92,92,0,right,Midfield,1.75,18,1.75,2013,0,right,0,"[18,21)","[1.6,1.78]","[1,3]",2010s,Spain,EU_Major
Antonio Floro Flores,https://fbref.com/en/players/d6846501/Antonio-Floro-Flores,https://www.transfermarkt.com/antonio-floro-flores/profil/spieler/16893,Italy,20,Yes,37,42,17,2000,12,285,81,507,507,0,right,Attack,1.83,17,1.83,2000,0,right,1,"[15,18)","(1.78,1.83]","(8,56]",2000s,Italy,EU_Major
Antonio López,https://fbref.com/en/players/e55190d5/Antonio-Lopez,https://www.transfermarkt.com/antonio-lopez/profil/spieler/7723,Spain,14,Yes,33,43,19,2001,1,20,4,333,341,3,left,Defender,1.76,19,1.76,2001,0.333333333,left,1,"[18,21)","[1.6,1.78]","[1,3]",2000s,Spain,EU_Major
Antonio Luna,https://fbref.com/en/players/ed239245/Antonio-Luna,https://www.transfermarkt.com/antonio-luna/profil/spieler/126516,Spain,15,No,NA,34,19,2009,19,450,68,280,280,0,left,Defender,1.78,19,1.78,2009,0,left,0,"[18,21)","[1.6,1.78]","(8,56]",2000s,Spain,EU_Major
Antonio Marín,https://fbref.com/en/players/27383431/Antonio-Marin,https://www.transfermarkt.com/antonio-marin/profil/spieler/217149,Spain,12,No,NA,29,18,2014,NA,NA,NA,16,16,0,right,Defender,1.78,18,1.78,2014,0,right,0,"[18,21)","[1.6,1.78]",NA,2010s,Spain,EU_Major
Antonio Tomás,https://fbref.com/en/players/668d4e93/Antonio-Tomas,https://www.transfermarkt.com/antonio-tomas/profil/spieler/37340,Spain,13,Yes,33,40,20,2005,7,182,23,232,232,0,right,Midfield,1.79,20,1.79,2005,0,right,1,"[18,21)","(1.78,1.83]","(3,8]",2000s,Spain,EU_Major
Apoño,https://fbref.com/en/players/02503ca3/Apono,https://www.transfermarkt.com/apono/profil/spieler/58013,Spain,16,Yes,39,41,23,2007,3,122,7,199,199,0,right,Midfield,1.74,23,1.74,2007,0,right,1,"[21,24)","[1.6,1.78]","[1,3]",2000s,Spain,EU_Major
Arda Turan,https://fbref.com/en/players/017ab4d4/Arda-Turan,https://www.transfermarkt.com/arda-turan/profil/spieler/21369,Türkiye,17,Yes,35,38,18,2005,51,1075,228,461,529,12,right,Attack,1.77,18,1.77,2005,4.25,right,1,"[18,21)","[1.6,1.78]","(8,56]",2000s,Türkiye,Rest_of_World
Ariel Nahuelpán,https://fbref.com/en/players/3334db7c/Ariel-Nahuelpan,https://www.transfermarkt.com/ariel-nahuelpan/profil/spieler/68562,Argentina  Chile,19,No,NA,37,19,2010,4,272,36,309,309,0,left,Attack,1.87,19,1.87,2010,0,left,0,"[18,21)","(1.83,2]","(3,8]",2010s,Argentina Chile,South_America
Aritz Aduriz,https://fbref.com/en/players/293211e1/Aritz-Aduriz,https://www.transfermarkt.com/aritz-aduriz/profil/spieler/29124,Spain,18,Yes,39,44,21,2002,18,445,64,572,585,4,right,Attack,1.81,21,1.81,2002,4.5,right,1,"[21,24)","(1.78,1.83]","(8,56]",2000s,Spain,EU_Major
Aritz Elustondo,https://fbref.com/en/players/f7dc2ae5/Aritz-Elustondo,https://www.transfermarkt.com/aritz-elustondo/profil/spieler/229804,Spain,11,No,NA,31,20,2014,16,376,55,295,295,0,right,Defender,1.8,20,1.8,2014,0,right,0,"[18,21)","(1.78,1.83]","(8,56]",2010s,Spain,EU_Major
Aritz López Garai,https://fbref.com/en/players/59b0c4a0/Aritz-Lopez-Garai,https://www.transfermarkt.com/aritz-lopez-garai/profil/spieler/51489,Spain,12,Yes,37,44,25,2006,NA,NA,NA,350,350,0,right,Midfield,1.82,25,1.82,2006,0,right,1,"[24,30]","(1.78,1.83]",NA,2000s,Spain,EU_Major
Arouna Koné,https://fbref.com/en/players/f9a72ca4/Arouna-Kone,https://www.transfermarkt.com/arouna-kone/profil/spieler/8552,Cote d'Ivoire,22,Yes,40,41,18,2003,9,795,128,434,439,3,right,Attack,1.81,18,1.81,2003,3,right,1,"[18,21)","(1.78,1.83]","(8,56]",2000s,Cote d'Ivoire,Rest_of_World
Asier del Horno,https://fbref.com/en/players/eb525f4a/Asier-del-Horno,https://www.transfermarkt.com/asier-del-horno/profil/spieler/7617,Spain,12,Yes,31,44,19,2000,5,315,23,235,241,1,left,Defender,1.81,19,1.81,2000,5,left,1,"[18,21)","(1.78,1.83]","(3,8]",2000s,Spain,EU_Major
Asier Illarramendi,https://fbref.com/en/players/5ce0b5ba/Asier-Illarramendi,https://www.transfermarkt.com/asier-illarramendi/profil/spieler/59344,Spain,16,No,NA,35,20,2009,12,781,126,370,373,2,right,Midfield,1.79,20,1.79,2009,6,right,0,"[18,21)","(1.78,1.83]","(8,56]",2000s,Spain,EU_Major
Asier Riesgo,https://fbref.com/en/players/581c5276/Asier-Riesgo,https://www.transfermarkt.com/asier-riesgo/profil/spieler/23338,Spain,21,Yes,40,41,19,2002,4,136,24,409,409,0,right,Goalkeeper,1.85,19,1.85,2002,0,right,1,"[18,21)","(1.83,2]","(3,8]",2000s,Spain,EU_Major
Augusto Fernández,https://fbref.com/en/players/78c40e94/Augusto-Fernandez,https://www.transfermarkt.com/augusto-fernandez/profil/spieler/39151,Argentina  Italy,16,Yes,35,39,19,2009,9,546,83,214,219,4,right,Midfield,1.77,19,1.77,2009,2.25,right,1,"[18,21)","[1.6,1.78]","(8,56]",2000s,Argentina Italy,EU_Major
Aymeric Laporte,https://fbref.com/en/players/119b9a8e/Aymeric-Laporte,https://www.transfermarkt.com/aymeric-laporte/profil/spieler/176553,Spain  France,13,No,NA,31,18,2012,17,641,133,445,485,14,left,Defender,1.91,18,1.91,2012,1.214285714,left,0,"[18,21)","(1.83,2]","(8,56]",2010s,Spain France,EU_Major
Ayoze Díaz Díaz,https://fbref.com/en/players/b7209bcc/Ayoze-Diaz-Diaz,https://www.transfermarkt.com/ayoze-diaz/profil/spieler/16124,Spain,15,Yes,32,43,17,2002,5,145,20,288,288,0,left,Defender,1.75,17,1.75,2002,0,left,1,"[15,18)","[1.6,1.78]","(3,8]",2000s,Spain,EU_Major
Ayoze García,https://fbref.com/en/players/e94dfdc6/Ayoze-Garcia,https://www.transfermarkt.com/ayoze-garcia/profil/spieler/51518,Spain,21,Yes,39,39,18,2003,NA,NA,NA,431,431,0,left,Defender,1.72,18,1.72,2003,0,left,1,"[18,21)","[1.6,1.78]",NA,2000s,Spain,EU_Major
Aythami Artiles,https://fbref.com/en/players/01ae64cd/Aythami-Artiles,https://www.transfermarkt.com/aythami-artiles/profil/spieler/44735,Spain,19,No,NA,39,20,2006,5,180,26,390,390,0,right,Defender,1.85,20,1.85,2006,0,right,0,"[18,21)","(1.83,2]","(3,8]",2000s,Spain,EU_Major
Baba Diawara,https://fbref.com/en/players/09b7100a/Baba-Diawara,https://www.transfermarkt.com/baba/profil/spieler/69819,Senegal,18,No,NA,37,20,2007,1,69,13,242,242,0,right,Attack,1.82,20,1.82,2007,0,right,0,"[18,21)","(1.78,1.83]","[1,3]",2000s,Senegal,Rest_of_World
Bacari,https://fbref.com/en/players/318ad79c/Bacari,https://www.transfermarkt.com/bacari/profil/spieler/182257,The Gambia  Spain,14,Yes,37,37,23,2010,3,502,55,85,86,1,left,Attack,1.78,23,1.78,2010,3,left,1,"[21,24)","[1.6,1.78]","[1,3]",2010s,The Gambia Spain,EU_Major
Baltasar Rigo,https://fbref.com/en/players/b80570db/Baltasar-Rigo,https://www.transfermarkt.com/baltasar-rigo/profil/spieler/70910,Spain,17,No,NA,40,23,2008,NA,NA,NA,40,40,0,left,Defender,1.85,23,1.85,2008,0,left,0,"[21,24)","(1.83,2]",NA,2000s,Spain,EU_Major
Bartłomiej Pawłowski,https://fbref.com/en/players/232ac943/Bartlomiej-Pawlowski,https://www.transfermarkt.com/bartlomiej-pawlowski/profil/spieler/153667,Poland,16,No,NA,32,17,2010,5,409,45,282,282,0,right,Attack,1.78,17,1.78,2010,0,right,0,"[15,18)","[1.6,1.78]","(3,8]",2010s,Poland,Rest_of_World
Beñat Etxebarria,https://fbref.com/en/players/b037bd4f/Benat-Etxebarria,https://www.transfermarkt.com/benat-etxebarria/profil/spieler/40888,Spain,15,Yes,34,38,19,2006,7,185,31,353,353,0,right,Midfield,1.76,19,1.76,2006,0,right,1,"[18,21)","[1.6,1.78]","(3,8]",2000s,Spain,EU_Major
Bebé,https://fbref.com/en/players/d8712bf9/Bebe,https://www.transfermarkt.com/bebe/profil/spieler/153427,Cape Verde  Portugal,16,No,NA,35,20,2010,3,601,92,333,355,6,right,Attack,1.9,20,1.9,2010,0.5,right,0,"[18,21)","(1.83,2]","[1,3]",2010s,Cape Verde Portugal,EU_Major
Benoît Trémoulinas,https://fbref.com/en/players/37a24709/Benoit-Tremoulinas,https://www.transfermarkt.com/benoit-tremoulinas/profil/spieler/43264,France,13,Yes,34,39,21,2007,17,323,59,284,287,1,left,Defender,1.73,21,1.73,2007,17,left,1,"[21,24)","[1.6,1.78]","(8,56]",2000s,France,EU_Major
Bernardo Espinosa,https://fbref.com/en/players/4242011c/Bernardo-Espinosa,https://www.transfermarkt.com/bernardo-espinosa/profil/spieler/64598,Colombia  Spain,18,Yes,36,36,18,2007,4,270,27,384,384,0,right,Defender,1.92,18,1.92,2007,0,right,1,"[18,21)","(1.83,2]","(3,8]",2000s,Colombia Spain,EU_Major
Beto,https://fbref.com/en/players/3b4941e4/Beto,https://www.transfermarkt.com/beto/profil/spieler/35242,Portugal,17,Yes,40,43,23,2007,10,387,118,320,330,16,right,Goalkeeper,1.82,23,1.82,2007,0.625,right,1,"[21,24)","(1.78,1.83]","(8,56]",2000s,Portugal,EU_Major
Bobley Anderson,https://fbref.com/en/players/f691678c/Bobley-Anderson,https://www.transfermarkt.com/bobley-anderson/profil/spieler/221076,Cote d'Ivoire,4,Yes,24,33,20,2013,NA,NA,NA,30,30,0,right,Attack,1.85,20,1.85,2013,0,right,1,"[18,21)","(1.83,2]",NA,2010s,Cote d'Ivoire,Rest_of_World
Bojan Jokić,https://fbref.com/en/players/8ac44cc2/Bojan-Jokic,https://www.transfermarkt.com/bojan-jokic/profil/spieler/44317,Slovenia,19,Yes,38,39,19,2007,9,419,86,280,353,13,left,Defender,1.76,19,1.76,2007,0.692307692,left,1,"[18,21)","[1.6,1.78]","(8,56]",2000s,Slovenia,Rest_of_World
Bojan Krkić,https://fbref.com/en/players/9fa0a0b8/Bojan-Krkic,https://www.transfermarkt.com/bojan-krkic/profil/spieler/44675,Spain  Serbia,16,Yes,33,34,17,2007,8,515,82,374,375,1,right,Attack,1.7,17,1.7,2007,8,right,1,"[15,18)","[1.6,1.78]","(3,8]",2000s,Spain Serbia,EU_Major
Borja Ekiza,https://fbref.com/en/players/6465e1c9/Borja-Ekiza,https://www.transfermarkt.com/borja-ekiza/profil/spieler/89318,Spain,12,Yes,34,37,22,2010,3,113,16,105,105,0,right,Defender,1.82,22,1.82,2010,0,right,1,"[21,24)","(1.78,1.83]","[1,3]",2010s,Spain,EU_Major
Borja Fernández,https://fbref.com/en/players/3ebe8651/Borja-Fernandez,https://www.transfermarkt.com/borja-fernandez/profil/spieler/271988,Spain,12,No,NA,29,19,2014,NA,NA,NA,109,109,0,right,Midfield,1.78,19,1.78,2014,0,right,0,"[18,21)","[1.6,1.78]",NA,2010s,Spain,EU_Major
Borja Fernández,https://fbref.com/en/players/9127f9ce/Borja-Fernandez,https://www.transfermarkt.com/borja-fernandez/profil/spieler/7512,Spain,16,Yes,38,44,22,2003,2,77,9,393,393,0,right,Midfield,1.89,22,1.89,2003,0,right,1,"[21,24)","(1.83,2]","[1,3]",2000s,Spain,EU_Major
Borja Gómez Pérez,https://fbref.com/en/players/95abfdfd/Borja-Gomez-Perez,https://www.transfermarkt.com/borja-gomez/profil/spieler/65060,Spain,12,Yes,34,37,22,2010,2,233,32,147,147,0,left,Defender,1.83,22,1.83,2010,0,left,1,"[21,24)","(1.78,1.83]","[1,3]",2010s,Spain,EU_Major
Borja García,https://fbref.com/en/players/13c3bec9/Borja-Garcia,https://www.transfermarkt.com/borja-garcia/profil/spieler/89368,Spain,15,No,NA,35,21,2011,2,227,30,14,14,0,right,Defender,1.85,21,1.85,2011,0,right,0,"[21,24)","(1.83,2]","[1,3]",2010s,Spain,EU_Major
Borja García,https://fbref.com/en/players/e7f4603c/Borja-Garcia,https://www.transfermarkt.com/borja-garcia/profil/spieler/67808,Spain,16,Yes,34,34,18,2008,6,500,56,405,405,0,right,Attack,1.75,18,1.75,2008,0,right,1,"[18,21)","[1.6,1.78]","(3,8]",2000s,Spain,EU_Major
Borja Iglesias,https://fbref.com/en/players/75645f0e/Borja-Iglesias,https://www.transfermarkt.com/borja-iglesias/profil/spieler/278359,Spain,12,No,NA,32,21,2014,4,60,7,328,332,3,right,Attack,1.87,21,1.87,2014,1.333333333,right,0,"[21,24)","(1.83,2]","(3,8]",2010s,Spain,EU_Major
Borja López,https://fbref.com/en/players/d02d04ea/Borja-Lopez,https://www.transfermarkt.com/borja-lopez/profil/spieler/214770,Spain,14,No,NA,31,18,2012,5,333,38,163,163,0,left,Defender,1.91,18,1.91,2012,0,left,0,"[18,21)","(1.83,2]","(3,8]",2010s,Spain,EU_Major
Borja Oubiña,https://fbref.com/en/players/df441c0d/Borja-Oubina,https://www.transfermarkt.com/borja-oubina/profil/spieler/15715,Spain,12,Yes,33,43,21,2003,2,514,71,230,231,1,right,Midfield,1.78,21,1.78,2003,2,right,1,"[21,24)","[1.6,1.78]","[1,3]",2000s,Spain,EU_Major
Borja Valero,https://fbref.com/en/players/0e21fc3c/Borja-Valero,https://www.transfermarkt.com/borja-valero/profil/spieler/40372,Spain,18,Yes,38,40,20,2005,9,161,26,585,585,0,right,Midfield,1.75,20,1.75,2005,0,right,1,"[18,21)","[1.6,1.78]","(8,56]",2000s,Spain,EU_Major
Borja Viguera,https://fbref.com/en/players/d906a703/Borja-Viguera,https://www.transfermarkt.com/borja-viguera/profil/spieler/61344,Spain,18,No,NA,38,20,2007,4,310,30,168,168,0,right,Attack,1.84,20,1.84,2007,0,right,0,"[18,21)","(1.83,2]","(3,8]",2000s,Spain,EU_Major
Braian Rodríguez,https://fbref.com/en/players/ba32a26f/Braian-Rodriguez,https://www.transfermarkt.com/braian-rodriguez/profil/spieler/76984,Uruguay,19,No,NA,38,20,2013,2,37,5,73,73,0,right,Attack,1.93,20,1.93,2013,0,right,0,"[18,21)","(1.83,2]","[1,3]",2010s,Uruguay,South_America
Brandon,https://fbref.com/en/players/3e016e5a/Brandon,https://www.transfermarkt.com/brandon-thomas/profil/spieler/251680,Spain  England,14,No,NA,30,17,2012,5,359,38,280,280,0,right,Attack,1.73,17,1.73,2012,0,right,0,"[15,18)","[1.6,1.78]","(3,8]",2010s,Spain England,UK_Ireland
Braulio Nóbrega,https://fbref.com/en/players/6e02869d/Braulio-Nobrega,https://www.transfermarkt.com/braulio-nobrega/profil/spieler/27488,Spain,21,No,NA,39,19,2004,2,135,16,229,229,0,right,Attack,1.78,19,1.78,2004,0,right,0,"[18,21)","[1.6,1.78]","[1,3]",2000s,Spain,EU_Major
Brayan Angulo,https://fbref.com/en/players/af31b77b/Brayan-Angulo,https://www.transfermarkt.com/brayan-angulo/profil/spieler/67866,Colombia and Spain,19,No,NA,35,18,2007,2,29,5,377,378,1,right,Attack,1.83,18,1.83,2007,2,right,0,"[18,21)","(1.78,1.83]","[1,3]",2000s,Colombia and Spain,EU_Major
Bruno,https://fbref.com/en/players/78803d03/Bruno,https://www.transfermarkt.com/bruno-saltor/profil/spieler/51528,Spain,19,Yes,39,44,20,2001,1,27,6,497,497,0,right,Defender,1.8,20,1.8,2001,0,right,1,"[18,21)","(1.78,1.83]","[1,3]",2000s,Spain,EU_Major
Bruno Gama,https://fbref.com/en/players/6cffc9df/Bruno-Gama,https://www.transfermarkt.com/bruno-gama/profil/spieler/15568,Portugal,22,No,NA,37,16,2003,7,606,82,437,437,0,right,Attack,1.75,16,1.75,2003,0,right,0,"[15,18)","[1.6,1.78]","(3,8]",2000s,Portugal,EU_Major
Bruno Soriano,https://fbref.com/en/players/09332647/Bruno-Soriano,https://www.transfermarkt.com/bruno-soriano/profil/spieler/44412,Spain,14,Yes,36,41,22,2006,7,1234,167,396,402,5,left,Midfield,1.84,22,1.84,2006,1.4,left,1,"[21,24)","(1.83,2]","(3,8]",2000s,Spain,EU_Major
Bruno Zuculini,https://fbref.com/en/players/17cddb4d/Bruno-Zuculini,https://www.transfermarkt.com/bruno-zuculini/profil/spieler/115507,Argentina  Italy,16,No,NA,32,16,2014,15,616,99,232,232,0,right,Midfield,1.82,16,1.82,2014,0,right,0,"[15,18)","(1.78,1.83]","(8,56]",2010s,Argentina Italy,EU_Major
Bryan Rabello,https://fbref.com/en/players/ad052490/Bryan-Rabello,https://www.transfermarkt.com/bryan-rabello/profil/spieler/160217,Chile  Spain,15,No,NA,31,16,2012,1,33,4,293,295,1,right,Attack,1.67,16,1.67,2012,1,right,0,"[15,18)","[1.6,1.78]","[1,3]",2010s,Chile Spain,EU_Major
César Sánchez,https://fbref.com/en/players/c6e6e5d6/Cesar-Sanchez,https://www.transfermarkt.com/cesar-sanchez/profil/spieler/7510,Spain,21,Yes,41,53,20,1991,1,39,7,435,435,0,right,Goalkeeper,1.85,20,1.85,1991,0,right,1,"[18,21)","(1.83,2]","[1,3]",1990s,Spain,EU_Major
Cala,https://fbref.com/en/players/8449a41e/Cala,https://www.transfermarkt.com/cala/profil/spieler/150936,Spain,15,No,NA,35,21,2010,NA,NA,NA,12,12,0,NA,Midfield,1.72,21,1.72,2010,0,unknown,0,"[21,24)","[1.6,1.78]",NA,2010s,Spain,EU_Major
Cala,https://fbref.com/en/players/fe05804b/Cala,https://www.transfermarkt.com/juan-cala/profil/spieler/67089,Spain,16,Yes,34,35,18,2007,7,488,59,305,305,0,right,Defender,1.86,18,1.86,2007,0,right,1,"[18,21)","(1.83,2]","(3,8]",2000s,Spain,EU_Major
Cani,https://fbref.com/en/players/b493db11/Cani,https://www.transfermarkt.com/cani/profil/spieler/7983,Spain,16,Yes,36,43,20,2001,7,275,51,484,484,0,right,Attack,1.78,20,1.78,2001,0,right,1,"[18,21)","[1.6,1.78]","(3,8]",2000s,Spain,EU_Major
Carles Gil,https://fbref.com/en/players/11c30a46/Carles-Gil,https://www.transfermarkt.com/carles-gil/profil/spieler/127987,Spain,14,No,NA,32,19,2012,14,725,68,369,369,0,left,Attack,1.71,19,1.71,2012,0,left,0,"[18,21)","[1.6,1.78]","(8,56]",2010s,Spain,EU_Major
Carles Planas,https://fbref.com/en/players/72b92c4e/Carles-Planas,https://www.transfermarkt.com/carles-planas/profil/spieler/66099,Spain,11,Yes,30,34,19,2010,13,508,80,190,190,0,left,Defender,1.75,19,1.75,2010,0,left,1,"[18,21)","[1.6,1.78]","(8,56]",2010s,Spain,EU_Major
Carles Puyol,https://fbref.com/en/players/7c0bda9b/Carles-Puyol,https://www.transfermarkt.com/carles-puyol/profil/spieler/7594,Spain,17,Yes,36,47,19,1997,11,444,108,516,568,10,right,Defender,1.78,19,1.78,1997,1.1,right,1,"[18,21)","[1.6,1.78]","(8,56]",1990s,Spain,EU_Major
Carlos Aranda,https://fbref.com/en/players/2b60c45d/Carlos-Aranda,https://www.transfermarkt.com/carlos-aranda/profil/spieler/7841,Spain,16,Yes,37,45,21,2001,2,28,3,298,298,0,right,Attack,1.83,21,1.83,2001,0,right,1,"[21,24)","(1.78,1.83]","[1,3]",2000s,Spain,EU_Major
Carlos Bacca,https://fbref.com/en/players/09a9e921/Carlos-Bacca,https://www.transfermarkt.com/carlos-bacca/profil/spieler/119235,Colombia,18,No,NA,38,22,2011,6,319,52,532,567,9,right,Attack,1.81,22,1.81,2011,0.666666667,right,0,"[21,24)","(1.78,1.83]","(3,8]",2010s,Colombia,Rest_of_World
Carlos Bellvís,https://fbref.com/en/players/fbe35ca3/Carlos-Bellvis,https://www.transfermarkt.com/carlos-bellvis/profil/spieler/51550,Spain,16,Yes,37,40,21,2006,1,182,19,419,419,0,left,Defender,1.7,21,1.7,2006,0,left,1,"[21,24)","[1.6,1.78]","[1,3]",2000s,Spain,EU_Major
Carlos Caballero,https://fbref.com/en/players/38afdbc5/Carlos-Caballero,https://www.transfermarkt.com/carlos-caballero/profil/spieler/71002,Spain,11,Yes,35,40,24,2009,2,288,35,173,173,0,right,Midfield,1.74,24,1.74,2009,0,right,1,"[24,30]","[1.6,1.78]","[1,3]",2000s,Spain,EU_Major
Carlos Clerc,https://fbref.com/en/players/33a61a52/Carlos-Clerc,https://www.transfermarkt.com/carlos-clerc/profil/spieler/193784,Spain,12,No,NA,33,21,2013,2,73,9,332,332,0,left,Defender,1.81,21,1.81,2013,0,left,0,"[21,24)","(1.78,1.83]","[1,3]",2010s,Spain,EU_Major
Carlos Diogo,https://fbref.com/en/players/8da138d9/Carlos-Diogo,https://www.transfermarkt.com/carlos-diogo/profil/spieler/32233,Uruguay  Italy,11,Yes,32,42,21,2005,1,512,68,177,177,0,right,Defender,1.86,21,1.86,2005,0,right,1,"[21,24)","(1.83,2]","[1,3]",2000s,Uruguay Italy,EU_Major
Carlos Fernández,https://fbref.com/en/players/e08647d6/Carlos-Fernandez,https://www.transfermarkt.com/carlos-fernandez/profil/spieler/216464,Spain,12,No,NA,29,17,2013,14,1098,174,210,210,0,left,Attack,1.85,17,1.85,2013,0,left,0,"[15,18)","(1.83,2]","(8,56]",2010s,Spain,EU_Major
Carlos García,https://fbref.com/en/players/1e64709e/Carlos-Garcia,https://www.transfermarkt.com/carlos-garcia/profil/spieler/199134,Spain,14,No,NA,31,19,2012,1,106,15,5,5,0,NA,Attack,1.81,19,1.81,2012,0,unknown,0,"[18,21)","(1.78,1.83]","[1,3]",2010s,Spain,EU_Major
Carlos García,https://fbref.com/en/players/2f21a57c/Carlos-Garcia,https://www.transfermarkt.com/carlos-garcia/profil/spieler/15762,Spain,14,Yes,33,41,19,2003,1,34,4,285,285,0,left,Defender,1.85,19,1.85,2003,0,left,1,"[18,21)","(1.83,2]","[1,3]",2000s,Spain,EU_Major
Carlos Gurpegui,https://fbref.com/en/players/6920be59/Carlos-Gurpegui,https://www.transfermarkt.com/carlos-gurpegui/profil/spieler/7631,Spain,15,Yes,36,44,21,2001,4,273,55,350,350,0,right,Defender,1.81,21,1.81,2001,0,right,1,"[21,24)","(1.78,1.83]","(3,8]",2000s,Spain,EU_Major
Carlos Kameni,https://fbref.com/en/players/867c7fb3/Carlos-Kameni,https://www.transfermarkt.com/carlos-kameni/profil/spieler/7914,Cameroon  France,21,No,NA,41,20,2004,4,82,15,348,362,11,right,Goalkeeper,1.86,20,1.86,2004,0.363636364,right,0,"[18,21)","(1.83,2]","(3,8]",2000s,Cameroon France,EU_Major
Carlos Marchena,https://fbref.com/en/players/48ddb821/Carlos-Marchena,https://www.transfermarkt.com/carlos-marchena/profil/spieler/7572,Spain,19,Yes,37,46,18,1999,5,144,30,436,470,9,right,Defender,1.82,18,1.82,1999,0.555555556,right,1,"[18,21)","(1.78,1.83]","(3,8]",1990s,Spain,EU_Major
Carlos Martínez,https://fbref.com/en/players/d9b0cc38/Carlos-Martinez,https://www.transfermarkt.com/carlos-martinez/profil/spieler/58074,Spain,13,Yes,34,39,21,2007,9,1017,122,219,219,0,right,Defender,1.89,21,1.89,2007,0,right,1,"[21,24)","(1.83,2]","(8,56]",2000s,Spain,EU_Major
Carlos Martins,https://fbref.com/en/players/23cfa96c/Carlos-Martins,https://www.transfermarkt.com/carlos-martins/profil/spieler/14511,Portugal,16,Yes,34,43,18,2000,2,64,14,310,319,4,both,Attack,1.72,18,1.72,2000,0.5,both,1,"[18,21)","[1.6,1.78]","[1,3]",2000s,Portugal,EU_Major
Carlos Peña,https://fbref.com/en/players/26a03602/Carlos-Pena,https://www.transfermarkt.com/carlos-pena/profil/spieler/8746,Spain,14,Yes,37,42,23,2006,NA,NA,NA,415,415,0,left,Defender,1.81,23,1.81,2006,0,left,1,"[21,24)","(1.78,1.83]",NA,2000s,Spain,EU_Major
Carlos Sánchez,https://fbref.com/en/players/50b51fac/Carlos-Sanchez,https://www.transfermarkt.com/carlos-sanchez/profil/spieler/51226,Colombia,19,Yes,39,39,20,2007,5,329,57,467,511,9,left,Midfield,1.82,20,1.82,2007,0.555555556,left,1,"[18,21)","(1.78,1.83]","(3,8]",2000s,Colombia,Rest_of_World
Carlos Selfa,https://fbref.com/en/players/162b5811/Carlos-Selfa,https://www.transfermarkt.com/carlos-selfa/profil/spieler/252688,Spain,11,No,NA,33,22,2014,NA,NA,NA,3,3,0,right,Midfield,1.84,22,1.84,2014,0,right,0,"[21,24)","(1.83,2]",NA,2010s,Spain,EU_Major
Carlos Tomás,https://fbref.com/en/players/c4559662/Carlos-Tomas,https://www.transfermarkt.com/carlos-tomas/profil/spieler/125797,Spain,8,Yes,29,37,21,2009,2,274,32,51,51,0,right,Defender,1.85,21,1.85,2009,0,right,1,"[21,24)","(1.83,2]","[1,3]",2000s,Spain,EU_Major
Carlos Vela,https://fbref.com/en/players/e0cd04e0/Carlos-Vela,https://www.transfermarkt.com/carlos-vela/profil/spieler/35773,Mexico  Spain,19,Yes,36,36,17,2006,9,284,51,524,574,10,left,Attack,1.77,17,1.77,2006,0.9,left,1,"[15,18)","[1.6,1.78]","(8,56]",2000s,Mexico Spain,EU_Major
Carlos Vigaray,https://fbref.com/en/players/f69d934e/Carlos-Vigaray,https://www.transfermarkt.com/carlos-vigaray/profil/spieler/263627,Spain,13,No,NA,30,19,2013,9,987,110,134,134,0,right,Defender,1.85,19,1.85,2013,0,right,0,"[18,21)","(1.83,2]","(8,56]",2010s,Spain,EU_Major
Carmelo González,https://fbref.com/en/players/27f4e837/Carmelo-Gonzalez,https://www.transfermarkt.com/carmelo/profil/spieler/44038,Spain,22,Yes,40,42,18,2001,3,139,21,272,272,0,right,Attack,1.8,18,1.8,2001,0,right,1,"[18,21)","(1.78,1.83]","[1,3]",2000s,Spain,EU_Major
Casemiro,https://fbref.com/en/players/4d224fe8/Casemiro,https://www.transfermarkt.com/casemiro/profil/spieler/16306,Brazil  Spain,15,No,NA,33,18,2012,11,268,64,507,568,13,right,Midfield,1.85,18,1.85,2012,0.846153846,right,0,"[18,21)","(1.83,2]","(8,56]",2010s,Brazil Spain,EU_Major
Casto,https://fbref.com/en/players/95b4ffb3/Casto,https://www.transfermarkt.com/casto/profil/spieler/47722,Spain,16,Yes,40,43,24,2005,2,34,5,316,316,0,NA,Goalkeeper,1.8,24,1.8,2005,0,unknown,1,"[24,30]","(1.78,1.83]","[1,3]",2000s,Spain,EU_Major
Cata Díaz,https://fbref.com/en/players/c9112443/Cata-Diaz,https://www.transfermarkt.com/cata-diaz/profil/spieler/39087,Argentina  Italy,22,Yes,42,46,20,2003,3,94,12,333,333,0,right,Defender,1.83,20,1.83,2003,0,right,1,"[18,21)","(1.78,1.83]","[1,3]",2000s,Argentina Italy,EU_Major
Cedrick Mabwati,https://fbref.com/en/players/6518bc18/Cedrick-Mabwati,https://www.transfermarkt.com/cedrick/profil/spieler/137162,DR Congo  Spain,14,Yes,32,33,18,2010,2,118,12,200,212,5,right,Attack,1.68,18,1.68,2010,0.4,right,1,"[18,21)","[1.6,1.78]","[1,3]",2010s,DR Congo Spain,EU_Major
Celso Borges,https://fbref.com/en/players/b8836910/Celso-Borges,https://www.transfermarkt.com/celso-borges/profil/spieler/81532,Costa Rica  Brazil,18,No,NA,37,19,2009,18,280,60,303,419,22,right,Midfield,1.83,19,1.83,2009,0.818181818,right,0,"[18,21)","(1.78,1.83]","(8,56]",2000s,Costa Rica Brazil,South_America
Cesc Fàbregas,https://fbref.com/en/players/33508c78/Cesc-Fabregas,https://www.transfermarkt.com/cesc-fabregas/profil/spieler/8806,Spain,19,Yes,36,38,17,2004,28,867,179,671,745,16,right,Midfield,1.79,17,1.79,2004,1.75,right,1,"[15,18)","(1.78,1.83]","(8,56]",2000s,Spain,EU_Major
Cezary Wilk,https://fbref.com/en/players/bf526c15/Cezary-Wilk,https://www.transfermarkt.com/cezary-wilk/profil/spieler/35448,Poland,13,Yes,32,39,19,2005,5,854,120,186,186,0,right,Midfield,1.8,19,1.8,2005,0,right,1,"[18,21)","(1.78,1.83]","(3,8]",2000s,Poland,Rest_of_World
Charles,https://fbref.com/en/players/c4b8bcf4/Charles,https://www.transfermarkt.com/charles/profil/spieler/154059,Brazil  Portugal,20,Yes,39,41,19,2004,9,235,27,358,358,0,right,Attack,1.79,19,1.79,2004,0,right,1,"[18,21)","(1.78,1.83]","(8,56]",2000s,Brazil Portugal,EU_Major
Charlie I'Anson,https://fbref.com/en/players/907594ed/Charlie-IAnson,https://www.transfermarkt.com/charlie-ianson/profil/spieler/191866,England  Spain,13,No,NA,32,20,2010,NA,NA,NA,36,36,0,right,Defender,1.82,20,1.82,2010,0,right,0,"[18,21)","(1.78,1.83]",NA,2010s,England Spain,UK_Ireland
Charlie Took,https://fbref.com/en/players/9a7434c7/Charlie-Took,https://www.transfermarkt.com/charlie-took/profil/spieler/210142,Cameroon,13,No,NA,32,19,2012,NA,NA,NA,1,1,0,NA,Defender,1.84,19,1.84,2012,0,unknown,0,"[18,21)","(1.83,2]",NA,2010s,Cameroon,Rest_of_World
Chechu,https://fbref.com/en/players/e98f3a6a/Chechu,https://www.transfermarkt.com/chechu-dorado/profil/spieler/70898,Spain,19,Yes,41,43,22,2004,5,194,28,336,336,0,left,Defender,1.81,22,1.81,2004,0,left,1,"[21,24)","(1.78,1.83]","(3,8]",2000s,Spain,EU_Major
Chico Flores,https://fbref.com/en/players/95825cf2/Chico-Flores,https://www.transfermarkt.com/chico-flores/profil/spieler/51681,Spain,12,Yes,33,38,21,2006,7,226,37,218,218,0,right,Defender,1.87,21,1.87,2006,0,right,1,"[21,24)","(1.83,2]","(3,8]",2000s,Spain,EU_Major
Chori Domínguez,https://fbref.com/en/players/bbb66f34/Chori-Dominguez,https://www.transfermarkt.com/alejandro-dominguez/profil/spieler/18958,Argentina  Italy,17,Yes,37,44,20,2004,7,544,91,330,330,0,both,Attack,1.75,20,1.75,2004,0,both,1,"[18,21)","[1.6,1.78]","(3,8]",2000s,Argentina Italy,EU_Major
Chory Castro,https://fbref.com/en/players/8cc3d96e/Chory-Castro,https://www.transfermarkt.com/chory-castro/profil/spieler/28171,Uruguay  Spain,20,Yes,41,40,21,2007,8,132,20,477,478,1,left,Attack,1.78,21,1.78,2007,8,left,1,"[21,24)","[1.6,1.78]","(3,8]",2000s,Uruguay Spain,EU_Major
Christian,https://fbref.com/en/players/1d5a68fe/Christian,https://www.transfermarkt.com/bolano/profil/spieler/48294,Spain,17,Yes,38,39,21,2006,NA,NA,NA,394,394,0,left,Defender,1.82,21,1.82,2006,0,left,1,"[21,24)","(1.78,1.83]",NA,2000s,Spain,EU_Major
Christian Alfonso,https://fbref.com/en/players/ecfe11fd/Christian-Alfonso,https://www.transfermarkt.com/christian-alfonso/profil/spieler/203108,Spain,14,No,NA,36,22,2011,1,62,2,51,51,0,NA,Attack,1.77,22,1.77,2011,0,unknown,0,"[21,24)","[1.6,1.78]","[1,3]",2010s,Spain,EU_Major
Christian Cueva,https://fbref.com/en/players/57376761/Christian-Cueva,https://www.transfermarkt.com/christian-cueva/profil/spieler/95280,Peru,18,No,NA,33,16,2013,3,35,4,250,318,13,right,Attack,1.69,16,1.69,2013,0.230769231,right,0,"[15,18)","[1.6,1.78]","[1,3]",2010s,Peru,Rest_of_World
Chuli,https://fbref.com/en/players/24efffbf/Chuli,https://www.transfermarkt.com/chuli/profil/spieler/129515,Spain,13,Yes,34,34,21,2011,3,176,27,185,185,0,left,Attack,1.7,21,1.7,2011,0,left,1,"[21,24)","[1.6,1.78]","[1,3]",2010s,Spain,EU_Major
Cicinho,https://fbref.com/en/players/9e4e6402/Cicinho,https://www.transfermarkt.com/cicinho/profil/spieler/26101,Brazil  Italy,19,Yes,38,45,19,2005,7,523,35,202,209,2,right,Defender,1.71,19,1.71,2005,3.5,right,1,"[18,21)","[1.6,1.78]","(3,8]",2000s,Brazil Italy,EU_Major
Cicinho,https://fbref.com/en/players/cb51774a/Cicinho,https://www.transfermarkt.com/cicinho/profil/spieler/99632,Brazil,11,Yes,33,38,22,2012,1,274,40,57,57,0,right,Defender,1.74,22,1.74,2012,0,right,1,"[21,24)","[1.6,1.78]","[1,3]",2010s,Brazil,South_America
Ciprian Marica,https://fbref.com/en/players/3953ae4a/Ciprian-Marica,https://www.transfermarkt.com/ciprian-marica/profil/spieler/16833,Romania,14,Yes,31,39,17,2003,17,511,96,298,344,8,both,Attack,1.84,17,1.84,2003,2.125,both,1,"[15,18)","(1.83,2]","(8,56]",2000s,Romania,Rest_of_World
Claudio Bravo,https://fbref.com/en/players/10072610/Claudio-Bravo,https://www.transfermarkt.com/claudio-bravo/profil/spieler/40423,Chile  Spain,21,Yes,41,42,20,2006,15,678,148,442,504,14,right,Goalkeeper,1.84,20,1.84,2006,1.071428571,right,1,"[18,21)","(1.83,2]","(8,56]",2000s,Chile Spain,EU_Major
Claudio Morel Rodríguez,https://fbref.com/en/players/2a5c8856/Claudio-Morel-Rodriguez,https://www.transfermarkt.com/claudio-morel-rodriguez/profil/spieler/7924,Paraguay,20,Yes,41,47,21,2010,8,126,27,33,38,1,left,Defender,1.75,21,1.75,2010,8,left,1,"[21,24)","[1.6,1.78]","(3,8]",2010s,Paraguay,Rest_of_World
Coke,https://fbref.com/en/players/6d8f8441/Coke,https://www.transfermarkt.com/coke/profil/spieler/71905,Spain,16,Yes,37,38,21,2008,8,371,56,398,398,0,right,Defender,1.76,21,1.76,2008,0,right,1,"[21,24)","[1.6,1.78]","(3,8]",2000s,Spain,EU_Major
Corona,https://fbref.com/en/players/4798bc33/Corona,https://www.transfermarkt.com/miguel-angel-corona/profil/spieler/7945,Spain,17,Yes,36,44,19,2000,5,147,15,443,443,0,right,Midfield,1.74,19,1.74,2000,0,right,1,"[18,21)","[1.6,1.78]","(3,8]",2000s,Spain,EU_Major
Cristóbal,https://fbref.com/en/players/81da94e5/Cristobal,https://www.transfermarkt.com/cristobal-marquez/profil/spieler/72281,Spain,17,No,NA,41,25,2009,NA,NA,NA,185,185,0,right,Midfield,1.8,25,1.8,2009,0,right,0,"[24,30]","(1.78,1.83]",NA,2000s,Spain,EU_Major
Cristhian Stuani,https://fbref.com/en/players/220c11f1/Cristhian-Stuani,https://www.transfermarkt.com/cristhian-stuani/profil/spieler/59323,Uruguay  Italy,19,No,NA,38,20,2007,21,267,44,583,617,10,right,Attack,1.84,20,1.84,2007,2.1,right,0,"[18,21)","(1.83,2]","(8,56]",2000s,Uruguay Italy,EU_Major
Cristián Zapata,https://fbref.com/en/players/b1deecf8/Cristian-Zapata,https://www.transfermarkt.com/cristian-zapata/profil/spieler/34344,Colombia,20,No,NA,38,19,2005,17,594,97,495,523,10,right,Defender,1.87,19,1.87,2005,1.7,right,0,"[18,21)","(1.83,2]","(8,56]",2000s,Colombia,Rest_of_World
Cristian Álvarez,https://fbref.com/en/players/87e89eb4/Cristian-Alvarez,https://www.transfermarkt.com/cristian-alvarez/profil/spieler/55135,Argentina  Spain,20,Yes,40,39,20,2008,3,98,18,306,306,0,right,Goalkeeper,1.86,20,1.86,2008,0,right,1,"[18,21)","(1.83,2]","[1,3]",2000s,Argentina Spain,EU_Major
Cristian Ansaldi,https://fbref.com/en/players/bbafc0c4/Cristian-Ansaldi,https://www.transfermarkt.com/cristian-ansaldi/profil/spieler/55854,Argentina  Italy,19,Yes,38,38,19,2008,24,677,102,402,404,5,both,Defender,1.81,19,1.81,2008,4.8,both,1,"[18,21)","(1.78,1.83]","(8,56]",2000s,Argentina Italy,EU_Major
Cristian Bustos,https://fbref.com/en/players/ccb6ae73/Cristian-Bustos,https://www.transfermarkt.com/cristian-bustos/profil/spieler/57922,Spain,11,Yes,35,42,24,2007,NA,NA,NA,245,245,0,right,Midfield,1.76,24,1.76,2007,0,right,1,"[24,30]","[1.6,1.78]",NA,2000s,Spain,EU_Major
Cristian Gómez,https://fbref.com/en/players/d9b41da8/Cristian-Gomez,https://www.transfermarkt.com/cristian-gomez/profil/spieler/198047,Spain,12,Yes,34,36,22,2011,NA,NA,NA,59,59,0,left,Midfield,1.86,22,1.86,2011,0,left,1,"[21,24)","(1.83,2]",NA,2010s,Spain,EU_Major
Cristian Herrera,https://fbref.com/en/players/f814e5d3/Cristian-Herrera,https://www.transfermarkt.com/cristian-herrera/profil/spieler/237617,Spain,12,No,NA,34,22,2013,1,7,1,389,389,0,both,Attack,1.82,22,1.82,2013,0,both,0,"[21,24)","(1.78,1.83]","[1,3]",2010s,Spain,EU_Major
Cristian Hidalgo,https://fbref.com/en/players/262b9f04/Cristian-Hidalgo,https://www.transfermarkt.com/cristian-hidalgo/profil/spieler/8155,Spain,16,Yes,38,41,22,2006,NA,NA,NA,123,123,0,right,Attack,1.71,22,1.71,2006,0,right,1,"[21,24)","[1.6,1.78]",NA,2000s,Spain,EU_Major
Cristian Lobato,https://fbref.com/en/players/a7ac9c6d/Cristian-Lobato,https://www.transfermarkt.com/cristian-lobato/profil/spieler/175787,Spain,14,No,NA,36,22,2011,4,370,51,138,138,0,left,Attack,1.74,22,1.74,2011,0,left,0,"[21,24)","[1.6,1.78]","(3,8]",2010s,Spain,EU_Major
Cristian Portilla,https://fbref.com/en/players/2f09542a/Cristian-Portilla,https://www.transfermarkt.com/cristian-portilla/profil/spieler/35538,Spain,17,Yes,34,36,17,2005,1,213,26,89,89,0,left,Midfield,1.8,17,1.8,2005,0,left,1,"[15,18)","(1.78,1.83]","[1,3]",2000s,Spain,EU_Major
Cristian Pulhac,https://fbref.com/en/players/b68a705d/Cristian-Pulhac,https://www.transfermarkt.com/cristian-pulhac/profil/spieler/34781,Romania,14,Yes,34,40,20,2006,1,183,15,177,177,0,left,Defender,1.76,20,1.76,2006,0,left,1,"[18,21)","[1.6,1.78]","[1,3]",2000s,Romania,Rest_of_World
Cristian Rodríguez,https://fbref.com/en/players/dcd67568/Cristian-Rodriguez,https://www.transfermarkt.com/cristian-rodriguez/profil/spieler/33448,Uruguay  Italy,18,Yes,38,39,20,2005,28,471,77,445,488,10,left,Midfield,1.76,20,1.76,2005,2.8,left,1,"[18,21)","[1.6,1.78]","(8,56]",2000s,Uruguay Italy,EU_Major
Cristian Săpunaru,https://fbref.com/en/players/906d58bc/Cristian-Sapunaru,https://www.transfermarkt.com/cristian-sapunaru/profil/spieler/25942,Romania,22,Yes,41,41,19,2006,9,122,26,487,520,12,right,Defender,1.87,19,1.87,2006,0.75,right,1,"[18,21)","(1.83,2]","(8,56]",2000s,Romania,Rest_of_World
Cristian Tello,https://fbref.com/en/players/72a99e38/Cristian-Tello,https://www.transfermarkt.com/cristian-tello/profil/spieler/141834,Spain,16,No,NA,33,19,2010,11,227,42,455,455,0,both,Attack,1.78,19,1.78,2010,0,both,0,"[18,21)","[1.6,1.78]","(8,56]",2010s,Spain,EU_Major
Cristiano Ronaldo,https://fbref.com/en/players/dea698d9/Cristiano-Ronaldo,https://www.transfermarkt.com/cristiano-ronaldo/profil/spieler/8198,Portugal,24,No,NA,40,17,2002,29,482,85,946,1136,35,right,Attack,1.88,17,1.88,2002,0.828571429,right,0,"[15,18)","(1.83,2]","(8,56]",2000s,Portugal,EU_Major
Dídac Vilà,https://fbref.com/en/players/bad38a94/Didac-Vila,https://www.transfermarkt.com/didac-vila/profil/spieler/67090,Spain,13,Yes,33,36,20,2009,8,486,51,259,259,0,left,Defender,1.85,20,1.85,2009,0,left,1,"[18,21)","(1.83,2]","(3,8]",2000s,Spain,EU_Major
Damià Abella,https://fbref.com/en/players/e35b4a15/Damia-Abella,https://www.transfermarkt.com/damia-abella/profil/spieler/28002,Spain,12,Yes,34,43,22,2004,2,502,80,233,233,0,both,Defender,1.88,22,1.88,2004,0,both,1,"[21,24)","(1.83,2]","[1,3]",2000s,Spain,EU_Major
Damián Suárez,https://fbref.com/en/players/ba5004e1/Damian-Suarez,https://www.transfermarkt.com/damian-suarez/profil/spieler/76746,Uruguay  Spain,18,No,NA,37,19,2011,12,117,18,452,458,2,right,Defender,1.73,19,1.73,2011,6,right,0,"[18,21)","[1.6,1.78]","(8,56]",2010s,Uruguay Spain,EU_Major
Damien Perquis,https://fbref.com/en/players/c33b3de1/Damien-Perquis,https://www.transfermarkt.com/damien-perquis/profil/spieler/31050,Poland  France,16,Yes,35,41,19,2005,8,372,63,327,330,2,right,Defender,1.84,19,1.84,2005,4,right,1,"[18,21)","(1.83,2]","(3,8]",2000s,Poland France,EU_Major
Dani Alves,https://fbref.com/en/players/c9e99e49/Dani-Alves,https://www.transfermarkt.com/dani-alves/profil/spieler/15951,Brazil  Spain,22,Yes,40,42,18,2002,16,501,91,763,817,13,right,Defender,1.72,18,1.72,2002,1.230769231,right,1,"[18,21)","[1.6,1.78]","(8,56]",2000s,Brazil Spain,EU_Major
Dani Aquino,https://fbref.com/en/players/060a66fb/Dani-Aquino,https://www.transfermarkt.com/dani-aquino/profil/spieler/59335,Spain  Argentina,19,No,NA,35,16,2007,9,325,61,94,94,0,left,Attack,1.78,16,1.78,2007,0,left,0,"[15,18)","[1.6,1.78]","(8,56]",2000s,Spain Argentina,EU_Major
Dani Benítez,https://fbref.com/en/players/51c34a32/Dani-Benitez,https://www.transfermarkt.com/dani-benitez/profil/spieler/63695,Spain,18,No,NA,38,21,2008,4,171,22,113,113,0,left,Attack,1.82,21,1.82,2008,0,left,0,"[21,24)","(1.78,1.83]","(3,8]",2000s,Spain,EU_Major
Dani Carvajal,https://fbref.com/en/players/4958bfb2/Dani-Carvajal,https://www.transfermarkt.com/daniel-carvajal/profil/spieler/138927,Spain,14,No,NA,33,20,2012,32,1181,239,457,508,20,right,Defender,1.73,20,1.73,2012,1.6,right,0,"[18,21)","[1.6,1.78]","(8,56]",2010s,Spain,EU_Major
Dani Ceballos,https://fbref.com/en/players/c0617e2b/Dani-Ceballos,https://www.transfermarkt.com/dani-ceballos/profil/spieler/319745,Spain,13,No,NA,28,17,2013,13,440,80,380,393,6,right,Midfield,1.79,17,1.79,2013,2.166666667,right,0,"[15,18)","(1.78,1.83]","(8,56]",2010s,Spain,EU_Major
Dani Estrada,https://fbref.com/en/players/519412fd/Dani-Estrada,https://www.transfermarkt.com/dani-estrada/profil/spieler/47648,Spain,19,No,NA,38,20,2006,2,116,20,162,162,0,right,Defender,1.79,20,1.79,2006,0,right,0,"[18,21)","(1.78,1.83]","[1,3]",2000s,Spain,EU_Major
Dani Güiza,https://fbref.com/en/players/d863ea53/Dani-Guiza,https://www.transfermarkt.com/dani-guiza/profil/spieler/8186,Spain,26,No,NA,44,19,1999,2,104,14,320,332,4,right,Attack,1.83,19,1.83,1999,0.5,right,0,"[18,21)","(1.78,1.83]","[1,3]",1990s,Spain,EU_Major
Dani García,https://fbref.com/en/players/240d3a0b/Dani-Garcia,https://www.transfermarkt.com/dani-garcia/profil/spieler/178425,Spain,13,No,NA,35,23,2013,11,289,34,414,414,0,right,Midfield,1.8,23,1.8,2013,0,right,0,"[21,24)","(1.78,1.83]","(8,56]",2010s,Spain,EU_Major
Dani Giménez,https://fbref.com/en/players/7c218bf9/Dani-Gimenez,https://www.transfermarkt.com/dani-gimenez/profil/spieler/71801,Spain,12,Yes,38,42,26,2009,2,60,9,191,191,0,right,Goalkeeper,1.85,26,1.85,2009,0,right,1,"[24,30]","(1.83,2]","[1,3]",2000s,Spain,EU_Major
Dani Hernández,https://fbref.com/en/players/ba02295e/Dani-Hernandez,https://www.transfermarkt.com/dani-hernandez/profil/spieler/88528,Venezuela  Spain,12,Yes,38,39,26,2011,3,125,6,260,273,5,right,Goalkeeper,1.96,26,1.96,2011,0.6,right,1,"[24,30]","(1.83,2]","[1,3]",2010s,Venezuela Spain,EU_Major
Dani Nieto,https://fbref.com/en/players/d7d46f3b/Dani-Nieto,https://www.transfermarkt.com/dani-nieto/profil/spieler/67544,Spain,15,No,NA,34,20,2011,2,21,4,202,202,0,left,Attack,1.74,20,1.74,2011,0,left,0,"[18,21)","[1.6,1.78]","[1,3]",2010s,Spain,EU_Major
Dani Osvaldo,https://fbref.com/en/players/3f0eba4f/Dani-Osvaldo,https://www.transfermarkt.com/daniel-osvaldo/profil/spieler/37389,Italy  Argentina,14,Yes,34,39,20,2005,9,261,47,269,278,3,right,Attack,1.82,20,1.82,2005,3,right,1,"[18,21)","(1.78,1.83]","(8,56]",2000s,Italy Argentina,EU_Major
Dani Romera,https://fbref.com/en/players/b2855ce9/Dani-Romera,https://www.transfermarkt.com/dani-romera/profil/spieler/271451,Spain,12,No,NA,29,18,2013,5,252,20,123,123,0,right,Attack,1.72,18,1.72,2013,0,right,0,"[18,21)","[1.6,1.78]","(3,8]",2010s,Spain,EU_Major
Daniel Aranzubia,https://fbref.com/en/players/0e9ce3e0/Daniel-Aranzubia,https://www.transfermarkt.com/daniel-aranzubia/profil/spieler/7612,Spain,14,Yes,35,45,21,2000,1,10,0,354,354,0,right,Goalkeeper,1.84,21,1.84,2000,0,right,1,"[21,24)","(1.83,2]","[1,3]",2000s,Spain,EU_Major
Daniel Candeias,https://fbref.com/en/players/0366fc78/Daniel-Candeias,https://www.transfermarkt.com/daniel-candeias/profil/spieler/56046,Portugal,18,No,NA,37,19,2008,5,67,14,434,434,0,right,Attack,1.77,19,1.77,2008,0,right,0,"[18,21)","[1.6,1.78]","(3,8]",2000s,Portugal,EU_Major
Daniel Carriço,https://fbref.com/en/players/e1deea75/Daniel-Carrico,https://www.transfermarkt.com/daniel-carrico/profil/spieler/37712,Portugal,16,Yes,35,36,19,2008,30,989,177,303,304,3,right,Defender,1.83,19,1.83,2008,10,right,1,"[18,21)","(1.78,1.83]","(8,56]",2000s,Portugal,EU_Major
Daniel Larsson,https://fbref.com/en/players/43833b31/Daniel-Larsson,https://www.transfermarkt.com/daniel-larsson/profil/spieler/27292,Sweden,17,Yes,36,38,19,2005,6,178,26,394,394,0,right,Attack,1.75,19,1.75,2005,0,right,1,"[18,21)","[1.6,1.78]","(3,8]",2000s,Sweden,Rest_of_World
Daniel Pacheco,https://fbref.com/en/players/5b2a4b8d/Daniel-Pacheco,https://www.transfermarkt.com/dani-pacheco/profil/spieler/28285,Spain,17,No,NA,34,18,2009,6,234,32,314,314,0,both,Midfield,1.68,18,1.68,2009,0,both,0,"[18,21)","[1.6,1.78]","(3,8]",2000s,Spain,EU_Major
Daniel Parejo,https://fbref.com/en/players/7460ca0d/Daniel-Parejo,https://www.transfermarkt.com/dani-parejo/profil/spieler/59561,Spain,19,No,NA,36,17,2006,6,109,24,696,700,2,right,Midfield,1.82,17,1.82,2006,3,right,0,"[15,18)","(1.78,1.83]","(3,8]",2000s,Spain,EU_Major
Daniel Pinillos,https://fbref.com/en/players/09d26c80/Daniel-Pinillos,https://www.transfermarkt.com/dani-pinillos/profil/spieler/240039,Spain,12,No,NA,32,21,2013,1,387,56,129,129,0,left,Defender,1.83,21,1.83,2013,0,left,0,"[21,24)","(1.78,1.83]","[1,3]",2010s,Spain,EU_Major
Daniel Sotres,https://fbref.com/en/players/0a02a8fa/Daniel-Sotres,https://www.transfermarkt.com/dani-sotres/profil/spieler/171170,Spain,14,No,NA,32,18,2011,NA,NA,NA,45,45,0,right,Goalkeeper,1.85,18,1.85,2011,0,right,0,"[18,21)","(1.83,2]",NA,2010s,Spain,EU_Major
Danijel Pranjić,https://fbref.com/en/players/38929ff9/Danijel-Pranjic,https://www.transfermarkt.com/danijel-pranjic/profil/spieler/25617,Croatia,18,Yes,40,43,22,2005,9,151,22,335,373,11,left,Defender,1.72,22,1.72,2005,0.818181818,left,1,"[21,24)","[1.6,1.78]","(8,56]",2000s,Croatia,Rest_of_World
Dariusz Dudka,https://fbref.com/en/players/afe5aff7/Dariusz-Dudka,https://www.transfermarkt.com/dariusz-dudka/profil/spieler/24502,Poland,20,Yes,36,41,16,2002,4,162,27,323,343,5,right,Midfield,1.84,16,1.84,2002,0.8,right,1,"[15,18)","(1.83,2]","(3,8]",2000s,Poland,Rest_of_World
Darwin Machís,https://fbref.com/en/players/ed6ea4d9/Darwin-Machis,https://www.transfermarkt.com/darwin-machis/profil/spieler/211251,Venezuela  Spain,15,No,NA,32,18,2012,4,142,22,322,365,9,right,Attack,1.71,18,1.71,2012,0.444444444,right,0,"[18,21)","[1.6,1.78]","(3,8]",2010s,Venezuela Spain,EU_Major
David Albelda,https://fbref.com/en/players/def14f68/David-Albelda,https://www.transfermarkt.com/david-albelda/profil/spieler/7575,Spain,17,Yes,36,47,19,1997,4,105,19,474,500,5,right,Midfield,1.82,19,1.82,1997,0.8,right,1,"[18,21)","(1.78,1.83]","(3,8]",1990s,Spain,EU_Major
David Barral,https://fbref.com/en/players/d99f9282/David-Barral,https://www.transfermarkt.com/david-barral/profil/spieler/20346,Spain,17,Yes,39,42,22,2005,9,181,26,413,413,0,right,Attack,1.8,22,1.8,2005,0,right,1,"[21,24)","(1.78,1.83]","(8,56]",2000s,Spain,EU_Major
David Cerrajería,https://fbref.com/en/players/2ebb9df6/David-Cerrajeria,https://www.transfermarkt.com/david-cerra/profil/spieler/25041,Spain,10,Yes,33,42,23,2006,NA,NA,NA,108,108,0,right,Defender,1.77,23,1.77,2006,0,right,1,"[21,24)","[1.6,1.78]",NA,2000s,Spain,EU_Major
David Cobeño,https://fbref.com/en/players/df7b0840/David-Cobeno,https://www.transfermarkt.com/david-cobeno/profil/spieler/37906,Spain,11,Yes,34,43,23,2005,3,375,52,186,186,0,NA,Goalkeeper,1.88,23,1.88,2005,0,unknown,1,"[21,24)","(1.83,2]","[1,3]",2000s,Spain,EU_Major
David Cortés,https://fbref.com/en/players/99d15abd/David-Cortes,https://www.transfermarkt.com/david-cortes/profil/spieler/7671,Spain,16,Yes,36,45,20,1998,NA,NA,NA,365,365,0,right,Defender,1.78,20,1.78,1998,0,right,1,"[18,21)","[1.6,1.78]",NA,1990s,Spain,EU_Major
David Costas,https://fbref.com/en/players/545e2f01/David-Costas,https://www.transfermarkt.com/david-costas/profil/spieler/276111,Spain,12,No,NA,30,18,2013,5,197,28,258,258,0,right,Defender,1.84,18,1.84,2013,0,right,0,"[18,21)","(1.83,2]","(3,8]",2010s,Spain,EU_Major
David de Gea,https://fbref.com/en/players/7ba6d84e/David-de-Gea,https://www.transfermarkt.com/david-de-gea/profil/spieler/59377,Spain,18,No,NA,34,18,2009,6,48,6,653,698,18,right,Goalkeeper,1.92,18,1.92,2009,0.333333333,right,0,"[18,21)","(1.83,2]","(3,8]",2000s,Spain,EU_Major
David García,https://fbref.com/en/players/f47bf593/David-Garcia,https://www.transfermarkt.com/david-garcia/profil/spieler/7878,Spain,16,Yes,34,44,18,1999,3,130,20,328,328,0,left,Defender,1.78,18,1.78,1999,0,left,1,"[18,21)","[1.6,1.78]","[1,3]",1990s,Spain,EU_Major
David Generelo,https://fbref.com/en/players/2ae48997/David-Generelo,https://www.transfermarkt.com/david-generelo/profil/spieler/7985,Spain,13,Yes,33,42,20,2002,1,184,20,256,256,0,right,Midfield,1.81,20,1.81,2002,0,right,1,"[18,21)","(1.78,1.83]","[1,3]",2000s,Spain,EU_Major
David Goldar,https://fbref.com/en/players/56a787a6/David-Goldar,https://www.transfermarkt.com/david-goldar/profil/spieler/278357,Spain,12,No,NA,30,19,2013,1,5,1,88,88,0,right,Defender,1.84,19,1.84,2013,0,right,0,"[18,21)","(1.83,2]","[1,3]",2010s,Spain,EU_Major
David López,https://fbref.com/en/players/a698164e/David-Lopez,https://www.transfermarkt.com/david-lopez/profil/spieler/25462,Spain,19,Yes,41,42,22,2004,4,61,11,372,372,0,right,Midfield,1.81,22,1.81,2004,0,right,1,"[21,24)","(1.78,1.83]","(3,8]",2000s,Spain,EU_Major
David López,https://fbref.com/en/players/f03f284b/David-Lopez,https://www.transfermarkt.com/david-lopez/profil/spieler/129444,Spain,17,No,NA,35,20,2010,8,354,50,431,431,0,right,Defender,1.85,20,1.85,2010,0,right,0,"[18,21)","(1.83,2]","(3,8]",2010s,Spain,EU_Major
David Lombán,https://fbref.com/en/players/b43b81f1/David-Lomban,https://www.transfermarkt.com/david-lomban/profil/spieler/63723,Spain,15,Yes,35,38,20,2007,4,301,41,354,354,0,right,Defender,1.85,20,1.85,2007,0,right,1,"[18,21)","(1.83,2]","(3,8]",2000s,Spain,EU_Major
David Mateos,https://fbref.com/en/players/ddee7ba5/David-Mateos,https://www.transfermarkt.com/david-mateos/profil/spieler/45304,Spain,14,No,NA,38,24,2010,5,134,19,139,139,0,right,Defender,1.91,24,1.91,2010,0,right,0,"[24,30]","(1.83,2]","(3,8]",2010s,Spain,EU_Major
David Navarro,https://fbref.com/en/players/5dbdb37b/David-Navarro,https://www.transfermarkt.com/david-navarro/profil/spieler/7568,Spain,17,Yes,38,45,21,2001,4,82,13,348,348,0,right,Defender,1.88,21,1.88,2001,0,right,1,"[21,24)","(1.83,2]","(3,8]",2000s,Spain,EU_Major
David Rochela,https://fbref.com/en/players/ac3499f5/David-Rochela,https://www.transfermarkt.com/david-rochela/profil/spieler/58904,Spain,13,Yes,33,35,20,2009,1,93,14,21,21,0,right,Defender,1.85,20,1.85,2009,0,right,1,"[18,21)","(1.83,2]","[1,3]",2000s,Spain,EU_Major
David Rodríguez,https://fbref.com/en/players/bae862bf/David-Rodriguez,https://www.transfermarkt.com/david-rodriguez/profil/spieler/57950,Spain,19,Yes,38,39,19,2005,1,23,5,426,426,0,right,Attack,1.79,19,1.79,2005,0,right,1,"[18,21)","(1.78,1.83]","[1,3]",2000s,Spain,EU_Major
David Timor,https://fbref.com/en/players/174651c8/David-Timor,https://www.transfermarkt.com/david-timor/profil/spieler/158795,Spain,15,No,NA,35,21,2010,3,156,20,424,424,0,left,Midfield,1.85,21,1.85,2010,0,left,0,"[21,24)","(1.83,2]","[1,3]",2010s,Spain,EU_Major
David Trezeguet,https://fbref.com/en/players/80183cb2/David-Trezeguet,https://www.transfermarkt.com/david-trezeguet/profil/spieler/4146,France  Argentina,20,Yes,38,47,18,1995,12,669,158,443,467,7,both,Attack,1.9,18,1.9,1995,1.714285714,both,1,"[18,21)","(1.83,2]","(8,56]",1990s,France Argentina,EU_Major
David Villa,https://fbref.com/en/players/ade08a67/David-Villa,https://www.transfermarkt.com/david-villa/profil/spieler/7980,Spain,20,Yes,39,43,19,2001,14,457,91,652,711,13,both,Attack,1.74,19,1.74,2001,1.076923077,both,1,"[18,21)","[1.6,1.78]","(8,56]",2000s,Spain,EU_Major
David Zurutuza,https://fbref.com/en/players/d9bda115/David-Zurutuza,https://www.transfermarkt.com/david-zurutuza/profil/spieler/59375,Spain  France,13,Yes,34,39,21,2007,16,652,90,311,311,0,right,Midfield,1.86,21,1.86,2007,0,right,1,"[21,24)","(1.83,2]","(8,56]",2000s,Spain France,EU_Major
Deivid,https://fbref.com/en/players/c1c76662/Deivid,https://www.transfermarkt.com/deivid/profil/spieler/93330,Spain,10,Yes,33,36,23,2011,2,303,46,195,195,0,right,Defender,1.88,23,1.88,2011,0,right,1,"[21,24)","(1.83,2]","[1,3]",2010s,Spain,EU_Major
Dejan Lekić,https://fbref.com/en/players/f73b1a65/Dejan-Lekic,https://www.transfermarkt.com/dejan-lekic/profil/spieler/49795,Serbia,19,No,NA,40,22,2009,3,75,14,262,266,1,both,Attack,1.93,22,1.93,2009,3,both,0,"[21,24)","(1.83,2]","[1,3]",2000s,Serbia,Rest_of_World
Denis Cheryshev,https://fbref.com/en/players/0ac94a23/Denis-Cheryshev,https://www.transfermarkt.com/denis-cheryshev/profil/spieler/98322,Russia  Spain,14,No,NA,34,21,2012,22,1092,177,289,321,13,left,Attack,1.79,21,1.79,2012,1.692307692,left,0,"[21,24)","(1.78,1.83]","(8,56]",2010s,Russia Spain,EU_Major
Denis Suárez,https://fbref.com/en/players/12c50af5/Denis-Suarez,https://www.transfermarkt.com/denis-suarez/profil/spieler/165007,Spain,13,No,NA,31,19,2013,15,682,107,364,365,1,right,Attack,1.76,19,1.76,2013,15,right,0,"[18,21)","[1.6,1.78]","(8,56]",2010s,Spain,EU_Major
Didier Zokora,https://fbref.com/en/players/23921ca7/Didier-Zokora,https://www.transfermarkt.com/didier-zokora/profil/spieler/13389,Cote d'Ivoire,18,Yes,37,44,19,2003,2,31,5,424,449,8,right,Midfield,1.8,19,1.8,2003,0.25,right,1,"[18,21)","(1.78,1.83]","[1,3]",2000s,Cote d'Ivoire,Rest_of_World
Diego,https://fbref.com/en/players/255a478a/Diego,https://www.transfermarkt.com/diego/profil/spieler/4248,Brazil  Italy,21,Yes,38,40,17,2004,17,285,58,615,616,2,right,Attack,1.73,17,1.73,2004,8.5,right,1,"[15,18)","[1.6,1.78]","(8,56]",2000s,Brazil Italy,EU_Major
Diego Alves,https://fbref.com/en/players/12421a7c/Diego-Alves,https://www.transfermarkt.com/diego-alves/profil/spieler/42373,Brazil  Italy,20,Yes,40,40,20,2007,6,451,72,447,450,5,left,Goalkeeper,1.87,20,1.87,2007,1.2,left,1,"[18,21)","(1.83,2]","(3,8]",2000s,Brazil Italy,EU_Major
Diego Benito Rey,https://fbref.com/en/players/049c2adb/Diego-Benito-Rey,https://www.transfermarkt.com/diego-benito/profil/spieler/139859,Spain,15,No,NA,36,22,2010,NA,NA,NA,56,56,0,right,Midfield,1.76,22,1.76,2010,0,right,0,"[21,24)","[1.6,1.78]",NA,2010s,Spain,EU_Major
Diego Buonanotte,https://fbref.com/en/players/4680cb30/Diego-Buonanotte,https://www.transfermarkt.com/diego-buonanotte/profil/spieler/45646,Argentina  Chile,20,No,NA,37,17,2011,8,241,37,343,343,0,left,Attack,1.61,17,1.61,2011,0,left,0,"[15,18)","[1.6,1.78]","(3,8]",2010s,Argentina Chile,South_America
Diego Capel,https://fbref.com/en/players/4933a2f2/Diego-Capel,https://www.transfermarkt.com/diego-capel/profil/spieler/27471,Spain,19,Yes,35,37,16,2004,7,158,51,324,325,1,left,Attack,1.73,16,1.73,2004,7,left,1,"[15,18)","[1.6,1.78]","(3,8]",2000s,Spain,EU_Major
Diego Castro,https://fbref.com/en/players/3ddc0a25/Diego-Castro,https://www.transfermarkt.com/diego-castro/profil/spieler/57791,Spain,18,Yes,39,43,21,2003,NA,NA,NA,526,526,0,right,Attack,1.74,21,1.74,2003,0,right,1,"[21,24)","[1.6,1.78]",NA,2000s,Spain,EU_Major
Diego Colotto,https://fbref.com/en/players/d9d4e0c0/Diego-Colotto,https://www.transfermarkt.com/diego-colotto/profil/spieler/27453,Argentina  Italy,17,Yes,37,44,20,2004,1,62,6,348,348,0,right,Defender,1.84,20,1.84,2004,0,right,1,"[18,21)","(1.83,2]","[1,3]",2000s,Argentina Italy,EU_Major
Diego Costa,https://fbref.com/en/players/a190d597/Diego-Costa,https://www.transfermarkt.com/diego-costa/profil/spieler/44779,Spain  Brazil,20,No,NA,36,17,2006,30,769,143,512,536,9,right,Attack,1.86,17,1.86,2006,3.333333333,right,0,"[15,18)","(1.83,2]","(8,56]",2000s,Spain Brazil,EU_Major
Diego Godín,https://fbref.com/en/players/fc4f85b1/Diego-Godin,https://www.transfermarkt.com/diego-godin/profil/spieler/54928,Uruguay  Spain,17,Yes,38,39,21,2007,28,480,94,580,661,14,right,Defender,1.87,21,1.87,2007,2,right,1,"[21,24)","(1.83,2]","(8,56]",2000s,Uruguay Spain,EU_Major
Diego Ifrán,https://fbref.com/en/players/59e3e40f/Diego-Ifran,https://www.transfermarkt.com/diego-ifran/profil/spieler/76701,Uruguay,10,Yes,30,38,20,2010,4,465,54,131,131,0,right,Attack,1.74,20,1.74,2010,0,right,1,"[18,21)","[1.6,1.78]","(3,8]",2010s,Uruguay,South_America
Diego López,https://fbref.com/en/players/73683fa9/Diego-Lopez,https://www.transfermarkt.com/diego-lopez/profil/spieler/34370,Spain,18,Yes,42,43,24,2005,7,276,41,528,528,0,right,Goalkeeper,1.96,24,1.96,2005,0,right,1,"[24,30]","(1.83,2]","(3,8]",2000s,Spain,EU_Major
Diego Llorente,https://fbref.com/en/players/bba30585/Diego-Llorente,https://www.transfermarkt.com/diego-llorente/profil/spieler/246291,Spain,13,No,NA,31,19,2012,18,505,95,341,351,10,right,Defender,1.86,19,1.86,2012,1.8,right,0,"[18,21)","(1.83,2]","(8,56]",2010s,Spain,EU_Major
Diego Lugano,https://fbref.com/en/players/303ad7c3/Diego-Lugano,https://www.transfermarkt.com/diego-lugano/profil/spieler/13829,Uruguay  Italy,16,Yes,38,44,22,2006,12,170,31,223,243,5,right,Defender,1.88,22,1.88,2006,2.4,right,1,"[21,24)","(1.83,2]","(8,56]",2000s,Uruguay Italy,EU_Major
Diego Mainz,https://fbref.com/en/players/95db62b7/Diego-Mainz,https://www.transfermarkt.com/diego-mainz/profil/spieler/58070,Spain,16,Yes,34,42,18,2001,6,3705,35,230,230,0,both,Defender,1.87,18,1.87,2001,0,both,1,"[18,21)","(1.83,2]","(3,8]",2000s,Spain,EU_Major
Diego Mariño,https://fbref.com/en/players/d9235a45/Diego-Marino,https://www.transfermarkt.com/diego-marino/profil/spieler/59349,Spain,16,No,NA,35,20,2010,3,75,9,417,417,0,right,Goalkeeper,1.85,20,1.85,2010,0,right,0,"[18,21)","(1.83,2]","[1,3]",2010s,Spain,EU_Major
Diego Perotti,https://fbref.com/en/players/a40d5a0c/Diego-Perotti,https://www.transfermarkt.com/diego-perotti/profil/spieler/54984,Argentina  Spain,18,No,NA,37,19,2007,38,1004,168,384,387,2,right,Attack,1.79,19,1.79,2007,19,right,0,"[18,21)","(1.78,1.83]","(8,56]",2000s,Argentina Spain,EU_Major
Diego Rivas,https://fbref.com/en/players/eecf46bc/Diego-Rivas,https://www.transfermarkt.com/diego-rivas/profil/spieler/9991,Spain,18,Yes,38,45,20,2002,NA,NA,NA,342,342,0,right,Midfield,1.8,20,1.8,2002,0,right,1,"[18,21)","(1.78,1.83]",NA,2000s,Spain,EU_Major
Diego Seoane,https://fbref.com/en/players/71c7d503/Diego-Seoane,https://www.transfermarkt.com/diego-seoane/profil/spieler/104916,Spain,14,Yes,35,37,21,2009,1,93,6,86,86,0,right,Defender,1.81,21,1.81,2009,0,right,1,"[21,24)","(1.78,1.83]","[1,3]",2000s,Spain,EU_Major
Diego Valeri,https://fbref.com/en/players/31da63ad/Diego-Valeri,https://www.transfermarkt.com/diego-valeri/profil/spieler/54588,Argentina  Italy,18,Yes,36,39,18,2009,4,254,19,304,304,0,right,Attack,1.78,18,1.78,2009,0,right,1,"[18,21)","[1.6,1.78]","(3,8]",2000s,Argentina Italy,EU_Major
Dimitri Foulquier,https://fbref.com/en/players/45e17712/Dimitri-Foulquier,https://www.transfermarkt.com/dimitri-foulquier/profil/spieler/170472,Guadeloupe  France,14,No,NA,32,18,2011,10,323,36,382,382,0,right,Defender,1.83,18,1.83,2011,0,right,0,"[18,21)","(1.78,1.83]","(8,56]",2010s,Guadeloupe France,EU_Major
Diogo Figueiras,https://fbref.com/en/players/3e587547/Diogo-Figueiras,https://www.transfermarkt.com/diogo-figueiras/profil/spieler/172181,Portugal,14,No,NA,34,20,2011,2,150,26,205,205,0,right,Defender,1.69,20,1.69,2011,0,right,0,"[18,21)","[1.6,1.78]","[1,3]",2010s,Portugal,EU_Major
Diogo Salomão,https://fbref.com/en/players/45e4d136/Diogo-Salomao,https://www.transfermarkt.com/diogo-salomao/profil/spieler/145918,Portugal  Guinea-Bissau,15,No,NA,36,22,2010,5,405,35,209,209,0,left,Attack,1.74,22,1.74,2010,0,left,0,"[21,24)","[1.6,1.78]","(3,8]",2010s,Portugal Guinea-Bissau,EU_Major
Dioni,https://fbref.com/en/players/aac8c5ac/Dioni,https://www.transfermarkt.com/dioni/profil/spieler/164402,Spain,17,No,NA,35,20,2010,NA,NA,NA,83,83,0,left,Attack,1.84,20,1.84,2010,0,left,0,"[18,21)","(1.83,2]",NA,2010s,Spain,EU_Major
Domingo Cisma,https://fbref.com/en/players/4d85b73c/Domingo-Cisma,https://www.transfermarkt.com/domingo-cisma/profil/spieler/51535,Spain,12,Yes,35,43,23,2005,2,276,16,280,280,0,left,Defender,1.84,23,1.84,2005,0,left,1,"[21,24)","(1.83,2]","[1,3]",2000s,Spain,EU_Major
Dorlan Pabón,https://fbref.com/en/players/4eb45683/Dorlan-Pabon,https://www.transfermarkt.com/dorlan-pabon/profil/spieler/74667,Colombia,17,No,NA,37,21,2012,2,56,9,381,386,1,right,Attack,1.68,21,1.68,2012,2,right,0,"[21,24)","[1.6,1.78]","[1,3]",2010s,Colombia,Rest_of_World
Douglas,https://fbref.com/en/players/ee0da7af/Douglas,https://www.transfermarkt.com/douglas/profil/spieler/58426,Brazil,15,Yes,32,34,17,2014,11,514,76,88,88,0,right,Defender,1.71,17,1.71,2014,0,right,1,"[15,18)","[1.6,1.78]","(8,56]",2010s,Brazil,South_America
Duda,https://fbref.com/en/players/13d41642/Duda,https://www.transfermarkt.com/duda/profil/spieler/7782,Portugal,16,Yes,37,45,21,2001,8,207,32,382,382,0,left,Midfield,1.75,21,1.75,2001,0,left,1,"[21,24)","[1.6,1.78]","(3,8]",2000s,Portugal,EU_Major
Dudu Aouate,https://fbref.com/en/players/4d1b3701/Dudu-Aouate,https://www.transfermarkt.com/dudu-aouate/profil/spieler/3495,Israel  France,18,Yes,37,47,19,2003,1,62,4,322,365,5,NA,Goalkeeper,1.88,19,1.88,2003,0.2,unknown,1,"[18,21)","(1.83,2]","[1,3]",2000s,Israel France,EU_Major
Eñaut Zubikarai,https://fbref.com/en/players/5e92d0ec/Enaut-Zubikarai,https://www.transfermarkt.com/enaut-zubikarai/profil/spieler/76076,Spain,13,Yes,37,41,24,2005,NA,NA,NA,54,54,0,NA,Goalkeeper,1.85,24,1.85,2005,0,unknown,1,"[24,30]","(1.83,2]",NA,2000s,Spain,EU_Major
Eddy Silvestre,https://fbref.com/en/players/15ac2dc2/Eddy-Silvestre,https://www.transfermarkt.com/eddy-israfilov/profil/spieler/238865,Azerbaijan  Spain,14,No,NA,32,20,2012,8,342,54,210,234,8,right,Defender,1.91,20,1.91,2012,1,right,0,"[18,21)","(1.83,2]","(3,8]",2010s,Azerbaijan Spain,EU_Major
Eder Vilarchao,https://fbref.com/en/players/9ea0bf80/Eder-Vilarchao,https://www.transfermarkt.com/eder-vilarchao/profil/spieler/156892,Spain,3,Yes,25,35,22,2012,2,175,22,1,1,0,left,Attack,1.83,22,1.83,2012,0,left,1,"[21,24)","(1.78,1.83]","[1,3]",2010s,Spain,EU_Major
Edimar Fraga,https://fbref.com/en/players/e1bcce4c/Edimar-Fraga,https://www.transfermarkt.com/edimar/profil/spieler/74314,Brazil,18,No,NA,39,21,2008,NA,NA,NA,351,351,0,left,Defender,1.8,21,1.8,2008,0,left,0,"[21,24)","(1.78,1.83]",NA,2000s,Brazil,South_America
Edinho,https://fbref.com/en/players/1955f68d/Edinho,https://www.transfermarkt.com/edinho/profil/spieler/29366,Portugal  Guinea-Bissau,20,Yes,41,43,21,2003,2,233,32,308,312,2,right,Attack,1.82,21,1.82,2003,1,right,1,"[21,24)","(1.78,1.83]","[1,3]",2000s,Portugal Guinea-Bissau,EU_Major
Edmílson,https://fbref.com/en/players/13853c88/Edmilson,https://www.transfermarkt.com/edmilson/profil/spieler/5343,Brazil  Italy,17,Yes,36,49,19,2000,3,264,39,259,270,2,right,Midfield,1.86,19,1.86,2000,1.5,right,1,"[18,21)","(1.83,2]","[1,3]",2000s,Brazil Italy,EU_Major
Edson Ratinho,https://fbref.com/en/players/1f59bef7/Edson-Ratinho,https://www.transfermarkt.com/edson-ratinho/profil/spieler/50778,Brazil,15,Yes,36,39,21,2007,NA,NA,NA,132,132,0,right,Defender,1.7,21,1.7,2007,0,right,1,"[21,24)","[1.6,1.78]",NA,2000s,Brazil,South_America
Edu Albácar,https://fbref.com/en/players/fc8a84b8/Edu-Albacar,https://www.transfermarkt.com/edu-albacar/profil/spieler/57961,Spain,13,Yes,39,45,26,2006,7,370,42,274,274,0,left,Defender,1.76,26,1.76,2006,0,left,1,"[24,30]","[1.6,1.78]","(3,8]",2000s,Spain,EU_Major
Edu Bedia,https://fbref.com/en/players/2dc8077c/Edu-Bedia,https://www.transfermarkt.com/edu-bedia/profil/spieler/74764,Spain,17,No,NA,36,19,2008,8,325,43,294,294,0,left,Midfield,1.83,19,1.83,2008,0,left,0,"[18,21)","(1.78,1.83]","(3,8]",2000s,Spain,EU_Major
Edu Caballer,https://fbref.com/en/players/2e7586bb/Edu-Caballer,https://www.transfermarkt.com/edu-caballer/profil/spieler/73231,Spain,1,Yes,29,43,28,2009,NA,NA,NA,33,33,0,right,Defender,1.81,28,1.81,2009,0,right,1,"[24,30]","(1.78,1.83]",NA,2000s,Spain,EU_Major
Edu Oriol,https://fbref.com/en/players/94c9f17a/Edu-Oriol,https://www.transfermarkt.com/edu-oriol/profil/spieler/95488,Spain,14,Yes,37,38,23,2010,1,143,21,115,115,0,both,Defender,1.77,23,1.77,2010,0,both,1,"[21,24)","[1.6,1.78]","[1,3]",2010s,Spain,EU_Major
Edu Ramos,https://fbref.com/en/players/e6793b40/Edu-Ramos,https://www.transfermarkt.com/edu-ramos/profil/spieler/85365,Spain,17,No,NA,33,17,2009,2,123,20,206,206,0,right,Midfield,1.77,17,1.77,2009,0,right,0,"[15,18)","[1.6,1.78]","[1,3]",2000s,Spain,EU_Major
Eduardo Salvio,https://fbref.com/en/players/5f424f35/Eduardo-Salvio,https://www.transfermarkt.com/eduardo-salvio/profil/spieler/84535,Argentina,17,No,NA,35,18,2009,26,1085,207,477,486,6,right,Attack,1.73,18,1.73,2009,4.333333333,right,0,"[18,21)","[1.6,1.78]","(8,56]",2000s,Argentina,South_America
Eduardo Vargas,https://fbref.com/en/players/bd603c00/Eduardo-Vargas,https://www.transfermarkt.com/eduardo-vargas/profil/spieler/89718,Chile,19,No,NA,35,17,2011,6,251,42,354,423,13,right,Attack,1.74,17,1.74,2011,0.461538462,right,0,"[15,18)","[1.6,1.78]","(3,8]",2010s,Chile,Rest_of_World
Elías,https://fbref.com/en/players/97ce8f24/Elias,https://www.transfermarkt.com/elias/profil/spieler/74600,Brazil,13,Yes,36,40,23,2010,2,62,19,259,273,4,right,Midfield,1.73,23,1.73,2010,0.5,right,1,"[21,24)","[1.6,1.78]","[1,3]",2010s,Brazil,South_America
Eliseu,https://fbref.com/en/players/981869fc/Eliseu,https://www.transfermarkt.com/eliseu/profil/spieler/14192,Portugal  Cape Verde,16,Yes,35,41,19,2002,7,182,31,371,398,9,left,Defender,1.76,19,1.76,2002,0.777777778,left,1,"[18,21)","[1.6,1.78]","(3,8]",2000s,Portugal Cape Verde,EU_Major
Emanuel Insúa,https://fbref.com/en/players/792c7b94/Emanuel-Insua,https://www.transfermarkt.com/emanuel-insua/profil/spieler/226006,Argentina  Spain,13,No,NA,34,21,2014,10,202,26,259,259,0,left,Defender,1.76,21,1.76,2014,0,left,0,"[21,24)","[1.6,1.78]","(8,56]",2010s,Argentina Spain,EU_Major
Emi Buendía,https://fbref.com/en/players/66b76d44/Emi-Buendia,https://www.transfermarkt.com/emiliano-buendia/profil/spieler/321247,Argentina  Spain,11,No,NA,28,18,2014,5,508,86,314,315,2,right,Attack,1.72,18,1.72,2014,2.5,right,0,"[18,21)","[1.6,1.78]","(3,8]",2010s,Argentina Spain,EU_Major
Emiliano Armenteros,https://fbref.com/en/players/66475fb9/Emiliano-Armenteros,https://www.transfermarkt.com/emiliano-armenteros/profil/spieler/30747,Argentina  Italy,17,Yes,35,39,18,2007,2,49,8,306,306,0,left,Attack,1.78,18,1.78,2007,0,left,1,"[18,21)","[1.6,1.78]","[1,3]",2000s,Argentina Italy,EU_Major
Emiliano Insúa,https://fbref.com/en/players/f3cccffe/Emiliano-Insua,https://www.transfermarkt.com/emiliano-insua/profil/spieler/45599,Argentina  Spain,17,Yes,35,36,18,2006,7,171,30,400,401,2,left,Defender,1.79,18,1.79,2006,3.5,left,1,"[18,21)","(1.78,1.83]","(3,8]",2000s,Argentina Spain,EU_Major
Emiliano Velázquez,https://fbref.com/en/players/5efb80d5/Emiliano-Velazquez,https://www.transfermarkt.com/emiliano-velazquez/profil/spieler/189458,Uruguay,13,No,NA,31,18,2014,9,804,82,201,202,4,right,Defender,1.84,18,1.84,2014,2.25,right,0,"[18,21)","(1.83,2]","(8,56]",2010s,Uruguay,South_America
Emir Spahić,https://fbref.com/en/players/009633c8/Emir-Spahic,https://www.transfermarkt.com/emir-spahic/profil/spieler/25812,Bosnia-Herzegovina  Croatia,14,Yes,37,44,23,2004,13,142,18,324,387,12,right,Defender,1.86,23,1.86,2004,1.083333333,right,1,"[21,24)","(1.83,2]","(8,56]",2000s,Bosnia-Herzegovina Croatia,Rest_of_World
Emmanuel Adebayor,https://fbref.com/en/players/936d9e3e/Emmanuel-Adebayor,https://www.transfermarkt.com/emmanuel-adebayor/profil/spieler/8883,Togo  Nigeria,22,Yes,39,41,17,2001,19,214,43,488,518,9,right,Attack,1.92,17,1.92,2001,2.111111111,right,1,"[15,18)","(1.83,2]","(8,56]",2000s,Togo Nigeria,Rest_of_World
Emre Belözoğlu,https://fbref.com/en/players/48add958/Emre-Belozoglu,https://www.transfermarkt.com/emre-belozoglu/profil/spieler/5782,Türkiye,24,Yes,40,44,16,2001,56,1003,181,506,559,12,left,Midfield,1.7,16,1.7,2001,4.666666667,left,1,"[15,18)","[1.6,1.78]","(8,56]",2000s,Türkiye,Rest_of_World
Eneko Bóveda,https://fbref.com/en/players/1771f2c1/Eneko-Boveda,https://www.transfermarkt.com/eneko-boveda/profil/spieler/89313,Spain,14,Yes,34,36,20,2008,3,189,27,187,187,0,right,Defender,1.82,20,1.82,2008,0,right,1,"[18,21)","(1.78,1.83]","[1,3]",2000s,Spain,EU_Major
Eneko Capilla,https://fbref.com/en/players/54bed007/Eneko-Capilla,https://www.transfermarkt.com/eneko-capilla/profil/spieler/289241,Spain,11,No,NA,30,19,2014,2,187,17,83,83,0,left,Attack,1.67,19,1.67,2014,0,left,0,"[18,21)","[1.6,1.78]","[1,3]",2010s,Spain,EU_Major
Eneko Satrústegui,https://fbref.com/en/players/b7ce700f/Eneko-Satrustegui,https://www.transfermarkt.com/eneko-satrustegui/profil/spieler/158792,Spain,14,No,NA,34,21,2011,4,229,25,83,83,0,left,Defender,1.87,21,1.87,2011,0,left,0,"[21,24)","(1.83,2]","(3,8]",2010s,Spain,EU_Major
Enric Saborit,https://fbref.com/en/players/eb5bc3eb/Enric-Saborit,https://www.transfermarkt.com/enric-saborit/profil/spieler/85372,Spain,12,No,NA,33,21,2013,14,343,50,129,129,0,left,Defender,1.87,21,1.87,2013,0,left,0,"[21,24)","(1.83,2]","(8,56]",2010s,Spain,EU_Major
Enrique Corrales,https://fbref.com/en/players/a8dbcf66/Enrique-Corrales,https://www.transfermarkt.com/enrique-corrales/profil/spieler/25460,Spain,12,Yes,34,43,22,2004,1,45,8,163,163,0,left,Defender,1.77,22,1.77,2004,0,left,1,"[21,24)","[1.6,1.78]","[1,3]",2000s,Spain,EU_Major
Enrique de Lucas,https://fbref.com/en/players/ae61cc61/Enrique-de-Lucas,https://www.transfermarkt.com/quique-de-lucas/profil/spieler/3172,Spain,18,Yes,37,46,19,1997,1,19,2,468,468,0,right,Attack,1.75,19,1.75,1997,0,right,1,"[18,21)","[1.6,1.78]","[1,3]",1990s,Spain,EU_Major
Enrique Sola,https://fbref.com/en/players/bef2e50e/Enrique-Sola,https://www.transfermarkt.com/kike-sola/profil/spieler/51532,Spain,11,Yes,32,39,21,2006,7,622,78,151,151,0,right,Attack,1.84,21,1.84,2006,0,right,1,"[21,24)","(1.83,2]","(3,8]",2000s,Spain,EU_Major
Enzo Maresca,https://fbref.com/en/players/1a899d99/Enzo-Maresca,https://www.transfermarkt.com/enzo-maresca/profil/spieler/16651,Italy,17,Yes,37,45,20,1999,5,124,28,387,387,0,right,Midfield,1.8,20,1.8,1999,0,right,1,"[18,21)","(1.78,1.83]","(3,8]",1990s,Italy,EU_Major
Enzo Pérez,https://fbref.com/en/players/6d27cfc2/Enzo-Perez,https://www.transfermarkt.com/enzo-perez/profil/spieler/56066,Argentina,19,No,NA,39,20,2011,29,553,103,455,473,6,right,Midfield,1.78,20,1.78,2011,4.833333333,right,0,"[18,21)","[1.6,1.78]","(8,56]",2010s,Argentina,South_America
Enzo Roco,https://fbref.com/en/players/37f827ec/Enzo-Roco,https://www.transfermarkt.com/enzo-roco/profil/spieler/186862,Chile,15,No,NA,32,18,2014,8,407,48,262,286,9,right,Defender,1.92,18,1.92,2014,0.888888889,right,0,"[18,21)","(1.83,2]","(3,8]",2010s,Chile,Rest_of_World
Eric Bailly,https://fbref.com/en/players/a1232f4e/Eric-Bailly,https://www.transfermarkt.com/eric-bailly/profil/spieler/286384,Cote d'Ivoire,11,No,NA,31,20,2014,27,826,169,226,274,17,right,Defender,1.87,20,1.87,2014,1.588235294,right,0,"[18,21)","(1.83,2]","(8,56]",2010s,Cote d'Ivoire,Rest_of_World
Eric López,https://fbref.com/en/players/45ac80b3/Eric-Lopez,https://www.transfermarkt.com/eric-lopez/profil/spieler/176120,Spain,16,No,NA,32,17,2010,NA,NA,NA,4,4,0,right,Attack,1.78,17,1.78,2010,0,right,0,"[15,18)","[1.6,1.78]",NA,2010s,Spain,EU_Major
Erik Morán,https://fbref.com/en/players/6941883f/Erik-Moran,https://www.transfermarkt.com/erik-moran/profil/spieler/67542,Spain,13,No,NA,34,21,2012,3,45,7,277,277,0,right,Midfield,1.87,21,1.87,2012,0,right,0,"[21,24)","(1.83,2]","[1,3]",2010s,Spain,EU_Major
Ernesto Galán,https://fbref.com/en/players/7e4af593/Ernesto-Galan,https://www.transfermarkt.com/ernesto-galan/profil/spieler/73009,Spain,13,Yes,36,39,23,2009,2,102,15,204,204,0,right,Defender,1.81,23,1.81,2009,0,right,1,"[21,24)","(1.78,1.83]","[1,3]",2000s,Spain,EU_Major
Esteban,https://fbref.com/en/players/e4fc2638/Esteban,https://www.transfermarkt.com/esteban/profil/spieler/15974,Spain,20,Yes,42,50,22,1997,1,24,4,484,484,0,both,Goalkeeper,1.77,22,1.77,1997,0,both,1,"[21,24)","[1.6,1.78]","[1,3]",1990s,Spain,EU_Major
Esteban Granero,https://fbref.com/en/players/1b17ed86/Esteban-Granero,https://www.transfermarkt.com/esteban-granero/profil/spieler/44065,Spain,16,Yes,34,38,18,2006,7,293,66,371,371,0,right,Midfield,1.8,18,1.8,2006,0,right,1,"[18,21)","(1.78,1.83]","(3,8]",2000s,Spain,EU_Major
Evaldo Fabiano,https://fbref.com/en/players/74ea03bb/Evaldo-Fabiano,https://www.transfermarkt.com/evaldo/profil/spieler/25106,Brazil  Portugal,18,Yes,40,43,22,2003,NA,NA,NA,304,304,0,left,Defender,1.83,22,1.83,2003,0,left,1,"[21,24)","(1.78,1.83]",NA,2000s,Brazil Portugal,EU_Major
Ezequiel Calvente,https://fbref.com/en/players/633ea214/Ezequiel-Calvente,https://www.transfermarkt.com/ezequiel-calvente/profil/spieler/153739,Spain,16,No,NA,34,19,2010,5,106,10,109,109,0,right,Attack,1.69,19,1.69,2010,0,right,0,"[18,21)","[1.6,1.78]","(3,8]",2010s,Spain,EU_Major
Ezequiel Garay,https://fbref.com/en/players/ac3fb1be/Ezequiel-Garay,https://www.transfermarkt.com/ezequiel-garay/profil/spieler/35939,Argentina  Spain,17,Yes,35,38,18,2005,19,681,93,411,430,5,right,Defender,1.88,18,1.88,2005,3.8,right,1,"[18,21)","(1.83,2]","(8,56]",2000s,Argentina Spain,EU_Major
Ezequiel Rescaldani,https://fbref.com/en/players/fa1042a6/Ezequiel-Rescaldani,https://www.transfermarkt.com/ezequiel-rescaldani/profil/spieler/164477,Argentina  Italy,14,Yes,32,33,18,2013,4,72,8,107,107,0,right,Attack,1.92,18,1.92,2013,0,right,1,"[18,21)","(1.83,2]","(3,8]",2010s,Argentina Italy,EU_Major
Fábio Coentrão,https://fbref.com/en/players/0f8bd0a6/Fabio-Coentrao,https://www.transfermarkt.com/fabio-coentrao/profil/spieler/33648,Portugal,16,Yes,33,37,17,2004,27,711,109,290,326,10,left,Defender,1.79,17,1.79,2004,2.7,left,1,"[15,18)","(1.78,1.83]","(8,56]",2000s,Portugal,EU_Major
Fabián Orellana,https://fbref.com/en/players/c90977db/Fabian-Orellana,https://www.transfermarkt.com/fabian-orellana/profil/spieler/60890,Chile  Spain,18,Yes,37,39,19,2009,7,187,35,397,415,10,right,Attack,1.68,19,1.68,2009,0.7,right,1,"[18,21)","[1.6,1.78]","(3,8]",2000s,Chile Spain,EU_Major
Fabián Vargas,https://fbref.com/en/players/37a8a372/Fabian-Vargas,https://www.transfermarkt.com/fabian-vargas/profil/spieler/20006,Colombia,15,Yes,38,45,23,2009,1,142,24,133,133,0,right,Midfield,1.78,23,1.78,2009,0,right,1,"[21,24)","[1.6,1.78]","[1,3]",2000s,Colombia,Rest_of_World
Fabinho,https://fbref.com/en/players/7f3b388c/Fabinho,https://www.transfermarkt.com/fabinho/profil/spieler/225693,Brazil,14,No,NA,31,18,2012,10,233,47,520,544,9,right,Midfield,1.88,18,1.88,2012,1.111111111,right,0,"[18,21)","(1.83,2]","(8,56]",2010s,Brazil,South_America
Fabricio,https://fbref.com/en/players/af245161/Fabricio,https://www.transfermarkt.com/fabri/profil/spieler/45882,Spain  Uruguay,19,No,NA,37,20,2007,5,771,112,185,185,0,NA,Goalkeeper,1.84,20,1.84,2007,0,unknown,0,"[18,21)","(1.83,2]","(3,8]",2000s,Spain Uruguay,EU_Major
Fausto Rossi,https://fbref.com/en/players/79a8fa04/Fausto-Rossi,https://www.transfermarkt.com/fausto-rossi/profil/spieler/81743,Italy,16,No,NA,34,19,2010,15,533,93,178,178,0,right,Midfield,1.77,19,1.77,2010,0,right,0,"[18,21)","[1.6,1.78]","(8,56]",2010s,Italy,EU_Major
Fausto Tienza,https://fbref.com/en/players/039783d3/Fausto-Tienza,https://www.transfermarkt.com/fausto-tienza/profil/spieler/174859,Spain,13,No,NA,35,23,2012,4,134,15,151,151,0,right,Midfield,1.83,23,1.83,2012,0,right,0,"[21,24)","(1.78,1.83]","(3,8]",2010s,Spain,EU_Major
Fayçal Fajr,https://fbref.com/en/players/79135368/Faycal-Fajr,https://www.transfermarkt.com/faycal-fajr/profil/spieler/174344,Morocco  France,15,No,NA,36,23,2011,4,45,10,430,479,15,right,Midfield,1.79,23,1.79,2011,0.266666667,right,0,"[21,24)","(1.78,1.83]","(3,8]",2010s,Morocco France,EU_Major
Fede Vico,https://fbref.com/en/players/f681a8ef/Fede-Vico,https://www.transfermarkt.com/fede-vico/profil/spieler/162079,Spain,15,No,NA,31,16,2010,5,532,77,324,324,0,left,Attack,1.79,16,1.79,2010,0,left,0,"[15,18)","(1.78,1.83]","(3,8]",2010s,Spain,EU_Major
Federico Cartabia,https://fbref.com/en/players/a8e6bebf/Federico-Cartabia,https://www.transfermarkt.com/fede-cartabia/profil/spieler/242548,Argentina  United Arab Emirates,13,No,NA,32,20,2013,8,228,26,164,164,0,left,Attack,1.69,20,1.69,2013,0,left,0,"[18,21)","[1.6,1.78]","(3,8]",2010s,Argentina United Arab Emirates,South_America
Federico Fazio,https://fbref.com/en/players/4e358a2d/Federico-Fazio,https://www.transfermarkt.com/federico-fazio/profil/spieler/45314,Argentina  Italy,17,Yes,37,38,20,2007,22,463,82,431,439,5,right,Defender,1.95,20,1.95,2007,4.4,right,1,"[18,21)","(1.83,2]","(8,56]",2000s,Argentina Italy,EU_Major
Federico Fernández,https://fbref.com/en/players/f25b010f/Federico-Fernandez,https://www.transfermarkt.com/federico-fernandez/profil/spieler/85475,Argentina  Italy,16,Yes,36,36,20,2011,12,288,41,321,339,3,right,Defender,1.89,20,1.89,2011,4,right,1,"[18,21)","(1.83,2]","(8,56]",2010s,Argentina Italy,EU_Major
Federico Piovaccari,https://fbref.com/en/players/fa49f136/Federico-Piovaccari,https://www.transfermarkt.com/federico-piovaccari/profil/spieler/44514,Italy,19,Yes,41,40,22,2006,3,74,10,355,355,0,right,Attack,1.8,22,1.8,2006,0,right,1,"[21,24)","(1.78,1.83]","[1,3]",2000s,Italy,EU_Major
Felipe Caicedo,https://fbref.com/en/players/93b891d1/Felipe-Caicedo,https://www.transfermarkt.com/felipe-caicedo/profil/spieler/37834,Ecuador  Spain,19,No,NA,36,18,2006,28,479,77,488,515,5,left,Attack,1.83,18,1.83,2006,5.6,left,0,"[18,21)","(1.78,1.83]","(8,56]",2000s,Ecuador Spain,EU_Major
Felipe Mattioni,https://fbref.com/en/players/8dbe6343/Felipe-Mattioni,https://www.transfermarkt.com/felipe-mattioni/profil/spieler/52432,Brazil  Italy,14,Yes,33,36,19,2008,3,491,74,78,78,0,right,Defender,1.77,19,1.77,2008,0,right,1,"[18,21)","[1.6,1.78]","[1,3]",2000s,Brazil Italy,EU_Major
Fernando,https://fbref.com/en/players/2a81fa5d/Fernando,https://www.transfermarkt.com/fernando/profil/spieler/15721,Spain,14,Yes,34,46,20,1999,1,43,2,317,317,0,right,Attack,1.81,20,1.81,1999,0,right,1,"[18,21)","(1.78,1.83]","[1,3]",1990s,Spain,EU_Major
Fernando Amorebieta,https://fbref.com/en/players/b2bbc0ec/Fernando-Amorebieta,https://www.transfermarkt.com/fernando-amorebieta/profil/spieler/35548,Venezuela  Spain,17,Yes,37,40,20,2005,14,356,90,349,357,3,left,Defender,1.91,20,1.91,2005,4.666666667,left,1,"[18,21)","(1.83,2]","(8,56]",2000s,Venezuela Spain,EU_Major
Fernando Cavenaghi,https://fbref.com/en/players/d34453a9/Fernando-Cavenaghi,https://www.transfermarkt.com/fernando-cavenaghi/profil/spieler/3852,Argentina  Italy,16,Yes,33,41,17,2004,5,457,46,235,235,0,right,Attack,1.81,17,1.81,2004,0,right,1,"[15,18)","(1.78,1.83]","(3,8]",2000s,Argentina Italy,EU_Major
Fernando Gago,https://fbref.com/en/players/e86337bd/Fernando-Gago,https://www.transfermarkt.com/fernando-gago/profil/spieler/38954,Argentina  Italy,16,Yes,34,39,18,2006,27,1584,194,259,281,5,right,Midfield,1.77,18,1.77,2006,5.4,right,1,"[18,21)","[1.6,1.78]","(8,56]",2000s,Argentina Italy,EU_Major
Fernando Llorente,https://fbref.com/en/players/82dbf623/Fernando-Llorente,https://www.transfermarkt.com/fernando-llorente/profil/spieler/35564,Spain,19,Yes,38,40,19,2004,11,206,34,580,589,5,right,Attack,1.95,19,1.95,2004,2.2,right,1,"[18,21)","(1.83,2]","(8,56]",2000s,Spain,EU_Major
Fernando Navarro,https://fbref.com/en/players/5a3f6fae/Fernando-Navarro,https://www.transfermarkt.com/fernando-navarro/profil/spieler/7593,Spain,17,Yes,36,43,19,2001,3,51,9,465,466,2,left,Defender,1.76,19,1.76,2001,1.5,left,1,"[18,21)","[1.6,1.78]","[1,3]",2000s,Spain,EU_Major
Fernando Soriano,https://fbref.com/en/players/1aa72854/Fernando-Soriano,https://www.transfermarkt.com/fernando-soriano/profil/spieler/7989,Spain,16,Yes,37,45,21,2001,2,38,6,471,471,0,right,Attack,1.89,21,1.89,2001,0,right,1,"[21,24)","(1.83,2]","[1,3]",2000s,Spain,EU_Major
Fernando Tissone,https://fbref.com/en/players/e224238d/Fernando-Tissone,https://www.transfermarkt.com/fernando-tissone/profil/spieler/35871,Argentina  Italy,21,No,NA,39,18,2004,9,418,48,291,291,0,right,Midfield,1.82,18,1.82,2004,0,right,0,"[18,21)","(1.78,1.83]","(8,56]",2000s,Argentina Italy,EU_Major
Fernando Torres,https://fbref.com/en/players/bdf7b97d/Fernando-Torres,https://www.transfermarkt.com/fernando-torres/profil/spieler/7767,Spain,18,Yes,35,41,17,2001,16,342,81,691,757,14,right,Attack,1.86,17,1.86,2001,1.142857143,right,1,"[15,18)","(1.83,2]","(8,56]",2000s,Spain,EU_Major
Ferran Corominas,https://fbref.com/en/players/46d0c528/Ferran-Corominas,https://www.transfermarkt.com/ferran-corominas/profil/spieler/15790,Spain,18,Yes,38,42,20,2003,2,51,12,413,413,0,right,Attack,1.71,20,1.71,2003,0,right,1,"[18,21)","[1.6,1.78]","[1,3]",2000s,Spain,EU_Major
Fidel,https://fbref.com/en/players/eb82b6f1/Fidel,https://www.transfermarkt.com/fidel/profil/spieler/149231,Spain,17,No,NA,35,20,2009,3,84,13,497,497,0,left,Attack,1.8,20,1.8,2009,0,left,0,"[18,21)","(1.78,1.83]","[1,3]",2000s,Spain,EU_Major
Filipe Augusto,https://fbref.com/en/players/0e34de55/Filipe-Augusto,https://www.transfermarkt.com/filipe-augusto/profil/spieler/212899,Brazil,13,No,NA,31,19,2012,11,443,65,250,250,0,left,Midfield,1.83,19,1.83,2012,0,left,0,"[18,21)","(1.78,1.83]","(8,56]",2010s,Brazil,South_America
Filipe Luís,https://fbref.com/en/players/e4ed2628/Filipe-Luis,https://www.transfermarkt.com/filipe-luis/profil/spieler/21725,Brazil  Poland,22,Yes,39,39,17,2005,16,450,91,618,644,8,left,Defender,1.82,17,1.82,2005,2,left,1,"[15,18)","(1.78,1.83]","(8,56]",2000s,Brazil Poland,South_America
Flávio Ferreira,https://fbref.com/en/players/e867f734/Flavio-Ferreira,https://www.transfermarkt.com/flavio-ferreira/profil/spieler/109008,Portugal,7,Yes,25,33,18,2011,9,579,62,65,65,0,right,Defender,1.8,18,1.8,2011,0,right,1,"[18,21)","(1.78,1.83]","(8,56]",2010s,Portugal,EU_Major
Florent Sinama Pongolle,https://fbref.com/en/players/f222974d/Florent-Sinama-Pongolle,https://www.transfermarkt.com/florent-sinama-pongolle/profil/spieler/4216,France  Réunion,19,Yes,35,40,16,2002,8,565,74,285,285,0,right,Attack,1.76,16,1.76,2002,0,right,1,"[15,18)","[1.6,1.78]","(3,8]",2000s,France Réunion,EU_Major
Florian Lejeune,https://fbref.com/en/players/6eaed4eb/Florian-Lejeune,https://www.transfermarkt.com/florian-lejeune/profil/spieler/127108,France,16,No,NA,34,18,2009,8,554,64,444,444,0,right,Defender,1.9,18,1.9,2009,0,right,0,"[18,21)","(1.83,2]","(3,8]",2000s,France,EU_Major
Florin Andone,https://fbref.com/en/players/dc008610/Florin-Andone,https://www.transfermarkt.com/florin-andone/profil/spieler/177065,Romania  Spain,11,No,NA,32,21,2014,7,476,72,231,256,7,right,Attack,1.81,21,1.81,2014,1,right,0,"[21,24)","(1.78,1.83]","(3,8]",2010s,Romania Spain,EU_Major
Formose Mendy,https://fbref.com/en/players/eeee0542/Formose-Mendy,https://www.transfermarkt.com/formose-mendy/profil/spieler/98313,Guinea-Bissau  France,15,No,NA,36,22,2011,NA,NA,NA,51,51,0,right,Attack,1.83,22,1.83,2011,0,right,0,"[21,24)","(1.78,1.83]",NA,2010s,Guinea-Bissau France,EU_Major
Frédéric Kanouté,https://fbref.com/en/players/1a24d5b6/Frederic-Kanoute,https://www.transfermarkt.com/frederic-kanoute/profil/spieler/3700,Mali  France,17,Yes,36,47,19,1997,4,65,13,447,450,1,right,Attack,1.92,19,1.92,1997,4,right,1,"[18,21)","(1.83,2]","(3,8]",1990s,Mali France,EU_Major
Fran Mérida,https://fbref.com/en/players/0e50f929/Fran-Merida,https://www.transfermarkt.com/fran-merida/profil/spieler/42920,Spain,17,Yes,34,35,17,2007,7,167,23,316,316,0,left,Midfield,1.73,17,1.73,2007,0,left,1,"[15,18)","[1.6,1.78]","(3,8]",2000s,Spain,EU_Major
Fran Rico,https://fbref.com/en/players/eda29127/Fran-Rico,https://www.transfermarkt.com/fran-rico/profil/spieler/63689,Spain,8,Yes,32,37,24,2011,6,1531,172,137,137,0,right,Midfield,1.78,24,1.78,2011,0,right,1,"[24,30]","[1.6,1.78]","(3,8]",2010s,Spain,EU_Major
Fran Serrano,https://fbref.com/en/players/a1eeef2c/Fran-Serrano,https://www.transfermarkt.com/fran-serrano/profil/spieler/309007,Spain,10,No,NA,30,20,2014,NA,NA,NA,4,4,0,NA,Defender,1.92,20,1.92,2014,0,unknown,0,"[18,21)","(1.83,2]",NA,2010s,Spain,EU_Major
Fran Sol,https://fbref.com/en/players/9bd3b683/Fran-Sol,https://www.transfermarkt.com/fran-sol/profil/spieler/164292,Spain,13,No,NA,33,20,2012,5,181,27,219,219,0,right,Attack,1.82,20,1.82,2012,0,right,0,"[18,21)","(1.78,1.83]","(3,8]",2010s,Spain,EU_Major
Fran Vélez,https://fbref.com/en/players/9d619e08/Fran-Velez,https://www.transfermarkt.com/fran-velez/profil/spieler/147078,Spain,16,No,NA,34,18,2009,13,388,50,248,248,0,right,Defender,1.82,18,1.82,2009,0,right,0,"[18,21)","(1.78,1.83]","(8,56]",2000s,Spain,EU_Major
Francesc Arnau,https://fbref.com/en/players/23ab8dc9/Francesc-Arnau,https://www.transfermarkt.com/francesc-arnau/profil/spieler/7770,Spain,26,No,NA,50,20,1996,NA,NA,NA,161,161,0,right,Goalkeeper,1.86,20,1.86,1996,0,right,0,"[18,21)","(1.83,2]",NA,1990s,Spain,EU_Major
Francis,https://fbref.com/en/players/ee4c7c24/Francis,https://www.transfermarkt.com/francis-perez/profil/spieler/29156,Spain,17,Yes,35,43,18,2003,1,153,21,288,288,0,right,Defender,1.78,18,1.78,2003,0,right,1,"[18,21)","[1.6,1.78]","[1,3]",2000s,Spain,EU_Major
Francisco Portillo,https://fbref.com/en/players/8e010ff4/Francisco-Portillo,https://www.transfermarkt.com/francisco-portillo/profil/spieler/138803,Spain,16,No,NA,35,19,2009,1,16,1,402,402,0,right,Attack,1.69,19,1.69,2009,0,right,0,"[18,21)","[1.6,1.78]","[1,3]",2000s,Spain,EU_Major
Francisco Puñal,https://fbref.com/en/players/408ec22e/Francisco-Punal,https://www.transfermarkt.com/patxi-punal/profil/spieler/7739,Spain,17,Yes,39,49,22,2001,2,38,6,431,431,0,right,Midfield,1.79,22,1.79,2001,0,right,1,"[21,24)","(1.78,1.83]","[1,3]",2000s,Spain,EU_Major
Francisco Silva,https://fbref.com/en/players/11d68e60/Francisco-Silva,https://www.transfermarkt.com/francisco-silva/profil/spieler/84870,Chile,18,No,NA,39,22,2012,13,487,63,189,213,8,right,Midfield,1.78,22,1.78,2012,1.625,right,0,"[21,24)","[1.6,1.78]","(8,56]",2010s,Chile,Rest_of_World
Francisco Sutil,https://fbref.com/en/players/51b44d11/Francisco-Sutil,https://www.transfermarkt.com/paco-sutil/profil/spieler/71211,Spain,14,Yes,37,40,23,2008,6,187,25,118,118,0,left,Attack,1.72,23,1.72,2008,0,left,1,"[21,24)","[1.6,1.78]","(3,8]",2000s,Spain,EU_Major
Franco Fragapane,https://fbref.com/en/players/09538c47/Franco-Fragapane,https://www.transfermarkt.com/franco-fragapane/profil/spieler/226005,Argentina  Italy,13,No,NA,32,20,2014,2,88,14,283,283,0,right,Attack,1.67,20,1.67,2014,0,right,0,"[18,21)","[1.6,1.78]","[1,3]",2010s,Argentina Italy,EU_Major
Franco Jara,https://fbref.com/en/players/413cce14/Franco-Jara,https://www.transfermarkt.com/franco-jara/profil/spieler/75035,Argentina,18,No,NA,37,19,2010,8,181,29,371,371,0,right,Attack,1.81,19,1.81,2010,0,right,0,"[18,21)","(1.78,1.83]","(3,8]",2010s,Argentina,South_America
Franco Vázquez,https://fbref.com/en/players/467bae22/Franco-Vazquez,https://www.transfermarkt.com/franco-vazquez/profil/spieler/76163,Argentina  Italy,16,No,NA,36,20,2011,1,32,7,467,472,3,left,Attack,1.87,20,1.87,2011,0.333333333,left,0,"[18,21)","(1.83,2]","[1,3]",2010s,Argentina Italy,EU_Major
Franco Zuculini,https://fbref.com/en/players/9c31bb89/Franco-Zuculini,https://www.transfermarkt.com/franco-zuculini/profil/spieler/73083,Argentina  Italy,17,Yes,34,34,17,2009,5,1031,115,167,167,0,right,Midfield,1.76,17,1.76,2009,0,right,1,"[15,18)","[1.6,1.78]","(3,8]",2000s,Argentina Italy,EU_Major
Fredy Hinestroza,https://fbref.com/en/players/ac330d8c/Fredy-Hinestroza,https://www.transfermarkt.com/fredy-hinestroza/profil/spieler/208715,Colombia,15,No,NA,35,21,2014,1,9,2,366,368,2,left,Attack,1.78,21,1.78,2014,0.5,left,0,"[21,24)","[1.6,1.78]","[1,3]",2010s,Colombia,Rest_of_World
Gaël Kakuta,https://fbref.com/en/players/5b1bf5e3/Gael-Kakuta,https://www.transfermarkt.com/gael-kakuta/profil/spieler/74297,DR Congo  France,16,No,NA,34,18,2009,25,603,115,347,372,11,left,Attack,1.73,18,1.73,2009,2.272727273,left,0,"[18,21)","[1.6,1.78]","(8,56]",2000s,DR Congo France,EU_Major
Gabi,https://fbref.com/en/players/65d750b5/Gabi,https://www.transfermarkt.com/gabi/profil/spieler/22969,Spain,17,Yes,37,42,20,2003,1,9,1,552,552,0,right,Midfield,1.81,20,1.81,2003,0,right,1,"[18,21)","(1.78,1.83]","[1,3]",2000s,Spain,EU_Major
Gabriel Milito,https://fbref.com/en/players/095009cc/Gabriel-Milito,https://www.transfermarkt.com/gabriel-milito/profil/spieler/7968,Argentina  Italy,14,Yes,32,44,18,2003,6,1025,196,213,215,2,left,Defender,1.79,18,1.79,2003,3,left,1,"[18,21)","(1.78,1.83]","(3,8]",2000s,Argentina Italy,EU_Major
Gabriel Paulista,https://fbref.com/en/players/b7ca5c51/Gabriel-Paulista,https://www.transfermarkt.com/gabriel-paulista/profil/spieler/149498,Brazil  Spain,16,No,NA,34,19,2013,15,518,76,361,361,0,right,Defender,1.85,19,1.85,2013,0,right,0,"[18,21)","(1.83,2]","(8,56]",2010s,Brazil Spain,EU_Major
Gabriel Torje,https://fbref.com/en/players/9ef94c26/Gabriel-Torje,https://www.transfermarkt.com/gabriel-torje/profil/spieler/47184,Romania,20,No,NA,35,16,2006,7,135,17,376,418,9,both,Attack,1.67,16,1.67,2006,0.777777778,both,0,"[15,18)","[1.6,1.78]","(3,8]",2000s,Romania,Rest_of_World
Gaizka Toquero,https://fbref.com/en/players/b78144a6/Gaizka-Toquero,https://www.transfermarkt.com/gaizka-toquero/profil/spieler/71840,Spain,11,Yes,35,40,24,2008,7,178,31,289,289,0,right,Attack,1.82,24,1.82,2008,0,right,1,"[24,30]","(1.78,1.83]","(3,8]",2000s,Spain,EU_Major
Gareth Bale,https://fbref.com/en/players/a58bb1e1/Gareth-Bale,https://www.transfermarkt.com/gareth-bale/profil/spieler/39381,Wales,18,Yes,34,36,16,2005,43,1122,256,505,601,20,left,Attack,1.86,16,1.86,2005,2.15,left,1,"[15,18)","(1.83,2]","(8,56]",2000s,Wales,UK_Ireland
Garry Rodrigues,https://fbref.com/en/players/149895bf/Garry-Rodrigues,https://www.transfermarkt.com/garry-rodrigues/profil/spieler/170895,Cape Verde  Netherlands,14,No,NA,34,21,2012,26,450,78,350,397,17,right,Attack,1.73,21,1.73,2012,1.529411765,right,0,"[21,24)","[1.6,1.78]","(8,56]",2010s,Cape Verde Netherlands,EU_Major
Gary Medel,https://fbref.com/en/players/563a68ad/Gary-Medel,https://www.transfermarkt.com/gary-medel/profil/spieler/60889,Chile  Spain,20,No,NA,37,19,2010,20,620,96,440,523,16,right,Defender,1.71,19,1.71,2010,1.25,right,0,"[18,21)","[1.6,1.78]","(8,56]",2010s,Chile Spain,EU_Major
Gaspar Panadero,https://fbref.com/en/players/39b011f1/Gaspar-Panadero,https://www.transfermarkt.com/gaspar-panadero/profil/spieler/251883,Spain,13,No,NA,27,16,2014,3,216,23,70,70,0,left,Attack,1.65,16,1.65,2014,0,left,0,"[15,18)","[1.6,1.78]","[1,3]",2010s,Spain,EU_Major
Gastón Sangoy,https://fbref.com/en/players/e1f3d532/Gaston-Sangoy,https://www.transfermarkt.com/gaston-sangoy/profil/spieler/19999,Argentina,14,Yes,35,40,21,2010,2,69,5,81,81,0,right,Attack,1.78,21,1.78,2010,0,right,1,"[21,24)","[1.6,1.78]","[1,3]",2010s,Argentina,South_America
Geoffrey Kondogbia,https://fbref.com/en/players/cce181df/Geoffrey-Kondogbia,https://www.transfermarkt.com/geoffrey-kondogbia/profil/spieler/127189,Central African Republic  France,16,No,NA,32,17,2010,30,628,109,449,473,10,left,Midfield,1.88,17,1.88,2010,3,left,0,"[15,18)","(1.83,2]","(8,56]",2010s,Central African Republic France,EU_Major
Gerónimo Rulli,https://fbref.com/en/players/625c144a/Geronimo-Rulli,https://www.transfermarkt.com/geronimo-rulli/profil/spieler/229604,Argentina  Italy,12,No,NA,33,21,2014,3,231,46,350,356,11,right,Goalkeeper,1.89,21,1.89,2014,0.272727273,right,0,"[21,24)","(1.83,2]","[1,3]",2010s,Argentina Italy,EU_Major
Gerard Bordas,https://fbref.com/en/players/56ef2fd7/Gerard-Bordas,https://www.transfermarkt.com/gerard-bordas/profil/spieler/73204,Spain,15,Yes,36,43,21,2002,1,63,4,145,145,0,right,Attack,1.77,21,1.77,2002,0,right,1,"[21,24)","[1.6,1.78]","[1,3]",2000s,Spain,EU_Major
Gerard Deulofeu,https://fbref.com/en/players/39583cfd/Gerard-Deulofeu,https://www.transfermarkt.com/gerard-deulofeu/profil/spieler/129476,Spain,15,No,NA,31,16,2010,15,1653,162,345,349,3,right,Attack,1.77,16,1.77,2010,5,right,0,"[15,18)","[1.6,1.78]","(8,56]",2010s,Spain,EU_Major
Gerard Moreno,https://fbref.com/en/players/81f0781e/Gerard-Moreno,https://www.transfermarkt.com/gerard-moreno/profil/spieler/177467,Spain,16,No,NA,33,18,2010,12,438,82,450,468,7,left,Attack,1.8,18,1.8,2010,1.714285714,left,0,"[18,21)","(1.78,1.83]","(8,56]",2010s,Spain,EU_Major
Gerard Piqué,https://fbref.com/en/players/adfc9123/Gerard-Pique,https://www.transfermarkt.com/gerard-pique/profil/spieler/18944,Spain,18,Yes,36,38,18,2005,21,476,99,609,691,17,right,Defender,1.94,18,1.94,2005,1.235294118,right,1,"[18,21)","(1.83,2]","(8,56]",2000s,Spain,EU_Major
Germán Lux,https://fbref.com/en/players/14ed837f/German-Lux,https://www.transfermarkt.com/german-lux/profil/spieler/19979,Argentina  Italy,19,Yes,40,43,21,2007,5,228,29,157,162,1,right,Goalkeeper,1.85,21,1.85,2007,5,right,1,"[21,24)","(1.83,2]","(3,8]",2000s,Argentina Italy,EU_Major
Germán Parreño,https://fbref.com/en/players/1561cd53/German-Parreno,https://www.transfermarkt.com/german-parreno/profil/spieler/126746,Spain,12,No,NA,32,21,2013,1,183,22,76,76,0,right,Goalkeeper,1.91,21,1.91,2013,0,right,0,"[21,24)","(1.83,2]","[1,3]",2010s,Spain,EU_Major
Gianni Zuiverloon,https://fbref.com/en/players/22d7fe43/Gianni-Zuiverloon,https://www.transfermarkt.com/gianni-zuiverloon/profil/spieler/27304,Netherlands  Suriname,18,Yes,35,38,17,2004,12,398,53,339,339,0,right,Defender,1.78,17,1.78,2004,0,right,1,"[15,18)","[1.6,1.78]","(8,56]",2000s,Netherlands Suriname,EU_Major
Gilberto García,https://fbref.com/en/players/d283458e/Gilberto-Garcia,https://www.transfermarkt.com/gilberto-garcia/profil/spieler/77207,Colombia,14,Yes,36,38,22,2013,1,63,0,224,224,0,right,Defender,1.8,22,1.8,2013,0,right,1,"[21,24)","(1.78,1.83]","[1,3]",2010s,Colombia,Rest_of_World
Giovani dos Santos,https://fbref.com/en/players/7dba6233/Giovani-dos-Santos,https://www.transfermarkt.com/giovani-dos-santos/profil/spieler/44674,Mexico  Spain,16,Yes,34,36,18,2007,13,378,73,309,369,14,left,Attack,1.75,18,1.75,2007,0.928571429,left,1,"[18,21)","[1.6,1.78]","(8,56]",2000s,Mexico Spain,EU_Major
Giuseppe Rossi,https://fbref.com/en/players/fe48a073/Giuseppe-Rossi,https://www.transfermarkt.com/giuseppe-rossi/profil/spieler/19104,Italy  United States,18,Yes,36,38,18,2005,11,1263,226,329,345,5,left,Attack,1.73,18,1.73,2005,2.2,left,1,"[18,21)","[1.6,1.78]","(8,56]",2000s,Italy United States,EU_Major
Glenn Loovens,https://fbref.com/en/players/3245e023/Glenn-Loovens,https://www.transfermarkt.com/glenn-loovens/profil/spieler/4371,Netherlands,18,Yes,36,41,18,2001,2,98,19,388,388,0,right,Defender,1.88,18,1.88,2001,0,right,1,"[18,21)","(1.83,2]","[1,3]",2000s,Netherlands,EU_Major
Gonzalo Castellani,https://fbref.com/en/players/a089163c/Gonzalo-Castellani,https://www.transfermarkt.com/gonzalo-castellani/profil/spieler/87840,Argentina,19,No,NA,37,20,2010,NA,NA,NA,329,329,0,right,Midfield,1.85,20,1.85,2010,0,right,0,"[18,21)","(1.83,2]",NA,2010s,Argentina,South_America
Gonzalo Colsa,https://fbref.com/en/players/6fa12b44/Gonzalo-Colsa,https://www.transfermarkt.com/gonzalo-colsa/profil/spieler/7813,Spain,16,Yes,34,46,18,1997,2,78,5,371,371,0,right,Midfield,1.85,18,1.85,1997,0,right,1,"[18,21)","(1.83,2]","[1,3]",1990s,Spain,EU_Major
Gonzalo Higuaín,https://fbref.com/en/players/8a08491a/Gonzalo-Higuain,https://www.transfermarkt.com/gonzalo-higuain/profil/spieler/39153,Argentina  France,19,Yes,36,37,17,2006,18,374,74,634,677,9,right,Attack,1.84,17,1.84,2006,2,right,1,"[15,18)","(1.83,2]","(8,56]",2000s,Argentina France,EU_Major
Gonzalo Rodríguez,https://fbref.com/en/players/46e6fea3/Gonzalo-Rodriguez,https://www.transfermarkt.com/gonzalo-rodriguez/profil/spieler/19998,Argentina  Spain,18,Yes,36,41,18,2004,11,586,116,466,469,2,right,Defender,1.82,18,1.82,2004,5.5,right,1,"[18,21)","(1.78,1.83]","(8,56]",2000s,Argentina Spain,EU_Major
Gorka Elustondo,https://fbref.com/en/players/7b309e55/Gorka-Elustondo,https://www.transfermarkt.com/gorka-elustondo/profil/spieler/47647,Spain,13,Yes,32,38,19,2006,8,407,62,203,203,0,right,Midfield,1.84,19,1.84,2006,0,right,1,"[18,21)","(1.83,2]","(3,8]",2000s,Spain,EU_Major
Gorka Iraizoz,https://fbref.com/en/players/26f2473f/Gorka-Iraizoz,https://www.transfermarkt.com/gorka-iraizoz/profil/spieler/7874,Spain,15,Yes,38,44,23,2004,5,201,29,465,465,0,right,Goalkeeper,1.91,23,1.91,2004,0,right,1,"[21,24)","(1.83,2]","(3,8]",2000s,Spain,EU_Major
Gorka Larrea,https://fbref.com/en/players/242e09b6/Gorka-Larrea,https://www.transfermarkt.com/gorka-larrea/profil/spieler/35563,Spain,13,Yes,33,41,20,2003,1,32,4,150,150,0,right,Midfield,1.84,20,1.84,2003,0,right,1,"[18,21)","(1.83,2]","[1,3]",2000s,Spain,EU_Major
Grégory Arnolin,https://fbref.com/en/players/e35dba25/Gregory-Arnolin,https://www.transfermarkt.com/gregory-arnolin/profil/spieler/25825,Martinique  France,14,Yes,37,44,23,2004,1,46,11,246,246,0,right,Defender,1.87,23,1.87,2004,0,right,1,"[21,24)","(1.83,2]","[1,3]",2000s,Martinique France,EU_Major
Grzegorz Krychowiak,https://fbref.com/en/players/580d52dd/Grzegorz-Krychowiak,https://www.transfermarkt.com/grzegorz-krychowiak/profil/spieler/45184,Poland,15,Yes,35,35,20,2010,9,149,34,450,542,21,right,Midfield,1.87,20,1.87,2010,0.428571429,right,1,"[18,21)","(1.83,2]","(8,56]",2010s,Poland,Rest_of_World
Guilherme Siqueira,https://fbref.com/en/players/3770a135/Guilherme-Siqueira,https://www.transfermarkt.com/guilherme-siqueira/profil/spieler/44373,Brazil  Italy,12,Yes,32,39,20,2006,5,129,15,243,243,0,left,Defender,1.82,20,1.82,2006,0,left,1,"[18,21)","(1.78,1.83]","(3,8]",2000s,Brazil Italy,EU_Major
Guillermo,https://fbref.com/en/players/15107141/Guillermo,https://www.transfermarkt.com/guillermo-fernandez/profil/spieler/142023,Spain,13,No,NA,32,20,2013,4,110,23,257,257,0,right,Attack,1.81,20,1.81,2013,0,right,0,"[18,21)","(1.78,1.83]","(3,8]",2010s,Spain,EU_Major
Guillermo Méndez,https://fbref.com/en/players/c8e7f6f2/Guillermo-Mendez,https://www.transfermarkt.com/guillermo-mendez/profil/spieler/92952,Spain,16,No,NA,33,18,2010,NA,NA,NA,2,2,0,right,Attack,1.78,18,1.78,2010,0,right,0,"[18,21)","[1.6,1.78]",NA,2010s,Spain,EU_Major
Guillermo Molins,https://fbref.com/en/players/cda49f68/Guillermo-Molins,https://www.transfermarkt.com/guillermo-molins/profil/spieler/51457,Sweden  Uruguay,17,Yes,35,36,18,2006,3,582,94,262,264,1,right,Attack,1.86,18,1.86,2006,3,right,1,"[18,21)","(1.83,2]","[1,3]",2000s,Sweden Uruguay,South_America
Guillermo Sara,https://fbref.com/en/players/efd66e36/Guillermo-Sara,https://www.transfermarkt.com/guillermo-sara/profil/spieler/87409,Argentina  Italy,14,Yes,35,37,21,2013,2,188,17,53,53,0,right,Goalkeeper,1.84,21,1.84,2013,0,right,1,"[21,24)","(1.83,2]","[1,3]",2010s,Argentina Italy,EU_Major
Gustavo Cabral,https://fbref.com/en/players/92b4a127/Gustavo-Cabral,https://www.transfermarkt.com/gustavo-cabral/profil/spieler/30677,Argentina  Spain,22,No,NA,39,18,2010,3,55,11,441,441,0,right,Defender,1.84,18,1.84,2010,0,right,0,"[18,21)","(1.83,2]","[1,3]",2010s,Argentina Spain,EU_Major
Gustavo Munúa,https://fbref.com/en/players/7e384992/Gustavo-Munua,https://www.transfermarkt.com/gustavo-munua/profil/spieler/9091,Uruguay  Spain,11,Yes,37,47,26,2003,1,26,3,181,181,0,right,Goalkeeper,1.88,26,1.88,2003,0,right,1,"[24,30]","(1.83,2]","[1,3]",2000s,Uruguay Spain,EU_Major
Héctor,https://fbref.com/en/players/6294bc9d/Hector,https://www.transfermarkt.com/hector-hernandez/profil/spieler/273738,Spain,13,No,NA,29,18,2014,5,230,33,155,155,0,right,Attack,1.8,18,1.8,2014,0,right,0,"[18,21)","(1.78,1.83]","(3,8]",2010s,Spain,EU_Major
Héctor Hernández,https://fbref.com/en/players/76ee80ee/Hector-Hernandez,https://www.transfermarkt.com/hector-hernandez/profil/spieler/221986,Spain,14,No,NA,34,21,2012,3,316,47,86,86,0,left,Defender,1.71,21,1.71,2012,0,left,0,"[21,24)","[1.6,1.78]","[1,3]",2010s,Spain,EU_Major
Héctor Moreno,https://fbref.com/en/players/5d311e8d/Hector-Moreno,https://www.transfermarkt.com/hector-moreno/profil/spieler/51046,Mexico  Spain,20,No,NA,37,18,2005,10,336,49,490,577,21,left,Defender,1.86,18,1.86,2005,0.476190476,left,0,"[18,21)","(1.83,2]","(8,56]",2000s,Mexico Spain,EU_Major
Héctor Rodas,https://fbref.com/en/players/dcdd3a95/Hector-Rodas,https://www.transfermarkt.com/hector-rodas/profil/spieler/72286,Spain,14,Yes,35,37,21,2008,5,225,21,195,195,0,right,Defender,1.91,21,1.91,2008,0,right,1,"[21,24)","(1.83,2]","(3,8]",2000s,Spain,EU_Major
Héctor Yuste,https://fbref.com/en/players/f50a668a/Hector-Yuste,https://www.transfermarkt.com/hector-yuste/profil/spieler/94414,Spain,17,No,NA,37,21,2009,2,58,11,287,287,0,right,Defender,1.91,21,1.91,2009,0,right,0,"[21,24)","(1.83,2]","[1,3]",2000s,Spain,EU_Major
Hélder Barbosa,https://fbref.com/en/players/e0fd942a/Helder-Barbosa,https://www.transfermarkt.com/helder-barbosa/profil/spieler/39784,Portugal,19,Yes,37,38,18,2005,3,49,9,312,312,0,left,Attack,1.72,18,1.72,2005,0,left,1,"[18,21)","[1.6,1.78]","[1,3]",2000s,Portugal,EU_Major
Hélder Costa,https://fbref.com/en/players/f13d02a6/Helder-Costa,https://www.transfermarkt.com/helder-costa/profil/spieler/173900,Angola  Portugal,14,No,NA,31,18,2014,4,301,58,274,283,4,left,Attack,1.79,18,1.79,2014,1,left,0,"[18,21)","(1.78,1.83]","(3,8]",2010s,Angola Portugal,EU_Major
Hélder Postiga,https://fbref.com/en/players/c8504093/Helder-Postiga,https://www.transfermarkt.com/helder-postiga/profil/spieler/5169,Portugal,16,Yes,35,42,19,2000,9,257,45,419,460,11,right,Attack,1.82,19,1.82,2000,0.818181818,right,1,"[18,21)","(1.78,1.83]","(8,56]",2000s,Portugal,EU_Major
Hélder Rosário,https://fbref.com/en/players/f0d5e080/Helder-Rosario,https://www.transfermarkt.com/helder-rosario/profil/spieler/14196,Portugal  Cape Verde,11,Yes,33,45,22,2000,5,193,22,151,151,0,right,Defender,1.8,22,1.8,2000,0,right,1,"[21,24)","(1.78,1.83]","(3,8]",2000s,Portugal Cape Verde,EU_Major
Héldon Ramos,https://fbref.com/en/players/64ded08c/Heldon-Ramos,https://www.transfermarkt.com/heldon/profil/spieler/90660,Cape Verde  South Africa,17,No,NA,36,20,2010,1,20,4,251,281,11,right,Attack,1.74,20,1.74,2010,0.090909091,right,0,"[18,21)","[1.6,1.78]","[1,3]",2010s,Cape Verde South Africa,Rest_of_World
Hans Martínez,https://fbref.com/en/players/75128a26/Hans-Martinez,https://www.transfermarkt.com/hans-martinez/profil/spieler/72883,Chile,14,Yes,34,38,20,2013,2,91,13,61,61,0,right,Defender,1.78,20,1.78,2013,0,right,1,"[18,21)","[1.6,1.78]","[1,3]",2010s,Chile,Rest_of_World
Haris Seferović,https://fbref.com/en/players/a45eac1f/Haris-Seferovic,https://www.transfermarkt.com/haris-seferovic/profil/spieler/109256,Switzerland  Bosnia-Herzegovina,16,No,NA,33,17,2008,14,307,61,348,437,22,left,Attack,1.89,17,1.89,2008,0.636363636,left,0,"[15,18)","(1.83,2]","(8,56]",2000s,Switzerland Bosnia-Herzegovina,Rest_of_World
Hassan Yebda,https://fbref.com/en/players/4907d688/Hassan-Yebda,https://www.transfermarkt.com/hassan-yebda/profil/spieler/12351,Algeria  France,13,Yes,34,41,21,2006,9,417,105,188,202,5,right,Midfield,1.87,21,1.87,2006,1.8,right,1,"[21,24)","(1.83,2]","(8,56]",2000s,Algeria France,EU_Major
Hedwiges Maduro,https://fbref.com/en/players/5918cc84/Hedwiges-Maduro,https://www.transfermarkt.com/hedwiges-maduro/profil/spieler/19057,Netherlands  Aruba,13,Yes,33,40,20,2004,6,279,56,268,278,4,right,Midfield,1.88,20,1.88,2004,1.5,right,1,"[18,21)","(1.83,2]","(3,8]",2000s,Netherlands Aruba,EU_Major
Henok Goitom,https://fbref.com/en/players/c3680236/Henok-Goitom,https://www.transfermarkt.com/henok-goitom/profil/spieler/6838,Eritrea  Sweden,18,Yes,38,40,20,2004,3,118,14,461,465,2,right,Attack,1.89,20,1.89,2004,1.5,right,1,"[18,21)","(1.83,2]","[1,3]",2000s,Eritrea Sweden,Rest_of_World
Henri Bienvenu,https://fbref.com/en/players/df6b9707/Henri-Bienvenu,https://www.transfermarkt.com/henri-bienvenu/profil/spieler/65921,Cameroon,16,Yes,34,37,18,2009,5,107,17,166,166,0,right,Attack,1.8,18,1.8,2009,0,right,1,"[18,21)","(1.78,1.83]","(3,8]",2000s,Cameroon,Rest_of_World
Henrique,https://fbref.com/en/players/429163de/Henrique,https://www.transfermarkt.com/henrique/profil/spieler/52513,Brazil,17,Yes,38,38,21,2008,3,85,13,342,344,2,right,Defender,1.85,21,1.85,2008,1.5,right,1,"[21,24)","(1.83,2]","[1,3]",2000s,Brazil,South_America
Henrique Almeida,https://fbref.com/en/players/8aa2f2e3/Henrique-Almeida,https://www.transfermarkt.com/henrique-almeida/profil/spieler/103743,Brazil,17,No,NA,34,18,2011,6,425,58,252,252,0,right,Attack,1.77,18,1.77,2011,0,right,0,"[18,21)","[1.6,1.78]","(3,8]",2010s,Brazil,South_America
Hernán Bernardello,https://fbref.com/en/players/dec04537/Hernan-Bernardello,https://www.transfermarkt.com/hernan-bernardello/profil/spieler/55860,Argentina  Italy,17,Yes,37,38,20,2009,NA,NA,NA,223,223,0,right,Midfield,1.74,20,1.74,2009,0,right,1,"[18,21)","[1.6,1.78]",NA,2000s,Argentina Italy,EU_Major
Hernán Pérez,https://fbref.com/en/players/e1cea3f7/Hernan-Perez,https://www.transfermarkt.com/hernan-perez/profil/spieler/73636,Paraguay  Spain,17,No,NA,36,20,2009,8,336,39,343,365,7,right,Attack,1.74,20,1.74,2009,1.142857143,right,0,"[18,21)","[1.6,1.78]","(3,8]",2000s,Paraguay Spain,EU_Major
Hernán Pellerano,https://fbref.com/en/players/027f513e/Hernan-Pellerano,https://www.transfermarkt.com/hernan-pellerano/profil/spieler/26801,Argentina  Italy,21,Yes,40,41,19,2008,7,640,77,247,247,0,right,Defender,1.83,19,1.83,2008,0,right,1,"[18,21)","(1.78,1.83]","(3,8]",2000s,Argentina Italy,EU_Major
Hicham Khaloua,https://fbref.com/en/players/f383d568/Hicham-Khaloua,https://www.transfermarkt.com/hicham-khaloua/profil/spieler/186796,Morocco  Spain,12,No,NA,30,18,2013,4,94,12,28,28,0,right,Attack,1.74,18,1.74,2013,0,right,0,"[18,21)","[1.6,1.78]","(3,8]",2010s,Morocco Spain,EU_Major
Hiroshi Ibusuki,https://fbref.com/en/players/715bdbe9/Hiroshi-Ibusuki,https://www.transfermarkt.com/hiroshi-ibusuki/profil/spieler/98074,Japan,16,No,NA,34,18,2008,2,27,3,273,273,0,right,Attack,1.96,18,1.96,2008,0,right,0,"[18,21)","(1.83,2]","[1,3]",2000s,Japan,Rest_of_World
Hugo Fraile,https://fbref.com/en/players/168ec9a3/Hugo-Fraile,https://www.transfermarkt.com/hugo-fraile/profil/spieler/72201,Spain,13,No,NA,38,25,2011,1,231,26,175,175,0,right,Attack,1.7,25,1.7,2011,0,right,0,"[24,30]","[1.6,1.78]","[1,3]",2010s,Spain,EU_Major
Hugo Mallo,https://fbref.com/en/players/cb574619/Hugo-Mallo,https://www.transfermarkt.com/hugo-mallo/profil/spieler/119905,Spain,16,No,NA,34,18,2009,25,740,103,469,469,0,right,Defender,1.73,18,1.73,2009,0,right,0,"[18,21)","[1.6,1.78]","(8,56]",2000s,Spain,EU_Major
Humberto Osorio,https://fbref.com/en/players/72ada906/Humberto-Osorio,https://www.transfermarkt.com/humberto-osorio/profil/spieler/84133,Colombia,18,No,NA,37,19,2013,1,99,15,147,147,0,right,Attack,1.78,19,1.78,2013,0,right,0,"[18,21)","[1.6,1.78]","[1,3]",2010s,Colombia,Rest_of_World
Iñaki Goitia,https://fbref.com/en/players/2f10b901/Inaki-Goitia,https://www.transfermarkt.com/inaki-goitia/profil/spieler/29050,Spain,11,Yes,33,43,22,2003,1,24,4,298,298,0,right,Goalkeeper,1.88,22,1.88,2003,0,right,1,"[21,24)","(1.83,2]","[1,3]",2000s,Spain,EU_Major
Iñaki Williams,https://fbref.com/en/players/6a99e0b1/Inaki-Williams,https://www.transfermarkt.com/inaki-williams/profil/spieler/255508,Ghana  Spain,11,No,NA,31,20,2014,9,160,34,477,502,8,right,Attack,1.86,20,1.86,2014,1.125,right,0,"[18,21)","(1.83,2]","(8,56]",2010s,Ghana Spain,EU_Major
Iñigo Díaz de Cerio,https://fbref.com/en/players/757bd109/Inigo-Diaz-de-Cerio,https://www.transfermarkt.com/inigo-diaz-de-cerio/profil/spieler/38193,Spain,9,Yes,30,41,21,2005,2,220,29,187,187,0,right,Attack,1.8,21,1.8,2005,0,right,1,"[21,24)","(1.78,1.83]","[1,3]",2000s,Spain,EU_Major
Iñigo Martínez,https://fbref.com/en/players/3fc45c73/Inigo-Martinez,https://www.transfermarkt.com/inigo-martinez/profil/spieler/158863,Spain,14,No,NA,34,20,2011,31,748,122,476,495,11,left,Defender,1.82,20,1.82,2011,2.818181818,left,0,"[18,21)","(1.78,1.83]","(8,56]",2010s,Spain,EU_Major
Iñigo Pérez,https://fbref.com/en/players/bc61cc65/Inigo-Perez,https://www.transfermarkt.com/inigo-perez/profil/spieler/71579,Spain,13,Yes,34,37,21,2009,6,232,33,297,297,0,left,Midfield,1.78,21,1.78,2009,0,left,1,"[21,24)","[1.6,1.78]","(3,8]",2000s,Spain,EU_Major
Iñigo Ruiz de Galarreta,https://fbref.com/en/players/91f7631f/Inigo-Ruiz-de-Galarreta,https://www.transfermarkt.com/inigo-ruiz-de-galarreta/profil/spieler/126751,Spain,14,No,NA,31,19,2012,18,1022,130,383,383,0,right,Midfield,1.75,19,1.75,2012,0,right,0,"[18,21)","[1.6,1.78]","(8,56]",2010s,Spain,EU_Major
Iago Aspas,https://fbref.com/en/players/7dcf86f6/Iago-Aspas,https://www.transfermarkt.com/iago-aspas/profil/spieler/72047,Spain,19,No,NA,37,20,2010,9,267,43,518,538,8,left,Attack,1.76,20,1.76,2010,1.125,left,0,"[18,21)","[1.6,1.78]","(8,56]",2010s,Spain,EU_Major
Iago Bouzón,https://fbref.com/en/players/2b687c98/Iago-Bouzon,https://www.transfermarkt.com/iago-bouzon/profil/spieler/14535,Spain,18,Yes,34,42,16,1999,2,182,23,240,240,0,right,Defender,1.82,16,1.82,1999,0,right,1,"[15,18)","(1.78,1.83]","[1,3]",1990s,Spain,EU_Major
Iago Falque,https://fbref.com/en/players/440c84ed/Iago-Falque,https://www.transfermarkt.com/iago-falque/profil/spieler/59340,Spain,15,Yes,35,35,20,2010,24,659,112,312,312,0,left,Attack,1.74,20,1.74,2010,0,left,1,"[18,21)","[1.6,1.78]","(8,56]",2010s,Spain,EU_Major
Iago Herrerín,https://fbref.com/en/players/9109185e/Iago-Herrerin,https://www.transfermarkt.com/iago-herrerin/profil/spieler/71570,Spain,14,No,NA,37,24,2012,2,93,11,174,174,0,right,Goalkeeper,1.87,24,1.87,2012,0,right,0,"[24,30]","(1.83,2]","[1,3]",2010s,Spain,EU_Major
Ibai Gómez,https://fbref.com/en/players/9d2a3d5f/Ibai-Gomez,https://www.transfermarkt.com/ibai-gomez/profil/spieler/127837,Spain,14,Yes,34,35,20,2010,12,688,94,263,263,0,right,Attack,1.78,20,1.78,2010,0,right,1,"[18,21)","[1.6,1.78]","(8,56]",2010s,Spain,EU_Major
Ibrahima Baldé,https://fbref.com/en/players/573b6680/Ibrahima-Balde,https://www.transfermarkt.com/ibrahima-balde/profil/spieler/134497,Senegal,17,No,NA,36,20,2009,6,314,38,277,278,1,right,Attack,1.88,20,1.88,2009,6,right,0,"[18,21)","(1.83,2]","(3,8]",2000s,Senegal,Rest_of_World
Ignacio Camacho,https://fbref.com/en/players/8ed9b33a/Ignacio-Camacho,https://www.transfermarkt.com/ignacio-camacho/profil/spieler/58874,Spain,13,Yes,30,35,17,2007,13,1201,142,248,249,2,right,Midfield,1.82,17,1.82,2007,6.5,right,1,"[15,18)","(1.78,1.83]","(8,56]",2000s,Spain,EU_Major
Igor Gabilondo,https://fbref.com/en/players/4ce0dff0/Igor-Gabilondo,https://www.transfermarkt.com/igor-gabilondo/profil/spieler/7471,Spain,13,Yes,34,46,21,2000,1,46,7,289,289,0,left,Midfield,1.85,21,1.85,2000,0,left,1,"[21,24)","(1.83,2]","[1,3]",2000s,Spain,EU_Major
Igor Martínez,https://fbref.com/en/players/c68990c2/Igor-Martinez,https://www.transfermarkt.com/igor-martinez/profil/spieler/60779,Spain,13,Yes,31,36,18,2007,3,261,31,174,174,0,right,Attack,1.7,18,1.7,2007,0,right,1,"[18,21)","[1.6,1.78]","[1,3]",2000s,Spain,EU_Major
Ikechukwu Uche,https://fbref.com/en/players/ba7c6d25/Ikechukwu-Uche,https://www.transfermarkt.com/ikechukwu-uche/profil/spieler/44027,Nigeria  Spain,17,Yes,35,41,18,2001,11,743,119,448,454,2,right,Attack,1.74,18,1.74,2001,5.5,right,1,"[18,21)","[1.6,1.78]","(8,56]",2000s,Nigeria Spain,EU_Major
Iker Casillas,https://fbref.com/en/players/1ddbb0da/Iker-Casillas,https://www.transfermarkt.com/iker-casillas/profil/spieler/3979,Spain,21,Yes,39,44,18,1999,3,505,87,806,900,20,left,Goalkeeper,1.82,18,1.82,1999,0.15,left,1,"[18,21)","(1.78,1.83]","[1,3]",1990s,Spain,EU_Major
Iker Hernández,https://fbref.com/en/players/c9ee1793/Iker-Hernandez,https://www.transfermarkt.com/iker-hernandez/profil/spieler/162043,Spain,12,No,NA,31,20,2014,NA,NA,NA,78,78,0,right,Attack,1.81,20,1.81,2014,0,right,0,"[18,21)","(1.78,1.83]",NA,2010s,Spain,EU_Major
Iker Muniain,https://fbref.com/en/players/c05dfb74/Iker-Muniain,https://www.transfermarkt.com/iker-muniain/profil/spieler/54235,Spain,17,Yes,33,32,16,2009,15,625,120,549,550,1,right,Attack,1.69,16,1.69,2009,15,right,1,"[15,18)","[1.6,1.78]","(8,56]",2000s,Spain,EU_Major
Imanol Agirretxe,https://fbref.com/en/players/c84c1afc/Imanol-Agirretxe,https://www.transfermarkt.com/imanol-agirretxe/profil/spieler/37501,Spain,13,Yes,31,38,18,2004,9,803,101,264,264,0,right,Attack,1.87,18,1.87,2004,0,right,1,"[18,21)","(1.83,2]","(8,56]",2000s,Spain,EU_Major
Ion Ansotegi,https://fbref.com/en/players/72b26e8e/Ion-Ansotegi,https://www.transfermarkt.com/ion-ansotegi/profil/spieler/37892,Spain,12,Yes,35,43,23,2001,2,135,18,245,245,0,right,Defender,1.92,23,1.92,2001,0,right,1,"[21,24)","(1.83,2]","[1,3]",2000s,Spain,EU_Major
Ion Echaide,https://fbref.com/en/players/2ad367bb/Ion-Echaide,https://www.transfermarkt.com/jon-echaide/profil/spieler/59527,Spain,15,Yes,34,37,19,2007,1,191,28,123,123,0,right,Defender,1.81,19,1.81,2007,0,right,1,"[18,21)","(1.78,1.83]","[1,3]",2000s,Spain,EU_Major
Ion Vélez,https://fbref.com/en/players/3a6c16de/Ion-Velez,https://www.transfermarkt.com/ion-velez/profil/spieler/54789,Spain,13,Yes,35,40,22,2007,5,540,75,203,203,0,right,Attack,1.83,22,1.83,2007,0,right,1,"[21,24)","(1.78,1.83]","(3,8]",2000s,Spain,EU_Major
Iriney,https://fbref.com/en/players/09296fcc/Iriney,https://www.transfermarkt.com/iriney/profil/spieler/35515,Brazil  Spain,13,Yes,33,44,20,2002,1,32,3,291,291,0,right,Midfield,1.79,20,1.79,2002,0,right,1,"[18,21)","(1.78,1.83]","[1,3]",2000s,Brazil Spain,EU_Major
Isaías Sánchez,https://fbref.com/en/players/30059de4/Isaias-Sanchez,https://www.transfermarkt.com/isaias-sanchez/profil/spieler/73037,Spain  Australia,14,Yes,38,38,24,2010,1,17,2,272,272,0,right,Midfield,1.76,24,1.76,2010,0,right,1,"[24,30]","[1.6,1.78]","[1,3]",2010s,Spain Australia,EU_Major
Isaac Cuenca,https://fbref.com/en/players/24e9421b/Isaac-Cuenca,https://www.transfermarkt.com/isaac-cuenca/profil/spieler/176285,Spain,12,Yes,32,34,20,2011,8,2394,74,162,162,0,right,Attack,1.78,20,1.78,2011,0,right,1,"[18,21)","[1.6,1.78]","(3,8]",2010s,Spain,EU_Major
Isaac Gómez,https://fbref.com/en/players/2f235f73/Isaac-Gomez,https://www.transfermarkt.com/isi-gomez/profil/spieler/263214,Spain,13,No,NA,29,17,2012,1,185,23,3,3,0,right,Midfield,1.71,17,1.71,2012,0,right,0,"[15,18)","[1.6,1.78]","[1,3]",2010s,Spain,EU_Major
Isaac Success,https://fbref.com/en/players/f573a8bf/Isaac-Success,https://www.transfermarkt.com/isaac-success/profil/spieler/295331,Nigeria,12,No,NA,29,18,2014,18,856,130,220,224,3,right,Attack,1.82,18,1.82,2014,6,right,0,"[18,21)","(1.78,1.83]","(8,56]",2010s,Nigeria,Rest_of_World
Isco,https://fbref.com/en/players/a0b4bb3e/Isco,https://www.transfermarkt.com/isco/profil/spieler/85288,Spain,15,No,NA,33,18,2010,24,607,119,508,546,12,right,Attack,1.76,18,1.76,2010,2,right,0,"[18,21)","[1.6,1.78]","(8,56]",2010s,Spain,EU_Major
Isma López,https://fbref.com/en/players/e644a7f5/Isma-Lopez,https://www.transfermarkt.com/isma-lopez/profil/spieler/54231,Spain,10,Yes,32,35,22,2012,4,53,8,179,179,0,left,Defender,1.8,22,1.8,2012,0,left,1,"[21,24)","(1.78,1.83]","(3,8]",2010s,Spain,EU_Major
Israel Puerto,https://fbref.com/en/players/c657b98d/Israel-Puerto,https://www.transfermarkt.com/israel-puerto/profil/spieler/126748,Spain,13,No,NA,32,19,2012,3,105,23,150,150,0,right,Defender,1.87,19,1.87,2012,0,right,0,"[18,21)","(1.83,2]","[1,3]",2010s,Spain,EU_Major
Issam El Adoua,https://fbref.com/en/players/16edc522/Issam-El-Adoua,https://www.transfermarkt.com/issam-el-adoua/profil/spieler/64992,Morocco,17,No,NA,38,23,2009,1,14,2,125,149,6,right,Midfield,1.9,23,1.9,2009,0.166666667,right,0,"[21,24)","(1.83,2]","[1,3]",2000s,Morocco,Rest_of_World
Iván Alonso,https://fbref.com/en/players/80084c87/Ivan-Alonso,https://www.transfermarkt.com/ivan-alonso/profil/spieler/51583,Uruguay  Spain,17,Yes,38,46,21,2000,2,55,9,472,472,0,left,Attack,1.78,21,1.78,2000,0,left,1,"[21,24)","[1.6,1.78]","[1,3]",2000s,Uruguay Spain,EU_Major
Iván Bolado,https://fbref.com/en/players/5686e45d/Ivan-Bolado,https://www.transfermarkt.com/ivan-bolado/profil/spieler/57675,Equatorial Guinea  Spain,11,Yes,29,36,18,2007,2,430,63,78,89,6,right,Attack,1.8,18,1.8,2007,0.333333333,right,1,"[18,21)","(1.78,1.83]","[1,3]",2000s,Equatorial Guinea Spain,EU_Major
Iván Cuéllar,https://fbref.com/en/players/75751c99/Ivan-Cuellar,https://www.transfermarkt.com/ivan-cuellar/profil/spieler/27493,Spain,20,No,NA,41,21,2004,12,556,80,409,409,0,left,Goalkeeper,1.87,21,1.87,2004,0,left,0,"[21,24)","(1.83,2]","(8,56]",2000s,Spain,EU_Major
Iván de la Peña,https://fbref.com/en/players/96a4976d/Ivan-de-la-Pena,https://www.transfermarkt.com/ivan-de-la-pena/profil/spieler/8037,Spain,18,Yes,35,49,17,1995,6,445,57,330,333,1,right,Attack,1.71,17,1.71,1995,6,right,1,"[15,18)","[1.6,1.78]","(3,8]",1990s,Spain,EU_Major
Iván Hernández,https://fbref.com/en/players/09a1ed52/Ivan-Hernandez,https://www.transfermarkt.com/ivan-hernandez/profil/spieler/29066,Spain,12,Yes,35,45,23,2003,1,23,4,274,274,0,right,Defender,1.88,23,1.88,2003,0,right,1,"[21,24)","(1.83,2]","[1,3]",2000s,Spain,EU_Major
Iván López,https://fbref.com/en/players/576575e5/Ivan-Lopez,https://www.transfermarkt.com/ivan-lopez/profil/spieler/203778,Spain,6,Yes,26,31,20,2014,11,840,112,61,61,0,right,Defender,1.75,20,1.75,2014,0,right,1,"[18,21)","[1.6,1.78]","(8,56]",2010s,Spain,EU_Major
Iván Marcano,https://fbref.com/en/players/7a20d90a/Ivan-Marcano,https://www.transfermarkt.com/ivan-marcano/profil/spieler/57723,Spain,18,Yes,38,38,20,2007,10,1218,194,430,430,0,left,Defender,1.89,20,1.89,2007,0,left,1,"[18,21)","(1.83,2]","(8,56]",2000s,Spain,EU_Major
Iván Ramis,https://fbref.com/en/players/d2be40f2/Ivan-Ramis,https://www.transfermarkt.com/ivan-ramis/profil/spieler/26066,Spain,17,Yes,36,40,19,2003,21,2868,125,352,352,0,right,Defender,1.89,19,1.89,2003,0,right,1,"[18,21)","(1.83,2]","(8,56]",2000s,Spain,EU_Major
Ivan Cavaleiro,https://fbref.com/en/players/979b811d/Ivan-Cavaleiro,https://www.transfermarkt.com/ivan-cavaleiro/profil/spieler/149716,Angola  Portugal,15,No,NA,31,18,2013,13,369,72,333,335,3,right,Attack,1.75,18,1.75,2013,4.333333333,right,0,"[18,21)","[1.6,1.78]","(8,56]",2010s,Angola Portugal,EU_Major
Ivan Obradović,https://fbref.com/en/players/f6ddac8f/Ivan-Obradovic,https://www.transfermarkt.com/ivan-obradovic/profil/spieler/49802,Serbia,16,Yes,34,37,18,2008,10,843,134,236,251,8,left,Defender,1.81,18,1.81,2008,1.25,left,1,"[18,21)","(1.78,1.83]","(8,56]",2000s,Serbia,Rest_of_World
Ivan Rakitić,https://fbref.com/en/players/89f951b5/Ivan-Rakitic,https://www.transfermarkt.com/ivan-rakitic/profil/spieler/32467,Croatia  Switzerland,19,Yes,37,37,18,2006,14,256,67,811,896,16,right,Midfield,1.84,18,1.84,2006,0.875,right,1,"[18,21)","(1.83,2]","(8,56]",2000s,Croatia Switzerland,Rest_of_World
Ivi,https://fbref.com/en/players/d2fa73e7/Ivi,https://www.transfermarkt.com/ivi-lopez/profil/spieler/282371,Spain,13,No,NA,31,19,2013,9,412,64,234,234,0,right,Attack,1.74,19,1.74,2013,0,right,0,"[18,21)","[1.6,1.78]","(8,56]",2010s,Spain,EU_Major
Ivica Dragutinović,https://fbref.com/en/players/7ab82833/Ivica-Dragutinovic,https://www.transfermarkt.com/ivica-dragutinovic/profil/spieler/13453,Serbia  Belgium,16,Yes,36,49,20,2003,9,384,58,210,233,4,left,Defender,1.86,20,1.86,2003,2.25,left,1,"[18,21)","(1.83,2]","(8,56]",2000s,Serbia Belgium,EU_Major
Jérémy Mathieu,https://fbref.com/en/players/5b887c7a/Jeremy-Mathieu,https://www.transfermarkt.com/jeremy-mathieu/profil/spieler/5404,France,22,Yes,40,41,18,2002,25,792,163,550,553,2,left,Defender,1.89,18,1.89,2002,12.5,left,1,"[18,21)","(1.83,2]","(8,56]",2000s,France,EU_Major
Jérémy Perbet,https://fbref.com/en/players/dfe2f225/Jeremy-Perbet,https://www.transfermarkt.com/jeremy-perbet/profil/spieler/23966,France,23,Yes,41,40,18,2006,1,19,3,322,322,0,right,Attack,1.84,18,1.84,2006,0,right,1,"[18,21)","(1.83,2]","[1,3]",2000s,France,EU_Major
Jérémy Toulalan,https://fbref.com/en/players/7adea561/Jeremy-Toulalan,https://www.transfermarkt.com/jeremy-toulalan/profil/spieler/5513,France,17,Yes,35,41,18,2001,13,389,83,488,508,4,right,Midfield,1.83,18,1.83,2001,3.25,right,1,"[18,21)","(1.78,1.83]","(8,56]",2000s,France,EU_Major
Jaime,https://fbref.com/en/players/d7f052c3/Jaime,https://www.transfermarkt.com/jaime-jimenez/profil/spieler/51504,Spain,12,Yes,36,44,24,2005,3,552,65,181,181,0,NA,Goalkeeper,1.87,24,1.87,2005,0,unknown,1,"[24,30]","(1.83,2]","[1,3]",2000s,Spain,EU_Major
Jaime Gavilán,https://fbref.com/en/players/95de0931/Jaime-Gavilan,https://www.transfermarkt.com/jaime-gavilan/profil/spieler/15461,Spain,19,Yes,36,40,17,2002,5,298,50,308,308,0,left,Attack,1.78,17,1.78,2002,0,left,1,"[15,18)","[1.6,1.78]","(3,8]",2000s,Spain,EU_Major
Jaime Isuardi,https://fbref.com/en/players/eb844581/Jaime-Isuardi,https://www.transfermarkt.com/jaime-isuardi/profil/spieler/225627,Spain,14,No,NA,33,20,2011,NA,NA,NA,3,3,0,right,Attack,1.71,20,1.71,2011,0,right,0,"[18,21)","[1.6,1.78]",NA,2010s,Spain,EU_Major
Jaime Romero,https://fbref.com/en/players/e28205f4/Jaime-Romero,https://www.transfermarkt.com/jaime-romero/profil/spieler/81998,Spain,17,No,NA,35,18,2008,13,687,99,268,268,0,left,Attack,1.77,18,1.77,2008,0,left,0,"[18,21)","[1.6,1.78]","(8,56]",2000s,Spain,EU_Major
Jairo Morillas,https://fbref.com/en/players/a0414cb4/Jairo-Morillas,https://www.transfermarkt.com/jairo-morillas/profil/spieler/126741,Spain,12,No,NA,32,21,2014,2,268,28,49,49,0,right,Attack,1.87,21,1.87,2014,0,right,0,"[21,24)","(1.83,2]","[1,3]",2010s,Spain,EU_Major
Jairo Samperio,https://fbref.com/en/players/c0a0c18f/Jairo-Samperio,https://www.transfermarkt.com/jairo-samperio/profil/spieler/171167,Spain,14,No,NA,32,18,2011,13,535,66,283,283,0,right,Attack,1.72,18,1.72,2011,0,right,0,"[18,21)","[1.6,1.78]","(8,56]",2010s,Spain,EU_Major
James Rodríguez,https://fbref.com/en/players/715bf047/James-Rodriguez,https://www.transfermarkt.com/james-rodriguez/profil/spieler/88103,Colombia  Spain,17,No,NA,34,17,2010,39,770,139,414,500,15,left,Attack,1.8,17,1.8,2010,2.6,left,0,"[15,18)","(1.78,1.83]","(8,56]",2010s,Colombia Spain,EU_Major
Jan Oblak,https://fbref.com/en/players/ee8508c0/Jan-Oblak,https://www.transfermarkt.com/jan-oblak/profil/spieler/121483,Slovenia,17,No,NA,32,16,2011,8,187,30,572,649,19,right,Goalkeeper,1.88,16,1.88,2011,0.421052632,right,0,"[15,18)","(1.83,2]","(3,8]",2010s,Slovenia,Rest_of_World
Júlio Baptista,https://fbref.com/en/players/44557475/Julio-Baptista,https://www.transfermarkt.com/julio-baptista/profil/spieler/15952,Brazil  Spain,20,Yes,38,43,18,2003,13,670,121,314,320,4,both,Attack,1.85,18,1.85,2003,3.25,both,1,"[18,21)","(1.83,2]","(8,56]",2000s,Brazil Spain,EU_Major
Júlio César,https://fbref.com/en/players/f4213f59/Julio-Cesar,https://www.transfermarkt.com/julio-cesar/profil/spieler/52647,Brazil,20,No,NA,38,20,2007,NA,NA,NA,165,165,0,right,Goalkeeper,1.91,20,1.91,2007,0,right,0,"[18,21)","(1.83,2]",NA,2000s,Brazil,South_America
Jason,https://fbref.com/en/players/9038c2a1/Jason,https://www.transfermarkt.com/jason-remeseiro/profil/spieler/263860,Spain,12,No,NA,31,19,2013,2,58,8,280,280,0,right,Attack,1.78,19,1.78,2013,0,right,0,"[18,21)","[1.6,1.78]","[1,3]",2010s,Spain,EU_Major
Jaume Costa,https://fbref.com/en/players/808d48f3/Jaume-Costa,https://www.transfermarkt.com/jaume-costa/profil/spieler/65318,Spain,16,Yes,37,37,21,2009,14,338,62,475,475,0,left,Defender,1.71,21,1.71,2009,0,left,1,"[21,24)","[1.6,1.78]","(8,56]",2000s,Spain,EU_Major
Javad Nekounam,https://fbref.com/en/players/baccd726/Javad-Nekounam,https://www.transfermarkt.com/javad-nekounam/profil/spieler/24619,Iran,18,Yes,36,44,18,2006,3,192,29,182,267,15,right,Midfield,1.86,18,1.86,2006,0.2,right,1,"[18,21)","(1.83,2]","[1,3]",2000s,Iran,Rest_of_World
Javi Álamo,https://fbref.com/en/players/ffd69308/Javi-Alamo,https://www.transfermarkt.com/javi-alamo/profil/spieler/164816,Spain,12,Yes,35,36,23,2011,2,301,31,145,145,0,right,Attack,1.9,23,1.9,2011,0,right,1,"[21,24)","(1.83,2]","[1,3]",2010s,Spain,EU_Major
Javi Flores,https://fbref.com/en/players/867f9ede/Javi-Flores,https://www.transfermarkt.com/javi-flores/profil/spieler/58009,Spain,15,Yes,37,39,22,2007,5,472,66,132,132,0,right,Attack,1.7,22,1.7,2007,0,right,1,"[21,24)","[1.6,1.78]","(3,8]",2000s,Spain,EU_Major
Javi Fuego,https://fbref.com/en/players/2e8fc160/Javi-Fuego,https://www.transfermarkt.com/javi-fuego/profil/spieler/56134,Spain,19,Yes,37,41,18,2002,11,374,58,569,569,0,right,Midfield,1.82,18,1.82,2002,0,right,1,"[18,21)","(1.78,1.83]","(8,56]",2000s,Spain,EU_Major
Javi Guerra,https://fbref.com/en/players/aa386464/Javi-Guerra,https://www.transfermarkt.com/javi-guerra/profil/spieler/46215,Spain,16,Yes,37,43,21,2003,7,146,22,376,376,0,right,Attack,1.78,21,1.78,2003,0,right,1,"[21,24)","[1.6,1.78]","(3,8]",2000s,Spain,EU_Major
Javi Jiménez,https://fbref.com/en/players/9fe99e45/Javi-Jimenez,https://www.transfermarkt.com/javi-jimenez/profil/spieler/69611,Spain,16,No,NA,38,23,2010,1,272,38,131,131,0,right,Goalkeeper,1.88,23,1.88,2010,0,right,0,"[21,24)","(1.83,2]","[1,3]",2010s,Spain,EU_Major
Javi López,https://fbref.com/en/players/ffad706e/Javi-Lopez,https://www.transfermarkt.com/javi-lopez/profil/spieler/72310,Spain,15,Yes,39,39,24,2009,11,403,48,349,349,0,right,Defender,1.8,24,1.8,2009,0,right,1,"[24,30]","(1.78,1.83]","(8,56]",2000s,Spain,EU_Major
Javi Lara,https://fbref.com/en/players/bd1babf1/Javi-Lara,https://www.transfermarkt.com/javi-lara/profil/spieler/119622,Spain,17,Yes,40,39,23,2009,2,78,12,244,244,0,right,Attack,1.79,23,1.79,2009,0,right,1,"[21,24)","(1.78,1.83]","[1,3]",2000s,Spain,EU_Major
Javi Márquez,https://fbref.com/en/players/40c7cdd2/Javi-Marquez,https://www.transfermarkt.com/javi-marquez/profil/spieler/72315,Spain,11,Yes,34,39,23,2009,7,262,44,229,229,0,left,Midfield,1.79,23,1.79,2009,0,left,1,"[21,24)","(1.78,1.83]","(3,8]",2000s,Spain,EU_Major
Javi Martínez,https://fbref.com/en/players/7f97771d/Javi-Martinez,https://www.transfermarkt.com/javi-martinez/profil/spieler/44017,Spain,21,No,NA,36,17,2006,30,870,169,475,486,10,right,Defender,1.89,17,1.89,2006,3,right,0,"[15,18)","(1.83,2]","(8,56]",2000s,Spain,EU_Major
Javi Poves,https://fbref.com/en/players/fb15bf58/Javi-Poves,https://www.transfermarkt.com/javi-poves/profil/spieler/89515,Spain,5,Yes,29,38,24,2010,NA,NA,NA,1,1,0,right,Defender,1.84,24,1.84,2010,0,right,1,"[24,30]","(1.83,2]",NA,2010s,Spain,EU_Major
Javi Varas,https://fbref.com/en/players/6db3da37/Javi-Varas,https://www.transfermarkt.com/javi-varas/profil/spieler/58341,Spain,13,Yes,37,42,24,2007,NA,NA,NA,281,281,0,right,Goalkeeper,1.82,24,1.82,2007,0,right,1,"[24,30]","(1.78,1.83]",NA,2000s,Spain,EU_Major
Javi Venta,https://fbref.com/en/players/fc3efd36/Javi-Venta,https://www.transfermarkt.com/javi-venta/profil/spieler/7831,Spain,14,Yes,38,49,24,2001,1,32,5,323,323,0,right,Defender,1.81,24,1.81,2001,0,right,1,"[24,30]","(1.78,1.83]","[1,3]",2000s,Spain,EU_Major
Javier Acuña,https://fbref.com/en/players/993ff7aa/Javier-Acuna,https://www.transfermarkt.com/javi-acuna/profil/spieler/35532,Paraguay  Spain,20,No,NA,37,18,2006,5,718,82,251,251,0,right,Attack,1.75,18,1.75,2006,0,right,0,"[18,21)","[1.6,1.78]","(3,8]",2000s,Paraguay Spain,EU_Major
Javier Aquino,https://fbref.com/en/players/215104cc/Javier-Aquino,https://www.transfermarkt.com/javier-aquino/profil/spieler/111082,Mexico,18,No,NA,35,18,2010,5,67,13,467,505,11,right,Defender,1.67,18,1.67,2010,0.454545455,right,0,"[18,21)","[1.6,1.78]","(3,8]",2010s,Mexico,Rest_of_World
Javier Arizmendi,https://fbref.com/en/players/14a6c075/Javier-Arizmendi,https://www.transfermarkt.com/javier-arizmendi/profil/spieler/25411,Spain,11,Yes,30,41,19,2003,1,45,7,256,256,0,right,Attack,1.91,19,1.91,2003,0,right,1,"[18,21)","(1.83,2]","[1,3]",2000s,Spain,EU_Major
Javier Baraja,https://fbref.com/en/players/6514cd55/Javier-Baraja,https://www.transfermarkt.com/javi-baraja/profil/spieler/29061,Spain,13,Yes,34,44,21,2001,1,32,5,260,260,0,right,Midfield,1.79,21,1.79,2001,0,right,1,"[21,24)","(1.78,1.83]","[1,3]",2000s,Spain,EU_Major
Javier Calleja,https://fbref.com/en/players/3c99e7de/Javier-Calleja,https://www.transfermarkt.com/javier-calleja/profil/spieler/7842,Spain,13,Yes,34,47,21,2000,NA,NA,NA,266,266,0,left,Midfield,1.71,21,1.71,2000,0,left,1,"[21,24)","[1.6,1.78]",NA,2000s,Spain,EU_Major
Javier Camuñas,https://fbref.com/en/players/bbc1db07/Javier-Camunas,https://www.transfermarkt.com/javier-camunas/profil/spieler/29170,Spain,11,Yes,33,45,22,2002,1,33,4,363,363,0,right,Attack,1.72,22,1.72,2002,0,right,1,"[21,24)","[1.6,1.78]","[1,3]",2000s,Spain,EU_Major
Javier Casquero,https://fbref.com/en/players/ab6daa16/Javier-Casquero,https://www.transfermarkt.com/javi-casquero/profil/spieler/7705,Spain,20,Yes,38,49,18,2001,NA,NA,NA,374,374,0,both,Midfield,1.8,18,1.8,2001,0,both,1,"[18,21)","(1.78,1.83]",NA,2000s,Spain,EU_Major
Javier Chica,https://fbref.com/en/players/991b2cec/Javier-Chica,https://www.transfermarkt.com/javi-chica/profil/spieler/44860,Spain,13,Yes,34,40,21,2006,3,137,18,248,248,0,right,Defender,1.75,21,1.75,2006,0,right,1,"[21,24)","[1.6,1.78]","[1,3]",2000s,Spain,EU_Major
Javier Espinosa,https://fbref.com/en/players/8e08d88c/Javier-Espinosa,https://www.transfermarkt.com/javier-espinosa/profil/spieler/128219,Spain,15,No,NA,32,18,2010,2,26,4,290,290,0,right,Midfield,1.73,18,1.73,2010,0,right,0,"[18,21)","[1.6,1.78]","[1,3]",2010s,Spain,EU_Major
Javier Farinós,https://fbref.com/en/players/d9b0f08e/Javier-Farinos,https://www.transfermarkt.com/javier-farinos/profil/spieler/5785,Spain,18,Yes,36,47,18,1996,3,297,19,454,454,0,right,Midfield,1.73,18,1.73,1996,0,right,1,"[18,21)","[1.6,1.78]","[1,3]",1990s,Spain,EU_Major
Javier Hernández,https://fbref.com/en/players/189cee7b/Javier-Hernandez,https://www.transfermarkt.com/chicharito/profil/spieler/50935,Mexico,21,No,NA,37,17,2006,18,676,98,491,556,13,right,Attack,1.75,17,1.75,2006,1.384615385,right,0,"[15,18)","[1.6,1.78]","(8,56]",2000s,Mexico,Rest_of_World
Javier Hervás,https://fbref.com/en/players/04b8d5c8/Javier-Hervas,https://www.transfermarkt.com/javi-hervas/profil/spieler/184218,Spain,15,No,NA,36,21,2010,1,21,3,210,210,0,left,Midfield,1.78,21,1.78,2010,0,left,0,"[21,24)","[1.6,1.78]","[1,3]",2010s,Spain,EU_Major
Javier Manquillo,https://fbref.com/en/players/758dd7f0/Javier-Manquillo,https://www.transfermarkt.com/javier-manquillo/profil/spieler/162029,Spain,14,No,NA,31,18,2012,10,238,44,224,224,0,right,Defender,1.78,18,1.78,2012,0,right,0,"[18,21)","[1.6,1.78]","(8,56]",2010s,Spain,EU_Major
Javier Mascherano,https://fbref.com/en/players/5070881b/Javier-Mascherano,https://www.transfermarkt.com/javier-mascherano/profil/spieler/19981,Argentina  Italy,17,Yes,36,41,19,2006,13,431,75,497,556,11,right,Midfield,1.74,19,1.74,2006,1.181818182,right,1,"[18,21)","[1.6,1.78]","(8,56]",2000s,Argentina Italy,EU_Major
Javier Matilla,https://fbref.com/en/players/35fa45cc/Javier-Matilla,https://www.transfermarkt.com/javier-matilla/profil/spieler/73269,Spain,17,No,NA,36,20,2008,4,471,57,328,328,0,right,Midfield,1.78,20,1.78,2008,0,right,0,"[18,21)","[1.6,1.78]","(3,8]",2000s,Spain,EU_Major
Javier Paredes,https://fbref.com/en/players/488a9ade/Javier-Paredes,https://www.transfermarkt.com/javier-paredes/profil/spieler/35512,Spain,16,Yes,35,43,19,2001,NA,NA,NA,295,295,0,left,Defender,1.77,19,1.77,2001,0,left,1,"[18,21)","[1.6,1.78]",NA,2000s,Spain,EU_Major
Javier Portillo,https://fbref.com/en/players/99058498/Javier-Portillo,https://www.transfermarkt.com/javier-portillo/profil/spieler/7532,Spain,13,Yes,33,43,20,2002,NA,NA,NA,316,316,0,left,Attack,1.83,20,1.83,2002,0,left,1,"[18,21)","(1.78,1.83]",NA,2000s,Spain,EU_Major
Javier Ros,https://fbref.com/en/players/6b2f1a78/Javier-Ros,https://www.transfermarkt.com/javi-ros/profil/spieler/89330,Spain,15,Yes,34,35,19,2008,5,414,48,231,231,0,right,Midfield,1.73,19,1.73,2008,0,right,1,"[18,21)","[1.6,1.78]","(3,8]",2000s,Spain,EU_Major
Javier Saviola,https://fbref.com/en/players/de544fdb/Javier-Saviola,https://www.transfermarkt.com/javier-saviola/profil/spieler/7611,Argentina  Spain,18,Yes,35,43,17,2001,2,25,6,441,447,2,right,Attack,1.68,17,1.68,2001,1,right,1,"[15,18)","[1.6,1.78]","[1,3]",2000s,Argentina Spain,EU_Major
Jean Marie Dongou,https://fbref.com/en/players/fd0bb7d2/Jean-Marie-Dongou,https://www.transfermarkt.com/jean-marie-dongou/profil/spieler/166666,Cameroon,12,Yes,28,30,16,2011,3,350,42,194,194,0,right,Attack,1.75,16,1.75,2011,0,right,1,"[15,18)","[1.6,1.78]","[1,3]",2010s,Cameroon,Rest_of_World
Jean-Sylvain Babin,https://fbref.com/en/players/ba998e22/Jean-Sylvain-Babin,https://www.transfermarkt.com/jean-sylvain-babin/profil/spieler/45256,Martinique  France,23,No,NA,38,17,2010,7,208,23,411,417,2,right,Defender,1.81,17,1.81,2010,3.5,right,0,"[15,18)","(1.78,1.83]","(3,8]",2010s,Martinique France,EU_Major
Jefferson Montero,https://fbref.com/en/players/fa6561bf/Jefferson-Montero,https://www.transfermarkt.com/jefferson-montero/profil/spieler/77932,Ecuador,18,No,NA,35,19,2009,10,445,59,324,353,7,right,Attack,1.7,19,1.7,2009,1.428571429,right,0,"[18,21)","[1.6,1.78]","(8,56]",2000s,Ecuador,Rest_of_World
Jeffrén Suárez,https://fbref.com/en/players/01e9c0a6/Jeffren-Suarez,https://www.transfermarkt.com/jeffren/profil/spieler/53309,Venezuela  Spain,15,Yes,36,37,21,2008,22,538,101,206,210,3,left,Attack,1.73,21,1.73,2008,7.333333333,left,1,"[21,24)","[1.6,1.78]","(8,56]",2000s,Venezuela Spain,EU_Major
Jeffrey Sarpong,https://fbref.com/en/players/cabfd01c/Jeffrey-Sarpong,https://www.transfermarkt.com/jeffrey-sarpong/profil/spieler/35529,Netherlands  Ghana,21,No,NA,36,17,2005,1,24,4,196,196,0,right,Midfield,1.76,17,1.76,2005,0,right,0,"[15,18)","[1.6,1.78]","[1,3]",2000s,Netherlands Ghana,EU_Major
Jeison Murillo,https://fbref.com/en/players/b233e8e4/Jeison-Murillo,https://www.transfermarkt.com/jeison-murillo/profil/spieler/131102,Colombia  Spain,13,No,NA,33,20,2012,8,280,50,287,309,7,right,Defender,1.82,20,1.82,2012,1.142857143,right,0,"[18,21)","(1.78,1.83]","(3,8]",2010s,Colombia Spain,EU_Major
Jerzy Dudek,https://fbref.com/en/players/1064659d/Jerzy-Dudek,https://www.transfermarkt.com/jerzy-dudek/profil/spieler/3209,Poland,16,Yes,38,52,22,2000,3,82,18,224,235,4,left,Goalkeeper,1.88,22,1.88,2000,0.75,left,1,"[21,24)","(1.83,2]","[1,3]",2000s,Poland,Rest_of_World
Jesé,https://fbref.com/en/players/4a537185/Jese,https://www.transfermarkt.com/jese/profil/spieler/134936,Spain,14,No,NA,32,19,2011,6,287,50,291,291,0,right,Attack,1.78,19,1.78,2011,0,right,0,"[18,21)","[1.6,1.78]","(3,8]",2010s,Spain,EU_Major
Jesús,https://fbref.com/en/players/fba3c8c1/Jesus,https://www.transfermarkt.com/jesus-fernandez/profil/spieler/91885,Spain,17,No,NA,37,21,2009,NA,NA,NA,141,141,0,left,Goalkeeper,1.9,21,1.9,2009,0,left,0,"[21,24)","(1.83,2]",NA,2000s,Spain,EU_Major
Jesús Dátolo,https://fbref.com/en/players/49e7b005/Jesus-Datolo,https://www.transfermarkt.com/jesus-datolo/profil/spieler/30759,Argentina  Italy,20,Yes,40,41,20,2008,3,108,16,230,230,0,left,Midfield,1.75,20,1.75,2008,0,left,1,"[18,21)","[1.6,1.78]","[1,3]",2000s,Argentina Italy,EU_Major
Jesús Gámez,https://fbref.com/en/players/bd1d1cbb/Jesus-Gamez,https://www.transfermarkt.com/jesus-gamez/profil/spieler/29055,Spain,15,Yes,33,40,18,2003,8,274,40,361,361,0,right,Defender,1.77,18,1.77,2003,0,right,1,"[18,21)","[1.6,1.78]","(3,8]",2000s,Spain,EU_Major
Jesús Navas,https://fbref.com/en/players/3f10bd22/Jesus-Navas,https://www.transfermarkt.com/jesus-navas/profil/spieler/15956,Spain,22,Yes,40,39,18,2003,15,414,79,814,849,13,right,Defender,1.7,18,1.7,2003,1.153846154,right,1,"[18,21)","[1.6,1.78]","(8,56]",2000s,Spain,EU_Major
Jesús Rueda,https://fbref.com/en/players/9d8ba8ec/Jesus-Rueda,https://www.transfermarkt.com/jesus-rueda/profil/spieler/56543,Spain,16,No,NA,38,22,2008,1,32,6,188,188,0,right,Defender,1.86,22,1.86,2008,0,right,0,"[21,24)","(1.83,2]","[1,3]",2000s,Spain,EU_Major
Jesús Vázquez,https://fbref.com/en/players/96b3239f/Jesus-Vazquez,https://www.transfermarkt.com/jesus-vazquez/profil/spieler/27683,Spain,18,Yes,37,45,19,1998,4,335,37,453,453,0,right,Midfield,1.83,19,1.83,1998,0,right,1,"[18,21)","(1.78,1.83]","(3,8]",1990s,Spain,EU_Major
Jhon Córdoba,https://fbref.com/en/players/9f381d8b/Jhon-Cordoba,https://www.transfermarkt.com/jhon-cordoba/profil/spieler/185245,Colombia,16,No,NA,32,17,2012,17,525,79,341,353,3,right,Attack,1.88,17,1.88,2012,5.666666667,right,0,"[15,18)","(1.83,2]","(8,56]",2010s,Colombia,Rest_of_World
João Cancelo,https://fbref.com/en/players/bd6351cd/Joao-Cancelo,https://www.transfermarkt.com/joao-cancelo/profil/spieler/182712,Portugal,13,No,NA,31,18,2013,13,379,73,400,462,18,right,Defender,1.82,18,1.82,2013,0.722222222,right,0,"[18,21)","(1.78,1.83]","(8,56]",2010s,Portugal,EU_Major
João Pereira,https://fbref.com/en/players/aefd0c5b/Joao-Pereira,https://www.transfermarkt.com/joao-pereira/profil/spieler/13217,Portugal,18,Yes,37,41,19,2003,11,192,35,475,503,6,right,Defender,1.72,19,1.72,2003,1.833333333,right,1,"[18,21)","[1.6,1.78]","(8,56]",2000s,Portugal,EU_Major
João Victor,https://fbref.com/en/players/dbc94b4c/Joao-Victor,https://www.transfermarkt.com/joao-victor/profil/spieler/54996,Brazil  Spain,18,No,NA,36,20,2010,1,178,27,164,164,0,right,Midfield,1.79,20,1.79,2010,0,right,0,"[18,21)","(1.78,1.83]","[1,3]",2010s,Brazil Spain,EU_Major
Joan Àngel Román,https://fbref.com/en/players/150a54c2/Joan-Angel-Roman,https://www.transfermarkt.com/joan-roman/profil/spieler/121411,Spain,13,No,NA,32,19,2012,1,24,5,115,115,0,both,Attack,1.7,19,1.7,2012,0,both,0,"[18,21)","[1.6,1.78]","[1,3]",2010s,Spain,EU_Major
Joan Capdevila,https://fbref.com/en/players/69697a6d/Joan-Capdevila,https://www.transfermarkt.com/joan-capdevila/profil/spieler/7486,Spain,19,Yes,39,47,20,1998,2,35,6,485,522,8,left,Defender,1.82,20,1.82,1998,0.25,left,1,"[18,21)","(1.78,1.83]","[1,3]",1990s,Spain,EU_Major
Joan Jordán,https://fbref.com/en/players/2a0c8ba4/Joan-Jordan,https://www.transfermarkt.com/joan-jordan/profil/spieler/263727,Spain,12,No,NA,31,20,2014,7,236,34,351,351,0,right,Midfield,1.85,20,1.85,2014,0,right,0,"[18,21)","(1.83,2]","(3,8]",2010s,Spain,EU_Major
Joan Oriol,https://fbref.com/en/players/7ccb2ef6/Joan-Oriol,https://www.transfermarkt.com/joan-oriol/profil/spieler/73215,Spain,17,Yes,39,38,22,2009,1,32,5,198,198,0,left,Defender,1.75,22,1.75,2009,0,left,1,"[21,24)","[1.6,1.78]","[1,3]",2000s,Spain,EU_Major
Joan Tomàs,https://fbref.com/en/players/9ada6f1d/Joan-Tomas,https://www.transfermarkt.com/joan-tomas/profil/spieler/64419,Spain,15,Yes,38,40,23,2008,NA,NA,NA,118,118,0,right,Attack,1.67,23,1.67,2008,0,right,1,"[21,24)","[1.6,1.78]",NA,2000s,Spain,EU_Major
Joan Verdú,https://fbref.com/en/players/61508522/Joan-Verdu,https://www.transfermarkt.com/joan-verdu/profil/spieler/28005,Spain,16,Yes,39,42,23,2006,NA,NA,NA,280,280,0,right,Attack,1.72,23,1.72,2006,0,right,1,"[21,24)","[1.6,1.78]",NA,2000s,Spain,EU_Major
Joaquín,https://fbref.com/en/players/4c5b14d2/Joaquin,https://www.transfermarkt.com/joaquin/profil/spieler/7663,Spain,23,Yes,42,44,19,2001,14,278,45,789,810,5,right,Attack,1.81,19,1.81,2001,2.8,right,1,"[18,21)","(1.78,1.83]","(8,56]",2000s,Spain,EU_Major
Joaquín Larrivey,https://fbref.com/en/players/7ae94e67/Joaquin-Larrivey,https://www.transfermarkt.com/joaquin-larrivey/profil/spieler/52428,Argentina  Italy,18,No,NA,40,23,2007,2,22,2,418,418,0,right,Attack,1.86,23,1.86,2007,0,right,0,"[21,24)","(1.83,2]","[1,3]",2000s,Argentina Italy,EU_Major
Joel Campbell,https://fbref.com/en/players/895ff3ca/Joel-Campbell,https://www.transfermarkt.com/joel-campbell/profil/spieler/131248,Costa Rica,16,No,NA,33,17,2011,12,367,64,348,452,23,left,Attack,1.78,17,1.78,2011,0.52173913,left,0,"[15,18)","[1.6,1.78]","(8,56]",2010s,Costa Rica,Rest_of_World
Joel Robles,https://fbref.com/en/players/cda0b317/Joel-Robles,https://www.transfermarkt.com/joel-robles/profil/spieler/101118,Spain,16,No,NA,35,19,2009,1,35,4,209,209,0,right,Goalkeeper,1.94,19,1.94,2009,0,right,0,"[18,21)","(1.83,2]","[1,3]",2000s,Spain,EU_Major
Joel Valencia,https://fbref.com/en/players/03904ca0/Joel-Valencia,https://www.transfermarkt.com/joel-valencia/profil/spieler/175451,Ecuador  Spain,15,No,NA,30,16,2011,3,307,27,129,129,0,right,Attack,1.64,16,1.64,2011,0,right,0,"[15,18)","[1.6,1.78]","[1,3]",2010s,Ecuador Spain,EU_Major
Johan Mojica,https://fbref.com/en/players/608f2092/Johan-Mojica,https://www.transfermarkt.com/johan-mojica/profil/spieler/262939,Colombia  Spain,13,No,NA,32,20,2013,8,395,69,335,369,11,left,Defender,1.85,20,1.85,2013,0.727272727,left,0,"[18,21)","(1.83,2]","(3,8]",2010s,Colombia Spain,EU_Major
Jon Aurtenetxe,https://fbref.com/en/players/74b0e3ce/Jon-Aurtenetxe,https://www.transfermarkt.com/jon-aurtenetxe/profil/spieler/89726,Spain,16,No,NA,33,18,2010,4,175,32,178,178,0,left,Defender,1.83,18,1.83,2010,0,left,0,"[18,21)","(1.78,1.83]","(3,8]",2010s,Spain,EU_Major
Jon Errasti,https://fbref.com/en/players/4243631a/Jon-Errasti,https://www.transfermarkt.com/jon-errasti/profil/spieler/158849,Spain,8,Yes,33,37,25,2013,1,11,1,152,152,0,right,Midfield,1.81,25,1.81,2013,0,right,1,"[24,30]","(1.78,1.83]","[1,3]",2010s,Spain,EU_Major
Jon Gaztañaga,https://fbref.com/en/players/806872d2/Jon-Gaztanaga,https://www.transfermarkt.com/jon-gaztanaga/profil/spieler/66110,Spain,12,No,NA,34,22,2013,2,61,8,122,122,0,right,Midfield,1.81,22,1.81,2013,0,right,0,"[21,24)","(1.78,1.83]","[1,3]",2010s,Spain,EU_Major
Jonás Ramalho,https://fbref.com/en/players/be3a0121/Jonas-Ramalho,https://www.transfermarkt.com/jonas-ramalho/profil/spieler/69660,Spain  Angola,15,No,NA,32,18,2011,4,318,8,254,254,0,right,Defender,1.86,18,1.86,2011,0,right,0,"[18,21)","(1.83,2]","(3,8]",2010s,Spain Angola,EU_Major
Jonas,https://fbref.com/en/players/9bcd6455/Jonas,https://www.transfermarkt.com/jonas/profil/spieler/50143,Brazil  Italy,13,Yes,35,41,22,2010,10,267,48,296,298,2,right,Attack,1.82,22,1.82,2010,5,right,1,"[21,24)","(1.78,1.83]","(8,56]",2010s,Brazil Italy,EU_Major
Jonathan de Guzmán,https://fbref.com/en/players/1bcca8b8/Jonathan-de-Guzman,https://www.transfermarkt.com/jonathan-de-guzman/profil/spieler/31067,Netherlands  Canada,20,No,NA,37,18,2005,29,899,138,485,493,4,right,Midfield,1.73,18,1.73,2005,7.25,right,0,"[18,21)","[1.6,1.78]","(8,56]",2000s,Netherlands Canada,EU_Major
Jonathan dos Santos,https://fbref.com/en/players/91872dec/Jonathan-dos-Santos,https://www.transfermarkt.com/jonathan-dos-santos/profil/spieler/60445,Mexico  Spain,16,No,NA,35,19,2009,12,443,85,415,467,14,right,Midfield,1.72,19,1.72,2009,0.857142857,right,0,"[18,21)","[1.6,1.78]","(8,56]",2000s,Mexico Spain,EU_Major
Jonathan López,https://fbref.com/en/players/5f872f11/Jonathan-Lopez,https://www.transfermarkt.com/jonathan-lopez/profil/spieler/58064,Spain,17,Yes,37,44,20,2001,2,39,6,183,183,0,right,Goalkeeper,1.82,20,1.82,2001,0,right,1,"[18,21)","(1.78,1.83]","[1,3]",2000s,Spain,EU_Major
Jonathan Pereira,https://fbref.com/en/players/806ab4b6/Jonathan-Pereira,https://www.transfermarkt.com/jonathan-pereira/profil/spieler/53239,Spain,15,Yes,34,38,19,2006,1,171,26,356,356,0,right,Attack,1.67,19,1.67,2006,0,right,1,"[18,21)","[1.6,1.78]","[1,3]",2000s,Spain,EU_Major
Jonathan Urretaviscaya,https://fbref.com/en/players/6465d159/Jonathan-Urretaviscaya,https://www.transfermarkt.com/jonathan-urretaviscaya/profil/spieler/74621,Uruguay  Spain,17,No,NA,35,18,2008,9,700,93,344,350,4,right,Attack,1.72,18,1.72,2008,2.25,right,0,"[18,21)","[1.6,1.78]","(8,56]",2000s,Uruguay Spain,EU_Major
Jonathan Viera,https://fbref.com/en/players/efa708aa/Jonathan-Viera,https://www.transfermarkt.com/jonathan-viera/profil/spieler/153238,Spain,16,No,NA,35,20,2010,10,333,50,388,389,1,right,Attack,1.71,20,1.71,2010,10,right,0,"[18,21)","[1.6,1.78]","(8,56]",2010s,Spain,EU_Major
Jonathan Vila,https://fbref.com/en/players/7c3a3425/Jonathan-Vila,https://www.transfermarkt.com/jonathan-vila/profil/spieler/44859,Spain,15,Yes,35,39,20,2006,2,56,9,182,182,0,right,Midfield,1.86,20,1.86,2006,0,right,1,"[18,21)","(1.83,2]","[1,3]",2000s,Spain,EU_Major
Jonathan Zongo,https://fbref.com/en/players/a5dbef51/Jonathan-Zongo,https://www.transfermarkt.com/jonathan-zongo/profil/spieler/174706,Burkina Faso,9,Yes,31,36,22,2011,2,29,5,101,122,8,right,Attack,1.83,22,1.83,2011,0.25,right,1,"[21,24)","(1.78,1.83]","[1,3]",2010s,Burkina Faso,Rest_of_World
Jonathas,https://fbref.com/en/players/531807b3/Jonathas,https://www.transfermarkt.com/jonathas/profil/spieler/58345,Brazil,19,Yes,36,36,17,2009,17,391,44,284,284,0,right,Attack,1.92,17,1.92,2009,0,right,1,"[15,18)","(1.83,2]","(8,56]",2000s,Brazil,South_America
Jonny Castro,https://fbref.com/en/players/e28868f3/Jonny-Castro,https://www.transfermarkt.com/jonny-otto/profil/spieler/175446,Spain,14,No,NA,31,18,2012,8,695,79,404,407,2,both,Defender,1.75,18,1.75,2012,4,both,0,"[18,21)","[1.6,1.78]","(3,8]",2010s,Spain,EU_Major
Jordan Lotiès,https://fbref.com/en/players/64864d05/Jordan-Loties,https://www.transfermarkt.com/jordan-loties/profil/spieler/49804,France  Martinique,20,Yes,39,40,19,2009,2,328,38,222,222,0,right,Defender,1.9,19,1.9,2009,0,right,1,"[18,21)","(1.83,2]","[1,3]",2000s,France Martinique,EU_Major
Jordi,https://fbref.com/en/players/744a8a7c/Jordi,https://www.transfermarkt.com/jordi-figueras/profil/spieler/62941,Spain,15,Yes,36,38,21,2008,7,168,22,304,304,0,left,Defender,1.85,21,1.85,2008,0,left,1,"[21,24)","(1.83,2]","(3,8]",2000s,Spain,EU_Major
Jordi Alba,https://fbref.com/en/players/4601e194/Jordi-Alba,https://www.transfermarkt.com/jordi-alba/profil/spieler/69751,Spain,17,No,NA,36,19,2008,24,440,95,669,753,22,left,Defender,1.7,19,1.7,2008,1.090909091,left,0,"[18,21)","[1.6,1.78]","(8,56]",2000s,Spain,EU_Major
Jordi Amat,https://fbref.com/en/players/d70a2141/Jordi-Amat,https://www.transfermarkt.com/jordi-amat/profil/spieler/85289,Indonesia  Spain,16,No,NA,33,17,2009,8,299,35,270,283,4,right,Defender,1.85,17,1.85,2009,2,right,0,"[15,18)","(1.83,2]","(3,8]",2000s,Indonesia Spain,EU_Major
Jordi Codina,https://fbref.com/en/players/812088cd/Jordi-Codina,https://www.transfermarkt.com/jordi-codina/profil/spieler/35462,Spain,14,Yes,37,43,23,2005,NA,NA,NA,120,120,0,right,Goalkeeper,1.89,23,1.89,2005,0,right,1,"[21,24)","(1.83,2]",NA,2000s,Spain,EU_Major
Jordi Masip,https://fbref.com/en/players/8fae77ea/Jordi-Masip,https://www.transfermarkt.com/jordi-masip/profil/spieler/65263,Spain,14,Yes,35,36,21,2010,5,583,22,303,303,0,right,Goalkeeper,1.8,21,1.8,2010,0,right,1,"[21,24)","(1.78,1.83]","(3,8]",2010s,Spain,EU_Major
Jordi Xumetra,https://fbref.com/en/players/3b79dbdb/Jordi-Xumetra,https://www.transfermarkt.com/jordi-xumetra/profil/spieler/73314,Spain,17,Yes,39,39,22,2008,5,192,25,277,277,0,right,Attack,1.77,22,1.77,2008,0,right,1,"[21,24)","[1.6,1.78]","(3,8]",2000s,Spain,EU_Major
Jorge García,https://fbref.com/en/players/d1bd08ef/Jorge-Garcia,https://www.transfermarkt.com/jorge-garcia/profil/spieler/57804,Spain,19,Yes,40,41,21,2005,NA,NA,NA,265,265,0,right,Defender,1.85,21,1.85,2005,0,right,1,"[21,24)","(1.83,2]",NA,2000s,Spain,EU_Major
Jorge López,https://fbref.com/en/players/cf66479e/Jorge-Lopez,https://www.transfermarkt.com/jorge-lopez/profil/spieler/7844,Spain,17,Yes,36,46,19,2000,NA,NA,NA,348,348,0,right,Attack,1.82,19,1.82,2000,0,right,1,"[18,21)","(1.78,1.83]",NA,2000s,Spain,EU_Major
Jorge Molina,https://fbref.com/en/players/43f71e77/Jorge-Molina,https://www.transfermarkt.com/jorge-molina/profil/spieler/57825,Spain,16,Yes,41,43,25,2007,5,270,24,529,529,0,right,Attack,1.88,25,1.88,2007,0,right,1,"[24,30]","(1.83,2]","(3,8]",2000s,Spain,EU_Major
Jorge Morcillo,https://fbref.com/en/players/ebbbf1dd/Jorge-Morcillo,https://www.transfermarkt.com/jorge-morcillo/profil/spieler/65239,Spain,15,No,NA,39,25,2011,2,55,7,206,206,0,left,Defender,1.84,25,1.84,2011,0,left,0,"[24,30]","(1.83,2]","[1,3]",2010s,Spain,EU_Major
Jorge Ortí,https://fbref.com/en/players/5d67b085/Jorge-Orti,https://www.transfermarkt.com/jorge-orti/profil/spieler/129495,Spain,8,Yes,26,32,18,2011,1,184,5,30,30,0,right,Attack,1.8,18,1.8,2011,0,right,1,"[18,21)","(1.78,1.83]","[1,3]",2010s,Spain,EU_Major
Jorge Pulido,https://fbref.com/en/players/978cd030/Jorge-Pulido,https://www.transfermarkt.com/jorge-pulido/profil/spieler/67546,Spain,14,No,NA,34,20,2010,5,113,17,392,392,0,right,Defender,1.86,20,1.86,2010,0,right,0,"[18,21)","(1.83,2]","(3,8]",2010s,Spain,EU_Major
José Ángel,https://fbref.com/en/players/3024e383/Jose-Angel,https://www.transfermarkt.com/cote/profil/spieler/87469,Spain,17,Yes,36,35,19,2008,7,339,37,379,379,0,left,Defender,1.82,19,1.82,2008,0,left,1,"[18,21)","(1.78,1.83]","(3,8]",2000s,Spain,EU_Major
José Ángel Alonso,https://fbref.com/en/players/1950ed97/Jose-Angel-Alonso,https://www.transfermarkt.com/jose-angel/profil/spieler/160182,Spain,16,No,NA,36,21,2010,8,773,67,63,63,0,right,Defender,1.87,21,1.87,2010,0,right,0,"[21,24)","(1.83,2]","(3,8]",2010s,Spain,EU_Major
José Ángel Crespo,https://fbref.com/en/players/8ec4c2f7/Jose-Angel-Crespo,https://www.transfermarkt.com/jose-crespo/profil/spieler/37397,Spain,19,Yes,37,38,18,2005,20,737,106,315,315,0,right,Defender,1.85,18,1.85,2005,0,right,1,"[18,21)","(1.83,2]","(8,56]",2000s,Spain,EU_Major
José Antonio Caro,https://fbref.com/en/players/02e4da70/Jose-Antonio-Caro,https://www.transfermarkt.com/jose-antonio-caro/profil/spieler/254039,Spain,12,No,NA,32,20,2013,5,144,16,314,314,0,right,Defender,1.83,20,1.83,2013,0,right,0,"[18,21)","(1.78,1.83]","(3,8]",2010s,Spain,EU_Major
José Antonio Reyes,https://fbref.com/en/players/19058f02/Jose-Antonio-Reyes,https://www.transfermarkt.com/jose-antonio-reyes/profil/spieler/7717,Spain,19,No,NA,41,16,1999,8,204,46,566,574,3,left,Attack,1.76,16,1.76,1999,2.666666667,left,0,"[15,18)","[1.6,1.78]","(3,8]",1990s,Spain,EU_Major
José Ariel Núñez,https://fbref.com/en/players/c98a821e/Jose-Ariel-Nunez,https://www.transfermarkt.com/jose-nunez/profil/spieler/139440,Paraguay,12,No,NA,36,25,2013,2,68,5,247,251,2,right,Attack,1.73,25,1.73,2013,1,right,0,"[24,30]","[1.6,1.78]","[1,3]",2010s,Paraguay,Rest_of_World
José Barkero,https://fbref.com/en/players/89a1b23c/Jose-Barkero,https://www.transfermarkt.com/jose-javier-barkero/profil/spieler/7468,Spain,16,Yes,35,46,19,1998,2,50,9,383,383,0,left,Attack,1.81,19,1.81,1998,0,left,1,"[18,21)","(1.78,1.83]","[1,3]",1990s,Spain,EU_Major
José Cañas,https://fbref.com/en/players/ab77f2d9/Jose-Canas,https://www.transfermarkt.com/jose-alberto-canas/profil/spieler/69609,Spain,18,No,NA,38,21,2008,8,309,53,271,271,0,right,Midfield,1.78,21,1.78,2008,0,right,0,"[21,24)","[1.6,1.78]","(3,8]",2000s,Spain,EU_Major
José Callejón,https://fbref.com/en/players/78841da9/Jose-Callejon,https://www.transfermarkt.com/jose-callejon/profil/spieler/61253,Spain,18,Yes,38,38,20,2006,3,22,3,633,638,5,right,Attack,1.78,20,1.78,2006,0.6,right,1,"[18,21)","[1.6,1.78]","[1,3]",2000s,Spain,EU_Major
José Campaña,https://fbref.com/en/players/61220da2/Jose-Campana,https://www.transfermarkt.com/jose-campana/profil/spieler/120095,Spain,14,No,NA,32,18,2011,11,697,96,313,314,2,right,Midfield,1.79,18,1.79,2011,5.5,right,0,"[18,21)","(1.78,1.83]","(8,56]",2010s,Spain,EU_Major
José Carlos,https://fbref.com/en/players/6738f3c6/Jose-Carlos,https://www.transfermarkt.com/jose-carlos/profil/spieler/73244,Spain,18,No,NA,38,21,2008,4,699,42,148,148,0,left,Attack,1.82,21,1.82,2008,0,left,0,"[21,24)","(1.78,1.83]","(3,8]",2000s,Spain,EU_Major
José Catalá,https://fbref.com/en/players/ac0a9088/Jose-Catala,https://www.transfermarkt.com/jose-manuel-catala/profil/spieler/64385,Spain,15,Yes,38,40,23,2008,3,100,15,131,131,0,left,Defender,1.82,23,1.82,2008,0,left,1,"[21,24)","(1.78,1.83]","[1,3]",2000s,Spain,EU_Major
José García,https://fbref.com/en/players/9463b38c/Jose-Garcia,https://www.transfermarkt.com/jose-garcia/profil/spieler/298276,Spain,13,No,NA,28,16,2013,NA,NA,NA,31,31,0,right,Attack,1.69,16,1.69,2013,0,right,0,"[15,18)","[1.6,1.78]",NA,2010s,Spain,EU_Major
José Higón,https://fbref.com/en/players/562194e6/Jose-Higon,https://www.transfermarkt.com/jose-higon/profil/spieler/169004,Spain,14,No,NA,34,20,2011,2,434,19,2,2,0,right,Attack,1.71,20,1.71,2011,0,right,0,"[18,21)","[1.6,1.78]","[1,3]",2010s,Spain,EU_Major
José Isidoro,https://fbref.com/en/players/bb00a819/Jose-Isidoro,https://www.transfermarkt.com/isidoro/profil/spieler/48291,Spain,17,Yes,37,38,20,2006,NA,NA,NA,175,175,0,right,Defender,1.8,20,1.8,2006,0,right,1,"[18,21)","(1.78,1.83]",NA,2000s,Spain,EU_Major
José López Silva,https://fbref.com/en/players/60d6ed20/Jose-Lopez-Silva,https://www.transfermarkt.com/jose-maria-lopez-silva/profil/spieler/73076,Spain,14,Yes,40,42,26,2009,1,23,4,166,166,0,right,Attack,1.7,26,1.7,2009,0,right,1,"[24,30]","[1.6,1.78]","[1,3]",2000s,Spain,EU_Major
José Luis Gayà,https://fbref.com/en/players/b05e2dbd/Jose-Luis-Gaya,https://www.transfermarkt.com/jose-gaya/profil/spieler/221322,Spain,12,No,NA,30,18,2013,27,729,113,381,403,10,left,Defender,1.72,18,1.72,2013,2.7,left,0,"[18,21)","[1.6,1.78]","(8,56]",2010s,Spain,EU_Major
José Luis Martí,https://fbref.com/en/players/111c668a/Jose-Luis-Marti,https://www.transfermarkt.com/josep-lluis-marti/profil/spieler/15955,Spain,17,Yes,40,50,23,1997,1,25,3,464,464,0,right,Midfield,1.8,23,1.8,1997,0,right,1,"[21,24)","(1.78,1.83]","[1,3]",1990s,Spain,EU_Major
José Luis Morales,https://fbref.com/en/players/4a478107/Jose-Luis-Morales,https://www.transfermarkt.com/jose-luis-morales/profil/spieler/252677,Spain,12,No,NA,38,26,2013,2,47,9,478,478,0,right,Attack,1.8,26,1.8,2013,0,right,0,"[24,30]","(1.78,1.83]","[1,3]",2010s,Spain,EU_Major
José Manuel Casado,https://fbref.com/en/players/d0b6d20e/Jose-Manuel-Casado,https://www.transfermarkt.com/jose-manuel-casado/profil/spieler/58774,Spain,13,Yes,34,38,21,2007,2,246,1,202,202,0,left,Defender,1.73,21,1.73,2007,0,left,1,"[21,24)","[1.6,1.78]","[1,3]",2000s,Spain,EU_Major
José Manuel Fernández,https://fbref.com/en/players/4af68c24/Jose-Manuel-Fernandez,https://www.transfermarkt.com/jose-manuel-fernandez/profil/spieler/172128,Spain,15,No,NA,35,21,2010,1,18,2,228,228,0,right,Defender,1.68,21,1.68,2010,0,right,0,"[21,24)","[1.6,1.78]","[1,3]",2010s,Spain,EU_Major
José Manuel Pinto,https://fbref.com/en/players/4a3cd9b7/Jose-Manuel-Pinto,https://www.transfermarkt.com/jose-manuel-pinto/profil/spieler/7537,Spain,17,Yes,39,49,22,1997,NA,NA,NA,247,247,0,right,Goalkeeper,1.85,22,1.85,1997,0,right,1,"[21,24)","(1.83,2]",NA,1990s,Spain,EU_Major
José María Giménez,https://fbref.com/en/players/f0da930c/Jose-Maria-Gimenez,https://www.transfermarkt.com/jose-maria-gimenez/profil/spieler/250845,Uruguay  Spain,14,No,NA,30,17,2013,42,937,161,359,426,14,right,Defender,1.85,17,1.85,2013,3,right,0,"[15,18)","(1.83,2]","(8,56]",2010s,Uruguay Spain,EU_Major
José María Movilla,https://fbref.com/en/players/1ac170a8/Jose-Maria-Movilla,https://www.transfermarkt.com/jose-maria-movilla/profil/spieler/7763,Spain,17,Yes,39,50,22,1999,NA,NA,NA,464,464,0,both,Midfield,1.71,22,1.71,1999,0,both,1,"[21,24)","[1.6,1.78]",NA,1990s,Spain,EU_Major
José Mari,https://fbref.com/en/players/6f4c734d/Jose-Mari,https://www.transfermarkt.com/jose-mari/profil/spieler/225462,Spain,13,Yes,37,37,24,2012,7,611,79,249,249,0,right,Midfield,1.82,24,1.82,2012,0,right,1,"[24,30]","(1.78,1.83]","(3,8]",2010s,Spain,EU_Major
José Nunes,https://fbref.com/en/players/adacff32/Jose-Nunes,https://www.transfermarkt.com/jose-nunes/profil/spieler/14342,Portugal,13,Yes,37,48,24,2001,4,204,27,374,374,0,right,Defender,1.85,24,1.85,2001,0,right,1,"[24,30]","(1.83,2]","(3,8]",2000s,Portugal,EU_Major
José Ortiz Bernal,https://fbref.com/en/players/60393076/Jose-Ortiz-Bernal,https://www.transfermarkt.com/jose-ortiz/profil/spieler/51527,Spain,13,Yes,35,47,22,2002,NA,NA,NA,245,245,0,right,Attack,1.72,22,1.72,2002,0,right,1,"[21,24)","[1.6,1.78]",NA,2000s,Spain,EU_Major
José Picón,https://fbref.com/en/players/6960a69e/Jose-Picon,https://www.transfermarkt.com/jose-picon/profil/spieler/89379,Spain,17,Yes,37,37,20,2008,1,214,15,5,5,0,right,Defender,1.84,20,1.84,2008,0,right,1,"[18,21)","(1.83,2]","[1,3]",2000s,Spain,EU_Major
José Rodríguez,https://fbref.com/en/players/55e81c76/Jose-Rodriguez,https://www.transfermarkt.com/jose-rodriguez/profil/spieler/165012,Spain,15,No,NA,30,17,2012,6,104,16,181,181,0,right,Midfield,1.8,17,1.8,2012,0,right,0,"[15,18)","(1.78,1.83]","(3,8]",2010s,Spain,EU_Major
José Sand,https://fbref.com/en/players/29cf8777/Jose-Sand,https://www.transfermarkt.com/jose-sand/profil/spieler/26269,Argentina,26,No,NA,45,19,2010,3,23,5,317,317,0,right,Attack,1.82,19,1.82,2010,0,right,0,"[18,21)","(1.78,1.83]","[1,3]",2010s,Argentina,South_America
José Sosa,https://fbref.com/en/players/1eecc0c6/Jose-Sosa,https://www.transfermarkt.com/jose-sosa/profil/spieler/20137,Argentina,23,No,NA,40,17,2007,29,462,90,515,521,2,right,Attack,1.81,17,1.81,2007,14.5,right,0,"[15,18)","(1.78,1.83]","(8,56]",2000s,Argentina,South_America
Joseba Llorente,https://fbref.com/en/players/ddb98947/Joseba-Llorente,https://www.transfermarkt.com/joseba-llorente/profil/spieler/7480,Spain,15,Yes,34,45,19,1999,3,160,27,327,327,0,right,Attack,1.85,19,1.85,1999,0,right,1,"[18,21)","(1.83,2]","[1,3]",1990s,Spain,EU_Major
Joseba Zaldúa,https://fbref.com/en/players/5ca20b7a/Joseba-Zaldua,https://www.transfermarkt.com/joseba-zaldua/profil/spieler/197135,Spain,12,No,NA,33,21,2013,14,590,77,254,254,0,right,Defender,1.74,21,1.74,2013,0,right,0,"[21,24)","[1.6,1.78]","(8,56]",2010s,Spain,EU_Major
Joselu,https://fbref.com/en/players/6265208f/Joselu,https://www.transfermarkt.com/joselu/profil/spieler/81999,Spain  Germany,16,No,NA,35,19,2008,9,188,30,416,433,5,right,Attack,1.91,19,1.91,2008,1.8,right,0,"[18,21)","(1.83,2]","(8,56]",2000s,Spain Germany,EU_Major
Josetxo,https://fbref.com/en/players/c1a297b4/Josetxo,https://www.transfermarkt.com/josetxo/profil/spieler/7726,Spain,16,Yes,35,48,19,2001,4,104,15,244,244,0,right,Defender,1.85,19,1.85,2001,0,right,1,"[18,21)","(1.83,2]","(3,8]",2000s,Spain,EU_Major
Josuha Guilavogui,https://fbref.com/en/players/e6c43eec/Josuha-Guilavogui,https://www.transfermarkt.com/josuha-guilavogui/profil/spieler/93704,France  Guinea,16,No,NA,34,19,2009,20,564,69,409,413,3,right,Midfield,1.88,19,1.88,2009,6.666666667,right,0,"[18,21)","(1.83,2]","(8,56]",2000s,France Guinea,EU_Major
Jozabed,https://fbref.com/en/players/9b337c7c/Jozabed,https://www.transfermarkt.com/jozabed-sanchez/profil/spieler/207924,Spain,14,No,NA,34,21,2012,2,67,10,273,273,0,right,Midfield,1.8,21,1.8,2012,0,right,0,"[21,24)","(1.78,1.83]","[1,3]",2010s,Spain,EU_Major
Jozy Altidore,https://fbref.com/en/players/8db8ad1e/Jozy-Altidore,https://www.transfermarkt.com/jozy-altidore/profil/spieler/39378,United States  Haiti,21,No,NA,35,16,2006,19,585,83,392,475,14,right,Attack,1.85,16,1.85,2006,1.357142857,right,0,"[15,18)","(1.83,2]","(8,56]",2000s,United States Haiti,Rest_of_World
Juan Ángel Albín,https://fbref.com/en/players/6be43cc9/Juan-Angel-Albin,https://www.transfermarkt.com/juan-albin/profil/spieler/44139,Uruguay  Spain,20,No,NA,39,19,2006,6,215,37,286,286,0,left,Attack,1.79,19,1.79,2006,0,left,0,"[18,21)","(1.78,1.83]","(3,8]",2000s,Uruguay Spain,EU_Major
Juan Bernat,https://fbref.com/en/players/433dc9a2/Juan-Bernat,https://www.transfermarkt.com/juan-bernat/profil/spieler/126719,Spain,15,No,NA,32,18,2011,20,862,158,339,350,4,left,Defender,1.7,18,1.7,2011,5,left,0,"[18,21)","[1.6,1.78]","(8,56]",2010s,Spain,EU_Major
Juan Calatayud,https://fbref.com/en/players/f1714283/Juan-Calatayud,https://www.transfermarkt.com/juan-calatayud/profil/spieler/15980,Spain,15,Yes,38,45,23,2003,NA,NA,NA,241,241,0,right,Goalkeeper,1.91,23,1.91,2003,0,right,1,"[21,24)","(1.83,2]",NA,2000s,Spain,EU_Major
Juan Carlos,https://fbref.com/en/players/688b96e3/Juan-Carlos,https://www.transfermarkt.com/juan-carlos/profil/spieler/120705,Spain,15,No,NA,37,23,2007,3,117,16,312,312,0,right,Goalkeeper,1.87,23,1.87,2007,0,right,0,"[21,24)","(1.83,2]","[1,3]",2000s,Spain,EU_Major
Juan Carlos,https://fbref.com/en/players/82803509/Juan-Carlos,https://www.transfermarkt.com/juan-carlos-real/profil/spieler/201861,Spain,14,No,NA,34,21,2011,2,30,5,290,290,0,right,Attack,1.83,21,1.83,2011,0,right,0,"[21,24)","(1.78,1.83]","[1,3]",2010s,Spain,EU_Major
Juan Carlos Valerón,https://fbref.com/en/players/71e8d6b0/Juan-Carlos-Valeron,https://www.transfermarkt.com/juan-carlos-valeron/profil/spieler/7501,Spain,20,Yes,41,50,21,1997,5,404,57,575,584,4,right,Attack,1.86,21,1.86,1997,1.25,right,1,"[21,24)","(1.83,2]","(3,8]",1990s,Spain,EU_Major
Juan Domínguez,https://fbref.com/en/players/b85adf53/Juan-Dominguez,https://www.transfermarkt.com/juan-dominguez/profil/spieler/72195,Spain,14,Yes,33,35,19,2009,4,158,22,350,350,0,right,Midfield,1.81,19,1.81,2009,0,right,1,"[18,21)","(1.78,1.83]","(3,8]",2000s,Spain,EU_Major
Juan Forlín,https://fbref.com/en/players/ab9ca65d/Juan-Forlin,https://www.transfermarkt.com/juan-forlin/profil/spieler/53332,Argentina  Spain,16,Yes,36,37,20,2009,5,297,51,201,201,0,right,Defender,1.8,20,1.8,2009,0,right,1,"[18,21)","(1.78,1.83]","(3,8]",2000s,Argentina Spain,EU_Major
Juan Manuel Ortiz,https://fbref.com/en/players/77513881/Juan-Manuel-Ortiz,https://www.transfermarkt.com/juanma-ortiz/profil/spieler/7353,Spain,20,Yes,40,43,20,2001,2,72,10,281,281,0,right,Defender,1.79,20,1.79,2001,0,right,1,"[18,21)","(1.78,1.83]","[1,3]",2000s,Spain,EU_Major
Juan Mata,https://fbref.com/en/players/29733c72/Juan-Mata,https://www.transfermarkt.com/juan-mata/profil/spieler/44068,Spain,19,No,NA,37,18,2006,5,119,26,628,655,13,left,Attack,1.7,18,1.7,2006,0.384615385,left,0,"[18,21)","[1.6,1.78]","(3,8]",2000s,Spain,EU_Major
Juan Muñiz,https://fbref.com/en/players/1533d658/Juan-Muniz,https://www.transfermarkt.com/juan-muniz/profil/spieler/85357,Spain,16,No,NA,33,18,2009,3,102,12,260,260,0,left,Attack,1.75,18,1.75,2009,0,left,0,"[18,21)","[1.6,1.78]","[1,3]",2000s,Spain,EU_Major
Juan Muñoz,https://fbref.com/en/players/25018d62/Juan-Munoz,https://www.transfermarkt.com/juan-munoz/profil/spieler/268958,Spain,11,No,NA,29,19,2014,NA,NA,NA,244,244,0,right,Attack,1.8,19,1.8,2014,0,right,0,"[18,21)","(1.78,1.83]",NA,2010s,Spain,EU_Major
Juan Neira,https://fbref.com/en/players/12d25112/Juan-Neira,https://www.transfermarkt.com/juan-neira/profil/spieler/56831,Argentina,18,No,NA,36,18,2012,7,188,26,173,173,0,right,Attack,1.79,18,1.79,2012,0,right,0,"[18,21)","(1.78,1.83]","(3,8]",2010s,Argentina,South_America
Juan Pablo Colinas,https://fbref.com/en/players/b2cab8f4/Juan-Pablo-Colinas,https://www.transfermarkt.com/juan-pablo-colinas/profil/spieler/27685,Spain,16,Yes,40,46,24,2002,NA,NA,NA,282,282,0,right,Goalkeeper,1.9,24,1.9,2002,0,right,1,"[24,30]","(1.83,2]",NA,2000s,Spain,EU_Major
Juan Rafael Fuentes,https://fbref.com/en/players/5b54a75f/Juan-Rafael-Fuentes,https://www.transfermarkt.com/juan-rafael-fuentes/profil/spieler/126252,Spain,10,Yes,29,35,19,2009,4,99,7,203,203,0,left,Defender,1.78,19,1.78,2009,0,left,1,"[18,21)","[1.6,1.78]","(3,8]",2000s,Spain,EU_Major
Juan Rodríguez,https://fbref.com/en/players/25c3c939/Juan-Rodriguez,https://www.transfermarkt.com/juan-rodriguez/profil/spieler/15983,Spain,15,Yes,36,43,21,2003,5,130,18,367,367,0,right,Midfield,1.85,21,1.85,2003,0,right,1,"[21,24)","(1.83,2]","(3,8]",2000s,Spain,EU_Major
Juan Valera Espín,https://fbref.com/en/players/947fa33c/Juan-Valera-Espin,https://www.transfermarkt.com/juan-valera/profil/spieler/16595,Spain,13,Yes,31,40,18,2002,4,342,44,252,252,0,right,Defender,1.84,18,1.84,2002,0,right,1,"[18,21)","(1.83,2]","(3,8]",2000s,Spain,EU_Major
Juanfran,https://fbref.com/en/players/9ba48d64/Juanfran,https://www.transfermarkt.com/juanfran-moreno/profil/spieler/64411,Spain,16,Yes,35,36,19,2007,3,180,28,363,363,0,right,Defender,1.79,19,1.79,2007,0,right,1,"[18,21)","(1.78,1.83]","[1,3]",2000s,Spain,EU_Major
Juanfran,https://fbref.com/en/players/cfd8d664/Juanfran,https://www.transfermarkt.com/juanfran-torres/profil/spieler/16635,Spain,17,Yes,36,40,19,2003,10,271,39,568,585,8,right,Defender,1.81,19,1.81,2003,1.25,right,1,"[18,21)","(1.78,1.83]","(8,56]",2000s,Spain,EU_Major
Juanfran,https://fbref.com/en/players/d8a22e59/Juanfran,https://www.transfermarkt.com/juanfran/profil/spieler/7542,Spain,20,Yes,40,49,20,1997,8,199,25,515,518,1,left,Defender,1.82,20,1.82,1997,8,left,1,"[18,21)","(1.78,1.83]","(3,8]",1990s,Spain,EU_Major
Juanito,https://fbref.com/en/players/47176127/Juanito,https://www.transfermarkt.com/juanito/profil/spieler/7795,Spain,11,Yes,33,45,22,2002,NA,NA,NA,240,240,0,right,Midfield,1.87,22,1.87,2002,0,right,1,"[21,24)","(1.83,2]",NA,2000s,Spain,EU_Major
Juankar,https://fbref.com/en/players/e9a12436/Juankar,https://www.transfermarkt.com/juankar/profil/spieler/126625,Spain,15,No,NA,35,20,2010,18,777,113,317,317,0,left,Defender,1.79,20,1.79,2010,0,left,0,"[18,21)","(1.78,1.83]","(8,56]",2010s,Spain,EU_Major
Juanlu,https://fbref.com/en/players/94b88487/Juanlu,https://www.transfermarkt.com/juanlu/profil/spieler/22568,Spain,12,Yes,34,45,22,2002,2,129,21,276,276,0,left,Midfield,1.72,22,1.72,2002,0,left,1,"[21,24)","[1.6,1.78]","[1,3]",2000s,Spain,EU_Major
Juanma,https://fbref.com/en/players/51437e43/Juanma,https://www.transfermarkt.com/juanma-garcia/profil/spieler/315312,Spain,12,No,NA,32,21,2013,NA,NA,NA,149,149,0,NA,Attack,1.67,21,1.67,2013,0,unknown,0,"[21,24)","[1.6,1.78]",NA,2010s,Spain,EU_Major
Juanma,https://fbref.com/en/players/f4f22926/Juanma,https://www.transfermarkt.com/juanma/profil/spieler/23220,Spain,12,Yes,34,44,22,2003,2,92,14,293,293,0,right,Attack,1.76,22,1.76,2003,0,right,1,"[21,24)","[1.6,1.78]","[1,3]",2000s,Spain,EU_Major
Juanmi,https://fbref.com/en/players/84399660/Juanmi,https://www.transfermarkt.com/juanmi/profil/spieler/126737,Spain,16,No,NA,32,16,2009,3,420,49,403,404,2,right,Attack,1.72,16,1.72,2009,1.5,right,0,"[15,18)","[1.6,1.78]","[1,3]",2000s,Spain,EU_Major
Juanpi,https://fbref.com/en/players/d79afcfc/Juanpi,https://www.transfermarkt.com/juanpi/profil/spieler/256680,Venezuela  Spain,12,No,NA,31,20,2014,7,473,36,240,264,10,left,Attack,1.76,20,1.76,2014,0.7,left,0,"[18,21)","[1.6,1.78]","(3,8]",2010s,Venezuela Spain,EU_Major
Juanra,https://fbref.com/en/players/616d9a30/Juanra,https://www.transfermarkt.com/juanra/profil/spieler/51560,Spain,16,Yes,36,45,20,2001,1,221,27,236,236,0,right,Defender,1.83,20,1.83,2001,0,right,1,"[18,21)","(1.78,1.83]","[1,3]",2000s,Spain,EU_Major
Juca,https://fbref.com/en/players/ecb0057e/Juca,https://www.transfermarkt.com/juca/profil/spieler/51675,Brazil  Italy,15,Yes,35,45,20,2008,3,125,12,47,47,0,right,Midfield,1.79,20,1.79,2008,0,right,1,"[18,21)","(1.78,1.83]","[1,3]",2000s,Brazil Italy,EU_Major
Jukka Raitala,https://fbref.com/en/players/67b054d1/Jukka-Raitala,https://www.transfermarkt.com/jukka-raitala/profil/spieler/47785,Finland,20,No,NA,36,17,2007,3,137,15,392,441,15,both,Defender,1.81,17,1.81,2007,0.2,both,0,"[15,18)","(1.78,1.83]","[1,3]",2000s,Finland,Rest_of_World
Julián Cuesta,https://fbref.com/en/players/c7b52b90/Julian-Cuesta,https://www.transfermarkt.com/julian-cuesta/profil/spieler/176936,Spain,13,No,NA,34,21,2012,7,132,19,246,246,0,right,Goalkeeper,1.96,21,1.96,2012,0,right,0,"[21,24)","(1.83,2]","(3,8]",2010s,Spain,EU_Major
Julián Luque Conde,https://fbref.com/en/players/61d8d347/Julian-Luque-Conde,https://www.transfermarkt.com/julian-luque/profil/spieler/99349,Spain,13,Yes,31,33,18,2010,NA,NA,NA,42,42,0,right,Midfield,1.76,18,1.76,2010,0,right,1,"[18,21)","[1.6,1.78]",NA,2010s,Spain,EU_Major
Julien Escudé,https://fbref.com/en/players/6aa5bd41/Julien-Escude,https://www.transfermarkt.com/julien-escude/profil/spieler/3573,France,17,Yes,35,45,18,1999,7,133,24,409,416,2,left,Defender,1.84,18,1.84,1999,3.5,left,1,"[18,21)","(1.83,2]","(3,8]",1990s,France,EU_Major
Kévin Gameiro,https://fbref.com/en/players/42276181/Kevin-Gameiro,https://www.transfermarkt.com/kevin-gameiro/profil/spieler/27389,France,20,Yes,38,38,18,2005,21,420,70,667,674,4,right,Attack,1.72,18,1.72,2005,5.25,right,1,"[18,21)","[1.6,1.78]","(8,56]",2000s,France,EU_Major
Kaká,https://fbref.com/en/players/b2d6ea70/Kaka,https://www.transfermarkt.com/kaka/profil/spieler/3366,Brazil  Italy,16,Yes,35,43,19,2003,12,390,68,496,520,9,both,Attack,1.86,19,1.86,2003,1.333333333,both,1,"[18,21)","(1.83,2]","(8,56]",2000s,Brazil Italy,EU_Major
Kalu Uche,https://fbref.com/en/players/6cc97b1d/Kalu-Uche,https://www.transfermarkt.com/kalu-uche/profil/spieler/6585,Nigeria  Spain,22,Yes,40,42,18,2002,4,113,10,392,400,3,right,Attack,1.8,18,1.8,2002,1.333333333,right,1,"[18,21)","(1.78,1.83]","(3,8]",2000s,Nigeria Spain,EU_Major
Karim Benzema,https://fbref.com/en/players/70d74ece/Karim-Benzema,https://www.transfermarkt.com/karim-benzema/profil/spieler/18922,France  Algeria,21,No,NA,37,17,2004,43,712,129,794,862,14,right,Attack,1.85,17,1.85,2004,3.071428571,right,0,"[15,18)","(1.83,2]","(8,56]",2000s,France Algeria,EU_Major
Karim Yoda,https://fbref.com/en/players/a7893629/Karim-Yoda,https://www.transfermarkt.com/karim-yoda/profil/spieler/61464,France  Cote d'Ivoire,19,No,NA,36,18,2009,9,1106,122,229,229,0,left,Attack,1.82,18,1.82,2009,0,left,0,"[18,21)","(1.78,1.83]","(8,56]",2000s,France Cote d'Ivoire,EU_Major
Kennedy Bakircioglü,https://fbref.com/en/players/f6792b79/Kennedy-Bakircioglu,https://www.transfermarkt.com/kennedy/profil/spieler/17221,Sweden  Türkiye,19,Yes,39,44,20,2001,5,207,29,387,389,1,right,Midfield,1.81,20,1.81,2001,5,right,1,"[18,21)","(1.78,1.83]","(3,8]",2000s,Sweden Türkiye,Rest_of_World
Kevin,https://fbref.com/en/players/38ccaadc/Kevin,https://www.transfermarkt.com/kevin-garcia/profil/spieler/163654,Spain,14,No,NA,35,21,2010,5,268,25,128,128,0,left,Defender,1.77,21,1.77,2010,0,left,0,"[21,24)","[1.6,1.78]","(3,8]",2010s,Spain,EU_Major
Kevin Lacruz,https://fbref.com/en/players/b930ede6/Kevin-Lacruz,https://www.transfermarkt.com/kevin-lacruz/profil/spieler/89743,Spain,15,Yes,32,33,17,2009,NA,NA,NA,12,12,0,right,Defender,1.78,17,1.78,2009,0,right,1,"[15,18)","[1.6,1.78]",NA,2000s,Spain,EU_Major
Keylor Navas,https://fbref.com/en/players/ecada4fc/Keylor-Navas,https://www.transfermarkt.com/keylor-navas/profil/spieler/79422,Costa Rica  Spain,18,No,NA,38,21,2010,28,548,96,411,503,19,right,Goalkeeper,1.85,21,1.85,2010,1.473684211,right,0,"[21,24)","(1.83,2]","(8,56]",2010s,Costa Rica Spain,EU_Major
Khouma Babacar,https://fbref.com/en/players/422ec08a/Khouma-Babacar,https://www.transfermarkt.com/khouma-babacar/profil/spieler/124902,Senegal  Italy,16,No,NA,32,16,2009,21,510,75,314,316,3,right,Attack,1.85,16,1.85,2009,7,right,0,"[15,18)","(1.83,2]","(8,56]",2000s,Senegal Italy,EU_Major
Kiko Casilla,https://fbref.com/en/players/58bc7d18/Kiko-Casilla,https://www.transfermarkt.com/kiko-casilla/profil/spieler/27486,Spain,18,Yes,37,38,19,2005,1,32,3,312,313,2,right,Goalkeeper,1.91,19,1.91,2005,0.5,right,1,"[18,21)","(1.83,2]","[1,3]",2000s,Spain,EU_Major
Kiko Femenía,https://fbref.com/en/players/e5d01ecf/Kiko-Femenia,https://www.transfermarkt.com/kiko-femenia/profil/spieler/76467,Spain,18,No,NA,34,17,2008,8,223,34,473,473,0,right,Defender,1.74,17,1.74,2008,0,right,0,"[15,18)","[1.6,1.78]","(3,8]",2000s,Spain,EU_Major
Kiko Olivas,https://fbref.com/en/players/72b07a9c/Kiko-Olivas,https://www.transfermarkt.com/kiko-olivas/profil/spieler/51667,Spain,19,No,NA,36,18,2006,3,404,53,491,491,0,right,Defender,1.84,18,1.84,2006,0,right,0,"[18,21)","(1.83,2]","[1,3]",2000s,Spain,EU_Major
Kiu,https://fbref.com/en/players/d18372dd/Kiu,https://www.transfermarkt.com/kiutm/profil/spieler/271446,"Korea, South",13,No,NA,30,18,2013,NA,NA,NA,2,2,0,left,Attack,1.66,18,1.66,2013,0,left,0,"[18,21)","[1.6,1.78]",NA,2010s,"Korea, South",Rest_of_World
Knut Olav Rindarøy,https://fbref.com/en/players/9609a506/Knut-Olav-Rindaroy,https://www.transfermarkt.com/knut-olav-rindaroy/profil/spieler/37190,Norway,15,Yes,33,40,18,2004,NA,NA,NA,200,200,0,left,Defender,1.77,18,1.77,2004,0,left,1,"[18,21)","[1.6,1.78]",NA,2000s,Norway,Rest_of_World
Koikili Lertxundi,https://fbref.com/en/players/066272e4/Koikili-Lertxundi,https://www.transfermarkt.com/koikili/profil/spieler/57024,Spain,8,Yes,34,44,26,2007,1,5,1,134,134,0,left,Defender,1.68,26,1.68,2007,0,left,1,"[24,30]","[1.6,1.78]","[1,3]",2000s,Spain,EU_Major
Koke,https://fbref.com/en/players/55126f3b/Koke,https://www.transfermarkt.com/koke/profil/spieler/74229,Spain,17,No,NA,33,17,2009,16,346,63,672,737,20,right,Midfield,1.76,17,1.76,2009,0.8,right,0,"[15,18)","[1.6,1.78]","(8,56]",2000s,Spain,EU_Major
Kris Stadsgaard,https://fbref.com/en/players/97d65d8e/Kris-Stadsgaard,https://www.transfermarkt.com/kris-stadsgaard/profil/spieler/22931,Denmark,13,Yes,31,39,18,2003,4,932,126,190,190,0,right,Defender,1.85,18,1.85,2003,0,right,1,"[18,21)","(1.83,2]","(3,8]",2000s,Denmark,Rest_of_World
Krisztián Vadócz,https://fbref.com/en/players/b4b0e333/Krisztian-Vadocz,https://www.transfermarkt.com/krisztian-vadocz/profil/spieler/34116,Hungary,23,No,NA,40,17,2005,2,139,25,274,296,5,both,Midfield,1.89,17,1.89,2005,0.4,both,0,"[15,18)","(1.83,2]","[1,3]",2000s,Hungary,Rest_of_World
Léo Baptistão,https://fbref.com/en/players/35f6db55/Leo-Baptistao,https://www.transfermarkt.com/leo-baptistao/profil/spieler/221899,Brazil  Spain,14,No,NA,32,19,2012,12,500,64,382,382,0,right,Attack,1.83,19,1.83,2012,0,right,0,"[18,21)","(1.78,1.83]","(8,56]",2010s,Brazil Spain,EU_Major
Lévy Madinda,https://fbref.com/en/players/ea26e99f/Levy-Madinda,https://www.transfermarkt.com/levy-madinda/profil/spieler/21297,Gabon,14,No,NA,33,20,2012,2,45,11,103,147,14,right,Attack,1.82,20,1.82,2012,0.142857143,right,0,"[18,21)","(1.78,1.83]","[1,3]",2010s,Gabon,Rest_of_World
Lass Bangoura,https://fbref.com/en/players/740f39d4/Lass-Bangoura,https://www.transfermarkt.com/lass-bangoura/profil/spieler/182963,Guinea  Spain,15,No,NA,33,18,2010,5,1135,20,233,256,10,right,Attack,1.69,18,1.69,2010,0.5,right,0,"[18,21)","[1.6,1.78]","(3,8]",2010s,Guinea Spain,EU_Major
Lassad Nouioui,https://fbref.com/en/players/fca860e6/Lassad-Nouioui,https://www.transfermarkt.com/lassad-nouioui/profil/spieler/101015,Tunisia  France,10,Yes,32,39,22,2008,13,3123,85,131,131,0,right,Attack,1.88,22,1.88,2008,0,right,1,"[21,24)","(1.83,2]","(8,56]",2000s,Tunisia France,EU_Major
Lassana Diarra,https://fbref.com/en/players/79584585/Lassana-Diarra,https://www.transfermarkt.com/lassana-diarra/profil/spieler/23914,France  Mali,16,Yes,34,40,18,2005,15,402,65,270,293,6,right,Midfield,1.73,18,1.73,2005,2.5,right,1,"[18,21)","[1.6,1.78]","(8,56]",2000s,France Mali,EU_Major
Laure,https://fbref.com/en/players/256f3aa9/Laure,https://www.transfermarkt.com/laure/profil/spieler/57876,Spain,16,Yes,38,40,22,2007,2,82,12,373,373,0,right,Defender,1.71,22,1.71,2007,0,right,1,"[21,24)","[1.6,1.78]","[1,3]",2000s,Spain,EU_Major
Lautaro Acosta,https://fbref.com/en/players/2a3af4d5/Lautaro-Acosta,https://www.transfermarkt.com/lautaro-acosta/profil/spieler/45307,Argentina,20,No,NA,37,17,2008,15,599,105,353,355,1,right,Attack,1.71,17,1.71,2008,15,right,0,"[15,18)","[1.6,1.78]","(8,56]",2000s,Argentina,South_America
Leo Franco,https://fbref.com/en/players/c39a5c6b/Leo-Franco,https://www.transfermarkt.com/leo-franco/profil/spieler/7669,Argentina  Italy,18,Yes,39,48,21,1999,2,125,28,452,453,2,right,Goalkeeper,1.88,21,1.88,1999,1,right,1,"[21,24)","(1.83,2]","[1,3]",1990s,Argentina Italy,EU_Major
Leonardo Ponzio,https://fbref.com/en/players/6f3a6343/Leonardo-Ponzio,https://www.transfermarkt.com/leonardo-ponzio/profil/spieler/7987,Argentina  Italy,22,Yes,40,43,18,2003,14,409,60,398,399,1,right,Midfield,1.75,18,1.75,2003,14,right,1,"[18,21)","[1.6,1.78]","(8,56]",2000s,Argentina Italy,EU_Major
Leonardo Ulloa,https://fbref.com/en/players/eed56f6c/Leonardo-Ulloa,https://www.transfermarkt.com/leonardo-ulloa/profil/spieler/54890,Argentina  Spain,17,Yes,35,39,18,2008,2,213,22,390,390,0,right,Attack,1.88,18,1.88,2008,0,right,1,"[18,21)","(1.83,2]","[1,3]",2000s,Argentina Spain,EU_Major
Leonel Galeano,https://fbref.com/en/players/53144c79/Leonel-Galeano,https://www.transfermarkt.com/leonel-galeano/profil/spieler/124244,Argentina  Italy,17,No,NA,33,18,2013,3,76,10,257,257,0,right,Defender,1.83,18,1.83,2013,0,right,0,"[18,21)","(1.78,1.83]","[1,3]",2010s,Argentina Italy,EU_Major
Liassine Cadamuro,https://fbref.com/en/players/e3a83cb9/Liassine-Cadamuro,https://www.transfermarkt.com/liassine-cadamuro/profil/spieler/89325,Algeria  France,15,No,NA,37,23,2011,7,160,27,102,110,9,left,Defender,1.88,23,1.88,2011,0.777777778,left,0,"[21,24)","(1.83,2]","(3,8]",2010s,Algeria France,EU_Major
Licá,https://fbref.com/en/players/41d84fed/Lica,https://www.transfermarkt.com/lica/profil/spieler/51058,Portugal,17,No,NA,36,20,2008,2,23,3,270,270,0,right,Attack,1.81,20,1.81,2008,0,right,0,"[18,21)","(1.78,1.83]","[1,3]",2000s,Portugal,EU_Major
Lillo,https://fbref.com/en/players/476ca810/Lillo,https://www.transfermarkt.com/lillo-castellano/profil/spieler/62913,Spain,17,No,NA,36,19,2008,5,375,42,179,179,0,right,Defender,1.76,19,1.76,2008,0,right,0,"[18,21)","[1.6,1.78]","(3,8]",2000s,Spain,EU_Major
Lionel Messi,https://fbref.com/en/players/d70ce98e/Lionel-Messi,https://www.transfermarkt.com/lionel-messi/profil/spieler/28003,Argentina  Spain,21,No,NA,38,17,2004,48,849,172,868,969,19,left,Attack,1.7,17,1.7,2004,2.526315789,left,0,"[15,18)","[1.6,1.78]","(8,56]",2000s,Argentina Spain,EU_Major
Lisandro López,https://fbref.com/en/players/8320fe65/Lisandro-Lopez,https://www.transfermarkt.com/lisandro-lopez/profil/spieler/125019,Argentina  Spain,17,No,NA,35,20,2013,9,264,39,248,248,0,right,Defender,1.87,20,1.87,2013,0,right,0,"[18,21)","(1.83,2]","(8,56]",2010s,Argentina Spain,EU_Major
Lluís Sastre,https://fbref.com/en/players/5f186f5c/Lluis-Sastre,https://www.transfermarkt.com/lluis-sastre/profil/spieler/8108,Spain,14,Yes,36,39,22,2008,4,234,36,278,278,0,right,Midfield,1.74,22,1.74,2008,0,right,1,"[21,24)","[1.6,1.78]","(3,8]",2000s,Spain,EU_Major
Lolo,https://fbref.com/en/players/31c71140/Lolo,https://www.transfermarkt.com/lolo/profil/spieler/58789,Spain,15,Yes,38,40,23,2007,4,218,19,200,200,0,right,Midfield,1.82,23,1.82,2007,0,right,1,"[21,24)","(1.78,1.83]","(3,8]",2000s,Spain,EU_Major
Lolo,https://fbref.com/en/players/e7754566/Lolo,https://www.transfermarkt.com/lolo-pla/profil/spieler/230210,Spain,14,No,NA,32,19,2012,1,22,3,96,96,0,right,Attack,1.8,19,1.8,2012,0,right,0,"[18,21)","(1.78,1.83]","[1,3]",2010s,Spain,EU_Major
Lorenzo Reyes,https://fbref.com/en/players/d47cd62c/Lorenzo-Reyes,https://www.transfermarkt.com/lorenzo-reyes/profil/spieler/119537,Chile,17,No,NA,34,17,2013,3,213,22,344,350,2,right,Midfield,1.75,17,1.75,2013,1.5,right,0,"[15,18)","[1.6,1.78]","[1,3]",2010s,Chile,Rest_of_World
Loukas Vyntra,https://fbref.com/en/players/db07afa3/Loukas-Vyntra,https://www.transfermarkt.com/loukas-vyntra/profil/spieler/16458,Greece  Czech Republic,21,Yes,41,44,20,2003,3,37,10,401,429,12,right,Defender,1.84,20,1.84,2003,0.25,right,1,"[18,21)","(1.83,2]","[1,3]",2000s,Greece Czech Republic,Rest_of_World
Luís Fabiano,https://fbref.com/en/players/eaaeef7b/Luis-Fabiano,https://www.transfermarkt.com/luis-fabiano/profil/spieler/19082,Brazil  Spain,21,Yes,38,44,17,2000,6,263,68,298,308,3,right,Attack,1.86,17,1.86,2000,2,right,1,"[15,18)","(1.83,2]","(3,8]",2000s,Brazil Spain,EU_Major
Luís Martins,https://fbref.com/en/players/56b7c09b/Luis-Martins,https://www.transfermarkt.com/luis-martins/profil/spieler/187896,Portugal,15,No,NA,33,19,2011,7,292,46,204,204,0,left,Defender,1.77,19,1.77,2011,0,left,0,"[18,21)","[1.6,1.78]","(3,8]",2010s,Portugal,EU_Major
Luca Cigarini,https://fbref.com/en/players/ae64d449/Luca-Cigarini,https://www.transfermarkt.com/luca-cigarini/profil/spieler/33218,Italy,20,Yes,39,39,19,2005,14,606,81,422,422,0,right,Midfield,1.75,19,1.75,2005,0,right,1,"[18,21)","[1.6,1.78]","(8,56]",2000s,Italy,EU_Major
Lucas Hernández,https://fbref.com/en/players/c3ee18ef/Lucas-Hernandez,https://www.transfermarkt.com/lucas-hernandez/profil/spieler/281963,France  Spain,12,No,NA,29,18,2014,23,997,163,295,334,17,left,Defender,1.84,18,1.84,2014,1.352941176,left,0,"[18,21)","(1.83,2]","(8,56]",2010s,France Spain,EU_Major
Lucas Orbán,https://fbref.com/en/players/8ff1d70e/Lucas-Orban,https://www.transfermarkt.com/lucas-orban/profil/spieler/110309,Argentina  Spain,14,Yes,34,36,20,2013,5,98,18,145,146,1,left,Defender,1.79,20,1.79,2013,5,left,1,"[18,21)","(1.78,1.83]","(3,8]",2010s,Argentina Spain,EU_Major
Lucas Pérez,https://fbref.com/en/players/a300ac7e/Lucas-Perez,https://www.transfermarkt.com/lucas-perez/profil/spieler/73185,Spain,16,No,NA,36,21,2009,11,278,36,369,369,0,left,Attack,1.8,21,1.8,2009,0,left,0,"[21,24)","(1.78,1.83]","(8,56]",2000s,Spain,EU_Major
Lucas Piazon,https://fbref.com/en/players/f201798c/Lucas-Piazon,https://www.transfermarkt.com/lucas-piazon/profil/spieler/176485,Brazil  Italy,14,No,NA,31,18,2012,7,264,37,268,268,0,right,Midfield,1.82,18,1.82,2012,0,right,0,"[18,21)","(1.78,1.83]","(3,8]",2010s,Brazil Italy,EU_Major
Lucas Silva,https://fbref.com/en/players/1c646218/Lucas-Silva,https://www.transfermarkt.com/lucas-silva/profil/spieler/218118,Brazil,14,No,NA,32,19,2014,1,177,26,309,309,0,right,Midfield,1.81,19,1.81,2014,0,right,0,"[18,21)","(1.78,1.83]","[1,3]",2010s,Brazil,South_America
Lucas Vázquez,https://fbref.com/en/players/fd51b456/Lucas-Vazquez,https://www.transfermarkt.com/lucas-vazquez/profil/spieler/221316,Spain,14,No,NA,34,21,2012,19,382,62,505,514,5,right,Defender,1.73,21,1.73,2012,3.8,right,0,"[21,24)","[1.6,1.78]","(8,56]",2010s,Spain,EU_Major
Lucas Wilchez,https://fbref.com/en/players/199c2648/Lucas-Wilchez,https://www.transfermarkt.com/lucas-wilchez/profil/spieler/56059,Argentina,15,Yes,39,41,24,2009,NA,NA,NA,133,133,0,right,Attack,1.7,24,1.7,2009,0,right,1,"[24,30]","[1.6,1.78]",NA,2000s,Argentina,South_America
Luciano Vietto,https://fbref.com/en/players/2513a588/Luciano-Vietto,https://www.transfermarkt.com/luciano-vietto/profil/spieler/214316,Argentina  Italy,14,No,NA,31,18,2014,13,235,36,291,291,0,right,Attack,1.73,18,1.73,2014,0,right,0,"[18,21)","[1.6,1.78]","(8,56]",2010s,Argentina Italy,EU_Major
Luis Alberto,https://fbref.com/en/players/5294a83f/Luis-Alberto,https://www.transfermarkt.com/luis-alberto/profil/spieler/128220,Spain,16,No,NA,32,18,2010,26,271,55,411,412,2,right,Attack,1.83,18,1.83,2010,13,right,0,"[18,21)","(1.78,1.83]","(8,56]",2010s,Spain,EU_Major
Luis Amaranto Perea,https://fbref.com/en/players/ff1988a5/Luis-Amaranto-Perea,https://www.transfermarkt.com/luis-amaranto-perea/profil/spieler/27489,Colombia  Spain,11,Yes,36,46,25,2004,1,14,3,310,318,2,right,Defender,1.8,25,1.8,2004,0.5,right,1,"[24,30]","(1.78,1.83]","[1,3]",2000s,Colombia Spain,EU_Major
Luis Carlos Martín,https://fbref.com/en/players/8cee70e5/Luis-Carlos-Martin,https://www.transfermarkt.com/luis-carlos-martin/profil/spieler/186889,Spain,15,No,NA,34,20,2010,NA,NA,NA,1,1,0,NA,Attack,1.69,20,1.69,2010,0,unknown,0,"[18,21)","[1.6,1.78]",NA,2010s,Spain,EU_Major
Luis Fariña,https://fbref.com/en/players/2a8b21d4/Luis-Farina,https://www.transfermarkt.com/luis-farina/profil/spieler/125735,Argentina  Paraguay,17,No,NA,34,18,2014,3,48,6,161,161,0,right,Attack,1.77,18,1.77,2014,0,right,0,"[18,21)","[1.6,1.78]","[1,3]",2010s,Argentina Paraguay,South_America
Luis García,https://fbref.com/en/players/70df8d7c/Luis-Garcia,https://www.transfermarkt.com/luis-garcia/profil/spieler/8006,Spain,16,Yes,38,44,22,2003,NA,NA,NA,566,566,0,right,Midfield,1.78,22,1.78,2003,0,right,1,"[21,24)","[1.6,1.78]",NA,2000s,Spain,EU_Major
Luis Morán,https://fbref.com/en/players/f175a6ba/Luis-Moran,https://www.transfermarkt.com/luis-moran/profil/spieler/57826,Spain,19,No,NA,38,19,2007,NA,NA,NA,116,116,0,right,Attack,1.72,19,1.72,2007,0,right,0,"[18,21)","[1.6,1.78]",NA,2000s,Spain,EU_Major
Luis Suárez,https://fbref.com/en/players/a6154613/Luis-Suarez,https://www.transfermarkt.com/luis-suarez/profil/spieler/44352,Uruguay,20,No,NA,38,19,2006,24,440,62,773,844,13,right,Attack,1.82,19,1.82,2006,1.846153846,right,0,"[18,21)","(1.78,1.83]","(8,56]",2000s,Uruguay,South_America
Luisinho,https://fbref.com/en/players/a7f00c8c/Luisinho,https://www.transfermarkt.com/luisinho/profil/spieler/56777,Portugal,15,Yes,37,40,22,2011,7,523,66,224,224,0,left,Defender,1.71,22,1.71,2011,0,left,1,"[21,24)","[1.6,1.78]","(3,8]",2010s,Portugal,EU_Major
Luismi,https://fbref.com/en/players/c2cfbfc9/Luismi,https://www.transfermarkt.com/luismi-sanchez/profil/spieler/207922,Spain,11,No,NA,33,22,2014,5,455,57,204,204,0,right,Midfield,1.79,22,1.79,2014,0,right,0,"[21,24)","(1.78,1.83]","(3,8]",2010s,Spain,EU_Major
Luka Modrić,https://fbref.com/en/players/6025fab1/Luka-Modric,https://www.transfermarkt.com/luka-modric/profil/spieler/27992,Croatia,22,No,NA,39,18,2007,30,545,116,756,921,31,right,Midfield,1.72,18,1.72,2007,0.967741935,right,0,"[18,21)","[1.6,1.78]","(8,56]",2000s,Croatia,Rest_of_World
Luso,https://fbref.com/en/players/9cd41fda/Luso,https://www.transfermarkt.com/luso-delgado/profil/spieler/95480,Spain,15,Yes,40,40,25,2010,3,139,16,249,249,0,right,Midfield,1.83,25,1.83,2010,0,right,1,"[24,30]","(1.78,1.83]","[1,3]",2010s,Spain,EU_Major
Míchel,https://fbref.com/en/players/19b3b837/Michel,https://www.transfermarkt.com/michel/profil/spieler/8324,Spain,19,Yes,37,49,18,1993,3,112,19,387,387,0,right,Attack,1.74,18,1.74,1993,0,right,1,"[18,21)","[1.6,1.78]","[1,3]",1990s,Spain,EU_Major
Míchel,https://fbref.com/en/players/418f8f61/Michel,https://www.transfermarkt.com/michel-herrero/profil/spieler/65331,Spain,17,Yes,37,37,20,2008,3,162,28,387,387,0,right,Midfield,1.82,20,1.82,2008,0,right,1,"[18,21)","(1.78,1.83]","[1,3]",2000s,Spain,EU_Major
Míchel,https://fbref.com/en/players/4d425e6e/Michel,https://www.transfermarkt.com/michel-madera/profil/spieler/57818,Spain,17,Yes,36,39,19,2005,NA,NA,NA,387,387,0,right,Midfield,1.83,19,1.83,2005,0,right,1,"[18,21)","(1.78,1.83]",NA,2000s,Spain,EU_Major
Mahamadou Diarra,https://fbref.com/en/players/4a6c3ade/Mahamadou-Diarra,https://www.transfermarkt.com/mahamadou-diarra/profil/spieler/5352,Mali,16,Yes,33,44,17,2000,5,478,83,362,364,1,right,Midfield,1.82,17,1.82,2000,5,right,1,"[15,18)","(1.78,1.83]","(3,8]",2000s,Mali,Rest_of_World
Maikel Mesa,https://fbref.com/en/players/2afb7b21/Maikel-Mesa,https://www.transfermarkt.com/maikel-mesa/profil/spieler/197576,Spain,14,No,NA,34,21,2012,4,142,19,302,302,0,right,Attack,1.88,21,1.88,2012,0,right,0,"[21,24)","(1.83,2]","(3,8]",2010s,Spain,EU_Major
Mamadou Koné,https://fbref.com/en/players/85b9dca0/Mamadou-Kone,https://www.transfermarkt.com/mamadou-kone/profil/spieler/171165,Cote d'Ivoire,15,No,NA,33,19,2011,3,451,54,181,181,0,right,Attack,1.76,19,1.76,2011,0,right,0,"[18,21)","[1.6,1.78]","[1,3]",2010s,Cote d'Ivoire,Rest_of_World
Mané,https://fbref.com/en/players/6b015a27/Mane,https://www.transfermarkt.com/mane/profil/spieler/51547,Spain,14,Yes,37,43,23,2005,5,138,24,266,266,0,left,Defender,1.75,23,1.75,2005,0,left,1,"[21,24)","[1.6,1.78]","(3,8]",2000s,Spain,EU_Major
Manolo Gaspar,https://fbref.com/en/players/be800693/Manolo-Gaspar,https://www.transfermarkt.com/manolo-gaspar/profil/spieler/44037,Spain,12,Yes,34,44,22,2004,2,87,14,148,148,0,right,Defender,1.73,22,1.73,2004,0,right,1,"[21,24)","[1.6,1.78]","[1,3]",2000s,Spain,EU_Major
Manolo Reina,https://fbref.com/en/players/605eb473/Manolo-Reina,https://www.transfermarkt.com/manolo-reina/profil/spieler/29051,Spain,20,No,NA,40,20,2004,1,110,18,323,323,0,right,Goalkeeper,1.86,20,1.86,2004,0,right,0,"[18,21)","(1.83,2]","[1,3]",2000s,Spain,EU_Major
Manu,https://fbref.com/en/players/e6c6988d/Manu,https://www.transfermarkt.com/manu-fernandez/profil/spieler/53293,Spain,12,Yes,31,39,19,2005,1,22,2,144,144,0,NA,Goalkeeper,1.85,19,1.85,2005,0,unknown,1,"[18,21)","(1.83,2]","[1,3]",2000s,Spain,EU_Major
Manu del Moral,https://fbref.com/en/players/1026f88d/Manu-del-Moral,https://www.transfermarkt.com/manu-del-moral/profil/spieler/37399,Spain,16,Yes,35,41,19,2003,8,193,26,423,423,0,right,Attack,1.85,19,1.85,2003,0,right,1,"[18,21)","(1.83,2]","(3,8]",2000s,Spain,EU_Major
Manu Herrera,https://fbref.com/en/players/ad2acc39/Manu-Herrera,https://www.transfermarkt.com/manu-herrera/profil/spieler/59343,Spain,18,No,NA,43,26,2007,3,161,22,212,212,0,right,Goalkeeper,1.82,26,1.82,2007,0,right,0,"[24,30]","(1.78,1.83]","[1,3]",2000s,Spain,EU_Major
Manu Molina,https://fbref.com/en/players/4a541583/Manu-Molina,https://www.transfermarkt.com/manu-molina/profil/spieler/160671,Spain,16,No,NA,33,18,2010,1,62,4,170,170,0,right,Midfield,1.77,18,1.77,2010,0,right,0,"[18,21)","[1.6,1.78]","[1,3]",2010s,Spain,EU_Major
Manu Torres,https://fbref.com/en/players/4f4064d5/Manu-Torres,https://www.transfermarkt.com/manu-torres/profil/spieler/99727,Spain,10,Yes,30,35,20,2009,1,182,22,63,63,0,left,Defender,1.86,20,1.86,2009,0,left,1,"[18,21)","(1.83,2]","[1,3]",2000s,Spain,EU_Major
Manu Trigueros,https://fbref.com/en/players/963829d0/Manu-Trigueros,https://www.transfermarkt.com/manu-trigueros/profil/spieler/188854,Spain,15,No,NA,33,19,2010,6,160,15,539,539,0,right,Midfield,1.78,19,1.78,2010,0,right,0,"[18,21)","[1.6,1.78]","(3,8]",2010s,Spain,EU_Major
Manucho,https://fbref.com/en/players/89b18034/Manucho,https://www.transfermarkt.com/manucho/profil/spieler/64484,Angola  Portugal,15,Yes,40,42,25,2007,4,123,17,255,270,6,left,Attack,1.9,25,1.9,2007,0.666666667,left,1,"[24,30]","(1.83,2]","(3,8]",2000s,Angola Portugal,EU_Major
Manuel Arana,https://fbref.com/en/players/81fac4d9/Manuel-Arana,https://www.transfermarkt.com/manuel-arana/profil/spieler/51383,Spain,14,Yes,36,40,22,2007,3,189,25,272,272,0,right,Attack,1.75,22,1.75,2007,0,right,1,"[21,24)","[1.6,1.78]","[1,3]",2000s,Spain,EU_Major
Manuel Fernandes,https://fbref.com/en/players/13ac19de/Manuel-Fernandes,https://www.transfermarkt.com/manuel-fernandes/profil/spieler/16791,Portugal  Cape Verde,19,Yes,37,39,18,2003,15,568,77,464,474,7,right,Attack,1.76,18,1.76,2003,2.142857143,right,1,"[18,21)","[1.6,1.78]","(8,56]",2000s,Portugal Cape Verde,EU_Major
Manuel Iturra,https://fbref.com/en/players/000b3da6/Manuel-Iturra,https://www.transfermarkt.com/manuel-iturra/profil/spieler/40428,Chile  Italy,17,Yes,36,41,19,2010,7,245,43,248,248,0,right,Midfield,1.74,19,1.74,2010,0,right,1,"[18,21)","[1.6,1.78]","(3,8]",2010s,Chile Italy,EU_Major
Manuel Lanzarote,https://fbref.com/en/players/dff353fb/Manuel-Lanzarote,https://www.transfermarkt.com/manu-lanzarote/profil/spieler/8730,Spain,16,Yes,37,41,21,2005,6,136,14,221,221,0,left,Attack,1.78,21,1.78,2005,0,left,1,"[21,24)","[1.6,1.78]","(3,8]",2000s,Spain,EU_Major
Manuel Lucena,https://fbref.com/en/players/86ea2bff/Manuel-Lucena,https://www.transfermarkt.com/manuel-lucena/profil/spieler/72415,Spain,10,Yes,32,42,22,2010,1,22,2,41,41,0,NA,Defender,1.86,22,1.86,2010,0,unknown,1,"[21,24)","(1.83,2]","[1,3]",2010s,Spain,EU_Major
Manuel Onwu,https://fbref.com/en/players/344376b6/Manuel-Onwu,https://www.transfermarkt.com/manu-onwu/profil/spieler/94570,Spain,10,Yes,34,37,24,2011,4,281,34,81,81,0,right,Attack,1.87,24,1.87,2011,0,right,1,"[24,30]","(1.83,2]","(3,8]",2010s,Spain,EU_Major
Manuel Pablo,https://fbref.com/en/players/c1776cef/Manuel-Pablo,https://www.transfermarkt.com/manuel-pablo/profil/spieler/7492,Spain,20,Yes,40,49,20,1998,6,523,85,426,426,0,right,Defender,1.77,20,1.77,1998,0,right,1,"[18,21)","[1.6,1.78]","(3,8]",1990s,Spain,EU_Major
Marc Bartra,https://fbref.com/en/players/b742cc0d/Marc-Bartra,https://www.transfermarkt.com/marc-bartra/profil/spieler/99922,Spain,16,No,NA,34,19,2009,17,436,86,423,436,9,right,Defender,1.84,19,1.84,2009,1.888888889,right,0,"[18,21)","(1.83,2]","(8,56]",2000s,Spain,EU_Major
Marc Bertrán,https://fbref.com/en/players/89a12cef/Marc-Bertran,https://www.transfermarkt.com/marc-bertran/profil/spieler/15761,Spain,15,Yes,34,43,19,2001,2,121,16,321,321,0,right,Defender,1.81,19,1.81,2001,0,right,1,"[18,21)","(1.78,1.83]","[1,3]",2000s,Spain,EU_Major
Marc Fernández,https://fbref.com/en/players/9c3ef867/Marc-Fernandez,https://www.transfermarkt.com/marc-fernandez/profil/spieler/176298,Spain,14,No,NA,35,21,2011,NA,NA,NA,123,123,0,right,Attack,1.79,21,1.79,2011,0,right,0,"[21,24)","(1.78,1.83]",NA,2010s,Spain,EU_Major
Marc Muniesa,https://fbref.com/en/players/4db76f57/Marc-Muniesa,https://www.transfermarkt.com/marc-muniesa/profil/spieler/74228,Spain,16,No,NA,33,17,2008,11,922,111,173,173,0,left,Defender,1.8,17,1.8,2008,0,left,0,"[15,18)","(1.78,1.83]","(8,56]",2000s,Spain,EU_Major
Marc Valiente,https://fbref.com/en/players/fd333066/Marc-Valiente,https://www.transfermarkt.com/marc-valiente/profil/spieler/53301,Spain,15,Yes,36,38,21,2008,3,62,10,312,312,0,right,Defender,1.84,21,1.84,2008,0,right,1,"[21,24)","(1.83,2]","[1,3]",2000s,Spain,EU_Major
Marcelo,https://fbref.com/en/players/603116a7/Marcelo,https://www.transfermarkt.com/marcelo/profil/spieler/44501,Brazil  Spain,20,Yes,37,37,17,2006,41,712,146,574,609,8,left,Defender,1.74,17,1.74,2006,5.125,left,1,"[15,18)","[1.6,1.78]","(8,56]",2000s,Brazil Spain,EU_Major
Marcelo Silva,https://fbref.com/en/players/b9596515/Marcelo-Silva,https://www.transfermarkt.com/marcelo-silva/profil/spieler/76743,Uruguay,18,No,NA,36,19,2010,14,479,66,278,278,0,right,Defender,1.85,19,1.85,2010,0,right,0,"[18,21)","(1.83,2]","(8,56]",2010s,Uruguay,South_America
Marco Pérez,https://fbref.com/en/players/2264e79b/Marco-Perez,https://www.transfermarkt.com/marco-perez/profil/spieler/76648,Colombia,18,No,NA,34,18,2010,NA,NA,NA,349,349,0,right,Attack,1.82,18,1.82,2010,0,right,0,"[18,21)","(1.78,1.83]",NA,2010s,Colombia,Rest_of_World
Marco Ruben,https://fbref.com/en/players/30795728/Marco-Ruben,https://www.transfermarkt.com/marco-ruben/profil/spieler/30825,Argentina  Spain,21,Yes,39,38,18,2007,4,79,15,421,421,0,right,Attack,1.79,18,1.79,2007,0,right,1,"[18,21)","(1.78,1.83]","(3,8]",2000s,Argentina Spain,EU_Major
Marco Torsiglieri,https://fbref.com/en/players/6013af3e/Marco-Torsiglieri,https://www.transfermarkt.com/marco-torsiglieri/profil/spieler/53523,Argentina  Italy,15,Yes,33,37,18,2010,NA,NA,NA,199,199,0,left,Defender,1.91,18,1.91,2010,0,left,1,"[18,21)","(1.83,2]",NA,2010s,Argentina Italy,EU_Major
Marcos,https://fbref.com/en/players/b2b79f32/Marcos,https://www.transfermarkt.com/marcos-perez/profil/spieler/58110,Spain,15,No,NA,35,22,2011,NA,NA,NA,4,4,0,right,Defender,1.74,22,1.74,2011,0,right,0,"[21,24)","[1.6,1.78]",NA,2010s,Spain,EU_Major
Marcos Angeleri,https://fbref.com/en/players/f1c9c320/Marcos-Angeleri,https://www.transfermarkt.com/marcos-angeleri/profil/spieler/27448,Argentina  Italy,18,Yes,37,42,19,2010,7,543,90,160,160,0,right,Defender,1.83,19,1.83,2010,0,right,1,"[18,21)","(1.78,1.83]","(3,8]",2010s,Argentina Italy,EU_Major
Marcos Gullón,https://fbref.com/en/players/80a6cb7f/Marcos-Gullon,https://www.transfermarkt.com/marcos-gullon/profil/spieler/73254,Spain,12,Yes,32,36,20,2009,1,185,12,171,171,0,right,Midfield,1.87,20,1.87,2009,0,right,1,"[18,21)","(1.83,2]","[1,3]",2000s,Spain,EU_Major
Marcos Landeira,https://fbref.com/en/players/8e016a91/Marcos-Landeira,https://www.transfermarkt.com/marcos-landeira/profil/spieler/57812,Spain,8,Yes,27,38,19,2005,NA,NA,NA,24,24,0,left,Midfield,1.86,19,1.86,2005,0,left,1,"[18,21)","(1.83,2]",NA,2000s,Spain,EU_Major
Marcos Senna,https://fbref.com/en/players/ad6cbdbe/Marcos-Senna,https://www.transfermarkt.com/marcos-senna/profil/spieler/7840,Spain  Brazil,16,Yes,39,49,23,2002,1,69,16,388,405,4,right,Midfield,1.76,23,1.76,2002,0.25,right,1,"[21,24)","[1.6,1.78]","[1,3]",2000s,Spain Brazil,EU_Major
Marcos Tébar,https://fbref.com/en/players/1e806be7/Marcos-Tebar,https://www.transfermarkt.com/marcos-tebar/profil/spieler/44072,Spain,15,Yes,34,39,19,2006,3,89,11,261,261,0,right,Midfield,1.85,19,1.85,2006,0,right,1,"[18,21)","(1.83,2]","[1,3]",2000s,Spain,EU_Major
Mariano Barbosa,https://fbref.com/en/players/aad4f74f/Mariano-Barbosa,https://www.transfermarkt.com/mariano-barbosa/profil/spieler/30749,Argentina  Italy,18,Yes,36,41,18,2005,3,125,25,246,246,0,right,Goalkeeper,1.88,18,1.88,2005,0,right,1,"[18,21)","(1.83,2]","[1,3]",2000s,Argentina Italy,EU_Major
Mario,https://fbref.com/en/players/e6ede7f4/Mario,https://www.transfermarkt.com/mario-abrante/profil/spieler/7803,Spain,19,Yes,38,43,19,2001,5,343,62,255,255,0,right,Defender,1.78,19,1.78,2001,0,right,1,"[18,21)","[1.6,1.78]","(3,8]",2000s,Spain,EU_Major
Mario Arqués,https://fbref.com/en/players/ebe6f10b/Mario-Arques,https://www.transfermarkt.com/mario-arques/profil/spieler/223779,Spain,11,No,NA,33,23,2014,1,53,6,45,45,0,right,Midfield,1.85,23,1.85,2014,0,right,0,"[21,24)","(1.83,2]","[1,3]",2010s,Spain,EU_Major
Mario Bermejo,https://fbref.com/en/players/c8dcfee8/Mario-Bermejo,https://www.transfermarkt.com/mario-bermejo/profil/spieler/51545,Spain,20,Yes,36,46,16,1995,4,271,29,363,363,0,both,Attack,1.8,16,1.8,1995,0,both,1,"[15,18)","(1.78,1.83]","(3,8]",1990s,Spain,EU_Major
Mario Fernández,https://fbref.com/en/players/02c89cb6/Mario-Fernandez,https://www.transfermarkt.com/mario-fernandez/profil/spieler/57693,Spain,14,No,NA,37,23,2010,3,66,8,89,89,0,right,Goalkeeper,1.85,23,1.85,2010,0,right,0,"[21,24)","(1.83,2]","[1,3]",2010s,Spain,EU_Major
Mario Gaspar,https://fbref.com/en/players/fb5d47b3/Mario-Gaspar,https://www.transfermarkt.com/mario-gaspar/profil/spieler/73250,Spain,17,No,NA,34,18,2008,6,178,34,535,538,3,right,Defender,1.8,18,1.8,2008,2,right,0,"[18,21)","(1.78,1.83]","(3,8]",2000s,Spain,EU_Major
Mario Pašalić,https://fbref.com/en/players/e599253a/Mario-Pasalic,https://www.transfermarkt.com/mario-pasalic/profil/spieler/205938,Croatia,13,No,NA,30,18,2012,5,278,33,449,526,21,right,Midfield,1.88,18,1.88,2012,0.238095238,right,0,"[18,21)","(1.83,2]","(3,8]",2010s,Croatia,Rest_of_World
Mario Suárez,https://fbref.com/en/players/7106f0a0/Mario-Suarez,https://www.transfermarkt.com/mario-suarez/profil/spieler/37337,Spain,18,Yes,36,38,18,2005,4,146,38,462,464,3,right,Midfield,1.89,18,1.89,2005,1.333333333,right,1,"[18,21)","(1.83,2]","(3,8]",2000s,Spain,EU_Major
Markel Bergara,https://fbref.com/en/players/04a65a8f/Markel-Bergara,https://www.transfermarkt.com/markel-bergara/profil/spieler/51426,Spain,15,Yes,34,39,19,2005,9,669,99,266,266,0,right,Midfield,1.81,19,1.81,2005,0,right,1,"[18,21)","(1.78,1.83]","(8,56]",2000s,Spain,EU_Major
Markel Susaeta,https://fbref.com/en/players/6fd1ba62/Markel-Susaeta,https://www.transfermarkt.com/markel-susaeta/profil/spieler/54245,Spain,15,Yes,34,37,19,2007,7,561,13,493,493,0,right,Attack,1.79,19,1.79,2007,0,right,1,"[18,21)","(1.78,1.83]","(3,8]",2000s,Spain,EU_Major
Marko Marin,https://fbref.com/en/players/a022e78c/Marko-Marin,https://www.transfermarkt.com/marko-marin/profil/spieler/35251,Germany  Serbia,15,Yes,33,36,18,2006,13,354,45,376,383,3,right,Attack,1.7,18,1.7,2006,4.333333333,right,1,"[18,21)","[1.6,1.78]","(8,56]",2000s,Germany Serbia,EU_Major
Martí Crespí,https://fbref.com/en/players/bb2d18be/Marti-Crespi,https://www.transfermarkt.com/marti-crespi/profil/spieler/58532,Spain,17,Yes,37,38,20,2007,NA,NA,NA,208,208,0,right,Defender,1.85,20,1.85,2007,0,right,1,"[18,21)","(1.83,2]",NA,2000s,Spain,EU_Major
Martín Cáceres,https://fbref.com/en/players/e94d79e3/Martin-Caceres,https://www.transfermarkt.com/martin-caceres/profil/spieler/54935,Uruguay,20,No,NA,38,19,2007,28,1091,165,374,434,14,right,Defender,1.8,19,1.8,2007,2,right,0,"[18,21)","(1.78,1.83]","(8,56]",2000s,Uruguay,South_America
Martín Demichelis,https://fbref.com/en/players/e9c7102a/Martin-Demichelis,https://www.transfermarkt.com/martin-demichelis/profil/spieler/2963,Argentina  Italy,16,Yes,37,44,21,2003,7,175,42,434,451,7,right,Defender,1.84,21,1.84,2003,1,right,1,"[21,24)","(1.83,2]","(3,8]",2000s,Argentina Italy,EU_Major
Martín Montoya,https://fbref.com/en/players/5cec2487/Martin-Montoya,https://www.transfermarkt.com/martin-montoya/profil/spieler/68645,Spain,15,No,NA,34,19,2010,11,380,58,318,318,0,right,Defender,1.75,19,1.75,2010,0,right,0,"[18,21)","[1.6,1.78]","(8,56]",2010s,Spain,EU_Major
Martin Ødegaard,https://fbref.com/en/players/79300479/Martin-Odegaard,https://www.transfermarkt.com/martin-odegaard/profil/spieler/316264,Norway,12,No,NA,26,15,2014,16,401,70,344,410,19,left,Attack,1.78,15,1.78,2014,0.842105263,left,0,"[15,18)","[1.6,1.78]","(8,56]",2010s,Norway,Rest_of_World
Marvin Ogunjimi,https://fbref.com/en/players/93c93fd1/Marvin-Ogunjimi,https://www.transfermarkt.com/marvin-ogunjimi/profil/spieler/33870,Belgium  Nigeria,18,Yes,35,37,17,2005,1,175,19,201,207,1,left,Attack,1.85,17,1.85,2005,1,left,1,"[15,18)","(1.83,2]","[1,3]",2000s,Belgium Nigeria,EU_Major
Masoud Shojaei,https://fbref.com/en/players/a898d91e/Masoud-Shojaei,https://www.transfermarkt.com/masoud-shojaei/profil/spieler/26574,Iran,21,Yes,39,41,18,2008,1,475,67,279,347,19,right,Attack,1.87,18,1.87,2008,0.052631579,right,1,"[18,21)","(1.83,2]","[1,3]",2000s,Iran,Rest_of_World
Matías Fritzler,https://fbref.com/en/players/e4100467/Matias-Fritzler,https://www.transfermarkt.com/matias-fritzler/profil/spieler/54557,Argentina  Germany,19,Yes,37,38,18,2010,2,239,30,198,198,0,right,Midfield,1.79,18,1.79,2010,0,right,1,"[18,21)","(1.78,1.83]","[1,3]",2010s,Argentina Germany,EU_Major
Matías Nahuel,https://fbref.com/en/players/48e4c485/Matias-Nahuel,https://www.transfermarkt.com/matias-nahuel/profil/spieler/263843,Spain  Argentina,12,No,NA,28,17,2013,3,532,63,229,229,0,right,Attack,1.72,17,1.72,2013,0,right,0,"[15,18)","[1.6,1.78]","[1,3]",2010s,Spain Argentina,EU_Major
Mate Bilić,https://fbref.com/en/players/37e6a4eb/Mate-Bilic,https://www.transfermarkt.com/mate-bilic/profil/spieler/7977,Croatia,15,Yes,35,44,20,2001,2,53,8,415,417,2,right,Attack,1.85,20,1.85,2001,1,right,1,"[18,21)","(1.83,2]","[1,3]",2000s,Croatia,Rest_of_World
Mateo Musacchio,https://fbref.com/en/players/91899ca8/Mateo-Musacchio,https://www.transfermarkt.com/mateo-musacchio/profil/spieler/45653,Argentina  Italy,15,Yes,31,34,16,2009,17,740,136,329,333,2,right,Defender,1.82,16,1.82,2009,8.5,right,1,"[15,18)","(1.78,1.83]","(8,56]",2000s,Argentina Italy,EU_Major
Matteo Contini,https://fbref.com/en/players/dec20583/Matteo-Contini,https://www.transfermarkt.com/matteo-contini/profil/spieler/25318,Italy,15,Yes,38,45,23,2003,4,59,8,384,384,0,left,Defender,1.84,23,1.84,2003,0,left,1,"[21,24)","(1.83,2]","(3,8]",2000s,Italy,EU_Major
Maurizio Lanzaro,https://fbref.com/en/players/52eacf54/Maurizio-Lanzaro,https://www.transfermarkt.com/maurizio-lanzaro/profil/spieler/6852,Italy,19,Yes,36,43,17,1998,NA,NA,NA,321,321,0,right,Defender,1.83,17,1.83,1998,0,right,1,"[15,18)","(1.78,1.83]",NA,1990s,Italy,EU_Major
Mauro dos Santos,https://fbref.com/en/players/ec699fdd/Mauro-dos-Santos,https://www.transfermarkt.com/mauro-dos-santos/profil/spieler/55240,Argentina  Spain,17,No,NA,36,19,2012,3,88,19,236,236,0,right,Defender,1.88,19,1.88,2012,0,right,0,"[18,21)","(1.83,2]","[1,3]",2010s,Argentina Spain,EU_Major
Maxwell,https://fbref.com/en/players/6f08cece/Maxwell,https://www.transfermarkt.com/maxwell/profil/spieler/4317,Brazil,17,Yes,36,43,19,2001,3,453,86,509,512,2,left,Defender,1.76,19,1.76,2001,1.5,left,1,"[18,21)","[1.6,1.78]","[1,3]",2000s,Brazil,South_America
McDonald Mariga,https://fbref.com/en/players/e88e5e34/McDonald-Mariga,https://www.transfermarkt.com/mcdonald-mariga/profil/spieler/37124,Kenya,12,Yes,31,38,19,2006,7,757,105,221,222,1,right,Midfield,1.83,19,1.83,2006,7,right,1,"[18,21)","(1.78,1.83]","(3,8]",2000s,Kenya,Rest_of_World
Mehdi Lacen,https://fbref.com/en/players/a3a306f6/Mehdi-Lacen,https://www.transfermarkt.com/mehdi-lacen/profil/spieler/35539,Algeria  France,16,Yes,35,41,19,2005,4,71,6,396,416,7,left,Midfield,1.76,19,1.76,2005,0.571428571,left,1,"[18,21)","[1.6,1.78]","(3,8]",2000s,Algeria France,EU_Major
Mehmet Topal,https://fbref.com/en/players/f93c876b/Mehmet-Topal,https://www.transfermarkt.com/mehmet-topal/profil/spieler/44402,Türkiye,18,Yes,36,39,18,2006,37,611,147,468,526,13,right,Midfield,1.87,18,1.87,2006,2.846153846,right,1,"[18,21)","(1.83,2]","(8,56]",2000s,Türkiye,Rest_of_World
Mesut Özil,https://fbref.com/en/players/16380240/Mesut-Ozil,https://www.transfermarkt.com/mesut-ozil/profil/spieler/35664,Germany,18,Yes,35,36,17,2006,45,798,159,552,627,15,left,Attack,1.8,17,1.8,2006,3,left,1,"[15,18)","(1.78,1.83]","(8,56]",2000s,Germany,EU_Major
Michael Essien,https://fbref.com/en/players/d6577282/Michael-Essien,https://www.transfermarkt.com/michael-essien/profil/spieler/5588,Ghana  France,21,Yes,38,42,17,2000,7,744,142,433,442,5,right,Midfield,1.78,17,1.78,2000,1.4,right,1,"[15,18)","[1.6,1.78]","(3,8]",2000s,Ghana France,EU_Major
Michael Jakobsen,https://fbref.com/en/players/9135fc2e/Michael-Jakobsen,https://www.transfermarkt.com/michael-jakobsen/profil/spieler/8421,Denmark,22,No,NA,39,18,2004,1,56,19,446,450,1,left,Defender,1.85,18,1.85,2004,1,left,0,"[18,21)","(1.83,2]","[1,3]",2000s,Denmark,Rest_of_World
Michael Krohn-Dehli,https://fbref.com/en/players/1c8dc17d/Michael-Krohn-Dehli,https://www.transfermarkt.com/michael-krohn-dehli/profil/spieler/18006,Denmark,15,Yes,36,42,21,2004,6,448,81,384,423,10,both,Midfield,1.71,21,1.71,2004,0.6,both,1,"[21,24)","[1.6,1.78]","(3,8]",2000s,Denmark,Rest_of_World
Michael Pereira,https://fbref.com/en/players/2969ccd2/Michael-Pereira,https://www.transfermarkt.com/michael-pereira/profil/spieler/147483,France  Cape Verde,15,Yes,37,37,22,2010,6,132,15,272,272,0,left,Attack,1.8,22,1.8,2010,0,left,1,"[21,24)","(1.78,1.83]","(3,8]",2010s,France Cape Verde,EU_Major
Michel,https://fbref.com/en/players/05384ea1/Michel,https://www.transfermarkt.com/michel-macedo/profil/spieler/77262,Brazil  Spain,18,No,NA,35,18,2008,9,275,35,269,269,0,right,Defender,1.77,18,1.77,2008,0,right,0,"[18,21)","[1.6,1.78]","(8,56]",2000s,Brazil Spain,EU_Major
Michu,https://fbref.com/en/players/98429b7b/Michu,https://www.transfermarkt.com/michu/profil/spieler/70789,Spain,10,Yes,31,39,21,2007,5,359,66,226,227,1,left,Attack,1.85,21,1.85,2007,5,left,1,"[21,24)","(1.83,2]","(3,8]",2000s,Spain,EU_Major
Miguel Ángel Moyá,https://fbref.com/en/players/011d8c56/Miguel-Angel-Moya,https://www.transfermarkt.com/miguel-angel-moya/profil/spieler/26065,Spain,17,Yes,37,41,20,2004,12,511,102,311,311,0,right,Goalkeeper,1.89,20,1.89,2004,0,right,1,"[18,21)","(1.83,2]","(8,56]",2000s,Spain,EU_Major
Miguel Ángel Nieto,https://fbref.com/en/players/3a935b70/Miguel-Angel-Nieto,https://www.transfermarkt.com/miguel-angel-nieto/profil/spieler/45615,Spain,13,Yes,33,39,20,2006,6,202,34,107,107,0,right,Attack,1.85,20,1.85,2006,0,right,1,"[18,21)","(1.83,2]","(3,8]",2000s,Spain,EU_Major
Miguel de las Cuevas,https://fbref.com/en/players/2e1cf3d2/Miguel-de-las-Cuevas,https://www.transfermarkt.com/miguel-de-las-cuevas/profil/spieler/54774,Spain,20,Yes,39,39,19,2005,6,220,41,356,356,0,right,Attack,1.75,19,1.75,2005,0,right,1,"[18,21)","[1.6,1.78]","(3,8]",2000s,Spain,EU_Major
Miguel Flaño,https://fbref.com/en/players/1662668d/Miguel-Flano,https://www.transfermarkt.com/miguel-flano/profil/spieler/35600,Spain,15,Yes,35,40,20,2004,3,268,35,323,323,0,right,Defender,1.77,20,1.77,2004,0,right,1,"[18,21)","[1.6,1.78]","[1,3]",2000s,Spain,EU_Major
Miguel Monteiro,https://fbref.com/en/players/930ef69d/Miguel-Monteiro,https://www.transfermarkt.com/miguel/profil/spieler/13225,Portugal  Cape Verde,13,Yes,32,45,19,2000,2,41,11,393,422,8,right,Defender,1.75,19,1.75,2000,0.25,right,1,"[18,21)","[1.6,1.78]","[1,3]",2000s,Portugal Cape Verde,EU_Major
Miguel Pallardó,https://fbref.com/en/players/6c3dfe68/Miguel-Pallardo,https://www.transfermarkt.com/miguel-pallardo/profil/spieler/36756,Spain,14,Yes,32,38,18,2004,6,187,37,185,185,0,right,Midfield,1.74,18,1.74,2004,0,right,1,"[18,21)","[1.6,1.78]","(3,8]",2000s,Spain,EU_Major
Miguel Torres,https://fbref.com/en/players/44b61913/Miguel-Torres,https://www.transfermarkt.com/miguel-torres/profil/spieler/45305,Spain,13,Yes,33,39,20,2004,12,441,57,304,304,0,right,Defender,1.84,20,1.84,2004,0,right,1,"[18,21)","(1.83,2]","(8,56]",2000s,Spain,EU_Major
Mike Havenaar,https://fbref.com/en/players/2475a31d/Mike-Havenaar,https://www.transfermarkt.com/mike-havenaar/profil/spieler/79470,Japan,18,Yes,36,38,18,2011,3,69,7,196,208,4,left,Attack,1.94,18,1.94,2011,0.75,left,1,"[18,21)","(1.83,2]","[1,3]",2010s,Japan,Rest_of_World
Mikel Aranburu,https://fbref.com/en/players/9452d85a/Mikel-Aranburu,https://www.transfermarkt.com/mikel-aranburu/profil/spieler/7467,Spain,15,Yes,33,46,18,1996,1,39,6,409,409,0,right,Midfield,1.8,18,1.8,1996,0,right,1,"[18,21)","(1.78,1.83]","[1,3]",1990s,Spain,EU_Major
Mikel Arruabarrena,https://fbref.com/en/players/ad0c4ebb/Mikel-Arruabarrena,https://www.transfermarkt.com/mikel-arruabarrena/profil/spieler/51559,Spain,13,Yes,36,42,23,2006,1,22,4,169,169,0,right,Attack,1.88,23,1.88,2006,0,right,1,"[21,24)","(1.83,2]","[1,3]",2000s,Spain,EU_Major
Mikel Balenziaga,https://fbref.com/en/players/1fe67e86/Mikel-Balenziaga,https://www.transfermarkt.com/mikel-balenziaga/profil/spieler/85258,Spain,16,Yes,36,37,20,2008,16,490,61,398,398,0,left,Defender,1.77,20,1.77,2008,0,left,1,"[18,21)","[1.6,1.78]","(8,56]",2000s,Spain,EU_Major
Mikel González,https://fbref.com/en/players/7cc5bd9c/Mikel-Gonzalez,https://www.transfermarkt.com/mikel-gonzalez/profil/spieler/35560,Spain,19,Yes,38,39,19,2005,7,269,35,325,325,0,right,Defender,1.9,19,1.9,2005,0,right,1,"[18,21)","(1.83,2]","(3,8]",2000s,Spain,EU_Major
Mikel Labaka,https://fbref.com/en/players/e83de90d/Mikel-Labaka,https://www.transfermarkt.com/mikel-labaka/profil/spieler/23247,Spain,10,Yes,33,44,23,2003,2,75,11,222,222,0,right,Defender,1.85,23,1.85,2003,0,right,1,"[21,24)","(1.83,2]","[1,3]",2000s,Spain,EU_Major
Mikel Rico,https://fbref.com/en/players/def69cd0/Mikel-Rico,https://www.transfermarkt.com/mikel-rico/profil/spieler/51474,Spain,19,Yes,40,40,21,2006,13,416,60,518,518,0,right,Midfield,1.78,21,1.78,2006,0,right,1,"[21,24)","[1.6,1.78]","(8,56]",2000s,Spain,EU_Major
Mikel Saizar,https://fbref.com/en/players/b9ddfda6/Mikel-Saizar,https://www.transfermarkt.com/mikel-saizar/profil/spieler/63706,Spain,11,Yes,39,42,28,2011,NA,NA,NA,97,97,0,right,Goalkeeper,1.9,28,1.9,2011,0,right,1,"[24,30]","(1.83,2]",NA,2010s,Spain,EU_Major
Mikel San José,https://fbref.com/en/players/003a5c72/Mikel-San-Jose,https://www.transfermarkt.com/mikel-san-jose/profil/spieler/52469,Spain,13,Yes,33,36,20,2009,10,257,37,428,435,5,right,Midfield,1.87,20,1.87,2009,2,right,1,"[18,21)","(1.83,2]","(8,56]",2000s,Spain,EU_Major
Miku,https://fbref.com/en/players/4eba9598/Miku,https://www.transfermarkt.com/miku/profil/spieler/58001,Venezuela  Hungary,19,No,NA,39,21,2006,4,164,18,307,315,3,right,Attack,1.86,21,1.86,2006,1.333333333,right,0,"[21,24)","(1.83,2]","(3,8]",2000s,Venezuela Hungary,Rest_of_World
Miquel Robusté,https://fbref.com/en/players/4be9a341/Miquel-Robuste,https://www.transfermarkt.com/miquel-robuste/profil/spieler/51477,Spain,19,No,NA,40,21,2006,1,22,7,132,132,0,right,Defender,1.85,21,1.85,2006,0,right,0,"[21,24)","(1.83,2]","[1,3]",2000s,Spain,EU_Major
Miranda,https://fbref.com/en/players/314f2124/Miranda,https://www.transfermarkt.com/miranda/profil/spieler/33357,Brazil,20,Yes,39,40,19,2005,14,274,46,378,422,10,right,Defender,1.86,19,1.86,2005,1.4,right,1,"[18,21)","(1.83,2]","(8,56]",2000s,Brazil,South_America
Miroslav Stevanović,https://fbref.com/en/players/73d430c6/Miroslav-Stevanovic,https://www.transfermarkt.com/miroslav-stevanovic/profil/spieler/75816,Bosnia-Herzegovina  Serbia,16,No,NA,35,19,2010,9,239,28,314,339,8,right,Midfield,1.8,19,1.8,2010,1.125,right,0,"[18,21)","(1.78,1.83]","(8,56]",2010s,Bosnia-Herzegovina Serbia,Rest_of_World
Mode,https://fbref.com/en/players/17b4ea83/Mode,https://www.transfermarkt.com/modesto/profil/spieler/230485,Spain,13,No,NA,31,19,2013,NA,NA,NA,2,2,0,right,Defender,1.68,19,1.68,2013,0,right,0,"[18,21)","[1.6,1.78]",NA,2010s,Spain,EU_Major
Modeste M'bami,https://fbref.com/en/players/82ec2963/Modeste-Mbami,https://www.transfermarkt.com/modeste-mbami/profil/spieler/6631,Cameroon  France,22,No,NA,42,18,2000,1,91,16,313,318,1,right,Midfield,1.8,18,1.8,2000,1,right,0,"[18,21)","(1.78,1.83]","[1,3]",2000s,Cameroon France,EU_Major
Modibo Diakité,https://fbref.com/en/players/e5eb4ab4/Modibo-Diakite,https://www.transfermarkt.com/modibo-diakite/profil/spieler/41749,France  Mali,20,No,NA,38,19,2005,11,680,100,163,163,0,right,Defender,1.92,19,1.92,2005,0,right,0,"[18,21)","(1.83,2]","(8,56]",2000s,France Mali,EU_Major
Mohamed Sarr,https://fbref.com/en/players/82bf93ae/Mohamed-Sarr,https://www.transfermarkt.com/mohamed-sarr/profil/spieler/19450,Senegal  Belgium,12,Yes,30,41,18,2001,4,106,21,172,172,0,right,Defender,1.84,18,1.84,2001,0,right,1,"[18,21)","(1.83,2]","(3,8]",2000s,Senegal Belgium,EU_Major
Mohamed Sissoko,https://fbref.com/en/players/2c1a819e/Mohamed-Sissoko,https://www.transfermarkt.com/mohamed-sissoko/profil/spieler/6119,Mali  France,17,Yes,35,40,18,2003,5,264,35,320,328,3,right,Midfield,1.91,18,1.91,2003,1.666666667,right,1,"[18,21)","(1.83,2]","(3,8]",2000s,Mali France,EU_Major
Mohamed Tchité,https://fbref.com/en/players/39b8619d/Mohamed-Tchite,https://www.transfermarkt.com/meme-tchite/profil/spieler/18949,Burundi  Rwanda,19,Yes,38,41,19,2003,3,70,8,306,306,0,right,Attack,1.76,19,1.76,2003,0,right,1,"[18,21)","[1.6,1.78]","[1,3]",2000s,Burundi Rwanda,Rest_of_World
Mohammed Abu,https://fbref.com/en/players/c1f17b17/Mohammed-Abu,https://www.transfermarkt.com/mohammed-abu/profil/spieler/164478,Ghana,15,Yes,33,33,18,2010,2,52,7,272,276,2,left,Midfield,1.7,18,1.7,2010,1,left,1,"[18,21)","[1.6,1.78]","[1,3]",2010s,Ghana,Rest_of_World
Mohammed Fatau,https://fbref.com/en/players/b4dd30a0/Mohammed-Fatau,https://www.transfermarkt.com/mohammed-fatau/profil/spieler/247189,Ghana,13,No,NA,32,20,2013,6,448,40,93,93,0,right,Midfield,1.78,20,1.78,2013,0,right,0,"[18,21)","[1.6,1.78]","(3,8]",2010s,Ghana,Rest_of_World
Moi Gómez,https://fbref.com/en/players/5a626448/Moi-Gomez,https://www.transfermarkt.com/moi-gomez/profil/spieler/175449,Spain,15,No,NA,31,16,2010,8,141,21,468,468,0,right,Attack,1.76,16,1.76,2010,0,right,0,"[15,18)","[1.6,1.78]","(3,8]",2010s,Spain,EU_Major
Moisés Delgado,https://fbref.com/en/players/248c409d/Moises-Delgado,https://www.transfermarkt.com/moi-delgado/profil/spieler/260230,Spain,11,No,NA,31,20,2013,5,217,27,158,158,0,left,Defender,1.72,20,1.72,2013,0,left,0,"[18,21)","[1.6,1.78]","(3,8]",2010s,Spain,EU_Major
Moisés García,https://fbref.com/en/players/5a740593/Moises-Garcia,https://www.transfermarkt.com/moises-garcia/profil/spieler/96274,Spain,18,No,NA,35,19,2008,NA,NA,NA,9,9,0,right,Defender,1.86,19,1.86,2008,0,right,0,"[18,21)","(1.83,2]",NA,2000s,Spain,EU_Major
Moisés Hurtado,https://fbref.com/en/players/1ea7254b/Moises-Hurtado,https://www.transfermarkt.com/moises-hurtado/profil/spieler/15764,Spain,12,Yes,33,44,21,2001,1,18,2,239,239,0,right,Midfield,1.85,21,1.85,2001,0,right,1,"[21,24)","(1.83,2]","[1,3]",2000s,Spain,EU_Major
Momo,https://fbref.com/en/players/9857e65d/Momo,https://www.transfermarkt.com/momo/profil/spieler/25319,Spain,17,Yes,37,43,20,2002,8,290,42,389,389,0,left,Attack,1.78,20,1.78,2002,0,left,1,"[18,21)","[1.6,1.78]","(3,8]",2000s,Spain,EU_Major
Mouhamadou Dabo,https://fbref.com/en/players/78853b7b/Mouhamadou-Dabo,https://www.transfermarkt.com/mouhamadou-dabo/profil/spieler/33914,France  Senegal,15,Yes,33,38,18,2004,5,271,43,248,248,0,right,Defender,1.76,18,1.76,2004,0,right,1,"[18,21)","[1.6,1.78]","(3,8]",2000s,France Senegal,EU_Major
Mounir El Hamdaoui,https://fbref.com/en/players/d23e085d/Mounir-El-Hamdaoui,https://www.transfermarkt.com/mounir-el-hamdaoui/profil/spieler/21490,Morocco  Netherlands,21,Yes,38,41,17,2002,11,226,43,243,246,1,right,Attack,1.83,17,1.83,2002,11,right,1,"[15,18)","(1.78,1.83]","(8,56]",2000s,Morocco Netherlands,EU_Major
Munir El Haddadi,https://fbref.com/en/players/8696bc90/Munir-El-Haddadi,https://www.transfermarkt.com/munir-el-haddadi/profil/spieler/223725,Morocco  Spain,13,No,NA,29,18,2013,1,19,4,373,385,7,left,Attack,1.77,18,1.77,2013,0.142857143,left,0,"[18,21)","[1.6,1.78]","[1,3]",2010s,Morocco Spain,EU_Major
Nélson Marcos,https://fbref.com/en/players/d0d41afb/Nelson-Marcos,https://www.transfermarkt.com/nelson/profil/spieler/17555,Portugal  Cape Verde,15,Yes,35,42,20,2004,2,217,23,339,339,0,right,Defender,1.71,20,1.71,2004,0,right,1,"[18,21)","[1.6,1.78]","[1,3]",2000s,Portugal Cape Verde,EU_Major
Nélson Oliveira,https://fbref.com/en/players/f716e4e4/Nelson-Oliveira,https://www.transfermarkt.com/nelson-oliveira/profil/spieler/72768,Portugal,16,No,NA,33,18,2009,14,519,75,401,410,4,right,Attack,1.86,18,1.86,2009,3.5,right,0,"[18,21)","(1.83,2]","(8,56]",2000s,Portugal,EU_Major
Néstor Susaeta,https://fbref.com/en/players/ff0c8ca6/Nestor-Susaeta,https://www.transfermarkt.com/nestor-susaeta/profil/spieler/51488,Spain,17,Yes,38,40,21,2005,2,35,4,286,286,0,right,Attack,1.78,21,1.78,2005,0,right,1,"[21,24)","[1.6,1.78]","[1,3]",2000s,Spain,EU_Major
Nabil Baha,https://fbref.com/en/players/32634b49/Nabil-Baha,https://www.transfermarkt.com/nabil-baha/profil/spieler/19503,Morocco  France,14,Yes,35,43,21,2004,NA,NA,NA,219,219,0,right,Attack,1.81,21,1.81,2004,0,right,1,"[21,24)","(1.78,1.83]",NA,2000s,Morocco France,EU_Major
Nabil El Zhar,https://fbref.com/en/players/37f96552/Nabil-El-Zhar,https://www.transfermarkt.com/nabil-el-zhar/profil/spieler/37917,Morocco  France,17,Yes,37,38,20,2006,7,133,14,279,280,1,both,Attack,1.7,20,1.7,2006,7,both,1,"[18,21)","[1.6,1.78]","(3,8]",2000s,Morocco France,EU_Major
Nacho,https://fbref.com/en/players/07537011/Nacho,https://www.transfermarkt.com/nacho/profil/spieler/23287,Spain,12,Yes,34,45,22,2002,4,119,20,349,349,0,left,Defender,1.74,22,1.74,2002,0,left,1,"[21,24)","[1.6,1.78]","(3,8]",2000s,Spain,EU_Major
Nacho,https://fbref.com/en/players/2946f9a1/Nacho,https://www.transfermarkt.com/nacho-fernandez/profil/spieler/58884,Spain,15,No,NA,35,21,2010,9,248,56,409,437,13,right,Defender,1.8,21,1.8,2010,0.692307692,right,0,"[21,24)","(1.78,1.83]","(8,56]",2010s,Spain,EU_Major
Nacho Cases,https://fbref.com/en/players/1ef6f38d/Nacho-Cases,https://www.transfermarkt.com/nacho-cases/profil/spieler/89473,Spain,13,Yes,36,37,23,2010,3,76,10,188,188,0,left,Midfield,1.75,23,1.75,2010,0,left,1,"[21,24)","[1.6,1.78]","[1,3]",2010s,Spain,EU_Major
Nacho González,https://fbref.com/en/players/53031e02/Nacho-Gonzalez,https://www.transfermarkt.com/ignacio-gonzalez/profil/spieler/67648,Uruguay  Italy,17,Yes,41,43,24,2007,10,455,74,241,242,1,right,Attack,1.78,24,1.78,2007,10,right,1,"[24,30]","[1.6,1.78]","(8,56]",2000s,Uruguay Italy,EU_Major
Nacho Monreal,https://fbref.com/en/players/d4cb83cc/Nacho-Monreal,https://www.transfermarkt.com/nacho-monreal/profil/spieler/43003,Spain,16,Yes,36,39,20,2006,18,790,139,487,497,9,left,Defender,1.79,20,1.79,2006,2,left,1,"[18,21)","(1.78,1.83]","(8,56]",2000s,Spain,EU_Major
Nacho Novo,https://fbref.com/en/players/8391cd3f/Nacho-Novo,https://www.transfermarkt.com/nacho-novo/profil/spieler/12844,Spain,15,Yes,38,46,23,2002,2,65,12,420,420,0,right,Attack,1.75,23,1.75,2002,0,right,1,"[21,24)","[1.6,1.78]","[1,3]",2000s,Spain,EU_Major
Nagore,https://fbref.com/en/players/86eeca16/Nagore,https://www.transfermarkt.com/nagore/profil/spieler/73257,Spain,9,Yes,38,44,29,2010,1,213,30,159,159,0,right,Defender,1.82,29,1.82,2010,0,right,1,"[24,30]","(1.78,1.83]","[1,3]",2010s,Spain,EU_Major
Naldo,https://fbref.com/en/players/a2609621/Naldo,https://www.transfermarkt.com/naldo/profil/spieler/148666,Brazil  Italy,17,No,NA,36,21,2012,12,215,37,291,291,0,right,Defender,1.88,21,1.88,2012,0,right,0,"[21,24)","(1.83,2]","(8,56]",2010s,Brazil Italy,EU_Major
Nano,https://fbref.com/en/players/3d6dd9f9/Nano,https://www.transfermarkt.com/nano-rivas/profil/spieler/22974,Spain,12,Yes,34,45,22,2002,2,44,6,202,202,0,left,Defender,1.85,22,1.85,2002,0,left,1,"[21,24)","(1.83,2]","[1,3]",2000s,Spain,EU_Major
Nano,https://fbref.com/en/players/51fbb7e2/Nano,https://www.transfermarkt.com/nano/profil/spieler/7901,Spain,19,Yes,36,43,17,1999,NA,NA,NA,220,220,0,left,Defender,1.87,17,1.87,1999,0,left,1,"[15,18)","(1.83,2]",NA,1990s,Spain,EU_Major
Natxo Insa,https://fbref.com/en/players/28ccefcd/Natxo-Insa,https://www.transfermarkt.com/natxo-insa/profil/spieler/57808,Malaysia  Spain,19,No,NA,39,21,2006,6,132,28,282,284,2,right,Midfield,1.77,21,1.77,2006,3,right,0,"[21,24)","[1.6,1.78]","(3,8]",2000s,Malaysia Spain,EU_Major
Nelson Valdez,https://fbref.com/en/players/040d8500/Nelson-Valdez,https://www.transfermarkt.com/nelson-valdez/profil/spieler/2050,Paraguay,19,Yes,38,41,19,2002,10,466,50,456,474,7,right,Attack,1.79,19,1.79,2002,1.428571429,right,1,"[18,21)","(1.78,1.83]","(8,56]",2000s,Paraguay,Rest_of_World
Nemanja Radoja,https://fbref.com/en/players/b5dd3469/Nemanja-Radoja,https://www.transfermarkt.com/nemanja-radoja/profil/spieler/168959,Serbia,14,No,NA,32,19,2012,13,479,60,345,347,2,right,Midfield,1.86,19,1.86,2012,6.5,right,0,"[18,21)","(1.83,2]","(8,56]",2010s,Serbia,Rest_of_World
Nery Castillo,https://fbref.com/en/players/bb34761d/Nery-Castillo,https://www.transfermarkt.com/nery-castillo/profil/spieler/9711,Mexico  Uruguay,14,Yes,30,41,16,2000,2,63,6,216,223,1,left,Attack,1.7,16,1.7,2000,2,left,1,"[15,18)","[1.6,1.78]","[1,3]",2000s,Mexico Uruguay,South_America
Neymar,https://fbref.com/en/players/69384e5d/Neymar,https://www.transfermarkt.com/neymar/profil/spieler/68290,Brazil,17,No,NA,33,17,2013,44,1520,263,369,446,13,right,Attack,1.75,17,1.75,2013,3.384615385,right,0,"[15,18)","[1.6,1.78]","(8,56]",2010s,Brazil,South_America
Nicki Bille Nielsen,https://fbref.com/en/players/c0a57418/Nicki-Bille-Nielsen,https://www.transfermarkt.com/nicki-bille/profil/spieler/46006,Denmark,20,No,NA,37,18,2006,5,316,48,246,248,1,right,Attack,1.81,18,1.81,2006,5,right,0,"[18,21)","(1.78,1.83]","(3,8]",2000s,Denmark,Rest_of_World
Nicolás Bertolo,https://fbref.com/en/players/089f82b2/Nicolas-Bertolo,https://www.transfermarkt.com/nicolas-bertolo/profil/spieler/52903,Argentina  Italy,19,No,NA,39,21,2009,5,85,14,278,278,0,right,Attack,1.8,21,1.8,2009,0,right,0,"[21,24)","(1.78,1.83]","(3,8]",2000s,Argentina Italy,EU_Major
Nicolás Otamendi,https://fbref.com/en/players/0d267745/Nicolas-Otamendi,https://www.transfermarkt.com/nicolas-otamendi/profil/spieler/54781,Argentina,18,No,NA,37,20,2010,8,77,16,574,662,17,right,Defender,1.83,20,1.83,2010,0.470588235,right,0,"[18,21)","(1.78,1.83]","(3,8]",2010s,Argentina,South_America
Nicolás Pareja,https://fbref.com/en/players/a92669f6/Nicolas-Pareja,https://www.transfermarkt.com/nicolas-pareja/profil/spieler/41281,Argentina  Italy,16,Yes,36,41,20,2006,19,1330,187,283,283,0,right,Defender,1.81,20,1.81,2006,0,right,1,"[18,21)","(1.78,1.83]","(8,56]",2000s,Argentina Italy,EU_Major
Nikolaos Karabelas,https://fbref.com/en/players/a41c6410/Nikolaos-Karabelas,https://www.transfermarkt.com/nikolaos-karabelas/profil/spieler/42935,Greece,14,Yes,33,40,19,2006,3,75,18,154,155,2,left,Defender,1.78,19,1.78,2006,1.5,left,1,"[18,21)","[1.6,1.78]","[1,3]",2000s,Greece,Rest_of_World
Nilmar,https://fbref.com/en/players/90a5a4aa/Nilmar,https://www.transfermarkt.com/nilmar/profil/spieler/22750,Brazil,15,Yes,33,41,18,2004,1,62,11,172,177,2,right,Attack,1.8,18,1.8,2004,0.5,right,1,"[18,21)","(1.78,1.83]","[1,3]",2000s,Brazil,South_America
Nino,https://fbref.com/en/players/03dc5b1f/Nino,https://www.transfermarkt.com/nino/profil/spieler/29178,Spain,22,Yes,41,45,19,2001,2,276,31,662,662,0,right,Attack,1.69,19,1.69,2001,0,right,1,"[18,21)","[1.6,1.78]","[1,3]",2000s,Spain,EU_Major
Noé Pamarot,https://fbref.com/en/players/6036afc6/Noe-Pamarot,https://www.transfermarkt.com/noe-pamarot/profil/spieler/5531,France,19,Yes,37,46,18,2002,3,363,23,250,250,0,right,Defender,1.8,18,1.8,2002,0,right,1,"[18,21)","(1.78,1.83]","[1,3]",2000s,France,EU_Major
Nolito,https://fbref.com/en/players/b2d0ec1b/Nolito,https://www.transfermarkt.com/nolito/profil/spieler/70934,Spain,14,Yes,37,38,23,2010,8,311,57,409,425,6,right,Attack,1.75,23,1.75,2010,1.333333333,right,1,"[21,24)","[1.6,1.78]","(3,8]",2010s,Spain,EU_Major
Nono,https://fbref.com/en/players/0bd57693/Nono,https://www.transfermarkt.com/nono/profil/spieler/199132,Spain,13,No,NA,32,19,2011,3,56,7,160,160,0,right,Midfield,1.79,19,1.79,2011,0,right,0,"[18,21)","(1.78,1.83]","[1,3]",2010s,Spain,EU_Major
Nordin Amrabat,https://fbref.com/en/players/7c2a398c/Nordin-Amrabat,https://www.transfermarkt.com/nordin-amrabat/profil/spieler/55619,Morocco  Netherlands,19,No,NA,38,19,2007,16,276,50,522,576,15,right,Attack,1.78,19,1.78,2007,1.066666667,right,0,"[18,21)","[1.6,1.78]","(8,56]",2000s,Morocco Netherlands,EU_Major
Nosa Igiebor,https://fbref.com/en/players/79d9bbd4/Nosa-Igiebor,https://www.transfermarkt.com/nosa-igiebor/profil/spieler/108636,Nigeria,18,No,NA,34,18,2009,2,61,9,128,132,4,right,Midfield,1.82,18,1.82,2009,0.5,right,0,"[18,21)","(1.78,1.83]","[1,3]",2000s,Nigeria,Rest_of_World
Nuri Şahin,https://fbref.com/en/players/f4081572/Nuri-Sahin,https://www.transfermarkt.com/nuri-sahin/profil/spieler/31095,Türkiye  Germany,18,Yes,34,36,16,2005,27,855,149,390,413,8,left,Midfield,1.8,16,1.8,2005,3.375,left,1,"[15,18)","(1.78,1.83]","(8,56]",2000s,Türkiye Germany,EU_Major
Odion Ighalo,https://fbref.com/en/players/03622183/Odion-Ighalo,https://www.transfermarkt.com/odion-ighalo/profil/spieler/62121,Nigeria  Italy,18,No,NA,36,18,2007,6,198,34,458,493,10,right,Attack,1.81,18,1.81,2007,0.6,right,0,"[18,21)","(1.78,1.83]","(3,8]",2000s,Nigeria Italy,EU_Major
Oguchi Onyewu,https://fbref.com/en/players/79283d79/Oguchi-Onyewu,https://www.transfermarkt.com/oguchi-onyewu/profil/spieler/12517,United States  Belgium,16,Yes,36,43,20,2003,6,273,62,277,309,7,right,Defender,1.93,20,1.93,2003,0.857142857,right,1,"[18,21)","(1.83,2]","(3,8]",2000s,United States Belgium,EU_Major
Oier Olazábal,https://fbref.com/en/players/b5bdf144/Oier-Olazabal,https://www.transfermarkt.com/oier-olazabal/profil/spieler/8176,Spain,17,No,NA,35,19,2008,2,78,16,142,142,0,left,Goalkeeper,1.89,19,1.89,2008,0,left,0,"[18,21)","(1.83,2]","[1,3]",2000s,Spain,EU_Major
Oier Sanjurjo,https://fbref.com/en/players/466824fb/Oier-Sanjurjo,https://www.transfermarkt.com/oier-sanjurjo/profil/spieler/63040,Spain,15,Yes,37,39,22,2008,7,538,68,383,383,0,right,Midfield,1.78,22,1.78,2008,0,right,1,"[21,24)","[1.6,1.78]","(3,8]",2000s,Spain,EU_Major
Oleksandr Yakovenko,https://fbref.com/en/players/40a520a4/Oleksandr-Yakovenko,https://www.transfermarkt.com/oleksandr-yakovenko/profil/spieler/31776,Ukraine  Belgium,15,Yes,31,38,16,2004,6,119,31,205,205,0,right,Attack,1.82,16,1.82,2004,0,right,1,"[15,18)","(1.78,1.83]","(3,8]",2000s,Ukraine Belgium,EU_Major
Olivier Thomert,https://fbref.com/en/players/acda6c9d/Olivier-Thomert,https://www.transfermarkt.com/olivier-thomert/profil/spieler/5490,Martinique  France,21,Yes,40,45,19,2002,NA,NA,NA,255,255,0,left,Midfield,1.88,19,1.88,2002,0,left,1,"[18,21)","(1.83,2]",NA,2000s,Martinique France,EU_Major
Omar Mascarell,https://fbref.com/en/players/11fd2b75/Omar-Mascarell,https://www.transfermarkt.com/omar-mascarell/profil/spieler/142031,Equatorial Guinea  Spain,14,No,NA,32,19,2012,12,716,77,361,371,2,right,Midfield,1.81,19,1.81,2012,6,right,0,"[18,21)","(1.78,1.83]","(8,56]",2010s,Equatorial Guinea Spain,EU_Major
Omar Ramos,https://fbref.com/en/players/0657888a/Omar-Ramos,https://www.transfermarkt.com/omar-ramos/profil/spieler/58112,Spain,20,No,NA,37,18,2006,5,404,42,316,316,0,left,Attack,1.76,18,1.76,2006,0,left,0,"[18,21)","[1.6,1.78]","(3,8]",2000s,Spain,EU_Major
Orestis Karnezis,https://fbref.com/en/players/85b011bb/Orestis-Karnezis,https://www.transfermarkt.com/orestis-karnezis/profil/spieler/16408,Greece,13,Yes,37,40,24,2009,5,72,8,194,236,9,right,Goalkeeper,1.9,24,1.9,2009,0.555555556,right,1,"[24,30]","(1.83,2]","(3,8]",2000s,Greece,Rest_of_World
Oriol Riera,https://fbref.com/en/players/ed742ed9/Oriol-Riera,https://www.transfermarkt.com/oriol-riera/profil/spieler/71671,Spain,11,Yes,34,39,23,2009,3,69,9,317,317,0,right,Attack,1.86,23,1.86,2009,0,right,1,"[21,24)","(1.83,2]","[1,3]",2000s,Spain,EU_Major
Oriol Romeu,https://fbref.com/en/players/4b511457/Oriol-Romeu,https://www.transfermarkt.com/oriol-romeu/profil/spieler/66100,Spain,16,No,NA,33,18,2010,11,480,108,447,447,0,right,Midfield,1.83,18,1.83,2010,0,right,0,"[18,21)","(1.78,1.83]","(8,56]",2010s,Spain,EU_Major
Osmar,https://fbref.com/en/players/8598175c/Osmar,https://www.transfermarkt.com/osmar/profil/spieler/89370,Spain,17,No,NA,37,21,2009,7,283,39,312,312,0,left,Defender,1.92,21,1.92,2009,0,left,0,"[21,24)","(1.83,2]","(3,8]",2000s,Spain,EU_Major
Pablo Íñiguez,https://fbref.com/en/players/dd55192d/Pablo-Iniguez,https://www.transfermarkt.com/pablo-iniguez/profil/spieler/165008,Spain,13,Yes,30,31,17,2011,6,554,83,88,88,0,right,Defender,1.83,17,1.83,2011,0,right,1,"[15,18)","(1.78,1.83]","(3,8]",2010s,Spain,EU_Major
Pablo Álvarez,https://fbref.com/en/players/1226cc4f/Pablo-Alvarez,https://www.transfermarkt.com/pablo-alvarez/profil/spieler/55993,Argentina  Spain,16,Yes,36,41,20,2007,8,153,25,188,188,0,right,Defender,1.77,20,1.77,2007,0,right,1,"[18,21)","[1.6,1.78]","(3,8]",2000s,Argentina Spain,EU_Major
Pablo Álvarez,https://fbref.com/en/players/08af8dbe/Pablo-Alvarez,https://www.transfermarkt.com/pablo-alvarez/profil/spieler/44000,Spain,18,Yes,39,45,21,2001,1,66,11,320,320,0,right,Attack,1.74,21,1.74,2001,0,right,1,"[21,24)","[1.6,1.78]","[1,3]",2000s,Spain,EU_Major
Pablo Alcolea,https://fbref.com/en/players/7d093d18/Pablo-Alcolea,https://www.transfermarkt.com/pablo-alcolea/profil/spieler/138800,Spain,8,Yes,31,36,23,2012,1,183,22,11,11,0,right,Goalkeeper,1.84,23,1.84,2012,0,right,1,"[21,24)","(1.83,2]","[1,3]",2010s,Spain,EU_Major
Pablo Barrera,https://fbref.com/en/players/ff70b131/Pablo-Barrera,https://www.transfermarkt.com/pablo-barrera/profil/spieler/51079,Mexico,19,No,NA,38,19,2005,1,184,34,471,483,4,right,Attack,1.75,19,1.75,2005,0.25,right,0,"[18,21)","[1.6,1.78]","[1,3]",2000s,Mexico,Rest_of_World
Pablo Clavería,https://fbref.com/en/players/1624d75b/Pablo-Claveria,https://www.transfermarkt.com/pablo-claveria/profil/spieler/348553,Spain,11,No,NA,29,18,2014,1,8,1,138,138,0,right,Midfield,1.76,18,1.76,2014,0,right,0,"[18,21)","[1.6,1.78]","[1,3]",2010s,Spain,EU_Major
Pablo Hernández,https://fbref.com/en/players/6c2f5996/Pablo-Hernandez,https://www.transfermarkt.com/pablo-hernandez/profil/spieler/91763,Chile  Argentina,17,Yes,39,38,22,2010,15,503,68,260,283,8,left,Midfield,1.84,22,1.84,2010,1.875,left,1,"[21,24)","(1.83,2]","(8,56]",2010s,Chile Argentina,South_America
Pablo Hernández,https://fbref.com/en/players/c0398aca/Pablo-Hernandez,https://www.transfermarkt.com/pablo-hernandez/profil/spieler/46220,Spain,17,Yes,38,40,21,2005,9,311,51,471,474,2,right,Attack,1.73,21,1.73,2005,4.5,right,1,"[21,24)","[1.6,1.78]","(8,56]",2000s,Spain,EU_Major
Pablo Hervías,https://fbref.com/en/players/ba5a9545/Pablo-Hervias,https://www.transfermarkt.com/pablo-hervias/profil/spieler/142027,Spain,11,No,NA,32,21,2013,6,485,53,242,242,0,right,Attack,1.74,21,1.74,2013,0,right,0,"[21,24)","[1.6,1.78]","(3,8]",2010s,Spain,EU_Major
Pablo Insua,https://fbref.com/en/players/4b5e7e90/Pablo-Insua,https://www.transfermarkt.com/pablo-insua/profil/spieler/171362,Spain,13,No,NA,31,19,2012,9,429,53,286,286,0,right,Defender,1.87,19,1.87,2012,0,right,0,"[18,21)","(1.83,2]","(8,56]",2010s,Spain,EU_Major
Pablo Marí,https://fbref.com/en/players/aa54ec6f/Pablo-Mari,https://www.transfermarkt.com/pablo-mari/profil/spieler/210178,Spain,15,No,NA,31,18,2011,10,416,67,284,284,0,left,Defender,1.93,18,1.93,2011,0,left,0,"[18,21)","(1.83,2]","(8,56]",2010s,Spain,EU_Major
Pablo Orbaiz,https://fbref.com/en/players/3654d355/Pablo-Orbaiz,https://www.transfermarkt.com/pablo-orbaiz/profil/spieler/7633,Spain,19,Yes,37,46,18,2000,2,154,24,341,341,0,right,Midfield,1.79,18,1.79,2000,0,right,1,"[18,21)","(1.78,1.83]","[1,3]",2000s,Spain,EU_Major
Pablo Pérez,https://fbref.com/en/players/3bac82ad/Pablo-Perez,https://www.transfermarkt.com/pablo-perez/profil/spieler/55884,Argentina,18,Yes,39,39,21,2013,14,360,60,237,239,3,right,Midfield,1.75,21,1.75,2013,4.666666667,right,1,"[21,24)","[1.6,1.78]","(8,56]",2010s,Argentina,South_America
Pablo Piatti,https://fbref.com/en/players/48e89655/Pablo-Piatti,https://www.transfermarkt.com/pablo-piatti/profil/spieler/56067,Argentina  Italy,19,Yes,36,36,17,2008,25,1073,154,440,440,0,left,Attack,1.64,17,1.64,2008,0,left,1,"[15,18)","[1.6,1.78]","(8,56]",2000s,Argentina Italy,EU_Major
Pablo Pinillos Caro,https://fbref.com/en/players/9d19d667/Pablo-Pinillos-Caro,https://www.transfermarkt.com/pablo-pinillos/profil/spieler/23290,Spain,14,Yes,37,51,23,1997,NA,NA,NA,285,285,0,both,Defender,1.73,23,1.73,1997,0,both,1,"[21,24)","[1.6,1.78]",NA,1990s,Spain,EU_Major
Pablo Pintos,https://fbref.com/en/players/0fe4654e/Pablo-Pintos,https://www.transfermarkt.com/pablo-pintos/profil/spieler/76728,Uruguay,15,Yes,34,38,19,2010,2,37,4,50,50,0,right,Defender,1.82,19,1.82,2010,0,right,1,"[18,21)","(1.78,1.83]","[1,3]",2010s,Uruguay,South_America
Pablo Sarabia,https://fbref.com/en/players/9744ff80/Pablo-Sarabia,https://www.transfermarkt.com/pablo-sarabia/profil/spieler/74230,Spain,15,No,NA,33,19,2011,10,136,29,495,521,9,left,Attack,1.74,19,1.74,2011,1.111111111,left,0,"[18,21)","[1.6,1.78]","(8,56]",2010s,Spain,EU_Major
Paco Alcácer,https://fbref.com/en/players/a7a9d95a/Paco-Alcacer,https://www.transfermarkt.com/paco-alcacer/profil/spieler/126716,Spain,14,No,NA,31,18,2011,17,396,71,311,330,8,right,Attack,1.75,18,1.75,2011,2.125,right,0,"[18,21)","[1.6,1.78]","(8,56]",2010s,Spain,EU_Major
Paco Montañés,https://fbref.com/en/players/9cc493b1/Paco-Montanes,https://www.transfermarkt.com/paco-montanes/profil/spieler/40442,Spain,14,Yes,33,38,19,2005,3,248,36,248,248,0,right,Attack,1.72,19,1.72,2005,0,right,1,"[18,21)","[1.6,1.78]","[1,3]",2000s,Spain,EU_Major
Paco Peña,https://fbref.com/en/players/e3b01965/Paco-Pena,https://www.transfermarkt.com/paco-pena/profil/spieler/8132,Spain,24,Yes,43,47,19,2001,1,43,3,428,428,0,left,Defender,1.7,19,1.7,2001,0,left,1,"[18,21)","[1.6,1.78]","[1,3]",2000s,Spain,EU_Major
Papakouli Diop,https://fbref.com/en/players/7329018e/Papakouli-Diop,https://www.transfermarkt.com/pape-diop/profil/spieler/39907,Senegal  France,17,Yes,37,39,20,2006,19,516,55,432,449,10,right,Midfield,1.8,20,1.8,2006,1.9,right,1,"[18,21)","(1.78,1.83]","(8,56]",2000s,Senegal France,EU_Major
Pape Diakhaté,https://fbref.com/en/players/84340e6d/Pape-Diakhate,https://www.transfermarkt.com/pape-diakhate/profil/spieler/28318,Senegal  France,16,Yes,33,41,17,2005,4,213,30,235,236,1,right,Defender,1.82,17,1.82,2005,4,right,1,"[15,18)","(1.78,1.83]","(3,8]",2000s,Senegal France,EU_Major
Pape Maly Diamanka,https://fbref.com/en/players/5d289e13/Pape-Maly-Diamanka,https://www.transfermarkt.com/pape-maly-diamanka/profil/spieler/176610,Senegal,14,No,NA,35,22,2011,2,74,10,205,205,0,right,Midfield,1.82,22,1.82,2011,0,right,0,"[21,24)","(1.78,1.83]","[1,3]",2010s,Senegal,Rest_of_World
Park Chu-young,https://fbref.com/en/players/d9fa272a/Park-Chu-young,https://www.transfermarkt.com/chu-young-park/profil/spieler/30982,"Korea, South",21,Yes,40,40,19,2008,3,246,30,318,353,8,right,Attack,1.82,19,1.82,2008,0.375,right,1,"[18,21)","(1.78,1.83]","[1,3]",2000s,"Korea, South",Rest_of_World
Patrick Ebert,https://fbref.com/en/players/92d24319/Patrick-Ebert,https://www.transfermarkt.com/patrick-ebert/profil/spieler/32622,Germany,16,Yes,35,38,19,2006,28,819,154,285,285,0,right,Attack,1.75,19,1.75,2006,0,right,1,"[18,21)","[1.6,1.78]","(8,56]",2000s,Germany,EU_Major
Patrick Mtiliga,https://fbref.com/en/players/594ebb79/Patrick-Mtiliga,https://www.transfermarkt.com/patrick-mtiliga/profil/spieler/19058,Denmark  Tanzania,19,Yes,37,44,18,2002,3,217,22,333,334,2,left,Defender,1.71,18,1.71,2002,1.5,left,1,"[18,21)","[1.6,1.78]","[1,3]",2000s,Denmark Tanzania,Rest_of_World
Pau Cendrós,https://fbref.com/en/players/9b9c9388/Pau-Cendros,https://www.transfermarkt.com/pau-cendros/profil/spieler/73138,Spain,17,Yes,38,38,21,2008,4,274,35,199,199,0,right,Defender,1.8,21,1.8,2008,0,right,1,"[21,24)","(1.78,1.83]","(3,8]",2000s,Spain,EU_Major
Pau López,https://fbref.com/en/players/20b9f052/Pau-Lopez,https://www.transfermarkt.com/pau-lopez/profil/spieler/286415,Spain,11,No,NA,30,20,2014,8,247,22,342,344,4,left,Goalkeeper,1.89,20,1.89,2014,2,left,0,"[18,21)","(1.83,2]","(3,8]",2010s,Spain,EU_Major
Paul Quaye,https://fbref.com/en/players/0c861e47/Paul-Quaye,https://www.transfermarkt.com/paul-quaye/profil/spieler/223643,Ghana,14,No,NA,29,16,2011,NA,NA,NA,4,4,0,left,Midfield,1.78,16,1.78,2011,0,left,0,"[15,18)","[1.6,1.78]",NA,2010s,Ghana,Rest_of_World
Paulão,https://fbref.com/en/players/63783925/Paulao,https://www.transfermarkt.com/paulao/profil/spieler/44700,Brazil  Portugal,12,Yes,36,43,24,2006,2,21,3,189,189,0,right,Defender,1.88,24,1.88,2006,0,right,1,"[24,30]","(1.83,2]","[1,3]",2000s,Brazil Portugal,EU_Major
Paulo Assunção,https://fbref.com/en/players/41b7a8cf/Paulo-Assuncao,https://www.transfermarkt.com/paulo-assuncao/profil/spieler/14244,Brazil  Portugal,13,Yes,34,45,21,2002,NA,NA,NA,306,306,0,right,Midfield,1.73,21,1.73,2002,0,right,1,"[21,24)","[1.6,1.78]",NA,2000s,Brazil Portugal,EU_Major
Paulo da Silva,https://fbref.com/en/players/47560da8/Paulo-da-Silva,https://www.transfermarkt.com/paulo-da-silva/profil/spieler/38800,Paraguay,24,Yes,44,45,20,2001,1,31,6,587,623,7,right,Defender,1.84,20,1.84,2001,0.142857143,right,1,"[18,21)","(1.83,2]","[1,3]",2000s,Paraguay,Rest_of_World
Pedro,https://fbref.com/en/players/3ca7254a/Pedro,https://www.transfermarkt.com/pedro/profil/spieler/65278,Spain,18,No,NA,38,20,2007,32,434,82,703,753,13,both,Attack,1.67,20,1.67,2007,2.461538462,both,0,"[18,21)","[1.6,1.78]","(8,56]",2000s,Spain,EU_Major
Pedro Bigas,https://fbref.com/en/players/697295b1/Pedro-Bigas,https://www.transfermarkt.com/pedro-bigas/profil/spieler/203043,Spain,14,No,NA,34,21,2011,9,373,47,362,362,0,left,Defender,1.81,21,1.81,2011,0,left,0,"[21,24)","(1.78,1.83]","(8,56]",2010s,Spain,EU_Major
Pedro Botelho,https://fbref.com/en/players/1f933029/Pedro-Botelho,https://www.transfermarkt.com/pedro-botelho/profil/spieler/26239,Brazil,18,No,NA,35,18,2007,NA,NA,NA,176,176,0,left,Defender,1.86,18,1.86,2007,0,left,0,"[18,21)","(1.83,2]",NA,2000s,Brazil,South_America
Pedro Geromel,https://fbref.com/en/players/78f81520/Pedro-Geromel,https://www.transfermarkt.com/pedro-geromel/profil/spieler/32568,Brazil  Italy,21,Yes,40,39,19,2005,9,458,80,487,489,4,right,Defender,1.9,19,1.9,2005,2.25,right,1,"[18,21)","(1.83,2]","(8,56]",2000s,Brazil Italy,EU_Major
Pedro López,https://fbref.com/en/players/bfa29677/Pedro-Lopez,https://www.transfermarkt.com/pedro-lopez/profil/spieler/303248,Spain,12,No,NA,30,19,2013,NA,NA,NA,11,11,0,right,Goalkeeper,1.89,19,1.89,2013,0,right,0,"[18,21)","(1.83,2]",NA,2010s,Spain,EU_Major
Pedro López Muñoz,https://fbref.com/en/players/a60823a4/Pedro-Lopez-Munoz,https://www.transfermarkt.com/pedro-lopez/profil/spieler/25412,Spain,18,Yes,38,41,20,2004,7,275,34,401,401,0,right,Defender,1.74,20,1.74,2004,0,right,1,"[18,21)","[1.6,1.78]","(3,8]",2000s,Spain,EU_Major
Pedro León,https://fbref.com/en/players/d66b9872/Pedro-Leon,https://www.transfermarkt.com/pedro-leon/profil/spieler/51587,Spain,22,No,NA,38,18,2004,6,556,69,470,470,0,right,Attack,1.83,18,1.83,2004,0,right,0,"[18,21)","(1.78,1.83]","(3,8]",2000s,Spain,EU_Major
Pedro Martín,https://fbref.com/en/players/99ee29b5/Pedro-Martin,https://www.transfermarkt.com/pedro-martin/profil/spieler/192585,Spain,13,Yes,33,33,20,2011,2,99,11,159,159,0,right,Attack,1.89,20,1.89,2011,0,right,1,"[18,21)","(1.83,2]","[1,3]",2010s,Spain,EU_Major
Pedro Morales,https://fbref.com/en/players/ff840341/Pedro-Morales,https://www.transfermarkt.com/pedro-morales/profil/spieler/75314,Chile,19,Yes,38,40,19,2008,7,166,22,199,199,0,right,Attack,1.8,19,1.8,2008,0,right,1,"[18,21)","(1.78,1.83]","(3,8]",2000s,Chile,Rest_of_World
Pedro Mosquera,https://fbref.com/en/players/c5fa58ea/Pedro-Mosquera,https://www.transfermarkt.com/pedro-mosquera/profil/spieler/44069,Spain,19,Yes,37,37,18,2006,8,581,62,353,353,0,left,Midfield,1.84,18,1.84,2006,0,left,1,"[18,21)","(1.83,2]","(3,8]",2000s,Spain,EU_Major
Pedro Munitis,https://fbref.com/en/players/61b5cd53/Pedro-Munitis,https://www.transfermarkt.com/pedro-munitis/profil/spieler/7864,Spain,18,Yes,37,50,19,1994,3,96,21,476,478,1,both,Attack,1.67,19,1.67,1994,3,both,1,"[18,21)","[1.6,1.78]","[1,3]",1990s,Spain,EU_Major
Pedro Orfila,https://fbref.com/en/players/a38c114e/Pedro-Orfila,https://www.transfermarkt.com/pedro-orfila/profil/spieler/89508,Spain,14,No,NA,37,23,2011,NA,NA,NA,118,118,0,right,Defender,1.78,23,1.78,2011,0,right,0,"[21,24)","[1.6,1.78]",NA,2010s,Spain,EU_Major
Pedro Ríos,https://fbref.com/en/players/96ef8f9f/Pedro-Rios,https://www.transfermarkt.com/pedro-rios/profil/spieler/29187,Spain,17,Yes,39,43,22,2004,3,120,19,374,374,0,right,Attack,1.75,22,1.75,2004,0,right,1,"[21,24)","[1.6,1.78]","[1,3]",2000s,Spain,EU_Major
Pepe,https://fbref.com/en/players/c906ce0f/Pepe,https://www.transfermarkt.com/pepe/profil/spieler/14132,Portugal  Brazil,23,Yes,42,42,19,2001,47,1152,226,660,783,31,right,Defender,1.87,19,1.87,2001,1.516129032,right,1,"[18,21)","(1.83,2]","(8,56]",2000s,Portugal Brazil,EU_Major
Philippe Coutinho,https://fbref.com/en/players/0ef89a37/Philippe-Coutinho,https://www.transfermarkt.com/philippe-coutinho/profil/spieler/80444,Brazil  Portugal,17,No,NA,33,17,2010,28,992,202,487,540,10,right,Attack,1.72,17,1.72,2010,2.8,right,0,"[15,18)","[1.6,1.78]","(8,56]",2010s,Brazil Portugal,EU_Major
Philippe Senderos,https://fbref.com/en/players/b1d82fc2/Philippe-Senderos,https://www.transfermarkt.com/philippe-senderos/profil/spieler/4277,Switzerland  Spain,18,Yes,35,40,17,2004,18,844,239,211,239,11,right,Defender,1.89,17,1.89,2004,1.636363636,right,1,"[15,18)","(1.83,2]","(8,56]",2000s,Switzerland Spain,EU_Major
Pierre Webó,https://fbref.com/en/players/3d6f05ea/Pierre-Webo,https://www.transfermarkt.com/pierre-webo/profil/spieler/16589,Cameroon  Spain,16,Yes,37,43,21,2002,9,270,54,417,429,5,right,Attack,1.81,21,1.81,2002,1.8,right,1,"[21,24)","(1.78,1.83]","(8,56]",2000s,Cameroon Spain,EU_Major
Piet Velthuizen,https://fbref.com/en/players/b7a7d76a/Piet-Velthuizen,https://www.transfermarkt.com/piet-velthuizen/profil/spieler/30585,Netherlands,15,Yes,35,38,20,2006,4,141,16,221,221,0,right,Goalkeeper,1.89,20,1.89,2006,0,right,1,"[18,21)","(1.83,2]","(3,8]",2000s,Netherlands,EU_Major
Piti,https://fbref.com/en/players/ab530738/Piti,https://www.transfermarkt.com/piti/profil/spieler/58076,Spain,17,Yes,40,44,23,2004,21,477,56,379,379,0,left,Attack,1.77,23,1.77,2004,0,left,1,"[21,24)","[1.6,1.78]","(8,56]",2000s,Spain,EU_Major
Pizzi,https://fbref.com/en/players/96094cbc/Pizzi,https://www.transfermarkt.com/pizzi/profil/spieler/64339,Portugal,17,No,NA,35,19,2009,4,35,6,476,491,8,right,Attack,1.77,19,1.77,2009,0.5,right,0,"[18,21)","[1.6,1.78]","(3,8]",2000s,Portugal,EU_Major
Portu,https://fbref.com/en/players/1bda5842/Portu,https://www.transfermarkt.com/portu/profil/spieler/99353,Spain,12,No,NA,33,21,2013,3,96,14,452,452,0,right,Attack,1.67,21,1.67,2013,0,right,0,"[21,24)","[1.6,1.78]","[1,3]",2010s,Spain,EU_Major
Przemysław Tytoń,https://fbref.com/en/players/1fa85681/Przemyslaw-Tyton,https://www.transfermarkt.com/przemyslaw-tyton/profil/spieler/33210,Poland,21,No,NA,38,18,2005,7,309,44,240,247,5,right,Goalkeeper,1.95,18,1.95,2005,1.4,right,0,"[18,21)","(1.83,2]","(3,8]",2000s,Poland,Rest_of_World
Quini,https://fbref.com/en/players/7a538238/Quini,https://www.transfermarkt.com/quini/profil/spieler/223053,Spain,15,No,NA,35,22,2012,5,393,54,321,321,0,right,Defender,1.78,22,1.78,2012,0,right,0,"[21,24)","[1.6,1.78]","(3,8]",2010s,Spain,EU_Major
Quique,https://fbref.com/en/players/c966fce1/Quique,https://www.transfermarkt.com/quique-gonzalez/profil/spieler/79352,Spain,16,No,NA,35,20,2014,2,44,8,301,301,0,left,Attack,1.77,20,1.77,2014,0,left,0,"[18,21)","[1.6,1.78]","[1,3]",2010s,Spain,EU_Major
Quique Rivero,https://fbref.com/en/players/0204d102/Quique-Rivero,https://www.transfermarkt.com/quique-rivero/profil/spieler/223215,Spain,14,No,NA,33,19,2011,1,7,1,58,58,0,right,Midfield,1.76,19,1.76,2011,0,right,0,"[18,21)","[1.6,1.78]","[1,3]",2010s,Spain,EU_Major
Raúl Albentosa,https://fbref.com/en/players/348e4809/Raul-Albentosa,https://www.transfermarkt.com/raul-albentosa/profil/spieler/77026,Spain,19,No,NA,36,19,2009,4,74,13,220,220,0,right,Defender,1.92,19,1.92,2009,0,right,0,"[18,21)","(1.83,2]","(3,8]",2000s,Spain,EU_Major
Raúl Albiol,https://fbref.com/en/players/4bd414c1/Raul-Albiol,https://www.transfermarkt.com/raul-albiol/profil/spieler/15452,Spain,22,No,NA,39,19,2004,10,264,71,702,735,17,right,Defender,1.9,19,1.9,2004,0.588235294,right,0,"[18,21)","(1.83,2]","(8,56]",2000s,Spain,EU_Major
Raúl Baena,https://fbref.com/en/players/df9c9276/Raul-Baena,https://www.transfermarkt.com/raul-baena/profil/spieler/74557,Spain,17,No,NA,36,20,2009,11,586,63,239,239,0,right,Midfield,1.81,20,1.81,2009,0,right,0,"[18,21)","(1.78,1.83]","(8,56]",2000s,Spain,EU_Major
Raúl Bravo,https://fbref.com/en/players/65b9e56b/Raul-Bravo,https://www.transfermarkt.com/raul-bravo/profil/spieler/3771,Spain,21,Yes,41,44,20,2001,1,23,2,255,258,1,left,Defender,1.81,20,1.81,2001,1,left,1,"[18,21)","(1.78,1.83]","[1,3]",2000s,Spain,EU_Major
Raúl Domínguez,https://fbref.com/en/players/cc2d9767/Raul-Dominguez,https://www.transfermarkt.com/raul-dominguez/profil/spieler/89477,Spain,13,Yes,37,38,24,2010,1,66,7,6,6,0,right,Goalkeeper,1.81,24,1.81,2010,0,right,1,"[24,30]","(1.78,1.83]","[1,3]",2010s,Spain,EU_Major
Raúl Fernández,https://fbref.com/en/players/6fb59070/Raul-Fernandez,https://www.transfermarkt.com/raul-fernandez/profil/spieler/54217,Spain,14,No,NA,37,23,2010,7,945,120,256,256,0,right,Goalkeeper,1.95,23,1.95,2010,0,right,0,"[21,24)","(1.83,2]","(3,8]",2010s,Spain,EU_Major
Raúl García,https://fbref.com/en/players/1a317a1b/Raul-Garcia,https://www.transfermarkt.com/raul-carnero/profil/spieler/139434,Spain,14,Yes,34,36,20,2009,6,359,42,216,216,0,left,Defender,1.79,20,1.79,2009,0,left,1,"[18,21)","(1.78,1.83]","(3,8]",2000s,Spain,EU_Major
Raúl García,https://fbref.com/en/players/b418dbd4/Raul-Garcia,https://www.transfermarkt.com/raul-garcia/profil/spieler/34601,Spain,20,Yes,38,39,18,2004,10,250,36,752,754,2,right,Attack,1.84,18,1.84,2004,5,right,1,"[18,21)","(1.83,2]","(8,56]",2000s,Spain,EU_Major
Raúl Goni,https://fbref.com/en/players/03a4a101/Raul-Goni,https://www.transfermarkt.com/raul-goni/profil/spieler/61869,Spain,9,Yes,28,36,19,2007,3,440,70,45,45,0,right,Defender,1.87,19,1.87,2007,0,right,1,"[18,21)","(1.83,2]","[1,3]",2000s,Spain,EU_Major
Raúl Jiménez,https://fbref.com/en/players/b561db50/Raul-Jimenez,https://www.transfermarkt.com/raul-jimenez/profil/spieler/206040,Mexico,14,No,NA,34,21,2011,12,488,86,444,535,21,right,Attack,1.87,21,1.87,2011,0.571428571,right,0,"[21,24)","(1.83,2]","(8,56]",2010s,Mexico,Rest_of_World
Raúl Navas,https://fbref.com/en/players/ad178594/Raul-Navas,https://www.transfermarkt.com/raul-navas/profil/spieler/142419,Spain,17,No,NA,37,21,2008,8,692,72,242,242,0,right,Defender,1.87,21,1.87,2008,0,right,0,"[21,24)","(1.83,2]","(3,8]",2000s,Spain,EU_Major
Raúl Rodríguez,https://fbref.com/en/players/815a6c71/Raul-Rodriguez,https://www.transfermarkt.com/raul-rodriguez/profil/spieler/72935,Spain,10,Yes,33,37,23,2010,2,32,6,134,134,0,right,Defender,1.85,23,1.85,2010,0,right,1,"[21,24)","(1.83,2]","[1,3]",2010s,Spain,EU_Major
Raúl Tamudo,https://fbref.com/en/players/c026089c/Raul-Tamudo,https://www.transfermarkt.com/raul-tamudo/profil/spieler/7899,Spain,19,Yes,38,47,19,1996,4,200,33,462,467,2,right,Attack,1.78,19,1.78,1996,2,right,1,"[18,21)","[1.6,1.78]","(3,8]",1990s,Spain,EU_Major
Radamel Falcao,https://fbref.com/en/players/66116290/Radamel-Falcao,https://www.transfermarkt.com/radamel-falcao/profil/spieler/39152,Colombia  Venezuela,21,No,NA,39,19,2009,35,1480,283,480,531,11,right,Attack,1.77,19,1.77,2009,3.181818182,right,0,"[18,21)","[1.6,1.78]","(8,56]",2000s,Colombia Venezuela,Rest_of_World
Rafa Gálvez,https://fbref.com/en/players/445ca2c1/Rafa-Galvez,https://www.transfermarkt.com/rafa-galvez/profil/spieler/288454,Spain,12,No,NA,32,20,2013,NA,NA,NA,92,92,0,left,Defender,1.9,20,1.9,2013,0,left,0,"[18,21)","(1.83,2]",NA,2010s,Spain,EU_Major
Rafa García,https://fbref.com/en/players/bebdff6f/Rafa-Garcia,https://www.transfermarkt.com/rafa-garcia/profil/spieler/126015,Spain,15,Yes,38,39,23,2009,1,19,2,135,135,0,right,Midfield,1.9,23,1.9,2009,0,right,1,"[21,24)","(1.83,2]","[1,3]",2000s,Spain,EU_Major
Rafa Jordà,https://fbref.com/en/players/05e805eb/Rafa-Jorda,https://www.transfermarkt.com/rafa-jorda/profil/spieler/51578,Spain,14,Yes,34,41,20,2004,2,63,9,117,117,0,right,Attack,1.92,20,1.92,2004,0,right,1,"[18,21)","(1.83,2]","[1,3]",2000s,Spain,EU_Major
Rafael Martins,https://fbref.com/en/players/b7e1c3b5/Rafael-Martins,https://www.transfermarkt.com/rafael-martins/profil/spieler/99499,Brazil,15,No,NA,36,21,2013,5,87,14,203,203,0,right,Attack,1.77,21,1.77,2013,0,right,0,"[21,24)","[1.6,1.78]","(3,8]",2010s,Brazil,South_America
Rafel Sastre,https://fbref.com/en/players/477fc284/Rafel-Sastre,https://www.transfermarkt.com/rafael-sastre/profil/spieler/57841,Spain,16,Yes,38,49,22,2001,1,22,3,331,331,0,right,Defender,1.76,22,1.76,2001,0,right,1,"[21,24)","[1.6,1.78]","[1,3]",2000s,Spain,EU_Major
Rafinha,https://fbref.com/en/players/0c2ac3cb/Rafinha,https://www.transfermarkt.com/rafinha/profil/spieler/129473,Brazil  Spain,16,No,NA,32,17,2010,21,887,152,312,314,2,left,Attack,1.74,17,1.74,2010,10.5,left,0,"[15,18)","[1.6,1.78]","(8,56]",2010s,Brazil Spain,EU_Major
Rafita,https://fbref.com/en/players/631f177b/Rafita,https://www.transfermarkt.com/rafita/profil/spieler/35546,Spain,20,No,NA,42,23,2005,3,88,13,234,234,0,right,Defender,1.75,23,1.75,2005,0,right,0,"[21,24)","[1.6,1.78]","[1,3]",2000s,Spain,EU_Major
Răzvan Raț,https://fbref.com/en/players/0a0ee36e/Razvan-Rat,https://www.transfermarkt.com/razvan-rat/profil/spieler/14940,Romania,16,Yes,37,44,21,2003,5,215,39,339,406,12,left,Defender,1.79,21,1.79,2003,0.416666667,left,1,"[21,24)","(1.78,1.83]","(3,8]",2000s,Romania,Rest_of_World
Ramón Arcas,https://fbref.com/en/players/40fc30d6/Ramon-Arcas,https://www.transfermarkt.com/ramon-arcas/profil/spieler/85767,Spain  Venezuela,16,No,NA,34,19,2010,NA,NA,NA,37,37,0,NA,Midfield,1.83,19,1.83,2010,0,unknown,0,"[18,21)","(1.78,1.83]",NA,2010s,Spain Venezuela,EU_Major
Ramon Azeez,https://fbref.com/en/players/0cc474e7/Ramon-Azeez,https://www.transfermarkt.com/ramon-azeez/profil/spieler/131667,Nigeria,15,No,NA,32,19,2012,4,126,21,188,193,4,right,Midfield,1.7,19,1.7,2012,1,right,0,"[18,21)","[1.6,1.78]","(3,8]",2010s,Nigeria,Rest_of_World
Rúben Micael,https://fbref.com/en/players/107c6fbd/Ruben-Micael,https://www.transfermarkt.com/ruben-micael/profil/spieler/84491,Portugal,13,Yes,35,38,22,2008,7,172,25,295,304,3,right,Midfield,1.76,22,1.76,2008,2.333333333,right,1,"[21,24)","[1.6,1.78]","(3,8]",2000s,Portugal,EU_Major
Rúben Vezo,https://fbref.com/en/players/c67cd65c/Ruben-Vezo,https://www.transfermarkt.com/ruben-vezo/profil/spieler/257851,Portugal  Cape Verde,12,No,NA,31,19,2013,7,261,41,306,306,0,right,Defender,1.82,19,1.82,2013,0,right,0,"[18,21)","(1.78,1.83]","(3,8]",2010s,Portugal Cape Verde,EU_Major
Rúper,https://fbref.com/en/players/570c4db3/Ruper,https://www.transfermarkt.com/ruper/profil/spieler/63012,Spain,17,Yes,38,38,21,2008,2,173,25,200,200,0,right,Midfield,1.82,21,1.82,2008,0,right,1,"[21,24)","(1.78,1.83]","[1,3]",2000s,Spain,EU_Major
Raoul Loé,https://fbref.com/en/players/afcf961b/Raoul-Loe,https://www.transfermarkt.com/raoul-loe/profil/spieler/134098,Cameroon  France,12,Yes,35,36,23,2011,2,64,11,115,122,6,both,Midfield,1.92,23,1.92,2011,0.333333333,both,1,"[21,24)","(1.83,2]","[1,3]",2010s,Cameroon France,EU_Major
Raphaël Varane,https://fbref.com/en/players/9f8e9423/Raphael-Varane,https://www.transfermarkt.com/raphael-varane/profil/spieler/164770,France  Martinique,14,Yes,31,32,17,2010,27,827,139,459,551,20,right,Defender,1.91,17,1.91,2010,1.35,right,1,"[15,18)","(1.83,2]","(8,56]",2010s,France Martinique,EU_Major
Raul Rusescu,https://fbref.com/en/players/7aa898b3/Raul-Rusescu,https://www.transfermarkt.com/raul-rusescu/profil/spieler/81433,Romania,15,Yes,35,37,20,2008,3,71,15,304,314,5,right,Attack,1.81,20,1.81,2008,0.6,right,1,"[18,21)","(1.78,1.83]","[1,3]",2000s,Romania,Rest_of_World
Rayco García Dauta,https://fbref.com/en/players/018ce429/Rayco-Garcia-Dauta,https://www.transfermarkt.com/rayco-garcia/profil/spieler/44063,Spain,17,Yes,36,38,19,2006,NA,NA,NA,63,63,0,right,Attack,1.73,19,1.73,2006,0,right,1,"[18,21)","[1.6,1.78]",NA,2000s,Spain,EU_Major
Recio,https://fbref.com/en/players/54073b28/Recio,https://www.transfermarkt.com/recio/profil/spieler/150948,Spain,16,No,NA,34,19,2010,14,397,54,280,280,0,right,Midfield,1.83,19,1.83,2010,0,right,0,"[18,21)","(1.78,1.83]","(8,56]",2010s,Spain,EU_Major
Renato,https://fbref.com/en/players/dc4d83fe/Renato,https://www.transfermarkt.com/renato/profil/spieler/15445,Portugal,12,Yes,34,46,22,2004,1,199,33,371,376,1,right,Defender,1.83,22,1.83,2004,1,right,1,"[21,24)","(1.78,1.83]","[1,3]",2000s,Portugal,EU_Major
Rene Krhin,https://fbref.com/en/players/9a506145/Rene-Krhin,https://www.transfermarkt.com/rene-krhin/profil/spieler/73092,Slovenia,16,No,NA,35,19,2009,8,403,71,193,232,11,right,Midfield,1.89,19,1.89,2009,0.727272727,right,0,"[18,21)","(1.83,2]","(3,8]",2000s,Slovenia,Rest_of_World
Ricardo,https://fbref.com/en/players/2fe713ed/Ricardo,https://www.transfermarkt.com/ricardo/profil/spieler/3535,Spain,17,Yes,42,53,25,1996,NA,NA,NA,297,297,0,left,Goalkeeper,1.87,25,1.87,1996,0,left,1,"[24,30]","(1.83,2]",NA,1990s,Spain,EU_Major
Ricardo Carvalho,https://fbref.com/en/players/57e7081e/Ricardo-Carvalho,https://www.transfermarkt.com/ricardo-carvalho/profil/spieler/9828,Portugal,21,Yes,40,47,19,2000,10,286,68,483,546,13,right,Defender,1.82,19,1.82,2000,0.769230769,right,1,"[18,21)","(1.78,1.83]","(8,56]",2000s,Portugal,EU_Major
Ricardo Costa,https://fbref.com/en/players/cd7325e1/Ricardo-Costa,https://www.transfermarkt.com/ricardo-costa/profil/spieler/9819,Portugal,19,Yes,39,44,20,2000,9,282,59,433,444,10,right,Defender,1.84,20,1.84,2000,0.9,right,1,"[18,21)","(1.83,2]","(8,56]",2000s,Portugal,EU_Major
Ricardo Horta,https://fbref.com/en/players/6603fed7/Ricardo-Horta,https://www.transfermarkt.com/ricardo-horta/profil/spieler/261927,Portugal,13,No,NA,30,18,2012,7,106,20,443,455,5,right,Attack,1.73,18,1.73,2012,1.4,right,0,"[18,21)","[1.6,1.78]","(3,8]",2010s,Portugal,EU_Major
Ricardo León Brito,https://fbref.com/en/players/186c0d18/Ricardo-Leon-Brito,https://www.transfermarkt.com/ricardo-leon/profil/spieler/51516,Spain,11,Yes,33,42,22,2005,3,102,12,245,245,0,right,Midfield,1.86,22,1.86,2005,0,right,1,"[21,24)","(1.83,2]","[1,3]",2000s,Spain,EU_Major
Richard Boateng,https://fbref.com/en/players/788acb37/Richard-Boateng,https://www.transfermarkt.com/richard-boateng/profil/spieler/198400,Ghana  Spain,12,Yes,33,33,21,2013,3,370,9,120,120,0,right,Midfield,1.8,21,1.8,2013,0,right,1,"[21,24)","(1.78,1.83]","[1,3]",2010s,Ghana Spain,EU_Major
Richmond Boakye,https://fbref.com/en/players/27f0fcda/Richmond-Boakye,https://www.transfermarkt.com/richmond-boakye/profil/spieler/119213,Ghana,16,No,NA,32,17,2009,8,307,50,282,296,8,right,Attack,1.86,17,1.86,2009,1,right,0,"[15,18)","(1.83,2]","(3,8]",2000s,Ghana,Rest_of_World
Riki,https://fbref.com/en/players/ab21507f/Riki,https://www.transfermarkt.com/riki/profil/spieler/23102,Spain,12,Yes,36,44,24,2004,13,315,51,306,306,0,left,Attack,1.87,24,1.87,2004,0,left,1,"[24,30]","(1.83,2]","(8,56]",2000s,Spain,EU_Major
Rober Correa,https://fbref.com/en/players/46bd3a5b/Rober-Correa,https://www.transfermarkt.com/rober-correa/profil/spieler/223890,Spain,14,No,NA,32,19,2011,5,188,27,200,200,0,right,Defender,1.8,19,1.8,2011,0,right,0,"[18,21)","(1.78,1.83]","(3,8]",2010s,Spain,EU_Major
Robert Acquafresca,https://fbref.com/en/players/d2b115ae/Robert-Acquafresca,https://www.transfermarkt.com/robert-acquafresca/profil/spieler/35703,Italy  Poland,15,Yes,33,37,18,2005,8,314,68,289,289,0,right,Attack,1.85,18,1.85,2005,0,right,1,"[18,21)","(1.83,2]","(3,8]",2000s,Italy Poland,EU_Major
Robert Ibáñez,https://fbref.com/en/players/c7429db3/Robert-Ibanez,https://www.transfermarkt.com/rober-ibanez/profil/spieler/242532,Spain,12,No,NA,32,21,2014,11,673,88,206,206,0,right,Attack,1.75,21,1.75,2014,0,right,0,"[21,24)","[1.6,1.78]","(8,56]",2010s,Spain,EU_Major
Roberto,https://fbref.com/en/players/95cf42ac/Roberto,https://www.transfermarkt.com/roberto-fernandez/profil/spieler/57800,Spain,15,Yes,39,46,24,2002,4,87,11,384,384,0,right,Goalkeeper,1.81,24,1.81,2002,0,right,1,"[24,30]","(1.78,1.83]","(3,8]",2000s,Spain,EU_Major
Roberto,https://fbref.com/en/players/ba3ca78f/Roberto,https://www.transfermarkt.com/roberto/profil/spieler/37403,Spain,17,Yes,36,39,19,2005,9,221,35,374,374,0,right,Goalkeeper,1.92,19,1.92,2005,0,right,1,"[18,21)","(1.83,2]","(8,56]",2000s,Spain,EU_Major
Roberto Canella,https://fbref.com/en/players/18c74b8d/Roberto-Canella,https://www.transfermarkt.com/roberto-canella/profil/spieler/57785,Spain,17,Yes,35,37,18,2006,4,138,20,394,394,0,left,Defender,1.79,18,1.79,2006,0,left,1,"[18,21)","(1.78,1.83]","(3,8]",2000s,Spain,EU_Major
Roberto Chen,https://fbref.com/en/players/55bff95f/Roberto-Chen,https://www.transfermarkt.com/roberto-chen/profil/spieler/189525,Panama,13,No,NA,31,18,2013,2,210,42,10,24,7,NA,Defender,1.82,18,1.82,2013,0.285714286,unknown,0,"[18,21)","(1.78,1.83]","[1,3]",2010s,Panama,Rest_of_World
Roberto Lago,https://fbref.com/en/players/98e0ad35/Roberto-Lago,https://www.transfermarkt.com/roberto-lago/profil/spieler/17491,Spain,12,Yes,33,39,21,2007,3,124,18,261,261,0,left,Defender,1.78,21,1.78,2007,0,left,1,"[21,24)","[1.6,1.78]","[1,3]",2000s,Spain,EU_Major
Roberto Rosales,https://fbref.com/en/players/81069528/Roberto-Rosales,https://www.transfermarkt.com/roberto-rosales/profil/spieler/49500,Venezuela  Spain,19,No,NA,36,18,2007,8,268,39,490,531,12,right,Defender,1.74,18,1.74,2007,0.666666667,right,0,"[18,21)","[1.6,1.78]","(3,8]",2000s,Venezuela Spain,EU_Major
Roberto Soldado,https://fbref.com/en/players/9d66fbe3/Roberto-Soldado,https://www.transfermarkt.com/roberto-soldado/profil/spieler/34870,Spain,18,Yes,38,40,20,2005,15,478,89,574,579,3,right,Attack,1.8,20,1.8,2005,5,right,1,"[18,21)","(1.78,1.83]","(8,56]",2000s,Spain,EU_Major
Roberto Torres,https://fbref.com/en/players/d733aa38/Roberto-Torres,https://www.transfermarkt.com/roberto-torres/profil/spieler/63056,Spain,14,No,NA,36,22,2011,4,108,7,370,370,0,right,Attack,1.78,22,1.78,2011,0,right,0,"[21,24)","[1.6,1.78]","(3,8]",2010s,Spain,EU_Major
Roberto Trashorras,https://fbref.com/en/players/5252fdf5/Roberto-Trashorras,https://www.transfermarkt.com/roberto-trashorras/profil/spieler/7923,Spain,17,Yes,37,44,20,2001,1,15,2,397,397,0,right,Midfield,1.77,20,1.77,2001,0,right,1,"[18,21)","[1.6,1.78]","[1,3]",2000s,Spain,EU_Major
Roderick Miranda,https://fbref.com/en/players/390ab439/Roderick-Miranda,https://www.transfermarkt.com/roderick-miranda/profil/spieler/87856,Portugal  Brazil,15,No,NA,34,19,2010,5,288,33,269,269,0,right,Defender,1.93,19,1.93,2010,0,right,0,"[18,21)","(1.83,2]","(3,8]",2010s,Portugal Brazil,EU_Major
Rodolfo Bodipo,https://fbref.com/en/players/6cf2bc0e/Rodolfo-Bodipo,https://www.transfermarkt.com/rodolfo-bodipo/profil/spieler/7867,Equatorial Guinea  Spain,15,Yes,36,47,21,2001,4,101,20,267,269,2,right,Attack,1.84,21,1.84,2001,2,right,1,"[21,24)","(1.83,2]","(3,8]",2000s,Equatorial Guinea Spain,EU_Major
Rodri,https://fbref.com/en/players/5200dce9/Rodri,https://www.transfermarkt.com/rodri-rios/profil/spieler/117549,Spain,17,No,NA,35,19,2009,3,193,24,307,307,0,right,Attack,1.74,19,1.74,2009,0,right,0,"[18,21)","[1.6,1.78]","[1,3]",2000s,Spain,EU_Major
Rodri,https://fbref.com/en/players/7fa4aa89/Rodri,https://www.transfermarkt.com/rodri/profil/spieler/8163,Spain,15,Yes,35,40,20,2004,4,576,75,153,153,0,right,Defender,1.85,20,1.85,2004,0,right,1,"[18,21)","(1.83,2]","(3,8]",2000s,Spain,EU_Major
Rodrigo,https://fbref.com/en/players/1fb1c435/Rodrigo,https://www.transfermarkt.com/rodrigo/profil/spieler/131505,Spain  Brazil,12,No,NA,34,23,2010,19,618,105,431,459,11,left,Attack,1.82,23,1.82,2010,1.727272727,left,0,"[21,24)","(1.78,1.83]","(8,56]",2010s,Spain Brazil,EU_Major
Rodrigo De Paul,https://fbref.com/en/players/162efffd/Rodrigo-De-Paul,https://www.transfermarkt.com/rodrigo-de-paul/profil/spieler/255901,Argentina  Italy,13,No,NA,31,18,2014,1,18,4,445,509,9,right,Midfield,1.8,18,1.8,2014,0.111111111,right,0,"[18,21)","(1.78,1.83]","[1,3]",2010s,Argentina Italy,EU_Major
Rodrigo Galatto,https://fbref.com/en/players/a68754f0/Rodrigo-Galatto,https://www.transfermarkt.com/galatto/profil/spieler/52311,Brazil  Italy,11,Yes,34,42,23,2009,NA,NA,NA,22,22,0,left,Goalkeeper,1.93,23,1.93,2009,0,left,1,"[21,24)","(1.83,2]",NA,2000s,Brazil Italy,EU_Major
Roger Martí,https://fbref.com/en/players/0ae4e09a/Roger-Marti,https://www.transfermarkt.com/roger-marti/profil/spieler/212391,Spain,14,No,NA,34,21,2011,4,397,54,379,379,0,right,Attack,1.79,21,1.79,2011,0,right,0,"[21,24)","(1.78,1.83]","(3,8]",2010s,Spain,EU_Major
Roland Lamah,https://fbref.com/en/players/336a36fb/Roland-Lamah,https://www.transfermarkt.com/roland-lamah/profil/spieler/35035,Belgium  Cote d'Ivoire,18,Yes,34,37,16,2006,1,6,1,349,352,1,left,Attack,1.8,16,1.8,2006,1,left,1,"[15,18)","(1.78,1.83]","[1,3]",2000s,Belgium Cote d'Ivoire,EU_Major
Romaric,https://fbref.com/en/players/9bb5c5e0/Romaric,https://www.transfermarkt.com/romaric/profil/spieler/15808,Cote d'Ivoire,14,Yes,34,42,20,2003,1,29,7,348,359,5,left,Midfield,1.87,20,1.87,2003,0.2,left,1,"[18,21)","(1.83,2]","[1,3]",2000s,Cote d'Ivoire,Rest_of_World
Roque Santa Cruz,https://fbref.com/en/players/7f2107eb/Roque-Santa-Cruz,https://www.transfermarkt.com/roque-santa-cruz/profil/spieler/215,Paraguay  Spain,26,No,NA,43,18,1999,15,696,110,775,800,7,right,Attack,1.93,18,1.93,1999,2.142857143,right,0,"[18,21)","(1.83,2]","(8,56]",1990s,Paraguay Spain,EU_Major
Rovérsio,https://fbref.com/en/players/ba50a22c/Roversio,https://www.transfermarkt.com/roversio/profil/spieler/25110,Brazil  Portugal,13,Yes,33,41,20,2002,6,380,53,193,193,0,right,Defender,1.87,20,1.87,2002,0,right,1,"[18,21)","(1.83,2]","(3,8]",2000s,Brazil Portugal,EU_Major
Royston Drenthe,https://fbref.com/en/players/3d512ff2/Royston-Drenthe,https://www.transfermarkt.com/royston-drenthe/profil/spieler/35631,Netherlands  Suriname,18,Yes,36,38,18,2005,6,110,20,215,215,0,left,Midfield,1.67,18,1.67,2005,0,left,1,"[18,21)","[1.6,1.78]","(3,8]",2000s,Netherlands Suriname,EU_Major
Rubén,https://fbref.com/en/players/24279b8b/Ruben,https://www.transfermarkt.com/ruben-martinez/profil/spieler/8184,Spain,19,Yes,39,41,20,2004,6,458,70,252,252,0,right,Goalkeeper,1.87,20,1.87,2004,0,right,1,"[18,21)","(1.83,2]","(3,8]",2000s,Spain,EU_Major
Rubén Blanco,https://fbref.com/en/players/967f34d3/Ruben-Blanco,https://www.transfermarkt.com/ruben-blanco/profil/spieler/199321,Spain,13,No,NA,30,17,2012,13,724,92,151,151,0,right,Goalkeeper,1.88,17,1.88,2012,0,right,0,"[15,18)","(1.83,2]","(8,56]",2010s,Spain,EU_Major
Rubén Castro,https://fbref.com/en/players/d109f62b/Ruben-Castro,https://www.transfermarkt.com/ruben-castro/profil/spieler/25316,Spain,23,Yes,42,44,19,2000,3,178,27,742,742,0,right,Attack,1.69,19,1.69,2000,0,right,1,"[18,21)","[1.6,1.78]","[1,3]",2000s,Spain,EU_Major
Rubén Duarte,https://fbref.com/en/players/1fe0492d/Ruben-Duarte,https://www.transfermarkt.com/ruben-duarte/profil/spieler/177046,Spain,11,No,NA,29,19,2014,8,152,16,323,323,0,left,Defender,1.82,19,1.82,2014,0,left,0,"[18,21)","(1.78,1.83]","(3,8]",2010s,Spain,EU_Major
Rubén García,https://fbref.com/en/players/5c96b017/Ruben-Garcia,https://www.transfermarkt.com/ruben-garcia/profil/spieler/213260,Spain,13,No,NA,32,19,2012,15,301,37,448,448,0,left,Attack,1.72,19,1.72,2012,0,left,0,"[18,21)","[1.6,1.78]","(8,56]",2010s,Spain,EU_Major
Rubén Miño,https://fbref.com/en/players/60afe7a3/Ruben-Mino,https://www.transfermarkt.com/ruben-mino/profil/spieler/65266,Spain,16,No,NA,36,21,2010,7,539,67,104,104,0,right,Goalkeeper,1.91,21,1.91,2010,0,right,0,"[21,24)","(1.83,2]","(3,8]",2010s,Spain,EU_Major
Rubén Pérez,https://fbref.com/en/players/3c7bc9bd/Ruben-Perez,https://www.transfermarkt.com/ruben-perez/profil/spieler/113045,Spain,15,No,NA,36,21,2009,4,111,14,413,413,0,right,Midfield,1.78,21,1.78,2009,0,right,0,"[21,24)","[1.6,1.78]","(3,8]",2000s,Spain,EU_Major
Rubén Pardo,https://fbref.com/en/players/2306bfde/Ruben-Pardo,https://www.transfermarkt.com/ruben-pardo/profil/spieler/99352,Spain,14,No,NA,32,19,2011,14,424,64,336,336,0,right,Midfield,1.82,19,1.82,2011,0,right,0,"[18,21)","(1.78,1.83]","(8,56]",2010s,Spain,EU_Major
Rubén Peña,https://fbref.com/en/players/1f079188/Ruben-Pena,https://www.transfermarkt.com/ruben-pena/profil/spieler/238868,Spain,13,No,NA,34,21,2012,11,431,53,326,326,0,right,Defender,1.7,21,1.7,2012,0,right,0,"[21,24)","[1.6,1.78]","(8,56]",2010s,Spain,EU_Major
Rubén Rochina,https://fbref.com/en/players/ecd8c01e/Ruben-Rochina,https://www.transfermarkt.com/ruben-rochina/profil/spieler/67548,Spain,15,No,NA,34,19,2010,12,396,60,293,293,0,left,Attack,1.82,19,1.82,2010,0,left,0,"[18,21)","(1.78,1.83]","(8,56]",2010s,Spain,EU_Major
Rubén Suárez,https://fbref.com/en/players/addc6eca/Ruben-Suarez,https://www.transfermarkt.com/ruben-suarez/profil/spieler/29193,Spain,20,Yes,39,46,19,2002,NA,NA,NA,310,310,0,left,Attack,1.68,19,1.68,2002,0,left,1,"[18,21)","[1.6,1.78]",NA,2000s,Spain,EU_Major
Rui Fonte,https://fbref.com/en/players/6ff8ef56/Rui-Fonte,https://www.transfermarkt.com/rui-fonte/profil/spieler/9335,Portugal,17,Yes,35,35,18,2008,13,1025,241,256,256,0,right,Attack,1.81,18,1.81,2008,0,right,1,"[18,21)","(1.78,1.83]","(8,56]",2000s,Portugal,EU_Major
Ruud van Nistelrooy,https://fbref.com/en/players/80a30989/Ruud-van-Nistelrooy,https://www.transfermarkt.com/ruud-van-nistelrooy/profil/spieler/3407,Netherlands,16,Yes,36,49,20,2000,11,632,121,373,403,6,right,Attack,1.89,20,1.89,2000,1.833333333,right,1,"[18,21)","(1.83,2]","(8,56]",2000s,Netherlands,EU_Major
Ryder Matos,https://fbref.com/en/players/7280b54f/Ryder-Matos,https://www.transfermarkt.com/ryder-matos/profil/spieler/62713,Brazil  Italy,13,No,NA,32,19,2013,9,205,34,233,233,0,right,Attack,1.82,19,1.82,2013,0,right,0,"[18,21)","(1.78,1.83]","(8,56]",2010s,Brazil Italy,EU_Major
Saïd Boutahar,https://fbref.com/en/players/2a33b1a7/Said-Boutahar,https://www.transfermarkt.com/said-boutahar/profil/spieler/17993,Netherlands  Morocco,14,Yes,33,42,19,2001,NA,NA,NA,262,262,0,left,Attack,1.72,19,1.72,2001,0,left,1,"[18,21)","[1.6,1.78]",NA,2000s,Netherlands Morocco,EU_Major
Saúl,https://fbref.com/en/players/a4a317b2/Saul,https://www.transfermarkt.com/saul/profil/spieler/56130,Spain,9,Yes,29,40,20,2005,4,354,46,175,175,0,right,Attack,1.76,20,1.76,2005,0,right,1,"[18,21)","[1.6,1.78]","(3,8]",2000s,Spain,EU_Major
Saúl Ñíguez,https://fbref.com/en/players/c14bc029/Saul-Niguez,https://www.transfermarkt.com/saul-niguez/profil/spieler/148928,Spain,13,No,NA,30,18,2012,10,190,37,519,538,7,left,Midfield,1.84,18,1.84,2012,1.428571429,left,0,"[18,21)","(1.83,2]","(8,56]",2010s,Spain,EU_Major
Saúl Berjón,https://fbref.com/en/players/59e3e14b/Saul-Berjon,https://www.transfermarkt.com/saul-berjon/profil/spieler/74954,Spain,15,Yes,37,39,22,2008,3,104,14,437,437,0,right,Attack,1.78,22,1.78,2008,0,right,1,"[21,24)","[1.6,1.78]","[1,3]",2000s,Spain,EU_Major
Salomón Rondón,https://fbref.com/en/players/b318a643/Salomon-Rondon,https://www.transfermarkt.com/salomon-rondon/profil/spieler/80197,Venezuela,19,No,NA,35,17,2008,3,132,26,534,609,13,right,Attack,1.89,17,1.89,2008,0.230769231,right,0,"[15,18)","(1.83,2]","[1,3]",2000s,Venezuela,Rest_of_World
Salva Sevilla,https://fbref.com/en/players/75bd85ea/Salva-Sevilla,https://www.transfermarkt.com/salva-sevilla/profil/spieler/58799,Spain,21,Yes,40,41,19,2003,6,280,30,455,455,0,right,Midfield,1.78,19,1.78,2003,0,right,1,"[18,21)","[1.6,1.78]","(3,8]",2000s,Spain,EU_Major
Salvador Agra,https://fbref.com/en/players/a130741a/Salvador-Agra,https://www.transfermarkt.com/salvador-agra/profil/spieler/155395,Portugal,17,No,NA,33,18,2011,2,25,3,361,361,0,right,Attack,1.66,18,1.66,2011,0,right,0,"[18,21)","[1.6,1.78]","[1,3]",2010s,Portugal,EU_Major
Sílvio,https://fbref.com/en/players/ec6e2549/Silvio,https://www.transfermarkt.com/silvio/profil/spieler/84511,Portugal,16,Yes,36,37,20,2008,5,422,58,190,192,2,right,Defender,1.76,20,1.76,2008,2.5,right,1,"[18,21)","[1.6,1.78]","(3,8]",2000s,Portugal,EU_Major
Sammir,https://fbref.com/en/players/4ba410e6/Sammir,https://www.transfermarkt.com/sammir/profil/spieler/45710,Croatia  Brazil,15,Yes,34,38,19,2007,2,47,9,338,344,3,right,Attack,1.78,19,1.78,2007,0.666666667,right,1,"[18,21)","[1.6,1.78]","[1,3]",2000s,Croatia Brazil,South_America
Samu Castillejo,https://fbref.com/en/players/130a7a3f/Samu-Castillejo,https://www.transfermarkt.com/samu-castillejo/profil/spieler/195171,Spain,12,No,NA,30,19,2014,19,328,61,319,319,0,left,Attack,1.82,19,1.82,2014,0,left,0,"[18,21)","(1.78,1.83]","(8,56]",2010s,Spain,EU_Major
Samu García,https://fbref.com/en/players/5f7db81a/Samu-Garcia,https://www.transfermarkt.com/samu-garcia/profil/spieler/208890,Spain,6,Yes,29,35,23,2013,8,191,29,138,138,0,right,Attack,1.77,23,1.77,2013,0,right,1,"[21,24)","[1.6,1.78]","(3,8]",2010s,Spain,EU_Major
Samu Martínez,https://fbref.com/en/players/3c0bf2d6/Samu-Martinez,https://www.transfermarkt.com/samu-martinez/profil/spieler/242827,Spain,10,No,NA,31,21,2013,NA,NA,NA,10,10,0,both,Attack,1.72,21,1.72,2013,0,both,0,"[21,24)","[1.6,1.78]",NA,2010s,Spain,EU_Major
Samuel Llorca,https://fbref.com/en/players/9c3d54f0/Samuel-Llorca,https://www.transfermarkt.com/samuel-llorca/profil/spieler/57941,Spain,13,Yes,35,40,22,2006,4,569,67,229,229,0,right,Defender,1.86,22,1.86,2006,0,right,1,"[21,24)","(1.83,2]","(3,8]",2000s,Spain,EU_Major
Samuel Sáiz,https://fbref.com/en/players/13e0eb29/Samuel-Saiz,https://www.transfermarkt.com/samu-saiz/profil/spieler/131506,Spain,14,No,NA,34,21,2011,4,129,15,302,302,0,right,Attack,1.74,21,1.74,2011,0,right,0,"[21,24)","[1.6,1.78]","(3,8]",2010s,Spain,EU_Major
Samuele Longo,https://fbref.com/en/players/1163de29/Samuele-Longo,https://www.transfermarkt.com/samuele-longo/profil/spieler/124560,Italy,14,No,NA,33,20,2011,13,469,56,292,292,0,right,Attack,1.85,20,1.85,2011,0,right,0,"[18,21)","(1.83,2]","(8,56]",2010s,Italy,EU_Major
Sandro Ramírez,https://fbref.com/en/players/833fb62e/Sandro-Ramirez,https://www.transfermarkt.com/sandro-ramirez/profil/spieler/199369,Spain,13,No,NA,30,18,2013,18,504,85,337,337,0,right,Attack,1.74,18,1.74,2013,0,right,0,"[18,21)","[1.6,1.78]","(8,56]",2010s,Spain,EU_Major
Sandro Silva,https://fbref.com/en/players/83348963/Sandro-Silva,https://www.transfermarkt.com/sandro-silva/profil/spieler/74536,Brazil,11,Yes,35,41,24,2010,1,102,22,24,24,0,right,Midfield,1.85,24,1.85,2010,0,right,1,"[24,30]","(1.83,2]","[1,3]",2010s,Brazil,South_America
Santi Cazorla,https://fbref.com/en/players/e2e9c250/Santi-Cazorla,https://www.transfermarkt.com/santi-cazorla/profil/spieler/15799,Spain,23,No,NA,40,18,2003,9,1003,194,608,660,12,both,Midfield,1.68,18,1.68,2003,0.75,both,0,"[18,21)","[1.6,1.78]","(8,56]",2000s,Spain,EU_Major
Santi Mina,https://fbref.com/en/players/0b90bb97/Santi-Mina,https://www.transfermarkt.com/santi-mina/profil/spieler/255653,Spain,11,Yes,28,29,17,2012,7,150,17,337,337,0,right,Attack,1.81,17,1.81,2012,0,right,1,"[15,18)","(1.78,1.83]","(3,8]",2010s,Spain,EU_Major
Santiago Acasiete,https://fbref.com/en/players/39168d69/Santiago-Acasiete,https://www.transfermarkt.com/santiago-acasiete/profil/spieler/30563,Peru  Spain,12,Yes,38,47,26,2004,1,20,3,200,204,1,right,Defender,1.82,26,1.82,2004,1,right,1,"[24,30]","(1.78,1.83]","[1,3]",2000s,Peru Spain,EU_Major
Seba Fernández,https://fbref.com/en/players/8ea14d54/Seba-Fernandez,https://www.transfermarkt.com/sebastian-fernandez/profil/spieler/64545,Uruguay  Spain,19,No,NA,40,22,2010,4,252,41,473,475,2,right,Attack,1.71,22,1.71,2010,2,right,0,"[21,24)","[1.6,1.78]","(3,8]",2010s,Uruguay Spain,EU_Major
Sebastián Cristóforo,https://fbref.com/en/players/3c05c659/Sebastian-Cristoforo,https://www.transfermarkt.com/sebastian-cristoforo/profil/spieler/188157,Uruguay  Italy,15,No,NA,31,17,2013,5,502,84,252,252,0,right,Midfield,1.75,17,1.75,2013,0,right,0,"[15,18)","[1.6,1.78]","(3,8]",2010s,Uruguay Italy,EU_Major
Sebastián Dubarbier,https://fbref.com/en/players/83877c7c/Sebastian-Dubarbier,https://www.transfermarkt.com/sebastian-dubarbier/profil/spieler/55866,Argentina  France,14,Yes,34,39,20,2007,3,164,15,295,295,0,left,Defender,1.77,20,1.77,2007,0,left,1,"[18,21)","[1.6,1.78]","[1,3]",2000s,Argentina France,EU_Major
Sebastián Eguren,https://fbref.com/en/players/de07ca1e/Sebastian-Eguren,https://www.transfermarkt.com/sebastian-eguren/profil/spieler/35590,Uruguay  Sweden,11,Yes,35,44,24,2005,1,25,6,205,209,3,right,Midfield,1.86,24,1.86,2005,0.333333333,right,1,"[24,30]","(1.83,2]","[1,3]",2000s,Uruguay Sweden,South_America
Sendoa Agirre,https://fbref.com/en/players/0437c448/Sendoa-Agirre,https://www.transfermarkt.com/sendoa-agirre/profil/spieler/57960,Spain,14,Yes,38,49,24,2006,NA,NA,NA,166,166,0,left,Attack,1.76,24,1.76,2006,0,left,1,"[24,30]","[1.6,1.78]",NA,2000s,Spain,EU_Major
Sergi Darder,https://fbref.com/en/players/070a3904/Sergi-Darder,https://www.transfermarkt.com/sergi-darder/profil/spieler/142021,Spain,13,No,NA,31,19,2013,2,13,2,466,466,0,right,Midfield,1.8,19,1.8,2013,0,right,0,"[18,21)","(1.78,1.83]","[1,3]",2010s,Spain,EU_Major
Sergi Enrich,https://fbref.com/en/players/bb4b1242/Sergi-Enrich,https://www.transfermarkt.com/sergi-enrich/profil/spieler/81988,Spain,16,No,NA,35,19,2009,3,218,22,476,476,0,right,Attack,1.83,19,1.83,2009,0,right,0,"[18,21)","(1.78,1.83]","[1,3]",2000s,Spain,EU_Major
Sergi Gómez,https://fbref.com/en/players/bc6f5f06/Sergi-Gomez,https://www.transfermarkt.com/sergi-gomez/profil/spieler/92947,Spain,15,No,NA,33,18,2010,4,54,10,423,423,0,right,Defender,1.85,18,1.85,2010,0,right,0,"[18,21)","(1.83,2]","(3,8]",2010s,Spain,EU_Major
Sergi Roberto,https://fbref.com/en/players/335fa267/Sergi-Roberto,https://www.transfermarkt.com/sergi-roberto/profil/spieler/85370,Spain,16,No,NA,33,18,2010,37,1157,204,455,466,7,right,Midfield,1.78,18,1.78,2010,5.285714286,right,0,"[18,21)","[1.6,1.78]","(8,56]",2010s,Spain,EU_Major
Sergio,https://fbref.com/en/players/6c6e9460/Sergio,https://www.transfermarkt.com/sergio-rodriguez/profil/spieler/187674,Spain,16,No,NA,32,18,2010,5,750,0,17,17,0,both,Attack,1.69,18,1.69,2010,0,both,0,"[18,21)","[1.6,1.78]","(3,8]",2010s,Spain,EU_Major
Sergio,https://fbref.com/en/players/7688c579/Sergio,https://www.transfermarkt.com/sergio-fernandez/profil/spieler/7544,Spain,17,Yes,35,48,18,1995,4,113,18,343,343,0,right,Defender,1.91,18,1.91,1995,0,right,1,"[18,21)","(1.83,2]","(3,8]",1990s,Spain,EU_Major
Sergio,https://fbref.com/en/players/c6ed9815/Sergio,https://www.transfermarkt.com/sergio/profil/spieler/7500,Spain,14,Yes,35,48,21,1995,1,75,15,467,468,1,right,Midfield,1.82,21,1.82,1995,1,right,1,"[21,24)","(1.78,1.83]","[1,3]",1990s,Spain,EU_Major
Sergio Álvarez,https://fbref.com/en/players/8875b8c9/Sergio-Alvarez,https://www.transfermarkt.com/sergio-alvarez/profil/spieler/45912,Spain,11,Yes,35,38,24,2010,3,2031,57,179,179,0,right,Goalkeeper,1.79,24,1.79,2010,0,right,1,"[24,30]","(1.78,1.83]","[1,3]",2010s,Spain,EU_Major
Sergio Álvarez,https://fbref.com/en/players/88d91621/Sergio-Alvarez,https://www.transfermarkt.com/sergio-alvarez/profil/spieler/138935,Spain,16,No,NA,33,18,2009,5,235,31,400,400,0,right,Midfield,1.83,18,1.83,2009,0,right,0,"[18,21)","(1.78,1.83]","(3,8]",2000s,Spain,EU_Major
Sergio Abad Beyxer,https://fbref.com/en/players/30f729b3/Sergio-Abad-Beyxer,https://www.transfermarkt.com/mono/profil/spieler/170741,Spain,8,Yes,29,36,21,2010,NA,NA,NA,1,1,0,both,Attack,1.76,21,1.76,2010,0,both,1,"[21,24)","[1.6,1.78]",NA,2010s,Spain,EU_Major
Sergio Agüero,https://fbref.com/en/players/4d034881/Sergio-Aguero,https://www.transfermarkt.com/sergio-aguero/profil/spieler/26399,Argentina  Spain,18,Yes,33,37,15,2006,27,750,141,588,629,12,right,Attack,1.73,15,1.73,2006,2.25,right,1,"[15,18)","[1.6,1.78]","(8,56]",2000s,Argentina Spain,EU_Major
Sergio Asenjo,https://fbref.com/en/players/9f0ea33f/Sergio-Asenjo,https://www.transfermarkt.com/sergio-asenjo/profil/spieler/51710,Spain,16,Yes,34,36,18,2007,9,1079,168,353,354,4,right,Goalkeeper,1.89,18,1.89,2007,2.25,right,1,"[18,21)","(1.83,2]","(8,56]",2000s,Spain,EU_Major
Sergio Ballesteros,https://fbref.com/en/players/29863c56/Sergio-Ballesteros,https://www.transfermarkt.com/sergio-ballesteros/profil/spieler/7828,Spain,18,Yes,38,49,20,1995,NA,NA,NA,494,494,0,right,Defender,1.88,20,1.88,1995,0,right,1,"[18,21)","(1.83,2]",NA,1990s,Spain,EU_Major
Sergio Busquets,https://fbref.com/en/players/5ab0ea87/Sergio-Busquets,https://www.transfermarkt.com/sergio-busquets/profil/spieler/65230,Spain,17,No,NA,37,20,2008,18,163,30,780,897,26,right,Midfield,1.89,20,1.89,2008,0.692307692,right,0,"[18,21)","(1.83,2]","(8,56]",2000s,Spain,EU_Major
Sergio Canales,https://fbref.com/en/players/a6de370d/Sergio-Canales,https://www.transfermarkt.com/sergio-canales/profil/spieler/66106,Spain,18,No,NA,34,17,2008,18,922,162,545,556,5,left,Attack,1.78,17,1.78,2008,3.6,left,0,"[15,18)","[1.6,1.78]","(8,56]",2000s,Spain,EU_Major
Sergio Escudero,https://fbref.com/en/players/b0616e3d/Sergio-Escudero,https://www.transfermarkt.com/sergio-escudero/profil/spieler/93935,Spain,18,No,NA,35,19,2008,18,551,98,388,388,0,left,Defender,1.76,19,1.76,2008,0,left,0,"[18,21)","[1.6,1.78]","(8,56]",2000s,Spain,EU_Major
Sergio García,https://fbref.com/en/players/2bee98fd/Sergio-Garcia,https://www.transfermarkt.com/sergio-garcia/profil/spieler/7922,Spain,18,Yes,38,42,20,2003,15,449,89,412,413,1,right,Attack,1.74,20,1.74,2003,15,right,1,"[18,21)","[1.6,1.78]","(8,56]",2000s,Spain,EU_Major
Sergio Mantecón,https://fbref.com/en/players/71eaddb6/Sergio-Mantecon,https://www.transfermarkt.com/sergio-mantecon/profil/spieler/70890,Spain,17,Yes,37,45,20,2001,5,101,15,283,283,0,right,Midfield,1.74,20,1.74,2001,0,right,1,"[18,21)","[1.6,1.78]","(3,8]",2000s,Spain,EU_Major
Sergio Marcos,https://fbref.com/en/players/e331be23/Sergio-Marcos,https://www.transfermarkt.com/sergio-marcos/profil/spieler/126875,Spain,11,No,NA,33,23,2014,1,20,5,95,95,0,left,Midfield,1.76,23,1.76,2014,0,left,0,"[21,24)","[1.6,1.78]","[1,3]",2010s,Spain,EU_Major
Sergio Matabuena,https://fbref.com/en/players/93faf8c3/Sergio-Matabuena,https://www.transfermarkt.com/sergio-matabuena/profil/spieler/7863,Spain,10,Yes,33,46,23,2002,1,32,2,169,169,0,right,Midfield,1.85,23,1.85,2002,0,right,1,"[21,24)","(1.83,2]","[1,3]",2000s,Spain,EU_Major
Sergio Pelegrín,https://fbref.com/en/players/e360782f/Sergio-Pelegrin,https://www.transfermarkt.com/sergio-pelegrin/profil/spieler/57944,Spain,10,Yes,38,46,28,2007,5,186,25,291,291,0,left,Defender,1.85,28,1.85,2007,0,left,1,"[24,30]","(1.83,2]","(3,8]",2000s,Spain,EU_Major
Sergio Ramos,https://fbref.com/en/players/08511d65/Sergio-Ramos,https://www.transfermarkt.com/sergio-ramos/profil/spieler/25557,Spain,22,No,NA,39,17,2003,36,870,164,789,922,26,right,Defender,1.84,17,1.84,2003,1.384615385,right,0,"[15,18)","(1.83,2]","(8,56]",2000s,Spain,EU_Major
Sergio Rico,https://fbref.com/en/players/5f0241b2/Sergio-Rico,https://www.transfermarkt.com/sergio-rico/profil/spieler/207302,Spain,12,No,NA,31,21,2014,6,435,62,238,239,6,right,Goalkeeper,1.96,21,1.96,2014,1,right,0,"[21,24)","(1.83,2]","(3,8]",2010s,Spain,EU_Major
Sergio Sánchez,https://fbref.com/en/players/83a83b0a/Sergio-Sanchez,https://www.transfermarkt.com/sergio-sanchez/profil/spieler/38270,Spain,15,Yes,34,39,19,2004,14,581,101,258,258,0,right,Defender,1.85,19,1.85,2004,0,right,1,"[18,21)","(1.83,2]","(8,56]",2000s,Spain,EU_Major
Sergio Tejera,https://fbref.com/en/players/3d5734ef/Sergio-Tejera,https://www.transfermarkt.com/sergio-tejera/profil/spieler/38817,Spain,15,No,NA,35,20,2010,8,161,24,323,323,0,left,Midfield,1.8,20,1.8,2010,0,left,0,"[18,21)","(1.78,1.83]","(3,8]",2010s,Spain,EU_Major
Seydou Keita,https://fbref.com/en/players/500c4e9b/Seydou-Keita,https://www.transfermarkt.com/seydou-keita/profil/spieler/5486,Mali  France,18,Yes,37,45,19,1999,10,204,44,484,510,7,left,Midfield,1.83,19,1.83,1999,1.428571429,left,1,"[18,21)","(1.78,1.83]","(8,56]",1990s,Mali France,EU_Major
Shkodran Mustafi,https://fbref.com/en/players/3f2d59fe/Shkodran-Mustafi,https://www.transfermarkt.com/shkodran-mustafi/profil/spieler/88590,Germany  Albania,12,Yes,32,33,20,2011,21,801,121,310,330,9,right,Defender,1.84,20,1.84,2011,2.333333333,right,1,"[18,21)","(1.83,2]","(8,56]",2010s,Germany Albania,EU_Major
Sidnei,https://fbref.com/en/players/b14d0c5d/Sidnei,https://www.transfermarkt.com/sidnei/profil/spieler/27374,Brazil  Spain,19,No,NA,35,17,2008,18,410,51,289,289,0,right,Defender,1.84,17,1.84,2008,0,right,0,"[15,18)","(1.83,2]","(8,56]",2000s,Brazil Spain,EU_Major
Simão Mate Junior,https://fbref.com/en/players/68723d1f/Simao-Mate-Junior,https://www.transfermarkt.com/simao/profil/spieler/58281,Mozambique,16,Yes,35,37,19,2007,2,86,12,272,280,4,right,Midfield,1.8,19,1.8,2007,0.5,right,1,"[18,21)","(1.78,1.83]","[1,3]",2000s,Mozambique,Rest_of_World
Simão Sabrosa,https://fbref.com/en/players/76a65612/Simao-Sabrosa,https://www.transfermarkt.com/simao/profil/spieler/8019,Portugal,20,Yes,37,45,17,1999,4,45,12,538,581,7,right,Attack,1.74,17,1.74,1999,0.571428571,right,1,"[15,18)","[1.6,1.78]","(3,8]",1990s,Portugal,EU_Major
Sisi,https://fbref.com/en/players/add7ec92/Sisi,https://www.transfermarkt.com/sisi-gonzalez/profil/spieler/51713,Spain,16,Yes,35,39,19,2005,8,999,142,366,366,0,right,Attack,1.68,19,1.68,2005,0,right,1,"[18,21)","[1.6,1.78]","(3,8]",2000s,Spain,EU_Major
Sofiane Feghouli,https://fbref.com/en/players/691f64f5/Sofiane-Feghouli,https://www.transfermarkt.com/sofiane-feghouli/profil/spieler/57162,Algeria  France,19,No,NA,35,17,2008,29,769,152,428,492,20,right,Attack,1.77,17,1.77,2008,1.45,right,0,"[15,18)","[1.6,1.78]","(8,56]",2000s,Algeria France,EU_Major
Stéphane Mbia,https://fbref.com/en/players/c39d9657/Stephane-Mbia,https://www.transfermarkt.com/stephane-mbia/profil/spieler/27470,Cameroon  France,21,No,NA,39,18,2004,11,662,97,404,429,9,right,Midfield,1.89,18,1.89,2004,1.222222222,right,0,"[18,21)","(1.83,2]","(8,56]",2000s,Cameroon France,EU_Major
Stefan Babović,https://fbref.com/en/players/efb3ce2a/Stefan-Babovic,https://www.transfermarkt.com/stefan-babovic/profil/spieler/29237,Serbia,12,Yes,29,38,17,2008,1,14,4,156,157,2,left,Attack,1.8,17,1.8,2008,0.5,left,1,"[15,18)","(1.78,1.83]","[1,3]",2000s,Serbia,Rest_of_World
Stephan Andersen,https://fbref.com/en/players/314c2af0/Stephan-Andersen,https://www.transfermarkt.com/stephan-andersen/profil/spieler/17880,Denmark,21,Yes,42,43,21,2003,6,545,78,336,353,11,right,Goalkeeper,1.88,21,1.88,2003,0.545454545,right,1,"[21,24)","(1.83,2]","(3,8]",2000s,Denmark,Rest_of_World
Stole Dimitrievski,https://fbref.com/en/players/fc70e345/Stole-Dimitrievski,https://www.transfermarkt.com/stole-dimitrievski/profil/spieler/165467,North Macedonia  Spain,16,No,NA,31,16,2014,1,13,2,251,335,20,right,Goalkeeper,1.88,16,1.88,2014,0.05,right,0,"[15,18)","(1.83,2]","[1,3]",2010s,North Macedonia Spain,EU_Major
Sulayman Marreh,https://fbref.com/en/players/44b49036/Sulayman-Marreh,https://www.transfermarkt.com/sulayman-marreh/profil/spieler/264046,The Gambia,12,No,NA,29,18,2014,7,126,20,86,116,14,right,Midfield,1.84,18,1.84,2014,0.5,right,0,"[18,21)","(1.83,2]","(3,8]",2010s,The Gambia,Rest_of_World
Suso,https://fbref.com/en/players/4e219ad2/Suso,https://www.transfermarkt.com/suso/profil/spieler/111961,Spain,14,No,NA,31,18,2012,14,421,82,404,409,5,left,Attack,1.77,18,1.77,2012,2.8,left,0,"[18,21)","[1.6,1.78]","(8,56]",2010s,Spain,EU_Major
Tarsicio Aguado,https://fbref.com/en/players/345ebb78/Tarsicio-Aguado,https://www.transfermarkt.com/tarsi-aguado/profil/spieler/249459,Spain,13,No,NA,30,18,2012,NA,NA,NA,18,18,0,right,Midfield,1.79,18,1.79,2012,0,right,0,"[18,21)","(1.78,1.83]",NA,2010s,Spain,EU_Major
Tato,https://fbref.com/en/players/03c45164/Tato,https://www.transfermarkt.com/tato/profil/spieler/180825,Spain,16,No,NA,33,18,2010,NA,NA,NA,4,4,0,left,Midfield,1.78,18,1.78,2010,0,left,0,"[18,21)","[1.6,1.78]",NA,2010s,Spain,EU_Major
Teerasil Dangda,https://fbref.com/en/players/2e3697ce/Teerasil-Dangda,https://www.transfermarkt.com/teerasil-dangda/profil/spieler/65233,Thailand,13,No,NA,37,24,2014,10,457,69,66,135,17,right,Attack,1.81,24,1.81,2014,0.588235294,right,0,"[24,30]","(1.78,1.83]","(8,56]",2010s,Thailand,Rest_of_World
Theo Bongonda,https://fbref.com/en/players/0da6a13e/Theo-Bongonda,https://www.transfermarkt.com/theo-bongonda/profil/spieler/280701,DR Congo  Belgium,12,No,NA,29,18,2013,6,162,24,329,353,6,left,Attack,1.75,18,1.75,2013,1,left,0,"[18,21)","[1.6,1.78]","(3,8]",2010s,DR Congo Belgium,EU_Major
Thiago Alcántara,https://fbref.com/en/players/77e84962/Thiago-Alcantara,https://www.transfermarkt.com/thiago-alcantara/profil/spieler/60444,Spain  Brazil,15,Yes,33,34,18,2008,40,1600,354,417,461,16,right,Midfield,1.74,18,1.74,2008,2.5,right,1,"[18,21)","[1.6,1.78]","(8,56]",2000s,Spain Brazil,EU_Major
Thibaut Courtois,https://fbref.com/en/players/1840e36d/Thibaut-Courtois,https://www.transfermarkt.com/thibaut-courtois/profil/spieler/108390,Belgium,18,No,NA,33,16,2008,24,648,128,630,732,23,left,Goalkeeper,2,16,2,2008,1.043478261,left,0,"[15,18)","(1.83,2]","(8,56]",2000s,Belgium,EU_Major
Thievy Bifouma,https://fbref.com/en/players/5978dc3c/Thievy-Bifouma,https://www.transfermarkt.com/thievy-bifouma/profil/spieler/181477,Congo  France,15,No,NA,33,18,2010,11,157,25,311,344,11,right,Attack,1.8,18,1.8,2010,1,right,0,"[18,21)","(1.78,1.83]","(8,56]",2010s,Congo France,EU_Major
Thomas Partey,https://fbref.com/en/players/529f49ab/Thomas-Partey,https://www.transfermarkt.com/thomas-partey/profil/spieler/230784,Ghana,12,No,NA,32,20,2013,13,458,88,435,489,19,right,Midfield,1.85,20,1.85,2013,0.684210526,right,0,"[18,21)","(1.83,2]","(8,56]",2010s,Ghana,Rest_of_World
Thomas Vermaelen,https://fbref.com/en/players/d0d79694/Thomas-Vermaelen,https://www.transfermarkt.com/thomas-vermaelen/profil/spieler/15904,Belgium,19,Yes,37,39,18,2003,35,1401,285,372,437,19,left,Defender,1.83,18,1.83,2003,1.842105263,left,1,"[18,21)","(1.78,1.83]","(8,56]",2000s,Belgium,EU_Major
Tiago Gomes,https://fbref.com/en/players/bd7fd1b5/Tiago-Gomes,https://www.transfermarkt.com/tiago-gomes/profil/spieler/42968,Portugal,13,Yes,34,39,21,2006,1,32,4,208,208,0,right,Midfield,1.81,21,1.81,2006,0,right,1,"[21,24)","(1.78,1.83]","[1,3]",2000s,Portugal,EU_Major
Tiago Ilori,https://fbref.com/en/players/a64b4786/Tiago-Ilori,https://www.transfermarkt.com/tiago-ilori/profil/spieler/177859,Portugal  England,14,No,NA,32,18,2011,17,396,57,142,142,0,right,Defender,1.9,18,1.9,2011,0,right,0,"[18,21)","(1.83,2]","(8,56]",2010s,Portugal England,UK_Ireland
Tiago Pinto,https://fbref.com/en/players/e7bfde19/Tiago-Pinto,https://www.transfermarkt.com/tiago-pinto/profil/spieler/63293,Portugal,14,Yes,34,37,20,2008,19,243,47,297,297,0,left,Defender,1.77,20,1.77,2008,0,left,1,"[18,21)","[1.6,1.78]","(8,56]",2000s,Portugal,EU_Major
Tiberio Guarente,https://fbref.com/en/players/f5b9b859/Tiberio-Guarente,https://www.transfermarkt.com/tiberio-guarente/profil/spieler/28868,Italy,12,Yes,30,39,18,2004,3,450,110,203,203,0,left,Midfield,1.82,18,1.82,2004,0,left,1,"[18,21)","(1.78,1.83]","[1,3]",2000s,Italy,EU_Major
Timothée Kolodziejczak,https://fbref.com/en/players/ab096c6f/Timothee-Kolodziejczak,https://www.transfermarkt.com/timothee-kolodziejczak/profil/spieler/84085,France  Poland,17,No,NA,33,17,2008,6,198,23,352,352,0,left,Defender,1.83,17,1.83,2008,0,left,0,"[15,18)","(1.78,1.83]","(3,8]",2000s,France Poland,EU_Major
Tino Costa,https://fbref.com/en/players/8f747a86/Tino-Costa,https://www.transfermarkt.com/tino-costa/profil/spieler/77003,Argentina  France,16,Yes,39,40,23,2009,12,465,70,246,246,0,left,Midfield,1.76,23,1.76,2009,0,left,1,"[21,24)","[1.6,1.78]","(8,56]",2000s,Argentina France,EU_Major
Tito,https://fbref.com/en/players/7cefa219/Tito,https://www.transfermarkt.com/tito/profil/spieler/128295,Spain,15,Yes,39,40,24,2009,9,234,34,269,269,0,right,Defender,1.74,24,1.74,2009,0,right,1,"[24,30]","[1.6,1.78]","(8,56]",2000s,Spain,EU_Major
Toño,https://fbref.com/en/players/2ed4ea81/Tono,https://www.transfermarkt.com/tono/profil/spieler/35536,Spain,13,Yes,36,45,23,2003,8,580,77,319,319,0,right,Goalkeeper,1.82,23,1.82,2003,0,right,1,"[21,24)","(1.78,1.83]","(3,8]",2000s,Spain,EU_Major
Toby Alderweireld,https://fbref.com/en/players/f7d50789/Toby-Alderweireld,https://www.transfermarkt.com/toby-alderweireld/profil/spieler/42710,Belgium,17,Yes,36,36,19,2008,15,446,84,531,642,22,right,Defender,1.87,19,1.87,2008,0.681818182,right,1,"[18,21)","(1.83,2]","(8,56]",2000s,Belgium,EU_Major
Toché,https://fbref.com/en/players/64e35e11/Toche,https://www.transfermarkt.com/toche/profil/spieler/22586,Spain,17,Yes,38,42,21,2003,5,158,25,378,378,0,right,Attack,1.85,21,1.85,2003,0,right,1,"[21,24)","(1.83,2]","(3,8]",2000s,Spain,EU_Major
Tomás Mejías,https://fbref.com/en/players/dc0c0fd9/Tomas-Mejias,https://www.transfermarkt.com/tomas-mejias/profil/spieler/62947,Spain,15,No,NA,36,22,2010,NA,NA,NA,73,73,0,right,Goalkeeper,1.95,22,1.95,2010,0,right,0,"[21,24)","(1.83,2]",NA,2010s,Spain,EU_Major
Tomás Pina Isla,https://fbref.com/en/players/e54bd0a2/Tomas-Pina-Isla,https://www.transfermarkt.com/tomas-pina/profil/spieler/139895,Spain,15,Yes,37,37,22,2009,10,327,43,375,375,0,right,Midfield,1.85,22,1.85,2009,0,right,1,"[21,24)","(1.83,2]","(8,56]",2000s,Spain,EU_Major
Tomer Hemed,https://fbref.com/en/players/27d7453c/Tomer-Hemed,https://www.transfermarkt.com/tomer-hemed/profil/spieler/112668,Israel  Poland,19,Yes,37,38,18,2011,3,201,38,327,358,8,right,Attack,1.82,18,1.82,2011,0.375,right,1,"[18,21)","(1.78,1.83]","[1,3]",2010s,Israel Poland,Rest_of_World
Tomislav Dujmović,https://fbref.com/en/players/1bd0a8fe/Tomislav-Dujmovic,https://www.transfermarkt.com/tomislav-dujmovic/profil/spieler/27986,Croatia,11,Yes,34,44,23,2006,1,22,2,207,214,2,right,Midfield,1.88,23,1.88,2006,0.5,right,1,"[21,24)","(1.83,2]","[1,3]",2000s,Croatia,Rest_of_World
Toni Doblas,https://fbref.com/en/players/d5c35223/Toni-Doblas,https://www.transfermarkt.com/toni-doblas/profil/spieler/7642,Spain,16,Yes,39,44,23,2003,3,227,30,216,216,0,right,Goalkeeper,1.84,23,1.84,2003,0,right,1,"[21,24)","(1.83,2]","[1,3]",2000s,Spain,EU_Major
Toni Dovale,https://fbref.com/en/players/d4b9adcf/Toni-Dovale,https://www.transfermarkt.com/toni-dovale/profil/spieler/119878,Spain,14,Yes,33,35,19,2009,2,48,5,168,168,0,left,Attack,1.77,19,1.77,2009,0,left,1,"[18,21)","[1.6,1.78]","[1,3]",2000s,Spain,EU_Major
Toni Kroos,https://fbref.com/en/players/6ce1f46f/Toni-Kroos,https://www.transfermarkt.com/toni-kroos/profil/spieler/31909,Germany,17,Yes,34,35,17,2007,32,527,102,676,771,22,right,Midfield,1.83,17,1.83,2007,1.454545455,right,1,"[15,18)","(1.78,1.83]","(8,56]",2000s,Germany,EU_Major
Tote,https://fbref.com/en/players/e3e74421/Tote,https://www.transfermarkt.com/tote/profil/spieler/7535,Spain,14,Yes,34,46,20,1998,2,253,24,281,281,0,left,Attack,1.77,20,1.77,1998,0,left,1,"[18,21)","[1.6,1.78]","[1,3]",1990s,Spain,EU_Major
Tropi,https://fbref.com/en/players/50f1ed37/Tropi,https://www.transfermarkt.com/tropi/profil/spieler/320466,Spain,12,No,NA,30,19,2014,2,196,15,62,62,0,right,Midfield,1.77,19,1.77,2014,0,right,0,"[18,21)","[1.6,1.78]","[1,3]",2010s,Spain,EU_Major
Tsepo Masilela,https://fbref.com/en/players/e1812ff9/Tsepo-Masilela,https://www.transfermarkt.com/tsepo-masilela/profil/spieler/63287,South Africa,16,Yes,37,40,21,2011,1,234,30,91,103,4,left,Defender,1.74,21,1.74,2011,0.25,left,1,"[21,24)","[1.6,1.78]","[1,3]",2010s,South Africa,Rest_of_World
Txema Añibarro,https://fbref.com/en/players/34b0ee60/Txema-Anibarro,https://www.transfermarkt.com/txema-anibarro/profil/spieler/71601,Spain,7,Yes,36,46,29,2008,1,19,3,56,56,0,right,Defender,1.88,29,1.88,2008,0,right,1,"[24,30]","(1.83,2]","[1,3]",2000s,Spain,EU_Major
Uche Henry Agbo,https://fbref.com/en/players/98554bfd/Uche-Henry-Agbo,https://www.transfermarkt.com/uche-agbo/profil/spieler/262689,Nigeria,15,No,NA,29,16,2014,2,54,7,122,123,3,right,Midfield,1.86,16,1.86,2014,0.666666667,right,0,"[15,18)","(1.83,2]","[1,3]",2010s,Nigeria,Rest_of_World
Unai Alba,https://fbref.com/en/players/40e34fb7/Unai-Alba,https://www.transfermarkt.com/unai-alba/profil/spieler/48289,Spain,7,Yes,36,47,29,2007,NA,NA,NA,37,37,0,NA,Goalkeeper,1.9,29,1.9,2007,0,unknown,1,"[24,30]","(1.83,2]",NA,2000s,Spain,EU_Major
Unai Albizua,https://fbref.com/en/players/4a2e58a3/Unai-Albizua,https://www.transfermarkt.com/unai-albizua/profil/spieler/156799,Spain,13,No,NA,36,24,2013,5,145,18,119,119,0,right,Defender,1.81,24,1.81,2013,0,right,0,"[24,30]","(1.78,1.83]","(3,8]",2010s,Spain,EU_Major
Unai Bustinza,https://fbref.com/en/players/f3112790/Unai-Bustinza,https://www.transfermarkt.com/unai-bustinza/profil/spieler/156808,Spain,10,Yes,32,33,22,2014,5,167,22,193,193,0,right,Defender,1.74,22,1.74,2014,0,right,1,"[21,24)","[1.6,1.78]","(3,8]",2010s,Spain,EU_Major
Unai García,https://fbref.com/en/players/4a633cfe/Unai-Garcia,https://www.transfermarkt.com/unai-garcia/profil/spieler/197122,Spain,13,No,NA,33,21,2012,10,401,46,215,215,0,right,Defender,1.86,21,1.86,2012,0,right,0,"[21,24)","(1.83,2]","(8,56]",2010s,Spain,EU_Major
Unai López,https://fbref.com/en/players/88050721/Unai-Lopez,https://www.transfermarkt.com/unai-lopez/profil/spieler/192009,Spain,12,No,NA,29,18,2014,4,37,6,345,345,0,right,Midfield,1.7,18,1.7,2014,0,right,0,"[18,21)","[1.6,1.78]","(3,8]",2010s,Spain,EU_Major
Urko Vera,https://fbref.com/en/players/d8cf0115/Urko-Vera,https://www.transfermarkt.com/urko-vera/profil/spieler/92975,Spain,15,Yes,38,38,23,2010,NA,NA,NA,223,223,0,right,Attack,1.89,23,1.89,2010,0,right,1,"[21,24)","(1.83,2]",NA,2010s,Spain,EU_Major
Ustaritz,https://fbref.com/en/players/49f85a05/Ustaritz,https://www.transfermarkt.com/ustaritz/profil/spieler/35554,Spain,10,Yes,32,42,22,2005,5,139,17,105,105,0,right,Defender,1.83,22,1.83,2005,0,right,1,"[21,24)","(1.78,1.83]","(3,8]",2000s,Spain,EU_Major
Víctor Álvarez,https://fbref.com/en/players/563f3469/Victor-Alvarez,https://www.transfermarkt.com/victor-alvarez/profil/spieler/99355,Spain,15,No,NA,32,17,2010,1,22,3,158,158,0,left,Defender,1.8,17,1.8,2010,0,left,0,"[15,18)","(1.78,1.83]","[1,3]",2010s,Spain,EU_Major
Víctor Camarasa,https://fbref.com/en/players/b2d03887/Victor-Camarasa,https://www.transfermarkt.com/victor-camarasa/profil/spieler/263856,Spain,12,No,NA,31,19,2013,10,416,52,237,237,0,right,Midfield,1.83,19,1.83,2013,0,right,0,"[18,21)","(1.78,1.83]","(8,56]",2010s,Spain,EU_Major
Víctor Casadesús,https://fbref.com/en/players/73cd0a2a/Victor-Casadesus,https://www.transfermarkt.com/victor-casadesus/profil/spieler/35540,Spain,20,No,NA,40,20,2004,3,152,22,433,433,0,right,Attack,1.8,20,1.8,2004,0,right,0,"[18,21)","(1.78,1.83]","[1,3]",2000s,Spain,EU_Major
Víctor Pérez,https://fbref.com/en/players/5918a484/Victor-Perez,https://www.transfermarkt.com/victor-perez/profil/spieler/92813,Spain,14,Yes,35,37,21,2009,5,221,30,207,207,0,right,Midfield,1.77,21,1.77,2009,0,right,1,"[21,24)","[1.6,1.78]","(3,8]",2000s,Spain,EU_Major
Víctor Rodríguez,https://fbref.com/en/players/15781606/Victor-Rodriguez,https://www.transfermarkt.com/victor-rodriguez/profil/spieler/129753,Spain,12,Yes,35,36,23,2012,9,377,48,262,262,0,right,Attack,1.7,23,1.7,2012,0,right,1,"[21,24)","[1.6,1.78]","(8,56]",2010s,Spain,EU_Major
Víctor Ruiz,https://fbref.com/en/players/b3dc6eca/Victor-Ruiz,https://www.transfermarkt.com/victor-ruiz/profil/spieler/62920,Spain,15,Yes,35,36,20,2009,16,334,64,414,414,0,left,Defender,1.84,20,1.84,2009,0,left,1,"[18,21)","(1.83,2]","(8,56]",2000s,Spain,EU_Major
Víctor Sánchez,https://fbref.com/en/players/ad4d0985/Victor-Sanchez,https://www.transfermarkt.com/victor-sanchez/profil/spieler/63290,Spain,15,Yes,35,37,20,2007,11,282,38,366,366,0,right,Midfield,1.74,20,1.74,2007,0,right,1,"[18,21)","[1.6,1.78]","(8,56]",2000s,Spain,EU_Major
Víctor Valdés,https://fbref.com/en/players/e029e404/Victor-Valdes,https://www.transfermarkt.com/victor-valdes/profil/spieler/7589,Spain,15,Yes,35,43,20,2002,5,332,34,534,540,6,right,Goalkeeper,1.83,20,1.83,2002,0.833333333,right,1,"[18,21)","(1.78,1.83]","(3,8]",2000s,Spain,EU_Major
Valdet Rama,https://fbref.com/en/players/00b159ff/Valdet-Rama,https://www.transfermarkt.com/valdet-rama/profil/spieler/33535,Albania  Kosovo,18,No,NA,37,20,2008,13,325,45,259,268,4,both,Attack,1.82,20,1.82,2008,3.25,both,0,"[18,21)","(1.78,1.83]","(8,56]",2000s,Albania Kosovo,Rest_of_World
Valdo,https://fbref.com/en/players/5d34e206/Valdo,https://www.transfermarkt.com/valdo/profil/spieler/7528,Cape Verde  Spain,19,Yes,39,44,20,2001,4,116,22,294,294,0,right,Attack,1.84,20,1.84,2001,0,right,1,"[18,21)","(1.83,2]","(3,8]",2000s,Cape Verde Spain,EU_Major
Verza,https://fbref.com/en/players/f972b073/Verza,https://www.transfermarkt.com/verza/profil/spieler/26199,Spain,20,Yes,35,38,15,2002,6,144,18,376,376,0,right,Midfield,1.81,15,1.81,2002,0,right,1,"[15,18)","(1.78,1.83]","(3,8]",2000s,Spain,EU_Major
Vicente Guaita,https://fbref.com/en/players/ab13a5aa/Vicente-Guaita,https://www.transfermarkt.com/vicente-guaita/profil/spieler/64399,Spain,17,No,NA,38,22,2008,7,189,34,451,451,0,right,Goalkeeper,1.9,22,1.9,2008,0,right,0,"[21,24)","(1.83,2]","(3,8]",2000s,Spain,EU_Major
Vicente Iborra,https://fbref.com/en/players/ad1ffcfd/Vicente-Iborra,https://www.transfermarkt.com/vicente-iborra/profil/spieler/65467,Spain,18,Yes,37,37,19,2007,9,413,75,576,576,0,right,Midfield,1.9,19,1.9,2007,0,right,1,"[18,21)","(1.83,2]","(8,56]",2000s,Spain,EU_Major
Vinícius Araújo,https://fbref.com/en/players/5d6b9376/Vinicius-Araujo,https://www.transfermarkt.com/vinicius-araujo/profil/spieler/258374,Brazil,12,No,NA,32,20,2013,1,125,29,223,223,0,right,Attack,1.76,20,1.76,2013,0,right,0,"[18,21)","[1.6,1.78]","[1,3]",2010s,Brazil,South_America
Vitolo,https://fbref.com/en/players/db750822/Vitolo,https://www.transfermarkt.com/vitolo/profil/spieler/67082,Spain,15,Yes,35,35,20,2010,24,1626,112,386,398,5,right,Attack,1.84,20,1.84,2010,4.8,right,1,"[18,21)","(1.83,2]","(8,56]",2010s,Spain,EU_Major
Vitorino Antunes,https://fbref.com/en/players/3e4f735d/Vitorino-Antunes,https://www.transfermarkt.com/antunes/profil/spieler/44699,Portugal,19,Yes,38,38,19,2006,7,335,39,350,360,7,left,Defender,1.76,19,1.76,2006,1,left,1,"[18,21)","[1.6,1.78]","(3,8]",2000s,Portugal,EU_Major
Vladimír Weiss,https://fbref.com/en/players/1e17dfc7/Vladimir-Weiss,https://www.transfermarkt.com/vladimir-weiss/profil/spieler/92701,Slovakia,17,No,NA,35,19,2008,20,860,141,132,194,16,right,Attack,1.73,19,1.73,2008,1.25,right,0,"[18,21)","[1.6,1.78]","(8,56]",2000s,Slovakia,Rest_of_World
Wakaso,https://fbref.com/en/players/999908af/Wakaso,https://www.transfermarkt.com/mubarak-wakaso/profil/spieler/45639,Ghana,17,No,NA,35,18,2008,8,107,20,298,352,16,left,Midfield,1.71,18,1.71,2008,0.5,left,0,"[18,21)","[1.6,1.78]","(3,8]",2000s,Ghana,Rest_of_World
Walter Pandiani,https://fbref.com/en/players/11899bb1/Walter-Pandiani,https://www.transfermarkt.com/walter-pandiani/profil/spieler/7691,Uruguay  Italy,16,Yes,40,49,24,2000,4,135,20,383,383,0,right,Attack,1.83,24,1.83,2000,0,right,1,"[24,30]","(1.78,1.83]","(3,8]",2000s,Uruguay Italy,EU_Major
Weligton Oliveira,https://fbref.com/en/players/ce8c6861/Weligton-Oliveira,https://www.transfermarkt.com/weligton/profil/spieler/22550,Brazil,15,Yes,38,45,23,2004,15,578,79,363,363,0,left,Defender,1.86,23,1.86,2004,0,left,1,"[21,24)","(1.83,2]","(8,56]",2000s,Brazil,South_America
Wellington Silva,https://fbref.com/en/players/5c60f49c/Wellington-Silva,https://www.transfermarkt.com/wellington-silva/profil/spieler/121990,Brazil,16,No,NA,32,17,2010,4,187,41,345,345,0,right,Attack,1.65,17,1.65,2010,0,right,0,"[15,18)","[1.6,1.78]","(3,8]",2010s,Brazil,South_America
Welliton,https://fbref.com/en/players/17082008/Welliton,https://www.transfermarkt.com/welliton/profil/spieler/45593,Brazil,18,Yes,37,38,19,2007,14,518,85,224,224,0,right,Attack,1.77,19,1.77,2007,0,right,1,"[18,21)","[1.6,1.78]","(8,56]",2000s,Brazil,South_America
Willian José,https://fbref.com/en/players/d87e2cae/Willian-Jose,https://www.transfermarkt.com/willian-jose/profil/spieler/122155,Brazil  Spain,17,No,NA,33,17,2013,12,214,36,436,436,0,right,Attack,1.86,17,1.86,2013,0,right,0,"[15,18)","(1.83,2]","(8,56]",2010s,Brazil Spain,EU_Major
Willy Caballero,https://fbref.com/en/players/a179d516/Willy-Caballero,https://www.transfermarkt.com/willy-caballero/profil/spieler/19948,Argentina  Spain,22,Yes,42,43,20,2004,3,299,44,401,406,4,right,Goalkeeper,1.86,20,1.86,2004,0.75,right,1,"[18,21)","(1.83,2]","[1,3]",2000s,Argentina Spain,EU_Major
Xabi Alonso,https://fbref.com/en/players/dc001a06/Xabi-Alonso,https://www.transfermarkt.com/xabi-alonso/profil/spieler/7476,Spain,18,Yes,36,43,18,2000,11,276,68,628,689,13,right,Midfield,1.83,18,1.83,2000,0.846153846,right,1,"[18,21)","(1.78,1.83]","(8,56]",2000s,Spain,EU_Major
Xabi Irureta,https://fbref.com/en/players/ad11657f/Xabi-Irureta,https://www.transfermarkt.com/xabi-irureta/profil/spieler/89618,Spain,16,No,NA,39,23,2008,NA,NA,NA,109,109,0,right,Goalkeeper,1.79,23,1.79,2008,0,right,0,"[21,24)","(1.78,1.83]",NA,2000s,Spain,EU_Major
Xabi Prieto,https://fbref.com/en/players/d054d8b0/Xabi-Prieto,https://www.transfermarkt.com/xabi-prieto/profil/spieler/15693,Spain,15,Yes,35,41,20,2003,4,157,23,500,500,0,right,Attack,1.87,20,1.87,2003,0,right,1,"[18,21)","(1.83,2]","(3,8]",2000s,Spain,EU_Major
Xabier Castillo,https://fbref.com/en/players/638dc43b/Xabier-Castillo,https://www.transfermarkt.com/xabier-castillo/profil/spieler/30097,Spain and Croatia,9,Yes,29,39,20,2006,1,102,25,188,188,0,left,Defender,1.85,20,1.85,2006,0,left,1,"[18,21)","(1.83,2]","[1,3]",2000s,Spain and Croatia,EU_Major
Xabier Etxeita,https://fbref.com/en/players/4a895384/Xabier-Etxeita,https://www.transfermarkt.com/xabi-etxeita/profil/spieler/71559,Spain,16,Yes,37,37,21,2008,6,98,20,353,354,1,right,Defender,1.86,21,1.86,2008,6,right,1,"[21,24)","(1.83,2]","(3,8]",2000s,Spain,EU_Major
Xavi,https://fbref.com/en/players/c1b4188c/Xavi,https://www.transfermarkt.com/xavi/profil/spieler/7607,Spain,21,Yes,39,45,18,1997,6,212,48,672,750,15,right,Midfield,1.7,18,1.7,1997,0.4,right,1,"[18,21)","[1.6,1.78]","(3,8]",1990s,Spain,EU_Major
Xavi Annunziata,https://fbref.com/en/players/e146dbda/Xavi-Annunziata,https://www.transfermarkt.com/xavier-annunziata/profil/spieler/94910,Spain,10,Yes,32,37,22,2010,1,83,10,31,31,0,NA,Attack,1.8,22,1.8,2010,0,unknown,1,"[21,24)","(1.78,1.83]","[1,3]",2010s,Spain,EU_Major
Xavi Torres,https://fbref.com/en/players/1b51ad2f/Xavi-Torres,https://www.transfermarkt.com/xavi-torres/profil/spieler/65301,Spain,15,Yes,37,38,22,2008,3,220,36,347,347,0,right,Midfield,1.79,22,1.79,2008,0,right,1,"[21,24)","(1.78,1.83]","[1,3]",2000s,Spain,EU_Major
Ximo Navarro,https://fbref.com/en/players/8db394aa/Ximo-Navarro,https://www.transfermarkt.com/ximo-navarro/profil/spieler/184767,Spain,15,No,NA,35,21,2011,12,584,68,367,367,0,right,Defender,1.76,21,1.76,2011,0,right,0,"[21,24)","[1.6,1.78]","(8,56]",2010s,Spain,EU_Major
Xisco,https://fbref.com/en/players/d2790f7a/Xisco,https://www.transfermarkt.com/xisco/profil/spieler/34564,Spain,20,Yes,38,39,18,2004,9,289,50,365,365,0,right,Attack,1.88,18,1.88,2004,0,right,1,"[18,21)","(1.83,2]","(8,56]",2000s,Spain,EU_Major
Xisco,https://fbref.com/en/players/efaaae13/Xisco,https://www.transfermarkt.com/xisco-munoz/profil/spieler/15465,Spain,17,Yes,36,44,19,2001,7,175,48,252,252,0,both,Attack,1.72,19,1.72,2001,0,both,1,"[18,21)","[1.6,1.78]","(3,8]",2000s,Spain,EU_Major
Xisco Nadal,https://fbref.com/en/players/5dc11264/Xisco-Nadal,https://www.transfermarkt.com/xisco-nadal/profil/spieler/15800,Spain,16,Yes,32,39,16,2002,NA,NA,NA,161,161,0,right,Attack,1.81,16,1.81,2002,0,right,1,"[15,18)","(1.78,1.83]",NA,2000s,Spain,EU_Major
Yacine Brahimi,https://fbref.com/en/players/56b5d64e/Yacine-Brahimi,https://www.transfermarkt.com/yacine-brahimi/profil/spieler/60517,Algeria  France,17,No,NA,35,19,2009,9,70,8,321,370,18,right,Attack,1.75,19,1.75,2009,0.5,right,0,"[18,21)","[1.6,1.78]","(8,56]",2000s,Algeria France,EU_Major
Yoel,https://fbref.com/en/players/61bb7498/Yoel,https://www.transfermarkt.com/yoel-rodriguez/profil/spieler/58115,Spain,16,No,NA,36,21,2009,3,261,27,218,218,0,right,Goalkeeper,1.84,21,1.84,2009,0,right,0,"[21,24)","(1.83,2]","[1,3]",2000s,Spain,EU_Major
Yohan Mollo,https://fbref.com/en/players/74950bcc/Yohan-Mollo,https://www.transfermarkt.com/yohan-mollo/profil/spieler/60570,France  Italy,17,No,NA,36,19,2008,1,25,3,299,299,0,right,Attack,1.75,19,1.75,2008,0,right,0,"[18,21)","[1.6,1.78]","[1,3]",2000s,France Italy,EU_Major
Youssef El-Arabi,https://fbref.com/en/players/c63f6e46/Youssef-El-Arabi,https://www.transfermarkt.com/youssef-el-arabi/profil/spieler/96533,Morocco  France,18,No,NA,38,21,2008,9,231,36,409,441,11,right,Attack,1.83,21,1.83,2008,0.818181818,right,0,"[21,24)","(1.78,1.83]","(8,56]",2000s,Morocco France,EU_Major
Yuri Berchiche,https://fbref.com/en/players/b6e50615/Yuri-Berchiche,https://www.transfermarkt.com/yuri-berchiche/profil/spieler/61812,Spain  Algeria,17,No,NA,35,19,2008,19,610,66,415,415,0,left,Defender,1.81,19,1.81,2008,0,left,0,"[18,21)","(1.78,1.83]","(8,56]",2000s,Spain Algeria,EU_Major
Yves Desmarets,https://fbref.com/en/players/edcacfba/Yves-Desmarets,https://www.transfermarkt.com/yves-desmarets/profil/spieler/40806,Haiti  France,12,Yes,39,46,27,2007,NA,NA,NA,101,101,0,left,Attack,1.78,27,1.78,2007,0,left,1,"[24,30]","[1.6,1.78]",NA,2000s,Haiti France,EU_Major
Zé Castro,https://fbref.com/en/players/ea2434db/Ze-Castro,https://www.transfermarkt.com/ze-castro/profil/spieler/13872,Portugal,19,Yes,39,42,20,2003,5,149,29,283,283,0,right,Defender,1.83,20,1.83,2003,0,right,1,"[18,21)","(1.78,1.83]","(3,8]",2000s,Portugal,EU_Major
Zakarya Bergdich,https://fbref.com/en/players/833676b4/Zakarya-Bergdich,https://www.transfermarkt.com/zakarya-bergdich/profil/spieler/149540,Morocco  France,12,Yes,34,36,22,2010,4,174,25,249,259,3,left,Defender,1.74,22,1.74,2010,1.333333333,left,1,"[21,24)","[1.6,1.78]","(3,8]",2010s,Morocco France,EU_Major
Zubi,https://fbref.com/en/players/fa3d45ba/Zubi,https://www.transfermarkt.com/zubi/profil/spieler/297785,Spain,13,No,NA,32,20,2013,NA,NA,NA,1,1,0,left,Attack,1.81,20,1.81,2013,0,left,0,"[18,21)","(1.78,1.83]",NA,2010s,Spain,EU_Major
