player_name,transfermarkt_url,status,transfermarkt_id,player_slug,home_name,dob_age,place_birth,height,citizenship,position,foot,agent,current_club,joined,contract_expires,outfitter,injury_count_total,days_missed_total,games_missed_total,retired,retirement_date,shirt_number,injury_seasons,explanation
Alex,https://www.transfermarkt.com/alex/profil/spieler/15420,Success,15420,spieler,Alex,17/06/1982 (43),Niterói,"1,88 m",Brazil,Defender - Centre-Back,right,Not found,AC Milan,19/12/2016,-,Not found,15,336,59,Yes,19/12/2016,Not found,5,"players corrected transfer

"
Anderson,https://www.transfermarkt.com/anderson/profil/spieler/31645,Success,31645,spieler,Anderson,13/04/1988 (37),Porto Alegre,"1,76 m",Brazil,Midfield - Central Midfield,left,Not found,Adana Demirspor,20/09/2019,-,Not found,8,429,75,Yes,20/09/2019,Not found,6,"players corrected transfer

"
Bebé,https://www.transfermarkt.com/bebe/profil/spieler/153427,Success,153427,spieler,Bebé,12/07/1990 (35),Lisboa,"1,90 m",Cape Verde  Portugal,Attack - Left Winger,right,Not found,UD Ibiza,1/2/2025,30/06/2026,Not found,3,601,92,No,Not found,7,3,"players corrected transfer

"
Lee Chung-yong,https://www.transfermarkt.com/chung-yong-lee/profil/spieler/81801,Success,81801,spieler,Chung-yong Lee,02/07/1988 (37),Seoul,"1,80 m","Korea, South",Attack - Right Winger,right,Not found,Ulsan HD,3/3/2020,-,Not found,9,632,111,No,Not found,27,5,"players corrected transfer

"
Rory Delap,https://www.transfermarkt.com/rory-delap/profil/spieler/4112,Success,4112,spieler,Rory Delap,06/07/1976 (49),Sutton Coldfield,"1,83 m",Ireland  England,Midfield - Central Midfield,right,Not found,Burton Albion,16/12/2013,-,Not found,1,77,13,Yes,16/12/2013,Not found,1,"players corrected transfer

"
Denílson,https://www.transfermarkt.com/denilson/profil/spieler/42352,Success,42352,spieler,Denílson,16/02/1988 (37),São Paulo,"1,78 m",Brazil,Midfield - Defensive Midfield,right,Not found,Brasil Pelotas,1/1/2022,-,Not found,4,117,21,Yes,1/1/2022,Not found,3,"players corrected transfer

"
Fábio,https://www.transfermarkt.com/fabio/profil/spieler/61891,Success,61891,spieler,Fábio,09/07/1990 (35),Petrópolis,"1,72 m",Brazil  Portugal,Defender - Right-Back,right,Not found,Grêmio,1/1/2025,-,adidas,12,622,95,Yes,1/1/2025,Not found,9,"players corrected transfer

"
Vince Grella,https://www.transfermarkt.com/vincenzo-grella/profil/spieler/6021,Success,6021,spieler,Vincenzo Grella,05/10/1979 (46),Melbourne,"1,83 m",Australia  Italy,Midfield - Central Midfield,both,Not found,Melbourne Heart,28/01/2013,-,Not found,4,336,62,Yes,28/01/2013,Not found,2,"players corrected transfer

"
El Hadji Diouf,https://www.transfermarkt.com/el-hadji-diouf/profil/spieler/3604,Success,3604,spieler,El-Hadji Diouf,15/01/1981 (44),Saint-Louis,"1,80 m",Senegal  France,Attack - Centre-Forward,right,Not found,Sabah FA,1/1/2016,-,Not found,2,28,6,Yes,1/1/2016,Not found,2,"players corrected transfer

"
Park Ji-sung,https://www.transfermarkt.com/ji-sung-park/profil/spieler/4592,Success,4592,spieler,Ji-sung Park,25/02/1981 (44),Seoul,"1,78 m","Korea, South",Midfield - Attacking Midfield,both,Not found,QPR,1/7/2014,-,Not found,7,351,68,Yes,1/7/2014,Not found,6,"players corrected transfer

"
Sergei Kornilenko,https://www.transfermarkt.com/sergey-kornilenko/profil/spieler/15881,Success,15881,spieler,Sergey Kornilenko,14/06/1983 (42),Vitebsk,"1,86 m",Belarus  Russia,Attack - Centre-Forward,left,Not found,KS Samara,1/7/2021,-,Not found,2,91,9,Yes,1/7/2021,Not found,2,"players corrected transfer

"
Sotirios Kyrgiakos,https://www.transfermarkt.com/sotiris-kyrgiakos/profil/spieler/9706,Success,9706,spieler,Sotiris Kyrgiakos,23/07/1979 (46),Trikala,"1,93 m",Greece,Defender - Centre-Back,right,Not found,Sydney Olympic,7/4/2014,-,Not found,6,299,20,Yes,7/4/2014,Not found,3,"players corrected transfer

"
Adrián López,https://www.transfermarkt.com/adrian-lopez/profil/spieler/44966,Success,44966,spieler,Adrián López,25/02/1987 (38),As Pontes,"1,84 m",Spain,Defender - Centre-Back,right,Not found,SD Compostela,1/7/2019,-,adidas,2,80,14,Yes,1/7/2019,Not found,2,"players corrected transfer

"
Andy O'Brien,https://www.transfermarkt.com/andrew-obrien/profil/spieler/3228,Success,3228,spieler,Andrew O'Brien,29/06/1979 (46),Harrogate,"1,91 m",Ireland  England,Defender - Centre-Back,right,Not found,Vancouver,1/1/2015,-,Not found,1,9,2,Yes,1/1/2015,Not found,1,"players corrected transfer

"
Frédéric Piquionne,https://www.transfermarkt.com/frederic-piquionne/profil/spieler/5683,Success,5683,spieler,Frédéric Piquionne,08/12/1978 (46),Nouméa,"1,88 m",Martinique  France,Attack - Centre-Forward,right,Not found,Mumbai City,1/1/2016,-,Not found,0,0,0,Yes,1/1/2016,Not found,0,"players corrected transfer

"
Rafael,https://www.transfermarkt.com/rafael/profil/spieler/61892,Success,61892,spieler,Rafael,09/07/1990 (35),Petrópolis,"1,72 m",Brazil  Portugal,Defender - Right-Back,right,Not found,Botafogo,1/1/2025,-,Nike,26,1158,220,Yes,1/1/2025,Not found,13,"players corrected transfer

"
Abdul Razak,https://www.transfermarkt.com/abdul-razak/profil/spieler/177321,Success,177321,spieler,Abdul Razak,11/11/1992 (33),Bouaké,"1,79 m",Cote d'Ivoire,Midfield - Central Midfield,right,Not found,Without Club,1/7/2025,-,Not found,1,13,0,No,Not found,Not found,1,"players corrected transfer

"
Jack Robinson,https://www.transfermarkt.com/jack-robinson/profil/spieler/128909,Success,128909,spieler,Jack Robinson,01/09/1993 (32),Warrington,"1,80 m",England,Defender - Centre-Back,left,Not found,Birmingham,1/9/2025,30/06/2027,Not found,5,806,136,No,Not found,6,5,"players corrected transfer

"
Rodrigo,https://www.transfermarkt.com/rodrigo/profil/spieler/131505,Success,131505,spieler,Rodrigo,06/03/1991 (34),Rio de Janeiro,"1,82 m",Spain  Brazil,Attack - Centre-Forward,left,Not found,Al-Rayyan,13/07/2023,30/06/2026,Nike,19,618,105,No,Not found,19,10,"players corrected transfer

"
Sandro,https://www.transfermarkt.com/sandro/profil/spieler/74590,Success,74590,spieler,Sandro,15/03/1989 (36),Riachinho,"1,88 m",Brazil  Portugal,Midfield - Central Midfield,right,Not found,Harborough,2/12/2024,-,Not found,10,623,104,Yes,2/12/2024,Not found,7,"players corrected transfer

"
Paulo da Silva,https://www.transfermarkt.com/paulo-da-silva/profil/spieler/38800,Success,38800,spieler,Paulo da Silva,01/02/1980 (45),Asunción,"1,84 m",Paraguay,Defender - Centre-Back,right,Not found,Atlantida SC,20/10/2024,-,Not found,1,31,6,Yes,20/10/2024,Not found,1,"players corrected transfer

"
Alan Smith,https://www.transfermarkt.com/alan-smith/profil/spieler/3768,Success,3768,spieler,Alan Smith,28/10/1980 (45),Rothwell,"1,78 m",England,Midfield - Central Midfield,right,Not found,Notts County,1/7/2018,-,Not found,2,340,57,Yes,1/7/2018,Not found,2,"players corrected transfer

"
Alexandre Song,https://www.transfermarkt.com/alex-song/profil/spieler/27394,Success,27394,spieler,Alex Song,09/09/1987 (38),Douala,"1,85 m",Cameroon  France,Midfield - Defensive Midfield,right,Not found,AS Arta/Solar7,14/11/2023,-,Puma,9,264,40,Yes,14/11/2023,Not found,6,"players corrected transfer

"
Matt Upson,https://www.transfermarkt.com/matthew-upson/profil/spieler/3273,Success,3273,spieler,Matthew Upson,18/04/1979 (46),Hartismere,"1,85 m",England,Defender - Centre-Back,left,Not found,MK Dons,1/7/2016,-,Not found,3,194,42,Yes,1/7/2016,Not found,3,"players corrected transfer

"
Xisco,https://www.transfermarkt.com/xisco/profil/spieler/34564,Success,34564,spieler,Xisco,26/06/1986 (39),Santa Ponça,"1,88 m",Spain,Attack - Centre-Forward,right,Not found,Atl. Baleares,29/01/2024,-,Not found,9,289,50,Yes,29/01/2024,Not found,8,"players corrected transfer

"
Yuri Zhirkov,https://www.transfermarkt.com/yuriy-zhirkov/profil/spieler/16760,Success,16760,spieler,Yuriy Zhirkov,20/08/1983 (42),Tambov,"1,80 m",Russia,Midfield - Left Midfield,left,Not found,Khimki,1/7/2022,-,Nike,10,645,88,Yes,1/7/2022,Not found,8,"players corrected transfer

"
Patrick Agyemang,https://www.transfermarkt.com/patrick-agyemang/profil/spieler/13982,Success,13982,spieler,Patrick Agyemang,29/09/1980 (45),London,"1,85 m",Ghana  England,Attack - Centre-Forward,right,Not found,Cray Valley PM,25/08/2018,-,Not found,0,0,0,Yes,25/08/2018,Not found,0,"players corrected transfer

"
Bruno Andrade,https://www.transfermarkt.com/bruno-andrade/profil/spieler/169633,Success,169633,spieler,Bruno Andrade,02/10/1993 (32),Viseu,"1,75 m",Portugal  Cape Verde,Midfield - Left Midfield,right,Not found,Bedford Town,3/1/2025,30/06/2025,Not found,0,0,0,No,Not found,23,0,"players corrected transfer

"
Park Chu-young,https://www.transfermarkt.com/chu-young-park/profil/spieler/30982,Success,30982,spieler,Chu-young Park,10/07/1985 (40),"Dong-gu, Daegu","1,82 m","Korea, South",Attack - Centre-Forward,right,Not found,Ulsan Hyundai,1/1/2025,-,Mizuno,3,246,30,Yes,1/1/2025,Not found,3,"players corrected transfer

"
Ji Dong-won,https://www.transfermarkt.com/dong-won-ji/profil/spieler/164265,Success,164265,spieler,Dong-won Ji,28/05/1991 (34),"Jeju City, Jeju","1,87 m","Korea, South",Attack - Centre-Forward,right,Not found,Macarthur,5/8/2025,30/06/2026,Not found,24,1078,155,No,Not found,33,10,"players corrected transfer

"
Doni,https://www.transfermarkt.com/doni/profil/spieler/20392,Success,20392,spieler,Doni,22/10/1979 (46),Jundiaí,"1,94 m",Brazil  Italy,Goalkeeper,right,Not found,Botafogo-SP,12/8/2013,-,Not found,3,187,23,Yes,12/8/2013,Not found,1,"players corrected transfer

"
Robert Hulse,https://www.transfermarkt.com/rob-hulse/profil/spieler/9980,Success,9980,spieler,Rob Hulse,25/10/1979 (46),Crewe,"1,85 m",England,Attack - Centre-Forward,right,Not found,QPR,16/10/2013,-,Not found,0,0,0,Yes,16/10/2013,Not found,0,"players corrected transfer

"
Eggert Jónsson,https://www.transfermarkt.com/eggert-gunnthor-jonsson/profil/spieler/45298,Success,45298,spieler,Eggert Gunnthór Jónsson,18/08/1988 (37),Reykjavík,"1,88 m",Iceland,Midfield - Defensive Midfield,right,Not found,KFA,17/02/2024,-,Nike,3,149,42,No,Not found,4,2,"players corrected transfer

"
Chris Martin,https://www.transfermarkt.com/chris-martin/profil/spieler/46154,Success,46154,spieler,Chris Martin,04/11/1988 (37),Beccles,"1,84 m",Scotland  England,Attack - Centre-Forward,right,Not found,Without Club,1/7/2025,-,Not found,2,68,15,No,Not found,Not found,1,"players corrected transfer

"
Tommy Smith,https://www.transfermarkt.com/tommy-smith/profil/spieler/12401,Success,12401,spieler,Tommy Smith,22/05/1980 (45),Hemel Hempstead,"1,78 m",England,Attack - Centre-Forward,right,Not found,Brentford,1/7/2015,-,Not found,1,64,16,Yes,1/7/2015,Not found,1,"players corrected transfer

"
Lee Camp,https://www.transfermarkt.com/lee-camp/profil/spieler/13443,Success,13443,spieler,Lee Camp,22/08/1984 (41),Derby,"1,83 m",Northern Ireland  England,Goalkeeper,right,Not found,Wrexham,1/7/2022,-,Not found,0,0,0,Yes,1/7/2022,Not found,0,"players corrected transfer

"
Javier Garrido,https://www.transfermarkt.com/javier-garrido/profil/spieler/23218,Success,23218,spieler,Javier Garrido,15/03/1985 (40),Irun,"1,79 m",Spain,Defender - Left-Back,left,Not found,Real Unión,1/7/2020,-,Not found,5,139,23,Yes,1/7/2020,Not found,3,"players corrected transfer

"
Giorgos Karagounis,https://www.transfermarkt.com/georgios-karagounis/profil/spieler/6106,Success,6106,spieler,Georgios Karagounis,06/03/1977 (48),Pyrgos,"1,76 m",Greece,Midfield - Central Midfield,right,Not found,Fulham,1/7/2014,-,Not found,1,14,2,Yes,1/7/2014,Not found,1,"players corrected transfer

"
Adam Mitchell,https://www.transfermarkt.com/adam-mitchell/profil/spieler/196316,Success,196316,spieler,Adam Mitchell,02/12/1994 (31),Durham,"1,74 m",England,Attack - Right Winger,right,Not found,West Auckland,10/1/2024,-,Not found,0,0,0,No,Not found,Not found,0,"players corrected transfer

"
Maicon Sisenando,https://www.transfermarkt.com/maicon/profil/spieler/18301,Success,18301,spieler,Maicon,26/07/1981 (44),Novo Hamburgo,"1,85 m",Brazil,Defender - Right-Back,right,Not found,Tre Penne,16/07/2021,-,Nike,19,626,125,Yes,16/07/2021,Not found,8,"players corrected transfer

"
Alex Smith,https://www.transfermarkt.com/alex-smith/profil/spieler/116655,Success,116655,spieler,Alex Smith,31/10/1991 (34),London,"1,77 m",England,Midfield - Central Midfield,left,Not found,Without Club,1/7/2019,-,Not found,0,0,0,No,Not found,Not found,0,"players corrected transfer

"
Ki Sung-yueng,https://www.transfermarkt.com/sung-yueng-ki/profil/spieler/81796,Success,81796,spieler,Sung-yueng Ki,24/01/1989 (36),Gwangju,"1,88 m","Korea, South",Midfield - Defensive Midfield,right,Not found,Pohang Steelers,3/7/2025,-,Nike,18,1059,133,No,Not found,40,10,"players corrected transfer

"
Adrián,https://www.transfermarkt.com/adrian/profil/spieler/71271,Success,71271,spieler,Adrián,03/01/1987 (38),Sevilla,"1,90 m",Spain,Goalkeeper,right,Not found,Real Betis,8/7/2024,30/06/2026,adidas,2,42,11,No,Not found,13,2,"players corrected transfer

"
Luis Alberto,https://www.transfermarkt.com/luis-alberto/profil/spieler/128220,Success,128220,spieler,Luis Alberto,28/09/1992 (33),San José del Valle,"1,83 m",Spain,Midfield - Attacking Midfield,right,Not found,Al-Duhail SC,1/7/2024,30/06/2027,adidas,26,271,55,No,Not found,10,10,"players corrected transfer

"
Sone Aluko,https://www.transfermarkt.com/sone-aluko/profil/spieler/42198,Success,42198,spieler,Sone Aluko,19/02/1989 (36),London,"1,73 m",Nigeria  England,Attack - Right Winger,left,Not found,Ipswich,1/7/2024,-,Not found,7,248,78,Yes,1/7/2024,Not found,5,"players corrected transfer

"
Kim Bo-kyung,https://www.transfermarkt.com/bo-kyung-kim/profil/spieler/128375,Success,128375,spieler,Bo-kyung Kim,06/10/1989 (36),"Gurye, Jeollanam","1,78 m","Korea, South",Midfield - Attacking Midfield,left,Not found,FC Anyang,23/01/2025,-,Not found,5,123,20,No,Not found,24,5,"players corrected transfer

"
Cabral,https://www.transfermarkt.com/cabral/profil/spieler/33046,Success,33046,spieler,Cabral,22/10/1988 (37),Praia,"1,80 m",Switzerland  Cape Verde,Midfield - Defensive Midfield,right,Not found,Lausanne-Sport,1/7/2020,-,adidas,6,133,15,Yes,1/7/2020,Not found,4,"players corrected transfer

"
Cala,https://www.transfermarkt.com/juan-cala/profil/spieler/67089,Success,67089,spieler,Juan Cala,26/11/1989 (36),Lebrija,"1,86 m",Spain,Defender - Centre-Back,right,Not found,Cádiz CF,5/10/2023,-,Not found,7,488,59,Yes,5/10/2023,Not found,6,"players corrected transfer

"
José Cañas,https://www.transfermarkt.com/jose-alberto-canas/profil/spieler/69609,Success,69609,spieler,José Alberto Cañas,27/05/1987 (38),Rota,"1,78 m",Spain,Midfield - Defensive Midfield,right,Not found,Manchester 62,28/08/2024,30/06/2026,Not found,8,309,53,No,Not found,87,5,"players corrected transfer

"
Mohamed Gedo,https://www.transfermarkt.com/gedo/profil/spieler/104941,Success,104941,spieler,Gedo,30/10/1984 (41),Damanhour,"1,84 m",Egypt,Attack - Centre-Forward,right,Not found,El Gouna,10/1/2021,-,Not found,5,394,41,Yes,10/1/2021,Not found,4,"players corrected transfer

"
Mats Møller Dæhli,https://www.transfermarkt.com/mats-moller-daehli/profil/spieler/190831,Success,190831,spieler,Mats Møller Dæhli,02/03/1995 (30),Oslo,"1,72 m",Norway,Midfield - Central Midfield,right,Not found,Molde FK,31/01/2024,31/12/2027,Not found,16,536,79,No,Not found,17,9,"players corrected transfer

"
Liam O'Neil,https://www.transfermarkt.com/liam-oneil/profil/spieler/141349,Success,141349,spieler,Liam O'Neil,31/07/1993 (32),Cambridge,"1,81 m",England  Wales,Midfield - Defensive Midfield,right,Not found,Boreham Wood,8/12/2023,-,Not found,0,0,0,Yes,8/12/2023,Not found,0,"players corrected transfer

"
Willian,https://www.transfermarkt.com/willian/profil/spieler/52769,Success,52769,spieler,Willian,09/08/1988 (37),Ribeirão Pires,"1,75 m",Brazil,Attack - Left Winger,right,Not found,Grêmio,5/9/2025,31/12/2026,Puma,17,276,49,No,Not found,88,9,"players corrected transfer

"
James Wilson,https://www.transfermarkt.com/james-wilson/profil/spieler/214104,Success,214104,spieler,James Wilson,01/12/1995 (30),Biddulph,"1,83 m",England,Attack - Centre-Forward,left,Not found,Without Club,1/7/2025,-,adidas,5,395,58,No,Not found,Not found,3,"players corrected transfer

"
Michael Duff,https://www.transfermarkt.com/michael-duff/profil/spieler/36894,Success,36894,spieler,Michael Duff,11/01/1978 (47),Belfast,"1,85 m",Northern Ireland,Defender - Centre-Back,right,Not found,Burnley,1/7/2016,-,Not found,1,40,8,Yes,1/7/2016,Not found,1,"players corrected transfer

"
Fernando,https://www.transfermarkt.com/fernando/profil/spieler/51174,Success,51174,spieler,Fernando,25/07/1987 (38),Brasília,"1,83 m",Brazil  Portugal,Midfield - Defensive Midfield,right,Not found,Without Club,13/08/2025,-,New Balance,27,961,128,No,Not found,Not found,13,"players corrected transfer

"
Nenê,https://www.transfermarkt.com/nene/profil/spieler/29091,Success,29091,spieler,Nenê,19/07/1981 (44),Jundiaí,"1,81 m",Brazil  Spain,Midfield - Attacking Midfield,left,Not found,Juventude,12/4/2023,31/12/2025,Puma,3,153,21,No,Not found,10,3,"players corrected transfer

"
José Pozo,https://www.transfermarkt.com/jose-pozo/profil/spieler/195605,Success,195605,spieler,José Pozo,15/03/1996 (29),Málaga,"1,71 m",Spain,Midfield - Attacking Midfield,left,Not found,Pogon Szczecin,1/7/2025,30/06/2027,Not found,4,220,29,No,Not found,14,4,"players corrected transfer

"
Carlos Sánchez,https://www.transfermarkt.com/carlos-sanchez/profil/spieler/51226,Success,51226,spieler,Carlos Sánchez,06/02/1986 (39),Quibdó,"1,82 m",Colombia,Midfield - Defensive Midfield,left,Not found,Barracas C.,1/1/2025,-,Nike,5,329,57,Yes,1/1/2025,Not found,3,"players corrected transfer

"
Yun Suk-young,https://www.transfermarkt.com/seok-yeong-yun/profil/spieler/126643,Success,126643,spieler,Seok-yeong Yun,13/02/1990 (35),"Suwon, Gyeonggi","1,83 m","Korea, South",Defender - Left-Back,left,Not found,Cheongju FC,21/03/2025,-,adidas,6,224,49,No,Not found,36,5,"players corrected transfer

"
Filip Đuričić,https://www.transfermarkt.com/filip-djuricic/profil/spieler/94307,Success,94307,spieler,Filip Djuricic,30/01/1992 (33),Belgrade,"1,81 m",Serbia,Midfield - Attacking Midfield,right,Not found,Panathinaikos,1/7/2023,30/06/2026,adidas,12,370,64,No,Not found,31,9,"players corrected transfer

"
Éder,https://www.transfermarkt.com/eder/profil/spieler/84481,Success,84481,spieler,Éder,22/12/1987 (37),Bissau,"1,90 m",Portugal  Guinea-Bissau,Attack - Centre-Forward,both,Not found,Al-Raed,25/07/2022,-,Nike,5,120,22,Yes,25/07/2022,Not found,3,"players corrected transfer

"
Son Heung-min,https://www.transfermarkt.com/heung-min-son/profil/spieler/91845,Success,91845,spieler,Heung-min Son,08/07/1992 (33),"Chuncheon, Gangwon","1,84 m","Korea, South",Attack - Left Winger,both,Not found,LAFC,6/8/2025,31/12/2027,adidas,17,458,77,No,Not found,7,10,"players corrected transfer

"
Jordan Pickford,https://www.transfermarkt.com/jordan-pickford/profil/spieler/130164,Success,130164,spieler,Jordan Pickford,07/03/1994 (31),Washington,"1,85 m",England,Goalkeeper,left,Not found,Everton,1/7/2017,30/06/2029,Puma,4,120,27,No,Not found,1,4,"players corrected transfer

"
Charlie Adam,https://www.transfermarkt.com/charlie-adam/profil/spieler/28990,Success,28990,spieler,Charlie Adam,10/12/1985 (39),Dundee,"1,85 m",Scotland,Midfield - Central Midfield,left,Not found,Dundee FC,21/09/2022,-,Nike,4,183,30,Yes,21/09/2022,Not found,4,first scrap players transfer
Emmanuel Adebayor,https://www.transfermarkt.com/emmanuel-adebayor/profil/spieler/8883,Success,8883,spieler,Emmanuel Adebayor,26/02/1984 (41),Lomé,"1,92 m",Togo  Nigeria,Attack - Centre-Forward,right,Not found,AC Semassi FC,20/03/2023,-,Not found,19,214,43,Yes,20/03/2023,Not found,8,first scrap players transfer
Gabriel Agbonlahor,https://www.transfermarkt.com/gabriel-agbonlahor/profil/spieler/37148,Success,37148,spieler,Gabriel Agbonlahor,13/10/1986 (39),Birmingham,"1,83 m",England  Nigeria,Attack - Centre-Forward,right,Not found,Aston Villa,1/7/2018,-,Not found,12,365,46,Yes,1/7/2018,Not found,8,first scrap players transfer
Daniel Agger,https://www.transfermarkt.com/daniel-agger/profil/spieler/22832,Success,22832,spieler,Daniel Agger,12/12/1984 (40),Hvidovre,"1,91 m",Denmark,Defender - Centre-Back,left,Not found,Bröndby IF,1/7/2016,-,Not found,10,579,122,Yes,1/7/2016,Not found,7,first scrap players transfer
Yakubu Aiyegbeni,https://www.transfermarkt.com/yakubu-aiyegbeni/profil/spieler/8559,Success,8559,spieler,Yakubu Aiyegbeni,22/11/1982 (43),Benin City,"1,83 m",Nigeria,Attack - Centre-Forward,Not found,Not found,Coventry,22/11/2017,-,Not found,1,184,34,Yes,22/11/2017,Not found,1,first scrap players transfer
Marc Albrighton,https://www.transfermarkt.com/marc-albrighton/profil/spieler/61560,Success,61560,spieler,Marc Albrighton,18/11/1989 (36),Tamworth,"1,75 m",England,Midfield - Right Midfield,right,Not found,Leicester,29/08/2024,-,Nike,5,254,34,Yes,29/08/2024,Not found,4,first scrap players transfer
Antolín Alcaraz,https://www.transfermarkt.com/antoln-alcaraz/profil/spieler/14259,Success,14259,spieler,Antolín Alcaraz,30/07/1982 (43),Roque González,"1,87 m",Paraguay  Italy,Defender - Centre-Back,right,Not found,Olimpia,30/10/2023,-,Not found,7,541,96,Yes,30/10/2023,Not found,6,first scrap players transfer
Alex,https://www.transfermarkt.com/alex/profil/spieler/349066,Success,349066,spieler,Alexander Isak,21/09/1999 (26),Solna,"1,92 m",Sweden  Eritrea,Attack - Centre-Forward,right,Not found,Liverpool,1/9/2025,30/06/2031,adidas,17,368,73,No,Not found,9,8,first scrap players transfer
Manuel Almunia,https://www.transfermarkt.com/manuel-almunia/profil/spieler/16621,Success,16621,spieler,Manuel Almunia,19/05/1977 (48),Pamplona,"1,91 m",Spain,Goalkeeper,right,Not found,Watford,27/08/2014,-,Not found,7,161,36,Yes,27/08/2014,Not found,4,first scrap players transfer
Marcos Alonso,https://www.transfermarkt.com/marcos-alonso/profil/spieler/112515,Success,112515,spieler,Marcos Alonso,28/12/1990 (34),Madrid,"1,88 m",Spain,Defender - Centre-Back,left,Not found,Celta de Vigo,28/08/2024,30/06/2026,Nike,12,482,87,No,Not found,20,8,first scrap players transfer
Sammy Ameobi,https://www.transfermarkt.com/sammy-ameobi/profil/spieler/92381,Success,92381,spieler,Sammy Ameobi,01/05/1992 (33),Newcastle upon Tyne,"1,90 m",England  Nigeria,Attack - Left Winger,left,Not found,Middlesbrough,1/7/2022,-,Not found,2,159,24,Yes,1/7/2022,Not found,2,first scrap players transfer
Shola Ameobi,https://www.transfermarkt.com/shola-ameobi/profil/spieler/3276,Success,3276,spieler,Shola Ameobi,12/10/1981 (44),Zaria,"1,91 m",Nigeria  England,Attack - Centre-Forward,right,Not found,Notts County,1/7/2018,-,Not found,5,97,19,Yes,1/7/2018,Not found,2,first scrap players transfer
Anderson,https://www.transfermarkt.com/anderson/profil/spieler/8564,Success,8564,spieler,Deco,27/08/1977 (48),São Bernardo do Campo,"1,76 m",Portugal  Brazil,Midfield - Attacking Midfield,right,Not found,Fluminense,26/08/2013,-,Not found,7,170,44,Yes,26/08/2013,Not found,3,first scrap players transfer
Keith Andrews,https://www.transfermarkt.com/keith-andrews/profil/spieler/8035,Success,8035,spieler,Keith Andrews,13/09/1980 (45),Dublin,"1,83 m",Ireland  England,Midfield - Central Midfield,right,Not found,Bolton,4/8/2015,-,Not found,1,14,3,Yes,4/8/2015,Not found,1,first scrap players transfer
Nicolas Anelka,https://www.transfermarkt.com/nicolas-anelka/profil/spieler/3226,Success,3226,spieler,Nicolas Anelka,14/03/1979 (46),Versailles,"1,86 m",France  Martinique,Attack - Centre-Forward,right,Not found,Mumbai City,1/1/2016,-,Not found,13,294,53,Yes,1/1/2016,Not found,8,first scrap players transfer
Marcos Angeleri,https://www.transfermarkt.com/marcos-angeleri/profil/spieler/27448,Success,27448,spieler,Marcos Angeleri,07/04/1983 (42),Treinta de Agosto,"1,83 m",Argentina  Italy,Defender - Right-Back,right,Not found,Argentinos Jrs.,1/7/2020,-,Nike,7,543,90,Yes,1/7/2020,Not found,5,first scrap players transfer
Victor Anichebe,https://www.transfermarkt.com/victor-anichebe/profil/spieler/39532,Success,39532,spieler,Victor Anichebe,23/04/1988 (37),Lagos,"1,90 m",Nigeria  England,Attack - Centre-Forward,right,Not found,BJ Enterprises,1/7/2018,-,Not found,9,512,106,Yes,1/7/2018,Not found,6,first scrap players transfer
Andrey Arshavin,https://www.transfermarkt.com/andrey-arshavin/profil/spieler/15378,Success,15378,spieler,Andrey Arshavin,29/05/1981 (44),Leningrad,"1,72 m",Russia,Attack - Left Winger,both,Not found,Kairat Almaty,1/1/2019,-,Not found,6,116,23,Yes,1/1/2019,Not found,4,first scrap players transfer
Mikel Arteta,https://www.transfermarkt.com/mikel-arteta/profil/spieler/7451,Success,7451,spieler,Mikel Arteta,26/03/1982 (43),Donostia-San Sebastián,"1,77 m",Spain,Midfield - Central Midfield,right,Not found,Arsenal,1/7/2016,-,Puma,14,701,168,Yes,1/7/2016,Not found,7,first scrap players transfer
Benoît Assou-Ekotto,https://www.transfermarkt.com/benot-assou-ekotto/profil/spieler/18310,Success,18310,spieler,Benoît Assou-Ekotto,24/03/1984 (41),Arras,"1,78 m",Cameroon  France,Defender - Left-Back,left,Not found,FC Metz,1/7/2018,-,Not found,6,521,100,Yes,1/7/2018,Not found,5,first scrap players transfer
Fábio Aurélio,https://www.transfermarkt.com/fbio-aurlio/profil/spieler/7570,Success,7570,spieler,Fábio Aurélio,24/09/1979 (46),São Carlos,"1,78 m",Brazil  Italy,Defender - Left-Back,left,Not found,Grêmio,1/1/2014,-,Not found,7,342,67,Yes,1/1/2014,Not found,5,first scrap players transfer
Demba Ba,https://www.transfermarkt.com/demba-ba/profil/spieler/40205,Success,40205,spieler,Demba Ba,25/05/1985 (40),Sèvres,"1,89 m",Senegal  France,Attack - Centre-Forward,right,Not found,FC Lugano,13/09/2021,-,Not found,16,805,98,Yes,13/09/2021,Not found,7,first scrap players transfer
Ryan Babel,https://www.transfermarkt.com/ryan-babel/profil/spieler/16135,Success,16135,spieler,Ryan Babel,19/12/1986 (38),Amsterdam,"1,85 m",Netherlands  Suriname,Attack - Left Winger,right,Not found,Eyüpspor,9/11/2024,-,Not found,23,516,113,Yes,9/11/2024,Not found,12,first scrap players transfer
Leighton Baines,https://www.transfermarkt.com/leighton-baines/profil/spieler/13507,Success,13507,spieler,Leighton Baines,11/12/1984 (40),Kirkby,"1,70 m",England,Defender - Left-Back,left,Not found,Everton,27/07/2020,-,adidas,6,379,61,Yes,27/07/2020,Not found,4,first scrap players transfer
Chris Baird,https://www.transfermarkt.com/chris-baird/profil/spieler/4115,Success,4115,spieler,Chris Baird,25/02/1982 (43),Rasharkin,"1,85 m",Northern Ireland,Midfield - Defensive Midfield,right,Not found,Derby,7/2/2019,-,Not found,3,34,7,Yes,7/2/2019,Not found,3,first scrap players transfer
Nathan Baker,https://www.transfermarkt.com/nathan-baker/profil/spieler/62638,Success,62638,spieler,Nathan Baker,23/04/1991 (34),Worcester,"1,89 m",England,Defender - Centre-Back,left,Not found,Bristol City,29/08/2022,-,Nike,8,888,90,Yes,29/08/2022,Not found,5,first scrap players transfer
Gareth Bale,https://www.transfermarkt.com/gareth-bale/profil/spieler/39381,Success,39381,spieler,Gareth Bale,16/07/1989 (36),Cardiff,"1,86 m",Wales,Attack - Right Winger,left,Not found,LAFC,9/1/2023,-,adidas,43,1122,256,Yes,9/1/2023,Not found,15,first scrap players transfer
Mario Balotelli,https://www.transfermarkt.com/mario-balotelli/profil/spieler/45146,Success,45146,spieler,Mario Balotelli,12/08/1990 (35),Palermo,"1,89 m",Italy  Ghana,Attack - Centre-Forward,right,Not found,Without Club,1/7/2025,-,Puma,36,906,135,No,Not found,Not found,14,first scrap players transfer
Barry Bannan,https://www.transfermarkt.com/barry-bannan/profil/spieler/61561,Success,61561,spieler,Barry Bannan,01/12/1989 (35),Airdrie,"1,69 m",Scotland,Midfield - Central Midfield,left,Not found,Sheff Wed,31/08/2015,30/06/2026,Not found,1,77,18,No,Not found,10,1,first scrap players transfer
Alex Baptiste,https://www.transfermarkt.com/alex-baptiste/profil/spieler/16660,Success,16660,spieler,Alex Baptiste,31/01/1986 (39),Sutton-in-Ashfield,"1,80 m",England,Defender - Centre-Back,right,Not found,Without Club,1/1/2023,-,Not found,1,198,33,No,Not found,Not found,1,first scrap players transfer
Phil Bardsley,https://www.transfermarkt.com/phil-bardsley/profil/spieler/15773,Success,15773,spieler,Phil Bardsley,28/06/1985 (40),Salford,"1,80 m",Scotland  England,Defender - Right-Back,right,Not found,Stockport,1/7/2023,-,Not found,14,285,42,Yes,1/7/2023,Not found,8,first scrap players transfer
Giles Barnes,https://www.transfermarkt.com/giles-barnes/profil/spieler/37236,Success,37236,spieler,Giles Barnes,05/08/1988 (37),Barking,"1,83 m",Jamaica  England,Attack - Centre-Forward,right,Not found,Hyderabad FC,1/7/2020,-,Not found,6,167,29,Yes,1/7/2020,Not found,4,first scrap players transfer
Pablo Barrera,https://www.transfermarkt.com/pablo-barrera/profil/spieler/51079,Success,51079,spieler,Pablo Barrera,21/06/1987 (38),Tlalnepantla,"1,75 m",Mexico,Attack - Right Winger,right,Not found,Querétaro FC,5/7/2021,31/12/2025,Not found,1,184,34,No,Not found,8,1,first scrap players transfer
Gareth Barry,https://www.transfermarkt.com/gareth-barry/profil/spieler/3291,Success,3291,spieler,Gareth Barry,23/02/1981 (44),Hastings,"1,84 m",England,Midfield - Defensive Midfield,left,Not found,Hurstpierpoint,22/07/2024,-,Not found,3,126,21,No,Not found,Not found,2,first scrap players transfer
Joey Barton,https://www.transfermarkt.com/joey-barton/profil/spieler/3292,Success,3292,spieler,Joey Barton,02/09/1982 (43),Huyton,"1,80 m",England,Midfield - Central Midfield,right,Not found,Burnley,1/7/2017,-,Nike,3,125,19,Yes,1/7/2017,Not found,2,first scrap players transfer
Chris Basham,https://www.transfermarkt.com/chris-basham/profil/spieler/52495,Success,52495,spieler,Chris Basham,20/07/1988 (37),Hebburn,"1,90 m",England,Defender - Centre-Back,right,Not found,Sheff Utd,28/08/2024,-,Not found,5,500,57,Yes,28/08/2024,Not found,4,first scrap players transfer
Sébastien Bassong,https://www.transfermarkt.com/sbastien-bassong/profil/spieler/33951,Success,33951,spieler,Sébastien Bassong,09/07/1986 (39),Paris,"1,87 m",Cameroon  France,Defender - Centre-Back,left,Not found,Volos NPS,1/1/2020,-,Not found,1,8,3,Yes,1/1/2020,Not found,1,first scrap players transfer
Jose Baxter,https://www.transfermarkt.com/jose-baxter/profil/spieler/82734,Success,82734,spieler,Jose Baxter,07/02/1992 (33),Bootle,"1,79 m",England,Midfield - Attacking Midfield,right,Not found,Memphis 901,8/8/2021,-,Not found,0,0,0,Yes,8/8/2021,Not found,0,first scrap players transfer
James Beattie,https://www.transfermarkt.com/james-beattie/profil/spieler/3112,Success,3112,spieler,James Beattie,27/02/1978 (47),Lancaster,"1,85 m",England,Attack - Centre-Forward,right,Not found,Accrington,1/7/2013,-,Not found,2,93,17,Yes,1/7/2013,Not found,2,first scrap players transfer
Jean Beausejour,https://www.transfermarkt.com/jean-beausejour/profil/spieler/18871,Success,18871,spieler,Jean Beausejour,01/06/1984 (41),Santiago de Chile,"1,78 m",Chile  Haiti,Defender - Left-Back,left,Not found,Coquimbo Unido,28/01/2022,-,Not found,17,374,58,Yes,28/01/2022,Not found,8,first scrap players transfer
Bebé,https://www.transfermarkt.com/beb/profil/spieler/26541,Success,26541,spieler,Bebeto,16/02/1964 (61),Salvador,"1,76 m",Brazil,Attack - Centre-Forward,both,Not found,Al-Ittihad,22/12/2003,-,Not found,0,0,0,Yes,22/12/2003,Not found,0,first scrap players transfer
Jermaine Beckford,https://www.transfermarkt.com/jermaine-beckford/profil/spieler/38874,Success,38874,spieler,Jermaine Beckford,09/12/1983 (41),London,"1,88 m",Jamaica  England,Attack - Centre-Forward,right,Not found,Bury,1/9/2019,-,Not found,1,186,34,Yes,1/9/2019,Not found,1,first scrap players transfer
Roman Bednář,https://www.transfermarkt.com/roman-bedn/profil/spieler/26898,Success,26898,spieler,Roman Bednar,26/03/1983 (42),Praha,"1,88 m",Czech Republic,Attack - Centre-Forward,right,Not found,Hovorcovice,14/09/2023,-,Not found,2,45,7,No,Not found,Not found,1,first scrap players transfer
Asmir Begović,https://www.transfermarkt.com/asmir-begovi/profil/spieler/33873,Success,33873,spieler,Asmir Begovic,20/06/1987 (38),Trebinje,"1,99 m",Bosnia-Herzegovina  Canada,Goalkeeper,right,Not found,Leicester,29/07/2025,30/06/2026,AB1,3,45,10,No,Not found,31,3,first scrap players transfer
Valon Behrami,https://www.transfermarkt.com/valon-behrami/profil/spieler/21905,Success,21905,spieler,Valon Behrami,19/04/1985 (40),Mitrovicë,"1,84 m",Switzerland  Kosovo,Midfield - Central Midfield,right,Not found,Brescia,1/7/2022,-,Nike,29,933,177,Yes,1/7/2022,Not found,13,first scrap players transfer
Hatem Ben Arfa,https://www.transfermarkt.com/hatem-ben-arfa/profil/spieler/18900,Success,18900,spieler,Hatem Ben Arfa,07/03/1987 (38),Clamart,"1,79 m",France  Tunisia,Midfield - Attacking Midfield,left,Not found,Lille,1/7/2024,-,adidas,9,593,182,Yes,1/7/2024,Not found,8,first scrap players transfer
Tal Ben Haim,https://www.transfermarkt.com/tal-ben-haim/profil/spieler/20714,Success,20714,spieler,Tal Ben Haim,31/03/1982 (43),Rishon LeZion,"1,83 m",Israel,Defender - Centre-Back,right,Not found,B. Jerusalem,1/7/2021,-,Not found,2,92,21,Yes,1/7/2021,Not found,2,first scrap players transfer
Yossi Benayoun,https://www.transfermarkt.com/yossi-benayoun/profil/spieler/7858,Success,7858,spieler,Yossi Benayoun,05/05/1980 (45),Dimona,"1,75 m",Israel,Attack - Right Winger,right,Not found,B. Jerusalem,5/5/2019,-,Not found,4,295,57,Yes,5/5/2019,Not found,3,first scrap players transfer
Nicklas Bendtner,https://www.transfermarkt.com/nicklas-bendtner/profil/spieler/34557,Success,34557,spieler,Nicklas Bendtner,16/01/1988 (37),Kopenhagen,N/A,Denmark,Attack - Centre-Forward,N/A,Not found,Copenhagen,1/1/2020,-,Nike,12,397,88,Yes,1/1/2020,Not found,8,first scrap players transfer
Benjani,https://www.transfermarkt.com/benjani/profil/spieler/12063,Success,12063,spieler,Benjani,13/08/1978 (47),Bulawayo,"1,88 m",Zimbabwe,Attack - Centre-Forward,right,Not found,Bidvest Wits FC,1/7/2014,-,Not found,2,141,24,Yes,1/7/2014,Not found,1,first scrap players transfer
Darren Bent,https://www.transfermarkt.com/darren-bent/profil/spieler/13239,Success,13239,spieler,Darren Bent,06/02/1984 (41),London,"1,80 m",England  Jamaica,Attack - Centre-Forward,right,Not found,Derby,1/7/2018,-,Not found,9,387,80,Yes,1/7/2018,Not found,6,first scrap players transfer
Marcus Bent,https://www.transfermarkt.com/marcus-bent/profil/spieler/9958,Success,9958,spieler,Marcus Bent,19/05/1978 (47),"Hammersmith, London","1,88 m",England  Jamaica,Attack - Centre-Forward,right,Not found,Cornard United,4/1/2020,-,Not found,1,44,11,No,Not found,Not found,1,first scrap players transfer
David Bentley,https://www.transfermarkt.com/david-bentley/profil/spieler/3205,Success,3205,spieler,David Bentley,27/08/1984 (41),Peterborough,"1,78 m",England,Midfield - Right Midfield,right,Not found,Tottenham,13/06/2014,-,Not found,1,179,43,Yes,13/06/2014,Not found,1,first scrap players transfer
Dimitar Berbatov,https://www.transfermarkt.com/dimitar-berbatov/profil/spieler/65,Success,65,spieler,Dimitar Berbatov,30/01/1981 (44),Blagoevgrad,N/A,Bulgaria,Attack - Centre-Forward,N/A,Not found,Kerala Blasters,1/4/2018,-,Not found,14,264,50,Yes,1/4/2018,Not found,7,first scrap players transfer
Christophe Berra,https://www.transfermarkt.com/christophe-berra/profil/spieler/36602,Success,36602,spieler,Christophe Berra,31/01/1985 (40),Edinburgh,"1,90 m",Scotland  France,Defender - Centre-Back,left,Not found,Raith Rovers,26/07/2022,-,Not found,7,332,37,Yes,26/07/2022,Not found,4,first scrap players transfer
Ryan Bertrand,https://www.transfermarkt.com/ryan-bertrand/profil/spieler/40611,Success,40611,spieler,Ryan Bertrand,05/08/1989 (36),London,"1,79 m",England,Defender - Left-Back,left,Not found,Leicester,1/7/2023,-,Not found,11,913,139,Yes,1/7/2023,Not found,8,first scrap players transfer
Leon Best,https://www.transfermarkt.com/leon-best/profil/spieler/28244,Success,28244,spieler,Leon Best,19/09/1986 (39),Nottingham,"1,87 m",Ireland  England,Attack - Centre-Forward,right,Not found,Charlton,28/01/2018,-,Not found,4,418,13,Yes,28/01/2018,Not found,3,first scrap players transfer
Habib Beye,https://www.transfermarkt.com/habib-beye/profil/spieler/3923,Success,3923,spieler,Habib Beye,19/10/1977 (48),Suresnes,"1,82 m",Senegal  France,Defender - Right-Back,right,Not found,Doncaster,1/7/2012,-,Not found,2,90,15,Yes,1/7/2012,Not found,1,first scrap players transfer
Diniyar Bilyaletdinov,https://www.transfermarkt.com/diniyar-bilyaletdinov/profil/spieler/16690,Success,16690,spieler,Diniyar Bilyaletdinov,27/02/1985 (40),Moskau,"1,85 m",Russia,Midfield - Attacking Midfield,left,Not found,Trakai,5/2/2019,-,Not found,4,250,30,Yes,5/2/2019,Not found,3,first scrap players transfer
Mame Biram Diouf,https://www.transfermarkt.com/mame-biram-diouf/profil/spieler/62049,Success,62049,spieler,Mame Diouf,16/12/1987 (37),Dakar,"1,85 m",Senegal,Attack - Centre-Forward,right,Not found,A. Keciörengücü,10/9/2024,30/06/2026,Not found,9,378,50,No,Not found,55,6,first scrap players transfer
Robbie Blake,https://www.transfermarkt.com/robbie-blake/profil/spieler/3490,Success,3490,spieler,Robbie Blake,04/03/1976 (49),Middlesbrough,"1,75 m",England,Attack - Second Striker,Not found,Not found,Northumbria,1/1/2014,-,Not found,0,0,0,Yes,1/1/2014,Not found,0,first scrap players transfer
Luís Boa Morte,https://www.transfermarkt.com/lus-boa-morte/profil/spieler/3422,Success,3422,spieler,Luís Boa Morte,04/08/1977 (48),Lisboa,"1,78 m",Portugal  Sao Tome and Principe,Midfield - Left Midfield,left,Not found,Chesterfield,10/1/2013,-,Not found,1,230,32,Yes,10/1/2013,Not found,1,first scrap players transfer
Jérôme Boateng,https://www.transfermarkt.com/jrme-boateng/profil/spieler/26485,Success,26485,spieler,Jérôme Boateng,03/09/1988 (37),Berlin,"1,92 m",Germany,Defender - Centre-Back,right,Not found,LASK,19/09/2025,-,Not found,57,1188,195,Yes,19/09/2025,Not found,16,first scrap players transfer
Ruud Boffin,https://www.transfermarkt.com/ruud-boffin/profil/spieler/31336,Success,31336,spieler,Ruud Boffin,05/11/1987 (38),Sint-Truiden,"1,96 m",Belgium,Goalkeeper,right,Not found,Antalyaspor,1/12/2022,-,Not found,7,110,19,Yes,1/12/2022,Not found,6,first scrap players transfer
Ádám Bogdán,https://www.transfermarkt.com/dm-bogdn/profil/spieler/55247,Success,55247,spieler,Ádám Bogdán,27/09/1987 (38),Budapest,"1,94 m",Hungary,Goalkeeper,right,Not found,Ferencváros,15/09/2023,-,Not found,3,733,129,Yes,15/09/2023,Not found,3,first scrap players transfer
Mauro Boselli,https://www.transfermarkt.com/mauro-boselli/profil/spieler/40822,Success,40822,spieler,Mauro Boselli,22/05/1985 (40),Buenos Aires,"1,81 m",Argentina  Mexico,Attack - Centre-Forward,right,Not found,Estudiantes LP,1/1/2024,-,Not found,8,163,42,Yes,1/1/2024,Not found,5,first scrap players transfer
José Bosingwa,https://www.transfermarkt.com/jos-bosingwa/profil/spieler/9813,Success,9813,spieler,Bosingwa,24/08/1982 (43),Mbandaka,"1,83 m",Portugal  DR Congo,Defender - Right-Back,right,Not found,Trabzonspor,1/7/2016,-,Not found,13,753,124,Yes,1/7/2016,Not found,6,first scrap players transfer
Lee Bowyer,https://www.transfermarkt.com/lee-bowyer/profil/spieler/3877,Success,3877,spieler,Lee Bowyer,03/01/1977 (48),London,"1,75 m",England,Midfield - Central Midfield,right,Not found,Ipswich,1/7/2012,-,Not found,1,88,15,Yes,1/7/2012,Not found,1,first scrap players transfer
Dedryck Boyata,https://www.transfermarkt.com/dedryck-boyata/profil/spieler/88262,Success,88262,spieler,Dedryck Boyata,28/11/1990 (34),Brussel,"1,88 m",Belgium  DR Congo,Defender - Centre-Back,right,Not found,Club Brugge,12/8/2025,-,Not found,25,930,139,Yes,12/8/2025,Not found,7,first scrap players transfer
Emmerson Boyce,https://www.transfermarkt.com/emmerson-boyce/profil/spieler/19641,Success,19641,spieler,Emmerson Boyce,24/09/1979 (46),Aylesbury,"1,80 m",Barbados  England,Defender - Right-Back,right,Not found,Ashton Town,1/7/2022,-,Not found,2,37,5,Yes,1/7/2022,Not found,2,first scrap players transfer
Michael Bradley,https://www.transfermarkt.com/michael-bradley/profil/spieler/30593,Success,30593,spieler,Michael Bradley,31/07/1987 (38),"Princeton, New Jersey","1,89 m",United States,Midfield - Central Midfield,right,Not found,Toronto,1/1/2024,-,Not found,8,563,74,Yes,1/1/2024,Not found,7,first scrap players transfer
Titus Bramble,https://www.transfermarkt.com/titus-bramble/profil/spieler/3130,Success,3130,spieler,Titus Bramble,31/07/1981 (44),Ipswich,"1,92 m",England  Montserrat,Defender - Centre-Back,right,Not found,Sunderland,1/7/2013,-,Not found,3,141,27,Yes,1/7/2013,Not found,3,first scrap players transfer
Wayne Bridge,https://www.transfermarkt.com/wayne-bridge/profil/spieler/3682,Success,3682,spieler,Wayne Bridge,05/08/1980 (45),Southampton,"1,78 m",England,Defender - Left-Back,left,Not found,Reading,1/7/2014,-,Not found,3,222,47,Yes,1/7/2014,Not found,2,first scrap players transfer
Matthew Briggs,https://www.transfermarkt.com/matthew-briggs/profil/spieler/51318,Success,51318,spieler,Matthew Briggs,06/03/1991 (34),London,"1,83 m",Guyana  England,Defender - Centre-Back,left,Not found,Horsham,29/08/2023,-,Not found,2,344,67,Yes,29/08/2023,Not found,2,first scrap players transfer
Wes Brown,https://www.transfermarkt.com/wes-brown/profil/spieler/3405,Success,3405,spieler,Wes Brown,13/10/1979 (46),Manchester,"1,85 m",England,Defender - Centre-Back,right,Not found,Kerala Blasters,1/7/2018,-,Not found,12,1399,302,Yes,1/7/2018,Not found,10,first scrap players transfer
Jeffrey Bruma,https://www.transfermarkt.com/jeffrey-bruma/profil/spieler/88721,Success,88721,spieler,Jeffrey Bruma,13/11/1991 (34),Rotterdam,"1,89 m",Netherlands  Suriname,Defender - Centre-Back,right,Not found,RKC Waalwijk,26/09/2025,-,Not found,18,634,84,Yes,26/09/2025,Not found,11,first scrap players transfer
Chris Brunt,https://www.transfermarkt.com/chris-brunt/profil/spieler/36814,Success,36814,spieler,Chris Brunt,14/12/1984 (40),Belfast,"1,87 m",Northern Ireland,Midfield - Central Midfield,left,Not found,Bristol City,3/1/2021,-,Not found,4,272,42,Yes,3/1/2021,Not found,4,first scrap players transfer
Mark Bunn,https://www.transfermarkt.com/mark-bunn/profil/spieler/49319,Success,49319,spieler,Mark Bunn,16/11/1984 (41),London,"1,83 m",England  Ireland,Goalkeeper,right,Not found,Aston Villa,1/7/2019,-,Not found,1,37,6,Yes,1/7/2019,Not found,1,first scrap players transfer
Gary Cahill,https://www.transfermarkt.com/gary-cahill/profil/spieler/27511,Success,27511,spieler,Gary Cahill,19/12/1985 (39),Dronfield,"1,93 m",England,Defender - Centre-Back,right,Not found,Bournemouth,16/11/2022,-,adidas,14,410,72,Yes,16/11/2022,Not found,7,first scrap players transfer
Tim Cahill,https://www.transfermarkt.com/tim-cahill/profil/spieler/13556,Success,13556,spieler,Tim Cahill,06/12/1979 (45),Sydney,"1,78 m",Australia  Samoa,Midfield - Attacking Midfield,right,Not found,Jamshedpur FC,1/4/2019,-,New Balance,2,238,25,Yes,1/4/2019,Not found,2,first scrap players transfer
Gary Caldwell,https://www.transfermarkt.com/gary-caldwell/profil/spieler/3791,Success,3791,spieler,Gary Caldwell,12/04/1982 (43),Stirling,"1,85 m",Scotland,Defender - Centre-Back,right,Not found,Wigan,28/02/2015,-,Not found,3,104,5,Yes,28/02/2015,Not found,3,first scrap players transfer
Steven Caldwell,https://www.transfermarkt.com/steven-caldwell/profil/spieler/3462,Success,3462,spieler,Steven Caldwell,12/09/1980 (45),Stirling,"1,83 m",Scotland,Defender - Centre-Back,right,Not found,Toronto,14/07/2015,-,Not found,3,188,33,Yes,14/07/2015,Not found,2,first scrap players transfer
DJ Campbell,https://www.transfermarkt.com/dj-campbell/profil/spieler/37896,Success,37896,spieler,DJ Campbell,12/11/1981 (44),London,"1,78 m",England,Attack - Centre-Forward,right,Not found,Maidenhead Utd.,1/7/2015,-,Not found,3,338,40,Yes,1/7/2015,Not found,2,first scrap players transfer
Fraizer Campbell,https://www.transfermarkt.com/fraizer-campbell/profil/spieler/42411,Success,42411,spieler,Fraizer Campbell,13/09/1987 (38),Huddersfield,"1,72 m",England  Jamaica,Attack - Centre-Forward,right,Not found,Huddersfield,1/7/2022,-,Not found,6,644,108,Yes,1/7/2022,Not found,4,first scrap players transfer
Sol Campbell,https://www.transfermarkt.com/sol-campbell/profil/spieler/3198,Success,3198,spieler,Sol Campbell,18/09/1974 (51),London,"1,88 m",England  Jamaica,Defender - Centre-Back,right,Not found,Newcastle,1/7/2011,-,Not found,1,19,4,Yes,1/7/2011,Not found,1,first scrap players transfer
John Carew,https://www.transfermarkt.com/john-carew/profil/spieler/3570,Success,3570,spieler,John Carew,05/09/1979 (46),Lørenskog,"1,96 m",Norway,Attack - Centre-Forward,right,Not found,West Ham,1/7/2012,-,Not found,6,210,42,Yes,1/7/2012,Not found,3,first scrap players transfer
David Carney,https://www.transfermarkt.com/david-carney/profil/spieler/10387,Success,10387,spieler,David Carney,30/11/1983 (41),Sydney,"1,83 m",Australia,Midfield - Left Midfield,left,Not found,Sydney FC,1/7/2018,-,Not found,0,0,0,Yes,1/7/2018,Not found,0,first scrap players transfer
Stephen Carr,https://www.transfermarkt.com/stephen-carr/profil/spieler/4046,Success,4046,spieler,Stephen Carr,29/08/1976 (49),Dublin,"1,75 m",Ireland,Defender - Right-Back,right,Not found,Birmingham,1/7/2013,-,Not found,3,534,89,Yes,1/7/2013,Not found,3,first scrap players transfer
Jamie Carragher,https://www.transfermarkt.com/jamie-carragher/profil/spieler/3597,Success,3597,spieler,Jamie Carragher,28/01/1978 (47),Bootle,"1,85 m",England  Malta,Defender - Centre-Back,right,Not found,Liverpool,1/7/2013,-,Not found,3,228,48,Yes,1/7/2013,Not found,3,first scrap players transfer
Michael Carrick,https://www.transfermarkt.com/michael-carrick/profil/spieler/3878,Success,3878,spieler,Michael Carrick,28/07/1981 (44),Wallsend,"1,89 m",England,Midfield - Defensive Midfield,right,Not found,Man Utd,1/7/2018,-,Not found,11,516,106,Yes,1/7/2018,Not found,6,first scrap players transfer
Andy Carroll,https://www.transfermarkt.com/andy-carroll/profil/spieler/48066,Success,48066,spieler,Andy Carroll,06/01/1989 (36),Gateshead,"1,94 m",England,Attack - Centre-Forward,left,Not found,Dag & Red FC,12/7/2025,30/06/2028,Not found,25,1921,255,No,Not found,9,13,first scrap players transfer
Scott Carson,https://www.transfermarkt.com/scott-carson/profil/spieler/14555,Success,14555,spieler,Scott Carson,03/09/1985 (40),Whitehaven,"1,88 m",England,Goalkeeper,right,Not found,Man City,23/10/2025,-,Puma,3,94,26,Yes,23/10/2025,Not found,2,first scrap players transfer
Craig Cathcart,https://www.transfermarkt.com/craig-cathcart/profil/spieler/59606,Success,59606,spieler,Craig Cathcart,06/02/1989 (36),Belfast,"1,89 m",Northern Ireland,Defender - Centre-Back,right,Not found,KV Kortrijk,19/09/2023,-,Not found,7,331,57,Yes,19/09/2023,Not found,3,first scrap players transfer
Lee Cattermole,https://www.transfermarkt.com/lee-cattermole/profil/spieler/37363,Success,37363,spieler,Lee Cattermole,21/03/1988 (37),Stockton-on-Tees,"1,78 m",England,Midfield - Defensive Midfield,right,Not found,VVV-Venlo,14/08/2020,-,adidas,14,889,177,Yes,14/08/2020,Not found,7,first scrap players transfer
Marek Čech,https://www.transfermarkt.com/marek-ech/profil/spieler/21354,Success,21354,spieler,Marek Cech,26/01/1983 (42),Trebišov,"1,83 m",Slovakia,Defender - Left-Back,left,Not found,Como,1/7/2016,-,Not found,7,92,15,Yes,1/7/2016,Not found,4,first scrap players transfer
Petr Čech,https://www.transfermarkt.com/petr-ech/profil/spieler/5658,Success,5658,spieler,Petr Cech,20/05/1982 (43),Plzeň,"1,96 m",Czech Republic,Goalkeeper,left,Not found,Arsenal,1/7/2019,-,Puma,15,425,113,Yes,1/7/2019,Not found,11,first scrap players transfer
Marouane Chamakh,https://www.transfermarkt.com/marouane-chamakh/profil/spieler/19085,Success,19085,spieler,Marouane Chamakh,10/01/1984 (41),Tonneins,"1,88 m",Morocco  France,Attack - Centre-Forward,right,Not found,Cardiff,26/05/2019,-,Not found,4,310,41,Yes,26/05/2019,Not found,2,first scrap players transfer
Pascal Chimbonda,https://www.transfermarkt.com/pascal-chimbonda/profil/spieler/18875,Success,18875,spieler,Pascal Chimbonda,21/02/1979 (46),Les Abymes,"1,82 m",Guadeloupe  France,Defender - Right-Back,right,Not found,Without Club,4/5/2024,-,Not found,0,0,0,No,Not found,Not found,0,first scrap players transfer
Ciaran Clark,https://www.transfermarkt.com/ciaran-clark/profil/spieler/98240,Success,98240,spieler,Ciaran Clark,26/09/1989 (36),London,"1,85 m",Ireland  England,Defender - Centre-Back,left,Not found,Stoke City,1/7/2024,-,Not found,14,555,79,Yes,1/7/2024,Not found,9,first scrap players transfer
Tom Cleverley,https://www.transfermarkt.com/tom-cleverley/profil/spieler/73484,Success,73484,spieler,Tom Cleverley,12/08/1989 (36),Basingstoke,"1,75 m",England,Midfield - Central Midfield,right,Not found,Watford,1/7/2023,-,Not found,10,816,130,Yes,1/7/2023,Not found,7,first scrap players transfer
Gaël Clichy,https://www.transfermarkt.com/gal-clichy/profil/spieler/7449,Success,7449,spieler,Gaël Clichy,26/07/1985 (40),Toulouse,"1,76 m",France  Martinique,Defender - Left-Back,left,Not found,Servette FC,1/7/2023,-,Puma,21,460,114,Yes,1/7/2023,Not found,11,first scrap players transfer
Tamir Cohen,https://www.transfermarkt.com/tamir-cohen/profil/spieler/24209,Success,24209,spieler,Tamir Cohen,04/03/1984 (41),Tel Aviv,"1,82 m",Israel  Italy,Midfield - Central Midfield,right,Not found,Hapoel Raanana,1/7/2014,-,Not found,1,48,9,Yes,1/7/2014,Not found,1,first scrap players transfer
Jack Colback,https://www.transfermarkt.com/jack-colback/profil/spieler/61644,Success,61644,spieler,Jack Colback,24/10/1989 (36),Killingworth,"1,77 m",England,Midfield - Defensive Midfield,left,Not found,Without Club,1/7/2025,-,Nike,4,176,29,No,Not found,Not found,3,first scrap players transfer
Ashley Cole,https://www.transfermarkt.com/ashley-cole/profil/spieler/3182,Success,3182,spieler,Ashley Cole,20/12/1980 (44),London,"1,76 m",England  Barbados,Defender - Left-Back,left,Not found,Derby,18/08/2019,-,Nike,10,243,57,Yes,18/08/2019,Not found,5,first scrap players transfer
Carlton Cole,https://www.transfermarkt.com/carlton-cole/profil/spieler/3179,Success,3179,spieler,Carlton Cole,12/10/1983 (42),London,"1,91 m",England  Sierra Leone,Attack - Centre-Forward,right,Not found,PERSIB,4/8/2017,-,Nike,6,152,24,Yes,4/8/2017,Not found,4,first scrap players transfer
Joe Cole,https://www.transfermarkt.com/joe-cole/profil/spieler/3876,Success,3876,spieler,Joe Cole,08/11/1981 (44),London,"1,76 m",England,Midfield - Attacking Midfield,right,Not found,TB Rowdies,1/12/2018,-,Nike,14,541,135,Yes,1/12/2018,Not found,4,first scrap players transfer
Séamus Coleman,https://www.transfermarkt.com/samus-coleman/profil/spieler/68390,Success,68390,spieler,Séamus Coleman,11/10/1988 (37),Donegal,"1,77 m",Ireland,Defender - Right-Back,right,Not found,Everton,1/1/2009,30/06/2026,Nike,24,1179,188,No,Not found,23,13,first scrap players transfer
Danny Collins,https://www.transfermarkt.com/danny-collins/profil/spieler/26183,Success,26183,spieler,Danny Collins,06/08/1980 (45),Chester,"1,85 m",Wales  England,Defender - Centre-Back,left,Not found,Grimsby Town,1/7/2019,-,Not found,0,0,0,Yes,1/7/2019,Not found,0,first scrap players transfer
James Collins,https://www.transfermarkt.com/james-collins/profil/spieler/12691,Success,12691,spieler,James Collins,23/08/1983 (42),Newport,"1,88 m",Wales,Defender - Centre-Back,right,Not found,Ipswich,17/10/2020,-,Not found,9,453,70,Yes,17/10/2020,Not found,7,first scrap players transfer
Jack Collison,https://www.transfermarkt.com/jack-collison/profil/spieler/61568,Success,61568,spieler,Jack Collison,02/10/1988 (37),Watford,"1,83 m",Wales  England,Midfield - Central Midfield,right,Not found,Peterborough,13/02/2016,-,Not found,3,692,100,Yes,13/02/2016,Not found,3,first scrap players transfer
Fabricio Coloccini,https://www.transfermarkt.com/fabricio-coloccini/profil/spieler/6150,Success,6150,spieler,Fabricio Coloccini,22/01/1982 (43),Córdoba,"1,84 m",Argentina  Italy,Defender - Centre-Back,right,Not found,Aldosivi,1/1/2022,-,Nike,4,218,34,Yes,1/1/2022,Not found,3,first scrap players transfer
Jordan Cook,https://www.transfermarkt.com/jordan-cook/profil/spieler/61646,Success,61646,spieler,Jordan Cook,20/03/1990 (35),Sunderland,"1,74 m",England,Attack - Centre-Forward,right,Not found,Shildon AFC,12/8/2024,30/06/2025,Not found,0,0,0,No,Not found,Not found,0,first scrap players transfer
Vedran Ćorluka,https://www.transfermarkt.com/vedran-orluka/profil/spieler/34393,Success,34393,spieler,Vedran Corluka,05/02/1986 (39),Derventa,"1,92 m",Croatia,Defender - Centre-Back,right,Not found,Loko Moskau,1/7/2021,-,Nike,11,333,58,Yes,1/7/2021,Not found,6,first scrap players transfer
Manuel da Costa,https://www.transfermarkt.com/manuel-da-costa/profil/spieler/37398,Success,37398,spieler,Manuel da Costa,06/05/1986 (39),Saint-Max,"1,91 m",Morocco  Portugal,Defender - Centre-Back,right,Not found,F91 Dudelange,1/7/2023,-,Not found,8,231,51,Yes,1/7/2023,Not found,6,first scrap players transfer
Simon Cox,https://www.transfermarkt.com/simon-cox/profil/spieler/37150,Success,37150,spieler,Simon Cox,28/04/1987 (38),Tilehurst,"1,80 m",Ireland  England,Attack - Centre-Forward,left,Not found,Western Sydney,15/10/2021,-,Not found,0,0,0,Yes,15/10/2021,Not found,0,first scrap players transfer
Jody Craddock,https://www.transfermarkt.com/jody-craddock/profil/spieler/4129,Success,4129,spieler,Jody Craddock,25/07/1975 (50),Redditch,"1,83 m",England,Defender - Centre-Back,right,Not found,Wolves,1/7/2013,-,Not found,1,18,3,Yes,1/7/2013,Not found,1,first scrap players transfer
Stephen Crainey,https://www.transfermarkt.com/stephen-crainey/profil/spieler/9499,Success,9499,spieler,Stephen Crainey,22/06/1981 (44),Glasgow,"1,75 m",Scotland,Defender - Left-Back,left,Not found,Fylde,1/7/2016,-,Not found,0,0,0,Yes,1/7/2016,Not found,0,first scrap players transfer
Peter Crouch,https://www.transfermarkt.com/peter-crouch/profil/spieler/4072,Success,4072,spieler,Peter Crouch,30/01/1981 (44),Macclesfield,"2,01 m",England  Ireland,Attack - Centre-Forward,right,Not found,Burnley,12/7/2019,-,Not found,2,31,7,Yes,12/7/2019,Not found,2,first scrap players transfer
Carlo Cudicini,https://www.transfermarkt.com/carlo-cudicini/profil/spieler/3151,Success,3151,spieler,Carlo Cudicini,06/09/1973 (52),Milano,"1,84 m",Italy,Goalkeeper,right,Not found,LA Galaxy,1/7/2014,-,Not found,5,282,58,Yes,1/7/2014,Not found,3,first scrap players transfer
Carlos Cuéllar,https://www.transfermarkt.com/carlos-cullar/profil/spieler/16576,Success,16576,spieler,Carlos Cuéllar,23/08/1981 (44),Madrid,"1,90 m",Spain,Defender - Centre-Back,right,Not found,Bnei Yehuda,17/10/2019,-,Not found,9,202,33,Yes,17/10/2019,Not found,5,first scrap players transfer
Scott Dann,https://www.transfermarkt.com/scott-dann/profil/spieler/62688,Success,62688,spieler,Scott Dann,14/02/1987 (38),Liverpool,"1,94 m",England,Defender - Centre-Back,right,Not found,Reading,1/7/2023,-,adidas,8,667,84,Yes,1/7/2023,Not found,6,first scrap players transfer
Curtis Davies,https://www.transfermarkt.com/curtis-davies/profil/spieler/18227,Success,18227,spieler,Curtis Davies,15/03/1985 (40),London,"1,88 m",Sierra Leone  England,Defender - Centre-Back,right,Not found,Cheltenham,2/8/2024,-,adidas,10,858,145,Yes,2/8/2024,Not found,7,first scrap players transfer
Kevin Davies,https://www.transfermarkt.com/kevin-davies/profil/spieler/4114,Success,4114,spieler,Kevin Davies,26/03/1977 (48),Sheffield,"1,83 m",England,Attack - Centre-Forward,right,Not found,Preston,4/9/2015,-,Not found,1,25,6,Yes,4/9/2015,Not found,1,first scrap players transfer
Mark Davies,https://www.transfermarkt.com/mark-davies/profil/spieler/36917,Success,36917,spieler,Mark Davies,18/02/1988 (37),Willenhall,"1,80 m",England,Midfield - Central Midfield,right,Not found,Bolton,1/7/2017,-,Not found,3,322,63,Yes,1/7/2017,Not found,3,first scrap players transfer
Simon Davies,https://www.transfermarkt.com/simon-davies/profil/spieler/4056,Success,4056,spieler,Simon Davies,23/10/1979 (46),Haverfordwest,"1,78 m",Wales,Midfield - Right Midfield,right,Not found,Fulham,3/9/2013,-,Not found,11,615,91,Yes,3/9/2013,Not found,3,first scrap players transfer
Michael Dawson,https://www.transfermarkt.com/michael-dawson/profil/spieler/9988,Success,9988,spieler,Michael Dawson,18/11/1983 (42),Northallerton,"1,89 m",England,Defender - Centre-Back,right,Not found,Nott'm Forest,6/8/2021,-,Under Armour,9,424,88,Yes,6/8/2021,Not found,8,first scrap players transfer
Jermain Defoe,https://www.transfermarkt.com/jermain-defoe/profil/spieler/3875,Success,3875,spieler,Jermain Defoe,07/10/1982 (43),London,"1,71 m",England  St. Lucia,Attack - Centre-Forward,right,Not found,Sunderland,24/03/2022,-,adidas,11,439,106,Yes,24/03/2022,Not found,6,first scrap players transfer
Rory Delap,https://www.transfermarkt.com/rory-delap/profil/spieler/610849,Success,610849,spieler,Liam Delap,08/02/2003 (22),Winchester,"1,86 m",England  Ireland,Attack - Centre-Forward,right,Not found,Chelsea,4/6/2025,30/06/2031,adidas,2,151,28,No,Not found,9,2,first scrap players transfer
Nathan Delfouneso,https://www.transfermarkt.com/nathan-delfouneso/profil/spieler/62642,Success,62642,spieler,Nathan Delfouneso,02/02/1991 (34),Birmingham,"1,86 m",England  Nigeria,Attack - Centre-Forward,right,Not found,Hednesford,1/7/2024,-,Not found,0,0,0,Yes,1/7/2024,Not found,0,first scrap players transfer
Fabian Delph,https://www.transfermarkt.com/fabian-delph/profil/spieler/50362,Success,50362,spieler,Fabian Delph,21/11/1989 (36),Bradford,"1,74 m",England  Guyana,Midfield - Central Midfield,left,Not found,Everton,1/7/2022,-,Puma,26,1249,216,Yes,1/7/2022,Not found,12,first scrap players transfer
Mousa Dembélé,https://www.transfermarkt.com/mousa-dembl/profil/spieler/19368,Success,19368,spieler,Mousa Dembélé,16/07/1987 (38),Antwerpen,"1,85 m",Belgium  Mali,Midfield - Central Midfield,left,Not found,GZ R&F,1/1/2023,-,adidas,16,474,98,Yes,1/1/2023,Not found,9,first scrap players transfer
Ishmel Demontagnac,https://www.transfermarkt.com/ishmel-demontagnac/profil/spieler/42188,Success,42188,spieler,Ishmel Demontagnac,15/06/1988 (37),London,"1,78 m",England  Jamaica,Attack - Left Winger,left,Not found,Thurrock,1/10/2014,-,Not found,0,0,0,Yes,1/10/2014,Not found,0,first scrap players transfer
Clint Dempsey,https://www.transfermarkt.com/clint-dempsey/profil/spieler/27577,Success,27577,spieler,Clint Dempsey,09/03/1983 (42),"Nacogdoches, Texas","1,85 m",United States,Attack - Second Striker,right,Not found,Seattle,29/08/2018,-,Nike,11,346,70,Yes,29/08/2018,Not found,6,first scrap players transfer
Denílson,https://www.transfermarkt.com/denlson/profil/spieler/7660,Success,7660,spieler,Denilson,24/08/1977 (48),Diadema,"1,77 m",Brazil  Spain,Attack - Left Winger,left,Not found,Íbis,24/03/2022,-,Not found,1,98,11,Yes,24/03/2022,Not found,1,first scrap players transfer
Edwin van der Sar,https://www.transfermarkt.com/edwin-van-der-sar/profil/spieler/3516,Success,3516,spieler,Edwin van der Sar,29/10/1970 (55),Voorhout,"1,99 m",Netherlands,Goalkeeper,right,Not found,Man Utd,1/7/2011,-,Not found,3,75,15,Yes,1/7/2011,Not found,3,first scrap players transfer
Rafael van der Vaart,https://www.transfermarkt.com/rafael-van-der-vaart/profil/spieler/4192,Success,4192,spieler,Rafael van der Vaart,11/02/1983 (42),Heemskerk,N/A,Netherlands  Spain,Midfield - Attacking Midfield,N/A,Not found,Esbjerg fB,4/11/2018,-,Nike,29,775,127,Yes,4/11/2018,Not found,15,first scrap players transfer
Matt Derbyshire,https://www.transfermarkt.com/matt-derbyshire/profil/spieler/15175,Success,15175,spieler,Matt Derbyshire,14/04/1986 (39),Blackburn,"1,80 m",England,Attack - Centre-Forward,right,Not found,Matlock,30/12/2024,30/06/2025,Not found,1,17,3,No,Not found,Not found,1,first scrap players transfer
Franco Di Santo,https://www.transfermarkt.com/franco-di-santo/profil/spieler/59783,Success,59783,spieler,Franco Di Santo,07/04/1989 (36),Mendoza,"1,93 m",Argentina  Italy,Attack - Centre-Forward,right,Not found,Ind. Rivadavia,11/4/2024,-,adidas,16,416,62,Yes,11/4/2024,Not found,9,first scrap players transfer
Abou Diaby,https://www.transfermarkt.com/abou-diaby/profil/spieler/26763,Success,26763,spieler,Abou Diaby,11/05/1986 (39),Aubervilliers,"1,91 m",France  Cote d'Ivoire,Midfield - Central Midfield,right,Not found,Marseille,26/02/2019,-,Not found,21,1768,395,Yes,26/02/2019,Not found,9,first scrap players transfer
Alessandro Diamanti,https://www.transfermarkt.com/alessandro-diamanti/profil/spieler/23197,Success,23197,spieler,Alessandro Diamanti,02/05/1983 (42),Prato,"1,80 m",Italy,Midfield - Attacking Midfield,left,Not found,Western United,1/5/2023,-,Not found,10,444,51,Yes,1/5/2023,Not found,8,first scrap players transfer
Mohamed Diamé,https://www.transfermarkt.com/mohamed-diam/profil/spieler/70950,Success,70950,spieler,Mohamed Diamé,14/06/1987 (38),Créteil,"1,84 m",Senegal  France,Midfield - Central Midfield,right,Not found,Without Club,1/7/2024,-,Nike,7,349,49,No,Not found,Not found,4,first scrap players transfer
Salif Diao,https://www.transfermarkt.com/salif-diao/profil/spieler/3600,Success,3600,spieler,Salif Diao,10/02/1977 (48),Kédougou,"1,83 m",Senegal  France,Midfield - Defensive Midfield,right,Not found,Stoke City,1/7/2012,-,Not found,2,32,6,Yes,1/7/2012,Not found,1,first scrap players transfer
Kagisho Dikgacoi,https://www.transfermarkt.com/kagisho-dikgacoi/profil/spieler/63285,Success,63285,spieler,Kagisho Dikgacoi,24/11/1984 (41),"Brandfort, Free State","1,83 m",South Africa,Midfield - Central Midfield,right,Not found,Golden Arrows,11/7/2018,-,Not found,2,84,19,Yes,11/7/2018,Not found,2,first scrap players transfer
Sylvain Distin,https://www.transfermarkt.com/sylvain-distin/profil/spieler/3356,Success,3356,spieler,Sylvain Distin,16/12/1977 (47),Bagnolet,"1,92 m",France  Guadeloupe,Defender - Centre-Back,left,Not found,Bournemouth,1/7/2016,-,Not found,1,9,2,Yes,1/7/2016,Not found,1,first scrap players transfer
Johan Djourou,https://www.transfermarkt.com/johan-djourou/profil/spieler/34561,Success,34561,spieler,Johan Djourou,18/01/1987 (38),Abidjan,N/A,Switzerland  Cote d'Ivoire,Defender - Centre-Back,N/A,Not found,Nordsjaelland,1/7/2021,-,Not found,34,795,234,Yes,1/7/2021,Not found,14,first scrap players transfer
Graham Dorrans,https://www.transfermarkt.com/graham-dorrans/profil/spieler/36608,Success,36608,spieler,Graham Dorrans,05/05/1987 (38),Glasgow,"1,77 m",Scotland,Midfield - Central Midfield,right,Not found,Without Club,22/02/2025,-,Not found,9,673,108,No,Not found,Not found,5,first scrap players transfer
Giovani dos Santos,https://www.transfermarkt.com/giovani-dos-santos/profil/spieler/44674,Success,44674,spieler,Giovani dos Santos,11/05/1989 (36),Monterrey,"1,75 m",Mexico  Spain,Attack - Second Striker,left,Not found,América,1/7/2023,-,Nike,13,378,73,Yes,1/7/2023,Not found,8,first scrap players transfer
Stewart Downing,https://www.transfermarkt.com/stewart-downing/profil/spieler/4063,Success,4063,spieler,Stewart Downing,22/07/1984 (41),Middlesbrough,"1,80 m",England,Midfield - Left Midfield,left,Not found,Blackburn,2/8/2021,-,Not found,2,209,48,Yes,2/8/2021,Not found,2,first scrap players transfer
Colin Doyle,https://www.transfermarkt.com/colin-doyle/profil/spieler/28728,Success,28728,spieler,Colin Doyle,12/06/1985 (40),Cork,"1,96 m",Ireland,Goalkeeper,right,Not found,Bradford,16/07/2025,-,Not found,2,123,23,Yes,16/07/2025,Not found,2,first scrap players transfer
Kevin Doyle,https://www.transfermarkt.com/kevin-doyle/profil/spieler/35193,Success,35193,spieler,Kevin Doyle,18/09/1983 (42),Adamstown,"1,80 m",Ireland,Attack - Centre-Forward,right,Not found,Colorado,28/09/2017,-,Not found,4,69,14,Yes,28/09/2017,Not found,3,first scrap players transfer
Didier Drogba,https://www.transfermarkt.com/didier-drogba/profil/spieler/3924,Success,3924,spieler,Didier Drogba,11/03/1978 (47),Abidjan,"1,89 m",Cote d'Ivoire  France,Attack - Centre-Forward,both,Not found,Arizona United,1/12/2018,-,Nike,27,546,108,Yes,1/12/2018,Not found,14,first scrap players transfer
Damien Duff,https://www.transfermarkt.com/damien-duff/profil/spieler/3259,Success,3259,spieler,Damien Duff,02/03/1979 (46),Ballyboden,"1,77 m",Ireland,Attack - Right Winger,left,Not found,Shamrock Rovers,1/1/2016,-,Not found,17,765,122,Yes,1/1/2016,Not found,12,first scrap players transfer
David Dunn,https://www.transfermarkt.com/david-dunn/profil/spieler/4243,Success,4243,spieler,David Dunn,27/12/1979 (45),Great Harwood,"1,78 m",England,Midfield - Attacking Midfield,right,Not found,Oldham Athletic,12/1/2016,-,Not found,5,203,38,Yes,12/1/2016,Not found,3,first scrap players transfer
Richard Dunne,https://www.transfermarkt.com/richard-dunne/profil/spieler/3807,Success,3807,spieler,Richard Dunne,21/09/1979 (46),Dublin,"1,88 m",Ireland,Defender - Centre-Back,right,Not found,QPR,1/7/2015,-,Not found,3,428,74,Yes,1/7/2015,Not found,3,first scrap players transfer
Kieron Dyer,https://www.transfermarkt.com/kieron-dyer/profil/spieler/3118,Success,3118,spieler,Kieron Dyer,29/12/1978 (46),Ipswich,"1,70 m",England  Antigua and Barbuda,Midfield - Right Midfield,right,Not found,Middlesbrough,1/7/2013,-,Not found,6,691,119,Yes,1/7/2013,Not found,5,first scrap players transfer
Edin Džeko,https://www.transfermarkt.com/edin-deko/profil/spieler/28396,Success,28396,spieler,Edin Džeko,17/03/1986 (39),Sarajevo,"1,93 m",Bosnia-Herzegovina,Attack - Centre-Forward,right,Not found,Fiorentina,10/7/2025,30/06/2026,adidas,16,231,43,No,Not found,9,10,first scrap players transfer
Neal Eardley,https://www.transfermarkt.com/neal-eardley/profil/spieler/49428,Success,49428,spieler,Neal Eardley,06/11/1988 (37),Llandudno,"1,80 m",Wales,Defender - Right-Back,right,Not found,Connah's Quay,1/9/2022,-,Not found,0,0,0,Yes,1/9/2022,Not found,0,first scrap players transfer
Sylvan Ebanks-Blake,https://www.transfermarkt.com/sylvan-ebanks-blake/profil/spieler/27621,Success,27621,spieler,Sylvan Ebanks-Blake,29/03/1986 (39),Cambridge,"1,73 m",England  Jamaica,Attack - Centre-Forward,right,Not found,Barwell,21/12/2018,-,Not found,3,125,19,Yes,21/12/2018,Not found,3,first scrap players transfer
Emmanuel Eboué,https://www.transfermarkt.com/emmanuel-ebou/profil/spieler/13058,Success,13058,spieler,Emmanuel Eboué,04/06/1983 (42),Abidjan,"1,78 m",Cote d'Ivoire  Belgium,Defender - Right-Back,right,Not found,Sunderland,31/03/2016,-,Not found,3,47,15,Yes,31/03/2016,Not found,2,first scrap players transfer
Nathan Eccleston,https://www.transfermarkt.com/nathan-eccleston/profil/spieler/88983,Success,88983,spieler,Nathan Eccleston,30/12/1990 (34),Manchester,"1,78 m",England,Attack - Centre-Forward,right,Not found,Nuneaton,1/7/2019,-,Not found,1,13,6,Yes,1/7/2019,Not found,1,first scrap players transfer
David Edwards,https://www.transfermarkt.com/david-edwards/profil/spieler/54949,Success,54949,spieler,David Edwards,03/02/1986 (39),Pontesbury,"1,80 m",Wales  England,Midfield - Central Midfield,right,Not found,Bala,1/7/2023,-,Not found,5,104,20,Yes,1/7/2023,Not found,3,first scrap players transfer
Rob Edwards,https://www.transfermarkt.com/rob-edwards/profil/spieler/4068,Success,4068,spieler,Rob Edwards,25/12/1982 (42),Madeley,"1,85 m",Wales,Defender - Centre-Back,right,Not found,Barnsley,1/7/2013,-,Not found,0,0,0,Yes,1/7/2013,Not found,0,first scrap players transfer
Johan Elmander,https://www.transfermarkt.com/johan-elmander/profil/spieler/4383,Success,4383,spieler,Johan Elmander,27/05/1981 (44),Alingsås,"1,88 m",Sweden,Attack - Centre-Forward,right,Not found,Holmalunds IF,1/1/2024,-,Not found,8,213,54,Yes,1/1/2024,Not found,5,first scrap players transfer
Ahmed Elmohamady,https://www.transfermarkt.com/ahmed-elmohamady/profil/spieler/66333,Success,66333,spieler,Ahmed El Mohamady,09/09/1987 (38),Basyoun,"1,82 m",Egypt,Defender - Right-Back,right,Not found,Aston Villa,1/7/2021,-,Not found,2,62,5,Yes,1/7/2021,Not found,2,first scrap players transfer
George Elokobi,https://www.transfermarkt.com/george-elokobi/profil/spieler/42048,Success,42048,spieler,George Elokobi,31/01/1986 (39),Mamfe,"1,82 m",Cameroon  England,Defender - Centre-Back,left,Not found,Maidstone,3/5/2022,-,Not found,1,312,47,Yes,3/5/2022,Not found,1,first scrap players transfer
Brett Emerton,https://www.transfermarkt.com/brett-emerton/profil/spieler/4367,Success,4367,spieler,Brett Emerton,22/02/1979 (46),Sydney,"1,85 m",Australia,Midfield - Right Midfield,right,Not found,Sydney FC,16/01/2014,-,Not found,5,256,41,Yes,16/01/2014,Not found,2,first scrap players transfer
Jay Emmanuel-Thomas,https://www.transfermarkt.com/jay-emmanuel-thomas/profil/spieler/27969,Success,27969,spieler,Jay Emmanuel-Thomas,27/12/1990 (34),London,"1,91 m",England  St. Lucia,Midfield - Attacking Midfield,left,Not found,Braintree,15/11/2025,-,Not found,0,0,0,No,Not found,10,0,first scrap players transfer
José Enrique,https://www.transfermarkt.com/jos-enrique/profil/spieler/35571,Success,35571,spieler,José Enrique,23/01/1986 (39),Valencia,"1,84 m",Spain,Defender - Left-Back,left,Not found,Real Zaragoza,1/7/2017,-,adidas,8,472,79,Yes,1/7/2017,Not found,6,first scrap players transfer
Michael Essien,https://www.transfermarkt.com/michael-essien/profil/spieler/5588,Success,5588,spieler,Michael Essien,03/12/1982 (42),Accra,"1,78 m",Ghana  France,Midfield - Defensive Midfield,right,Not found,FK Sabail,9/9/2020,-,Not found,7,744,142,Yes,9/9/2020,Not found,6,first scrap players transfer
Matthew Etherington,https://www.transfermarkt.com/matthew-etherington/profil/spieler/3788,Success,3788,spieler,Matthew Etherington,14/08/1981 (44),Truro,"1,78 m",England,Midfield - Left Midfield,left,Not found,Stoke City,1/7/2014,-,Not found,4,146,27,Yes,1/7/2014,Not found,2,first scrap players transfer
Dickson Etuhu,https://www.transfermarkt.com/dickson-etuhu/profil/spieler/14011,Success,14011,spieler,Dickson Etuhu,08/06/1982 (43),Kano,"1,89 m",Nigeria  England,Midfield - Defensive Midfield,right,Not found,Rössjöholm,31/12/2017,-,Not found,6,275,46,Yes,31/12/2017,Not found,5,first scrap players transfer
Jason Euell,https://www.transfermarkt.com/jason-euell/profil/spieler/3092,Success,3092,spieler,Jason Euell,06/02/1977 (48),London,"1,80 m",Jamaica  England,Attack - Left Winger,Not found,Not found,Charlton,1/7/2012,-,Not found,0,0,0,Yes,1/7/2012,Not found,0,first scrap players transfer
Jonny Evans,https://www.transfermarkt.com/jonny-evans/profil/spieler/42412,Success,42412,spieler,Jonny Evans,03/01/1988 (37),Belfast,"1,88 m",Northern Ireland,Defender - Centre-Back,both,Not found,Man Utd,1/7/2025,-,Nike,30,953,187,Yes,1/7/2025,Not found,14,first scrap players transfer
Ian Evatt,https://www.transfermarkt.com/ian-evatt/profil/spieler/37127,Success,37127,spieler,Ian Evatt,19/11/1981 (44),Coventry,"1,91 m",England,Defender - Centre-Back,right,Not found,Chesterfield,1/7/2018,-,Not found,0,0,0,Yes,1/7/2018,Not found,0,first scrap players transfer
Patrice Evra,https://www.transfermarkt.com/patrice-evra/profil/spieler/5285,Success,5285,spieler,Patrice Evra,15/05/1981 (44),Dakar,"1,74 m",France  Senegal,Defender - Left-Back,left,Not found,West Ham,29/07/2019,-,Nike,7,111,26,Yes,29/07/2019,Not found,4,first scrap players transfer
Łukasz Fabiański,https://www.transfermarkt.com/ukasz-fabiaski/profil/spieler/29692,Success,29692,spieler,Lukasz Fabianski,18/04/1985 (40),Kostrzyn nad Odrą,"1,90 m",Poland,Goalkeeper,right,Not found,West Ham,10/9/2025,30/06/2026,adidas,16,651,129,No,Not found,22,9,first scrap players transfer
Fábio,https://www.transfermarkt.com/fbio/profil/spieler/5775,Success,5775,spieler,Fabio Cannavaro,13/09/1973 (52),Napoli,"1,76 m",Italy,Defender - Centre-Back,right,Not found,Bengal Tuskers,1/3/2012,-,Not found,1,91,8,Yes,1/3/2012,Not found,1,first scrap players transfer
Cesc Fàbregas,https://www.transfermarkt.com/cesc-fbregas/profil/spieler/8806,Success,8806,spieler,Cesc Fàbregas,04/05/1987 (38),Arenys de Mar,"1,79 m",Spain,Midfield - Central Midfield,right,Not found,Como,1/7/2023,-,Puma,28,867,179,Yes,1/7/2023,Not found,13,first scrap players transfer
Keith Fahey,https://www.transfermarkt.com/keith-fahey/profil/spieler/29878,Success,29878,spieler,Keith Fahey,15/01/1983 (42),Dublin,"1,79 m",Ireland,Midfield - Central Midfield,right,Not found,Bluebell United,1/10/2017,-,Not found,3,126,23,Yes,1/10/2017,Not found,3,first scrap players transfer
Julien Faubert,https://www.transfermarkt.com/julien-faubert/profil/spieler/18093,Success,18093,spieler,Julien Faubert,01/08/1983 (42),Le Havre,"1,80 m",Martinique  France,Defender - Right-Back,right,Not found,Fréjus-St-Raph.,22/12/2019,-,Not found,3,263,42,Yes,22/12/2019,Not found,2,first scrap players transfer
Abdoulaye Faye,https://www.transfermarkt.com/abdoulaye-faye/profil/spieler/6107,Success,6107,spieler,Abdoulaye Faye,26/02/1978 (47),Rufisque,"1,87 m",Senegal  France,Defender - Centre-Back,right,Not found,Sabah FA,1/1/2016,-,Not found,1,8,1,Yes,1/1/2016,Not found,1,first scrap players transfer
Marouane Fellaini,https://www.transfermarkt.com/marouane-fellaini/profil/spieler/39679,Success,39679,spieler,Marouane Fellaini,22/11/1987 (38),Etterbeek,"1,94 m",Belgium  Morocco,Midfield - Central Midfield,right,Not found,SD Luneng,3/2/2024,-,New Balance,17,752,109,Yes,3/2/2024,Not found,9,first scrap players transfer
Anton Ferdinand,https://www.transfermarkt.com/anton-ferdinand/profil/spieler/3698,Success,3698,spieler,Anton Ferdinand,18/02/1985 (40),London,"1,85 m",England  St. Lucia,Defender - Centre-Back,right,Not found,St. Mirren,1/7/2019,-,Not found,4,95,13,Yes,1/7/2019,Not found,4,first scrap players transfer
Rio Ferdinand,https://www.transfermarkt.com/rio-ferdinand/profil/spieler/3235,Success,3235,spieler,Rio Ferdinand,07/11/1978 (47),London,"1,89 m",England,Defender - Centre-Back,right,Not found,QPR,1/7/2015,-,Nike,11,351,81,Yes,1/7/2015,Not found,6,first scrap players transfer
Barry Ferguson,https://www.transfermarkt.com/barry-ferguson/profil/spieler/10251,Success,10251,spieler,Barry Ferguson,02/02/1978 (47),Hamilton,"1,78 m",Scotland,Midfield - Defensive Midfield,right,Not found,Clyde FC,8/4/2015,-,Not found,4,313,51,Yes,8/4/2015,Not found,3,first scrap players transfer
Shane Ferguson,https://www.transfermarkt.com/shane-ferguson/profil/spieler/62052,Success,62052,spieler,Shane Ferguson,12/07/1991 (34),Derry,"1,75 m",Northern Ireland,Midfield - Left Midfield,left,Not found,Derry City,1/1/2025,-,Not found,0,0,0,No,Not found,3,0,first scrap players transfer
Paulo Ferreira,https://www.transfermarkt.com/paulo-ferreira/profil/spieler/9832,Success,9832,spieler,Paulo Ferreira,18/01/1979 (46),Cascais,"1,83 m",Portugal,Defender - Right-Back,right,Not found,Chelsea,1/7/2013,-,Not found,1,199,33,Yes,1/7/2013,Not found,1,first scrap players transfer
Maynor Figueroa,https://www.transfermarkt.com/maynor-figueroa/profil/spieler/62240,Success,62240,spieler,Maynor Figueroa,02/05/1983 (42),Jutiapa,"1,82 m",Honduras,Defender - Left-Back,left,Not found,Houston,1/1/2022,-,Not found,4,126,18,Yes,1/1/2022,Not found,4,first scrap players transfer
Jon Flanagan,https://www.transfermarkt.com/jon-flanagan/profil/spieler/145922,Success,145922,spieler,Jon Flanagan,01/01/1993 (32),Liverpool,"1,81 m",England  Ireland,Defender - Right-Back,right,Not found,HB Köge,1/7/2022,-,Not found,7,761,119,Yes,1/7/2022,Not found,4,first scrap players transfer
Darren Fletcher,https://www.transfermarkt.com/darren-fletcher/profil/spieler/3547,Success,3547,spieler,Darren Fletcher,01/02/1984 (41),Dalkeith,"1,84 m",Scotland,Midfield - Central Midfield,right,Not found,Stoke City,1/1/2020,-,Not found,6,603,105,Yes,1/1/2020,Not found,5,first scrap players transfer
Steven Fletcher,https://www.transfermarkt.com/steven-fletcher/profil/spieler/35099,Success,35099,spieler,Steven Fletcher,26/03/1987 (38),Shrewsbury,"1,85 m",Scotland  England,Attack - Centre-Forward,left,Not found,Wrexham,29/09/2025,-,Not found,7,274,36,Yes,29/09/2025,Not found,6,first scrap players transfer
Kevin Foley,https://www.transfermarkt.com/kevin-foley/profil/spieler/33491,Success,33491,spieler,Kevin Foley,01/11/1984 (41),Luton,"1,83 m",Ireland  England,Defender - Right-Back,right,Not found,Billericay,1/7/2018,-,Not found,2,160,30,Yes,1/7/2018,Not found,1,first scrap players transfer
Adam Forshaw,https://www.transfermarkt.com/adam-forshaw/profil/spieler/121257,Success,121257,spieler,Adam Forshaw,08/10/1991 (34),Liverpool,"1,75 m",England,Midfield - Central Midfield,right,Not found,Blackburn,11/1/2025,30/06/2026,Not found,3,764,86,No,Not found,28,3,first scrap players transfer
Marc-Antoine Fortuné,https://www.transfermarkt.com/marc-antoine-fortun/profil/spieler/5652,Success,5652,spieler,Marc-Antoine Fortuné,02/07/1981 (44),Cayenne,N/A,French Guiana  France,Attack - Centre-Forward,N/A,Not found,UR La Louvière,1/1/2022,-,Not found,2,87,19,Yes,1/1/2022,Not found,2,first scrap players transfer
Ben Foster,https://www.transfermarkt.com/ben-foster/profil/spieler/13572,Success,13572,spieler,Ben Foster,03/04/1983 (42),Leamington Spa,"1,93 m",England,Goalkeeper,left,Not found,Wrexham,21/08/2023,-,Not found,7,801,122,Yes,21/08/2023,Not found,5,first scrap players transfer
Brad Friedel,https://www.transfermarkt.com/brad-friedel/profil/spieler/3476,Success,3476,spieler,Brad Friedel,18/05/1971 (54),"Lakewood, Ohio","1,91 m",United States  England,Goalkeeper,right,Not found,Tottenham,1/7/2015,-,Not found,0,0,0,Yes,1/7/2015,Not found,0,first scrap players transfer
Ricardo Fuller,https://www.transfermarkt.com/ricardo-fuller/profil/spieler/14014,Success,14014,spieler,Ricardo Fuller,31/10/1979 (46),Kingston,"1,91 m",Jamaica,Attack - Centre-Forward,right,Not found,Henley Town FC,1/7/2021,-,Not found,1,224,39,Yes,1/7/2021,Not found,1,first scrap players transfer
Danny Gabbidon,https://www.transfermarkt.com/danny-gabbidon/profil/spieler/12709,Success,12709,spieler,Danny Gabbidon,08/08/1979 (46),Cwmbran,"1,78 m",Wales  Jamaica,Defender - Centre-Back,right,Not found,Panteg,30/04/2017,-,Not found,3,250,46,Yes,30/04/2017,Not found,3,first scrap players transfer
William Gallas,https://www.transfermarkt.com/william-gallas/profil/spieler/3156,Success,3156,spieler,William Gallas,17/08/1977 (48),Asnières-sur-Seine,"1,82 m",France  Guadeloupe,Defender - Centre-Back,right,Not found,Perth Glory,16/10/2014,-,Not found,12,306,66,Yes,16/10/2014,Not found,6,first scrap players transfer
Morten Gamst Pedersen,https://www.transfermarkt.com/morten-gamst-pedersen/profil/spieler/22741,Success,22741,spieler,Morten Gamst Pedersen,08/09/1981 (44),Vadsø,"1,83 m",Norway,Midfield - Central Midfield,left,Not found,Ranheim,1/1/2024,-,Not found,1,29,8,Yes,1/1/2024,Not found,1,first scrap players transfer
Craig Gardner,https://www.transfermarkt.com/craig-gardner/profil/spieler/37171,Success,37171,spieler,Craig Gardner,25/11/1986 (39),Solihull,"1,76 m",England,Midfield - Central Midfield,right,Not found,Birmingham,1/7/2020,-,Not found,1,24,4,Yes,1/7/2020,Not found,1,first scrap players transfer
Ricardo Gardner,https://www.transfermarkt.com/ricardo-gardner/profil/spieler/6264,Success,6264,spieler,Ricardo Gardner,25/09/1978 (47),", Saint Andrew Parish",N/A,Jamaica,Defender - Left-Back,N/A,Not found,Bolton,1/7/2012,-,Not found,4,350,62,Yes,1/7/2012,Not found,4,first scrap players transfer
Zoltán Gera,https://www.transfermarkt.com/zoltn-gera/profil/spieler/18324,Success,18324,spieler,Zoltán Gera,22/04/1979 (46),Pécs,"1,83 m",Hungary,Midfield - Attacking Midfield,right,Not found,Ferencváros,1/7/2018,-,Mizuno,5,556,80,Yes,1/7/2018,Not found,5,first scrap players transfer
Steven Gerrard,https://www.transfermarkt.com/steven-gerrard/profil/spieler/3109,Success,3109,spieler,Steven Gerrard,30/05/1980 (45),Whiston,"1,83 m",England,Midfield - Central Midfield,right,Not found,LA Galaxy,1/1/2017,-,adidas,18,474,97,Yes,1/1/2017,Not found,9,first scrap players transfer
Kieran Gibbs,https://www.transfermarkt.com/kieran-gibbs/profil/spieler/44792,Success,44792,spieler,Kieran Gibbs,26/09/1989 (36),London,"1,81 m",England,Defender - Left-Back,left,Not found,Miami,23/02/2023,-,adidas,13,513,121,Yes,23/02/2023,Not found,9,first scrap players transfer
Darron Gibson,https://www.transfermarkt.com/darron-gibson/profil/spieler/42413,Success,42413,spieler,Darron Gibson,25/10/1987 (38),Derry,"1,83 m",Ireland  Northern Ireland,Midfield - Central Midfield,right,Not found,Wythenshawe AFC,6/2/2022,-,Not found,9,772,123,Yes,6/2/2022,Not found,7,first scrap players transfer
Ryan Giggs,https://www.transfermarkt.com/ryan-giggs/profil/spieler/3406,Success,3406,spieler,Ryan Giggs,29/11/1973 (51),Cardiff,"1,79 m",Wales,Midfield - Left Midfield,left,Not found,Man Utd,1/7/2014,-,Not found,6,151,34,Yes,1/7/2014,Not found,5,first scrap players transfer
Matt Gilks,https://www.transfermarkt.com/matt-gilks/profil/spieler/48254,Success,48254,spieler,Matt Gilks,04/06/1982 (43),Rochdale,"1,85 m",Scotland  England,Goalkeeper,right,Not found,Bolton,10/1/2022,-,Not found,3,417,61,Yes,10/1/2022,Not found,2,first scrap players transfer
Gaël Givet,https://www.transfermarkt.com/gal-givet/profil/spieler/5286,Success,5286,spieler,Gaël Givet,09/10/1981 (44),Arles,"1,81 m",France,Defender - Centre-Back,left,Not found,Tours FC,1/7/2016,-,Not found,3,67,12,Yes,1/7/2016,Not found,2,first scrap players transfer
Steve Gohouri,https://www.transfermarkt.com/steve-gohouri/profil/spieler/19857,Success,19857,spieler,Steve Gohouri,8/2/1981,Treichville,N/A,Cote d'Ivoire  France,Defender - Centre-Back,N/A,Not found,Not found,Not found,Not found,Not found,9,174,28,No,Not found,Not found,4,first scrap players transfer
Heurelho Gomes,https://www.transfermarkt.com/heurelho-gomes/profil/spieler/19059,Success,19059,spieler,Heurelho Gomes,15/02/1981 (44),João Pinheiro,"1,91 m",Brazil,Goalkeeper,right,Not found,Watford,16/10/2020,-,Not found,3,226,29,Yes,16/10/2020,Not found,3,first scrap players transfer
Jordi Gómez,https://www.transfermarkt.com/jordi-gmez/profil/spieler/39010,Success,39010,spieler,Jordi Gómez,24/05/1985 (40),Barcelona,"1,78 m",Spain,Midfield - Central Midfield,left,Not found,Omonia 29 Maiou,1/7/2023,-,Not found,3,459,29,Yes,1/7/2023,Not found,3,first scrap players transfer
Craig Gordon,https://www.transfermarkt.com/craig-gordon/profil/spieler/12589,Success,12589,spieler,Craig Gordon,31/12/1982 (42),Edinburgh,"1,93 m",Scotland,Goalkeeper,left,Not found,Heart of Midl.,1/7/2020,31/05/2026,Not found,14,1894,210,No,Not found,1,10,first scrap players transfer
Dan Gosling,https://www.transfermarkt.com/dan-gosling/profil/spieler/44983,Success,44983,spieler,Dan Gosling,01/02/1990 (35),Brixham,"1,80 m",England,Midfield - Central Midfield,right,Not found,Notts County,6/8/2025,-,Nike,10,874,123,Yes,6/8/2025,Not found,6,first scrap players transfer
Hérold Goulon,https://www.transfermarkt.com/hrold-goulon/profil/spieler/41978,Success,41978,spieler,Hérold Goulon,12/06/1988 (37),Paris,"1,95 m",France,Defender - Centre-Back,right,Not found,Without Club,1/1/2024,-,Not found,1,292,39,No,Not found,Not found,1,first scrap players transfer
Elliot Grandin,https://www.transfermarkt.com/elliot-grandin/profil/spieler/56785,Success,56785,spieler,Elliot Grandin,17/10/1987 (38),Caen,"1,80 m",France  DR Congo,Midfield - Attacking Midfield,right,Not found,ES Cannet,1/7/2023,-,Not found,0,0,0,Yes,1/7/2023,Not found,0,first scrap players transfer
Robert Green,https://www.transfermarkt.com/robert-green/profil/spieler/11680,Success,11680,spieler,Rob Green,18/01/1980 (45),Chertsey,"1,91 m",England,Goalkeeper,right,Not found,Chelsea,1/7/2019,-,New Balance,2,38,7,Yes,1/7/2019,Not found,2,first scrap players transfer
Jonathan Greening,https://www.transfermarkt.com/jonathan-greening/profil/spieler/3865,Success,3865,spieler,Jonathan Greening,02/01/1979 (46),Scarborough,"1,80 m",England,Midfield - Central Midfield,right,Not found,Tadcaster,1/5/2017,-,Not found,2,37,8,Yes,1/5/2017,Not found,1,first scrap players transfer
Vince Grella,https://www.transfermarkt.com/vince-grella/profil/spieler/6021,Success,6021,spieler,Vincenzo Grella,05/10/1979 (46),Melbourne,"1,83 m",Australia  Italy,Midfield - Central Midfield,both,Not found,Melbourne Heart,28/01/2013,-,Not found,4,336,62,Yes,28/01/2013,Not found,2,first scrap players transfer
Adlène Guedioura,https://www.transfermarkt.com/adlne-guedioura/profil/spieler/74768,Success,74768,spieler,Adlène Guédioura,12/11/1985 (40),La Roche-sur-Yon,"1,78 m",Algeria  France,Midfield - Defensive Midfield,right,Not found,CR Belouizdad,11/3/2024,-,Not found,9,634,93,Yes,11/3/2024,Not found,7,first scrap players transfer
Magaye Gueye,https://www.transfermarkt.com/magaye-gueye/profil/spieler/91956,Success,91956,spieler,Magaye Gueye,06/07/1990 (35),Nogent-sur-Marne,"1,83 m",Senegal  France,Attack - Centre-Forward,left,Not found,CS Paulesti,13/09/2025,-,Nike,1,179,38,No,Not found,Not found,1,first scrap players transfer
Danny Guthrie,https://www.transfermarkt.com/danny-guthrie/profil/spieler/16716,Success,16716,spieler,Danny Guthrie,18/04/1987 (38),Shrewsbury,"1,76 m",England,Midfield - Central Midfield,right,Not found,Fram Reykjavík,1/1/2022,-,Not found,1,26,3,Yes,1/1/2022,Not found,1,first scrap players transfer
Jonás Gutiérrez,https://www.transfermarkt.com/jons-gutirrez/profil/spieler/26443,Success,26443,spieler,Jonás Gutiérrez,05/07/1983 (42),Sáenz Peña,"1,84 m",Argentina  Italy,Midfield - Left Midfield,right,Not found,Almagro,16/11/2021,-,adidas,5,291,52,Yes,16/11/2021,Not found,4,first scrap players transfer
Eiður Guðjohnsen,https://www.transfermarkt.com/eiur-gujohnsen/profil/spieler/3176,Success,3176,spieler,Eidur Gudjohnsen,15/09/1978 (47),Reykjavík,N/A,Iceland,Attack - Centre-Forward,N/A,Not found,Pune City,10/9/2017,-,Not found,3,253,47,Yes,10/9/2017,Not found,3,first scrap players transfer
Asamoah Gyan,https://www.transfermarkt.com/asamoah-gyan/profil/spieler/26802,Success,26802,spieler,Asamoah Gyan,22/11/1985 (40),Accra,"1,80 m",Ghana,Attack - Centre-Forward,right,Not found,Legon Cities FC,1/7/2022,-,Not found,16,339,45,Yes,1/7/2022,Not found,5,first scrap players transfer
Ali Al-Habsi,https://www.transfermarkt.com/ali-al-habsi/profil/spieler/26633,Success,26633,spieler,Ali Al-Habsi,30/12/1981 (43),Muscat,"1,94 m",Oman,Goalkeeper,right,Not found,West Brom,21/08/2020,-,Not found,1,27,9,Yes,21/08/2020,Not found,1,first scrap players transfer
El Hadji Diouf,https://www.transfermarkt.com/el-hadji-diouf/profil/spieler/54432,Success,54432,spieler,El Hadji Diouf,20/06/1988 (37),Dakar,"1,84 m",Senegal,Midfield - Attacking Midfield,left,Not found,Without Club,1/7/2018,-,Not found,0,0,0,No,Not found,Not found,0,first scrap players transfer
Marcus Hahnemann,https://www.transfermarkt.com/marcus-hahnemann/profil/spieler/4140,Success,4140,spieler,Marcus Hahnemann,15/06/1972 (53),"Seattle, Washington","1,87 m",United States  Germany,Goalkeeper,right,Not found,Seattle,8/12/2014,-,Not found,1,26,4,Yes,8/12/2014,Not found,1,first scrap players transfer
Greg Halford,https://www.transfermarkt.com/greg-halford/profil/spieler/42062,Success,42062,spieler,Greg Halford,08/12/1984 (40),Chelmsford,"1,93 m",England,Defender - Centre-Back,right,Not found,Blyth Spartans,1/7/2025,-,Not found,1,34,6,Yes,1/7/2025,Not found,1,first scrap players transfer
Rafik Halliche,https://www.transfermarkt.com/rafik-halliche/profil/spieler/67815,Success,67815,spieler,Rafik Halliche,02/09/1986 (39),Algier,"1,87 m",Algeria,Defender - Centre-Back,right,Not found,Moreirense,3/8/2020,-,Not found,7,378,45,Yes,3/8/2020,Not found,6,first scrap players transfer
Mark Halstead,https://www.transfermarkt.com/mark-halstead/profil/spieler/99972,Success,99972,spieler,Mark Halstead,17/09/1990 (35),Blackpool,"1,90 m",England,Goalkeeper,right,Not found,Radcliffe,11/7/2025,30/06/2026,Not found,0,0,0,No,Not found,21,0,first scrap players transfer
Adam Hammill,https://www.transfermarkt.com/adam-hammill/profil/spieler/38091,Success,38091,spieler,Adam Hammill,25/01/1988 (37),Liverpool,"1,80 m",England  Ireland,Attack - Right Winger,left,Not found,Litherland,29/01/2025,-,Not found,0,0,0,No,Not found,Not found,0,first scrap players transfer
Brede Hangeland,https://www.transfermarkt.com/brede-hangeland/profil/spieler/25553,Success,25553,spieler,Brede Hangeland,20/06/1981 (44),Houston,"1,99 m",Norway  United States,Defender - Centre-Back,right,Not found,Crystal Palace,5/8/2016,-,Not found,4,156,29,Yes,5/8/2016,Not found,3,first scrap players transfer
Grant Hanley,https://www.transfermarkt.com/grant-hanley/profil/spieler/121385,Success,121385,spieler,Grant Hanley,20/11/1991 (34),Dumfries,"1,88 m",Scotland,Defender - Centre-Back,right,Not found,Hibernian FC,5/8/2025,31/05/2027,Not found,10,574,96,No,Not found,4,4,first scrap players transfer
Marlon Harewood,https://www.transfermarkt.com/marlon-harewood/profil/spieler/10011,Success,10011,spieler,Marlon Harewood,25/08/1979 (46),London,"1,85 m",England  Barbados,Attack - Centre-Forward,right,Not found,Nuneaton,1/7/2016,-,Not found,1,38,4,Yes,1/7/2016,Not found,1,first scrap players transfer
Owen Hargreaves,https://www.transfermarkt.com/owen-hargreaves/profil/spieler/201,Success,201,spieler,Owen Hargreaves,20/01/1981 (44),"Calgary, Alberta",N/A,England  Canada,Midfield - Defensive Midfield,N/A,Not found,Man City,1/7/2012,-,Not found,6,746,168,Yes,1/7/2012,Not found,4,first scrap players transfer
Steve Harper,https://www.transfermarkt.com/steve-harper/profil/spieler/3562,Success,3562,spieler,Steve Harper,14/03/1975 (50),Easington,"1,88 m",England,Goalkeeper,right,Not found,Sunderland,1/7/2016,-,Not found,2,126,19,Yes,1/7/2016,Not found,2,first scrap players transfer
Joe Hart,https://www.transfermarkt.com/joe-hart/profil/spieler/40204,Success,40204,spieler,Joe Hart,19/04/1987 (38),Shrewsbury,"1,96 m",England,Goalkeeper,right,Not found,Celtic,1/7/2024,-,Not found,3,27,8,Yes,1/7/2024,Not found,2,first scrap players transfer
John Heitinga,https://www.transfermarkt.com/john-heitinga/profil/spieler/4315,Success,4315,spieler,John Heitinga,15/11/1983 (42),Alphen aan den Rijn,"1,80 m",Netherlands,Defender - Centre-Back,right,Not found,Ajax,1/2/2016,-,Not found,1,22,4,Yes,1/2/2016,Not found,1,first scrap players transfer
Bjørn Helge Riise,https://www.transfermarkt.com/bjrn-helge-riise/profil/spieler/13485,Success,13485,spieler,Bjørn Helge Riise,21/06/1983 (42),Ålesund,"1,75 m",Norway,Midfield - Central Midfield,right,Not found,Stabæk II,1/4/2024,-,Not found,1,32,8,Yes,1/4/2024,Not found,1,first scrap players transfer
Jordan Henderson,https://www.transfermarkt.com/jordan-henderson/profil/spieler/61651,Success,61651,spieler,Jordan Henderson,17/06/1990 (35),Sunderland,"1,82 m",England,Midfield - Defensive Midfield,right,Not found,Brentford,15/07/2025,30/06/2027,Not found,25,764,141,No,Not found,6,12,first scrap players transfer
Wayne Hennessey,https://www.transfermarkt.com/wayne-hennessey/profil/spieler/45494,Success,45494,spieler,Wayne Hennessey,24/01/1987 (38),Beaumaris,"1,98 m",Wales,Goalkeeper,right,Not found,Nott'm Forest,16/07/2025,-,Nike,9,632,108,Yes,16/07/2025,Not found,6,first scrap players transfer
Karl Henry,https://www.transfermarkt.com/karl-henry/profil/spieler/13582,Success,13582,spieler,Karl Henry,26/11/1982 (42),Wolverhampton,"1,84 m",England  Jamaica,Midfield - Defensive Midfield,right,Not found,Bradford,5/8/2019,-,Not found,1,28,4,Yes,5/8/2019,Not found,1,first scrap players transfer
Chris Herd,https://www.transfermarkt.com/chris-herd/profil/spieler/61572,Success,61572,spieler,Chris Herd,04/04/1989 (36),Melbourne,"1,88 m",Australia  Scotland,Midfield - Defensive Midfield,right,Not found,Terengganu FC,1/7/2021,-,Not found,5,294,47,Yes,1/7/2021,Not found,3,first scrap players transfer
Javier Hernández,https://www.transfermarkt.com/javier-hernndez/profil/spieler/50935,Success,50935,spieler,Chicharito,01/06/1988 (37),Guadalajara,"1,75 m",Mexico,Attack - Centre-Forward,right,Not found,Chivas,24/01/2024,-,Puma,18,676,98,No,Not found,14,9,first scrap players transfer
Emile Heskey,https://www.transfermarkt.com/emile-heskey/profil/spieler/3142,Success,3142,spieler,Emile Heskey,11/01/1978 (47),Leicester,"1,88 m",England  Antigua and Barbuda,Attack - Centre-Forward,right,Not found,Bolton,1/7/2016,-,Not found,7,118,24,Yes,1/7/2016,Not found,4,first scrap players transfer
Tony Hibbert,https://www.transfermarkt.com/tony-hibbert/profil/spieler/3614,Success,3614,spieler,Tony Hibbert,20/02/1981 (44),Liverpool,"1,73 m",England,Defender - Right-Back,right,Not found,Everton,1/7/2016,-,Umbro,6,732,122,Yes,1/7/2016,Not found,4,first scrap players transfer
Danny Higginbotham,https://www.transfermarkt.com/danny-higginbotham/profil/spieler/3686,Success,3686,spieler,Danny Higginbotham,29/12/1978 (46),Manchester,"1,85 m",Gibraltar  England,Defender - Centre-Back,left,Not found,Altrincham,8/1/2014,-,Not found,3,197,25,Yes,8/1/2014,Not found,3,first scrap players transfer
Zavon Hines,https://www.transfermarkt.com/zavon-hines/profil/spieler/67081,Success,67081,spieler,Zavon Hines,27/12/1988 (36),Kingston,"1,78 m",Jamaica  England,Attack - Right Winger,right,Not found,Bromley,4/2/2019,-,Not found,2,93,14,Yes,4/2/2019,Not found,1,first scrap players transfer
Thomas Hitzlsperger,https://www.transfermarkt.com/thomas-hitzlsperger/profil/spieler/1573,Success,1573,spieler,Thomas Hitzlsperger,05/04/1982 (43),München,"1,84 m",Germany,Midfield - Central Midfield,left,Not found,Everton,1/7/2013,-,Not found,6,423,100,Yes,1/7/2013,Not found,4,first scrap players transfer
Alexander Hleb,https://www.transfermarkt.com/alexander-hleb/profil/spieler/597,Success,597,spieler,Aleksandr Hleb,01/05/1981 (44),Minsk,N/A,Belarus,Midfield - Attacking Midfield,N/A,Not found,Isloch,13/03/2020,-,Not found,19,545,100,Yes,13/03/2020,Not found,10,first scrap players transfer
Jonathan Hogg,https://www.transfermarkt.com/jonathan-hogg/profil/spieler/61573,Success,61573,spieler,Jonathan Hogg,06/12/1988 (36),Middlesbrough,"1,76 m",England,Midfield - Defensive Midfield,right,Not found,Huddersf. U21,10/11/2025,-,Not found,9,186,22,No,Not found,Not found,4,first scrap players transfer
Junior Hoilett,https://www.transfermarkt.com/junior-hoilett/profil/spieler/58993,Success,58993,spieler,Junior Hoilett,05/06/1990 (35),"Brampton, Ontario","1,74 m",Canada  Jamaica,Attack - Left Winger,right,Not found,Hibernian FC,6/8/2024,31/05/2026,Not found,6,247,44,No,Not found,23,5,first scrap players transfer
Stuart Holden,https://www.transfermarkt.com/stuart-holden/profil/spieler/30071,Success,30071,spieler,Stuart Holden,01/08/1985 (40),Aberdeen,"1,78 m",United States  Scotland,Midfield - Central Midfield,both,Not found,Bolton,3/2/2016,-,Not found,4,704,117,Yes,3/2/2016,Not found,4,first scrap players transfer
Tim Howard,https://www.transfermarkt.com/tim-howard/profil/spieler/4267,Success,4267,spieler,Tim Howard,06/03/1979 (46),"North Brunswick, New Jersey","1,91 m",United States  Hungary,Goalkeeper,right,Not found,Memphis 901,1/12/2020,-,Not found,4,208,26,Yes,1/12/2020,Not found,4,first scrap players transfer
Tom Huddlestone,https://www.transfermarkt.com/tom-huddlestone/profil/spieler/13465,Success,13465,spieler,Tom Huddlestone,28/12/1986 (38),Nottingham,"1,88 m",England,Midfield - Defensive Midfield,right,Not found,Man Utd U21,1/7/2024,-,adidas,7,539,142,Yes,1/7/2024,Not found,5,first scrap players transfer
Aaron Hughes,https://www.transfermarkt.com/aaron-hughes/profil/spieler/3580,Success,3580,spieler,Aaron Hughes,08/11/1979 (46),Cookstown,"1,83 m",Northern Ireland,Defender - Centre-Back,right,Not found,Heart of Midl.,1/7/2019,-,Not found,7,173,31,Yes,1/7/2019,Not found,6,first scrap players transfer
Stephen Hunt,https://www.transfermarkt.com/stephen-hunt/profil/spieler/36799,Success,36799,spieler,Stephen Hunt,01/08/1981 (44),Portlaoise,"1,74 m",Ireland,Midfield - Left Midfield,left,Not found,Coventry,1/7/2016,-,Not found,2,530,53,Yes,1/7/2016,Not found,2,first scrap players transfer
James Hurst,https://www.transfermarkt.com/james-hurst/profil/spieler/110863,Success,110863,spieler,James Hurst,31/01/1992 (33),Sutton Coldfield,"1,83 m",England,Defender - Centre-Back,right,Not found,Career break,31/07/2024,-,Not found,0,0,0,No,Not found,Not found,0,first scrap players transfer
Robert Huth,https://www.transfermarkt.com/robert-huth/profil/spieler/2998,Success,2998,spieler,Robert Huth,18/08/1984 (41),Berlin,N/A,Germany,Defender - Centre-Back,N/A,Not found,Leicester,1/7/2018,-,Not found,7,473,90,Yes,1/7/2018,Not found,5,first scrap players transfer
Alan Hutton,https://www.transfermarkt.com/alan-hutton/profil/spieler/9619,Success,9619,spieler,Alan Hutton,30/11/1984 (40),Glasgow,"1,85 m",Scotland,Defender - Right-Back,right,Not found,Aston Villa,19/02/2020,-,Not found,7,2654,65,Yes,19/02/2020,Not found,5,first scrap players transfer
Pablo Ibáñez,https://www.transfermarkt.com/pablo-ibez/profil/spieler/8116,Success,8116,spieler,Pablo Ibáñez,03/08/1981 (44),Madrigueras,"1,92 m",Spain,Defender - Centre-Back,right,Not found,Birmingham,1/7/2013,-,Not found,1,10,3,Yes,1/7/2013,Not found,1,first scrap players transfer
Hérita Ilunga,https://www.transfermarkt.com/hrita-ilunga/profil/spieler/17432,Success,17432,spieler,Hérita Ilunga,25/02/1982 (43),Kinshasa,"1,80 m",DR Congo  France,Defender - Left-Back,left,Not found,US Créteil-L,1/7/2016,-,Not found,2,26,4,Yes,1/7/2016,Not found,1,first scrap players transfer
Stephen Ireland,https://www.transfermarkt.com/stephen-ireland/profil/spieler/34838,Success,34838,spieler,Stephen Ireland,22/08/1986 (39),Cobh,"1,73 m",Ireland,Midfield - Attacking Midfield,right,Not found,Wythenshawe,11/10/2025,-,Not found,6,748,85,No,Not found,Not found,5,first scrap players transfer
Branislav Ivanović,https://www.transfermarkt.com/branislav-ivanovi/profil/spieler/36827,Success,36827,spieler,Branislav Ivanovic,22/02/1984 (41),Sremska Mitrovica,"1,85 m",Serbia,Defender - Right-Back,right,Not found,West Brom,1/7/2021,-,adidas,6,113,23,Yes,1/7/2021,Not found,6,first scrap players transfer
Jussi Jääskeläinen,https://www.transfermarkt.com/jussi-jskelinen/profil/spieler/3692,Success,3692,spieler,Jussi Jääskeläinen,19/04/1975 (50),Mikkeli,"1,91 m",Finland,Goalkeeper,right,Not found,ATK,17/01/2018,-,Not found,1,70,13,Yes,17/01/2018,Not found,1,first scrap players transfer
Lars Jacobsen,https://www.transfermarkt.com/lars-jacobsen/profil/spieler/1423,Success,1423,spieler,Lars Jacobsen,20/09/1979 (46),Odense,"1,81 m",Denmark,Defender - Right-Back,both,Not found,Guingamp,1/7/2016,-,Not found,4,378,93,Yes,1/7/2016,Not found,4,first scrap players transfer
Phil Jagielka,https://www.transfermarkt.com/phil-jagielka/profil/spieler/13520,Success,13520,spieler,Phil Jagielka,17/08/1982 (43),Manchester,"1,80 m",England  Poland,Defender - Centre-Back,right,Not found,Stoke City,28/11/2023,-,Not found,15,689,131,Yes,28/11/2023,Not found,10,first scrap players transfer
Gonzalo Jara,https://www.transfermarkt.com/gonzalo-jara/profil/spieler/40429,Success,40429,spieler,Gonzalo Jara,29/08/1985 (40),Hualpén,"1,78 m",Chile,Defender - Centre-Back,right,Not found,Coquimbo Unido,1/1/2024,-,adidas,10,207,32,Yes,1/1/2024,Not found,7,first scrap players transfer
Matthew Jarvis,https://www.transfermarkt.com/matthew-jarvis/profil/spieler/15921,Success,15921,spieler,Matt Jarvis,22/05/1986 (39),Middlesbrough,"1,73 m",England,Attack - Left Winger,Not found,Not found,Woking,1/7/2021,-,Not found,7,710,105,Yes,1/7/2021,Not found,4,first scrap players transfer
Jermaine Jenas,https://www.transfermarkt.com/jermaine-jenas/profil/spieler/3461,Success,3461,spieler,Jermaine Jenas,18/02/1983 (42),Nottingham,"1,81 m",England,Midfield - Central Midfield,right,Not found,QPR,1/7/2014,-,Not found,7,865,89,Yes,1/7/2014,Not found,5,first scrap players transfer
Cameron Jerome,https://www.transfermarkt.com/cameron-jerome/profil/spieler/35855,Success,35855,spieler,Cameron Jerome,14/08/1986 (39),Huddersfield,"1,85 m",England  Grenada,Attack - Centre-Forward,right,Not found,Bolton,1/7/2024,-,Not found,5,142,19,Yes,1/7/2024,Not found,4,first scrap players transfer
Park Ji-sung,https://www.transfermarkt.com/park-ji-sung/profil/spieler/4592,Success,4592,spieler,Ji-sung Park,25/02/1981 (44),Seoul,"1,78 m","Korea, South",Midfield - Attacking Midfield,both,Not found,QPR,1/7/2014,-,Not found,7,351,68,Yes,1/7/2014,Not found,6,first scrap players transfer
Martin Jiránek,https://www.transfermarkt.com/martin-jirnek/profil/spieler/6065,Success,6065,spieler,Martin Jiránek,25/05/1979 (46),Praha,"1,90 m",Czech Republic,Defender - Centre-Back,right,Not found,Cerv. Janovice,1/7/2024,-,Not found,0,0,0,Yes,1/7/2024,Not found,0,first scrap players transfer
Jô,https://www.transfermarkt.com/j/profil/spieler/34156,Success,34156,spieler,Jô,20/03/1987 (38),São Paulo,"1,92 m",Brazil,Attack - Centre-Forward,left,Not found,Itabirito,13/08/2025,-,Not found,5,213,21,Yes,13/08/2025,Not found,5,first scrap players transfer
Adam Johnson,https://www.transfermarkt.com/adam-johnson/profil/spieler/31579,Success,31579,spieler,Adam Johnson,14/07/1987 (38),Sunderland,"1,82 m",England,Attack - Right Winger,left,Not found,Sunderland,11/2/2016,-,Not found,2,81,19,Yes,11/2/2016,Not found,2,first scrap players transfer
Andrew Johnson,https://www.transfermarkt.com/andrew-johnson/profil/spieler/14031,Success,14031,spieler,Andy Johnson,10/02/1981 (44),Bedford,"1,72 m",England,Attack - Centre-Forward,right,Not found,Crystal Palace,6/1/2015,-,Not found,12,603,127,Yes,6/1/2015,Not found,6,first scrap players transfer
Eddie Johnson,https://www.transfermarkt.com/eddie-johnson/profil/spieler/38773,Success,38773,spieler,Eddie Johnson,31/03/1984 (41),"Bunnell, Florida","1,83 m",United States,Attack - Centre-Forward,right,Not found,D.C. United,1/11/2015,-,Not found,1,305,44,Yes,1/11/2015,Not found,1,first scrap players transfer
Glen Johnson,https://www.transfermarkt.com/glen-johnson/profil/spieler/3881,Success,3881,spieler,Glen Johnson,23/08/1984 (41),London,"1,82 m",England,Defender - Right-Back,both,Not found,Stoke City,1/7/2018,-,Not found,17,631,139,Yes,1/7/2018,Not found,9,first scrap players transfer
Roger Johnson,https://www.transfermarkt.com/roger-johnson/profil/spieler/42751,Success,42751,spieler,Roger Johnson,28/04/1983 (42),Ashford,"1,91 m",England,Defender - Centre-Back,right,Not found,Bromley,1/7/2019,-,Not found,0,0,0,Yes,1/7/2019,Not found,0,first scrap players transfer
David Jones,https://www.transfermarkt.com/david-jones/profil/spieler/24634,Success,24634,spieler,David Jones,04/11/1984 (41),Southport,"1,83 m",England  Wales,Midfield - Central Midfield,left,Not found,Wrexham,1/7/2022,-,Not found,3,99,17,Yes,1/7/2022,Not found,3,first scrap players transfer
Jermaine Jones,https://www.transfermarkt.com/jermaine-jones/profil/spieler/1321,Success,1321,spieler,Jermaine Jones,03/11/1981 (44),Frankfurt (Main),"1,84 m",United States  Germany,Midfield - Defensive Midfield,both,Not found,Empire Strykers,1/1/2020,-,Under Armour,14,819,159,Yes,1/1/2020,Not found,9,first scrap players transfer
Kenwyne Jones,https://www.transfermarkt.com/kenwyne-jones/profil/spieler/28245,Success,28245,spieler,Kenwyne Jones,05/10/1984 (41),Point Fortin,"1,87 m",Trinidad and Tobago,Attack - Centre-Forward,right,Not found,Kansas City,2/1/2018,-,Not found,2,226,38,Yes,2/1/2018,Not found,2,first scrap players transfer
Phil Jones,https://www.transfermarkt.com/phil-jones/profil/spieler/117996,Success,117996,spieler,Phil Jones,21/02/1992 (33),Preston,"1,85 m",England,Defender - Centre-Back,right,Not found,Man Utd,8/3/2024,-,adidas,23,1239,254,Yes,8/3/2024,Not found,9,first scrap players transfer
Nigel de Jong,https://www.transfermarkt.com/nigel-de-jong/profil/spieler/4672,Success,4672,spieler,Nigel de Jong,30/11/1984 (40),Amsterdam,"1,74 m",Netherlands  Suriname,Midfield - Defensive Midfield,right,Not found,Al-Shahania SC,1/7/2021,-,Not found,11,428,97,Yes,1/7/2021,Not found,7,first scrap players transfer
Milan Jovanović,https://www.transfermarkt.com/milan-jovanovi/profil/spieler/14933,Success,14933,spieler,Milan Jovanovic,18/04/1981 (44),Bajina Basta,"1,83 m",Serbia,Attack - Left Winger,left,Not found,RSC Anderlecht,1/7/2013,-,Not found,3,56,9,Yes,1/7/2013,Not found,3,first scrap players transfer
Younès Kaboul,https://www.transfermarkt.com/youns-kaboul/profil/spieler/27114,Success,27114,spieler,Younès Kaboul,04/01/1986 (39),Saint-Julien-en-Genevois,"1,92 m",France  Morocco,Defender - Centre-Back,right,Not found,Watford,1/1/2019,-,Not found,12,769,143,Yes,1/1/2019,Not found,7,first scrap players transfer
Gaël Kakuta,https://www.transfermarkt.com/gal-kakuta/profil/spieler/74297,Success,74297,spieler,Gaël Kakuta,21/06/1991 (34),Lille,"1,73 m",DR Congo  France,Midfield - Attacking Midfield,left,Not found,Sakaryaspor,9/2/2025,30/06/2026,Nike,25,603,115,No,Not found,10,11,first scrap players transfer
Nikola Kalinić,https://www.transfermarkt.com/nikola-kalini/profil/spieler/36371,Success,36371,spieler,Nikola Kalinić,05/01/1988 (37),Solin,"1,87 m",Croatia,Attack - Centre-Forward,both,Not found,Hajduk Split,1/7/2024,-,Nike,15,338,54,Yes,1/7/2024,Not found,7,first scrap players transfer
Salomon Kalou,https://www.transfermarkt.com/salomon-kalou/profil/spieler/7971,Success,7971,spieler,Salomon Kalou,05/08/1985 (40),Oumé,"1,84 m",Cote d'Ivoire,Attack - Left Winger,right,Not found,AS Arta/Solar7,1/8/2024,-,adidas,14,160,16,Yes,1/8/2024,Not found,7,first scrap players transfer
Diomansy Kamara,https://www.transfermarkt.com/diomansy-kamara/profil/spieler/6053,Success,6053,spieler,Diomansy Kamara,08/11/1980 (45),Paris,"1,84 m",Senegal  France,Attack - Right Winger,both,Not found,NorthEast Utd.,1/6/2016,-,Not found,3,321,49,Yes,1/6/2016,Not found,3,first scrap players transfer
Robbie Keane,https://www.transfermarkt.com/robbie-keane/profil/spieler/3144,Success,3144,spieler,Robbie Keane,08/07/1980 (45),"Tallaght, Dublin","1,75 m",Ireland,Attack - Centre-Forward,right,Not found,ATK,1/7/2018,-,Not found,16,503,75,Yes,1/7/2018,Not found,12,first scrap players transfer
Dekel Keinan,https://www.transfermarkt.com/dekel-keinan/profil/spieler/24476,Success,24476,spieler,Dekel Keinan,15/09/1984 (41),Rosh haNikra,"1,85 m",Israel,Defender - Centre-Back,left,Not found,LA Force,1/5/2023,-,Not found,0,0,0,No,Not found,21,0,first scrap players transfer
Martin Kelly,https://www.transfermarkt.com/martin-kelly/profil/spieler/78959,Success,78959,spieler,Martin Kelly,27/04/1990 (35),Whiston,"1,91 m",England,Defender - Right-Back,right,Not found,West Brom,10/10/2025,-,Not found,13,602,129,Yes,10/10/2025,Not found,6,first scrap players transfer
Stephen Kelly,https://www.transfermarkt.com/stephen-kelly/profil/spieler/12125,Success,12125,spieler,Stephen Kelly,06/09/1983 (42),Dublin,"1,84 m",Ireland,Defender - Right-Back,right,Not found,Rotherham,1/7/2017,-,Not found,4,61,12,Yes,1/7/2017,Not found,3,first scrap players transfer
Andy Keogh,https://www.transfermarkt.com/andy-keogh/profil/spieler/29419,Success,29419,spieler,Andy Keogh,16/05/1986 (39),Dublin,"1,83 m",Ireland  Australia,Attack - Centre-Forward,right,Not found,Dianella WE,1/7/2024,-,Not found,2,88,18,No,Not found,Not found,2,first scrap players transfer
Michael Kightly,https://www.transfermarkt.com/michael-kightly/profil/spieler/25366,Success,25366,spieler,Michael Kightly,24/01/1986 (39),Basildon,"1,73 m",England,Attack - Left Winger,right,Not found,Rushall,1/7/2021,-,Not found,2,233,33,Yes,1/7/2021,Not found,1,first scrap players transfer
Ledley King,https://www.transfermarkt.com/ledley-king/profil/spieler/3360,Success,3360,spieler,Ledley King,12/10/1980 (45),London,"1,88 m",England  Antigua and Barbuda,Defender - Centre-Back,right,Not found,Tottenham,19/07/2012,-,Not found,6,513,105,Yes,19/07/2012,Not found,5,first scrap players transfer
Richard Kingson,https://www.transfermarkt.com/richard-kingson/profil/spieler/7125,Success,7125,spieler,Richard Kingson,13/06/1978 (47),Accra,"1,83 m",Ghana  Türkiye,Goalkeeper,right,Not found,Great Olympics,1/1/2016,-,Not found,5,68,10,Yes,1/1/2016,Not found,4,first scrap players transfer
Chris Kirkland,https://www.transfermarkt.com/chris-kirkland/profil/spieler/3219,Success,3219,spieler,Chris Kirkland,02/05/1981 (44),Barwell,"1,98 m",England,Goalkeeper,right,Not found,Bury,4/8/2016,-,Not found,2,112,5,Yes,4/8/2016,Not found,1,first scrap players transfer
Ivan Klasnić,https://www.transfermarkt.com/ivan-klasni/profil/spieler/690,Success,690,spieler,Ivan Klasnic,29/01/1980 (45),Hamburg,N/A,Croatia,Attack - Centre-Forward,N/A,Not found,Mainz,1/7/2013,-,Not found,10,530,112,Yes,1/7/2013,Not found,7,first scrap players transfer
Zat Knight,https://www.transfermarkt.com/zat-knight/profil/spieler/4012,Success,4012,spieler,Zat Knight,02/05/1980 (45),Solihull,"1,98 m",England,Defender - Centre-Back,right,Not found,Reading,1/7/2015,-,Not found,1,56,9,Yes,1/7/2015,Not found,1,first scrap players transfer
Aleksandar Kolarov,https://www.transfermarkt.com/aleksandar-kolarov/profil/spieler/46156,Success,46156,spieler,Aleksandar Kolarov,10/11/1985 (40),Belgrade,"1,87 m",Serbia,Defender - Left-Back,left,Not found,Inter,1/7/2022,-,Puma,13,239,42,Yes,1/7/2022,Not found,6,first scrap players transfer
Vincent Kompany,https://www.transfermarkt.com/vincent-kompany/profil/spieler/9594,Success,9594,spieler,Vincent Kompany,10/04/1986 (39),Uccle,"1,90 m",Belgium  DR Congo,Defender - Centre-Back,right,Not found,RSC Anderlecht,17/08/2020,-,Puma,35,1437,248,Yes,17/08/2020,Not found,14,first scrap players transfer
Paul Konchesky,https://www.transfermarkt.com/paul-konchesky/profil/spieler/3296,Success,3296,spieler,Paul Konchesky,15/05/1981 (44),London,"1,78 m",England,Defender - Left-Back,left,Not found,East Thurrock,19/08/2018,-,Not found,4,76,19,Yes,19/08/2018,Not found,2,first scrap players transfer
Sergei Kornilenko,https://www.transfermarkt.com/sergei-kornilenko/profil/spieler/15881,Success,15881,spieler,Sergey Kornilenko,14/06/1983 (42),Vitebsk,"1,86 m",Belarus  Russia,Attack - Centre-Forward,left,Not found,KS Samara,1/7/2021,-,Not found,2,91,9,Yes,1/7/2021,Not found,2,first scrap players transfer
Laurent Koscielny,https://www.transfermarkt.com/laurent-koscielny/profil/spieler/76277,Success,76277,spieler,Laurent Koscielny,10/09/1985 (40),Tulle,"1,86 m",France  Poland,Defender - Centre-Back,right,Not found,G. Bordeaux,31/01/2022,-,Nike,23,585,90,Yes,31/01/2022,Not found,10,first scrap players transfer
Radoslav Kováč,https://www.transfermarkt.com/radoslav-kov/profil/spieler/9702,Success,9702,spieler,Radoslav Kovac,27/11/1979 (45),Praha,"1,89 m",Czech Republic,Defender - Centre-Back,right,Not found,Sparta Prague,8/7/2016,-,Not found,1,32,7,Yes,8/7/2016,Not found,1,first scrap players transfer
Niko Kranjčar,https://www.transfermarkt.com/niko-kranjar/profil/spieler/16746,Success,16746,spieler,Niko Kranjcar,13/08/1984 (41),Zagreb,"1,86 m",Croatia,Midfield - Attacking Midfield,both,Not found,Rangers,23/03/2018,-,Not found,8,510,129,Yes,23/03/2018,Not found,3,first scrap players transfer
Tim Krul,https://www.transfermarkt.com/tim-krul/profil/spieler/33027,Success,33027,spieler,Tim Krul,03/04/1988 (37),Den Haag,"1,93 m",Netherlands,Goalkeeper,left,Not found,Luton,23/09/2025,-,Nike,10,805,136,Yes,23/09/2025,Not found,7,first scrap players transfer
Shefki Kuqi,https://www.transfermarkt.com/shefki-kuqi/profil/spieler/12398,Success,12398,spieler,Shefki Kuqi,10/11/1976 (49),Vučitrn,"1,88 m",Finland  Kosovo,Attack - Centre-Forward,right,Not found,Hibernian FC,1/7/2013,-,Not found,0,0,0,Yes,1/7/2013,Not found,0,first scrap players transfer
Tomasz Kuszczak,https://www.transfermarkt.com/tomasz-kuszczak/profil/spieler/1320,Success,1320,spieler,Tomasz Kuszczak,20/03/1982 (43),Krosno Odrzańskie,N/A,Poland  England,Goalkeeper,N/A,Not found,Birmingham,1/7/2019,-,Not found,1,24,3,Yes,1/7/2019,Not found,1,first scrap players transfer
Dirk Kuyt,https://www.transfermarkt.com/dirk-kuyt/profil/spieler/4010,Success,4010,spieler,Dirk Kuyt,22/07/1980 (45),Katwijk,"1,84 m",Netherlands,Attack - Right Winger,right,Not found,Quick Boys,1/7/2018,-,adidas,11,141,34,Yes,1/7/2018,Not found,4,first scrap players transfer
Sotirios Kyrgiakos,https://www.transfermarkt.com/sotirios-kyrgiakos/profil/spieler/9706,Success,9706,spieler,Sotiris Kyrgiakos,23/07/1979 (46),Trikala,"1,93 m",Greece,Defender - Centre-Back,right,Not found,Sydney Olympic,7/4/2014,-,Not found,6,299,20,Yes,7/4/2014,Not found,3,first scrap players transfer
Louis Laing,https://www.transfermarkt.com/louis-laing/profil/spieler/110865,Success,110865,spieler,Louis Laing,06/03/1993 (32),Newcastle-upon-Tyne,"1,88 m",England,Defender - Centre-Back,right,Not found,Darlington,1/7/2021,-,Not found,3,73,8,Yes,1/7/2021,Not found,2,first scrap players transfer
Frank Lampard,https://www.transfermarkt.com/frank-lampard/profil/spieler/3163,Success,3163,spieler,Frank Lampard,20/06/1978 (47),London,"1,84 m",England,Midfield - Central Midfield,right,Not found,New York City,2/2/2017,-,Not found,14,397,93,Yes,2/2/2017,Not found,10,first scrap players transfer
Sebastian Larsson,https://www.transfermarkt.com/sebastian-larsson/profil/spieler/31720,Success,31720,spieler,Sebastian Larsson,06/06/1985 (40),Eskilstuna,"1,78 m",Sweden,Midfield - Central Midfield,right,Not found,AIK,1/1/2023,-,Nike,2,110,20,Yes,1/1/2023,Not found,2,first scrap players transfer
Jens Lehmann,https://www.transfermarkt.com/jens-lehmann/profil/spieler/122,Success,122,spieler,Jens Lehmann,10/11/1969 (56),Essen,N/A,Germany,Goalkeeper,N/A,Not found,Arsenal,1/7/2011,-,Not found,3,12,1,Yes,1/7/2011,Not found,2,first scrap players transfer
Lucas Leiva,https://www.transfermarkt.com/lucas-leiva/profil/spieler/41414,Success,41414,spieler,Lucas Leiva,09/01/1987 (38),Dourados,"1,79 m",Brazil  Italy,Midfield - Defensive Midfield,right,Not found,Grêmio,17/03/2023,-,Nike,19,774,131,Yes,17/03/2023,Not found,11,first scrap players transfer
Aaron Lennon,https://www.transfermarkt.com/aaron-lennon/profil/spieler/14221,Success,14221,spieler,Aaron Lennon,16/04/1987 (38),Chapeltown,"1,65 m",England  Ireland,Attack - Right Winger,right,Not found,Burnley,15/11/2022,-,Not found,8,373,79,Yes,15/11/2022,Not found,7,first scrap players transfer
Joleon Lescott,https://www.transfermarkt.com/joleon-lescott/profil/spieler/4241,Success,4241,spieler,Joleon Lescott,16/08/1982 (43),Birmingham,"1,91 m",England,Defender - Centre-Back,left,Not found,Sunderland,1/7/2017,-,Not found,4,187,39,Yes,1/7/2017,Not found,3,first scrap players transfer
Eric Lichaj,https://www.transfermarkt.com/eric-lichaj/profil/spieler/61575,Success,61575,spieler,Eric Lichaj,17/11/1988 (37),"Downers Grove, Illinois","1,80 m",United States  Poland,Defender - Right-Back,right,Not found,Karagümrük,1/7/2021,-,Not found,1,36,5,Yes,1/7/2021,Not found,1,first scrap players transfer
Amine Linganzi,https://www.transfermarkt.com/amine-linganzi/profil/spieler/88596,Success,88596,spieler,Amine Linganzi,16/11/1989 (36),Algier,"1,86 m",Congo  France,Midfield - Central Midfield,right,Not found,Salford,1/7/2019,-,Not found,0,0,0,Yes,1/7/2019,Not found,0,first scrap players transfer
Adrián López,https://www.transfermarkt.com/adrin-lpez/profil/spieler/45383,Success,45383,spieler,Adrián López,08/01/1988 (37),San Martín de Teverga,"1,83 m",Spain,Attack - Centre-Forward,right,Not found,Málaga CF,1/7/2023,-,adidas,8,384,72,Yes,1/7/2023,Not found,6,first scrap players transfer
Jason Lowe,https://www.transfermarkt.com/jason-lowe/profil/spieler/117997,Success,117997,spieler,Jason Lowe,02/09/1991 (34),Wigan,"1,83 m",England,Midfield - Defensive Midfield,right,Not found,Tranmere,1/7/2025,30/06/2026,Not found,1,182,33,No,Not found,16,1,first scrap players transfer
Kazenga LuaLua,https://www.transfermarkt.com/kazenga-lualua/profil/spieler/52576,Success,52576,spieler,Kazenga LuaLua,10/12/1990 (34),Kinshasa,"1,80 m",DR Congo  England,Attack - Left Winger,right,Not found,Without Club,28/01/2025,-,Not found,3,254,31,No,Not found,Not found,3,first scrap players transfer
David Luiz,https://www.transfermarkt.com/david-luiz/profil/spieler/46741,Success,46741,spieler,David Luiz,22/04/1987 (38),Diadema,"1,89 m",Brazil,Defender - Centre-Back,right,Not found,Pafos,3/8/2025,31/05/2027,adidas,30,703,134,No,Not found,4,11,first scrap players transfer
Craig Lynch,https://www.transfermarkt.com/craig-lynch/profil/spieler/121334,Success,121334,spieler,Craig Lynch,25/03/1992 (33),Durham,"1,83 m",England,Attack - Left Winger,Not found,Not found,Blyth Spartans,1/7/2015,-,Not found,0,0,0,Yes,1/7/2015,Not found,0,first scrap players transfer
Peter Løvenkrands,https://www.transfermarkt.com/peter-lvenkrands/profil/spieler/9620,Success,9620,spieler,Peter Løvenkrands,29/01/1980 (45),Hørsholm,"1,79 m",Denmark,Attack - Centre-Forward,left,Not found,Birmingham,1/7/2014,-,Not found,2,25,5,Yes,1/7/2014,Not found,1,first scrap players transfer
Federico Macheda,https://www.transfermarkt.com/federico-macheda/profil/spieler/61887,Success,61887,spieler,Federico Macheda,22/08/1991 (34),Roma,"1,85 m",Italy,Attack - Centre-Forward,right,Not found,Asteras Aktor,30/09/2024,30/06/2026,Not found,9,134,25,No,Not found,41,6,first scrap players transfer
Jean Makoun,https://www.transfermarkt.com/jean-makoun/profil/spieler/5648,Success,5648,spieler,Jean Makoun,29/05/1983 (42),Yaoundé,"1,73 m",Cameroon  France,Midfield - Defensive Midfield,right,Not found,Merit AYSK,1/7/2019,-,Not found,2,46,12,Yes,1/7/2019,Not found,2,first scrap players transfer
Steed Malbranque,https://www.transfermarkt.com/steed-malbranque/profil/spieler/3569,Success,3569,spieler,Steed Malbranque,06/01/1980 (45),Mouscron,"1,71 m",France  Belgium,Midfield - Central Midfield,right,Not found,FC Limonest,1/7/2021,-,Not found,3,25,5,Yes,1/7/2021,Not found,3,first scrap players transfer
Florent Malouda,https://www.transfermarkt.com/florent-malouda/profil/spieler/5461,Success,5461,spieler,Florent Malouda,13/06/1980 (45),Cayenne,"1,77 m",France  French Guiana,Attack - Left Winger,left,Not found,Differdange 03,1/7/2018,-,Not found,8,177,45,Yes,1/7/2018,Not found,4,first scrap players transfer
Michael Mancienne,https://www.transfermarkt.com/michael-mancienne/profil/spieler/38100,Success,38100,spieler,Michael Mancienne,08/01/1988 (37),London,"1,84 m",Seychelles  England,Defender - Centre-Back,right,Not found,Burton Albion,1/7/2023,-,Not found,8,461,111,Yes,1/7/2023,Not found,6,first scrap players transfer
Obafemi Martins,https://www.transfermarkt.com/obafemi-martins/profil/spieler/5794,Success,5794,spieler,Obafemi Martins,28/10/1984 (41),Lagos,N/A,Nigeria  Italy,Attack - Centre-Forward,N/A,Not found,WH FC,1/1/2021,-,Nike,13,1317,57,Yes,1/1/2021,Not found,7,first scrap players transfer
Javier Mascherano,https://www.transfermarkt.com/javier-mascherano/profil/spieler/19981,Success,19981,spieler,Javier Mascherano,08/06/1984 (41),San Lorenzo,"1,74 m",Argentina  Italy,Midfield - Defensive Midfield,right,Not found,Estudiantes LP,16/11/2020,-,Nike,13,431,75,Yes,16/11/2020,Not found,7,first scrap players transfer
James McArthur,https://www.transfermarkt.com/james-mcarthur/profil/spieler/41416,Success,41416,spieler,James McArthur,07/10/1987 (38),Glasgow,"1,78 m",Scotland,Midfield - Central Midfield,both,Not found,Crystal Palace,7/8/2023,-,Not found,6,246,36,Yes,7/8/2023,Not found,5,first scrap players transfer
Benni McCarthy,https://www.transfermarkt.com/benni-mccarthy/profil/spieler/3091,Success,3091,spieler,Benni McCarthy,12/11/1977 (48),"Cape Town, Western Cape","1,84 m",South Africa,Attack - Centre-Forward,right,Not found,Orlando Pirates,1/7/2013,-,Not found,2,84,17,Yes,1/7/2013,Not found,2,first scrap players transfer
James McCarthy,https://www.transfermarkt.com/james-mccarthy/profil/spieler/45333,Success,45333,spieler,James McCarthy,12/11/1990 (35),Glasgow,"1,80 m",Ireland  Scotland,Midfield - Central Midfield,right,Not found,Without Club,1/8/2024,-,Not found,10,827,145,No,Not found,Not found,5,first scrap players transfer
Josh McEachran,https://www.transfermarkt.com/josh-mceachran/profil/spieler/128905,Success,128905,spieler,Josh McEachran,01/03/1993 (32),Oxford,"1,78 m",England  Scotland,Midfield - Central Midfield,left,Not found,Bristol Rovers,1/7/2025,30/06/2027,Not found,5,687,72,No,Not found,20,4,first scrap players transfer
James McFadden,https://www.transfermarkt.com/james-mcfadden/profil/spieler/9956,Success,9956,spieler,James McFadden,14/04/1983 (42),Glasgow,"1,78 m",Scotland,Attack - Second Striker,left,Not found,Queen o. t. S.,1/1/2018,-,Not found,7,427,70,Yes,1/1/2018,Not found,6,first scrap players transfer
Ryan McGivern,https://www.transfermarkt.com/ryan-mcgivern/profil/spieler/61632,Success,61632,spieler,Ryan McGivern,08/01/1990 (35),Newry,"1,88 m",Northern Ireland,Defender - Centre-Back,left,Not found,Newry City,1/7/2025,-,Not found,3,69,13,Yes,1/7/2025,Not found,2,first scrap players transfer
Callum McManaman,https://www.transfermarkt.com/callum-mcmanaman/profil/spieler/61711,Success,61711,spieler,Callum McManaman,25/04/1991 (34),Huyton,"1,74 m",England  Ireland,Attack - Right Winger,right,Not found,Wigan,1/7/2023,30/06/2026,Not found,5,151,25,No,Not found,20,4,first scrap players transfer
Raul Meireles,https://www.transfermarkt.com/raul-meireles/profil/spieler/13168,Success,13168,spieler,Raúl Meireles,17/03/1983 (42),Porto,"1,79 m",Portugal,Midfield - Central Midfield,both,Not found,Fenerbahçe,1/7/2016,-,Nike,16,358,123,Yes,1/7/2016,Not found,6,first scrap players transfer
Abdoulaye Méïté,https://www.transfermarkt.com/abdoulaye-mt/profil/spieler/5315,Success,5315,spieler,Abdoulaye Méïté,06/10/1980 (45),Paris,"1,85 m",Cote d'Ivoire  France,Defender - Centre-Back,right,Not found,Lusitanos,1/7/2018,-,Not found,2,108,20,Yes,1/7/2018,Not found,1,first scrap players transfer
John Mensah,https://www.transfermarkt.com/john-mensah/profil/spieler/5917,Success,5917,spieler,John Mensah,29/11/1982 (42),Obuasi,"1,80 m",Ghana,Defender - Centre-Back,right,Not found,AFC United,1/1/2017,-,Not found,7,356,46,Yes,1/1/2017,Not found,3,first scrap players transfer
David Meyler,https://www.transfermarkt.com/david-meyler/profil/spieler/68183,Success,68183,spieler,David Meyler,29/05/1989 (36),Cork,"1,89 m",Ireland,Midfield - Central Midfield,right,Not found,Reading,30/08/2019,-,adidas,2,140,30,Yes,30/08/2019,Not found,2,first scrap players transfer
Simon Mignolet,https://www.transfermarkt.com/simon-mignolet/profil/spieler/50219,Success,50219,spieler,Simon Mignolet,06/03/1988 (37),Sint-Truiden,"1,93 m",Belgium,Goalkeeper,right,Not found,Club Brugge,5/8/2019,30/06/2026,Nike,8,260,46,No,Not found,22,6,first scrap players transfer
Nenad Milijaš,https://www.transfermarkt.com/nenad-milija/profil/spieler/36123,Success,36123,spieler,Nenad Milijas,30/04/1983 (42),Belgrade,"1,88 m",Serbia,Midfield - Central Midfield,left,Not found,Red Star,1/7/2019,-,Puma,0,0,0,Yes,1/7/2019,Not found,0,first scrap players transfer
Ishmael Miller,https://www.transfermarkt.com/ishmael-miller/profil/spieler/38776,Success,38776,spieler,Ishmael Miller,05/03/1987 (38),Manchester,"1,92 m",England,Attack - Centre-Forward,left,Not found,Tranmere,1/7/2020,-,Not found,1,173,28,Yes,1/7/2020,Not found,1,first scrap players transfer
James Milner,https://www.transfermarkt.com/james-milner/profil/spieler/3333,Success,3333,spieler,James Milner,04/01/1986 (39),Leeds,"1,75 m",England,Midfield - Central Midfield,right,Not found,Brighton,1/7/2023,30/06/2026,Nike,27,814,140,No,Not found,20,12,first scrap players transfer
Luka Modrić,https://www.transfermarkt.com/luka-modri/profil/spieler/27992,Success,27992,spieler,Luka Modrić,09/09/1985 (40),Zadar,"1,72 m",Croatia,Midfield - Central Midfield,right,Not found,AC Milan,14/07/2025,30/06/2026,Nike,30,545,116,No,Not found,14,13,first scrap players transfer
Josh Morris,https://www.transfermarkt.com/josh-morris/profil/spieler/121391,Success,121391,spieler,Josh Morris,30/09/1991 (34),Preston,"1,80 m",England,Midfield - Left Midfield,left,Not found,Without Club,1/7/2023,-,Not found,2,170,31,No,Not found,Not found,1,first scrap players transfer
James Morrison,https://www.transfermarkt.com/james-morrison/profil/spieler/27614,Success,27614,spieler,James Morrison,25/05/1986 (39),Darlington,"1,83 m",Scotland  England,Midfield - Central Midfield,right,Not found,West Brom,29/10/2019,-,adidas,4,399,62,Yes,29/10/2019,Not found,3,first scrap players transfer
Victor Moses,https://www.transfermarkt.com/victor-moses/profil/spieler/59866,Success,59866,spieler,Victor Moses,12/12/1990 (34),Kaduna,"1,77 m",Nigeria  England,Attack - Right Winger,right,Not found,Without Club,1/7/2025,-,Nike,20,811,139,No,Not found,Not found,11,first scrap players transfer
Steven Mouyokolo,https://www.transfermarkt.com/steven-mouyokolo/profil/spieler/58188,Success,58188,spieler,Steven Mouyokolo,24/01/1987 (38),Melun,"1,90 m",France  Congo,Defender - Centre-Back,right,Not found,Celtic,1/7/2014,-,Not found,3,241,43,Yes,1/7/2014,Not found,3,first scrap players transfer
Fabrice Muamba,https://www.transfermarkt.com/fabrice-muamba/profil/spieler/35586,Success,35586,spieler,Fabrice Muamba,06/04/1988 (37),Kinshasa,"1,88 m",England  DR Congo,Midfield - Central Midfield,right,Not found,Bolton,15/08/2012,-,Not found,0,0,0,Yes,15/08/2012,Not found,0,first scrap players transfer
Geoffrey Mujangi Bia,https://www.transfermarkt.com/geoffrey-mujangi-bia/profil/spieler/45455,Success,45455,spieler,Geoffrey Mujangi Bia,12/08/1989 (36),Kinshasa,"1,80 m",Belgium  DR Congo,Attack - Right Winger,right,Not found,Career break,1/7/2025,-,Nike,7,243,37,No,Not found,Not found,4,first scrap players transfer
Youssouf Mulumbu,https://www.transfermarkt.com/youssouf-mulumbu/profil/spieler/45272,Success,45272,spieler,Youssouf Mulumbu,25/01/1987 (38),Kinshasa,"1,77 m",DR Congo  France,Midfield - Defensive Midfield,right,Not found,Without Club,1/7/2024,-,Not found,7,614,23,No,Not found,Not found,5,first scrap players transfer
Sulley Muntari,https://www.transfermarkt.com/sulley-muntari/profil/spieler/17129,Success,17129,spieler,Sulley Muntari,27/08/1984 (41),Konongo,"1,79 m",Ghana,Midfield - Central Midfield,left,Not found,Hearts of Oak,1/7/2022,-,Not found,12,327,56,Yes,1/7/2022,Not found,6,first scrap players transfer
Danny Murphy,https://www.transfermarkt.com/danny-murphy/profil/spieler/3221,Success,3221,spieler,Danny Murphy,18/03/1977 (48),Chester,"1,77 m",England,Midfield - Central Midfield,right,Not found,Blackburn,1/7/2013,-,Not found,4,91,22,Yes,1/7/2013,Not found,3,first scrap players transfer
David Murphy,https://www.transfermarkt.com/david-murphy/profil/spieler/3868,Success,3868,spieler,David Murphy,01/03/1984 (41),Hartlepool,"1,85 m",England,Defender - Left-Back,left,Not found,Birmingham,3/3/2014,-,Not found,2,329,38,Yes,3/3/2014,Not found,1,first scrap players transfer
Jordon Mutch,https://www.transfermarkt.com/jordon-mutch/profil/spieler/57207,Success,57207,spieler,Jordon Mutch,02/12/1991 (33),Alvaston,"1,84 m",England,Midfield - Central Midfield,right,Not found,Without Club,30/12/2024,-,adidas,11,657,114,No,Not found,Not found,6,first scrap players transfer
Boaz Myhill,https://www.transfermarkt.com/boaz-myhill/profil/spieler/3838,Success,3838,spieler,Boaz Myhill,09/11/1982 (43),"Modesto, Kalifornien","1,91 m",Wales  United States,Goalkeeper,right,Not found,West Brom,1/7/2019,-,Not found,3,130,21,Yes,1/7/2019,Not found,3,first scrap players transfer
David N'Gog,https://www.transfermarkt.com/david-ngog/profil/spieler/41242,Success,41242,spieler,David N'Gog,01/04/1989 (36),Gennevilliers,"1,90 m",France  Cameroon,Attack - Centre-Forward,right,Not found,Panionios,1/7/2023,-,Not found,1,216,8,Yes,1/7/2023,Not found,1,first scrap players transfer
Charles N'Zogbia,https://www.transfermarkt.com/charles-nzogbia/profil/spieler/22165,Success,22165,spieler,Charles N'Zogbia,28/05/1986 (39),Harfleur,"1,71 m",France  DR Congo,Attack - Right Winger,left,Not found,Aston Villa,1/7/2016,-,adidas,7,3790,81,Yes,1/7/2016,Not found,4,first scrap players transfer
Nani,https://www.transfermarkt.com/nani/profil/spieler/33706,Success,33706,spieler,Nani,17/11/1986 (39),Amadora,"1,77 m",Portugal  Cape Verde,Attack - Left Winger,both,Not found,Estrela Amadora,8/12/2024,-,Not found,27,753,131,Yes,8/12/2024,Not found,13,first scrap players transfer
Samir Nasri,https://www.transfermarkt.com/samir-nasri/profil/spieler/18935,Success,18935,spieler,Samir Nasri,26/06/1987 (38),Marseille,"1,77 m",France  Algeria,Midfield - Attacking Midfield,right,Not found,RSC Anderlecht,26/09/2021,-,New Balance,30,1148,191,Yes,26/09/2021,Not found,12,first scrap players transfer
Ryan Nelsen,https://www.transfermarkt.com/ryan-nelsen/profil/spieler/28878,Success,28878,spieler,Ryan Nelsen,18/10/1977 (48),Christchurch,"1,85 m",New Zealand,Defender - Centre-Back,right,Not found,QPR,31/01/2013,-,Not found,6,414,60,Yes,31/01/2013,Not found,6,first scrap players transfer
Gary Neville,https://www.transfermarkt.com/gary-neville/profil/spieler/3403,Success,3403,spieler,Gary Neville,18/02/1975 (50),Bury,"1,80 m",England,Defender - Right-Back,right,Not found,Man Utd,2/2/2011,-,Not found,3,377,79,Yes,2/2/2011,Not found,3,first scrap players transfer
Phil Neville,https://www.transfermarkt.com/phil-neville/profil/spieler/3404,Success,3404,spieler,Phil Neville,21/01/1977 (48),Bury,"1,80 m",England,Defender - Right-Back,right,Not found,Everton,1/7/2013,-,Not found,6,262,49,Yes,1/7/2013,Not found,3,first scrap players transfer
Mark Noble,https://www.transfermarkt.com/mark-noble/profil/spieler/31835,Success,31835,spieler,Mark Noble,08/05/1987 (38),London,"1,80 m",England  Ireland,Midfield - Central Midfield,right,Not found,West Ham,1/7/2022,-,adidas,13,283,53,Yes,1/7/2022,Not found,9,first scrap players transfer
Ryan Noble,https://www.transfermarkt.com/ryan-noble/profil/spieler/121340,Success,121340,spieler,Ryan Noble,11/06/1991 (34),Sunderland,"1,82 m",England,Attack - Centre-Forward,right,Not found,Billingham Syn.,-,-,Not found,0,0,0,Yes,-,Not found,0,first scrap players transfer
Kevin Nolan,https://www.transfermarkt.com/kevin-nolan/profil/spieler/3950,Success,3950,spieler,Kevin Nolan,24/06/1982 (43),Liverpool,"1,83 m",England,Midfield - Attacking Midfield,right,Not found,Notts County,26/08/2018,-,Not found,3,87,18,Yes,26/08/2018,Not found,3,first scrap players transfer
Frank Nouble,https://www.transfermarkt.com/frank-nouble/profil/spieler/119123,Success,119123,spieler,Frank Nouble,24/09/1991 (34),London,"1,90 m",England  Cote d'Ivoire,Attack - Centre-Forward,right,Not found,Gateshead,22/03/2025,30/06/2026,Not found,1,45,7,No,Not found,14,1,first scrap players transfer
Steven Nzonzi,https://www.transfermarkt.com/steven-nzonzi/profil/spieler/73734,Success,73734,spieler,Steven Nzonzi,15/12/1988 (36),Colombes,"1,96 m",France  DR Congo,Midfield - Defensive Midfield,right,Not found,Stoke City,8/8/2025,30/06/2026,Not found,5,55,11,No,Not found,15,3,first scrap players transfer
Andy O'Brien,https://www.transfermarkt.com/andy-obrien/profil/spieler/869490,Success,869490,spieler,Andy O'Brien,Not found,Not found,Not found,Ireland,Defender,Not found,Not found,Without Club,24/07/2021,-,Not found,0,0,0,No,Not found,Not found,0,first scrap players transfer
Garry O'Connor,https://www.transfermarkt.com/garry-oconnor/profil/spieler/15708,Success,15708,spieler,Garry O'Connor,07/05/1983 (42),Edinburgh,"1,86 m",Scotland,Attack - Centre-Forward,right,Not found,Selkirk FC,9/12/2016,-,Not found,2,160,29,Yes,9/12/2016,Not found,1,first scrap players transfer
Jamie O'Hara,https://www.transfermarkt.com/jamie-ohara/profil/spieler/38090,Success,38090,spieler,Jamie O'Hara,25/09/1986 (39),Dartford,"1,80 m",England,Midfield - Central Midfield,left,Not found,Billericay,16/09/2019,-,Not found,4,73,16,Yes,16/09/2019,Not found,3,first scrap players transfer
Gary O'Neil,https://www.transfermarkt.com/gary-oneil/profil/spieler/3995,Success,3995,spieler,Gary O'Neil,18/05/1983 (42),London,"1,74 m",England,Midfield - Central Midfield,right,Not found,Bolton,1/7/2019,-,Not found,4,335,50,Yes,1/7/2019,Not found,3,first scrap players transfer
John O'Shea,https://www.transfermarkt.com/john-oshea/profil/spieler/3540,Success,3540,spieler,John O'Shea,30/04/1981 (44),Waterford,"1,92 m",Ireland,Defender - Centre-Back,right,Not found,Reading,7/5/2019,-,Nike,6,247,29,Yes,7/5/2019,Not found,5,first scrap players transfer
Gabriel Obertan,https://www.transfermarkt.com/gabriel-obertan/profil/spieler/43261,Success,43261,spieler,Gabriel Obertan,26/02/1989 (36),Pantin,"1,86 m",France  Guadeloupe,Attack - Right Winger,right,Not found,Without Club,1/12/2024,-,Nike,8,537,104,No,Not found,Not found,7,first scrap players transfer
John Obi Mikel,https://www.transfermarkt.com/john-obi-mikel/profil/spieler/30739,Success,30739,spieler,John Obi Mikel,22/04/1987 (38),Jos,"1,88 m",Nigeria  England,Midfield - Defensive Midfield,right,Not found,Kuwait SC,27/09/2022,-,Not found,9,310,49,Yes,27/09/2022,Not found,6,first scrap players transfer
Victor Obinna,https://www.transfermarkt.com/victor-obinna/profil/spieler/35852,Success,35852,spieler,Victor Obinna,25/03/1987 (38),Jos,N/A,Nigeria  Italy,Attack - Second Striker,N/A,Not found,Cape Town City,5/2/2018,-,Not found,3,145,12,Yes,5/2/2018,Not found,3,first scrap players transfer
Peter Odemwingie,https://www.transfermarkt.com/peter-odemwingie/profil/spieler/12516,Success,12516,spieler,Peter Odemwingie,15/07/1981 (44),Tashkent,"1,81 m",Nigeria  Russia,Attack - Centre-Forward,right,Not found,Madura United,1/1/2019,-,Nike,3,287,52,Yes,1/1/2019,Not found,3,first scrap players transfer
Jonas Olsson,https://www.transfermarkt.com/jonas-olsson/profil/spieler/25248,Success,25248,spieler,Jonas Olsson,10/03/1983 (42),Landskrona,"1,93 m",Sweden,Defender - Centre-Back,left,Not found,Wigan,20/09/2019,-,Not found,7,261,57,Yes,20/09/2019,Not found,7,first scrap players transfer
Martin Olsson,https://www.transfermarkt.com/martin-olsson/profil/spieler/38073,Success,38073,spieler,Martin Olsson,17/05/1988 (37),Gävle,"1,78 m",Sweden,Defender - Left-Back,left,Not found,Malmö,11/8/2021,31/12/2025,Not found,11,577,101,No,Not found,13,10,first scrap players transfer
Nedum Onuoha,https://www.transfermarkt.com/nedum-onuoha/profil/spieler/28810,Success,28810,spieler,Nedum Onuoha,12/11/1986 (39),Warri,"1,83 m",England  Nigeria,Defender - Centre-Back,right,Not found,Salt Lake,1/1/2021,-,Not found,7,141,23,Yes,1/1/2021,Not found,5,first scrap players transfer
Brett Ormerod,https://www.transfermarkt.com/brett-ormerod/profil/spieler/4113,Success,4113,spieler,Brett Ormerod,18/10/1976 (49),Blackburn,"1,80 m",England,Attack - Centre-Forward,right,Not found,Bamber Bridge,21/01/2016,-,Not found,0,0,0,Yes,21/01/2016,Not found,0,first scrap players transfer
Leon Osman,https://www.transfermarkt.com/leon-osman/profil/spieler/3620,Success,3620,spieler,Leon Osman,17/05/1981 (44),Wigan,"1,73 m",England,Midfield - Central Midfield,right,Not found,Everton,1/7/2016,-,Not found,7,168,41,Yes,1/7/2016,Not found,5,first scrap players transfer
Michael Owen,https://www.transfermarkt.com/michael-owen/profil/spieler/1397,Success,1397,spieler,Michael Owen,14/12/1979 (45),Chester,"1,73 m",England,Attack - Centre-Forward,both,Not found,Stoke City,1/7/2013,-,Not found,9,877,165,Yes,1/7/2013,Not found,6,first scrap players transfer
Daniel Pacheco,https://www.transfermarkt.com/daniel-pacheco/profil/spieler/28285,Success,28285,spieler,Dani Pacheco,05/01/1991 (34),Málaga,"1,68 m",Spain,Midfield - Attacking Midfield,both,Not found,Wisla Plock,16/07/2024,30/06/2026,Not found,6,234,32,No,Not found,8,3,first scrap players transfer
John Paintsil,https://www.transfermarkt.com/john-paintsil/profil/spieler/35235,Success,35235,spieler,John Paintsil,15/06/1981 (44),Berekum,"1,78 m",Ghana,Defender - Right-Back,right,Not found,Maritzburg Utd.,1/7/2016,-,Not found,1,94,29,Yes,1/7/2016,Not found,1,first scrap players transfer
Wilson Palacios,https://www.transfermarkt.com/wilson-palacios/profil/spieler/58361,Success,58361,spieler,Wilson Palacios,29/07/1984 (41),La Ceiba,"1,81 m",Honduras,Midfield - Defensive Midfield,right,Not found,Real Sociedad,1/1/2020,-,Not found,0,0,0,Yes,1/1/2020,Not found,0,first scrap players transfer
Scott Parker,https://www.transfermarkt.com/scott-parker/profil/spieler/3785,Success,3785,spieler,Scott Parker,13/10/1980 (45),London,"1,80 m",England,Midfield - Central Midfield,right,Not found,Fulham,1/7/2017,-,Not found,8,339,71,Yes,1/7/2017,Not found,8,first scrap players transfer
Stuart Parnaby,https://www.transfermarkt.com/stuart-parnaby/profil/spieler/3866,Success,3866,spieler,Stuart Parnaby,19/07/1982 (43),Durham,"1,78 m",England,Defender - Right-Back,right,Not found,Hartlepool,10/9/2015,-,Not found,0,0,0,Yes,10/9/2015,Not found,0,first scrap players transfer
Roman Pavlyuchenko,https://www.transfermarkt.com/roman-pavlyuchenko/profil/spieler/15072,Success,15072,spieler,Roman Pavlyuchenko,15/12/1981 (43),"Mostovskoy, Krasnodar Region","1,88 m",Russia,Attack - Centre-Forward,right,Not found,Znamya Noginsk,27/10/2022,-,Not found,6,132,19,Yes,27/10/2022,Not found,6,first scrap players transfer
Jermaine Pennant,https://www.transfermarkt.com/jermaine-pennant/profil/spieler/3195,Success,3195,spieler,Jermaine Pennant,15/01/1983 (42),Nottingham,"1,73 m",England  Jamaica,Attack - Right Winger,right,Not found,Billericay,10/2/2018,-,Not found,3,36,8,Yes,10/2/2018,Not found,3,first scrap players transfer
James Perch,https://www.transfermarkt.com/james-perch/profil/spieler/49409,Success,49409,spieler,James Perch,28/09/1985 (40),Mansfield,"1,80 m",England  Jamaica,Defender - Centre-Back,right,Not found,Ilkeston Town,3/1/2025,-,Not found,1,311,51,Yes,3/1/2025,Not found,1,first scrap players transfer
Robin van Persie,https://www.transfermarkt.com/robin-van-persie/profil/spieler/4380,Success,4380,spieler,Robin van Persie,06/08/1983 (42),Rotterdam,"1,83 m",Netherlands,Attack - Centre-Forward,left,Not found,Feyenoord,1/7/2019,-,Not found,30,741,150,Yes,1/7/2019,Not found,10,first scrap players transfer
Martin Petrov,https://www.transfermarkt.com/martin-petrov/profil/spieler/670,Success,670,spieler,Martin Petrov,15/01/1979 (46),Vratsa,N/A,Bulgaria,Attack - Left Winger,N/A,Not found,CSKA Sofia,1/7/2014,-,Not found,4,194,39,Yes,1/7/2014,Not found,2,first scrap players transfer
Stiliyan Petrov,https://www.transfermarkt.com/stiliyan-petrov/profil/spieler/3252,Success,3252,spieler,Stiliyan Petrov,05/07/1979 (46),Montana,"1,80 m",Bulgaria,Midfield - Central Midfield,right,Not found,Aston Villa,15/07/2016,-,Not found,2,1543,5,Yes,15/07/2016,Not found,2,first scrap players transfer
Kevin Phillips,https://www.transfermarkt.com/kevin-phillips/profil/spieler/3131,Success,3131,spieler,Kevin Phillips,25/07/1973 (52),Hitchin,"1,70 m",England,Attack - Centre-Forward,right,Not found,Leicester,4/5/2014,-,Not found,1,32,4,Yes,4/5/2014,Not found,1,first scrap players transfer
Matt Phillips,https://www.transfermarkt.com/matt-phillips/profil/spieler/77274,Success,77274,spieler,Matt Phillips,13/03/1991 (34),Aylesbury,"1,83 m",Scotland  England,Attack - Right Winger,right,Not found,Oxford United,1/8/2024,-,Not found,7,427,67,No,Not found,10,5,first scrap players transfer
Steven Pienaar,https://www.transfermarkt.com/steven-pienaar/profil/spieler/4321,Success,4321,spieler,Steven Pienaar,17/03/1982 (43),"Johannesburg, Gauteng","1,70 m",South Africa,Midfield - Left Midfield,both,Not found,Bidvest Wits FC,28/02/2018,-,Puma,10,607,102,Yes,28/02/2018,Not found,6,first scrap players transfer
Frédéric Piquionne,https://www.transfermarkt.com/frdric-piquionne/profil/spieler/5683,Success,5683,spieler,Frédéric Piquionne,08/12/1978 (46),Nouméa,"1,88 m",Martinique  France,Attack - Centre-Forward,right,Not found,Mumbai City,1/1/2016,-,Not found,0,0,0,Yes,1/1/2016,Not found,0,first scrap players transfer
Robert Pirès,https://www.transfermarkt.com/robert-pirs/profil/spieler/3185,Success,3185,spieler,Robert Pirès,29/10/1973 (52),Reims,"1,87 m",France  Portugal,Midfield - Left Midfield,right,Not found,FC Goa,13/03/2015,-,Not found,2,420,82,Yes,13/03/2015,Not found,2,first scrap players transfer
Mike Pollitt,https://www.transfermarkt.com/mike-pollitt/profil/spieler/32217,Success,32217,spieler,Mike Pollitt,29/02/1972 (53),Farnworth,"1,93 m",England,Goalkeeper,right,Not found,Wigan,1/7/2014,-,Not found,1,198,22,Yes,1/7/2014,Not found,1,first scrap players transfer
Christian Poulsen,https://www.transfermarkt.com/christian-poulsen/profil/spieler/1443,Success,1443,spieler,Christian Poulsen,28/02/1980 (45),Asnæs,N/A,Denmark,Midfield - Defensive Midfield,N/A,Not found,Copenhagen,29/12/2016,-,Not found,4,94,21,Yes,29/12/2016,Not found,3,first scrap players transfer
Danny Pugh,https://www.transfermarkt.com/danny-pugh/profil/spieler/3546,Success,3546,spieler,Danny Pugh,19/10/1982 (43),Cheadle Hulme,"1,83 m",England,Defender - Left-Back,left,Not found,Hanley Town,30/06/2022,-,Not found,0,0,0,Yes,30/06/2022,Not found,0,first scrap players transfer
Jason Puncheon,https://www.transfermarkt.com/jason-puncheon/profil/spieler/47995,Success,47995,spieler,Jason Puncheon,18/06/1986 (39),London,"1,73 m",England  Jamaica,Midfield - Central Midfield,left,Not found,Kissos Kissoner,1/1/2025,-,Not found,2,278,29,Yes,1/1/2025,Not found,2,first scrap players transfer
Paul Rachubka,https://www.transfermarkt.com/paul-rachubka/profil/spieler/4098,Success,4098,spieler,Paul Rachubka,21/05/1981 (44),"San Luis Obispo, California","1,85 m",England  United States,Goalkeeper,right,Not found,Kerala Blasters,1/7/2018,-,Not found,1,168,25,Yes,1/7/2018,Not found,1,first scrap players transfer
Rafael,https://www.transfermarkt.com/rafael/profil/spieler/357164,Success,357164,spieler,Rafael Leão,10/06/1999 (26),Almada,"1,88 m",Portugal  Angola,Attack - Left Winger,right,Not found,AC Milan,1/8/2019,30/06/2028,adidas,10,331,73,No,Not found,10,7,first scrap players transfer
Ramires,https://www.transfermarkt.com/ramires/profil/spieler/54170,Success,54170,spieler,Ramires,24/03/1987 (38),Barra do Piraí,"1,79 m",Brazil,Midfield - Central Midfield,right,Not found,Palmeiras,27/11/2020,-,Not found,3,75,12,Yes,27/11/2020,Not found,2,first scrap players transfer
Aaron Ramsey,https://www.transfermarkt.com/aaron-ramsey/profil/spieler/50057,Success,50057,spieler,Aaron Ramsey,26/12/1990 (34),Caerphilly,"1,78 m",Wales,Midfield - Central Midfield,right,Not found,Without Club,31/10/2025,-,adidas,35,1369,263,No,Not found,Not found,14,first scrap players transfer
Nile Ranger,https://www.transfermarkt.com/nile-ranger/profil/spieler/88750,Success,88750,spieler,Nile Ranger,11/04/1991 (34),London,"1,88 m",England  Jamaica,Attack - Centre-Forward,right,Not found,Wellingborough,17/10/2025,-,Not found,1,76,14,No,Not found,Not found,1,first scrap players transfer
Abdul Razak,https://www.transfermarkt.com/abdul-razak/profil/spieler/224090,Success,224090,spieler,Abdul Razak,05/09/1961 (64),Kumasi,Not found,Ghana,Midfield,Not found,Not found,Africa Sports,1/7/1990,-,Not found,0,0,0,Yes,1/7/1990,Not found,0,first scrap players transfer
Andy Reid,https://www.transfermarkt.com/andy-reid/profil/spieler/10008,Success,10008,spieler,Andy Reid,29/07/1982 (43),Dublin,"1,70 m",Ireland,Midfield - Left Midfield,left,Not found,Nott'm Forest,29/07/2016,-,Not found,4,4196,114,Yes,29/07/2016,Not found,3,first scrap players transfer
Steven Reid,https://www.transfermarkt.com/steven-reid/profil/spieler/7330,Success,7330,spieler,Steven Reid,10/03/1981 (44),London,"1,85 m",Ireland  England,Defender - Right-Back,right,Not found,Burnley,1/7/2015,-,Not found,6,519,89,Yes,1/7/2015,Not found,5,first scrap players transfer
Winston Reid,https://www.transfermarkt.com/winston-reid/profil/spieler/37526,Success,37526,spieler,Winston Reid,03/07/1988 (37),Auckland,"1,91 m",New Zealand  Denmark,Defender - Centre-Back,right,Not found,West Ham,25/09/2022,-,Nike,15,1071,157,Yes,25/09/2022,Not found,7,first scrap players transfer
Pepe Reina,https://www.transfermarkt.com/pepe-reina/profil/spieler/7825,Success,7825,spieler,Pepe Reina,31/08/1982 (43),Madrid,"1,88 m",Spain,Goalkeeper,right,Not found,Como,1/7/2025,-,adidas,8,212,45,Yes,1/7/2025,Not found,7,first scrap players transfer
Nigel Reo-Coker,https://www.transfermarkt.com/nigel-reo-coker/profil/spieler/14060,Success,14060,spieler,Nigel Reo-Coker,14/05/1984 (41),London,"1,75 m",England  Sierra Leone,Midfield - Central Midfield,right,Not found,MK Dons,1/7/2018,-,adidas,3,71,14,Yes,1/7/2018,Not found,3,first scrap players transfer
Micah Richards,https://www.transfermarkt.com/micah-richards/profil/spieler/32617,Success,32617,spieler,Micah Richards,24/06/1988 (37),Birmingham,"1,80 m",England  St. Kitts & Nevis,Defender - Right-Back,right,Not found,Aston Villa,26/07/2019,-,adidas,13,460,114,Yes,26/07/2019,Not found,8,first scrap players transfer
Kieran Richardson,https://www.transfermarkt.com/kieran-richardson/profil/spieler/3548,Success,3548,spieler,Kieran Richardson,21/10/1984 (41),London,"1,77 m",England,Defender - Left-Back,left,Not found,Cardiff,1/1/2017,-,Not found,9,233,41,Yes,1/1/2017,Not found,5,first scrap players transfer
Sam Ricketts,https://www.transfermarkt.com/sam-ricketts/profil/spieler/30434,Success,30434,spieler,Sam Ricketts,11/10/1981 (44),Aylesbury,N/A,Wales  England,Defender - Right-Back,N/A,Not found,Coventry,16/11/2016,-,Not found,1,313,44,Yes,16/11/2016,Not found,1,first scrap players transfer
Liam Ridgewell,https://www.transfermarkt.com/liam-ridgewell/profil/spieler/4070,Success,4070,spieler,Liam Ridgewell,21/07/1984 (41),London,"1,88 m",England,Defender - Centre-Back,both,Not found,Southend United,31/01/2020,-,adidas,9,511,72,Yes,31/01/2020,Not found,6,first scrap players transfer
Cristian Riveros,https://www.transfermarkt.com/cristian-riveros/profil/spieler/37713,Success,37713,spieler,Cristian Riveros,16/10/1982 (43),Juan Augusto Saldívar,"1,79 m",Paraguay,Midfield - Defensive Midfield,right,Not found,Libertad,1/1/2025,-,Not found,0,0,0,Yes,1/1/2025,Not found,0,first scrap players transfer
Jason Roberts,https://www.transfermarkt.com/jason-roberts/profil/spieler/3666,Success,3666,spieler,Jason Roberts,25/01/1978 (47),London,"1,85 m",Grenada  England,Attack - Centre-Forward,right,Not found,Reading,20/03/2014,-,Not found,1,468,65,Yes,20/03/2014,Not found,1,first scrap players transfer
Jack Robinson,https://www.transfermarkt.com/jack-robinson/profil/spieler/183299,Success,183299,spieler,Callum Robinson,02/02/1995 (30),Northampton,"1,78 m",Ireland  England,Attack - Centre-Forward,right,Not found,Cardiff,1/9/2022,30/06/2027,Not found,9,372,60,No,Not found,47,6,first scrap players transfer
Paul Robinson,https://www.transfermarkt.com/paul-robinson/profil/spieler/3630,Success,3630,spieler,Paul Robinson,15/10/1979 (46),Beverley,"1,93 m",England,Goalkeeper,right,Not found,Burnley,1/7/2017,-,Not found,8,365,60,Yes,1/7/2017,Not found,7,first scrap players transfer
Rubén Rochina,https://www.transfermarkt.com/rubn-rochina/profil/spieler/67548,Success,67548,spieler,Rubén Rochina,23/03/1991 (34),Sagunt,"1,82 m",Spain,Attack - Right Winger,left,Not found,Without Club,1/7/2024,-,Not found,12,396,60,No,Not found,Not found,9,first scrap players transfer
Hugo Rodallega,https://www.transfermarkt.com/hugo-rodallega/profil/spieler/37934,Success,37934,spieler,Hugo Rodallega,25/07/1985 (40),El Carmelo,"1,81 m",Colombia,Attack - Centre-Forward,right,Not found,Indep. Santa Fe,15/01/2023,31/12/2026,Nike,8,189,31,No,Not found,11,7,first scrap players transfer
Rodrigo,https://www.transfermarkt.com/rodrigo/profil/spieler/357565,Success,357565,spieler,Rodri,22/06/1996 (29),Madrid,"1,91 m",Spain,Midfield - Defensive Midfield,right,Not found,Man City,4/7/2019,30/06/2027,Nike,8,373,72,No,Not found,16,4,first scrap players transfer
Maxi Rodríguez,https://www.transfermarkt.com/maxi-rodrguez/profil/spieler/7895,Success,7895,spieler,Maxi Rodríguez,02/01/1981 (44),Rosario,"1,73 m",Argentina  Spain,Attack - Left Winger,right,Not found,Newell's,1/1/2022,-,Not found,8,84,17,Yes,1/1/2022,Not found,4,first scrap players transfer
Jack Rodwell,https://www.transfermarkt.com/jack-rodwell/profil/spieler/57079,Success,57079,spieler,Jack Rodwell,11/03/1991 (34),Southport,"1,88 m",England,Defender - Centre-Back,right,Not found,Sydney FC,1/7/2025,-,Nike,14,576,122,Yes,1/7/2025,Not found,9,first scrap players transfer
Wayne Rooney,https://www.transfermarkt.com/wayne-rooney/profil/spieler/3332,Success,3332,spieler,Wayne Rooney,24/10/1985 (40),Liverpool,"1,76 m",England,Attack - Centre-Forward,right,Not found,Derby,15/01/2021,-,Nike,26,478,153,Yes,15/01/2021,Not found,13,first scrap players transfer
Danny Rose,https://www.transfermarkt.com/danny-rose/profil/spieler/50174,Success,50174,spieler,Danny Rose,02/07/1990 (35),Doncaster,"1,73 m",England  Jamaica,Defender - Left-Back,left,Not found,Watford,1/7/2024,-,Nike,7,486,107,Yes,1/7/2024,Not found,5,first scrap players transfer
Tomáš Rosický,https://www.transfermarkt.com/tom-rosick/profil/spieler/132,Success,132,spieler,Tomas Rosicky,04/10/1980 (45),Praha,"1,79 m",Czech Republic,Midfield - Attacking Midfield,both,Not found,Sparta Prague,20/12/2017,-,Puma,16,1317,268,Yes,20/12/2017,Not found,9,first scrap players transfer
Wayne Routledge,https://www.transfermarkt.com/wayne-routledge/profil/spieler/14066,Success,14066,spieler,Wayne Routledge,07/01/1985 (40),London,"1,70 m",England  Jamaica,Attack - Left Winger,right,Not found,Swansea,1/7/2021,-,adidas,5,310,24,Yes,1/7/2021,Not found,4,first scrap players transfer
Bacary Sagna,https://www.transfermarkt.com/bacary-sagna/profil/spieler/26764,Success,26764,spieler,Bacary Sagna,14/02/1983 (42),Sens,"1,76 m",France  Senegal,Defender - Right-Back,right,Not found,Montreal,1/1/2020,-,Not found,17,700,131,Yes,1/1/2020,Not found,10,first scrap players transfer
Louis Saha,https://www.transfermarkt.com/louis-saha/profil/spieler/4015,Success,4015,spieler,Louis Saha,08/08/1978 (47),Paris,"1,82 m",France  Guadeloupe,Attack - Centre-Forward,left,Not found,Lazio,8/8/2013,-,Not found,7,331,80,Yes,8/8/2013,Not found,4,first scrap players transfer
Carlos Salcido,https://www.transfermarkt.com/carlos-salcido/profil/spieler/31434,Success,31434,spieler,Carlos Salcido,02/04/1980 (45),Ocotlán,"1,78 m",Mexico,Defender - Centre-Back,right,Not found,Tiburones Rojos,1/1/2020,-,Not found,1,14,2,Yes,1/1/2020,Not found,1,first scrap players transfer
Míchel Salgado,https://www.transfermarkt.com/mchel-salgado/profil/spieler/7515,Success,7515,spieler,Míchel Salgado,22/10/1975 (50),As Neves,"1,74 m",Spain,Defender - Right-Back,right,Not found,Independiente,29/04/2018,-,Not found,1,72,12,Yes,29/04/2018,Not found,1,first scrap players transfer
Christopher Samba,https://www.transfermarkt.com/christopher-samba/profil/spieler/29016,Success,29016,spieler,Christopher Samba,28/03/1984 (41),Créteil,N/A,Congo  France,Defender - Centre-Back,N/A,Not found,Aston Villa,1/7/2018,-,Not found,7,365,47,Yes,1/7/2018,Not found,4,first scrap players transfer
Conor Sammon,https://www.transfermarkt.com/conor-sammon/profil/spieler/68331,Success,68331,spieler,Conor Sammon,06/11/1986 (39),Dublin,"1,88 m",Ireland,Attack - Centre-Forward,right,Not found,Alloa Athletic,1/7/2021,31/05/2026,Not found,2,27,2,No,Not found,18,2,first scrap players transfer
Sandro,https://www.transfermarkt.com/sandro/profil/spieler/315853,Success,315853,spieler,Alessandro Bastoni,13/04/1999 (26),Casalmaggiore,"1,90 m",Italy,Defender - Centre-Back,left,Not found,Inter,31/08/2017,30/06/2028,Puma,15,170,31,No,Not found,95,6,first scrap players transfer
Tuncay Şanlı,https://www.transfermarkt.com/tuncay-anl/profil/spieler/6934,Success,6934,spieler,Tuncay Şanlı,16/01/1982 (43),Sakarya,"1,82 m",Türkiye,Attack - Left Winger,both,Not found,Pune City,1/1/2016,-,Not found,5,134,26,Yes,1/1/2016,Not found,4,first scrap players transfer
Roque Santa Cruz,https://www.transfermarkt.com/roque-santa-cruz/profil/spieler/215,Success,215,spieler,Roque Santa Cruz,16/08/1981 (44),Asunción,"1,93 m",Paraguay  Spain,Attack - Centre-Forward,right,Not found,Libertad,1/1/2022,-,Puma,15,696,110,No,Not found,24,7,first scrap players transfer
Paul Scharner,https://www.transfermarkt.com/paul-scharner/profil/spieler/2953,Success,2953,spieler,Paul Scharner,11/03/1980 (45),Scheibbs,N/A,Austria,Midfield - Defensive Midfield,N/A,Not found,Melk,1/7/2019,-,Not found,5,124,22,Yes,1/7/2019,Not found,3,first scrap players transfer
Paul Scholes,https://www.transfermarkt.com/paul-scholes/profil/spieler/3397,Success,3397,spieler,Paul Scholes,16/11/1974 (51),Salford,"1,68 m",England,Midfield - Central Midfield,right,Not found,Man Utd,1/7/2013,-,Not found,5,299,60,Yes,1/7/2013,Not found,4,first scrap players transfer
Mark Schwarzer,https://www.transfermarkt.com/mark-schwarzer/profil/spieler/3357,Success,3357,spieler,Mark Schwarzer,06/10/1972 (53),Sydney,N/A,Australia  Germany,Goalkeeper,N/A,Not found,Leicester,1/7/2016,-,Not found,3,84,18,Yes,1/7/2016,Not found,3,first scrap players transfer
Freddie Sears,https://www.transfermarkt.com/freddie-sears/profil/spieler/70714,Success,70714,spieler,Freddie Sears,27/11/1989 (35),Hornchurch,"1,70 m",England,Attack - Second Striker,right,Not found,Maldon/Tiptree,1/7/2025,-,Not found,2,338,50,No,Not found,Not found,2,first scrap players transfer
Philippe Senderos,https://www.transfermarkt.com/philippe-senderos/profil/spieler/4277,Success,4277,spieler,Philippe Senderos,14/02/1985 (40),Genf,"1,89 m",Switzerland  Spain,Defender - Centre-Back,right,Not found,FC Chiasso,1/1/2020,-,Not found,18,844,239,Yes,1/1/2020,Not found,13,first scrap players transfer
Stéphane Sessègnon,https://www.transfermarkt.com/stphane-sessgnon/profil/spieler/37157,Success,37157,spieler,Stéphane Sessègnon,01/06/1984 (41),Allahe,"1,72 m",Benin,Midfield - Attacking Midfield,right,Not found,Sirens FC,1/7/2024,-,Not found,4,93,14,Yes,1/7/2024,Not found,4,first scrap players transfer
Ryan Shawcross,https://www.transfermarkt.com/ryan-shawcross/profil/spieler/45861,Success,45861,spieler,Ryan Shawcross,04/10/1987 (38),Chester,"1,91 m",England  Wales,Defender - Centre-Back,right,Not found,Miami,11/1/2022,-,adidas,14,745,109,Yes,11/1/2022,Not found,7,first scrap players transfer
Jonjo Shelvey,https://www.transfermarkt.com/jonjo-shelvey/profil/spieler/71292,Success,71292,spieler,Jonjo Shelvey,27/02/1992 (33),Romford,"1,84 m",England  Ireland,Midfield - Central Midfield,right,Not found,Arabian Falcons,28/09/2025,-,Not found,19,497,75,No,Not found,Not found,8,first scrap players transfer
Nicky Shorey,https://www.transfermarkt.com/nicky-shorey/profil/spieler/13426,Success,13426,spieler,Nicky Shorey,19/02/1981 (44),Romford,"1,75 m",England,Defender - Left-Back,left,Not found,Hungerford,2/10/2016,-,Not found,1,8,2,Yes,2/10/2016,Not found,1,first scrap players transfer
Ryan Shotton,https://www.transfermarkt.com/ryan-shotton/profil/spieler/92109,Success,92109,spieler,Ryan Shotton,30/09/1988 (37),Fenton,"1,89 m",England,Defender - Centre-Back,right,Not found,Without Club,2/10/2024,-,Nike,2,16,4,No,Not found,Not found,1,first scrap players transfer
Mamady Sidibé,https://www.transfermarkt.com/mamady-sidib/profil/spieler/14069,Success,14069,spieler,Mamady Sidibé,18/12/1979 (45),Bamako,"1,93 m",Mali  France,Attack - Centre-Forward,right,Not found,CSKA Sofia,25/02/2015,-,Not found,5,646,108,Yes,25/02/2015,Not found,4,first scrap players transfer
Steve Sidwell,https://www.transfermarkt.com/steve-sidwell/profil/spieler/13427,Success,13427,spieler,Steve Sidwell,14/12/1982 (42),London,"1,83 m",England,Midfield - Central Midfield,right,Not found,Brighton,1/7/2018,-,Not found,6,596,94,Yes,1/7/2018,Not found,5,first scrap players transfer
David Silva,https://www.transfermarkt.com/david-silva/profil/spieler/35518,Success,35518,spieler,David Silva,08/01/1986 (39),Arguineguín,"1,70 m",Spain,Midfield - Attacking Midfield,left,Not found,Real Sociedad,27/07/2023,-,Puma,32,629,155,Yes,27/07/2023,Not found,13,first scrap players transfer
Paulo da Silva,https://www.transfermarkt.com/paulo-da-silva/profil/spieler/14244,Success,14244,spieler,Paulo Assunção,25/01/1980 (45),Várzea Grande,"1,73 m",Brazil  Portugal,Midfield - Defensive Midfield,right,Not found,APO Levadiakos,1/7/2014,-,Not found,0,0,0,Yes,1/7/2014,Not found,0,first scrap players transfer
Danny Simpson,https://www.transfermarkt.com/danny-simpson/profil/spieler/37442,Success,37442,spieler,Danny Simpson,04/01/1987 (38),Eccles,"1,76 m",England  Jamaica,Defender - Right-Back,right,Not found,Macclesfield,26/07/2024,-,adidas,4,114,23,Yes,26/07/2024,Not found,3,first scrap players transfer
Martin Škrtel,https://www.transfermarkt.com/martin-krtel/profil/spieler/24180,Success,24180,spieler,Martin Skrtel,15/12/1984 (40),Handlová,"1,91 m",Slovakia,Defender - Centre-Back,right,Not found,Raztocno,5/8/2022,-,Nike,22,707,105,No,Not found,Not found,9,first scrap players transfer
Chris Smalling,https://www.transfermarkt.com/chris-smalling/profil/spieler/103427,Success,103427,spieler,Chris Smalling,22/11/1989 (36),London,"1,94 m",England  Jamaica,Defender - Centre-Back,right,Not found,Al-Fayha,2/9/2024,30/06/2026,Nike,26,792,169,No,Not found,5,12,first scrap players transfer
Alan Smith,https://www.transfermarkt.com/alan-smith/profil/spieler/101327,Success,101327,spieler,Alan Smith,21/11/1962 (63),Birmingham,"1,91 m",England,Attack - Centre-Forward,Not found,Not found,Arsenal,19/07/1995,-,Not found,0,0,0,Yes,19/07/1995,Not found,0,first scrap players transfer
Alexandre Song,https://www.transfermarkt.com/alexandre-song/profil/spieler/27394,Success,27394,spieler,Alex Song,09/09/1987 (38),Douala,"1,85 m",Cameroon  France,Midfield - Defensive Midfield,right,Not found,AS Arta/Solar7,14/11/2023,-,Puma,9,264,40,Yes,14/11/2023,Not found,6,first scrap players transfer
Keith Southern,https://www.transfermarkt.com/keith-southern/profil/spieler/44986,Success,44986,spieler,Keith Southern,24/04/1981 (44),Gateshead,"1,78 m",England,Midfield - Central Midfield,right,Not found,Fleetwood,1/7/2015,-,Not found,0,0,0,Yes,1/7/2015,Not found,0,first scrap players transfer
Jay Spearing,https://www.transfermarkt.com/jay-spearing/profil/spieler/52111,Success,52111,spieler,Jay Spearing,25/11/1988 (37),Wallasey,"1,68 m",England,Midfield - Defensive Midfield,right,Not found,Liverpool U21,1/7/2022,-,Not found,4,95,17,No,Not found,71,2,first scrap players transfer
Jonathan Spector,https://www.transfermarkt.com/jonathan-spector/profil/spieler/24637,Success,24637,spieler,Jonathan Spector,01/03/1986 (39),"Arlington Heights, Illinois","1,83 m",United States  Germany,Defender - Centre-Back,right,Not found,Hibernian FC,11/8/2019,-,Not found,7,385,69,Yes,11/8/2019,Not found,5,first scrap players transfer
Jordan Spence,https://www.transfermarkt.com/jordan-spence/profil/spieler/61588,Success,61588,spieler,Jordan Spence,24/05/1990 (35),London,"1,89 m",England,Defender - Right-Back,right,Not found,ADO Den Haag,1/7/2020,-,Not found,0,0,0,Yes,1/7/2020,Not found,0,first scrap players transfer
Sébastien Squillaci,https://www.transfermarkt.com/sbastien-squillaci/profil/spieler/5293,Success,5293,spieler,Sébastien Squillaci,11/08/1980 (45),Toulon,"1,85 m",France  Italy,Defender - Centre-Back,right,Not found,SC Bastia,19/08/2017,-,Not found,2,220,34,Yes,19/08/2017,Not found,2,first scrap players transfer
Ronnie Stam,https://www.transfermarkt.com/ronnie-stam/profil/spieler/24877,Success,24877,spieler,Ronnie Stam,18/06/1984 (41),Breda,"1,79 m",Netherlands,Defender - Right-Back,right,Not found,NAC Breda,1/7/2016,-,Not found,0,0,0,Yes,1/7/2016,Not found,0,first scrap players transfer
Junior Stanislas,https://www.transfermarkt.com/junior-stanislas/profil/spieler/87672,Success,87672,spieler,Junior Stanislas,26/11/1989 (35),London,"1,83 m",England  St. Lucia,Attack - Left Winger,right,Not found,Bournemouth,12/10/2023,-,Nike,13,769,111,Yes,12/10/2023,Not found,7,first scrap players transfer
Richard Stearman,https://www.transfermarkt.com/richard-stearman/profil/spieler/34349,Success,34349,spieler,Richard Stearman,19/08/1987 (38),Wolverhampton,"1,91 m",England  Ireland,Defender - Centre-Back,right,Not found,Solihull Moors,1/7/2024,-,Not found,3,117,37,Yes,1/7/2024,Not found,2,first scrap players transfer
Grétar Steinsson,https://www.transfermarkt.com/grtar-steinsson/profil/spieler/30304,Success,30304,spieler,Grétar Steinsson,09/01/1982 (43),Siglufjörður,"1,89 m",Iceland,Defender - Right-Back,right,Not found,Kayserispor,1/7/2013,-,Not found,2,186,27,Yes,1/7/2013,Not found,2,first scrap players transfer
David Stockdale,https://www.transfermarkt.com/david-stockdale/profil/spieler/67339,Success,67339,spieler,David Stockdale,20/09/1985 (40),Leeds,"1,90 m",England,Goalkeeper,right,Not found,York City,1/7/2024,-,Not found,2,102,21,Yes,1/7/2024,Not found,2,first scrap players transfer
Daniel Sturridge,https://www.transfermarkt.com/daniel-sturridge/profil/spieler/47082,Success,47082,spieler,Daniel Sturridge,01/09/1989 (36),Birmingham,"1,88 m",England,Attack - Centre-Forward,left,Not found,Perth Glory,1/1/2024,-,Not found,28,859,181,Yes,1/1/2024,Not found,9,first scrap players transfer
Luis Suárez,https://www.transfermarkt.com/luis-surez/profil/spieler/44352,Success,44352,spieler,Luis Suárez,24/01/1987 (38),Salto,"1,82 m",Uruguay,Attack - Centre-Forward,right,Not found,Miami,1/1/2024,31/12/2025,Puma,24,440,62,No,Not found,9,11,first scrap players transfer
Ludovic Sylvestre,https://www.transfermarkt.com/ludovic-sylvestre/profil/spieler/43248,Success,43248,spieler,Ludovic Sylvestre,05/02/1984 (41),Le Blanc-Mesnil,"1,82 m",France  Guadeloupe,Midfield - Central Midfield,right,Not found,Red Star FC,1/7/2018,-,Not found,2,61,6,Yes,1/7/2018,Not found,2,first scrap players transfer
Wojciech Szczęsny,https://www.transfermarkt.com/wojciech-szczsny/profil/spieler/44058,Success,44058,spieler,Wojciech Szczesny,18/04/1990 (35),Warszawa,"1,95 m",Poland,Goalkeeper,right,Not found,Barcelona,2/10/2024,30/06/2027,Nike,13,267,49,No,Not found,25,8,first scrap players transfer
Thomas Sørensen,https://www.transfermarkt.com/thomas-srensen/profil/spieler/3473,Success,3473,spieler,Thomas Sörensen,12/06/1976 (49),Fredericia,"1,96 m",Denmark,Goalkeeper,right,Not found,Melbourne City,24/07/2017,-,Not found,0,0,0,Yes,24/07/2017,Not found,0,first scrap players transfer
Gabriel Tamaș,https://www.transfermarkt.com/gabriel-tama/profil/spieler/6893,Success,6893,spieler,Gabriel Tamaș,09/11/1983 (42),Brașov,"1,88 m",Romania,Defender - Centre-Back,right,Not found,Concordia,27/10/2023,-,Not found,6,259,43,Yes,27/10/2023,Not found,4,first scrap players transfer
Matthew Taylor,https://www.transfermarkt.com/matthew-taylor/profil/spieler/9218,Success,9218,spieler,Matthew Taylor,27/11/1981 (43),Oxford,"1,77 m",England,Midfield - Left Midfield,left,Not found,Swindon Town,1/7/2019,-,Not found,4,303,41,Yes,1/7/2019,Not found,3,first scrap players transfer
Ryan Taylor,https://www.transfermarkt.com/ryan-taylor/profil/spieler/33785,Success,33785,spieler,Ryan Taylor,19/08/1984 (41),Liverpool,"1,79 m",England,Defender - Right-Back,right,Not found,Buxton,1/7/2022,-,Nike,7,1450,204,Yes,1/7/2022,Not found,6,first scrap players transfer
Steven Taylor,https://www.transfermarkt.com/steven-taylor/profil/spieler/17273,Success,17273,spieler,Steven Taylor,23/01/1986 (39),London,"1,86 m",England,Defender - Centre-Back,right,Not found,Wellington,27/09/2021,-,Nike,9,755,118,Yes,27/09/2021,Not found,8,first scrap players transfer
Gary Taylor-Fletcher,https://www.transfermarkt.com/gary-taylor-fletcher/profil/spieler/49101,Success,49101,spieler,Gary Taylor-Fletcher,04/06/1981 (44),Liverpool,"1,83 m",England,Attack - Right Winger,right,Not found,Llandudno,1/7/2019,-,Not found,0,0,0,Yes,1/7/2019,Not found,0,first scrap players transfer
Somen Tchoyi,https://www.transfermarkt.com/somen-tchoyi/profil/spieler/37058,Success,37058,spieler,Somen Tchoyi,29/03/1983 (42),Douala,"1,90 m",Cameroon,Midfield - Attacking Midfield,both,Not found,SF Ow./Bf.,1/2/2023,-,Not found,3,89,14,No,Not found,Not found,2,first scrap players transfer
John Terry,https://www.transfermarkt.com/john-terry/profil/spieler/3160,Success,3160,spieler,John Terry,07/12/1980 (44),Barking,"1,87 m",England,Defender - Centre-Back,right,Not found,Aston Villa,1/7/2018,-,Not found,13,330,80,Yes,1/7/2018,Not found,8,first scrap players transfer
Carlos Tevez,https://www.transfermarkt.com/carlos-tevez/profil/spieler/4276,Success,4276,spieler,Carlos Tevez,05/02/1984 (41),Ciudadela,"1,71 m",Argentina,Attack - Centre-Forward,right,Not found,Boca Juniors,4/6/2022,-,Nike,7,127,31,Yes,4/6/2022,Not found,6,first scrap players transfer
Hendry Thomas,https://www.transfermarkt.com/hendry-thomas/profil/spieler/62275,Success,62275,spieler,Hendry Thomas,23/02/1985 (40),La Ceiba,"1,80 m",Honduras,Midfield - Defensive Midfield,right,Not found,CD Olimpia,1/1/2019,-,Not found,1,26,3,Yes,1/1/2019,Not found,1,first scrap players transfer
Jerome Thomas,https://www.transfermarkt.com/jerome-thomas/profil/spieler/3560,Success,3560,spieler,Jerome Thomas,23/03/1983 (42),London,"1,77 m",England  Guyana,Attack - Left Winger,right,Not found,Port Vale,1/7/2017,-,Not found,3,400,67,Yes,1/7/2017,Not found,3,first scrap players transfer
George Thorne,https://www.transfermarkt.com/george-thorne/profil/spieler/128910,Success,128910,spieler,George Thorne,04/01/1993 (32),Chatham,"1,88 m",England,Midfield - Central Midfield,right,Not found,St. Neots Town,1/7/2023,-,Not found,9,1071,186,No,Not found,Not found,4,first scrap players transfer
Cheick Tioté,https://www.transfermarkt.com/cheick-tiot/profil/spieler/33478,Success,33478,spieler,Cheik Tioté,21/06/1986,Yamoussoukro,"1,80 m",Cote d'Ivoire,Midfield - Defensive Midfield,right,Not found,Not found,Not found,Not found,Not found,3,195,26,No,Not found,Not found,2,first scrap players transfer
James Tomkins,https://www.transfermarkt.com/james-tomkins/profil/spieler/61592,Success,61592,spieler,James Tomkins,29/03/1989 (36),Basildon,"1,92 m",England,Defender - Centre-Back,right,Not found,Crystal Palace,24/03/2025,-,adidas,12,783,80,Yes,24/03/2025,Not found,7,first scrap players transfer
Michael Tonge,https://www.transfermarkt.com/michael-tonge/profil/spieler/13544,Success,13544,spieler,Michael Tonge,07/04/1983 (42),Manchester,"1,83 m",England,Midfield - Central Midfield,left,Not found,Port Vale,1/7/2019,-,Not found,0,0,0,Yes,1/7/2019,Not found,0,first scrap players transfer
Fernando Torres,https://www.transfermarkt.com/fernando-torres/profil/spieler/7767,Success,7767,spieler,Fernando Torres,20/03/1984 (41),Fuenlabrada (Madrid),"1,86 m",Spain,Attack - Centre-Forward,right,Not found,Sagan Tosu,26/08/2019,-,Mizuno,16,342,81,Yes,26/08/2019,Not found,8,first scrap players transfer
Kolo Touré,https://www.transfermarkt.com/kolo-tour/profil/spieler/3202,Success,3202,spieler,Kolo Touré,19/03/1981 (44),Bouaké,"1,78 m",Cote d'Ivoire  England,Defender - Centre-Back,right,Not found,Celtic,10/8/2017,-,New Balance,10,160,30,Yes,10/8/2017,Not found,5,first scrap players transfer
Yaya Touré,https://www.transfermarkt.com/yaya-tour/profil/spieler/13091,Success,13091,spieler,Yaya Touré,13/05/1983 (42),Bouaké,"1,88 m",Cote d'Ivoire  England,Midfield - Central Midfield,right,Not found,QD Huanghai,1/1/2020,-,Not found,13,147,30,Yes,1/1/2020,Not found,4,first scrap players transfer
Michael Turner,https://www.transfermarkt.com/michael-turner/profil/spieler/12127,Success,12127,spieler,Michael Turner,09/11/1983 (42),London,"1,93 m",England,Defender - Centre-Back,right,Not found,Southend United,1/1/2020,-,Not found,3,221,36,Yes,1/1/2020,Not found,3,first scrap players transfer
Matt Upson,https://www.transfermarkt.com/matt-upson/profil/spieler/3273,Success,3273,spieler,Matthew Upson,18/04/1979 (46),Hartismere,"1,85 m",England,Defender - Centre-Back,left,Not found,MK Dons,1/7/2016,-,Not found,3,194,42,Yes,1/7/2016,Not found,3,first scrap players transfer
Antonio Valencia,https://www.transfermarkt.com/antonio-valencia/profil/spieler/33544,Success,33544,spieler,Antonio Valencia,04/08/1985 (40),Nueva Loja,"1,80 m",Ecuador,Defender - Right-Back,right,Not found,Querétaro FC,12/5/2021,-,Nike,14,725,122,Yes,12/5/2021,Not found,8,first scrap players transfer
Jelle Van Damme,https://www.transfermarkt.com/jelle-van-damme/profil/spieler/4323,Success,4323,spieler,Jelle Van Damme,10/10/1983 (42),Lokeren,N/A,Belgium,Defender - Centre-Back,N/A,Not found,KSC Lokeren,12/2/2021,-,Not found,3,149,18,Yes,12/2/2021,Not found,3,first scrap players transfer
Luke Varney,https://www.transfermarkt.com/luke-varney/profil/spieler/14177,Success,14177,spieler,Luke Varney,28/09/1982 (43),Leicester,"1,81 m",England,Attack - Centre-Forward,right,Not found,Quorn FC,2/11/2021,-,Not found,1,194,5,Yes,2/11/2021,Not found,1,first scrap players transfer
David Vaughan,https://www.transfermarkt.com/david-vaughan/profil/spieler/14178,Success,14178,spieler,David Vaughan,18/02/1983 (42),Abergele,"1,71 m",Wales,Midfield - Defensive Midfield,left,Not found,Nantwich Town,1/7/2022,-,Not found,1,14,4,Yes,1/7/2022,Not found,1,first scrap players transfer
James Vaughan,https://www.transfermarkt.com/james-vaughan/profil/spieler/30471,Success,30471,spieler,James Vaughan,14/07/1988 (37),Birmingham,"1,81 m",England  Jamaica,Attack - Centre-Forward,right,Not found,Tranmere,1/7/2021,-,Not found,4,333,62,Yes,1/7/2021,Not found,4,first scrap players transfer
Carlos Vela,https://www.transfermarkt.com/carlos-vela/profil/spieler/35773,Success,35773,spieler,Carlos Vela,01/03/1989 (36),Cancún,"1,77 m",Mexico  Spain,Attack - Right Winger,left,Not found,LAFC,27/05/2025,-,Not found,9,284,51,Yes,27/05/2025,Not found,7,first scrap players transfer
Apostolos Vellios,https://www.transfermarkt.com/apostolos-vellios/profil/spieler/124495,Success,124495,spieler,Apostolos Vellios,08/01/1992 (33),Thessaloniki,"1,91 m",Greece,Attack - Centre-Forward,right,Not found,Niki Volou,29/09/2025,30/06/2026,Not found,1,3,0,No,Not found,9,1,first scrap players transfer
Thomas Vermaelen,https://www.transfermarkt.com/thomas-vermaelen/profil/spieler/15904,Success,15904,spieler,Thomas Vermaelen,14/11/1985 (40),Kapellen,"1,83 m",Belgium,Defender - Centre-Back,left,Not found,Vissel Kobe,21/01/2022,-,Nike,35,1401,285,Yes,21/01/2022,Not found,14,first scrap players transfer
Nemanja Vidić,https://www.transfermarkt.com/nemanja-vidi/profil/spieler/19726,Success,19726,spieler,Nemanja Vidic‎,21/10/1981 (44),Titovo Užice,"1,90 m",Serbia,Defender - Centre-Back,right,Not found,Inter,18/01/2016,-,Puma,11,541,80,Yes,18/01/2016,Not found,7,first scrap players transfer
Patrick Vieira,https://www.transfermarkt.com/patrick-vieira/profil/spieler/3183,Success,3183,spieler,Patrick Vieira,23/06/1976 (49),Dakar,"1,92 m",France  Senegal,Midfield - Defensive Midfield,right,Not found,Man City,14/07/2011,-,Not found,5,261,50,Yes,14/07/2011,Not found,4,first scrap players transfer
Sam Vokes,https://www.transfermarkt.com/sam-vokes/profil/spieler/48078,Success,48078,spieler,Sam Vokes,21/10/1989 (36),Southampton,"1,86 m",Wales  England,Attack - Centre-Forward,right,Not found,Gillingham,1/7/2025,30/06/2026,Not found,2,292,34,No,Not found,19,2,first scrap players transfer
Reece Wabara,https://www.transfermarkt.com/reece-wabara/profil/spieler/121416,Success,121416,spieler,Reece Wabara,28/12/1991 (33),Bromsgrove,"1,83 m",England  Nigeria,Defender - Right-Back,right,Not found,Bolton,1/7/2017,-,Not found,0,0,0,Yes,1/7/2017,Not found,0,first scrap players transfer
Martyn Waghorn,https://www.transfermarkt.com/martyn-waghorn/profil/spieler/61674,Success,61674,spieler,Martyn Waghorn,23/01/1990 (35),South Shields,"1,77 m",England,Attack - Centre-Forward,left,Not found,Northampton,13/02/2025,-,Not found,8,314,62,Yes,13/02/2025,Not found,5,first scrap players transfer
Theo Walcott,https://www.transfermarkt.com/theo-walcott/profil/spieler/33713,Success,33713,spieler,Theo Walcott,16/03/1989 (36),London,"1,75 m",England,Attack - Right Winger,both,Not found,Southampton,18/08/2023,-,adidas,24,925,235,Yes,18/08/2023,Not found,13,first scrap players transfer
Kyle Walker,https://www.transfermarkt.com/kyle-walker/profil/spieler/95424,Success,95424,spieler,Kyle Walker,28/05/1990 (35),Sheffield,"1,83 m",England,Defender - Right-Back,right,Not found,Burnley,5/7/2025,30/06/2027,Puma,17,482,95,No,Not found,2,10,first scrap players transfer
Jonathan Walters,https://www.transfermarkt.com/jonathan-walters/profil/spieler/3306,Success,3306,spieler,Jonathan Walters,20/09/1983 (42),Moreton,"1,83 m",Ireland  England,Attack - Right Winger,right,Not found,Burnley,22/03/2019,-,Nike,8,609,62,Yes,22/03/2019,Not found,6,first scrap players transfer
Stephen Ward,https://www.transfermarkt.com/stephen-ward/profil/spieler/34691,Success,34691,spieler,Stephen Ward,20/08/1985 (40),Dublin,"1,84 m",Ireland,Defender - Left-Back,left,Not found,Walsall,22/04/2022,-,Not found,4,266,45,Yes,22/04/2022,Not found,3,first scrap players transfer
Stephen Warnock,https://www.transfermarkt.com/stephen-warnock/profil/spieler/3308,Success,3308,spieler,Stephen Warnock,12/12/1981 (43),Ormskirk,"1,78 m",England,Defender - Left-Back,left,Not found,Burton Albion,1/7/2018,-,Not found,2,24,5,Yes,1/7/2018,Not found,2,first scrap players transfer
Ben Watson,https://www.transfermarkt.com/ben-watson/profil/spieler/14081,Success,14081,spieler,Ben Watson,09/07/1985 (40),London,"1,78 m",England,Midfield - Central Midfield,right,Not found,Charlton,9/8/2022,-,Not found,3,379,63,Yes,9/8/2022,Not found,3,first scrap players transfer
Andreas Weimann,https://www.transfermarkt.com/andreas-weimann/profil/spieler/49693,Success,49693,spieler,Andreas Weimann,05/08/1991 (34),Wien,"1,79 m",Austria,Midfield - Attacking Midfield,right,Not found,Derby,1/7/2025,30/06/2026,Not found,12,701,106,No,Not found,14,8,first scrap players transfer
Danny Welbeck,https://www.transfermarkt.com/danny-welbeck/profil/spieler/67063,Success,67063,spieler,Danny Welbeck,26/11/1990 (34),Manchester,"1,85 m",England  Ghana,Attack - Centre-Forward,right,Not found,Brighton,18/10/2020,30/06/2026,Nike,21,1287,247,No,Not found,18,14,first scrap players transfer
David Wheater,https://www.transfermarkt.com/david-wheater/profil/spieler/29199,Success,29199,spieler,David Wheater,14/02/1987 (38),Redcar,"1,96 m",England,Defender - Centre-Back,right,Not found,Darlington,1/9/2023,-,Not found,2,89,25,Yes,1/9/2023,Not found,1,first scrap players transfer
Glenn Whelan,https://www.transfermarkt.com/glenn-whelan/profil/spieler/12124,Success,12124,spieler,Glenn Whelan,13/01/1984 (41),Dublin,"1,80 m",Ireland,Midfield - Defensive Midfield,right,Not found,Bristol Rovers,1/7/2023,-,adidas,4,44,8,Yes,1/7/2023,Not found,3,first scrap players transfer
Dean Whitehead,https://www.transfermarkt.com/dean-whitehead/profil/spieler/13683,Success,13683,spieler,Dean Whitehead,12/01/1982 (43),Abingdon,"1,83 m",England,Midfield - Central Midfield,right,Not found,Huddersfield,1/7/2018,-,Not found,2,60,13,Yes,1/7/2018,Not found,2,first scrap players transfer
Andy Wilkinson,https://www.transfermarkt.com/andy-wilkinson/profil/spieler/13616,Success,13616,spieler,Andy Wilkinson,06/08/1984 (41),Stone,"1,80 m",England,Defender - Right-Back,right,Not found,Stoke City,19/02/2016,-,Not found,1,6,2,Yes,19/02/2016,Not found,1,first scrap players transfer
Mike Williamson,https://www.transfermarkt.com/mike-williamson/profil/spieler/10642,Success,10642,spieler,Mike Williamson,08/11/1983 (42),Stoke-on-Trent,"1,94 m",England,Defender - Centre-Back,right,Not found,Gateshead,17/10/2023,-,Not found,3,433,58,Yes,17/10/2023,Not found,2,first scrap players transfer
Jack Wilshere,https://www.transfermarkt.com/jack-wilshere/profil/spieler/74223,Success,74223,spieler,Jack Wilshere,01/01/1992 (33),Stevenage,"1,72 m",England,Midfield - Central Midfield,left,Not found,Aarhus GF,8/7/2022,-,Nike,18,1488,294,Yes,8/7/2022,Not found,10,first scrap players transfer
Danny Wilson,https://www.transfermarkt.com/danny-wilson/profil/spieler/103819,Success,103819,spieler,Danny Wilson,27/12/1991 (33),Edinburgh,"1,87 m",Scotland,Defender - Centre-Back,left,Not found,Livingston FC,15/10/2024,31/05/2027,Not found,8,232,24,No,Not found,27,5,first scrap players transfer
Marc Wilson,https://www.transfermarkt.com/marc-wilson/profil/spieler/30456,Success,30456,spieler,Marc Wilson,17/08/1987 (38),Aghagallon,"1,88 m",Ireland  Northern Ireland,Defender - Centre-Back,both,Not found,ÍBV,1/1/2023,-,Nike,6,425,64,Yes,1/1/2023,Not found,4,first scrap players transfer
Chris Wood,https://www.transfermarkt.com/chris-wood/profil/spieler/108725,Success,108725,spieler,Chris Wood,07/12/1991 (33),Auckland,"1,91 m",New Zealand,Attack - Centre-Forward,right,Not found,Nott'm Forest,1/7/2023,30/06/2027,Not found,14,373,56,No,Not found,11,9,first scrap players transfer
Shaun Wright-Phillips,https://www.transfermarkt.com/shaun-wright-phillips/profil/spieler/3467,Success,3467,spieler,Shaun Wright-Phillips,25/10/1981 (44),London,"1,66 m",England  Grenada,Attack - Right Winger,right,Not found,Arizona United,1/12/2017,-,Not found,4,68,13,Yes,1/12/2017,Not found,3,first scrap players transfer
Xisco,https://www.transfermarkt.com/xisco/profil/spieler/15465,Success,15465,spieler,Xisco Muñoz,05/09/1980 (45),Manacor,"1,72 m",Spain,Attack - Second Striker,both,Not found,Gimnàstic,1/7/2016,-,Not found,7,175,48,Yes,1/7/2016,Not found,4,first scrap players transfer
Ashley Young,https://www.transfermarkt.com/ashley-young/profil/spieler/14086,Success,14086,spieler,Ashley Young,09/07/1985 (40),Stevenage,"1,75 m",England  Jamaica,Defender - Right-Back,both,Not found,Ipswich,23/07/2025,30/06/2026,adidas,13,568,91,No,Not found,15,8,first scrap players transfer
Luke Young,https://www.transfermarkt.com/luke-young/profil/spieler/3271,Success,3271,spieler,Luke Young,19/07/1979 (46),Harlow,"1,83 m",England,Defender - Right-Back,right,Not found,QPR,1/7/2014,-,Not found,3,170,31,Yes,1/7/2014,Not found,3,first scrap players transfer
Pablo Zabaleta,https://www.transfermarkt.com/pablo-zabaleta/profil/spieler/20007,Success,20007,spieler,Pablo Zabaleta,16/01/1985 (40),Buenos Aires,"1,76 m",Argentina  Spain,Defender - Right-Back,right,Not found,West Ham,16/10/2020,-,Nike,7,149,34,Yes,16/10/2020,Not found,6,first scrap players transfer
Bobby Zamora,https://www.transfermarkt.com/bobby-zamora/profil/spieler/4205,Success,4205,spieler,Bobby Zamora,16/01/1981 (44),London,"1,84 m",England  Trinidad and Tobago,Attack - Centre-Forward,left,Not found,Brighton,1/7/2016,-,Under Armour,9,408,79,Yes,1/7/2016,Not found,5,first scrap players transfer
Boudewijn Zenden,https://www.transfermarkt.com/boudewijn-zenden/profil/spieler/3173,Success,3173,spieler,Boudewijn Zenden,15/08/1976 (49),Maastricht,"1,74 m",Netherlands,Attack - Left Winger,left,Not found,Sunderland,1/7/2011,-,Not found,0,0,0,Yes,1/7/2011,Not found,0,first scrap players transfer
Yuri Zhirkov,https://www.transfermarkt.com/yuri-zhirkov/profil/spieler/16760,Success,16760,spieler,Yuriy Zhirkov,20/08/1983 (42),Tambov,"1,80 m",Russia,Midfield - Left Midfield,left,Not found,Khimki,1/7/2022,-,Nike,10,645,88,Yes,1/7/2022,Not found,8,first scrap players transfer
Nikola Žigić,https://www.transfermarkt.com/nikola-igi/profil/spieler/19729,Success,19729,spieler,Nikola Zigic,25/09/1980 (45),Bačka Topola,"2,02 m",Serbia,Attack - Centre-Forward,right,Not found,Birmingham,1/7/2015,-,Not found,0,0,0,Yes,1/7/2015,Not found,0,first scrap players transfer
Ronald Zubar,https://www.transfermarkt.com/ronald-zubar/profil/spieler/22645,Success,22645,spieler,Ronald Zubar,20/09/1985 (40),Les Abymes,"1,86 m",Guadeloupe  France,Defender - Centre-Back,right,Not found,Red Star FC,1/7/2017,-,Nike,7,366,61,Yes,1/7/2017,Not found,5,first scrap players transfer
Gianni Zuiverloon,https://www.transfermarkt.com/gianni-zuiverloon/profil/spieler/27304,Success,27304,spieler,Gianni Zuiverloon,30/12/1986 (38),Rotterdam,"1,78 m",Netherlands  Suriname,Defender - Centre-Back,right,Not found,ADO Den Haag,1/7/2021,-,Not found,12,398,53,Yes,1/7/2021,Not found,6,first scrap players transfer
Patrick van Aanholt,https://www.transfermarkt.com/patrick-van-aanholt/profil/spieler/52119,Success,52119,spieler,Patrick van Aanholt,29/08/1990 (35),Den Bosch,"1,76 m",Netherlands  Curacao,Defender - Left-Back,left,Not found,Sparta R.,12/11/2024,30/06/2026,Nike,15,359,65,No,Not found,Not found,12,first scrap players transfer
Sergio Agüero,https://www.transfermarkt.com/sergio-agero/profil/spieler/26399,Success,26399,spieler,Sergio Agüero,02/06/1988 (37),Quilmes,"1,73 m",Argentina  Spain,Attack - Centre-Forward,right,Not found,Barcelona,15/12/2021,-,Puma,27,750,141,Yes,15/12/2021,Not found,10,first scrap players transfer
Kemy Agustien,https://www.transfermarkt.com/kemy-agustien/profil/spieler/24862,Success,24862,spieler,Kemy Agustien,20/08/1986 (39),Willemstad,"1,78 m",Curacao  Netherlands,Midfield - Central Midfield,right,Not found,Alvechurch,1/7/2024,-,Not found,3,84,20,Yes,1/7/2024,Not found,3,first scrap players transfer
Patrick Agyemang,https://www.transfermarkt.com/patrick-agyemang/profil/spieler/1089574,Success,1089574,spieler,Patrick Agyemang,07/11/2000 (25),"East Hartford, Connecticut","1,93 m",United States  Ghana,Attack - Centre-Forward,Not found,Not found,Derby,15/07/2025,30/06/2029,Not found,3,77,9,No,Not found,7,3,first scrap players transfer
Joe Allen,https://www.transfermarkt.com/joe-allen/profil/spieler/51452,Success,51452,spieler,Joe Allen,14/03/1990 (35),Carmarthen,"1,70 m",Wales,Midfield - Central Midfield,right,Not found,Swansea,1/7/2025,-,Not found,13,851,131,Yes,1/7/2025,Not found,9,first scrap players transfer
Ben Amos,https://www.transfermarkt.com/ben-amos/profil/spieler/73472,Success,73472,spieler,Ben Amos,10/04/1990 (35),Macclesfield,"1,93 m",England,Goalkeeper,right,Not found,Port Vale,1/7/2024,30/06/2026,Not found,1,91,17,No,Not found,13,1,first scrap players transfer
Bruno Andrade,https://www.transfermarkt.com/bruno-andrade/profil/spieler/159570,Success,159570,spieler,Bruno Nascimento,30/05/1991 (34),Caçapava,N/A,Brazil,Defender - Centre-Back,N/A,Not found,Without Club,1/7/2022,-,Not found,2,49,5,No,Not found,Not found,2,first scrap players transfer
John Arne Riise,https://www.transfermarkt.com/john-arne-riise/profil/spieler/3220,Success,3220,spieler,John Arne Riise,24/09/1980 (45),Ålesund,N/A,Norway,Defender - Left-Back,N/A,Not found,Avaldsnes IL,1/1/2024,-,Not found,4,78,26,Yes,1/1/2024,Not found,3,first scrap players transfer
Daniel Ayala,https://www.transfermarkt.com/daniel-ayala/profil/spieler/78966,Success,78966,spieler,Daniel Ayala,07/11/1990 (35),El Saucejo,"1,90 m",Spain,Defender - Centre-Back,right,Not found,Without Club,1/11/2024,-,Not found,6,463,53,No,Not found,Not found,5,first scrap players transfer
Ross Barkley,https://www.transfermarkt.com/ross-barkley/profil/spieler/131978,Success,131978,spieler,Ross Barkley,05/12/1993 (31),Liverpool,"1,89 m",England,Midfield - Central Midfield,right,Not found,Aston Villa,1/7/2024,30/06/2026,Nike,13,526,118,No,Not found,6,8,first scrap players transfer
Leon Barnett,https://www.transfermarkt.com/leon-barnett/profil/spieler/33484,Success,33484,spieler,Leon Barnett,30/11/1985 (39),Luton,"1,85 m",England  Jamaica,Defender - Centre-Back,right,Not found,Northampton,26/11/2018,-,Not found,2,40,8,Yes,26/11/2018,Not found,1,first scrap players transfer
Craig Bellamy,https://www.transfermarkt.com/craig-bellamy/profil/spieler/3297,Success,3297,spieler,Craig Bellamy,13/07/1979 (46),Cardiff,"1,73 m",Wales,Attack - Left Winger,right,Not found,Cardiff,1/7/2014,-,Not found,4,232,41,Yes,1/7/2014,Not found,3,first scrap players transfer
Elliott Bennett,https://www.transfermarkt.com/elliott-bennett/profil/spieler/43193,Success,43193,spieler,Elliott Bennett,18/12/1988 (36),Telford,"1,79 m",Jamaica  England,Midfield - Right Midfield,right,Not found,Shifnal,16/08/2024,-,Not found,3,382,64,Yes,16/08/2024,Not found,3,first scrap players transfer
Ryan Bennett,https://www.transfermarkt.com/ryan-bennett/profil/spieler/67252,Success,67252,spieler,Ryan Bennett,06/03/1990 (35),Orsett,"1,88 m",England,Defender - Centre-Back,right,Not found,Cambridge Utd.,14/10/2024,-,Nike,8,165,39,Yes,14/10/2024,Not found,5,first scrap players transfer
Federico Bessone,https://www.transfermarkt.com/federico-bessone/profil/spieler/57973,Success,57973,spieler,Fede Bessone,23/01/1984 (41),Córdoba,"1,79 m",Argentina  Spain,Defender - Left-Back,left,Not found,Inter Escaldes,28/07/2021,-,Not found,0,0,0,Yes,28/07/2021,Not found,0,first scrap players transfer
Nick Blackman,https://www.transfermarkt.com/nick-blackman/profil/spieler/67369,Success,67369,spieler,Nick Blackman,11/11/1989 (36),Bury,"1,88 m",Barbados  England,Attack - Centre-Forward,left,Not found,Without Club,1/7/2021,-,Not found,2,42,7,No,Not found,Not found,2,first scrap players transfer
Jay Bothroyd,https://www.transfermarkt.com/jay-bothroyd/profil/spieler/8188,Success,8188,spieler,Jay Bothroyd,07/05/1982 (43),London,"1,90 m",England  Guyana,Attack - Centre-Forward,left,Not found,H. C. Sapporo,1/2/2022,-,Not found,9,233,42,Yes,1/2/2022,Not found,5,first scrap players transfer
Leon Britton,https://www.transfermarkt.com/leon-britton/profil/spieler/40043,Success,40043,spieler,Leon Britton,16/09/1982 (43),London,N/A,England,Midfield - Central Midfield,N/A,Not found,Swansea U23,21/07/2022,-,adidas,8,259,39,Yes,21/07/2022,Not found,5,first scrap players transfer
Ákos Buzsáky,https://www.transfermarkt.com/kos-buzsky/profil/spieler/13878,Success,13878,spieler,Ákos Buzsáky,07/05/1982 (43),Budapest,"1,80 m",Hungary,Midfield - Central Midfield,right,Not found,Ferencváros,1/7/2015,-,Not found,0,0,0,Yes,1/7/2015,Not found,0,first scrap players transfer
Yohan Cabaye,https://www.transfermarkt.com/yohan-cabaye/profil/spieler/29434,Success,29434,spieler,Yohan Cabaye,14/01/1986 (39),Tourcoing,"1,73 m",France,Midfield - Central Midfield,right,Not found,Saint-Étienne,19/02/2021,-,Not found,5,187,33,Yes,19/02/2021,Not found,5,first scrap players transfer
Samir Carruthers,https://www.transfermarkt.com/samir-carruthers/profil/spieler/146488,Success,146488,spieler,Samir Carruthers,04/04/1993 (32),London,"1,73 m",Ireland  England,Midfield - Central Midfield,left,Not found,Dartford,1/7/2024,-,Not found,1,102,13,No,Not found,Not found,1,first scrap players transfer
Steven Caulker,https://www.transfermarkt.com/steven-caulker/profil/spieler/121280,Success,121280,spieler,Steven Caulker,29/12/1991 (33),London,"1,91 m",Sierra Leone  England,Defender - Centre-Back,right,Not found,Stjarnan,19/07/2025,31/12/2026,Nike,6,125,19,No,Not found,44,4,first scrap players transfer
Radek Černý,https://www.transfermarkt.com/radek-ern/profil/spieler/21010,Success,21010,spieler,Radek Cerny,18/02/1974 (51),Praha,"1,87 m",Czech Republic,Goalkeeper,right,Not found,Slavia Praha,1/7/2014,-,Not found,0,0,0,Yes,1/7/2014,Not found,0,first scrap players transfer
Park Chu-young,https://www.transfermarkt.com/park-chu-young/profil/spieler/30982,Success,30982,spieler,Chu-young Park,10/07/1985 (40),"Dong-gu, Daegu","1,82 m","Korea, South",Attack - Centre-Forward,right,Not found,Ulsan Hyundai,1/1/2025,-,Mizuno,3,246,30,Yes,1/1/2025,Not found,3,first scrap players transfer
Djibril Cissé,https://www.transfermarkt.com/djibril-ciss/profil/spieler/3966,Success,3966,spieler,Djibril Cissé,12/08/1981 (44),Arles,"1,82 m",France  Cote d'Ivoire,Attack - Centre-Forward,right,Not found,PAO Chicago,1/7/2021,-,Not found,4,355,85,Yes,1/7/2021,Not found,3,first scrap players transfer
Papiss Cissé,https://www.transfermarkt.com/papiss-ciss/profil/spieler/33952,Success,33952,spieler,Papiss Demba Cissé,03/06/1985 (40),Dakar,"1,80 m",Senegal  France,Attack - Centre-Forward,right,Not found,Wythenshawe,11/10/2025,-,Not found,11,273,35,No,Not found,Not found,6,first scrap players transfer
Sebastián Coates,https://www.transfermarkt.com/sebastin-coates/profil/spieler/102427,Success,102427,spieler,Sebastián Coates,07/10/1990 (35),Montevideo,"1,96 m",Uruguay  Spain,Defender - Centre-Back,right,Not found,Nacional,6/7/2024,31/12/2025,Not found,18,483,86,No,Not found,4,10,first scrap players transfer
Matthew Connolly,https://www.transfermarkt.com/matthew-connolly/profil/spieler/34559,Success,34559,spieler,Matthew Connolly,24/09/1987 (38),London,"1,88 m",England,Defender - Centre-Back,right,Not found,Cardiff,1/7/2020,-,Not found,1,83,10,Yes,1/7/2020,Not found,1,first scrap players transfer
Francis Coquelin,https://www.transfermarkt.com/francis-coquelin/profil/spieler/74869,Success,74869,spieler,Francis Coquelin,13/05/1991 (34),Laval,"1,77 m",France  Réunion,Midfield - Defensive Midfield,right,Not found,FC Nantes,31/01/2025,30/06/2026,Nike,25,1028,148,No,Not found,13,13,first scrap players transfer
Andrew Crofts,https://www.transfermarkt.com/andrew-crofts/profil/spieler/14003,Success,14003,spieler,Andrew Crofts,29/05/1984 (41),Chatham,"1,75 m",Wales  England,Midfield - Central Midfield,right,Not found,Brighton U23,1/7/2021,-,Not found,1,535,88,Yes,1/7/2021,Not found,1,first scrap players transfer
Albert Crusat,https://www.transfermarkt.com/albert-crusat/profil/spieler/51536,Success,51536,spieler,Albert Crusat,13/05/1982 (43),Barcelona,"1,60 m",Spain,Attack - Left Winger,left,Not found,Bnei Sakhnin,1/7/2014,-,Not found,3,351,52,Yes,1/7/2014,Not found,3,first scrap players transfer
David Davis,https://www.transfermarkt.com/david-davis/profil/spieler/129054,Success,129054,spieler,David Davis,20/02/1991 (34),Smethwick,"1,73 m",England,Midfield - Central Midfield,right,Not found,Kidderminster,16/07/2024,30/06/2025,Not found,1,191,33,No,Not found,26,1,first scrap players transfer
Craig Dawson,https://www.transfermarkt.com/craig-dawson/profil/spieler/121477,Success,121477,spieler,Craig Dawson,06/05/1990 (35),Rochdale,"1,88 m",England,Defender - Centre-Back,right,Not found,Without Club,1/7/2025,-,Not found,6,197,35,No,Not found,Not found,5,first scrap players transfer
Ritchie De Laet,https://www.transfermarkt.com/ritchie-de-laet/profil/spieler/55687,Success,55687,spieler,Ritchie De Laet,28/11/1988 (36),Antwerpen,"1,84 m",Belgium,Defender - Right-Back,right,Not found,Royal Antwerp,1/7/2024,-,Not found,10,547,81,Yes,1/7/2024,Not found,8,first scrap players transfer
Shaun Derry,https://www.transfermarkt.com/shaun-derry/profil/spieler/14007,Success,14007,spieler,Shaun Derry,06/12/1977 (47),Nottingham,"1,77 m",England,Midfield - Defensive Midfield,right,Not found,QPR,6/11/2013,-,Not found,0,0,0,Yes,6/11/2013,Not found,0,first scrap players transfer
Samba Diakité,https://www.transfermarkt.com/samba-diakit/profil/spieler/136589,Success,136589,spieler,Samba Diakité,24/01/1989 (36),Montfermeil,"1,86 m",Mali  France,Midfield - Defensive Midfield,right,Not found,Al-Tadamon SC,1/7/2020,-,Not found,0,0,0,Yes,1/7/2020,Not found,0,first scrap players transfer
Mahamadou Diarra,https://www.transfermarkt.com/mahamadou-diarra/profil/spieler/5352,Success,5352,spieler,Mahamadou Diarra,18/05/1981 (44),Bamako,"1,82 m",Mali,Midfield - Defensive Midfield,right,Not found,Fulham,1/7/2014,-,Not found,5,478,83,Yes,1/7/2014,Not found,2,first scrap players transfer
Stephen Dobbie,https://www.transfermarkt.com/stephen-dobbie/profil/spieler/12693,Success,12693,spieler,Stephen Dobbie,05/12/1982 (42),Glasgow,"1,78 m",Scotland,Attack - Centre-Forward,right,Not found,Fylde,1/7/2022,-,Not found,0,0,0,Yes,1/7/2022,Not found,0,first scrap players transfer
Matt Doherty,https://www.transfermarkt.com/matt-doherty/profil/spieler/171679,Success,171679,spieler,Matt Doherty,16/01/1992 (33),Dublin,"1,85 m",Ireland,Defender - Right-Back,right,Not found,Wolves,20/07/2023,30/06/2026,Nike,12,254,36,No,Not found,2,5,first scrap players transfer
Ji Dong-won,https://www.transfermarkt.com/ji-dong-won/profil/spieler/164265,Success,164265,spieler,Dong-won Ji,28/05/1991 (34),"Jeju City, Jeju","1,87 m","Korea, South",Attack - Centre-Forward,right,Not found,Macarthur,5/8/2025,30/06/2026,Not found,24,1078,155,No,Not found,33,10,first scrap players transfer
Doni,https://www.transfermarkt.com/doni/profil/spieler/102584,Success,102584,spieler,Zetti,10/01/1965 (60),Porto Feliz,N/A,Brazil  Italy,Goalkeeper,Not found,Not found,Sport Recife,1/1/2002,-,Not found,0,0,0,Yes,1/1/2002,Not found,0,first scrap players transfer
Landon Donovan,https://www.transfermarkt.com/landon-donovan/profil/spieler/68,Success,68,spieler,Landon Donovan,04/03/1982 (43),"Ontario, California","1,73 m",United States  Canada,Attack - Centre-Forward,right,Not found,SD Sockers,1/7/2019,-,Nike,2,23,5,Yes,1/7/2019,Not found,2,first scrap players transfer
Royston Drenthe,https://www.transfermarkt.com/royston-drenthe/profil/spieler/35631,Success,35631,spieler,Royston Drenthe,08/04/1987 (38),Rotterdam,"1,67 m",Netherlands  Suriname,Midfield - Left Midfield,left,Not found,Kozakken Boys,17/11/2023,-,Not found,6,110,20,Yes,17/11/2023,Not found,5,first scrap players transfer
Adam Drury,https://www.transfermarkt.com/adam-drury/profil/spieler/11663,Success,11663,spieler,Adam Drury,29/08/1978 (47),Cottenham,"1,80 m",England,Defender - Left-Back,left,Not found,Leeds,1/7/2014,-,Not found,0,0,0,Yes,1/7/2014,Not found,0,first scrap players transfer
Shane Duffy,https://www.transfermarkt.com/shane-duffy/profil/spieler/119269,Success,119269,spieler,Shane Duffy,01/01/1992 (33),Derry,"1,93 m",Ireland  Northern Ireland,Defender - Centre-Back,right,Not found,Norwich,1/7/2023,30/06/2026,Not found,13,296,48,No,Not found,4,8,first scrap players transfer
Nathan Dyer,https://www.transfermarkt.com/nathan-dyer/profil/spieler/37011,Success,37011,spieler,Nathan Dyer,29/11/1987 (37),Trowbridge,"1,65 m",England  Jamaica,Attack - Right Winger,right,Not found,Swansea,1/7/2020,-,Not found,4,354,41,Yes,1/7/2020,Not found,3,first scrap players transfer
Chris Eagles,https://www.transfermarkt.com/chris-eagles/profil/spieler/24635,Success,24635,spieler,Chris Eagles,19/11/1985 (40),Hemel Hempstead,"1,83 m",England,Attack - Right Winger,right,Not found,Oldham Athletic,6/1/2020,-,Not found,1,95,9,Yes,6/1/2020,Not found,1,first scrap players transfer
Hogan Ephraim,https://www.transfermarkt.com/hogan-ephraim/profil/spieler/31883,Success,31883,spieler,Hogan Ephraim,31/03/1988 (37),London,"1,75 m",England,Midfield - Left Midfield,left,Not found,Whitehawk,1/7/2017,-,Not found,0,0,0,Yes,1/7/2017,Not found,0,first scrap players transfer
Alejandro Faurlín,https://www.transfermarkt.com/alejandro-faurln/profil/spieler/88067,Success,88067,spieler,Alejandro Faurlín,09/08/1986 (39),Rosario,"1,85 m",Argentina  Italy,Midfield - Central Midfield,left,Not found,Instituto ACC,1/1/2022,-,Not found,3,723,96,Yes,1/1/2022,Not found,3,first scrap players transfer
Anthony Forde,https://www.transfermarkt.com/anthony-forde/profil/spieler/146494,Success,146494,spieler,Anthony Forde,16/11/1993 (32),Ballingarry,"1,86 m",Ireland,Midfield - Right Midfield,right,Not found,Without Club,1/7/2025,-,Not found,0,0,0,No,Not found,Not found,0,first scrap players transfer
Mauro Formica,https://www.transfermarkt.com/mauro-formica/profil/spieler/55870,Success,55870,spieler,Mauro Formica,04/04/1988 (37),Rosario,"1,79 m",Argentina  Italy,Midfield - Attacking Midfield,right,Not found,Def. Belgrano,18/06/2023,-,Not found,0,0,0,Yes,18/06/2023,Not found,0,first scrap players transfer
David Fox,https://www.transfermarkt.com/david-fox/profil/spieler/4219,Success,4219,spieler,David Fox,13/12/1983 (41),Leek,"1,75 m",England,Midfield - Central Midfield,right,Not found,Plymouth,1/7/2019,-,Not found,0,0,0,Yes,1/7/2019,Not found,0,first scrap players transfer
Kerim Frei,https://www.transfermarkt.com/kerim-frei/profil/spieler/146844,Success,146844,spieler,Kerim Frei,19/11/1993 (32),Feldkirch,"1,71 m",Türkiye  Switzerland,Attack - Left Winger,right,Not found,24 Erzincanspor,21/08/2025,30/06/2026,Not found,7,353,63,No,Not found,10,5,first scrap players transfer
Emmanuel Frimpong,https://www.transfermarkt.com/emmanuel-frimpong/profil/spieler/93056,Success,93056,spieler,Emmanuel Frimpong,10/01/1992 (33),Accra,"1,75 m",Ghana  England,Midfield - Defensive Midfield,right,Not found,Ermis Aradippou,1/7/2018,-,Not found,2,421,80,Yes,1/7/2018,Not found,2,first scrap players transfer
Zeki Fryers,https://www.transfermarkt.com/zeki-fryers/profil/spieler/141655,Success,141655,spieler,Zeki Fryers,09/09/1992 (33),Manchester,"1,85 m",England,Defender - Left-Back,left,Not found,AFC Eskilstuna,1/1/2024,-,Not found,0,0,0,Yes,1/1/2024,Not found,0,first scrap players transfer
Márton Fülöp,https://www.transfermarkt.com/mrton-flp/profil/spieler/17879,Success,17879,spieler,Márton Fülöp,3/5/1983,Budapest,"1,98 m",Hungary,Goalkeeper,right,Not found,Not found,Not found,Not found,Not found,1,12,3,No,Not found,Not found,1,first scrap players transfer
Gary Gardner,https://www.transfermarkt.com/gary-gardner/profil/spieler/110861,Success,110861,spieler,Gary Gardner,29/06/1992 (33),Solihull,"1,86 m",England,Midfield - Central Midfield,right,Not found,Without Club,1/7/2025,-,Not found,6,488,85,No,Not found,Not found,5,first scrap players transfer
David de Gea,https://www.transfermarkt.com/david-de-gea/profil/spieler/59377,Success,59377,spieler,David de Gea,07/11/1990 (35),Madrid,"1,92 m",Spain,Goalkeeper,right,Not found,Fiorentina,9/8/2024,30/06/2028,adidas,6,48,6,No,Not found,43,5,first scrap players transfer
Marcel Gecov,https://www.transfermarkt.com/marcel-gecov/profil/spieler/34534,Success,34534,spieler,Marcel Gecov,01/01/1988 (37),Prag,"1,83 m",Czech Republic,Midfield - Central Midfield,right,Not found,Slask Wroclaw,1/7/2016,-,Not found,0,0,0,Yes,1/7/2016,Not found,0,first scrap players transfer
Gervinho,https://www.transfermarkt.com/gervinho/profil/spieler/33481,Success,33481,spieler,Gervinho,27/05/1987 (38),Anyama,"1,79 m",Cote d'Ivoire,Attack - Left Winger,right,Not found,Aris Saloniki,1/7/2025,-,Nike,23,777,103,Yes,1/7/2025,Not found,10,first scrap players transfer
Shay Given,https://www.transfermarkt.com/shay-given/profil/spieler/3146,Success,3146,spieler,Shay Given,20/04/1976 (49),Lifford,"1,85 m",Ireland,Goalkeeper,right,Not found,Stoke City,1/7/2017,-,Not found,5,296,46,Yes,1/7/2017,Not found,5,first scrap players transfer
David Goodwillie,https://www.transfermarkt.com/david-goodwillie/profil/spieler/37677,Success,37677,spieler,David Goodwillie,28/03/1989 (36),Stirling,"1,75 m",Scotland,Attack - Centre-Forward,right,Not found,Glasgow United,23/07/2023,-,Not found,2,19,6,No,Not found,Not found,2,first scrap players transfer
Johnny Gorman,https://www.transfermarkt.com/johnny-gorman/profil/spieler/145488,Success,145488,spieler,Johnny Gorman,26/10/1992 (33),Sheffield,"1,78 m",Northern Ireland  England,Attack - Left Winger,Not found,Not found,Frome Town,1/7/2021,-,Not found,0,0,0,Yes,1/7/2021,Not found,0,first scrap players transfer
Mark Gower,https://www.transfermarkt.com/mark-gower/profil/spieler/39700,Success,39700,spieler,Mark Gower,05/10/1978 (47),Edmonton,"1,80 m",England,Midfield - Central Midfield,both,Not found,Ebbsfleet,1/7/2015,-,Not found,0,0,0,Yes,1/7/2015,Not found,0,first scrap players transfer
Danny Graham,https://www.transfermarkt.com/danny-graham/profil/spieler/29152,Success,29152,spieler,Danny Graham,12/08/1985 (40),Gateshead,"1,83 m",England,Attack - Centre-Forward,right,Not found,Sunderland,3/2/2021,-,Umbro,1,9,2,Yes,3/2/2021,Not found,1,first scrap players transfer
Zdeněk Grygera,https://www.transfermarkt.com/zdenk-grygera/profil/spieler/6833,Success,6833,spieler,Zdenek Grygera,14/05/1980 (45),Přílepy,"1,84 m",Czech Republic,Defender - Right-Back,right,Not found,Fulham,6/12/2012,-,Not found,3,324,67,Yes,6/12/2012,Not found,2,first scrap players transfer
Brad Guzan,https://www.transfermarkt.com/brad-guzan/profil/spieler/39471,Success,39471,spieler,Brad Guzan,09/09/1984 (41),"Evergreen Park, Illinois","1,93 m",United States  Poland,Goalkeeper,left,Not found,Atlanta,10/7/2017,31/12/2025,Not found,3,340,38,No,Not found,1,2,first scrap players transfer
Fitz Hall,https://www.transfermarkt.com/fitz-hall/profil/spieler/6580,Success,6580,spieler,Fitz Hall,20/12/1980 (44),London,"1,93 m",England,Defender - Centre-Back,right,Not found,Watford,1/7/2014,-,Not found,1,29,4,Yes,1/7/2014,Not found,1,first scrap players transfer
Michael Harriman,https://www.transfermarkt.com/michael-harriman/profil/spieler/155233,Success,155233,spieler,Michael Harriman,23/10/1992 (33),Chichester,"1,71 m",Ireland  England,Defender - Centre-Back,right,Not found,Without Club,27/05/2025,-,Not found,0,0,0,No,Not found,Not found,0,first scrap players transfer
Heiðar Helguson,https://www.transfermarkt.com/heiar-helguson/profil/spieler/9886,Success,9886,spieler,Heidar Helguson,22/08/1977 (48),Dalvík,"1,78 m",Iceland,Attack - Centre-Forward,both,Not found,SR,1/1/2016,-,Not found,2,46,11,Yes,1/1/2016,Not found,2,first scrap players transfer
Adam Henley,https://www.transfermarkt.com/adam-henley/profil/spieler/173585,Success,173585,spieler,Adam Henley,14/06/1994 (31),"Knoxville, Tennessee","1,78 m",Wales  United States,Defender - Right-Back,right,Not found,Chorley,20/11/2020,-,Not found,2,26,3,No,Not found,2,2,first scrap players transfer
Thierry Henry,https://www.transfermarkt.com/thierry-henry/profil/spieler/3207,Success,3207,spieler,Thierry Henry,17/08/1977 (48),Les Ulis,"1,88 m",France  Guadeloupe,Attack - Centre-Forward,both,Not found,New York,1/1/2015,-,Puma,11,273,75,Yes,1/1/2015,Not found,7,first scrap players transfer
Henrique Hilário,https://www.transfermarkt.com/henrique-hilrio/profil/spieler/13886,Success,13886,spieler,Hilário,21/10/1975 (50),São Pedro da Cova,"1,89 m",Portugal,Goalkeeper,right,Not found,Chelsea,1/7/2014,-,Not found,1,15,3,Yes,1/7/2014,Not found,1,first scrap players transfer
Clint Hill,https://www.transfermarkt.com/clint-hill/profil/spieler/13583,Success,13583,spieler,Clint Hill,19/10/1978 (47),Huyton,"1,83 m",England,Defender - Centre-Back,left,Not found,Carlisle United,1/7/2018,-,Not found,3,36,7,Yes,1/7/2018,Not found,1,first scrap players transfer
Grant Holt,https://www.transfermarkt.com/grant-holt/profil/spieler/13412,Success,13412,spieler,Grant Holt,12/04/1981 (44),Carlisle,"1,83 m",England,Attack - Centre-Forward,right,Not found,Wroxham FC,1/7/2020,-,Not found,2,25,5,Yes,1/7/2020,Not found,1,first scrap players transfer
Wes Hoolahan,https://www.transfermarkt.com/wes-hoolahan/profil/spieler/24589,Success,24589,spieler,Wes Hoolahan,20/05/1982 (43),Dublin,"1,68 m",Ireland,Midfield - Attacking Midfield,left,Not found,Doncaster City,17/02/2024,-,Not found,0,0,0,No,Not found,Not found,0,first scrap players transfer
Jonny Howson,https://www.transfermarkt.com/jonny-howson/profil/spieler/45395,Success,45395,spieler,Jonathan Howson,21/05/1988 (37),Morley,"1,80 m",England,Midfield - Central Midfield,right,Not found,Leeds U21,11/8/2025,-,Not found,0,0,0,No,Not found,Not found,0,first scrap players transfer
Robert Hulse,https://www.transfermarkt.com/robert-hulse/profil/spieler/9980,Success,9980,spieler,Rob Hulse,25/10/1979 (46),Crewe,"1,85 m",England,Attack - Centre-Forward,right,Not found,QPR,16/10/2013,-,Not found,0,0,0,Yes,16/10/2013,Not found,0,first scrap players transfer
Sam Hutchinson,https://www.transfermarkt.com/sam-hutchinson/profil/spieler/40617,Success,40617,spieler,Sam Hutchinson,03/08/1989 (36),Windsor,"1,82 m",England,Midfield - Defensive Midfield,right,Not found,AFC Wimbledon,10/12/2024,30/06/2026,Not found,8,1843,64,No,Not found,5,2,first scrap players transfer
Carl Ikeme,https://www.transfermarkt.com/carl-ikeme/profil/spieler/26412,Success,26412,spieler,Carl Ikeme,08/06/1986 (39),Sutton Coldfield,"1,88 m",Nigeria  England,Goalkeeper,right,Not found,Wolves,27/07/2018,-,Not found,2,359,53,Yes,27/07/2018,Not found,2,first scrap players transfer
Simeon Jackson,https://www.transfermarkt.com/simeon-jackson/profil/spieler/44913,Success,44913,spieler,Simeon Jackson,28/03/1987 (38),Kingston,"1,72 m",Canada  Jamaica,Attack - Centre-Forward,right,Not found,Chelmsford,10/7/2023,-,Not found,1,7,1,Yes,10/7/2023,Not found,1,first scrap players transfer
Nikica Jelavić,https://www.transfermarkt.com/nikica-jelavi/profil/spieler/25742,Success,25742,spieler,Nikica Jelavic,27/08/1985 (40),Čapljina,"1,88 m",Croatia,Attack - Centre-Forward,both,Not found,NK Lokomotiva,1/3/2021,-,New Balance,6,197,38,Yes,1/3/2021,Not found,5,first scrap players transfer
Carl Jenkinson,https://www.transfermarkt.com/carl-jenkinson/profil/spieler/126321,Success,126321,spieler,Carl Jenkinson,08/02/1992 (33),Harlow,"1,85 m",England  Finland,Defender - Right-Back,right,Not found,Bromley,27/09/2024,30/06/2026,adidas,7,829,128,No,Not found,2,7,first scrap players transfer
Bradley Johnson,https://www.transfermarkt.com/bradley-johnson/profil/spieler/49327,Success,49327,spieler,Bradley Johnson,28/04/1987 (38),London,"1,83 m",England,Midfield - Central Midfield,left,Not found,Derby U21,1/7/2024,-,Not found,2,27,5,Yes,1/7/2024,Not found,1,first scrap players transfer
Billy Jones,https://www.transfermarkt.com/billy-jones/profil/spieler/36866,Success,36866,spieler,Billy Jones,24/03/1987 (38),Shrewsbury,"1,82 m",England,Defender - Right-Back,right,Not found,Rotherham,1/7/2021,-,adidas,7,234,62,Yes,1/7/2021,Not found,5,first scrap players transfer
Brad Jones,https://www.transfermarkt.com/brad-jones/profil/spieler/4042,Success,4042,spieler,Brad Jones,19/03/1982 (43),Armadale,"1,94 m",Australia  England,Goalkeeper,left,Not found,Perth Glory,1/7/2023,-,Not found,8,788,102,Yes,1/7/2023,Not found,6,first scrap players transfer
Eggert Jónsson,https://www.transfermarkt.com/eggert-jnsson/profil/spieler/45298,Success,45298,spieler,Eggert Gunnthór Jónsson,18/08/1988 (37),Reykjavík,"1,88 m",Iceland,Midfield - Defensive Midfield,right,Not found,KFA,17/02/2024,-,Nike,3,149,42,No,Not found,4,2,first scrap players transfer
Alexander Kačaniklić,https://www.transfermarkt.com/alexander-kaanikli/profil/spieler/51040,Success,51040,spieler,Alexander Kacaniklic,13/08/1991 (34),Helsingborg,"1,81 m",Sweden  North Macedonia,Attack - Right Winger,left,Not found,AEL Limassol,1/3/2025,-,Not found,6,1131,103,Yes,1/3/2025,Not found,5,first scrap players transfer
Pajtim Kasami,https://www.transfermarkt.com/pajtim-kasami/profil/spieler/130108,Success,130108,spieler,Pajtim Kasami,02/06/1992 (33),Andelfingen,"1,88 m",Switzerland  North Macedonia,Midfield - Central Midfield,left,Not found,FC Winterthur,25/09/2025,30/06/2026,adidas,7,79,15,No,Not found,23,6,first scrap players transfer
Jake Kean,https://www.transfermarkt.com/jake-kean/profil/spieler/121388,Success,121388,spieler,Jake Kean,04/02/1991 (34),Derby,"1,93 m",England,Goalkeeper,Not found,Not found,Notts County,19/11/2021,-,Not found,0,0,0,Yes,19/11/2021,Not found,0,first scrap players transfer
Will Keane,https://www.transfermarkt.com/will-keane/profil/spieler/118535,Success,118535,spieler,Will Keane,11/01/1993 (32),Stockport,"1,88 m",Ireland  England,Attack - Centre-Forward,right,Not found,Preston,14/07/2023,30/06/2026,Nike,5,1267,168,No,Not found,7,5,first scrap players transfer
Paddy Kenny,https://www.transfermarkt.com/paddy-kenny/profil/spieler/13524,Success,13524,spieler,Paddy Kenny,17/05/1978 (47),Halifax,"1,85 m",Ireland  England,Goalkeeper,right,Not found,Maltby,1/7/2018,-,Not found,0,0,0,Yes,1/7/2018,Not found,0,first scrap players transfer
Matthew Kilgallon,https://www.transfermarkt.com/matthew-kilgallon/profil/spieler/4095,Success,4095,spieler,Matthew Kilgallon,08/01/1984 (41),York,"1,85 m",England,Defender - Centre-Back,Not found,Not found,Buxton,7/10/2021,-,Not found,0,0,0,Yes,7/10/2021,Not found,0,first scrap players transfer
Cameron Lancaster,https://www.transfermarkt.com/cameron-lancaster/profil/spieler/182660,Success,182660,spieler,Cameron Lancaster,05/11/1992 (33),London,"1,83 m",England,Attack - Centre-Forward,Not found,Not found,Louisville City,27/05/2025,30/11/2025,Not found,0,0,0,No,Not found,53,0,first scrap players transfer
Henri Lansbury,https://www.transfermarkt.com/henri-lansbury/profil/spieler/44794,Success,44794,spieler,Henri Lansbury,12/10/1990 (35),London,"1,83 m",England,Midfield - Central Midfield,right,Not found,Luton,17/08/2023,-,Not found,4,115,37,Yes,17/08/2023,Not found,3,first scrap players transfer
Simon Lappin,https://www.transfermarkt.com/simon-lappin/profil/spieler/14792,Success,14792,spieler,Simon Lappin,25/01/1983 (42),Glasgow,"1,80 m",Scotland,Midfield - Central Midfield,left,Not found,Wroxham FC,1/7/2019,-,Not found,5,155,19,Yes,1/7/2019,Not found,2,first scrap players transfer
Anders Lindegaard,https://www.transfermarkt.com/anders-lindegaard/profil/spieler/22491,Success,22491,spieler,Anders Lindegaard,13/04/1984 (41),Dyrup,"1,93 m",Denmark,Goalkeeper,right,Not found,Helsingborgs IF,1/1/2023,-,Not found,4,152,36,Yes,1/1/2023,Not found,4,first scrap players transfer
Leroy Lita,https://www.transfermarkt.com/leroy-lita/profil/spieler/20975,Success,20975,spieler,Leroy Lita,28/12/1984 (40),Kinshasa,"1,76 m",England  DR Congo,Attack - Centre-Forward,right,Not found,Barwell,16/03/2024,30/06/2025,Not found,0,0,0,No,Not found,Not found,0,first scrap players transfer
Jake Livermore,https://www.transfermarkt.com/jake-livermore/profil/spieler/61832,Success,61832,spieler,Jake Livermore,14/11/1989 (36),London,"1,80 m",England,Midfield - Defensive Midfield,right,Not found,Watford,1/7/2025,-,Not found,1,21,3,Yes,1/7/2025,Not found,1,first scrap players transfer
Shane Long,https://www.transfermarkt.com/shane-long/profil/spieler/37304,Success,37304,spieler,Shane Long,22/01/1987 (38),Gortnahoe,"1,80 m",Ireland,Attack - Centre-Forward,both,Not found,Reading,1/7/2023,-,Not found,15,290,48,Yes,1/7/2023,Not found,8,first scrap players transfer
Romelu Lukaku,https://www.transfermarkt.com/romelu-lukaku/profil/spieler/96341,Success,96341,spieler,Romelu Lukaku,13/05/1993 (32),Antwerpen,"1,91 m",Belgium  DR Congo,Attack - Centre-Forward,left,Not found,Napoli,29/08/2024,30/06/2027,Nike,20,468,91,No,Not found,9,10,first scrap players transfer
Jamie Mackie,https://www.transfermarkt.com/jamie-mackie/profil/spieler/15929,Success,15929,spieler,Jamie Mackie,22/09/1985 (40),Dorking,"1,82 m",Scotland  England,Attack - Centre-Forward,right,Not found,Oxford United,21/07/2020,-,Not found,0,0,0,Yes,21/07/2020,Not found,0,first scrap players transfer
Stefan Maierhofer,https://www.transfermarkt.com/stefan-maierhofer/profil/spieler/32660,Success,32660,spieler,Stefan Maierhofer,16/08/1982 (43),Gablitz,"2,02 m",Austria,Attack - Centre-Forward,right,Not found,Kremser SC,1/7/2023,-,Not found,7,120,14,Yes,1/7/2023,Not found,5,first scrap players transfer
Shaun Maloney,https://www.transfermarkt.com/shaun-maloney/profil/spieler/9508,Success,9508,spieler,Shaun Maloney,24/01/1983 (42),Miri,"1,71 m",Scotland  England,Midfield - Attacking Midfield,right,Not found,Hull City,1/7/2017,-,Not found,4,260,47,Yes,1/7/2017,Not found,4,first scrap players transfer
Chris Martin,https://www.transfermarkt.com/chris-martin/profil/spieler/248054,Success,248054,spieler,Christopher Martins,19/02/1997 (28),Luxemburg,"1,88 m",Luxembourg  Cape Verde,Midfield - Defensive Midfield,right,Not found,Spartak Moscow,1/7/2022,30/06/2028,Not found,10,587,98,No,Not found,35,7,first scrap players transfer
Russell Martin,https://www.transfermarkt.com/russell-martin/profil/spieler/67303,Success,67303,spieler,Russell Martin,04/01/1986 (39),Brighton,"1,83 m",Scotland  England,Defender - Centre-Back,right,Not found,MK Dons,6/11/2019,-,Not found,3,45,9,Yes,6/11/2019,Not found,2,first scrap players transfer
Sylvain Marveaux,https://www.transfermarkt.com/sylvain-marveaux/profil/spieler/39909,Success,39909,spieler,Sylvain Marveaux,15/04/1986 (39),Vannes,"1,72 m",France  Martinique,Midfield - Attacking Midfield,left,Not found,Charlotte Ind.,1/12/2021,-,Not found,7,531,125,Yes,1/12/2021,Not found,5,first scrap players transfer
Juan Mata,https://www.transfermarkt.com/juan-mata/profil/spieler/44068,Success,44068,spieler,Juan Mata,28/04/1988 (37),Burgos,"1,70 m",Spain,Midfield - Attacking Midfield,left,Not found,Melb. Victory,16/09/2025,30/06/2026,adidas,5,119,26,No,Not found,64,5,first scrap players transfer
Conor McAleny,https://www.transfermarkt.com/conor-mcaleny/profil/spieler/121260,Success,121260,spieler,Conor McAleny,12/08/1992 (33),Whiston,"1,78 m",England,Attack - Centre-Forward,right,Not found,Harrogate Town,8/8/2025,30/06/2026,Not found,1,153,24,No,Not found,14,1,first scrap players transfer
Gareth McAuley,https://www.transfermarkt.com/gareth-mcauley/profil/spieler/40567,Success,40567,spieler,Gareth McAuley,05/12/1979 (45),Glenoe,"1,91 m",Northern Ireland,Defender - Centre-Back,right,Not found,Rangers,30/09/2019,-,Not found,3,217,34,Yes,30/09/2019,Not found,3,first scrap players transfer
James McClean,https://www.transfermarkt.com/james-mcclean/profil/spieler/85935,Success,85935,spieler,James McClean,22/04/1989 (36),Derry,"1,80 m",Ireland  Northern Ireland,Midfield - Left Midfield,left,Not found,Wrexham,4/8/2023,30/06/2027,Not found,4,47,9,No,Not found,7,2,first scrap players transfer
Tyrone Mears,https://www.transfermarkt.com/tyrone-mears/profil/spieler/14050,Success,14050,spieler,Tyrone Mears,18/02/1983 (42),Stockport,"1,81 m",England  Sierra Leone,Defender - Right-Back,right,Not found,West Brom,1/7/2019,-,adidas,4,335,53,Yes,1/7/2019,Not found,3,first scrap players transfer
Per Mertesacker,https://www.transfermarkt.com/per-mertesacker/profil/spieler/6710,Success,6710,spieler,Per Mertesacker,29/09/1984 (41),Hannover,"1,99 m",Germany,Defender - Centre-Back,right,Not found,Arsenal,1/7/2018,-,adidas,11,610,97,Yes,1/7/2018,Not found,6,first scrap players transfer
Ignasi Miquel,https://www.transfermarkt.com/ignasi-miquel/profil/spieler/70245,Success,70245,spieler,Ignasi Miquel,28/09/1992 (33),Corbera de Llobregat,"1,89 m",Spain,Defender - Centre-Back,left,Not found,CD Leganés,3/7/2025,30/06/2026,Not found,2,179,26,No,Not found,5,2,first scrap players transfer
Ryo Miyaichi,https://www.transfermarkt.com/ryo-miyaichi/profil/spieler/129688,Success,129688,spieler,Ryo Miyaichi,14/12/1992 (32),"Okazaki, Aichi","1,81 m",Japan,Attack - Right Winger,right,Not found,Yokohama F. M.,12/7/2021,31/01/2026,Nike,19,1763,260,No,Not found,23,12,first scrap players transfer
Anthony Modeste,https://www.transfermarkt.com/anthony-modeste/profil/spieler/50512,Success,50512,spieler,Anthony Modeste,14/04/1988 (37),Cannes,"1,88 m",France  Martinique,Attack - Centre-Forward,right,Not found,Without Club,1/7/2025,-,Not found,14,315,27,No,Not found,Not found,10,first scrap players transfer
Garry Monk,https://www.transfermarkt.com/garry-monk/profil/spieler/4111,Success,4111,spieler,Garry Monk,06/03/1979 (46),Bedford,"1,83 m",England,Defender - Centre-Back,right,Not found,Swansea,27/04/2014,-,Not found,1,78,17,Yes,27/04/2014,Not found,1,first scrap players transfer
Luke Moore,https://www.transfermarkt.com/luke-moore/profil/spieler/4075,Success,4075,spieler,Luke Moore,13/02/1986 (39),Birmingham,"1,80 m",England  Jamaica,Attack - Centre-Forward,Not found,Not found,Toronto,26/02/2016,-,Not found,3,59,12,Yes,26/02/2016,Not found,2,first scrap players transfer
Vangelis Moras,https://www.transfermarkt.com/vangelis-moras/profil/spieler/9850,Success,9850,spieler,Vangelis Moras,26/08/1981 (44),Larisa,"1,93 m",Greece,Defender - Centre-Back,right,Not found,Ap. Larisas,7/7/2021,-,Not found,6,79,13,Yes,7/7/2021,Not found,4,first scrap players transfer
Steve Morison,https://www.transfermarkt.com/steve-morison/profil/spieler/104725,Success,104725,spieler,Steve Morison,29/08/1983 (42),London,"1,88 m",Wales  England,Attack - Centre-Forward,right,Not found,Shrewsbury,18/10/2019,-,Not found,0,0,0,Yes,18/10/2019,Not found,0,first scrap players transfer
Kyle Naughton,https://www.transfermarkt.com/kyle-naughton/profil/spieler/66219,Success,66219,spieler,Kyle Naughton,17/11/1988 (37),Sheffield,"1,81 m",England  Ireland,Defender - Right-Back,right,Not found,Without Club,1/7/2025,-,Nike,5,162,26,No,Not found,Not found,4,first scrap players transfer
Marcus Olsson,https://www.transfermarkt.com/marcus-olsson/profil/spieler/72264,Success,72264,spieler,Marcus Olsson,17/05/1988 (37),Gävle,"1,80 m",Sweden,Defender - Left-Back,left,Not found,Halmstads BK,28/01/2022,31/12/2025,Not found,0,0,0,No,Not found,21,0,first scrap players transfer
Andrea Orlandi,https://www.transfermarkt.com/andrea-orlandi/profil/spieler/29117,Success,29117,spieler,Andrea Orlandi,03/08/1984 (41),Barcelona,"1,83 m",Spain  Italy,Midfield - Central Midfield,left,Not found,Virtus Entella,25/02/2019,-,Not found,1,77,11,Yes,25/02/2019,Not found,1,first scrap players transfer
Bradley Orr,https://www.transfermarkt.com/bradley-orr/profil/spieler/16091,Success,16091,spieler,Bradley Orr,01/11/1982 (43),Liverpool,"1,82 m",England,Defender - Right-Back,right,Not found,Blackburn,2/3/2015,-,Not found,0,0,0,Yes,2/3/2015,Not found,0,first scrap players transfer
Alex Oxlade-Chamberlain,https://www.transfermarkt.com/alex-oxlade-chamberlain/profil/spieler/143424,Success,143424,spieler,Alex Oxlade-Chamberlain,15/08/1993 (32),Portsmouth,"1,80 m",England,Midfield - Central Midfield,right,Not found,Without Club,27/08/2025,-,Nike,23,1247,233,No,Not found,Not found,12,first scrap players transfer
Bruno Perone,https://www.transfermarkt.com/bruno-perone/profil/spieler/67996,Success,67996,spieler,Bruno Perone,06/07/1987 (38),São Paulo,"1,91 m",Brazil  Italy,Defender - Centre-Back,right,Not found,Without Club,1/7/2025,-,Not found,1,22,2,No,Not found,Not found,1,first scrap players transfer
Radosav Petrović,https://www.transfermarkt.com/radosav-petrovi/profil/spieler/75296,Success,75296,spieler,Radosav Petrovic,08/03/1989 (36),Ub,"1,93 m",Serbia,Defender - Centre-Back,right,Not found,Without Club,28/08/2025,-,Not found,5,119,21,No,Not found,Not found,4,first scrap players transfer
Anthony Pilkington,https://www.transfermarkt.com/anthony-pilkington/profil/spieler/67322,Success,67322,spieler,Anthony Pilkington,06/06/1988 (37),Blackburn,"1,81 m",Ireland  England,Attack - Left Winger,both,Not found,Fleetwood,19/10/2022,-,Not found,6,171,28,Yes,19/10/2022,Not found,3,first scrap players transfer
David Pizarro,https://www.transfermarkt.com/david-pizarro/profil/spieler/5896,Success,5896,spieler,David Pizarro,11/09/1979 (46),Valparaíso,"1,68 m",Chile,Midfield - Central Midfield,right,Not found,U. de Chile,1/1/2019,-,Not found,21,544,95,Yes,1/1/2019,Not found,8,first scrap players transfer
Paul Pogba,https://www.transfermarkt.com/paul-pogba/profil/spieler/122153,Success,122153,spieler,Paul Pogba,15/03/1993 (32),Lagny-sur-Marne,"1,91 m",France  Guinea,Midfield - Central Midfield,both,Not found,Monaco,1/7/2025,30/06/2027,adidas,40,1340,225,No,Not found,8,13,first scrap players transfer
Pavel Pogrebnyak,https://www.transfermarkt.com/pavel-pogrebnyak/profil/spieler/15074,Success,15074,spieler,Pavel Pogrebnyak,08/11/1983 (42),Moskau,N/A,Russia,Attack - Centre-Forward,N/A,Not found,Ural,1/7/2021,-,Not found,8,515,51,Yes,1/7/2021,Not found,7,first scrap players transfer
Darren Pratley,https://www.transfermarkt.com/darren-pratley/profil/spieler/28957,Success,28957,spieler,Darren Pratley,22/04/1985 (40),London,"1,86 m",England  Jamaica,Midfield - Central Midfield,right,Not found,Leyton Orient,1/7/2025,-,Not found,2,221,43,Yes,1/7/2025,Not found,2,first scrap players transfer
Àngel Rangel,https://www.transfermarkt.com/ngel-rangel/profil/spieler/66550,Success,66550,spieler,Ángel Rangel,28/11/1982 (42),Sant Carles de la Ràpita,"1,88 m",Spain,Defender - Right-Back,right,Not found,UE Rapitenca,1/7/2022,-,adidas,11,861,73,Yes,1/7/2022,Not found,5,first scrap players transfer
Tim Ream,https://www.transfermarkt.com/tim-ream/profil/spieler/145466,Success,145466,spieler,Tim Ream,05/10/1987 (38),"St. Louis, Missouri","1,86 m",United States,Defender - Centre-Back,left,Not found,Charlotte,7/8/2024,31/12/2026,Nike,6,150,32,No,Not found,3,6,first scrap players transfer
Jazz Richards,https://www.transfermarkt.com/jazz-richards/profil/spieler/120241,Success,120241,spieler,Jazz Richards,12/04/1991 (34),Swansea,"1,74 m",Wales,Defender - Right-Back,right,Not found,Haverfordwest,1/7/2024,-,Not found,6,475,85,Yes,1/7/2024,Not found,4,first scrap players transfer
Joe Riley,https://www.transfermarkt.com/joe-riley/profil/spieler/125117,Success,125117,spieler,Joe Riley,13/10/1991 (34),Salford,"1,83 m",England,Defender - Right-Back,right,Not found,Mansfield Town,20/07/2021,-,Not found,1,183,31,Yes,20/07/2021,Not found,1,first scrap players transfer
Oriol Romeu,https://www.transfermarkt.com/oriol-romeu/profil/spieler/66100,Success,66100,spieler,Oriol Romeu,24/09/1991 (34),Ulldecona,"1,83 m",Spain,Midfield - Defensive Midfield,right,Not found,Southampton,6/11/2025,30/06/2026,Mizuno,11,480,108,No,Not found,28,7,first scrap players transfer
Declan Rudd,https://www.transfermarkt.com/declan-rudd/profil/spieler/74088,Success,74088,spieler,Declan Rudd,16/01/1991 (34),Diss,"1,91 m",England,Goalkeeper,right,Not found,Preston,31/03/2022,-,Not found,2,115,25,Yes,31/03/2022,Not found,2,first scrap players transfer
John Ruddy,https://www.transfermarkt.com/john-ruddy/profil/spieler/29712,Success,29712,spieler,John Ruddy,24/10/1986 (39),St Ives,"1,92 m",England,Goalkeeper,right,Not found,Newcastle,1/7/2024,-,Not found,1,141,26,No,Not found,26,1,first scrap players transfer
Bryan Ruiz,https://www.transfermarkt.com/bryan-ruiz/profil/spieler/39642,Success,39642,spieler,Bryan Ruiz,18/08/1985 (40),San José,"1,87 m",Costa Rica,Midfield - Attacking Midfield,left,Not found,LD Alajuelense,1/1/2023,-,Not found,8,174,30,Yes,1/1/2023,Not found,6,first scrap players transfer
Orlando Sá,https://www.transfermarkt.com/orlando-s/profil/spieler/64535,Success,64535,spieler,Orlando Sá,26/05/1988 (37),Barcelos,"1,88 m",Portugal,Attack - Centre-Forward,right,Not found,Málaga CF,1/7/2021,-,Not found,6,582,83,Yes,1/7/2021,Not found,5,first scrap players transfer
Davide Santon,https://www.transfermarkt.com/davide-santon/profil/spieler/84344,Success,84344,spieler,Davide Santon,02/01/1991 (34),Portomaggiore,"1,87 m",Italy,Defender - Left-Back,right,Not found,Roma,9/9/2022,-,Nike,18,592,123,Yes,9/9/2022,Not found,9,first scrap players transfer
André Santos,https://www.transfermarkt.com/andr-santos/profil/spieler/54275,Success,54275,spieler,André Santos,08/03/1983 (42),São Paulo,"1,80 m",Brazil,Defender - Left-Back,left,Not found,Figueirense FC,1/1/2019,-,Not found,8,201,46,Yes,1/1/2019,Not found,6,first scrap players transfer
Stefan Savić,https://www.transfermarkt.com/stefan-savi/profil/spieler/107010,Success,107010,spieler,Stefan Savic,08/01/1991 (34),Mojkovac,"1,87 m",Montenegro  Serbia,Defender - Centre-Back,right,Not found,Trabzonspor,26/07/2024,30/06/2027,Puma,31,823,149,No,Not found,15,11,first scrap players transfer
Gylfi Sigurðsson,https://www.transfermarkt.com/gylfi-sigursson/profil/spieler/90466,Success,90466,spieler,Gylfi Sigurdsson,08/09/1989 (36),Reykjavík,"1,86 m",Iceland,Midfield - Attacking Midfield,right,Not found,Víkingur,17/03/2025,31/12/2025,Not found,6,170,28,No,Not found,32,5,first scrap players transfer
Scott Sinclair,https://www.transfermarkt.com/scott-sinclair/profil/spieler/31552,Success,31552,spieler,Scott Sinclair,25/03/1989 (36),Bath,"1,77 m",England  Jamaica,Attack - Left Winger,right,Not found,Without Club,1/7/2025,-,Nike,3,110,22,No,Not found,Not found,3,first scrap players transfer
Jordan Slew,https://www.transfermarkt.com/jordan-slew/profil/spieler/164785,Success,164785,spieler,Jordan Slew,07/09/1992 (33),Sheffield,"1,91 m",England  Jamaica,Attack - Centre-Forward,right,Not found,Southport,26/07/2025,30/06/2026,Not found,1,111,15,No,Not found,9,1,first scrap players transfer
Adam Smith,https://www.transfermarkt.com/adam-smith/profil/spieler/61841,Success,61841,spieler,Adam Smith,29/04/1991 (34),London,"1,74 m",England,Defender - Right-Back,right,Not found,Bournemouth,28/01/2014,30/06/2026,adidas,18,702,100,No,Not found,15,8,first scrap players transfer
Tommy Smith,https://www.transfermarkt.com/tommy-smith/profil/spieler/176056,Success,176056,spieler,Tommy Smith,5/4/1945,Liverpool,"1,78 m",England,Defender - Centre-Back,right,Not found,Not found,Not found,Not found,Not found,0,0,0,No,Not found,Not found,0,first scrap players transfer
Marvin Sordell,https://www.transfermarkt.com/marvin-sordell/profil/spieler/120599,Success,120599,spieler,Marvin Sordell,17/02/1991 (34),London,"1,79 m",England,Attack - Centre-Forward,right,Not found,Uxbridge FC,14/11/2025,-,Not found,1,135,18,No,Not found,Not found,1,first scrap players transfer
Raheem Sterling,https://www.transfermarkt.com/raheem-sterling/profil/spieler/134425,Success,134425,spieler,Raheem Sterling,08/12/1994 (30),Kingston,"1,70 m",England  Jamaica,Attack - Right Winger,right,Not found,Chelsea,13/07/2022,30/06/2027,New Balance,16,333,58,No,Not found,Not found,11,first scrap players transfer
Denis Stracqualursi,https://www.transfermarkt.com/denis-stracqualursi/profil/spieler/92544,Success,92544,spieler,Denis Stracqualursi,20/10/1987 (38),Rafaela,"1,91 m",Argentina  Italy,Attack - Centre-Forward,right,Not found,Union (S),1/1/2023,-,Not found,2,18,4,Yes,1/1/2023,Not found,2,first scrap players transfer
Andrew Surman,https://www.transfermarkt.com/andrew-surman/profil/spieler/29975,Success,29975,spieler,Andrew Surman,20/08/1986 (39),"Johannesburg, Gauteng","1,78 m",England  South Africa,Midfield - Central Midfield,left,Not found,MK Dons,31/07/2021,-,Nike,9,397,53,Yes,31/07/2021,Not found,5,first scrap players transfer
Adel Taarabt,https://www.transfermarkt.com/adel-taarabt/profil/spieler/45287,Success,45287,spieler,Adel Taarabt,24/05/1989 (36),Fès,"1,85 m",Morocco  France,Midfield - Central Midfield,right,Not found,Sharjah FC,26/01/2025,-,Nike,12,264,45,No,Not found,49,6,first scrap players transfer
Taye Taiwo,https://www.transfermarkt.com/taye-taiwo/profil/spieler/28922,Success,28922,spieler,Taye Taiwo,16/04/1985 (40),Lagos,"1,82 m",Nigeria,Defender - Left-Back,left,Not found,SalPa,1/6/2022,-,Not found,3,50,9,Yes,1/6/2022,Not found,2,first scrap players transfer
Alan Tate,https://www.transfermarkt.com/alan-tate/profil/spieler/7337,Success,7337,spieler,Alan Tate,02/09/1982 (43),Easington,"1,85 m",England,Defender - Centre-Back,right,Not found,Port Talbot,1/7/2016,-,Not found,3,318,27,Yes,1/7/2016,Not found,2,first scrap players transfer
Neil Taylor,https://www.transfermarkt.com/neil-taylor/profil/spieler/67416,Success,67416,spieler,Neil Taylor,07/02/1989 (36),St Asaph,"1,76 m",Wales  India,Defender - Left-Back,left,Not found,Middlesbrough,1/7/2022,-,Not found,5,315,75,Yes,1/7/2022,Not found,4,first scrap players transfer
Marc Tierney,https://www.transfermarkt.com/marc-tierney/profil/spieler/67346,Success,67346,spieler,Marc Tierney,23/08/1985 (40),Prestwich,"1,83 m",England  Ireland,Defender - Left-Back,left,Not found,Bolton,23/04/2015,-,Not found,2,610,95,Yes,23/04/2015,Not found,2,first scrap players transfer
Armand Traoré,https://www.transfermarkt.com/armand-traor/profil/spieler/33783,Success,33783,spieler,Armand Traoré,08/10/1989 (36),Paris,"1,84 m",Senegal  France,Defender - Left-Back,left,Not found,Cardiff,7/1/2020,-,Not found,9,271,50,Yes,7/1/2020,Not found,4,first scrap players transfer
Gerhard Tremmel,https://www.transfermarkt.com/gerhard-tremmel/profil/spieler/488,Success,488,spieler,Gerhard Tremmel,16/11/1978 (47),München,N/A,Germany,Goalkeeper,N/A,Not found,Swansea,17/07/2017,-,Not found,0,0,0,Yes,17/07/2017,Not found,0,first scrap players transfer
Marcello Trotta,https://www.transfermarkt.com/marcello-trotta/profil/spieler/129505,Success,129505,spieler,Marcello Trotta,29/09/1992 (33),Santa Maria Capua Vetere,"1,88 m",Italy,Attack - Centre-Forward,left,Not found,Sora,7/8/2025,30/06/2026,Nike,8,306,24,No,Not found,29,7,first scrap players transfer
Ross Turnbull,https://www.transfermarkt.com/ross-turnbull/profil/spieler/29159,Success,29159,spieler,Ross Turnbull,04/01/1985 (40),Bishop Auckland,"1,93 m",England,Goalkeeper,right,Not found,Leeds,1/7/2017,-,Not found,0,0,0,Yes,1/7/2017,Not found,0,first scrap players transfer
Josh Vela,https://www.transfermarkt.com/josh-vela/profil/spieler/173804,Success,173804,spieler,Josh Vela,14/12/1993 (31),Salford,"1,81 m",England,Midfield - Central Midfield,right,Not found,Warrington,28/08/2025,30/06/2026,Not found,1,69,14,No,Not found,Not found,1,first scrap players transfer
Michel Vorm,https://www.transfermarkt.com/michel-vorm/profil/spieler/26276,Success,26276,spieler,Michel Vorm,20/10/1983 (42),IJsselstein,"1,83 m",Netherlands  Suriname,Goalkeeper,right,Not found,Tottenham,27/07/2020,-,Not found,6,273,53,Yes,27/07/2020,Not found,5,first scrap players transfer
Dorus de Vries,https://www.transfermarkt.com/dorus-de-vries/profil/spieler/6404,Success,6404,spieler,Dorus de Vries,29/12/1980 (44),Beverwijk,"1,91 m",Netherlands,Goalkeeper,right,Not found,Celtic,5/7/2019,-,Not found,2,25,4,Yes,5/7/2019,Not found,2,first scrap players transfer
Haris Vučkić,https://www.transfermarkt.com/haris-vuki/profil/spieler/76560,Success,76560,spieler,Haris Vuckic,21/08/1992 (33),Ljubljana,"1,88 m",Slovenia,Attack - Second Striker,left,Not found,NK Domzale,13/08/2024,30/06/2026,Not found,7,933,164,No,Not found,10,5,first scrap players transfer
Simon Vukčević,https://www.transfermarkt.com/simon-vukevi/profil/spieler/27239,Success,27239,spieler,Simon Vukcevic,29/01/1986 (39),Titograd,"1,80 m",Montenegro,Attack - Right Winger,left,Not found,B. Podgorica,29/03/2018,-,Not found,7,177,30,Yes,29/03/2018,Not found,4,first scrap players transfer
Elliott Ward,https://www.transfermarkt.com/elliott-ward/profil/spieler/15838,Success,15838,spieler,Elliott Ward,19/01/1985 (40),Harrow,"1,85 m",England,Defender - Centre-Back,right,Not found,Chelmsford,1/7/2021,-,Not found,0,0,0,Yes,1/7/2021,Not found,0,first scrap players transfer
Keiren Westwood,https://www.transfermarkt.com/keiren-westwood/profil/spieler/15164,Success,15164,spieler,Keiren Westwood,23/10/1984 (41),Manchester,"1,88 m",Ireland  England,Goalkeeper,left,Not found,Crewe Alexandra,1/11/2024,-,Not found,3,401,71,Yes,1/11/2024,Not found,2,first scrap players transfer
Zak Whitbread,https://www.transfermarkt.com/zak-whitbread/profil/spieler/22230,Success,22230,spieler,Zak Whitbread,10/01/1984 (41),"Houston, Texas","1,88 m",United States  England,Defender - Centre-Back,left,Not found,Shrewsbury,1/7/2016,-,Not found,3,234,44,Yes,1/7/2016,Not found,2,first scrap players transfer
Connor Wickham,https://www.transfermarkt.com/connor-wickham/profil/spieler/95435,Success,95435,spieler,Connor Wickham,31/03/1993 (32),Hereford,"1,89 m",England  Northern Ireland,Attack - Centre-Forward,right,Not found,Dubai City FC,26/09/2025,-,Nike,15,1194,173,No,Not found,99,10,first scrap players transfer
Aaron Wilbraham,https://www.transfermarkt.com/aaron-wilbraham/profil/spieler/67202,Success,67202,spieler,Aaron Wilbraham,21/10/1979 (46),Knutsford,"1,91 m",England,Attack - Centre-Forward,right,Not found,Rochdale,1/7/2020,-,Not found,0,0,0,Yes,1/7/2020,Not found,0,first scrap players transfer
Ashley Williams,https://www.transfermarkt.com/ashley-williams/profil/spieler/67355,Success,67355,spieler,Ashley Williams,23/08/1984 (41),Wolverhampton,"1,83 m",Wales  England,Defender - Centre-Back,right,Not found,Bristol City,26/01/2021,-,Nike,1,4,0,Yes,26/01/2021,Not found,1,first scrap players transfer
Jonathan Woodgate,https://www.transfermarkt.com/jonathan-woodgate/profil/spieler/3224,Success,3224,spieler,Jonathan Woodgate,22/01/1980 (45),Nunthorpe,"1,88 m",England,Defender - Centre-Back,right,Not found,Middlesbrough,1/7/2016,-,Not found,8,568,113,Yes,1/7/2016,Not found,4,first scrap players transfer
Nico Yennaris,https://www.transfermarkt.com/nico-yennaris/profil/spieler/122721,Success,122721,spieler,Nico Yennaris,24/05/1993 (32),London,"1,71 m",China  England,Midfield - Defensive Midfield,right,Not found,SH Shenhua,8/1/2025,31/12/2025,Nike,4,636,50,No,Not found,23,3,first scrap players transfer
Karim El Ahmadi,https://www.transfermarkt.com/karim-el-ahmadi/profil/spieler/25523,Success,25523,spieler,Karim El Ahmadi,27/01/1985 (40),Enschede,"1,79 m",Morocco  Netherlands,Midfield - Defensive Midfield,right,Not found,Al-Ittihad,31/01/2022,-,Not found,8,160,23,Yes,31/01/2022,Not found,8,first scrap players transfer
Nathan Aké,https://www.transfermarkt.com/nathan-ak/profil/spieler/177476,Success,177476,spieler,Nathan Aké,18/02/1995 (30),Den Haag,"1,80 m",Netherlands  Cote d'Ivoire,Defender - Centre-Back,left,Not found,Man City,5/8/2020,30/06/2027,Nike,18,446,100,No,Not found,6,8,first scrap players transfer
Hope Akpan,https://www.transfermarkt.com/hope-akpan/profil/spieler/61559,Success,61559,spieler,Hope Akpan,14/08/1991 (34),Liverpool,"1,85 m",Nigeria  England,Midfield - Central Midfield,right,Not found,Widnes,1/7/2022,-,Not found,1,23,4,Yes,1/7/2022,Not found,1,first scrap players transfer
Vurnon Anita,https://www.transfermarkt.com/vurnon-anita/profil/spieler/30670,Success,30670,spieler,Vurnon Anita,04/04/1989 (36),Willemstad,"1,69 m",Curacao  Netherlands,Midfield - Defensive Midfield,right,Not found,Ajax Amateurs,31/10/2025,-,adidas,4,115,23,No,Not found,Not found,4,first scrap players transfer
Oussama Assaidi,https://www.transfermarkt.com/oussama-assaidi/profil/spieler/57275,Success,57275,spieler,Oussama Assaidi,15/08/1988 (37),Beni-Boughafar,"1,75 m",Morocco  Netherlands,Attack - Left Winger,right,Not found,Twente FC,1/7/2019,-,Not found,0,0,0,Yes,1/7/2019,Not found,0,first scrap players transfer
César Azpilicueta,https://www.transfermarkt.com/csar-azpilicueta/profil/spieler/57500,Success,57500,spieler,César Azpilicueta,28/08/1989 (36),Pamplona,"1,78 m",Spain,Defender - Centre-Back,right,Not found,Sevilla FC,29/08/2025,30/06/2026,adidas,11,385,85,No,Not found,3,7,first scrap players transfer
Kyle Bartley,https://www.transfermarkt.com/kyle-bartley/profil/spieler/67421,Success,67421,spieler,Kyle Bartley,22/05/1991 (34),Stockport,"1,94 m",England  Jamaica,Defender - Centre-Back,right,Not found,West Brom,8/8/2025,-,Not found,9,607,121,Yes,8/8/2025,Not found,7,first scrap players transfer
Luciano Becchio,https://www.transfermarkt.com/luciano-becchio/profil/spieler/71020,Success,71020,spieler,Luciano Becchio,28/12/1983 (41),Córdoba,"1,87 m",Argentina  Italy,Attack - Centre-Forward,left,Not found,UD Alaro,1/7/2023,-,Not found,0,0,0,Yes,1/7/2023,Not found,0,first scrap players transfer
Joe Bennett,https://www.transfermarkt.com/joe-bennett/profil/spieler/90964,Success,90964,spieler,Joe Bennett,28/03/1990 (35),Rochdale,"1,78 m",England,Defender - Left-Back,left,Not found,Walton & Hersh.,11/10/2025,-,Not found,10,647,61,No,Not found,17,6,first scrap players transfer
Christian Benteke,https://www.transfermarkt.com/christian-benteke/profil/spieler/50201,Success,50201,spieler,Christian Benteke,03/12/1990 (34),Kinshasa,"1,90 m",Belgium  DR Congo,Attack - Centre-Forward,right,Not found,D.C. United,4/8/2022,31/12/2025,Nike,18,621,111,No,Not found,20,11,first scrap players transfer
Gaël Bigirimana,https://www.transfermarkt.com/gal-bigirimana/profil/spieler/158697,Success,158697,spieler,Gaël Bigirimana,22/10/1993 (32),Bujumbura,"1,75 m",Burundi  England,Midfield - Defensive Midfield,right,Not found,Dungannon,11/7/2024,31/05/2027,Not found,7,150,25,No,Not found,34,3,first scrap players transfer
Fabio Borini,https://www.transfermarkt.com/fabio-borini/profil/spieler/96754,Success,96754,spieler,Fabio Borini,29/03/1991 (34),Bentivoglio,"1,80 m",Italy,Attack - Centre-Forward,right,Not found,Salford,17/10/2025,31/12/2025,Not found,24,831,157,No,Not found,16,10,first scrap players transfer
Artur Boruc,https://www.transfermarkt.com/artur-boruc/profil/spieler/15220,Success,15220,spieler,Artur Boruc,20/02/1980 (45),Siedlce,"1,93 m",Poland,Goalkeeper,right,Not found,Legia Warszawa,1/7/2022,-,New Balance,3,92,20,Yes,1/7/2022,Not found,3,first scrap players transfer
Jordan Bowery,https://www.transfermarkt.com/jordan-bowery/profil/spieler/94655,Success,94655,spieler,Jordan Bowery,02/07/1991 (34),Nottingham,"1,85 m",St. Kitts & Nevis  England,Defender - Centre-Back,right,Not found,Mansfield Town,1/7/2020,30/06/2026,Not found,0,0,0,No,Not found,9,0,first scrap players transfer
Izzy Brown,https://www.transfermarkt.com/izzy-brown/profil/spieler/245805,Success,245805,spieler,Izzy Brown,07/01/1997 (28),Peterborough,"1,82 m",England  Jamaica,Attack - Left Winger,right,Not found,Preston,6/4/2023,-,Nike,7,525,38,Yes,6/4/2023,Not found,5,first scrap players transfer
Alexander Büttner,https://www.transfermarkt.com/alexander-bttner/profil/spieler/38003,Success,38003,spieler,Alexander Büttner,11/02/1989 (36),Doetinchem,"1,74 m",Netherlands,Defender - Left-Back,left,Not found,Vitesse,7/8/2024,30/06/2026,Nike,7,197,21,No,Not found,28,6,first scrap players transfer
Geoff Cameron,https://www.transfermarkt.com/geoff-cameron/profil/spieler/31642,Success,31642,spieler,Geoff Cameron,11/07/1985 (40),"Attleboro, Massachusetts","1,90 m",United States,Defender - Centre-Back,right,Not found,Cincinnati,4/5/2023,-,Nike,3,203,35,Yes,4/5/2023,Not found,3,first scrap players transfer
Lee Camp,https://www.transfermarkt.com/lee-camp/profil/spieler/42411,Success,42411,spieler,Fraizer Campbell,13/09/1987 (38),Huddersfield,"1,72 m",England  Jamaica,Attack - Centre-Forward,right,Not found,Huddersfield,1/7/2022,-,Not found,6,644,108,Yes,1/7/2022,Not found,4,first scrap players transfer
Eduard Campabadal,https://www.transfermarkt.com/eduard-campabadal/profil/spieler/126722,Success,126722,spieler,Edu Campabadal,26/01/1993 (32),Tarragona,"1,78 m",Spain,Defender - Right-Back,right,Not found,Real Avilés,18/07/2025,30/06/2026,Not found,5,383,40,No,Not found,20,3,first scrap players transfer
Adam Campbell,https://www.transfermarkt.com/adam-campbell/profil/spieler/204354,Success,204354,spieler,Adam Campbell,01/01/1995 (30),North Shields,"1,69 m",England,Attack - Left Winger,right,Not found,Hartlepool,1/7/2024,30/06/2025,Not found,1,47,7,No,Not found,10,1,first scrap players transfer
Daniel Carriço,https://www.transfermarkt.com/daniel-carrio/profil/spieler/37712,Success,37712,spieler,Daniel Carriço,04/08/1988 (37),Cascais,"1,83 m",Portugal,Defender - Centre-Back,right,Not found,UD Almería,14/04/2023,-,Not found,30,989,177,Yes,14/04/2023,Not found,12,first scrap players transfer
Tom Carroll,https://www.transfermarkt.com/tom-carroll/profil/spieler/121279,Success,121279,spieler,Tom Carroll,28/05/1992 (33),Watford,"1,77 m",England,Midfield - Central Midfield,left,Not found,Without Club,1/7/2025,-,Not found,10,407,66,No,Not found,Not found,5,first scrap players transfer
Santi Cazorla,https://www.transfermarkt.com/santi-cazorla/profil/spieler/15799,Success,15799,spieler,Santi Cazorla,13/12/1984 (40),Lugo de Llanera,"1,68 m",Spain,Midfield - Central Midfield,both,Not found,Real Oviedo,16/08/2023,30/06/2026,Puma,9,1003,194,No,Not found,8,7,first scrap players transfer
Júlio César,https://www.transfermarkt.com/jlio-csar/profil/spieler/22412,Success,22412,spieler,Júlio César,03/09/1979 (46),Duque de Caxias,"1,86 m",Brazil,Goalkeeper,left,Not found,Flamengo,29/04/2018,-,Not found,13,409,77,Yes,29/04/2018,Not found,7,first scrap players transfer
Richard Chaplow,https://www.transfermarkt.com/richard-chaplow/profil/spieler/9975,Success,9975,spieler,Richard Chaplow,02/02/1985 (40),Accrington,"1,75 m",England,Midfield - Central Midfield,right,Not found,Orange County,1/12/2018,-,Not found,1,60,10,Yes,1/12/2018,Not found,1,first scrap players transfer
Nathaniel Clyne,https://www.transfermarkt.com/nathaniel-clyne/profil/spieler/85177,Success,85177,spieler,Nathaniel Clyne,05/04/1991 (34),London,"1,75 m",England  Grenada,Defender - Right-Back,right,Not found,Crystal Palace,14/10/2020,30/06/2026,Not found,7,682,114,No,Not found,17,6,first scrap players transfer
Conor Coady,https://www.transfermarkt.com/conor-coady/profil/spieler/128901,Success,128901,spieler,Conor Coady,25/02/1993 (32),Liverpool,"1,85 m",England,Defender - Centre-Back,right,Not found,Wrexham,1/8/2025,30/06/2027,adidas,1,19,4,No,Not found,6,1,first scrap players transfer
Jack Cork,https://www.transfermarkt.com/jack-cork/profil/spieler/40613,Success,40613,spieler,Jack Cork,25/06/1989 (36),London,"1,85 m",England,Midfield - Defensive Midfield,right,Not found,Burnley U21,3/10/2024,-,Not found,8,365,75,No,Not found,Not found,5,first scrap players transfer
Philippe Coutinho,https://www.transfermarkt.com/philippe-coutinho/profil/spieler/80444,Success,80444,spieler,Philippe Coutinho,12/06/1992 (33),Rio de Janeiro,"1,72 m",Brazil  Portugal,Midfield - Attacking Midfield,right,Not found,Vasco da Gama,4/7/2025,30/06/2026,Nike,28,992,202,No,Not found,10,16,first scrap players transfer
Shaun Cummings,https://www.transfermarkt.com/shaun-cummings/profil/spieler/40614,Success,40614,spieler,Shaun Cummings,25/02/1989 (36),London,"1,83 m",Jamaica  England,Defender - Right-Back,right,Not found,Doncaster,1/7/2020,-,Not found,0,0,0,Yes,1/7/2020,Not found,0,first scrap players transfer
Ben Davies,https://www.transfermarkt.com/ben-davies/profil/spieler/192765,Success,192765,spieler,Ben Davies,24/04/1993 (32),Neath,"1,81 m",Wales,Defender - Centre-Back,left,Not found,Tottenham,23/07/2014,30/06/2026,adidas,20,620,114,No,Not found,33,13,first scrap players transfer
Kelvin Davis,https://www.transfermarkt.com/kelvin-davis/profil/spieler/13640,Success,13640,spieler,Kelvin Davis,29/09/1976 (49),Leighton Buzzard,"1,85 m",England,Goalkeeper,right,Not found,Southampton,1/7/2016,-,Not found,1,34,6,Yes,1/7/2016,Not found,1,first scrap players transfer
Steven Davis,https://www.transfermarkt.com/steven-davis/profil/spieler/28973,Success,28973,spieler,Steven Davis,01/01/1985 (40),Ballymena,"1,72 m",Northern Ireland,Midfield - Central Midfield,right,Not found,Rangers,25/01/2024,-,Nike,6,501,83,Yes,25/01/2024,Not found,5,first scrap players transfer
Simon Dawkins,https://www.transfermarkt.com/simon-dawkins/profil/spieler/57488,Success,57488,spieler,Simon Dawkins,01/12/1987 (37),Edgware,"1,77 m",Jamaica  England,Attack - Left Winger,right,Not found,Monterey Bay,1/8/2024,-,Not found,4,110,23,Yes,1/8/2024,Not found,3,first scrap players transfer
Steve De Ridder,https://www.transfermarkt.com/steve-de-ridder/profil/spieler/41818,Success,41818,spieler,Steve De Ridder,25/02/1987 (38),Gent,"1,78 m",Belgium,Midfield - Central Midfield,right,Not found,Without Club,18/12/2024,-,Not found,4,371,27,No,Not found,Not found,3,first scrap players transfer
Mathieu Debuchy,https://www.transfermarkt.com/mathieu-debuchy/profil/spieler/27306,Success,27306,spieler,Mathieu Debuchy,28/07/1985 (40),Fretin,"1,77 m",France,Defender - Right-Back,right,Not found,Valenciennes FC,1/7/2023,-,adidas,22,762,131,Yes,1/7/2023,Not found,11,first scrap players transfer
Ashkan Dejagah,https://www.transfermarkt.com/ashkan-dejagah/profil/spieler/13979,Success,13979,spieler,Ashkan Dejagah,05/07/1986 (39),Tehran,"1,81 m",Iran  Germany,Attack - Right Winger,right,Not found,Foolad,17/05/2024,-,Nike,10,419,84,Yes,17/05/2024,Not found,7,first scrap players transfer
Guy Demel,https://www.transfermarkt.com/guy-demel/profil/spieler/1368,Success,1368,spieler,Guy Demel,13/06/1981 (44),Orsay,"1,88 m",Cote d'Ivoire  France,Defender - Right-Back,right,Not found,Red Star FC,1/7/2017,-,Not found,10,239,40,Yes,1/7/2017,Not found,7,first scrap players transfer
Alou Diarra,https://www.transfermarkt.com/alou-diarra/profil/spieler/1327,Success,1327,spieler,Alou Diarra,15/07/1981 (44),Villepinte,"1,89 m",France  Mali,Midfield - Defensive Midfield,right,Not found,AS Nancy,1/7/2017,-,Not found,2,160,23,Yes,1/7/2017,Not found,2,first scrap players transfer
Maurice Edu,https://www.transfermarkt.com/maurice-edu/profil/spieler/50987,Success,50987,spieler,Maurice Edu,18/04/1986 (39),"Fontana, California","1,83 m",United States  Nigeria,Midfield - Defensive Midfield,right,Not found,Philadelphia,1/1/2018,-,Not found,7,783,84,Yes,1/1/2018,Not found,4,first scrap players transfer
Rob Elliot,https://www.transfermarkt.com/rob-elliot/profil/spieler/39037,Success,39037,spieler,Rob Elliot,30/04/1986 (39),London,"1,90 m",Ireland  England,Goalkeeper,left,Not found,Gateshead,1/10/2024,-,Not found,6,501,67,Yes,1/10/2024,Not found,5,first scrap players transfer
Urby Emanuelson,https://www.transfermarkt.com/urby-emanuelson/profil/spieler/20586,Success,20586,spieler,Urby Emanuelson,16/06/1986 (39),Amsterdam,"1,76 m",Netherlands  Suriname,Midfield - Central Midfield,left,Not found,Ajax Amateurs,1/7/2023,-,adidas,8,118,22,Yes,1/7/2023,Not found,6,first scrap players transfer
Eyong Enoh,https://www.transfermarkt.com/eyong-enoh/profil/spieler/47344,Success,47344,spieler,Eyong Enoh,23/03/1986 (39),Kumba,"1,73 m",Cameroon,Midfield - Defensive Midfield,both,Not found,Ajax Amateurs,1/7/2022,-,Not found,7,475,60,Yes,1/7/2022,Not found,4,first scrap players transfer
Roger Espinoza,https://www.transfermarkt.com/roger-espinoza/profil/spieler/71096,Success,71096,spieler,Róger Espinoza,25/10/1986 (39),Puerto Cortés,"1,78 m",Honduras  United States,Midfield - Central Midfield,left,Not found,Des Moines,26/06/2024,-,Not found,5,350,52,Yes,26/06/2024,Not found,5,first scrap players transfer
Iago Falque,https://www.transfermarkt.com/iago-falque/profil/spieler/59340,Success,59340,spieler,Iago Falque,04/01/1990 (35),Vigo,"1,74 m",Spain,Attack - Right Winger,left,Not found,LD Alajuelense,10/5/2025,-,Nike,24,659,112,Yes,10/5/2025,Not found,11,first scrap players transfer
Adam Federici,https://www.transfermarkt.com/adam-federici/profil/spieler/4233,Success,4233,spieler,Adam Federici,31/01/1985 (40),Nowra,"1,88 m",Australia  Italy,Goalkeeper,right,Not found,Macarthur,23/10/2021,-,Not found,3,272,34,Yes,23/10/2021,Not found,3,first scrap players transfer
Chico Flores,https://www.transfermarkt.com/chico-flores/profil/spieler/51681,Success,51681,spieler,Chico Flores,06/03/1987 (38),Cádiz,"1,87 m",Spain,Defender - Centre-Back,right,Not found,CF Fuenlabrada,24/08/2020,-,Not found,7,226,37,Yes,24/08/2020,Not found,5,first scrap players transfer
José Fonte,https://www.transfermarkt.com/jos-fonte/profil/spieler/33829,Success,33829,spieler,José Fonte,22/12/1983 (41),Penafiel,"1,91 m",Portugal,Defender - Centre-Back,right,Not found,Casa Pia,10/7/2024,30/06/2026,Not found,3,148,32,No,Not found,6,3,first scrap players transfer
Danny Fox,https://www.transfermarkt.com/danny-fox/profil/spieler/31553,Success,31553,spieler,Danny Fox,29/05/1986 (39),Winsford,"1,83 m",Scotland  England,Defender - Left-Back,left,Not found,Winsford,1/7/2023,-,Not found,4,91,15,No,Not found,Not found,3,first scrap players transfer
Fraser Fyvie,https://www.transfermarkt.com/fraser-fyvie/profil/spieler/107350,Success,107350,spieler,Fraser Fyvie,27/03/1993 (32),Aberdeen,"1,72 m",Scotland,Midfield - Central Midfield,right,Not found,Cove Rangers,17/08/2019,31/05/2026,Not found,7,892,157,No,Not found,24,7,first scrap players transfer
Javi García,https://www.transfermarkt.com/javi-garca/profil/spieler/36350,Success,36350,spieler,Javi García,08/02/1987 (38),Mula,"1,87 m",Spain,Midfield - Defensive Midfield,right,Not found,Boavista,1/7/2022,-,Not found,11,220,36,Yes,1/7/2022,Not found,7,first scrap players transfer
Javier Garrido,https://www.transfermarkt.com/javier-garrido/profil/spieler/7571,Success,7571,spieler,Javier Garrido,01/07/1979 (46),Valencia,"1,76 m",Spain,Defender - Right-Back,right,Not found,Valencia,1/7/2006,-,Not found,0,0,0,Yes,1/7/2006,Not found,0,first scrap players transfer
Paulo Gazzaniga,https://www.transfermarkt.com/paulo-gazzaniga/profil/spieler/195488,Success,195488,spieler,Paulo Gazzaniga,02/01/1992 (33),Murphy,"1,95 m",Argentina  Italy,Goalkeeper,right,Not found,Girona,1/7/2023,30/06/2027,adidas,1,20,2,No,Not found,13,1,first scrap players transfer
Olivier Giroud,https://www.transfermarkt.com/olivier-giroud/profil/spieler/82442,Success,82442,spieler,Olivier Giroud,30/09/1986 (39),Chambéry,"1,92 m",France,Attack - Centre-Forward,left,Not found,Lille,1/7/2025,30/06/2026,Puma,22,391,87,No,Not found,9,10,first scrap players transfer
Serge Gnabry,https://www.transfermarkt.com/serge-gnabry/profil/spieler/159471,Success,159471,spieler,Serge Gnabry,14/07/1995 (30),Stuttgart,"1,76 m",Germany  Cote d'Ivoire,Attack - Second Striker,right,Not found,Bayern Munich,1/7/2017,30/06/2026,adidas,44,892,157,No,Not found,7,11,first scrap players transfer
Román Golobart,https://www.transfermarkt.com/romn-golobart/profil/spieler/90273,Success,90273,spieler,Román Golobart,21/03/1992 (33),Barcelona,N/A,Spain,Defender - Centre-Back,N/A,Not found,Nea Salamis,1/7/2022,-,Not found,1,45,7,Yes,1/7/2022,Not found,1,first scrap players transfer
Kaspars Gorkšs,https://www.transfermarkt.com/kaspars-gorks/profil/spieler/30379,Success,30379,spieler,Kaspars Gorkss,06/11/1981 (44),Riga,"1,91 m",Latvia,Defender - Centre-Back,left,Not found,Auda,19/08/2018,-,Not found,1,5,1,Yes,19/08/2018,Not found,1,first scrap players transfer
Yoan Gouffran,https://www.transfermarkt.com/yoan-gouffran/profil/spieler/23825,Success,23825,spieler,Yoan Gouffran,25/05/1986 (39),Villeneuve-Saint-Georges,"1,75 m",France  Guadeloupe,Attack - Left Winger,right,Not found,Ararat-Armenia,12/10/2021,-,Not found,5,222,43,Yes,12/10/2021,Not found,5,first scrap players transfer
Esteban Granero,https://www.transfermarkt.com/esteban-granero/profil/spieler/44065,Success,44065,spieler,Esteban Granero,02/07/1987 (38),Madrid,"1,80 m",Spain,Midfield - Central Midfield,right,Not found,Marbella FC,1/7/2021,-,Not found,7,293,66,Yes,1/7/2021,Not found,5,first scrap players transfer
Chris Gunter,https://www.transfermarkt.com/chris-gunter/profil/spieler/43853,Success,43853,spieler,Chris Gunter,21/07/1989 (36),Newport,"1,80 m",Wales,Defender - Right-Back,right,Not found,AFC Wimbledon,1/7/2023,-,Not found,1,29,8,Yes,1/7/2023,Not found,1,first scrap players transfer
Jonathan de Guzmán,https://www.transfermarkt.com/jonathan-de-guzmn/profil/spieler/31067,Success,31067,spieler,Jonathan de Guzmán,13/09/1987 (38),"Toronto, Ontario","1,73 m",Netherlands  Canada,Midfield - Central Midfield,right,Not found,Sparta R.,22/07/2022,30/06/2026,Not found,29,899,138,No,Not found,Not found,12,first scrap players transfer
Massadio Haïdara,https://www.transfermarkt.com/massadio-hadara/profil/spieler/170929,Success,170929,spieler,Massadio Haïdara,02/12/1992 (32),Trappes,"1,79 m",Mali  France,Defender - Left-Back,left,Not found,Kocaelispor,3/7/2025,30/06/2027,Puma,28,1096,222,No,Not found,21,12,first scrap players transfer
Robert Hall,https://www.transfermarkt.com/robert-hall/profil/spieler/121236,Success,121236,spieler,Rob Hall,20/10/1993 (32),Aylesbury,"1,73 m",England,Attack - Right Winger,left,Not found,Cheshunt,4/7/2025,-,Not found,3,616,80,Yes,4/7/2025,Not found,3,first scrap players transfer
Ian Harte,https://www.transfermarkt.com/ian-harte/profil/spieler/3634,Success,3634,spieler,Ian Harte,31/08/1977 (48),Drogheda,"1,75 m",Ireland,Defender - Left-Back,left,Not found,Bournemouth,27/08/2015,-,Not found,2,222,40,Yes,27/08/2015,Not found,2,first scrap players transfer
Eden Hazard,https://www.transfermarkt.com/eden-hazard/profil/spieler/50202,Success,50202,spieler,Eden Hazard,07/01/1991 (34),La Louvière,"1,75 m",Belgium,Attack - Left Winger,right,Not found,Real Madrid,10/10/2023,-,Nike,32,731,121,Yes,10/10/2023,Not found,8,first scrap players transfer
Ángelo Henríquez,https://www.transfermarkt.com/ngelo-henrquez/profil/spieler/189740,Success,189740,spieler,Ángelo Henríquez,13/04/1994 (31),La Reina,"1,75 m",Chile,Attack - Centre-Forward,right,Not found,La Serena,2/3/2025,30/12/2025,Not found,11,227,26,No,Not found,11,7,first scrap players transfer
Pablo Hernández,https://www.transfermarkt.com/pablo-hernndez/profil/spieler/46220,Success,46220,spieler,Pablo Hernández,11/04/1985 (40),Castellón,"1,73 m",Spain,Attack - Right Winger,right,Not found,Castellón,14/07/2023,-,Not found,9,311,51,Yes,14/07/2023,Not found,5,first scrap players transfer
Brett Holman,https://www.transfermarkt.com/brett-holman/profil/spieler/21496,Success,21496,spieler,Brett Holman,27/03/1984 (41),Bankstown,"1,77 m",Australia,Midfield - Attacking Midfield,right,Not found,Brisbane Roar,30/06/2019,-,Not found,3,79,13,Yes,30/06/2019,Not found,2,first scrap players transfer
Lewis Holtby,https://www.transfermarkt.com/lewis-holtby/profil/spieler/55508,Success,55508,spieler,Lewis Holtby,18/09/1990 (35),Erkelenz,"1,76 m",Germany  England,Midfield - Central Midfield,left,Not found,NAC Breda,11/8/2025,30/06/2027,Puma,36,639,73,No,Not found,90,13,first scrap players transfer
Jos Hooiveld,https://www.transfermarkt.com/jos-hooiveld/profil/spieler/4624,Success,4624,spieler,Jos Hooiveld,22/04/1983 (42),Zeijen,"1,93 m",Netherlands,Defender - Centre-Back,left,Not found,VV Pelikaan-S,1/7/2021,-,Not found,4,75,12,Yes,1/7/2021,Not found,3,first scrap players transfer
Noel Hunt,https://www.transfermarkt.com/noel-hunt/profil/spieler/12628,Success,12628,spieler,Noel Hunt,26/12/1982 (42),Waterford,"1,73 m",Ireland,Attack - Centre-Forward,left,Not found,Waterford FC,1/1/2019,-,Not found,1,85,16,Yes,1/1/2019,Not found,1,first scrap players transfer
Jordon Ibe,https://www.transfermarkt.com/jordon-ibe/profil/spieler/195652,Success,195652,spieler,Jordon Ibe,08/12/1995 (29),London,"1,76 m",England  Nigeria,Attack - Right Winger,right,Not found,Loko Sofia,15/11/2025,30/06/2027,Nike,5,458,44,No,Not found,33,3,first scrap players transfer
Shinji Kagawa,https://www.transfermarkt.com/shinji-kagawa/profil/spieler/81785,Success,81785,spieler,Shinji Kagawa,17/03/1989 (36),"Kobe, Hyogo","1,75 m",Japan,Midfield - Attacking Midfield,right,Not found,Cerezo Osaka,1/2/2023,31/01/2026,adidas,21,547,90,No,Not found,8,9,first scrap players transfer
Kei Kamara,https://www.transfermarkt.com/kei-kamara/profil/spieler/39049,Success,39049,spieler,Kei Kamara,01/09/1984 (41),Kenema,"1,88 m",Sierra Leone  United States,Attack - Centre-Forward,right,Not found,Cincinnati,12/5/2025,31/12/2025,adidas,2,28,5,No,Not found,85,2,first scrap players transfer
Harry Kane,https://www.transfermarkt.com/harry-kane/profil/spieler/132098,Success,132098,spieler,Harry Kane,28/07/1993 (32),London,"1,88 m",England  Ireland,Attack - Centre-Forward,right,Not found,Bayern Munich,12/8/2023,30/06/2027,Skechers,19,480,101,No,Not found,9,9,first scrap players transfer
Jem Karacan,https://www.transfermarkt.com/jem-karacan/profil/spieler/61447,Success,61447,spieler,Jem Karacan,21/02/1989 (36),Catford,"1,75 m",Türkiye  England,Midfield - Central Midfield,right,Not found,Radcliffe,23/01/2023,-,Not found,3,375,48,Yes,23/01/2023,Not found,3,first scrap players transfer
Giorgos Karagounis,https://www.transfermarkt.com/giorgos-karagounis/profil/spieler/6106,Success,6106,spieler,Georgios Karagounis,06/03/1977 (48),Pyrgos,"1,76 m",Greece,Midfield - Central Midfield,right,Not found,Fulham,1/7/2014,-,Not found,1,14,2,Yes,1/7/2014,Not found,1,first scrap players transfer
Jimmy Kébé,https://www.transfermarkt.com/jimmy-kb/profil/spieler/33822,Success,33822,spieler,Jimmy Kébé,19/01/1984 (41),Vitry-sur-Seine,"1,87 m",Mali  France,Attack - Right Winger,left,Not found,Crystal Palace,23/01/2015,-,Not found,2,214,23,Yes,23/01/2015,Not found,2,first scrap players transfer
Billy Knott,https://www.transfermarkt.com/billy-knott/profil/spieler/133392,Success,133392,spieler,Billy Knott,28/11/1992 (32),Canvey Island,"1,73 m",England,Midfield - Central Midfield,left,Not found,Hullbridge,1/7/2025,-,Nike,0,0,0,No,Not found,Not found,0,first scrap players transfer
Arouna Koné,https://www.transfermarkt.com/arouna-kon/profil/spieler/8552,Success,8552,spieler,Arouna Koné,11/11/1983 (42),Anyama,"1,81 m",Cote d'Ivoire,Attack - Centre-Forward,right,Not found,VK Weerde,1/1/2023,-,Not found,9,795,128,Yes,1/1/2023,Not found,8,first scrap players transfer
Adam Lallana,https://www.transfermarkt.com/adam-lallana/profil/spieler/43530,Success,43530,spieler,Adam Lallana,10/05/1988 (37),St Albans,"1,72 m",England,Midfield - Attacking Midfield,both,Not found,Southampton,1/7/2025,-,Puma,26,817,141,Yes,1/7/2025,Not found,11,first scrap players transfer
Roland Lamah,https://www.transfermarkt.com/roland-lamah/profil/spieler/35035,Success,35035,spieler,Roland Lamah,31/12/1987 (37),Abidjan,"1,80 m",Belgium  Cote d'Ivoire,Attack - Left Winger,left,Not found,Memphis 901,1/12/2021,-,Not found,1,6,1,Yes,1/12/2021,Not found,1,first scrap players transfer
Rickie Lambert,https://www.transfermarkt.com/rickie-lambert/profil/spieler/49655,Success,49655,spieler,Rickie Lambert,16/02/1982 (43),Kirkby,"1,87 m",England,Attack - Centre-Forward,right,Not found,Cardiff,2/10/2017,-,adidas,0,0,0,Yes,2/10/2017,Not found,0,first scrap players transfer
Adam le Fondre,https://www.transfermarkt.com/adam-le-fondre/profil/spieler/46106,Success,46106,spieler,Adam Le Fondre,02/12/1986 (38),Stockport,"1,80 m",England  France,Attack - Centre-Forward,right,Not found,FC United,1/8/2024,-,Not found,3,128,20,No,Not found,Not found,3,first scrap players transfer
Mikele Leigertwood,https://www.transfermarkt.com/mikele-leigertwood/profil/spieler/14041,Success,14041,spieler,Mikele Leigertwood,12/11/1982 (43),Enfield,"1,88 m",Antigua and Barbuda  England,Midfield - Defensive Midfield,both,Not found,Reading,1/7/2014,-,Not found,0,0,0,Yes,1/7/2014,Not found,0,first scrap players transfer
Hugo Lloris,https://www.transfermarkt.com/hugo-lloris/profil/spieler/17965,Success,17965,spieler,Hugo Lloris,26/12/1986 (38),Nice,"1,88 m",France,Goalkeeper,left,Not found,LAFC,31/01/2024,31/12/2025,Nike,14,498,80,No,Not found,1,9,first scrap players transfer
Matthew Lowton,https://www.transfermarkt.com/matthew-lowton/profil/spieler/102258,Success,102258,spieler,Matthew Lowton,09/06/1989 (36),Chesterfield,"1,80 m",England,Defender - Right-Back,right,Not found,Precision FC,1/9/2024,-,Not found,6,283,21,No,Not found,Not found,4,first scrap players transfer
Modibo Maïga,https://www.transfermarkt.com/modibo-maga/profil/spieler/46831,Success,46831,spieler,Modibo Maïga,03/09/1987 (38),Bamako,"1,85 m",Mali,Attack - Centre-Forward,left,Not found,Al-Jeel,1/7/2023,-,Not found,0,0,0,Yes,1/7/2023,Not found,0,first scrap players transfer
Mikael Mandron,https://www.transfermarkt.com/mikael-mandron/profil/spieler/218144,Success,218144,spieler,Mikael Mandron,11/10/1994 (31),Boulogne-sur-Mer,"1,91 m",France  Scotland,Attack - Centre-Forward,left,Not found,St. Mirren,7/7/2023,31/05/2026,Not found,1,64,9,No,Not found,9,1,first scrap players transfer
Kader Mangane,https://www.transfermarkt.com/kader-mangane/profil/spieler/4796,Success,4796,spieler,Kader Mangane,23/03/1983 (42),Thiès,"1,93 m",Senegal  France,Defender - Centre-Back,right,Not found,R. Strasbourg,1/7/2018,-,Not found,2,208,10,Yes,1/7/2018,Not found,2,first scrap players transfer
Vito Mannone,https://www.transfermarkt.com/vito-mannone/profil/spieler/33781,Success,33781,spieler,Vito Mannone,02/03/1988 (37),Desio,"1,88 m",Italy,Goalkeeper,right,Not found,Without Club,1/7/2025,-,Not found,3,131,18,No,Not found,Not found,3,first scrap players transfer
Stanislav Manolev,https://www.transfermarkt.com/stanislav-manolev/profil/spieler/36233,Success,36233,spieler,Stanislav Manolev,16/12/1985 (39),Blagoevgrad,"1,85 m",Bulgaria,Defender - Right-Back,right,Not found,Pirin,22/05/2022,-,Not found,1,93,11,Yes,22/05/2022,Not found,1,first scrap players transfer
Adrian Mariappa,https://www.transfermarkt.com/adrian-mariappa/profil/spieler/38145,Success,38145,spieler,Adrian Mariappa,03/10/1986 (39),London,"1,79 m",Jamaica  England,Defender - Centre-Back,right,Not found,St Albans City,30/10/2025,-,Not found,1,53,10,No,Not found,Not found,1,first scrap players transfer
Marko Marin,https://www.transfermarkt.com/marko-marin/profil/spieler/35251,Success,35251,spieler,Marko Marin,13/03/1989 (36),Gradiška,"1,70 m",Germany  Serbia,Midfield - Attacking Midfield,right,Not found,Ferencváros,1/7/2022,-,Not found,13,354,45,Yes,1/7/2022,Not found,5,first scrap players transfer
Emmanuel Mayuka,https://www.transfermarkt.com/emmanuel-mayuka/profil/spieler/55709,Success,55709,spieler,Emmanuel Mayuka,21/11/1990 (35),Kabwe,"1,78 m",Zambia,Attack - Centre-Forward,right,Not found,NAPSA Stars,1/1/2023,-,Nike,1,131,17,Yes,1/1/2023,Not found,1,first scrap players transfer
Stéphane Mbia,https://www.transfermarkt.com/stphane-mbia/profil/spieler/27470,Success,27470,spieler,Stéphane Mbia,20/05/1986 (39),Yaoundé,"1,89 m",Cameroon  France,Midfield - Defensive Midfield,right,Not found,Without Club,1/7/2024,-,adidas,11,662,97,No,Not found,Not found,6,first scrap players transfer
Jobi McAnuff,https://www.transfermarkt.com/jobi-mcanuff/profil/spieler/14047,Success,14047,spieler,Jobi McAnuff,09/11/1981 (44),London,N/A,Jamaica  England,Attack - Left Winger,N/A,Not found,Leyton Orient,9/5/2021,-,Not found,0,0,0,Yes,9/5/2021,Not found,0,first scrap players transfer
Alex McCarthy,https://www.transfermarkt.com/alex-mccarthy/profil/spieler/95976,Success,95976,spieler,Alex McCarthy,03/12/1989 (35),Guildford,"1,93 m",England,Goalkeeper,right,Not found,Southampton,1/8/2016,30/06/2026,Not found,7,654,105,No,Not found,1,6,first scrap players transfer
George McCartney,https://www.transfermarkt.com/george-mccartney/profil/spieler/3775,Success,3775,spieler,George McCartney,29/04/1981 (44),Belfast,"1,83 m",Northern Ireland,Defender - Left-Back,left,Not found,West Ham,1/7/2014,-,Not found,6,323,60,Yes,1/7/2014,Not found,4,first scrap players transfer
Garath McCleary,https://www.transfermarkt.com/garath-mccleary/profil/spieler/69653,Success,69653,spieler,Garath McCleary,15/05/1987 (38),Oxford,"1,87 m",Jamaica  England,Attack - Right Winger,right,Not found,Gillingham,1/9/2025,30/06/2026,Not found,0,0,0,No,Not found,7,0,first scrap players transfer
Michu,https://www.transfermarkt.com/michu/profil/spieler/70789,Success,70789,spieler,Michu,21/03/1986 (39),Oviedo,"1,85 m",Spain,Attack - Second Striker,left,Not found,Real Oviedo,1/7/2017,-,adidas,5,359,66,Yes,1/7/2017,Not found,3,first scrap players transfer
Kevin Mirallas,https://www.transfermarkt.com/kevin-mirallas/profil/spieler/33639,Success,33639,spieler,Kevin Mirallas,05/10/1987 (38),Liège,"1,82 m",Belgium  Spain,Attack - Right Winger,right,Not found,AEL Limassol,1/9/2023,-,New Balance,11,299,43,Yes,1/9/2023,Not found,7,first scrap players transfer
Adam Mitchell,https://www.transfermarkt.com/adam-mitchell/profil/spieler/154293,Success,154293,spieler,Adam Mitchell,23/06/1983 (42),Dublin,Not found,Ireland,Defender - Centre-Back,Not found,Not found,O'Devaney Dun.,1/1/2016,-,Not found,1,8,1,No,Not found,Not found,1,first scrap players transfer
Nacho Monreal,https://www.transfermarkt.com/nacho-monreal/profil/spieler/43003,Success,43003,spieler,Nacho Monreal,26/02/1986 (39),Pamplona,"1,79 m",Spain,Defender - Left-Back,left,Not found,Real Sociedad,16/08/2022,-,Puma,18,790,139,Yes,16/08/2022,Not found,12,first scrap players transfer
Sean Morrison,https://www.transfermarkt.com/sean-morrison/profil/spieler/79723,Success,79723,spieler,Sean Morrison,08/01/1991 (34),Plymouth,"1,94 m",England  Ireland,Defender - Centre-Back,right,Not found,Rotherham,1/7/2024,-,Not found,2,326,24,Yes,1/7/2024,Not found,2,first scrap players transfer
Ján Mucha,https://www.transfermarkt.com/jn-mucha/profil/spieler/33195,Success,33195,spieler,Jan Mucha,05/12/1982 (42),Belá nad Cirochou,"1,89 m",Slovakia,Goalkeeper,right,Not found,Hamilton Acad.,1/1/2019,-,Not found,0,0,0,Yes,1/1/2019,Not found,0,first scrap players transfer
Alfred N'Diaye,https://www.transfermarkt.com/alfred-ndiaye/profil/spieler/77737,Success,77737,spieler,Alfred N'Diaye,06/03/1990 (35),Paris,"1,89 m",Senegal  France,Midfield - Defensive Midfield,right,Not found,Without Club,1/7/2024,-,Not found,3,75,14,No,Not found,Not found,3,first scrap players transfer
Steven Naismith,https://www.transfermarkt.com/steven-naismith/profil/spieler/12763,Success,12763,spieler,Steven Naismith,14/09/1986 (39),Irvine,"1,78 m",Scotland,Attack - Second Striker,right,Not found,Heart of Midl.,1/7/2021,-,adidas,12,988,166,Yes,1/7/2021,Not found,7,first scrap players transfer
Matija Nastasić,https://www.transfermarkt.com/matija-nastasi/profil/spieler/143559,Success,143559,spieler,Matija Nastasić,28/03/1993 (32),Valjevo,"1,87 m",Serbia,Defender - Centre-Back,left,Not found,Al-Ula,21/08/2025,-,Nike,22,885,169,No,Not found,15,10,first scrap players transfer
Joey O'Brien,https://www.transfermarkt.com/joey-obrien/profil/spieler/34672,Success,34672,spieler,Joey O'Brien,17/02/1986 (39),"Crumlin, Dublin","1,80 m",Ireland,Defender - Right-Back,right,Not found,Shamrock Rovers,1/1/2022,-,Not found,7,372,62,Yes,1/1/2022,Not found,6,first scrap players transfer
Oscar,https://www.transfermarkt.com/oscar/profil/spieler/85314,Success,85314,spieler,Oscar,09/09/1991 (34),Americana,"1,80 m",Brazil  Italy,Midfield - Attacking Midfield,right,Not found,São Paulo,3/1/2025,31/12/2027,adidas,10,387,70,No,Not found,8,7,first scrap players transfer
Bryan Oviedo,https://www.transfermarkt.com/bryan-oviedo/profil/spieler/124983,Success,124983,spieler,Bryan Oviedo,18/02/1990 (35),San José,"1,72 m",Costa Rica,Defender - Left-Back,left,Not found,AD San Carlos,2/9/2025,30/06/2026,Not found,16,669,123,No,Not found,3,9,first scrap players transfer
Alex Pearce,https://www.transfermarkt.com/alex-pearce/profil/spieler/47768,Success,47768,spieler,Alex Pearce,09/11/1988 (37),Oxford,"1,88 m",Ireland  Scotland,Defender - Centre-Back,right,Not found,Without Club,1/7/2025,-,Not found,2,56,11,No,Not found,Not found,1,first scrap players transfer
Mladen Petrić,https://www.transfermarkt.com/mladen-petri/profil/spieler/2874,Success,2874,spieler,Mladen Petric,01/01/1981 (44),Dubrave,N/A,Croatia  Switzerland,Attack - Centre-Forward,N/A,Not found,Panathinaikos,1/7/2016,-,Not found,19,394,87,Yes,1/7/2016,Not found,8,first scrap players transfer
Lucas Piazon,https://www.transfermarkt.com/lucas-piazon/profil/spieler/176485,Success,176485,spieler,Lucas Piazón,20/01/1994 (31),São Paulo,"1,82 m",Brazil  Italy,Midfield - Defensive Midfield,right,Not found,Wieczysta,20/08/2025,30/06/2027,Nike,7,264,37,No,Not found,12,6,first scrap players transfer
Lukas Podolski,https://www.transfermarkt.com/lukas-podolski/profil/spieler/15185,Success,15185,spieler,Lukas Podolski,04/06/1985 (40),Gliwice,"1,82 m",Germany  Poland,Attack - Centre-Forward,left,Not found,Górnik Zabrze,6/7/2021,30/06/2026,adidas,36,792,136,No,Not found,10,16,first scrap players transfer
Emanuel Pogatetz,https://www.transfermarkt.com/emanuel-pogatetz/profil/spieler/1094,Success,1094,spieler,Emanuel Pogatetz,16/01/1983 (42),Graz,"1,91 m",Austria,Defender - Centre-Back,left,Not found,LASK,1/1/2020,-,Not found,14,393,67,Yes,1/1/2020,Not found,9,first scrap players transfer
Goran Popov,https://www.transfermarkt.com/goran-popov/profil/spieler/19721,Success,19721,spieler,Goran Popov,02/10/1984 (41),Strumica,"1,88 m",North Macedonia,Defender - Left-Back,left,Not found,Vardar,1/7/2019,-,Not found,4,270,44,Yes,1/7/2019,Not found,3,first scrap players transfer
Dan Potts,https://www.transfermarkt.com/dan-potts/profil/spieler/207037,Success,207037,spieler,Dan Potts,13/04/1994 (31),London,"1,83 m",England,Defender - Centre-Back,left,Not found,Without Club,28/01/2025,-,Not found,4,403,60,No,Not found,Not found,3,first scrap players transfer
Nick Powell,https://www.transfermarkt.com/nick-powell/profil/spieler/134424,Success,134424,spieler,Nick Powell,23/03/1994 (31),Crewe,"1,83 m",England,Midfield - Attacking Midfield,both,Not found,Bradford,18/08/2025,-,Not found,4,337,71,No,Not found,22,4,first scrap players transfer
Guly do Prado,https://www.transfermarkt.com/guly-do-prado/profil/spieler/22801,Success,22801,spieler,Guly,31/12/1981 (43),Campinas,"1,89 m",Brazil  Italy,Midfield - Attacking Midfield,right,Not found,Caldense,1/1/2020,-,Nike,2,110,18,Yes,1/1/2020,Not found,2,first scrap players transfer
Gastón Ramírez,https://www.transfermarkt.com/gastn-ramrez/profil/spieler/123742,Success,123742,spieler,Gastón Ramírez,02/12/1990 (34),Fray Bentos,"1,83 m",Uruguay,Midfield - Central Midfield,left,Not found,Miramar,20/02/2025,31/12/2025,Nike,21,468,81,No,Not found,10,14,first scrap players transfer
Iván Ramis,https://www.transfermarkt.com/ivn-ramis/profil/spieler/26066,Success,26066,spieler,Iván Ramis,25/10/1984 (41),Sa Pobla,"1,89 m",Spain,Defender - Centre-Back,right,Not found,SD Eibar,20/07/2020,-,Not found,21,2896,125,Yes,20/07/2020,Not found,7,first scrap players transfer
Ben Reeves,https://www.transfermarkt.com/ben-reeves/profil/spieler/171234,Success,171234,spieler,Ben Reeves,19/11/1991 (34),Verwood,"1,71 m",Northern Ireland  England,Midfield - Attacking Midfield,left,Not found,Southampton U21,15/08/2024,30/06/2026,Not found,2,72,10,No,Not found,Not found,1,first scrap players transfer
Karim Rekik,https://www.transfermarkt.com/karim-rekik/profil/spieler/182579,Success,182579,spieler,Karim Rekik,02/12/1994 (30),Den Haag,"1,86 m",Netherlands  Tunisia,Defender - Centre-Back,left,Not found,Al-Jazira,30/07/2023,-,Not found,22,540,92,No,Not found,Not found,8,first scrap players transfer
Loïc Rémy,https://www.transfermarkt.com/loc-rmy/profil/spieler/45121,Success,45121,spieler,Loïc Rémy,02/01/1987 (38),Rillieux-la-Pape,"1,85 m",France  Martinique,Attack - Centre-Forward,right,Not found,Stade Brestois,8/10/2023,-,Not found,24,696,117,Yes,8/10/2023,Not found,8,first scrap players transfer
Frazer Richardson,https://www.transfermarkt.com/frazer-richardson/profil/spieler/4094,Success,4094,spieler,Frazer Richardson,29/10/1982 (43),Rotherham,"1,80 m",England,Defender - Right-Back,right,Not found,Doncaster,3/1/2017,-,Not found,1,77,12,Yes,3/1/2017,Not found,1,first scrap players transfer
Sascha Riether,https://www.transfermarkt.com/sascha-riether/profil/spieler/1662,Success,1662,spieler,Sascha Riether,23/03/1983 (42),Lahr,N/A,Germany,Defender - Right-Back,N/A,Not found,FC Schalke 04,1/7/2019,-,Not found,6,104,16,Yes,1/7/2019,Not found,4,first scrap players transfer
Joel Robles,https://www.transfermarkt.com/joel-robles/profil/spieler/101118,Success,101118,spieler,Joel Robles,17/06/1990 (35),Getafe,"1,94 m",Spain,Goalkeeper,right,Not found,Estoril,31/07/2024,30/06/2028,Not found,1,35,4,No,Not found,1,1,first scrap players transfer
Hal Robson-Kanu,https://www.transfermarkt.com/hal-robson-kanu/profil/spieler/65976,Success,65976,spieler,Hal Robson-Kanu,21/05/1989 (36),London,"1,83 m",Wales  England,Attack - Centre-Forward,left,Not found,West Brom,1/7/2021,-,Not found,5,151,27,Yes,1/7/2021,Not found,2,first scrap players transfer
Jay Rodriguez,https://www.transfermarkt.com/jay-rodriguez/profil/spieler/53360,Success,53360,spieler,Jay Rodríguez,29/07/1989 (36),Burnley,"1,85 m",England  Spain,Attack - Centre-Forward,right,Not found,Wrexham,31/01/2025,30/06/2026,Not found,15,1254,180,No,Not found,16,8,first scrap players transfer
Markus Rosenberg,https://www.transfermarkt.com/markus-rosenberg/profil/spieler/27505,Success,27505,spieler,Markus Rosenberg,27/09/1982 (43),Malmö,N/A,Sweden,Attack - Centre-Forward,N/A,Not found,Malmö,1/1/2020,-,Not found,4,128,18,Yes,1/1/2020,Not found,1,first scrap players transfer
Nuri Şahin,https://www.transfermarkt.com/nuri-ahin/profil/spieler/31095,Success,31095,spieler,Nuri Şahin,05/09/1988 (37),Lüdenscheid,"1,80 m",Türkiye  Germany,Midfield - Defensive Midfield,left,Not found,Antalyaspor,1/7/2022,-,Not found,27,855,149,Yes,1/7/2022,Not found,12,first scrap players transfer
Dominic Samuel,https://www.transfermarkt.com/dominic-samuel/profil/spieler/203784,Success,203784,spieler,Dominic Samuel,11/04/1994 (31),London,"1,88 m",England  Antigua and Barbuda,Attack - Centre-Forward,right,Not found,Ebbsfleet,27/10/2023,30/06/2026,Not found,2,176,29,No,Not found,14,2,first scrap players transfer
Morgan Schneiderlin,https://www.transfermarkt.com/morgan-schneiderlin/profil/spieler/56818,Success,56818,spieler,Morgan Schneiderlin,08/11/1989 (36),Strasbourg,"1,86 m",France,Midfield - Defensive Midfield,right,Not found,AE Kifisias,1/7/2024,-,adidas,16,515,57,Yes,1/7/2024,Not found,9,first scrap players transfer
Billy Sharp,https://www.transfermarkt.com/billy-sharp/profil/spieler/49542,Success,49542,spieler,Billy Sharp,05/02/1986 (39),Sheffield,"1,75 m",England,Attack - Centre-Forward,right,Not found,Doncaster,1/7/2024,30/06/2026,Not found,0,0,0,No,Not found,14,0,first scrap players transfer
Luke Shaw,https://www.transfermarkt.com/luke-shaw/profil/spieler/183288,Success,183288,spieler,Luke Shaw,12/07/1995 (30),London,"1,78 m",England,Defender - Left-Back,left,Not found,Man Utd,1/7/2014,30/06/2027,adidas,29,1679,329,No,Not found,23,12,first scrap players transfer
Brek Shea,https://www.transfermarkt.com/brek-shea/profil/spieler/71107,Success,71107,spieler,Brek Shea,28/02/1990 (35),"College Station, Texas","1,90 m",United States  Norway,Midfield - Left Midfield,left,Not found,Miami,4/5/2023,-,adidas,8,528,75,Yes,4/5/2023,Not found,6,first scrap players transfer
Itay Shechter,https://www.transfermarkt.com/itay-shechter/profil/spieler/44760,Success,44760,spieler,Itay Shechter,22/02/1987 (38),Ramat Yishai,"1,78 m",Israel  Romania,Attack - Centre-Forward,both,Not found,H. Petah Tikva,18/04/2024,-,Not found,6,211,22,Yes,18/04/2024,Not found,4,first scrap players transfer
Maicon Sisenando,https://www.transfermarkt.com/maicon-sisenando/profil/spieler/18301,Success,18301,spieler,Maicon,26/07/1981 (44),Novo Hamburgo,"1,85 m",Brazil,Defender - Right-Back,right,Not found,Tre Penne,16/07/2021,-,Nike,19,626,125,Yes,16/07/2021,Not found,8,first scrap players transfer
Moussa Sissoko,https://www.transfermarkt.com/moussa-sissoko/profil/spieler/46001,Success,46001,spieler,Moussa Sissoko,16/08/1989 (36),Le Blanc-Mesnil,"1,87 m",France  Mali,Midfield - Central Midfield,right,Not found,Watford,10/7/2024,30/06/2026,adidas,8,192,37,No,Not found,17,4,first scrap players transfer
Alex Smith,https://www.transfermarkt.com/alex-smith/profil/spieler/33754,Success,33754,spieler,Alex Smithies,05/03/1990 (35),Huddersfield,"1,89 m",England,Goalkeeper,right,Not found,Leicester,22/01/2024,-,Not found,2,91,19,Yes,22/01/2024,Not found,2,first scrap players transfer
Robert Snodgrass,https://www.transfermarkt.com/robert-snodgrass/profil/spieler/22614,Success,22614,spieler,Robert Snodgrass,07/09/1987 (38),Glasgow,"1,82 m",Scotland,Attack - Right Winger,left,Not found,Heart of Midl.,16/01/2024,-,Nike,13,667,121,Yes,16/01/2024,Not found,8,first scrap players transfer
Enda Stevens,https://www.transfermarkt.com/enda-stevens/profil/spieler/85706,Success,85706,spieler,Enda Stevens,09/07/1990 (35),Dublin,"1,83 m",Ireland,Defender - Left-Back,left,Not found,Without Club,1/7/2025,-,Not found,10,434,87,No,Not found,Not found,6,first scrap players transfer
Ki Sung-yueng,https://www.transfermarkt.com/ki-sung-yueng/profil/spieler/81796,Success,81796,spieler,Sung-yueng Ki,24/01/1989 (36),Gwangju,"1,88 m","Korea, South",Midfield - Defensive Midfield,right,Not found,Pohang Steelers,3/7/2025,-,Nike,18,1049,133,No,Not found,40,10,first scrap players transfer
Suso,https://www.transfermarkt.com/suso/profil/spieler/111961,Success,111961,spieler,Suso,19/11/1993 (32),Cádiz,"1,77 m",Spain,Attack - Right Winger,left,Not found,Cádiz CF,1/7/2025,30/06/2029,Not found,14,421,82,No,Not found,11,10,first scrap players transfer
Yacouba Sylla,https://www.transfermarkt.com/yacouba-sylla/profil/spieler/160080,Success,160080,spieler,Yacouba Sylla,29/11/1990 (34),Étampes,"1,84 m",Mali  France,Midfield - Defensive Midfield,right,Not found,Without Club,1/7/2025,-,Not found,2,81,12,No,Not found,Not found,2,first scrap players transfer
Jay Tabb,https://www.transfermarkt.com/jay-tabb/profil/spieler/42284,Success,42284,spieler,Jay Tabb,21/02/1984 (41),Tooting,"1,70 m",Ireland  England,Midfield - Left Midfield,left,Not found,Ipswich,1/7/2016,-,Not found,0,0,0,Yes,1/7/2016,Not found,0,first scrap players transfer
James Tavernier,https://www.transfermarkt.com/james-tavernier/profil/spieler/62094,Success,62094,spieler,James Tavernier,31/10/1991 (34),Bradford,"1,82 m",England,Defender - Right-Back,right,Not found,Rangers,20/07/2015,31/05/2026,Castore,3,57,12,No,Not found,2,3,first scrap players transfer
Stuart Taylor,https://www.transfermarkt.com/stuart-taylor/profil/spieler/3190,Success,3190,spieler,Stuart Taylor,28/11/1980 (44),Romford,"1,98 m",England,Goalkeeper,right,Not found,Southampton,1/7/2018,-,Not found,2,167,31,Yes,1/7/2018,Not found,2,first scrap players transfer
Alexander Tettey,https://www.transfermarkt.com/alexander-tettey/profil/spieler/12384,Success,12384,spieler,Alexander Tettey,04/04/1986 (39),Accra,"1,81 m",Norway,Midfield - Defensive Midfield,right,Not found,Rosenborg,1/1/2022,-,Not found,10,467,71,Yes,1/1/2022,Not found,6,first scrap players transfer
Dwight Tiendalli,https://www.transfermarkt.com/dwight-tiendalli/profil/spieler/29356,Success,29356,spieler,Dwight Tiendalli,21/10/1985 (40),Paramaribo,"1,76 m",Netherlands  Suriname,Defender - Right-Back,right,Not found,AFC Zat.,1/7/2024,-,Not found,2,70,25,Yes,1/7/2024,Not found,2,first scrap players transfer
Andros Townsend,https://www.transfermarkt.com/andros-townsend/profil/spieler/61842,Success,61842,spieler,Andros Townsend,16/07/1991 (34),London,"1,81 m",England,Attack - Right Winger,left,Not found,Kanchanaburi FC,3/8/2025,30/06/2026,adidas,7,594,82,No,Not found,30,5,first scrap players transfer
Ricardo Vaz Tê,https://www.transfermarkt.com/ricardo-vaz-t/profil/spieler/9413,Success,9413,spieler,Ricardo Vaz Tê,01/10/1986 (39),Lisboa,"1,88 m",Portugal  Guinea-Bissau,Attack - Right Winger,right,Not found,Portimonense,1/7/2021,-,Not found,9,619,114,Yes,1/7/2021,Not found,6,first scrap players transfer
Jan Vertonghen,https://www.transfermarkt.com/jan-vertonghen/profil/spieler/43250,Success,43250,spieler,Jan Vertonghen,24/04/1987 (38),Sint-Niklaas,"1,89 m",Belgium,Defender - Centre-Back,left,Not found,RSC Anderlecht,1/7/2025,-,Nike,28,849,154,Yes,1/7/2025,Not found,12,first scrap players transfer
Ron Vlaar,https://www.transfermarkt.com/ron-vlaar/profil/spieler/30697,Success,30697,spieler,Ron Vlaar,16/02/1985 (40),Hensbroek,"1,89 m",Netherlands,Defender - Centre-Back,right,Not found,AZ Alkmaar,10/2/2021,-,Not found,24,1336,167,Yes,10/2/2021,Not found,10,first scrap players transfer
James Ward-Prowse,https://www.transfermarkt.com/james-ward-prowse/profil/spieler/181579,Success,181579,spieler,James Ward-Prowse,01/11/1994 (31),Portsmouth,"1,77 m",England,Midfield - Central Midfield,right,Not found,West Ham,14/08/2023,30/06/2027,Not found,4,99,31,No,Not found,8,4,first scrap players transfer
Ashley Westwood,https://www.transfermarkt.com/ashley-westwood/profil/spieler/91317,Success,91317,spieler,Ashley Westwood,01/04/1990 (35),Nantwich,"1,74 m",England,Midfield - Defensive Midfield,right,Not found,Charlotte,31/01/2023,31/12/2026,Not found,9,398,58,No,Not found,8,7,first scrap players transfer
Steven Whittaker,https://www.transfermarkt.com/steven-whittaker/profil/spieler/12704,Success,12704,spieler,Steven Whittaker,16/06/1984 (41),Edinburgh,"1,85 m",Scotland,Defender - Right-Back,right,Not found,Dunfermline A.,1/7/2021,-,Not found,6,318,52,Yes,1/7/2021,Not found,5,first scrap players transfer
Derrick Williams,https://www.transfermarkt.com/derrick-williams/profil/spieler/128287,Success,128287,spieler,Derrick Williams,17/01/1993 (32),Hamburg,"1,80 m",Ireland  United States,Defender - Centre-Back,left,Not found,Reading,15/08/2025,30/06/2027,Not found,10,742,93,No,Not found,33,5,first scrap players transfer
Andre Wisdom,https://www.transfermarkt.com/andre-wisdom/profil/spieler/128912,Success,128912,spieler,Andre Wisdom,09/05/1993 (32),Leeds,"1,86 m",England  Jamaica,Defender - Right-Back,right,Not found,FC United,11/7/2025,-,Umbro,4,133,22,No,Not found,Not found,3,first scrap players transfer
Claudio Yacob,https://www.transfermarkt.com/claudio-yacob/profil/spieler/45330,Success,45330,spieler,Claudio Yacob,18/07/1987 (38),Carcarañá,"1,82 m",Argentina  Italy,Midfield - Defensive Midfield,right,Not found,Universitario,1/1/2023,-,Under Armour,4,84,19,Yes,1/1/2023,Not found,4,first scrap players transfer
Mapou Yanga-Mbiwa,https://www.transfermarkt.com/mapou-yanga-mbiwa/profil/spieler/57480,Success,57480,spieler,Mapou Yanga-Mbiwa,15/05/1989 (36),Bangui,"1,84 m",France  Central African Republic,Defender - Centre-Back,right,Not found,Istres FC,30/01/2025,-,Not found,3,57,13,No,Not found,15,2,first scrap players transfer
Maya Yoshida,https://www.transfermarkt.com/maya-yoshida/profil/spieler/81789,Success,81789,spieler,Maya Yoshida,24/08/1988 (37),"Nagasaki, Nagasaki","1,89 m",Japan,Defender - Centre-Back,right,Not found,LA Galaxy,2/8/2023,31/12/2026,Mizuno,13,545,93,No,Not found,4,9,first scrap players transfer
Adrián,https://www.transfermarkt.com/adrin/profil/spieler/34495,Success,34495,spieler,Adriano,26/10/1984 (41),Curitiba,"1,72 m",Brazil  Spain,Defender - Left-Back,both,Not found,KAS Eupen,1/7/2022,-,Not found,25,456,59,Yes,1/7/2022,Not found,10,first scrap players transfer
Chuba Akpom,https://www.transfermarkt.com/chuba-akpom/profil/spieler/197642,Success,197642,spieler,Chuba Akpom,09/10/1995 (30),London,"1,83 m",England  Nigeria,Attack - Centre-Forward,right,Not found,Ipswich,10/8/2025,30/06/2026,Nike,6,176,35,No,Not found,29,5,first scrap players transfer
Luis Alberto,https://www.transfermarkt.com/luis-alberto/profil/spieler/44352,Success,44352,spieler,Luis Suárez,24/01/1987 (38),Salto,"1,82 m",Uruguay,Attack - Centre-Forward,right,Not found,Miami,1/1/2024,31/12/2025,Puma,24,440,62,No,Not found,9,11,first scrap players transfer
Jozy Altidore,https://www.transfermarkt.com/jozy-altidore/profil/spieler/39378,Success,39378,spieler,Jozy Altidore,06/11/1989 (36),"Livingston, New Jersey","1,85 m",United States  Haiti,Attack - Centre-Forward,right,Not found,Without Club,1/1/2025,-,Not found,19,585,83,No,Not found,Not found,9,first scrap players transfer
Morgan Amalfitano,https://www.transfermarkt.com/morgan-amalfitano/profil/spieler/39883,Success,39883,spieler,Morgan Amalfitano,20/03/1985 (40),Nice,"1,78 m",France  Italy,Midfield - Right Midfield,right,Not found,Stade Rennais,2/8/2018,-,Not found,4,131,17,Yes,2/8/2018,Not found,3,first scrap players transfer
Jordi Amat,https://www.transfermarkt.com/jordi-amat/profil/spieler/85289,Success,85289,spieler,Jordi Amat,21/03/1992 (33),Barcelona,"1,85 m",Indonesia  Spain,Defender - Centre-Back,right,Not found,Persija,5/7/2025,31/05/2027,Not found,8,299,35,No,Not found,21,4,first scrap players transfer
Fernando Amorebieta,https://www.transfermarkt.com/fernando-amorebieta/profil/spieler/35548,Success,35548,spieler,Fernando Amorebieta,29/03/1985 (40),Cantaura,"1,91 m",Venezuela  Spain,Defender - Centre-Back,left,Not found,Iurretako,1/7/2022,-,Not found,14,356,90,Yes,1/7/2022,Not found,7,first scrap players transfer
Pablo Armero,https://www.transfermarkt.com/pablo-armero/profil/spieler/73786,Success,73786,spieler,Pablo Armero,02/11/1986 (39),Tumaco,"1,74 m",Colombia,Midfield - Left Midfield,left,Not found,Guarani,1/12/2019,-,Not found,2,37,8,Yes,1/12/2019,Not found,2,first scrap players transfer
Adam Armstrong,https://www.transfermarkt.com/adam-armstrong/profil/spieler/250426,Success,250426,spieler,Adam Armstrong,10/02/1997 (28),West Denton,"1,73 m",England,Attack - Centre-Forward,right,Not found,Southampton,10/8/2021,30/06/2027,Not found,2,28,5,No,Not found,9,2,first scrap players transfer
Marko Arnautović,https://www.transfermarkt.com/marko-arnautovi/profil/spieler/41384,Success,41384,spieler,Marko Arnautovic,19/04/1989 (36),Wien,"1,92 m",Austria  Serbia,Attack - Centre-Forward,both,Not found,Red Star,21/07/2025,30/06/2027,Puma,40,621,98,No,Not found,89,12,first scrap players transfer
Iago Aspas,https://www.transfermarkt.com/iago-aspas/profil/spieler/72047,Success,72047,spieler,Iago Aspas,01/08/1987 (38),Moaña,"1,76 m",Spain,Attack - Centre-Forward,left,Not found,Celta de Vigo,7/7/2015,30/06/2026,Not found,9,267,43,No,Not found,10,8,first scrap players transfer
El-Hadji Ba,https://www.transfermarkt.com/el-hadji-ba/profil/spieler/169090,Success,169090,spieler,El-Hadji Ba,05/03/1993 (32),Paris,"1,83 m",Mauritania  France,Midfield - Central Midfield,right,Not found,Without Club,13/07/2023,-,Not found,1,164,15,No,Not found,Not found,1,first scrap players transfer
Leandro Bacuna,https://www.transfermarkt.com/leandro-bacuna/profil/spieler/126014,Success,126014,spieler,Leandro Bacuna,21/08/1991 (34),Groningen,"1,80 m",Curacao  Netherlands,Midfield - Central Midfield,right,Not found,Bandirmaspor,4/7/2025,30/06/2027,Not found,3,177,30,No,Not found,7,1,first scrap players transfer
Nabil Bentaleb,https://www.transfermarkt.com/nabil-bentaleb/profil/spieler/245537,Success,245537,spieler,Nabil Bentaleb,24/11/1994 (31),Lille,"1,87 m",Algeria  France,Midfield - Defensive Midfield,left,Not found,Lille,28/08/2023,30/06/2026,Not found,17,761,139,No,Not found,6,8,first scrap players transfer
Saido Berahino,https://www.transfermarkt.com/saido-berahino/profil/spieler/128897,Success,128897,spieler,Saido Berahino,04/08/1993 (32),Bujumbura,"1,80 m",Burundi  England,Attack - Centre-Forward,right,Not found,Without Club,1/7/2025,-,Nike,3,151,28,No,Not found,Not found,3,first scrap players transfer
Thievy Bifouma,https://www.transfermarkt.com/thievy-bifouma/profil/spieler/181477,Success,181477,spieler,Thievy Bifouma,13/05/1992 (33),Saint Denis,"1,80 m",Congo  France,Attack - Left Winger,right,Not found,Persepolis FC,1/7/2025,30/06/2027,Not found,11,157,25,No,Not found,23,6,first scrap players transfer
Kim Bo-kyung,https://www.transfermarkt.com/kim-bo-kyung/profil/spieler/128375,Success,128375,spieler,Bo-kyung Kim,06/10/1989 (36),"Gurye, Jeollanam","1,78 m","Korea, South",Midfield - Attacking Midfield,left,Not found,FC Anyang,23/01/2025,-,Not found,5,123,20,No,Not found,24,5,first scrap players transfer
Derek Boateng,https://www.transfermarkt.com/derek-boateng/profil/spieler/18091,Success,18091,spieler,Derek Boateng,02/05/1983 (42),Accra,N/A,Ghana,Midfield - Defensive Midfield,N/A,Not found,OFI Crete FC,1/7/2017,-,Not found,3,48,5,Yes,1/7/2017,Not found,2,first scrap players transfer
Yannick Bolasie,https://www.transfermarkt.com/yannick-bolasie/profil/spieler/75471,Success,75471,spieler,Yannick Bolasie,24/05/1989 (36),Lyon,"1,85 m",DR Congo  England,Attack - Centre-Forward,right,Not found,Cruzeiro,1/1/2025,31/12/2025,Not found,7,491,95,No,Not found,11,6,first scrap players transfer
Wilfried Bony,https://www.transfermarkt.com/wilfried-bony/profil/spieler/81808,Success,81808,spieler,Wilfried Bony,10/12/1988 (36),Bingerville,"1,83 m",Cote d'Ivoire  England,Attack - Centre-Forward,right,Not found,Always Ready,1/7/2023,-,Not found,11,566,76,Yes,1/7/2023,Not found,7,first scrap players transfer
Marco Borriello,https://www.transfermarkt.com/marco-borriello/profil/spieler/5825,Success,5825,spieler,Marco Borriello,18/06/1982 (43),Napoli,"1,86 m",Italy,Attack - Centre-Forward,left,Not found,UD Ibiza,30/01/2019,-,Nike,14,361,54,Yes,30/01/2019,Not found,7,first scrap players transfer
George Boyd,https://www.transfermarkt.com/george-boyd/profil/spieler/45623,Success,45623,spieler,George Boyd,02/10/1985 (40),Chatham,"1,86 m",Scotland  England,Attack - Left Winger,left,Not found,Wythenshawe,18/12/2023,-,Not found,0,0,0,No,Not found,Not found,0,first scrap players transfer
Robbie Brady,https://www.transfermarkt.com/robbie-brady/profil/spieler/128229,Success,128229,spieler,Robbie Brady,14/01/1992 (33),Dublin,"1,76 m",Ireland,Midfield - Left Midfield,left,Not found,Preston,4/7/2022,30/06/2026,Not found,22,749,122,No,Not found,11,9,first scrap players transfer
Liam Bridcutt,https://www.transfermarkt.com/liam-bridcutt/profil/spieler/40612,Success,40612,spieler,Liam Bridcutt,08/05/1989 (36),Reading,"1,75 m",Scotland  England,Midfield - Defensive Midfield,right,Not found,Blackpool,1/7/2023,-,Not found,2,85,17,Yes,1/7/2023,Not found,1,first scrap players transfer
Alex Bruce,https://www.transfermarkt.com/alex-bruce/profil/spieler/37957,Success,37957,spieler,Alex Bruce,28/09/1984 (41),Norwich,"1,80 m",Northern Ireland  Ireland,Defender - Centre-Back,right,Not found,Macclesfield,3/2/2022,-,Not found,2,223,32,Yes,3/2/2022,Not found,2,first scrap players transfer
Dan Burn,https://www.transfermarkt.com/dan-burn/profil/spieler/134270,Success,134270,spieler,Dan Burn,09/05/1992 (33),Blyth,"2,01 m",England,Defender - Centre-Back,left,Not found,Newcastle,31/01/2022,30/06/2027,Not found,7,240,47,No,Not found,33,5,first scrap players transfer
Jack Butland,https://www.transfermarkt.com/jack-butland/profil/spieler/128899,Success,128899,spieler,Jack Butland,10/03/1993 (32),Bristol,"1,96 m",England,Goalkeeper,right,Not found,Rangers,1/7/2023,31/05/2027,Nike,5,566,88,No,Not found,1,5,first scrap players transfer
Cabral,https://www.transfermarkt.com/cabral/profil/spieler/231572,Success,231572,spieler,Nélson Semedo,16/11/1993 (32),Lisboa,"1,77 m",Portugal  Cape Verde,Defender - Right-Back,right,Not found,Fenerbahçe,30/07/2025,30/06/2027,Nike,9,320,56,No,Not found,27,7,first scrap players transfer
Cala,https://www.transfermarkt.com/cala/profil/spieler/237686,Success,237686,spieler,Zózimo,19/06/1932,Salvador,"1,76 m",Brazil,Defender - Centre-Back,Not found,Not found,Not found,Not found,Not found,Not found,0,0,0,No,Not found,Not found,0,first scrap players transfer
José Campaña,https://www.transfermarkt.com/jos-campaa/profil/spieler/120095,Success,120095,spieler,José Campaña,31/05/1993 (32),Sevilla,"1,79 m",Spain,Midfield - Central Midfield,right,Not found,Without Club,1/7/2025,-,Nike,11,697,96,No,Not found,Not found,6,first scrap players transfer
José Cañas,https://www.transfermarkt.com/jos-caas/profil/spieler/7657,Success,7657,spieler,Juanjo Cañas,17/04/1972 (53),Rota,"1,79 m",Spain,Midfield - Defensive Midfield,right,Not found,CD Alcalá,1/1/2009,-,Not found,0,0,0,Yes,1/1/2009,Not found,0,first scrap players transfer
Étienne Capoue,https://www.transfermarkt.com/tienne-capoue/profil/spieler/63494,Success,63494,spieler,Étienne Capoue,11/07/1988 (37),Niort,"1,89 m",France  Guadeloupe,Midfield - Defensive Midfield,right,Not found,Villarreal,1/7/2024,-,Not found,8,309,57,Yes,1/7/2024,Not found,5,first scrap players transfer
João Carlos Teixeira,https://www.transfermarkt.com/joo-carlos-teixeira/profil/spieler/132214,Success,132214,spieler,João Carlos Teixeira,18/01/1993 (32),Braga,"1,75 m",Portugal,Midfield - Attacking Midfield,right,Not found,SH Shenhua,4/4/2023,31/12/2025,adidas,14,389,54,No,Not found,10,7,first scrap players transfer
Ondřej Čelůstka,https://www.transfermarkt.com/ondej-elstka/profil/spieler/70131,Success,70131,spieler,Ondrej Celustka,18/06/1989 (36),Zlín,"1,87 m",Czech Republic,Defender - Centre-Back,right,Not found,Bodrum FK,1/7/2025,-,Not found,20,798,118,Yes,1/7/2025,Not found,9,first scrap players transfer
Nacer Chadli,https://www.transfermarkt.com/nacer-chadli/profil/spieler/59631,Success,59631,spieler,Nacer Chadli,02/08/1989 (36),Liège,"1,87 m",Belgium  Morocco,Attack - Left Winger,right,Not found,SL16 FC,1/9/2025,-,adidas,28,941,170,Yes,1/9/2025,Not found,11,first scrap players transfer
Calum Chambers,https://www.transfermarkt.com/calum-chambers/profil/spieler/215118,Success,215118,spieler,Calum Chambers,20/01/1995 (30),Petersfield,"1,82 m",England,Defender - Centre-Back,right,Not found,Cardiff,14/07/2024,30/06/2027,Nike,6,462,67,No,Not found,12,4,first scrap players transfer
James Chester,https://www.transfermarkt.com/james-chester/profil/spieler/73482,Success,73482,spieler,James Chester,23/01/1989 (36),Warrington,"1,77 m",Wales  England,Defender - Centre-Back,right,Not found,Salford,13/02/2025,-,Not found,13,628,110,Yes,13/02/2025,Not found,6,first scrap players transfer
Vlad Chiricheș,https://www.transfermarkt.com/vlad-chiriche/profil/spieler/123261,Success,123261,spieler,Vlad Chiricheș,14/11/1989 (36),Bacău,"1,84 m",Romania,Midfield - Defensive Midfield,right,Not found,FCSB,25/07/2023,30/06/2026,Nike,29,1145,208,No,Not found,21,12,first scrap players transfer
Aly Cissokho,https://www.transfermarkt.com/aly-cissokho/profil/spieler/57515,Success,57515,spieler,Aly Cissokho,15/09/1987 (38),Blois,"1,87 m",France  Senegal,Defender - Centre-Back,left,Not found,Lamphun Warrior,4/7/2025,30/06/2026,Nike,5,352,37,No,Not found,22,5,first scrap players transfer
Larnell Cole,https://www.transfermarkt.com/larnell-cole/profil/spieler/141650,Success,141650,spieler,Larnell Cole,09/03/1993 (32),Manchester,"1,68 m",England,Midfield - Right Midfield,right,Not found,Unknown,1/4/2023,-,Not found,1,16,3,No,Not found,Not found,1,first scrap players transfer
Andreas Cornelius,https://www.transfermarkt.com/andreas-cornelius/profil/spieler/203412,Success,203412,spieler,Andreas Cornelius,16/03/1993 (32),Copenhagen,"1,93 m",Denmark,Attack - Centre-Forward,left,Not found,Copenhagen,31/08/2022,30/06/2027,Nike,26,888,152,No,Not found,14,12,first scrap players transfer
Don Cowie,https://www.transfermarkt.com/don-cowie/profil/spieler/14746,Success,14746,spieler,Don Cowie,15/02/1983 (42),Inverness,"1,76 m",Scotland,Midfield - Right Midfield,right,Not found,Ross County,1/7/2020,-,Not found,7,338,42,Yes,1/7/2020,Not found,4,first scrap players transfer
Luke Daniels,https://www.transfermarkt.com/luke-daniels/profil/spieler/45921,Success,45921,spieler,Luke Daniels,05/01/1988 (37),Bolton,"1,95 m",England,Goalkeeper,right,Not found,Forest Green,1/7/2024,-,Not found,2,241,46,Yes,1/7/2024,Not found,1,first scrap players transfer
Chris David,https://www.transfermarkt.com/chris-david/profil/spieler/187285,Success,187285,spieler,Chris David,06/03/1993 (32),Amsterdam,"1,72 m",Netherlands  Türkiye,Midfield - Attacking Midfield,left,Not found,Degirmenlik SK,28/07/2025,30/05/2028,Not found,3,794,90,No,Not found,10,3,first scrap players transfer
Kevin De Bruyne,https://www.transfermarkt.com/kevin-de-bruyne/profil/spieler/88755,Success,88755,spieler,Kevin De Bruyne,28/06/1991 (34),Drongen,"1,81 m",Belgium,Midfield - Attacking Midfield,right,Not found,Napoli,1/7/2025,30/06/2027,Nike,28,847,191,No,Not found,11,12,first scrap players transfer
Damien Delaney,https://www.transfermarkt.com/damien-delaney/profil/spieler/36861,Success,36861,spieler,Damien Delaney,20/07/1981 (44),Cork,"1,90 m",Ireland,Defender - Centre-Back,left,Not found,Waterford FC,4/7/2019,-,Not found,1,25,4,Yes,4/7/2019,Not found,1,first scrap players transfer
Moussa Dembélé,https://www.transfermarkt.com/moussa-dembl/profil/spieler/229004,Success,229004,spieler,Moussa Dembélé,12/07/1996 (29),Pontoise,"1,87 m",France  Mali,Attack - Centre-Forward,right,Not found,Al-Ettifaq,26/07/2023,30/06/2027,adidas,15,625,80,No,Not found,9,8,first scrap players transfer
Martín Demichelis,https://www.transfermarkt.com/martn-demichelis/profil/spieler/2963,Success,2963,spieler,Martín Demichelis,20/12/1980 (44),Justiniano Posse,"1,84 m",Argentina  Italy,Defender - Centre-Back,right,Not found,Málaga CF,1/7/2017,-,Not found,7,175,42,Yes,1/7/2017,Not found,5,first scrap players transfer
Gerard Deulofeu,https://www.transfermarkt.com/gerard-deulofeu/profil/spieler/129476,Success,129476,spieler,Gerard Deulofeu,13/03/1994 (31),Riudarenes,"1,77 m",Spain,Attack - Centre-Forward,right,Not found,Without Club,16/01/2025,-,Nike,15,1681,162,No,Not found,Not found,7,first scrap players transfer
Modibo Diakité,https://www.transfermarkt.com/modibo-diakit/profil/spieler/41749,Success,41749,spieler,Modibo Diakité,02/03/1987 (38),Bourg-La-Reine,"1,92 m",France  Mali,Defender - Centre-Back,right,Not found,Without Club,1/7/2025,-,Not found,11,680,100,No,Not found,Not found,7,first scrap players transfer
Andrea Dossena,https://www.transfermarkt.com/andrea-dossena/profil/spieler/21863,Success,21863,spieler,Andrea Dossena,11/09/1981 (44),Lodi,"1,80 m",Italy,Midfield - Left Midfield,left,Not found,Piacenza,13/06/2017,-,Not found,4,53,8,Yes,13/06/2017,Not found,3,first scrap players transfer
Paul Dummett,https://www.transfermarkt.com/paul-dummett/profil/spieler/170321,Success,170321,spieler,Paul Dummett,26/09/1991 (34),Newcastle upon Tyne,"1,83 m",Wales  England,Defender - Left-Back,left,Not found,Without Club,1/7/2025,-,Nike,16,1021,140,No,Not found,Not found,8,first scrap players transfer
Marvin Emnes,https://www.transfermarkt.com/marvin-emnes/profil/spieler/37787,Success,37787,spieler,Marvin Emnes,27/05/1988 (37),Rotterdam,"1,80 m",Netherlands  Suriname,Attack - Centre-Forward,both,Not found,Ravenna,1/7/2021,-,Nike,9,196,29,Yes,1/7/2021,Not found,3,first scrap players transfer
Christian Eriksen,https://www.transfermarkt.com/christian-eriksen/profil/spieler/69633,Success,69633,spieler,Christian Eriksen,14/02/1992 (33),Middelfart,"1,82 m",Denmark,Midfield - Attacking Midfield,right,Not found,Wolfsburg,10/9/2025,30/06/2027,Nike,10,464,79,No,Not found,24,10,first scrap players transfer
Samuel Eto'o,https://www.transfermarkt.com/samuel-etoo/profil/spieler/4257,Success,4257,spieler,Samuel Eto'o,10/03/1981 (44),Douala,"1,80 m",Cameroon  Spain,Attack - Centre-Forward,both,Not found,Qatar SC,6/9/2019,-,Puma,6,109,18,Yes,6/9/2019,Not found,4,first scrap players transfer
Leroy Fer,https://www.transfermarkt.com/leroy-fer/profil/spieler/63342,Success,63342,spieler,Leroy Fer,05/01/1990 (35),Zoetermeer,"1,88 m",Netherlands  Curacao,Midfield - Defensive Midfield,right,Not found,Gulf United FC,14/09/2025,-,Nike,13,627,122,No,Not found,8,9,first scrap players transfer
Fernandinho,https://www.transfermarkt.com/fernandinho/profil/spieler/26267,Success,26267,spieler,Fernandinho,04/05/1985 (40),Londrina,"1,79 m",Brazil,Midfield - Defensive Midfield,right,Not found,Athletico-PR,20/11/2025,-,Puma,19,532,98,Yes,20/11/2025,Not found,10,first scrap players transfer
Mathieu Flamini,https://www.transfermarkt.com/mathieu-flamini/profil/spieler/17396,Success,17396,spieler,Mathieu Flamini,07/03/1984 (41),Marseille,"1,78 m",France,Midfield - Defensive Midfield,right,Not found,Getafe,1/7/2019,-,Puma,15,506,96,Yes,1/7/2019,Not found,9,first scrap players transfer
Matty Fryatt,https://www.transfermarkt.com/matty-fryatt/profil/spieler/14013,Success,14013,spieler,Matty Fryatt,05/03/1986 (39),Nuneaton,"1,78 m",England,Attack - Centre-Forward,right,Not found,Nott'm Forest,8/2/2018,-,Not found,2,1016,145,Yes,8/2/2018,Not found,2,first scrap players transfer
Jay Fulton,https://www.transfermarkt.com/jay-fulton/profil/spieler/171260,Success,171260,spieler,Jay Fulton,01/04/1994 (31),Bolton,"1,85 m",Scotland  England,Midfield - Central Midfield,right,Not found,Swansea,31/01/2014,30/06/2026,adidas,2,69,17,No,Not found,4,2,first scrap players transfer
Sam Gallagher,https://www.transfermarkt.com/sam-gallagher/profil/spieler/227183,Success,227183,spieler,Sam Gallagher,15/09/1995 (30),Crediton,"1,93 m",England  Scotland,Attack - Centre-Forward,right,Not found,Stoke City,31/07/2024,30/06/2027,Not found,4,300,61,No,Not found,20,3,first scrap players transfer
Luke Garbutt,https://www.transfermarkt.com/luke-garbutt/profil/spieler/110860,Success,110860,spieler,Luke Garbutt,21/05/1993 (32),Harrogate,"1,80 m",England,Defender - Left-Back,left,Not found,Salford,1/7/2023,30/06/2026,adidas,1,45,8,No,Not found,29,1,first scrap players transfer
Owen Garvan,https://www.transfermarkt.com/owen-garvan/profil/spieler/33249,Success,33249,spieler,Owen Garvan,29/01/1988 (37),Dublin,"1,83 m",Ireland,Midfield - Central Midfield,left,Not found,St. Pat's,5/6/2018,-,Not found,0,0,0,Yes,5/6/2018,Not found,0,first scrap players transfer
Dwight Gayle,https://www.transfermarkt.com/dwight-gayle/profil/spieler/196522,Success,196522,spieler,Dwight Gayle,17/10/1989 (36),London,"1,74 m",England  Jamaica,Attack - Centre-Forward,right,Not found,Hibernian FC,1/7/2025,-,Not found,10,436,54,Yes,1/7/2025,Not found,6,first scrap players transfer
Mohamed Gedo,https://www.transfermarkt.com/mohamed-gedo/profil/spieler/104941,Success,104941,spieler,Gedo,30/10/1984 (41),Damanhour,"1,84 m",Egypt,Attack - Centre-Forward,right,Not found,El Gouna,10/1/2021,-,Not found,5,394,41,Yes,10/1/2021,Not found,4,first scrap players transfer
Rudy Gestede,https://www.transfermarkt.com/rudy-gestede/profil/spieler/39908,Success,39908,spieler,Rudy Gestede,10/10/1988 (37),Essey-lès-Nancy,"1,93 m",Benin  France,Attack - Centre-Forward,right,Not found,Esteghlal FC,1/7/2022,-,Nike,0,0,0,Yes,1/7/2022,Not found,0,first scrap players transfer
Emanuele Giaccherini,https://www.transfermarkt.com/emanuele-giaccherini/profil/spieler/84835,Success,84835,spieler,Emanuele Giaccherini,05/05/1985 (40),Bibbiena,"1,67 m",Italy,Midfield - Left Midfield,right,Not found,Chievo Verona,1/7/2021,-,adidas,13,572,84,Yes,1/7/2021,Not found,8,first scrap players transfer
Marco van Ginkel,https://www.transfermarkt.com/marco-van-ginkel/profil/spieler/147034,Success,147034,spieler,Marco van Ginkel,01/12/1992 (32),Amersfoort,"1,86 m",Netherlands,Midfield - Central Midfield,right,Not found,Without Club,1/7/2025,-,Not found,14,1485,213,No,Not found,Not found,9,first scrap players transfer
Jack Grealish,https://www.transfermarkt.com/jack-grealish/profil/spieler/203460,Success,203460,spieler,Jack Grealish,10/09/1995 (30),Birmingham,"1,80 m",England  Ireland,Attack - Left Winger,right,Not found,Everton,12/8/2025,30/06/2026,Puma,13,454,95,No,Not found,18,7,first scrap players transfer
John Guidetti,https://www.transfermarkt.com/john-guidetti/profil/spieler/98596,Success,98596,spieler,John Guidetti,15/04/1992 (33),Stockholm,"1,85 m",Sweden,Attack - Centre-Forward,right,Not found,AIK,15/07/2022,31/12/2025,Nike,9,509,90,No,Not found,11,5,first scrap players transfer
Aron Gunnarsson,https://www.transfermarkt.com/aron-gunnarsson/profil/spieler/63821,Success,63821,spieler,Aron Gunnarsson,22/04/1989 (36),Akureyri,"1,77 m",Iceland,Midfield - Defensive Midfield,right,Not found,Al-Gharafa,29/09/2024,30/06/2026,Not found,8,352,61,No,Not found,24,4,first scrap players transfer
Rhys Healey,https://www.transfermarkt.com/rhys-healey/profil/spieler/238185,Success,238185,spieler,Rhys Healey,06/12/1994 (30),Manchester,"1,80 m",England,Attack - Centre-Forward,right,Not found,Barrow,15/08/2025,31/01/2026,Not found,12,1264,170,No,Not found,9,8,first scrap players transfer
Nicklas Helenius,https://www.transfermarkt.com/nicklas-helenius/profil/spieler/102132,Success,102132,spieler,Nicklas Helenius,08/05/1991 (34),Svenstrup,"1,96 m",Denmark,Attack - Centre-Forward,right,Not found,Aalborg BK,17/01/2023,30/06/2026,Not found,5,231,29,No,Not found,9,4,first scrap players transfer
Gary Hooper,https://www.transfermarkt.com/gary-hooper/profil/spieler/42513,Success,42513,spieler,Gary Hooper,26/01/1988 (37),Loughton,"1,77 m",England,Attack - Centre-Forward,right,Not found,Maldon/Tiptree,13/02/2025,30/06/2025,Not found,5,183,32,No,Not found,Not found,4,first scrap players transfer
Mark Hudson,https://www.transfermarkt.com/mark-hudson/profil/spieler/3640,Success,3640,spieler,Mark Hudson,30/03/1982 (43),Guildford,"1,87 m",England,Defender - Centre-Back,right,Not found,Huddersfield,8/8/2017,-,Not found,3,152,22,Yes,8/8/2017,Not found,2,first scrap players transfer
Tom Ince,https://www.transfermarkt.com/tom-ince/profil/spieler/157368,Success,157368,spieler,Tom Ince,30/01/1992 (33),Stockport,"1,78 m",England  Barbados,Attack - Right Winger,left,Not found,Watford,1/7/2023,30/06/2026,Not found,1,17,2,No,Not found,7,1,first scrap players transfer
Jo Inge Berget,https://www.transfermarkt.com/jo-inge-berget/profil/spieler/73323,Success,73323,spieler,Jo Inge Berget,11/09/1990 (35),Gran,"1,86 m",Norway,Midfield - Attacking Midfield,right,Not found,Sarpsborg 08,31/08/2023,31/12/2026,Not found,6,185,27,No,Not found,14,5,first scrap players transfer
Eldin Jakupović,https://www.transfermarkt.com/eldin-jakupovi/profil/spieler/2857,Success,2857,spieler,Eldin Jakupović,02/10/1984 (41),Kozarac,"1,91 m",Switzerland  Bosnia-Herzegovina,Goalkeeper,right,Not found,Chattanooga FC,14/11/2024,31/12/2026,Not found,1,26,5,No,Not found,1,1,first scrap players transfer
Tom James,https://www.transfermarkt.com/tom-james/profil/spieler/325105,Success,325105,spieler,Tom James,15/04/1996 (29),Cardiff,"1,80 m",Wales,Defender - Right-Back,right,Not found,Leyton Orient,19/07/2021,30/06/2026,Not found,1,38,6,No,Not found,2,1,first scrap players transfer
Adnan Januzaj,https://www.transfermarkt.com/adnan-januzaj/profil/spieler/177847,Success,177847,spieler,Adnan Januzaj,05/02/1995 (30),Brussel,"1,86 m",Belgium  Kosovo,Attack - Right Winger,left,Not found,Sevilla FC,31/08/2022,30/06/2026,Nike,19,492,79,No,Not found,24,8,first scrap players transfer
Mile Jedinak,https://www.transfermarkt.com/mile-jedinak/profil/spieler/28336,Success,28336,spieler,Mile Jedinak,03/08/1984 (41),Sydney,"1,87 m",Australia  Croatia,Midfield - Defensive Midfield,right,Not found,Aston Villa,11/7/2020,-,Not found,2,56,10,Yes,11/7/2020,Not found,2,first scrap players transfer
Declan John,https://www.transfermarkt.com/declan-john/profil/spieler/238585,Success,238585,spieler,Declan John,30/06/1995 (30),Merthyr,"1,78 m",Wales,Defender - Left-Back,left,Not found,St. Mirren,12/11/2024,31/05/2027,adidas,3,71,14,No,Not found,24,3,first scrap players transfer
Luuk de Jong,https://www.transfermarkt.com/luuk-de-jong/profil/spieler/72522,Success,72522,spieler,Luuk de Jong,27/08/1990 (35),Aigle,"1,88 m",Netherlands,Attack - Centre-Forward,right,Not found,Porto,3/8/2025,30/06/2026,Not found,17,391,75,No,Not found,26,11,first scrap players transfer
Stevan Jovetić,https://www.transfermarkt.com/stevan-joveti/profil/spieler/46104,Success,46104,spieler,Stevan Jovetić,02/11/1989 (36),Titograd,"1,83 m",Montenegro  Serbia,Attack - Second Striker,right,Not found,Omonia Nicosia,30/09/2024,31/05/2026,Not found,38,1634,303,No,Not found,8,15,first scrap players transfer
Tomáš Kalas,https://www.transfermarkt.com/tom-kalas/profil/spieler/148657,Success,148657,spieler,Tomas Kalas,15/05/1993 (32),Olomouc,"1,84 m",Czech Republic,Defender - Centre-Back,right,Not found,FC Schalke 04,26/08/2023,30/06/2027,Nike,18,932,156,No,Not found,26,12,first scrap players transfer
Kim Källström,https://www.transfermarkt.com/kim-kllstrm/profil/spieler/3730,Success,3730,spieler,Kim Källström,24/08/1982 (43),Sandviken,"1,85 m",Sweden,Midfield - Central Midfield,left,Not found,Djurgården,15/12/2017,-,Not found,4,45,15,Yes,15/12/2017,Not found,4,first scrap players transfer
Robert Koren,https://www.transfermarkt.com/robert-koren/profil/spieler/26946,Success,26946,spieler,Robert Koren,20/09/1980 (45),Slovenj Gradec,"1,76 m",Slovenia,Midfield - Attacking Midfield,right,Not found,NK Dravograd,1/1/2018,-,Not found,3,101,19,Yes,1/1/2018,Not found,3,first scrap players transfer
Libor Kozák,https://www.transfermarkt.com/libor-kozk/profil/spieler/63824,Success,63824,spieler,Libor Kozák,30/05/1989 (36),Opava,"1,93 m",Czech Republic,Attack - Centre-Forward,right,Not found,SFC Opava,1/7/2025,-,adidas,11,848,122,Yes,1/7/2025,Not found,8,first scrap players transfer
William Kvist,https://www.transfermarkt.com/william-kvist/profil/spieler/36787,Success,36787,spieler,William Kvist,24/02/1985 (40),Rønde,N/A,Denmark,Midfield - Defensive Midfield,N/A,Not found,Copenhagen,1/7/2019,-,Not found,4,54,8,Yes,1/7/2019,Not found,3,first scrap players transfer
Érik Lamela,https://www.transfermarkt.com/rik-lamela/profil/spieler/111630,Success,111630,spieler,Erik Lamela,04/03/1992 (33),Carapachay,"1,84 m",Argentina  Spain,Attack - Right Winger,left,Not found,AEK Athens,14/08/2025,-,adidas,20,1195,208,Yes,14/08/2025,Not found,11,first scrap players transfer
Tom Lawrence,https://www.transfermarkt.com/tom-lawrence/profil/spieler/229970,Success,229970,spieler,Tom Lawrence,13/01/1994 (31),Wrexham,"1,75 m",Wales,Midfield - Attacking Midfield,right,Not found,Perth Glory,10/10/2025,30/06/2026,Not found,5,404,67,No,Not found,34,4,first scrap players transfer
Joe Ledley,https://www.transfermarkt.com/joe-ledley/profil/spieler/34409,Success,34409,spieler,Joe Ledley,23/01/1987 (38),Cardiff,"1,83 m",Wales,Midfield - Central Midfield,left,Not found,Newport County,14/11/2021,-,New Balance,7,198,36,Yes,14/11/2021,Not found,5,first scrap players transfer
Elliot Lee,https://www.transfermarkt.com/elliot-lee/profil/spieler/229826,Success,229826,spieler,Elliot Lee,16/12/1994 (30),Durham,"1,80 m",England,Midfield - Attacking Midfield,right,Not found,Wrexham,8/7/2022,30/06/2027,Not found,4,37,6,No,Not found,38,1,first scrap players transfer
Joe Lewis,https://www.transfermarkt.com/joe-lewis/profil/spieler/25834,Success,25834,spieler,Joe Lewis,06/10/1987 (38),Broome,"1,98 m",England,Goalkeeper,right,Not found,Aberdeen FC,1/9/2024,-,Not found,3,84,17,Yes,1/9/2024,Not found,3,first scrap players transfer
Dejan Lovren,https://www.transfermarkt.com/dejan-lovren/profil/spieler/37838,Success,37838,spieler,Dejan Lovren,05/07/1989 (36),Zenica,"1,88 m",Croatia,Defender - Centre-Back,right,Not found,PAOK,16/09/2024,30/06/2026,Puma,28,927,168,No,Not found,6,14,first scrap players transfer
Jamar Loza,https://www.transfermarkt.com/jamar-loza/profil/spieler/203464,Success,203464,spieler,Jamar Loza,10/05/1994 (31),Kingston,"1,78 m",Jamaica  England,Attack - Centre-Forward,Not found,Not found,Without Club,17/10/2025,-,Not found,0,0,0,No,Not found,Not found,0,first scrap players transfer
Diego Lugano,https://www.transfermarkt.com/diego-lugano/profil/spieler/13829,Success,13829,spieler,Diego Lugano,02/11/1980 (45),Canelones,"1,88 m",Uruguay  Italy,Defender - Centre-Back,right,Not found,São Paulo,30/01/2018,-,Not found,12,170,31,Yes,30/01/2018,Not found,6,first scrap players transfer
Antonio Luna,https://www.transfermarkt.com/antonio-luna/profil/spieler/126516,Success,126516,spieler,Antonio Luna,17/03/1991 (34),Son Servera,"1,78 m",Spain,Defender - Left-Back,left,Not found,Antequera CF,1/8/2025,30/06/2026,Not found,19,450,68,No,Not found,5,9,first scrap players transfer
David Marshall,https://www.transfermarkt.com/david-marshall/profil/spieler/9500,Success,9500,spieler,David Marshall,05/03/1985 (40),Glasgow,"1,87 m",Scotland,Goalkeeper,right,Not found,Hibernian FC,1/7/2024,-,Not found,3,50,8,Yes,1/7/2024,Not found,3,first scrap players transfer
Nemanja Matić,https://www.transfermarkt.com/nemanja-mati/profil/spieler/74683,Success,74683,spieler,Nemanja Matić,01/08/1988 (37),Šabac,"1,94 m",Serbia  Slovakia,Midfield - Defensive Midfield,left,Not found,Sassuolo,26/08/2025,30/06/2026,Puma,21,301,44,No,Not found,18,10,first scrap players transfer
Charalampos Mavrias,https://www.transfermarkt.com/charalampos-mavrias/profil/spieler/136647,Success,136647,spieler,Charalampos Mavrias,21/02/1994 (31),Zakynthos,"1,78 m",Greece,Defender - Right-Back,right,Not found,Panetolikos,6/9/2023,30/06/2027,Not found,11,318,36,No,Not found,35,8,first scrap players transfer
Nicky Maynard,https://www.transfermarkt.com/nicky-maynard/profil/spieler/39705,Success,39705,spieler,Nicky Maynard,11/12/1986 (38),Winsford,"1,80 m",England,Attack - Centre-Forward,right,Not found,Winsford,4/8/2023,-,Not found,1,4,1,No,Not found,Not found,1,first scrap players transfer
Paddy McCarthy,https://www.transfermarkt.com/paddy-mccarthy/profil/spieler/29974,Success,29974,spieler,Patrick McCarthy,31/05/1983 (42),Dublin,"1,85 m",Ireland,Defender - Centre-Back,right,Not found,Crystal Palace,1/7/2016,-,Not found,1,94,11,Yes,1/7/2016,Not found,1,first scrap players transfer
Aiden McGeady,https://www.transfermarkt.com/aiden-mcgeady/profil/spieler/21333,Success,21333,spieler,Aiden McGeady,04/04/1986 (39),Denny,"1,80 m",Ireland  Scotland,Attack - Left Winger,both,Not found,Ayr United,17/10/2024,-,Not found,11,508,76,Yes,17/10/2024,Not found,9,first scrap players transfer
Allan McGregor,https://www.transfermarkt.com/allan-mcgregor/profil/spieler/9422,Success,9422,spieler,Allan McGregor,31/01/1982 (43),Edinburgh,"1,83 m",Scotland,Goalkeeper,right,Not found,Rangers,1/7/2023,-,Not found,8,387,62,Yes,1/7/2023,Not found,6,first scrap players transfer
Aaron McLean,https://www.transfermarkt.com/aaron-mclean/profil/spieler/45631,Success,45631,spieler,Aaron McLean,25/05/1983 (42),London,"1,71 m",England  Jamaica,Attack - Centre-Forward,right,Not found,Ebbsfleet,1/7/2018,-,Not found,0,0,0,Yes,1/7/2018,Not found,0,first scrap players transfer
Kevin McNaughton,https://www.transfermarkt.com/kevin-mcnaughton/profil/spieler/11365,Success,11365,spieler,Kevin McNaughton,28/08/1982 (43),Dundee,"1,78 m",Scotland,Defender - Right-Back,right,Not found,Kirriemuir,1/7/2020,-,Not found,2,340,42,Yes,1/7/2020,Not found,2,first scrap players transfer
Paul McShane,https://www.transfermarkt.com/paul-mcshane/profil/spieler/24636,Success,24636,spieler,Paul McShane,06/01/1986 (39),Kilpedder,"1,83 m",Ireland,Defender - Centre-Back,right,Not found,Man Utd U23,1/7/2022,-,Not found,4,188,27,Yes,1/7/2022,Not found,3,first scrap players transfer
Gary Medel,https://www.transfermarkt.com/gary-medel/profil/spieler/60889,Success,60889,spieler,Gary Medel,03/08/1987 (38),Conchalí,"1,71 m",Chile  Spain,Defender - Centre-Back,right,Not found,U. Católica,9/1/2025,31/12/2025,Nike,20,620,96,No,Not found,17,12,first scrap players transfer
Mesca,https://www.transfermarkt.com/mesca/profil/spieler/160348,Success,160348,spieler,Mesca,06/05/1993 (32),Bissau,"1,75 m",Guinea-Bissau  Portugal,Midfield - Right Midfield,right,Not found,Without Club,1/7/2024,-,Not found,1,227,20,No,Not found,Not found,1,first scrap players transfer
Kostas Mitroglou,https://www.transfermarkt.com/kostas-mitroglou/profil/spieler/34944,Success,34944,spieler,Konstantinos Mitroglou,12/03/1988 (37),Kavala,"1,88 m",Greece,Attack - Centre-Forward,both,Not found,Scherpenberg,4/9/2023,-,Not found,17,380,73,Yes,4/9/2023,Not found,7,first scrap players transfer
Ravel Morrison,https://www.transfermarkt.com/ravel-morrison/profil/spieler/128907,Success,128907,spieler,Ravel Morrison,02/02/1993 (32),Manchester,"1,75 m",Jamaica  England,Midfield - Attacking Midfield,right,Not found,Arabian Falcons,1/7/2025,-,adidas,5,59,10,No,Not found,14,2,first scrap players transfer
Dean Moxey,https://www.transfermarkt.com/dean-moxey/profil/spieler/77559,Success,77559,spieler,Dean Moxey,14/01/1986 (39),Exeter,"1,80 m",England,Defender - Left-Back,left,Not found,Tiverton,1/7/2025,-,Not found,1,8,1,No,Not found,Not found,1,first scrap players transfer
Marc Muniesa,https://www.transfermarkt.com/marc-muniesa/profil/spieler/74228,Success,74228,spieler,Marc Muniesa,27/03/1992 (33),Lloret de Mar,"1,80 m",Spain,Defender - Centre-Back,left,Not found,Al-Shahania SC,31/01/2024,30/06/2026,Not found,11,922,111,No,Not found,5,8,first scrap players transfer
Josh Murphy,https://www.transfermarkt.com/josh-murphy/profil/spieler/199528,Success,199528,spieler,Josh Murphy,24/02/1995 (30),London,"1,73 m",England  Ireland,Attack - Left Winger,right,Not found,Portsmouth,1/7/2024,30/06/2028,Nike,4,67,6,No,Not found,23,2,first scrap players transfer
Glenn Murray,https://www.transfermarkt.com/glenn-murray/profil/spieler/45693,Success,45693,spieler,Glenn Murray,25/09/1983 (42),Maryport,"1,86 m",England,Attack - Centre-Forward,right,Not found,Nott'm Forest,1/7/2021,-,Not found,7,338,37,Yes,1/7/2021,Not found,4,first scrap players transfer
Mats Møller Dæhli,https://www.transfermarkt.com/mats-mller-dhli/profil/spieler/190831,Success,190831,spieler,Mats Møller Dæhli,02/03/1995 (30),Oslo,"1,72 m",Norway,Midfield - Central Midfield,right,Not found,Molde FK,31/01/2024,31/12/2027,Not found,16,536,79,No,Not found,17,9,first scrap players transfer
Jesús Navas,https://www.transfermarkt.com/jess-navas/profil/spieler/15956,Success,15956,spieler,Jesús Navas,21/11/1985 (40),Los Palacios y Villafranca,"1,70 m",Spain,Defender - Right-Back,right,Not found,Sevilla FC,1/1/2025,-,New Balance,15,414,79,Yes,1/1/2025,Not found,7,first scrap players transfer
Álvaro Negredo,https://www.transfermarkt.com/lvaro-negredo/profil/spieler/18644,Success,18644,spieler,Álvaro Negredo,20/08/1985 (40),Madrid,"1,86 m",Spain,Attack - Centre-Forward,left,Not found,Real Valladolid,6/3/2025,-,New Balance,9,216,42,Yes,6/3/2025,Not found,6,first scrap players transfer
Antonio Nocerino,https://www.transfermarkt.com/antonio-nocerino/profil/spieler/22203,Success,22203,spieler,Antonio Nocerino,09/04/1985 (40),Napoli,"1,75 m",Italy,Midfield - Central Midfield,right,Not found,Benevento,23/01/2020,-,adidas,6,90,15,Yes,23/01/2020,Not found,4,first scrap players transfer
Craig Noone,https://www.transfermarkt.com/craig-noone/profil/spieler/81202,Success,81202,spieler,Craig Noone,17/11/1987 (38),Liverpool,"1,73 m",England,Attack - Right Winger,left,Not found,Warrington,15/01/2025,30/06/2025,Not found,1,161,14,No,Not found,20,1,first scrap players transfer
Stuart O'Keefe,https://www.transfermarkt.com/stuart-okeefe/profil/spieler/93626,Success,93626,spieler,Stuart O'Keefe,04/03/1991 (34),Eye,"1,73 m",England,Midfield - Central Midfield,right,Not found,Without Club,1/7/2025,-,Not found,1,87,12,No,Not found,Not found,1,first scrap players transfer
Liam O'Neil,https://www.transfermarkt.com/liam-oneil/profil/spieler/305069,Success,305069,spieler,Willie O'Neill,30/12/1940,Glasgow,Not found,Scotland,Defender,Not found,Not found,Not found,Not found,Not found,Not found,0,0,0,No,Not found,Not found,0,first scrap players transfer
Jores Okore,https://www.transfermarkt.com/jores-okore/profil/spieler/129085,Success,129085,spieler,Jores Okore,11/08/1992 (33),Abidjan,"1,86 m",Denmark  Cote d'Ivoire,Defender - Centre-Back,right,Not found,B.93,1/7/2025,-,Not found,4,369,59,Yes,1/7/2025,Not found,4,first scrap players transfer
Dani Osvaldo,https://www.transfermarkt.com/dani-osvaldo/profil/spieler/37389,Success,37389,spieler,Daniel Osvaldo,12/01/1986 (39),Lanús,"1,82 m",Italy  Argentina,Attack - Centre-Forward,right,Not found,Banfield,1/7/2020,-,Not found,9,261,47,Yes,1/7/2020,Not found,6,first scrap players transfer
Mesut Özil,https://www.transfermarkt.com/mesut-zil/profil/spieler/35664,Success,35664,spieler,Mesut Özil,15/10/1988 (37),Gelsenkirchen,"1,80 m",Germany,Midfield - Attacking Midfield,left,Not found,Basaksehir,22/03/2023,-,Nike,45,798,159,Yes,22/03/2023,Not found,13,first scrap players transfer
Costel Pantilimon,https://www.transfermarkt.com/costel-pantilimon/profil/spieler/47659,Success,47659,spieler,Costel Pantilimon,01/02/1987 (38),Bacău,"2,03 m",Romania,Goalkeeper,right,Not found,Denizlispor,31/03/2021,-,Not found,5,126,14,Yes,31/03/2021,Not found,4,first scrap players transfer
Jonathan Parr,https://www.transfermarkt.com/jonathan-parr/profil/spieler/41665,Success,41665,spieler,Jonathan Parr,21/10/1988 (37),Oslo,"1,82 m",Norway,Defender - Left-Back,both,Not found,Strømsgodset,24/01/2022,-,Not found,0,0,0,Yes,24/01/2022,Not found,0,first scrap players transfer
Paulinho,https://www.transfermarkt.com/paulinho/profil/spieler/57229,Success,57229,spieler,Paulinho,25/07/1988 (37),São Paulo,"1,83 m",Brazil,Midfield - Central Midfield,right,Not found,Corinthians,1/7/2024,-,Mizuno,3,598,117,Yes,1/7/2024,Not found,3,first scrap players transfer
Erik Pieters,https://www.transfermarkt.com/erik-pieters/profil/spieler/43763,Success,43763,spieler,Erik Pieters,07/08/1988 (37),Tiel,"1,83 m",Netherlands,Defender - Left-Back,left,Not found,Without Club,1/7/2025,-,Nike,6,579,140,No,Not found,Not found,5,first scrap players transfer
Alejandro Pozuelo,https://www.transfermarkt.com/alejandro-pozuelo/profil/spieler/188853,Success,188853,spieler,Alejandro Pozuelo,20/09/1991 (34),Sevilla,"1,72 m",Spain,Midfield - Attacking Midfield,both,Not found,Palm City,15/10/2025,-,Not found,4,344,39,No,Not found,10,4,first scrap players transfer
Alex Pritchard,https://www.transfermarkt.com/alex-pritchard/profil/spieler/200777,Success,200777,spieler,Alex Pritchard,03/05/1993 (32),Orsett,"1,68 m",England,Midfield - Attacking Midfield,right,Not found,Sivasspor,1/7/2024,30/06/2026,Nike,13,421,71,No,Not found,10,6,first scrap players transfer
Nick Proschwitz,https://www.transfermarkt.com/nick-proschwitz/profil/spieler/31535,Success,31535,spieler,Nick Proschwitz,28/11/1986 (38),Weißenfels,"1,92 m",Germany,Attack - Centre-Forward,right,Not found,Unknown,1/7/2024,-,Not found,1,7,1,No,Not found,Not found,1,first scrap players transfer
Stephen Quinn,https://www.transfermarkt.com/stephen-quinn/profil/spieler/43266,Success,43266,spieler,Stephen Quinn,01/04/1986 (39),Clondalkin,"1,68 m",Ireland,Midfield - Central Midfield,left,Not found,Without Club,1/7/2025,-,adidas,1,40,8,No,Not found,Not found,1,first scrap players transfer
Răzvan Raț,https://www.transfermarkt.com/rzvan-ra/profil/spieler/14940,Success,14940,spieler,Răzvan Raț,26/05/1981 (44),Piatra-Olt,"1,79 m",Romania,Defender - Left-Back,left,Not found,ACS Poli,18/07/2018,-,Not found,5,215,39,Yes,18/07/2018,Not found,4,first scrap players transfer
Nathan Redmond,https://www.transfermarkt.com/nathan-redmond/profil/spieler/129078,Success,129078,spieler,Nathan Redmond,06/03/1994 (31),Birmingham,"1,73 m",England  Jamaica,Attack - Right Winger,right,Not found,Without Club,1/7/2025,-,adidas,12,648,74,No,Not found,Not found,5,first scrap players transfer
Harrison Reed,https://www.transfermarkt.com/harrison-reed/profil/spieler/226973,Success,226973,spieler,Harrison Reed,27/01/1995 (30),Worthing,"1,81 m",England,Midfield - Central Midfield,right,Not found,Fulham,30/08/2020,30/06/2027,Nike,16,291,55,No,Not found,6,5,first scrap players transfer
Valentin Roberge,https://www.transfermarkt.com/valentin-roberge/profil/spieler/87422,Success,87422,spieler,Valentin Roberge,09/06/1987 (38),Montreuil,"1,89 m",Cyprus  France,Defender - Centre-Back,left,Not found,AEK Larnaca,1/7/2023,31/05/2026,Not found,6,164,19,No,Not found,27,5,first scrap players transfer
Patrick Roberts,https://www.transfermarkt.com/patrick-roberts/profil/spieler/225452,Success,225452,spieler,Patrick Roberts,05/02/1997 (28),Kingston-upon-Thames,"1,67 m",England,Attack - Right Winger,left,Not found,Birmingham,1/9/2025,30/06/2026,adidas,8,319,67,No,Not found,16,4,first scrap players transfer
Callum Robinson,https://www.transfermarkt.com/callum-robinson/profil/spieler/183299,Success,183299,spieler,Callum Robinson,02/02/1995 (30),Northampton,"1,78 m",Ireland  England,Attack - Centre-Forward,right,Not found,Cardiff,1/9/2022,30/06/2027,Not found,9,372,60,No,Not found,47,6,first scrap players transfer
Liam Rosenior,https://www.transfermarkt.com/liam-rosenior/profil/spieler/15166,Success,15166,spieler,Liam Rosenior,09/07/1984 (41),London,"1,78 m",England  Sierra Leone,Defender - Right-Back,right,Not found,Brighton,30/07/2018,-,Not found,1,79,11,Yes,30/07/2018,Not found,1,first scrap players transfer
Yannick Sagbo,https://www.transfermarkt.com/yannick-sagbo/profil/spieler/60591,Success,60591,spieler,Yannick Sagbo,12/04/1988 (37),Marseille,"1,83 m",Cote d'Ivoire  France,Attack - Centre-Forward,right,Not found,Without Club,1/7/2024,-,Not found,1,12,2,No,Not found,Not found,1,first scrap players transfer
Mamadou Sakho,https://www.transfermarkt.com/mamadou-sakho/profil/spieler/47713,Success,47713,spieler,Mamadou Sakho,13/02/1990 (35),Paris,"1,87 m",France  Senegal,Defender - Centre-Back,left,Not found,Without Club,1/7/2025,-,Not found,18,1172,197,No,Not found,Not found,10,first scrap players transfer
Mohamed Salah,https://www.transfermarkt.com/mohamed-salah/profil/spieler/148455,Success,148455,spieler,Mohamed Salah,15/06/1992 (33),"Nagrig, Basyoun","1,75 m",Egypt,Attack - Right Winger,left,Not found,Liverpool,1/7/2017,30/06/2027,adidas,12,188,38,No,Not found,11,9,first scrap players transfer
Yaya Sanogo,https://www.transfermarkt.com/yaya-sanogo/profil/spieler/127194,Success,127194,spieler,Yaya Sanogo,27/01/1993 (32),Massy,"1,94 m",France  Cote d'Ivoire,Attack - Centre-Forward,right,Not found,Without Club,22/07/2025,-,Not found,11,1164,254,No,Not found,Not found,8,first scrap players transfer
André Schürrle,https://www.transfermarkt.com/andr-schrrle/profil/spieler/58205,Success,58205,spieler,André Schürrle,06/11/1990 (35),Ludwigshafen am Rhein,N/A,Germany,Attack - Left Winger,N/A,Not found,Dortmund,17/07/2020,-,adidas,21,385,66,Yes,17/07/2020,Not found,7,first scrap players transfer
Ignacio Scocco,https://www.transfermarkt.com/ignacio-scocco/profil/spieler/51088,Success,51088,spieler,Ignacio Scocco,29/05/1985 (40),Hughes,"1,76 m",Argentina  Italy,Attack - Centre-Forward,right,Not found,Newell's,1/1/2022,-,Not found,21,524,78,Yes,1/1/2022,Not found,10,first scrap players transfer
Brad Smith,https://www.transfermarkt.com/brad-smith/profil/spieler/175745,Success,175745,spieler,Brad Smith,09/04/1994 (31),Penrith,"1,78 m",Australia  England,Defender - Left-Back,left,Not found,Cincinnati,14/03/2025,31/12/2025,Not found,7,994,111,No,Not found,14,5,first scrap players transfer
Roberto Soldado,https://www.transfermarkt.com/roberto-soldado/profil/spieler/34870,Success,34870,spieler,Roberto Soldado,27/05/1985 (40),Valencia,"1,80 m",Spain,Attack - Centre-Forward,right,Not found,Levante,3/8/2023,-,Not found,15,478,89,Yes,3/8/2023,Not found,10,first scrap players transfer
Julián Speroni,https://www.transfermarkt.com/julin-speroni/profil/spieler/12814,Success,12814,spieler,Julián Speroni,18/05/1979 (46),Buenos Aires,"1,86 m",Argentina  Italy,Goalkeeper,right,Not found,Crystal Palace,1/7/2019,-,Not found,2,116,15,Yes,1/7/2019,Not found,2,first scrap players transfer
Maarten Stekelenburg,https://www.transfermarkt.com/maarten-stekelenburg/profil/spieler/4311,Success,4311,spieler,Maarten Stekelenburg,22/09/1982 (43),Haarlem,"1,97 m",Netherlands,Goalkeeper,right,Not found,Ajax,1/7/2023,-,adidas,12,735,135,Yes,1/7/2023,Not found,9,first scrap players transfer
John Stones,https://www.transfermarkt.com/john-stones/profil/spieler/186590,Success,186590,spieler,John Stones,28/05/1994 (31),Barnsley,"1,88 m",England,Defender - Centre-Back,right,Not found,Man City,9/8/2016,30/06/2026,Nike,22,620,143,No,Not found,5,10,first scrap players transfer
John Swift,https://www.transfermarkt.com/john-swift/profil/spieler/197693,Success,197693,spieler,John Swift,23/06/1995 (30),Portsmouth,"1,82 m",England,Midfield - Attacking Midfield,right,Not found,Portsmouth,15/07/2025,30/06/2027,adidas,7,423,67,No,Not found,8,4,first scrap players transfer
Muamer Tanković,https://www.transfermarkt.com/muamer-tankovi/profil/spieler/198513,Success,198513,spieler,Muamer Tankovic,22/02/1995 (30),Tingstad,"1,81 m",Sweden  Bosnia-Herzegovina,Attack - Right Winger,right,Not found,Omonia Nicosia,9/9/2025,31/05/2026,Nike,4,39,5,No,Not found,22,4,first scrap players transfer
Andrew Taylor,https://www.transfermarkt.com/andrew-taylor/profil/spieler/29158,Success,29158,spieler,Andrew Taylor,01/08/1986 (39),Hartlepool,"1,78 m",England,Defender - Left-Back,left,Not found,Bolton,1/7/2019,-,Not found,3,173,45,Yes,1/7/2019,Not found,3,first scrap players transfer
Kévin Théophile-Catherine,https://www.transfermarkt.com/kvin-thophile-catherine/profil/spieler/60603,Success,60603,spieler,Kévin Théophile-Catherine,28/10/1989 (36),Saint-Brieuc,"1,83 m",Martinique  France,Defender - Centre-Back,right,Not found,Dinamo Zagreb,20/10/2023,30/06/2026,Not found,6,218,41,No,Not found,28,4,first scrap players transfer
Aleksandar Tonev,https://www.transfermarkt.com/aleksandar-tonev/profil/spieler/87282,Success,87282,spieler,Aleksandar Tonev,03/02/1990 (35),Elin Pelin,"1,78 m",Bulgaria,Attack - Left Winger,both,Not found,Botev Plovdiv,3/8/2020,-,Not found,9,210,33,Yes,3/8/2020,Not found,4,first scrap players transfer
Lacina Traoré,https://www.transfermarkt.com/lacina-traor/profil/spieler/69006,Success,69006,spieler,Lacina Traoré,20/05/1990 (35),Abidjan,"2,03 m",Cote d'Ivoire,Attack - Centre-Forward,left,Not found,Varzim,1/7/2023,-,Not found,10,407,74,Yes,1/7/2023,Not found,6,first scrap players transfer
Ryan Tunnicliffe,https://www.transfermarkt.com/ryan-tunnicliffe/profil/spieler/110868,Success,110868,spieler,Ryan Tunnicliffe,30/12/1992 (32),Heywood,"1,83 m",England,Midfield - Central Midfield,right,Not found,Without Club,1/7/2025,-,Not found,1,93,17,No,Not found,Not found,1,first scrap players transfer
Ben Turner,https://www.transfermarkt.com/ben-turner/profil/spieler/39518,Success,39518,spieler,Ben Turner,21/08/1988 (37),Birmingham,"1,93 m",England  Wales,Defender - Centre-Back,left,Not found,Ilkeston Town,23/10/2022,-,Not found,0,0,0,Yes,23/10/2022,Not found,0,first scrap players transfer
Álvaro Vázquez,https://www.transfermarkt.com/lvaro-vzquez/profil/spieler/141835,Success,141835,spieler,Álvaro Vázquez,27/04/1991 (34),Badalona,"1,82 m",Spain,Attack - Centre-Forward,right,Not found,Arenas Club,27/08/2025,30/06/2026,Not found,8,336,38,No,Not found,9,5,first scrap players transfer
Miloš Veljković,https://www.transfermarkt.com/milo-veljkovi/profil/spieler/202228,Success,202228,spieler,Milos Veljkovic,26/09/1995 (30),Basel,"1,88 m",Serbia  Switzerland,Defender - Centre-Back,right,Not found,Red Star,1/7/2025,30/06/2028,Not found,34,738,114,No,Not found,13,10,first scrap players transfer
Santiago Vergini,https://www.transfermarkt.com/santiago-vergini/profil/spieler/94783,Success,94783,spieler,Santiago Vergini,03/08/1988 (37),Máximo Paz,"1,91 m",Argentina  Italy,Defender - Centre-Back,right,Not found,San Lorenzo,1/1/2022,-,Not found,0,0,0,Yes,1/1/2022,Not found,0,first scrap players transfer
Matěj Vydra,https://www.transfermarkt.com/matj-vydra/profil/spieler/101500,Success,101500,spieler,Matej Vydra,01/05/1992 (33),Chotěboř,"1,80 m",Czech Republic,Attack - Centre-Forward,right,Not found,Viktoria Plzeň,1/1/2023,30/06/2027,Not found,8,385,100,No,Not found,11,6,first scrap players transfer
Victor Wanyama,https://www.transfermarkt.com/victor-wanyama/profil/spieler/77760,Success,77760,spieler,Victor Wanyama,25/06/1991 (34),Nairobi,"1,84 m",Kenya,Midfield - Defensive Midfield,right,Not found,Without Club,1/7/2025,-,adidas,9,315,63,No,Not found,Not found,5,first scrap players transfer
Joel Ward,https://www.transfermarkt.com/joel-ward/profil/spieler/92572,Success,92572,spieler,Joel Ward,29/10/1989 (36),Emsworth,"1,86 m",England,Defender - Right-Back,right,Not found,Without Club,1/7/2025,-,Not found,8,273,43,No,Not found,Not found,6,first scrap players transfer
Peter Whittingham,https://www.transfermarkt.com/peter-whittingham/profil/spieler/3762,Success,3762,spieler,Peter Whittingham,8/9/1984,Nuneaton,"1,77 m",England,Midfield - Central Midfield,left,Not found,Not found,Not found,Not found,Not found,0,0,0,No,Not found,Not found,0,first scrap players transfer
Jonny Williams,https://www.transfermarkt.com/jonny-williams/profil/spieler/170322,Success,170322,spieler,Jonny Williams,09/10/1993 (32),Tunbridge Wells,"1,68 m",Wales  England,Midfield - Attacking Midfield,both,Not found,Gillingham,1/7/2023,-,Not found,5,345,65,No,Not found,10,5,first scrap players transfer
Willian,https://www.transfermarkt.com/willian/profil/spieler/661171,Success,661171,spieler,Willian Pacho,16/10/2001 (24),Quinindé,"1,88 m",Ecuador,Defender - Centre-Back,left,Not found,PSG,9/8/2024,30/06/2029,Nike,2,127,12,No,Not found,51,1,first scrap players transfer
James Wilson,https://www.transfermarkt.com/james-wilson/profil/spieler/39033,Success,39033,spieler,Kelvin Wilson,03/09/1985 (40),Nottingham,"1,88 m",England  Jamaica,Defender - Centre-Back,right,Not found,Rotherham,1/7/2017,-,Not found,1,72,15,Yes,1/7/2017,Not found,1,first scrap players transfer
Magnus Wolff Eikrem,https://www.transfermarkt.com/magnus-wolff-eikrem/profil/spieler/54775,Success,54775,spieler,Magnus Wolff Eikrem,08/08/1990 (35),Molde,"1,73 m",Norway,Attack - Second Striker,right,Not found,Molde FK,25/07/2018,31/12/2025,Nike,5,227,25,No,Not found,7,4,first scrap players transfer
Ricky van Wolfswinkel,https://www.transfermarkt.com/ricky-van-wolfswinkel/profil/spieler/41355,Success,41355,spieler,Ricky van Wolfswinkel,27/01/1989 (36),Woudenberg,"1,86 m",Netherlands,Attack - Centre-Forward,right,Not found,Twente FC,21/07/2021,30/06/2026,Nike,18,613,86,No,Not found,9,10,first scrap players transfer
Cauley Woodrow,https://www.transfermarkt.com/cauley-woodrow/profil/spieler/169801,Success,169801,spieler,Cauley Woodrow,02/12/1994 (30),Hemel Hempstead,"1,84 m",England,Attack - Centre-Forward,right,Not found,Wycombe,1/9/2025,30/06/2026,Nike,2,87,19,No,Not found,12,2,first scrap players transfer
Joseph Yobo,https://www.transfermarkt.com/joseph-yobo/profil/spieler/3270,Success,3270,spieler,Joseph Yobo,06/09/1980 (45),Kono,"1,88 m",Nigeria  England,Defender - Centre-Back,right,Not found,Fenerbahçe,26/11/2015,-,Not found,7,138,28,Yes,26/11/2015,Not found,4,first scrap players transfer
Wilfried Zaha,https://www.transfermarkt.com/wilfried-zaha/profil/spieler/145988,Success,145988,spieler,Wilfried Zaha,10/11/1992 (33),Abidjan,"1,80 m",Cote d'Ivoire  England,Attack - Left Winger,right,Not found,Charlotte,31/01/2025,30/06/2026,Not found,24,478,73,No,Not found,10,8,first scrap players transfer
Elsad Zverotić,https://www.transfermarkt.com/elsad-zveroti/profil/spieler/25542,Success,25542,spieler,Elsad Zverotic,31/10/1986 (39),Petnjica,"1,79 m",Montenegro  Switzerland,Defender - Right-Back,right,Not found,FC Aarau,1/7/2021,-,Not found,5,163,24,Yes,1/7/2021,Not found,4,first scrap players transfer
Rolando Aarons,https://www.transfermarkt.com/rolando-aarons/profil/spieler/258188,Success,258188,spieler,Rolando Aarons,16/11/1995 (30),Kingston,"1,78 m",Jamaica  England,Attack - Left Winger,left,Not found,Morecambe FC,22/09/2025,-,Not found,7,678,130,No,Not found,12,4,first scrap players transfer
Mehdi Abeid,https://www.transfermarkt.com/mehdi-abeid/profil/spieler/111036,Success,111036,spieler,Mehdi Abeid,06/08/1992 (33),Montreuil,"1,78 m",Algeria  France,Midfield - Central Midfield,right,Not found,Without Club,1/7/2025,-,Not found,11,373,61,No,Not found,Not found,4,first scrap players transfer
Toby Alderweireld,https://www.transfermarkt.com/toby-alderweireld/profil/spieler/42710,Success,42710,spieler,Toby Alderweireld,02/03/1989 (36),Wilrijk,"1,87 m",Belgium,Defender - Centre-Back,right,Not found,Royal Antwerp,1/7/2025,-,Nike,15,446,84,Yes,1/7/2025,Not found,9,first scrap players transfer
Jak Alnwick,https://www.transfermarkt.com/jak-alnwick/profil/spieler/128895,Success,128895,spieler,Jak Alnwick,17/06/1993 (32),Prudhoe,"1,87 m",England,Goalkeeper,left,Not found,Cardiff,1/7/2022,30/06/2026,Not found,4,117,15,No,Not found,21,3,first scrap players transfer
Ricky Álvarez,https://www.transfermarkt.com/ricky-lvarez/profil/spieler/76077,Success,76077,spieler,Ricardo Álvarez,12/04/1988 (37),Buenos Aires,"1,88 m",Argentina  Italy,Midfield - Central Midfield,left,Not found,Vélez Sarsfield,1/1/2022,-,Not found,14,758,107,Yes,1/1/2022,Not found,8,first scrap players transfer
Scott Arfield,https://www.transfermarkt.com/scott-arfield/profil/spieler/55291,Success,55291,spieler,Scott Arfield,01/11/1988 (37),Livingston,"1,78 m",Canada  Scotland,Midfield - Central Midfield,right,Not found,Falkirk,3/2/2025,31/05/2026,Not found,8,214,34,No,Not found,37,4,first scrap players transfer
Christian Atsu,https://www.transfermarkt.com/christian-atsu/profil/spieler/186997,Success,186997,spieler,Christian Atsu,10/1/1992,Ada Foah,"1,65 m",Ghana,Attack - Left Winger,left,Not found,Not found,Not found,Not found,Nike,7,237,36,No,Not found,Not found,4,first scrap players transfer
Charlie Austin,https://www.transfermarkt.com/charlie-austin/profil/spieler/129627,Success,129627,spieler,Charlie Austin,05/07/1989 (36),Hungerford,"1,88 m",England,Attack - Centre-Forward,right,Not found,Hungerford,5/11/2025,-,Nike,7,443,71,No,Not found,Not found,5,first scrap players transfer
Ashley Barnes,https://www.transfermarkt.com/ashley-barnes/profil/spieler/63200,Success,63200,spieler,Ashley Barnes,30/10/1989 (36),Dunkerton,"1,85 m",England,Attack - Centre-Forward,right,Not found,Burnley,2/1/2025,30/06/2026,Not found,10,816,80,No,Not found,35,6,first scrap players transfer
Modou Barrow,https://www.transfermarkt.com/modou-barrow/profil/spieler/189070,Success,189070,spieler,Modou Barrow,13/10/1992 (33),Banjul,"1,76 m",The Gambia  Sweden,Attack - Left Winger,left,Not found,Incheon Utd.,3/2/2025,-,Not found,8,193,34,No,Not found,14,4,first scrap players transfer
Héctor Bellerín,https://www.transfermarkt.com/hctor-bellern/profil/spieler/191217,Success,191217,spieler,Héctor Bellerín,19/03/1995 (30),Badalona,"1,78 m",Spain,Defender - Right-Back,right,Not found,Real Betis,18/07/2023,30/06/2028,Mizuno,11,558,107,No,Not found,2,6,first scrap players transfer
Muhamed Bešić,https://www.transfermarkt.com/muhamed-bei/profil/spieler/93905,Success,93905,spieler,Muhamed Besic,10/09/1992 (33),Berlin,"1,80 m",Bosnia-Herzegovina  Germany,Midfield - Defensive Midfield,right,Not found,Spartak,18/01/2025,30/06/2026,Not found,6,557,85,No,Not found,5,5,first scrap players transfer
Tyler Blackett,https://www.transfermarkt.com/tyler-blackett/profil/spieler/134414,Success,134414,spieler,Tyler Blackett,02/04/1994 (31),Manchester,"1,83 m",England  Barbados,Defender - Centre-Back,left,Not found,Without Club,1/7/2024,-,Not found,3,87,11,No,Not found,Not found,2,first scrap players transfer
Sebastián Blanco,https://www.transfermarkt.com/sebastin-blanco/profil/spieler/54576,Success,54576,spieler,Sebastián Blanco,15/03/1988 (37),Buenos Aires,"1,68 m",Argentina  Spain,Midfield - Attacking Midfield,both,Not found,Miami FC,31/01/2025,30/11/2025,Not found,6,575,65,No,Not found,10,3,first scrap players transfer
Daley Blind,https://www.transfermarkt.com/daley-blind/profil/spieler/12282,Success,12282,spieler,Daley Blind,09/03/1990 (35),Amsterdam,"1,80 m",Netherlands,Defender - Centre-Back,left,Not found,Girona,7/7/2023,30/06/2026,adidas,10,351,62,No,Not found,17,6,first scrap players transfer
Tyias Browning,https://www.transfermarkt.com/tyias-browning/profil/spieler/156934,Success,156934,spieler,Tyias Browning,27/05/1994 (31),Liverpool,"1,88 m",China  England,Defender - Centre-Back,right,Not found,SH Port,22/08/2022,31/12/2026,Nike,3,492,69,No,Not found,3,2,first scrap players transfer
Will Buckley,https://www.transfermarkt.com/will-buckley/profil/spieler/77329,Success,77329,spieler,Will Buckley,21/11/1989 (36),Oldham,"1,83 m",England  Ireland,Attack - Right Winger,Not found,Not found,Bolton,1/7/2020,-,Not found,1,85,12,Yes,1/7/2020,Not found,1,first scrap players transfer
Reece Burke,https://www.transfermarkt.com/reece-burke/profil/spieler/264220,Success,264220,spieler,Reece Burke,02/09/1996 (29),London,"1,89 m",England,Defender - Centre-Back,right,Not found,Charlton,9/7/2025,30/06/2027,Not found,20,712,119,No,Not found,32,9,first scrap players transfer
Willy Caballero,https://www.transfermarkt.com/willy-caballero/profil/spieler/19948,Success,19948,spieler,Willy Caballero,28/09/1981 (44),Santa Elena,"1,86 m",Argentina  Spain,Goalkeeper,right,Not found,Southampton,1/7/2023,-,Not found,3,299,44,Yes,1/7/2023,Not found,3,first scrap players transfer
Rémy Cabella,https://www.transfermarkt.com/rmy-cabella/profil/spieler/113707,Success,113707,spieler,Rémy Cabella,08/03/1990 (35),Ajaccio,"1,72 m",France  Italy,Midfield - Attacking Midfield,right,Not found,Olympiacos,1/7/2025,30/06/2027,Puma,10,654,96,No,Not found,90,9,first scrap players transfer
Esteban Cambiasso,https://www.transfermarkt.com/esteban-cambiasso/profil/spieler/7520,Success,7520,spieler,Esteban Cambiasso,18/08/1980 (45),San Fernando,"1,77 m",Argentina  Italy,Midfield - Defensive Midfield,left,Not found,Olympiacos,1/7/2017,-,Not found,12,176,33,Yes,1/7/2017,Not found,6,first scrap players transfer
Joel Campbell,https://www.transfermarkt.com/joel-campbell/profil/spieler/131248,Success,131248,spieler,Joel Campbell,26/06/1992 (33),San José,"1,78 m",Costa Rica,Attack - Right Winger,left,Not found,LD Alajuelense,1/7/2023,30/06/2026,Nike,12,367,67,No,Not found,12,7,first scrap players transfer
Emre Can,https://www.transfermarkt.com/emre-can/profil/spieler/119296,Success,119296,spieler,Emre Can,12/01/1994 (31),Frankfurt am Main,"1,86 m",Germany  Türkiye,Defender - Centre-Back,right,Not found,Dortmund,1/7/2020,30/06/2026,Not found,26,653,139,No,Not found,23,13,first scrap players transfer
Nathaniel Chalobah,https://www.transfermarkt.com/nathaniel-chalobah/profil/spieler/128900,Success,128900,spieler,Nathaniel Chalobah,12/12/1994 (30),Freetown,"1,85 m",England  Sierra Leone,Midfield - Defensive Midfield,right,Not found,Sheff Wed,13/07/2024,-,Not found,14,560,91,No,Not found,14,8,first scrap players transfer
Andreas Christensen,https://www.transfermarkt.com/andreas-christensen/profil/spieler/196948,Success,196948,spieler,Andreas Christensen,10/04/1996 (29),Lillerød,"1,87 m",Denmark,Defender - Centre-Back,right,Not found,Barcelona,4/7/2022,30/06/2026,adidas,29,537,120,No,Not found,15,11,first scrap players transfer
Brandon Comley,https://www.transfermarkt.com/brandon-comley/profil/spieler/362809,Success,362809,spieler,Brandon Comley,18/11/1995 (30),London,"1,80 m",Montserrat  England,Midfield - Defensive Midfield,right,Not found,Walsall,1/7/2022,30/06/2026,Not found,1,78,14,No,Not found,14,1,first scrap players transfer
Diego Costa,https://www.transfermarkt.com/diego-costa/profil/spieler/44779,Success,44779,spieler,Diego Costa,07/10/1988 (37),Lagarto,"1,86 m",Spain  Brazil,Attack - Centre-Forward,right,Not found,Without Club,1/1/2025,-,adidas,30,769,143,No,Not found,Not found,11,first scrap players transfer
Thibaut Courtois,https://www.transfermarkt.com/thibaut-courtois/profil/spieler/108390,Success,108390,spieler,Thibaut Courtois,11/05/1992 (33),Bree,"2,00 m",Belgium,Goalkeeper,left,Not found,Real Madrid,9/8/2018,30/06/2027,Nike,24,648,128,No,Not found,1,12,first scrap players transfer
Aaron Cresswell,https://www.transfermarkt.com/aaron-cresswell/profil/spieler/92571,Success,92571,spieler,Aaron Cresswell,15/12/1989 (35),Liverpool,"1,70 m",England,Defender - Left-Back,left,Not found,Stoke City,10/7/2025,30/06/2026,adidas,16,252,36,No,Not found,3,5,first scrap players transfer
Juan Cuadrado,https://www.transfermarkt.com/juan-cuadrado/profil/spieler/91970,Success,91970,spieler,Juan Cuadrado,26/05/1988 (37),Necoclí,"1,76 m",Colombia  Italy,Midfield - Right Midfield,right,Not found,Pisa,6/8/2025,30/06/2026,adidas,23,631,115,No,Not found,11,10,first scrap players transfer
Jason Davidson,https://www.transfermarkt.com/jason-davidson/profil/spieler/137669,Success,137669,spieler,Jason Davidson,29/06/1991 (34),Melbourne,"1,82 m",Australia  Greece,Defender - Left-Back,left,Not found,Melb. Victory,13/08/2025,30/06/2027,Not found,6,219,26,No,Not found,2,5,first scrap players transfer
Ángel Di María,https://www.transfermarkt.com/ngel-di-mara/profil/spieler/45320,Success,45320,spieler,Ángel Di María,14/02/1988 (37),Rosario,"1,78 m",Argentina  Italy,Attack - Right Winger,left,Not found,Rosario Central,1/7/2025,30/06/2026,adidas,51,748,146,No,Not found,11,15,first scrap players transfer
Eric Dier,https://www.transfermarkt.com/eric-dier/profil/spieler/175722,Success,175722,spieler,Eric Dier,15/01/1994 (31),Cheltenham,"1,91 m",England  Portugal,Defender - Centre-Back,right,Not found,Monaco,1/7/2025,30/06/2028,Nike,28,444,79,No,Not found,3,14,first scrap players transfer
Michael Doughty,https://www.transfermarkt.com/michael-doughty/profil/spieler/173832,Success,173832,spieler,Michael Doughty,20/11/1992 (33),Westminster,"1,85 m",Wales  England,Midfield - Central Midfield,left,Not found,Swindon Town,12/9/2020,-,Not found,2,78,15,Yes,12/9/2020,Not found,2,first scrap players transfer
Danny Drinkwater,https://www.transfermarkt.com/danny-drinkwater/profil/spieler/73491,Success,73491,spieler,Danny Drinkwater,05/03/1990 (35),Manchester,"1,78 m",England,Midfield - Central Midfield,right,Not found,Wythenshawe,10/11/2025,-,Not found,12,465,80,No,Not found,Not found,6,first scrap players transfer
Michael Duff,https://www.transfermarkt.com/michael-duff/profil/spieler/119269,Success,119269,spieler,Shane Duffy,01/01/1992 (33),Derry,"1,93 m",Ireland  Northern Ireland,Defender - Centre-Back,right,Not found,Norwich,1/7/2023,30/06/2026,Not found,13,296,48,No,Not found,4,8,first scrap players transfer
Eljero Elia,https://www.transfermarkt.com/eljero-elia/profil/spieler/27805,Success,27805,spieler,Eljero Elia,13/02/1987 (38),Voorburg,"1,76 m",Netherlands  Suriname,Attack - Left Winger,right,Not found,Madestein,1/7/2025,-,Not found,22,627,108,No,Not found,Not found,11,first scrap players transfer
Radamel Falcao,https://www.transfermarkt.com/radamel-falcao/profil/spieler/39152,Success,39152,spieler,Radamel Falcao,10/02/1986 (39),Santa Marta,"1,77 m",Colombia  Venezuela,Attack - Centre-Forward,right,Not found,Without Club,1/7/2025,-,Nike,35,1480,283,No,Not found,Not found,15,first scrap players transfer
Federico Fazio,https://www.transfermarkt.com/federico-fazio/profil/spieler/45314,Success,45314,spieler,Federico Fazio,17/03/1987 (38),Buenos Aires,"1,95 m",Argentina  Italy,Defender - Centre-Back,right,Not found,Salernitana,1/7/2024,-,adidas,22,463,82,Yes,1/7/2024,Not found,9,first scrap players transfer
Federico Fernández,https://www.transfermarkt.com/federico-fernndez/profil/spieler/85475,Success,85475,spieler,Federico Fernández,21/02/1989 (36),Tres Algarrobos,"1,89 m",Argentina  Italy,Defender - Centre-Back,right,Not found,Estudiantes LP,1/1/2025,-,adidas,12,288,41,Yes,1/1/2025,Not found,6,first scrap players transfer
Fernando,https://www.transfermarkt.com/fernando/profil/spieler/7767,Success,7767,spieler,Fernando Torres,20/03/1984 (41),Fuenlabrada (Madrid),"1,86 m",Spain,Attack - Centre-Forward,right,Not found,Sagan Tosu,26/08/2019,-,Mizuno,16,342,81,Yes,26/08/2019,Not found,8,first scrap players transfer
Fraser Forster,https://www.transfermarkt.com/fraser-forster/profil/spieler/52570,Success,52570,spieler,Fraser Forster,17/03/1988 (37),Hexham,"2,01 m",England,Goalkeeper,right,Not found,Without Club,1/7/2025,-,Under Armour,6,577,70,No,Not found,Not found,5,first scrap players transfer
Darnell Furlong,https://www.transfermarkt.com/darnell-furlong/profil/spieler/351755,Success,351755,spieler,Darnell Furlong,31/10/1995 (30),Luton,"1,83 m",England  Montserrat,Defender - Right-Back,right,Not found,Ipswich,28/08/2025,30/06/2028,Not found,1,43,6,No,Not found,19,1,first scrap players transfer
Brendan Galloway,https://www.transfermarkt.com/brendan-galloway/profil/spieler/208244,Success,208244,spieler,Brendan Galloway,17/03/1996 (29),Harare,"1,86 m",Zimbabwe  England,Defender - Centre-Back,left,Not found,Plymouth,21/07/2021,30/06/2026,adidas,13,1417,243,No,Not found,22,8,first scrap players transfer
Cristian Gamboa,https://www.transfermarkt.com/cristian-gamboa/profil/spieler/121686,Success,121686,spieler,Cristian Gamboa,24/10/1989 (36),Liberia,"1,75 m",Costa Rica,Defender - Right-Back,right,Not found,VfL Bochum,1/7/2025,-,Not found,10,281,38,Yes,1/7/2025,Not found,7,first scrap players transfer
Dominic Gape,https://www.transfermarkt.com/dominic-gape/profil/spieler/226964,Success,226964,spieler,Dominic Gape,09/09/1994 (31),Burton Bradstock,"1,80 m",England,Midfield - Defensive Midfield,right,Not found,Colchester Utd.,1/7/2025,30/06/2026,Not found,2,131,19,No,Not found,15,1,first scrap players transfer
Florin Gardoș,https://www.transfermarkt.com/florin-gardo/profil/spieler/57423,Success,57423,spieler,Florin Gardoș,29/10/1988 (37),Satu Mare,"1,93 m",Romania,Defender - Centre-Back,right,Not found,Academica Clince,30/06/2023,-,Nike,5,440,66,Yes,30/06/2023,Not found,4,first scrap players transfer
Carles Gil,https://www.transfermarkt.com/carles-gil/profil/spieler/127987,Success,127987,spieler,Carles Gil,22/11/1992 (33),Valencia,"1,71 m",Spain,Midfield - Attacking Midfield,left,Not found,New England,30/01/2019,31/12/2026,Not found,14,725,68,No,Not found,10,11,first scrap players transfer
Bafétimbi Gomis,https://www.transfermarkt.com/baftimbi-gomis/profil/spieler/22388,Success,22388,spieler,Bafétimbi Gomis,06/08/1985 (40),La Seyne-sur-Mer,"1,84 m",France  Senegal,Attack - Centre-Forward,right,Not found,Kawasaki Front.,10/11/2024,-,Not found,6,97,14,Yes,10/11/2024,Not found,6,first scrap players transfer
Kenji Gorré,https://www.transfermarkt.com/kenji-gorr/profil/spieler/374889,Success,374889,spieler,Kenji Gorré,29/09/1994 (31),Spijkenisse,"1,74 m",Curacao  Netherlands,Attack - Left Winger,right,Not found,Maccabi Haifa,17/07/2025,30/06/2027,Not found,2,50,8,No,Not found,11,2,first scrap players transfer
Reece Grego-Cox,https://www.transfermarkt.com/reece-grego-cox/profil/spieler/264199,Success,264199,spieler,Reece Grego-Cox,12/11/1996 (29),London,"1,78 m",Ireland  England,Midfield - Right Midfield,right,Not found,Hampton & Rich.,11/7/2025,30/06/2026,Not found,1,619,75,No,Not found,39,1,first scrap players transfer
Matt Grimes,https://www.transfermarkt.com/matt-grimes/profil/spieler/265471,Success,265471,spieler,Matt Grimes,15/07/1995 (30),Exeter,"1,78 m",England,Midfield - Defensive Midfield,left,Not found,Coventry,31/01/2025,30/06/2028,adidas,0,0,0,No,Not found,6,0,first scrap players transfer
Ben Hamer,https://www.transfermarkt.com/ben-hamer/profil/spieler/67283,Success,67283,spieler,Ben Hamer,20/11/1987 (38),Taunton,"1,93 m",England,Goalkeeper,right,Not found,QPR,19/09/2025,31/12/2025,Not found,4,271,36,No,Not found,29,3,first scrap players transfer
Dean Hammond,https://www.transfermarkt.com/dean-hammond/profil/spieler/33065,Success,33065,spieler,Dean Hammond,07/03/1983 (42),Hastings,"1,82 m",England,Midfield - Central Midfield,right,Not found,Worthing,1/7/2020,-,Not found,0,0,0,Yes,1/7/2020,Not found,0,first scrap players transfer
Tom Heaton,https://www.transfermarkt.com/tom-heaton/profil/spieler/34130,Success,34130,spieler,Tom Heaton,15/04/1986 (39),Chester,"1,88 m",England,Goalkeeper,right,Not found,Man Utd,2/7/2021,30/06/2026,Not found,7,727,86,No,Not found,22,6,first scrap players transfer
Rushian Hepburn-Murphy,https://www.transfermarkt.com/rushian-hepburn-murphy/profil/spieler/314237,Success,314237,spieler,Rushian Hepburn-Murphy,28/08/1998 (27),Birmingham,"1,73 m",England  Jamaica,Attack - Centre-Forward,right,Not found,MK Dons,1/7/2025,-,Nike,0,0,0,No,Not found,29,0,first scrap players transfer
Abel Hernández,https://www.transfermarkt.com/abel-hernndez/profil/spieler/76608,Success,76608,spieler,Abel Hernández,08/08/1990 (35),Pando,"1,85 m",Uruguay,Attack - Centre-Forward,left,Not found,Liverpool FC,16/09/2024,31/12/2025,adidas,21,1147,190,No,Not found,10,11,first scrap players transfer
Ander Herrera,https://www.transfermarkt.com/ander-herrera/profil/spieler/99343,Success,99343,spieler,Ander Herrera,14/08/1989 (36),Bilbao,"1,82 m",Spain,Midfield - Central Midfield,right,Not found,Boca Juniors,17/01/2025,31/12/2026,Not found,31,852,146,No,Not found,21,12,first scrap players transfer
Jake Hesketh,https://www.transfermarkt.com/jake-hesketh/profil/spieler/315185,Success,315185,spieler,Jake Hesketh,27/03/1996 (29),Stockport,"1,68 m",England,Midfield - Attacking Midfield,right,Not found,FC Sholing,1/7/2023,-,Puma,2,157,17,No,Not found,Not found,2,first scrap players transfer
Brown Ideye,https://www.transfermarkt.com/brown-ideye/profil/spieler/64308,Success,64308,spieler,Brown Ideye,10/10/1988 (37),Yenagoa,"1,81 m",Nigeria,Attack - Centre-Forward,right,Not found,Enyimba Aba,20/08/2025,-,Not found,7,112,19,Yes,20/08/2025,Not found,6,first scrap players transfer
Danny Ings,https://www.transfermarkt.com/danny-ings/profil/spieler/134294,Success,134294,spieler,Danny Ings,23/07/1992 (33),Winchester,"1,77 m",England,Attack - Centre-Forward,right,Not found,Sheff Utd,27/08/2025,30/06/2026,Nike,12,733,134,No,Not found,9,7,first scrap players transfer
Lloyd Isgrove,https://www.transfermarkt.com/lloyd-isgrove/profil/spieler/226965,Success,226965,spieler,Lloyd Isgrove,12/01/1993 (32),Yeovil,"1,78 m",Wales  England,Attack - Right Winger,right,Not found,St Albans,21/11/2025,-,Not found,2,127,24,No,Not found,Not found,2,first scrap players transfer
Mauricio Isla,https://www.transfermarkt.com/mauricio-isla/profil/spieler/43722,Success,43722,spieler,Mauricio Isla,12/06/1988 (37),Buin,"1,76 m",Chile,Defender - Right-Back,right,Not found,Colo-Colo,31/07/2024,31/12/2025,adidas,17,477,74,No,Not found,22,14,first scrap players transfer
Matty James,https://www.transfermarkt.com/matty-james/profil/spieler/73522,Success,73522,spieler,Matty James,22/07/1991 (34),Bacup,"1,81 m",England,Midfield - Central Midfield,right,Not found,Wrexham,25/10/2024,30/06/2026,Nike,5,979,121,No,Not found,37,3,first scrap players transfer
Daryl Janmaat,https://www.transfermarkt.com/daryl-janmaat/profil/spieler/60744,Success,60744,spieler,Daryl Janmaat,22/07/1989 (36),Leidschendam,"1,85 m",Netherlands,Defender - Right-Back,right,Not found,ADO Den Haag,1/7/2022,-,Not found,18,743,105,Yes,1/7/2022,Not found,9,first scrap players transfer
Siem de Jong,https://www.transfermarkt.com/siem-de-jong/profil/spieler/45509,Success,45509,spieler,Siem de Jong,28/01/1989 (36),Aigle,"1,85 m",Netherlands,Midfield - Attacking Midfield,right,Not found,De Graafschap,1/7/2023,-,adidas,15,634,124,Yes,1/7/2023,Not found,7,first scrap players transfer
Lukas Jutkiewicz,https://www.transfermarkt.com/lukas-jutkiewicz/profil/spieler/33507,Success,33507,spieler,Lukas Jutkiewicz,28/03/1989 (36),Southampton,"1,85 m",England,Attack - Centre-Forward,left,Not found,Birmingham,1/7/2025,-,Not found,2,28,3,Yes,1/7/2025,Not found,1,first scrap players transfer
Michael Keane,https://www.transfermarkt.com/michael-keane/profil/spieler/118534,Success,118534,spieler,Michael Keane,11/01/1993 (32),Stockport,"1,88 m",England  Ireland,Defender - Centre-Back,right,Not found,Everton,3/7/2017,30/06/2026,Nike,4,51,10,No,Not found,5,3,first scrap players transfer
Andy King,https://www.transfermarkt.com/andy-king/profil/spieler/56872,Success,56872,spieler,Andy King,29/10/1988 (37),Barnstaple,"1,84 m",Wales  England,Midfield - Central Midfield,right,Not found,Bristol City,1/7/2024,-,adidas,2,113,20,Yes,1/7/2024,Not found,2,first scrap players transfer
Anthony Knockaert,https://www.transfermarkt.com/anthony-knockaert/profil/spieler/149237,Success,149237,spieler,Anthony Knockaert,20/11/1991 (34),Roubaix,"1,72 m",France  Belgium,Attack - Right Winger,left,Not found,Mouscron,11/7/2024,-,Not found,9,381,62,No,Not found,Not found,4,first scrap players transfer
Cheikhou Kouyaté,https://www.transfermarkt.com/cheikhou-kouyat/profil/spieler/66934,Success,66934,spieler,Cheikhou Kouyaté,21/12/1989 (35),Dakar,"1,89 m",Senegal  Belgium,Midfield - Defensive Midfield,right,Not found,Amed SK,12/9/2025,30/06/2026,Not found,14,374,57,No,Not found,8,8,first scrap players transfer
Cole Kpekawa,https://www.transfermarkt.com/cole-kpekawa/profil/spieler/347895,Success,347895,spieler,Cole Kpekawa,20/05/1996 (29),Blackpool,"1,91 m",England  Ghana,Defender - Centre-Back,left,Not found,Bedford Town,1/7/2025,-,Not found,0,0,0,No,Not found,4,0,first scrap players transfer
Andrej Kramarić,https://www.transfermarkt.com/andrej-kramari/profil/spieler/46580,Success,46580,spieler,Andrej Kramaric,19/06/1991 (34),Zagreb,"1,77 m",Croatia,Midfield - Attacking Midfield,right,Not found,Hoffenheim,1/7/2016,30/06/2026,adidas,20,344,57,No,Not found,27,9,first scrap players transfer
Bojan Krkić,https://www.transfermarkt.com/bojan-krki/profil/spieler/44675,Success,44675,spieler,Bojan Krkic,28/08/1990 (35),Liñola,"1,70 m",Spain  Serbia,Attack - Second Striker,right,Not found,Vissel Kobe,23/03/2023,-,Nike,8,515,82,Yes,23/03/2023,Not found,8,first scrap players transfer
Daniel Lafferty,https://www.transfermarkt.com/daniel-lafferty/profil/spieler/85928,Success,85928,spieler,Danny Lafferty,18/05/1989 (36),Derry,"1,82 m",Northern Ireland,Defender - Left-Back,left,Not found,Ballymena Utd,1/7/2024,31/05/2026,Not found,0,0,0,No,Not found,3,0,first scrap players transfer
Jesse Lingard,https://www.transfermarkt.com/jesse-lingard/profil/spieler/141660,Success,141660,spieler,Jesse Lingard,15/12/1992 (32),Warrington,"1,74 m",England,Midfield - Attacking Midfield,right,Not found,FC Seoul,8/2/2024,31/12/2025,Nike,13,434,101,No,Not found,10,7,first scrap players transfer
Ruben Loftus-Cheek,https://www.transfermarkt.com/ruben-loftus-cheek/profil/spieler/202886,Success,202886,spieler,Ruben Loftus-Cheek,23/01/1996 (29),London,"1,91 m",England  Guyana,Midfield - Central Midfield,right,Not found,AC Milan,1/7/2023,30/06/2027,adidas,24,861,160,No,Not found,8,8,first scrap players transfer
Kevin Long,https://www.transfermarkt.com/kevin-long/profil/spieler/111114,Success,111114,spieler,Kevin Long,18/08/1990 (35),Cork,"1,88 m",Ireland,Defender - Centre-Back,right,Not found,Toronto,20/02/2024,31/12/2025,Not found,9,606,81,No,Not found,5,7,first scrap players transfer
Filipe Luís,https://www.transfermarkt.com/filipe-lus/profil/spieler/21725,Success,21725,spieler,Filipe Luís,09/08/1985 (40),Jaraguá do Sul,"1,82 m",Brazil  Poland,Defender - Left-Back,left,Not found,Flamengo,1/1/2024,-,Not found,16,450,91,Yes,1/1/2024,Not found,9,first scrap players transfer
Harry Maguire,https://www.transfermarkt.com/harry-maguire/profil/spieler/177907,Success,177907,spieler,Harry Maguire,05/03/1993 (32),Sheffield,"1,94 m",England,Defender - Centre-Back,right,Not found,Man Utd,5/8/2019,30/06/2026,Puma,12,307,61,No,Not found,5,6,first scrap players transfer
Riyad Mahrez,https://www.transfermarkt.com/riyad-mahrez/profil/spieler/171424,Success,171424,spieler,Riyad Mahrez,21/02/1991 (34),Clichy,"1,79 m",Algeria  France,Attack - Right Winger,left,Not found,Al-Ahli,28/07/2023,30/06/2027,Nike,3,35,4,No,Not found,7,3,first scrap players transfer
Ainsley Maitland-Niles,https://www.transfermarkt.com/ainsley-maitland-niles/profil/spieler/285845,Success,285845,spieler,Ainsley Maitland-Niles,29/08/1997 (28),London,"1,80 m",England  Jamaica,Defender - Right-Back,right,Not found,Lyon,7/8/2023,30/06/2027,Nike,10,160,31,No,Not found,98,6,first scrap players transfer
Sadio Mané,https://www.transfermarkt.com/sadio-man/profil/spieler/200512,Success,200512,spieler,Sadio Mané,10/04/1992 (33),Bambaly,"1,74 m",Senegal,Attack - Left Winger,right,Not found,Al-Nassr,1/8/2023,30/06/2026,New Balance,16,375,65,No,Not found,10,9,first scrap players transfer
Eliaquim Mangala,https://www.transfermarkt.com/eliaquim-mangala/profil/spieler/90681,Success,90681,spieler,Eliaquim Mangala,13/02/1991 (34),Colombes,"1,87 m",France  Belgium,Defender - Centre-Back,left,Not found,Without Club,1/7/2025,-,adidas,13,700,81,No,Not found,Not found,8,first scrap players transfer
Javier Manquillo,https://www.transfermarkt.com/javier-manquillo/profil/spieler/162029,Success,162029,spieler,Javier Manquillo,05/05/1994 (31),Madrid,"1,78 m",Spain,Defender - Right-Back,right,Not found,Without Club,1/7/2025,-,Not found,10,238,44,No,Not found,Not found,7,first scrap players transfer
Lazar Marković,https://www.transfermarkt.com/lazar-markovi/profil/spieler/144303,Success,144303,spieler,Lazar Markovic,02/03/1994 (31),Čačak,"1,75 m",Serbia,Attack - Right Winger,right,Not found,Apol. Limassol,25/08/2025,31/05/2026,Mizuno,13,525,104,No,Not found,50,9,first scrap players transfer
Dean Marney,https://www.transfermarkt.com/dean-marney/profil/spieler/4055,Success,4055,spieler,Dean Marney,31/01/1984 (41),London,"1,83 m",England,Midfield - Central Midfield,right,Not found,Fleetwood,27/07/2020,-,Not found,5,708,87,Yes,27/07/2020,Not found,4,first scrap players transfer
Emiliano Martínez,https://www.transfermarkt.com/emiliano-martnez/profil/spieler/111873,Success,111873,spieler,Emiliano Martínez,02/09/1992 (33),Mar del Plata,"1,95 m",Argentina  Spain,Goalkeeper,right,Not found,Aston Villa,16/09/2020,30/06/2029,adidas,5,34,7,No,Not found,23,3,first scrap players transfer
Ryan Mason,https://www.transfermarkt.com/ryan-mason/profil/spieler/61834,Success,61834,spieler,Ryan Mason,13/06/1991 (34),London,"1,75 m",England,Midfield - Central Midfield,right,Not found,Hull City,13/02/2018,-,adidas,5,497,79,Yes,13/02/2018,Not found,3,first scrap players transfer
Jason McCarthy,https://www.transfermarkt.com/jason-mccarthy/profil/spieler/227185,Success,227185,spieler,Jason McCarthy,07/11/1995 (30),Southampton,"1,86 m",England,Defender - Right-Back,right,Not found,Wycombe,1/1/2025,-,Not found,0,0,0,Yes,1/1/2025,Not found,0,first scrap players transfer
Paddy McNair,https://www.transfermarkt.com/paddy-mcnair/profil/spieler/167268,Success,167268,spieler,Paddy McNair,27/04/1995 (30),Ballyclare,"1,89 m",Northern Ireland,Defender - Centre-Back,right,Not found,San Diego,25/07/2024,31/12/2027,Nike,5,432,72,No,Not found,17,5,first scrap players transfer
Ben Mee,https://www.transfermarkt.com/ben-mee/profil/spieler/74810,Success,74810,spieler,Ben Mee,21/09/1989 (36),Sale,"1,80 m",England,Defender - Centre-Back,left,Not found,Sheff Utd,1/9/2025,30/06/2026,Not found,8,579,78,No,Not found,15,6,first scrap players transfer
Jefferson Montero,https://www.transfermarkt.com/jefferson-montero/profil/spieler/77932,Success,77932,spieler,Jefferson Montero,01/09/1989 (36),Babahoyo,"1,70 m",Ecuador,Attack - Left Winger,right,Not found,FC St Helens,17/01/2025,-,Not found,10,445,59,No,Not found,Not found,6,first scrap players transfer
Liam Moore,https://www.transfermarkt.com/liam-moore/profil/spieler/128906,Success,128906,spieler,Liam Moore,31/01/1993 (32),Loughborough,"1,85 m",Jamaica  England,Defender - Centre-Back,right,Not found,Spalding United,7/11/2024,30/06/2025,Nike,3,93,18,No,Not found,Not found,2,first scrap players transfer
Alberto Moreno,https://www.transfermarkt.com/alberto-moreno/profil/spieler/207917,Success,207917,spieler,Alberto Moreno,05/07/1992 (33),Sevilla,"1,71 m",Spain,Defender - Left-Back,left,Not found,Como,19/07/2024,30/06/2026,adidas,11,683,107,No,Not found,18,7,first scrap players transfer
Wes Morgan,https://www.transfermarkt.com/wes-morgan/profil/spieler/10003,Success,10003,spieler,Wes Morgan,21/01/1984 (41),Nottingham,"1,85 m",Jamaica  England,Defender - Centre-Back,right,Not found,Leicester,1/7/2021,-,Nike,8,342,55,Yes,1/7/2021,Not found,5,first scrap players transfer
Dame N'Doye,https://www.transfermarkt.com/dame-ndoye/profil/spieler/44855,Success,44855,spieler,Dame N'Doye,21/02/1985 (40),Thiès,"1,86 m",Senegal,Attack - Centre-Forward,right,Not found,Copenhagen,1/1/2023,-,adidas,4,138,21,Yes,1/1/2023,Not found,2,first scrap players transfer
Nenê,https://www.transfermarkt.com/nen/profil/spieler/574901,Success,574901,spieler,Hugo Souza,31/01/1999 (26),Duque de Caxias,"1,99 m",Brazil,Goalkeeper,right,Not found,Corinthians,1/1/2025,31/12/2028,adidas,3,64,13,No,Not found,1,2,first scrap players transfer
David Nugent,https://www.transfermarkt.com/david-nugent/profil/spieler/33963,Success,33963,spieler,David Nugent,02/05/1985 (40),Huyton,"1,80 m",England  Ireland,Attack - Centre-Forward,right,Not found,Anstey Nomads,17/10/2025,-,Not found,4,115,19,No,Not found,Not found,3,first scrap players transfer
Nélson Oliveira,https://www.transfermarkt.com/nlson-oliveira/profil/spieler/72768,Success,72768,spieler,Nélson Oliveira,08/08/1991 (34),Barcelos,"1,86 m",Portugal,Attack - Centre-Forward,right,Not found,Vit. Guimarães,24/01/2024,30/06/2026,Nike,14,519,75,No,Not found,7,7,first scrap players transfer
David Ospina,https://www.transfermarkt.com/david-ospina/profil/spieler/73396,Success,73396,spieler,David Ospina,31/08/1988 (37),Medellín,"1,83 m",Colombia  France,Goalkeeper,right,Not found,Atl. Nacional,1/7/2024,30/06/2026,adidas,24,824,158,No,Not found,1,13,first scrap players transfer
Gabriel Paulista,https://www.transfermarkt.com/gabriel-paulista/profil/spieler/149498,Success,149498,spieler,Gabriel Paulista,26/11/1990 (34),São Paulo,"1,85 m",Brazil  Spain,Defender - Centre-Back,right,Not found,Besiktas,1/7/2024,30/06/2027,adidas,15,518,76,No,Not found,3,8,first scrap players transfer
Graziano Pellè,https://www.transfermarkt.com/graziano-pell/profil/spieler/29594,Success,29594,spieler,Graziano Pellè,15/07/1985 (40),San Cesario di Lecce,"1,94 m",Italy,Attack - Centre-Forward,right,Not found,Parma,1/7/2021,-,Nike,4,70,13,Yes,1/7/2021,Not found,3,first scrap players transfer
Andreas Pereira,https://www.transfermarkt.com/andreas-pereira/profil/spieler/203394,Success,203394,spieler,Andreas Pereira,01/01/1996 (29),Duffel,"1,78 m",Brazil  Belgium,Midfield - Attacking Midfield,right,Not found,Palmeiras,29/08/2025,31/12/2028,adidas,5,109,20,No,Not found,8,3,first scrap players transfer
Ayoze Pérez,https://www.transfermarkt.com/ayoze-prez/profil/spieler/246968,Success,246968,spieler,Ayoze Pérez,29/07/1993 (32),Santa Cruz de Tenerife,"1,78 m",Spain,Attack - Centre-Forward,right,Not found,Villarreal,13/08/2024,30/06/2028,adidas,12,300,41,No,Not found,22,6,first scrap players transfer
Sébastien Pocognoli,https://www.transfermarkt.com/sbastien-pocognoli/profil/spieler/17804,Success,17804,spieler,Sébastien Pocognoli,01/08/1987 (38),Seraing,"1,81 m",Belgium  Italy,Defender - Left-Back,left,Not found,Union SG,1/7/2021,-,Not found,7,546,49,Yes,1/7/2021,Not found,5,first scrap players transfer
Diego Poyet,https://www.transfermarkt.com/diego-poyet/profil/spieler/183286,Success,183286,spieler,Diego Poyet,08/04/1995 (30),Zaragoza,"1,80 m",Uruguay  Spain,Midfield - Central Midfield,right,Not found,Pafos,1/7/2018,-,Not found,0,0,0,Yes,1/7/2018,Not found,0,first scrap players transfer
José Pozo,https://www.transfermarkt.com/jos-pozo/profil/spieler/135105,Success,135105,spieler,Isidoro San José,27/10/1955 (70),Madrid,"1,76 m",Spain,Defender - Right-Back,right,Not found,RCD Mallorca,1/7/1988,-,Not found,0,0,0,Yes,1/7/1988,Not found,0,first scrap players transfer
Anthony Réveillère,https://www.transfermarkt.com/anthony-rveillre/profil/spieler/5668,Success,5668,spieler,Anthony Réveillère,10/11/1979 (46),Doué-la-Fontaine,"1,80 m",France,Defender - Right-Back,right,Not found,Sunderland,9/11/2015,-,Not found,3,177,47,Yes,9/11/2015,Not found,3,first scrap players transfer
Emmanuel Rivière,https://www.transfermarkt.com/emmanuel-rivire/profil/spieler/61637,Success,61637,spieler,Emmanuel Rivière,03/03/1990 (35),Le Lamentin,"1,82 m",Martinique  France,Attack - Centre-Forward,right,Not found,Crotone,13/08/2021,-,Not found,9,335,48,Yes,13/08/2021,Not found,4,first scrap players transfer
Andrew Robertson,https://www.transfermarkt.com/andrew-robertson/profil/spieler/234803,Success,234803,spieler,Andrew Robertson,11/03/1994 (31),Glasgow,"1,78 m",Scotland,Defender - Left-Back,left,Not found,Liverpool,21/07/2017,30/06/2026,Nike,13,241,47,No,Not found,26,7,first scrap players transfer
Marcos Rojo,https://www.transfermarkt.com/marcos-rojo/profil/spieler/93176,Success,93176,spieler,Marcos Rojo,20/03/1990 (35),La Plata,"1,86 m",Argentina,Defender - Centre-Back,left,Not found,Racing Club,10/8/2025,30/06/2026,Nike,44,1816,308,No,Not found,6,16,first scrap players transfer
Diafra Sakho,https://www.transfermarkt.com/diafra-sakho/profil/spieler/120610,Success,120610,spieler,Diafra Sakho,24/12/1989 (35),Guédiawaye,"1,83 m",Senegal  France,Attack - Centre-Forward,right,Not found,AS Nancy,27/07/2023,-,Not found,14,682,102,Yes,27/07/2023,Not found,6,first scrap players transfer
Georgios Samaras,https://www.transfermarkt.com/georgios-samaras/profil/spieler/6855,Success,6855,spieler,Georgios Samaras,21/02/1985 (40),Heraklion,"1,93 m",Greece  Australia,Attack - Left Winger,right,Not found,Samsunspor,1/7/2018,-,Not found,4,129,28,Yes,1/7/2018,Not found,3,first scrap players transfer
Alexis Sánchez,https://www.transfermarkt.com/alexis-snchez/profil/spieler/40433,Success,40433,spieler,Alexis Sánchez,19/12/1988 (36),Tocopilla,"1,69 m",Chile,Attack - Centre-Forward,right,Not found,Sevilla FC,1/9/2025,30/06/2026,Nike,34,901,164,No,Not found,10,14,first scrap players transfer
Carlos Sánchez,https://www.transfermarkt.com/carlos-snchez/profil/spieler/7509,Success,7509,spieler,Carlos Sánchez,19/01/1978 (47),Madrid,"1,84 m",Spain,Goalkeeper,Not found,Not found,Puerta Bonita,1/7/2011,-,Not found,0,0,0,Yes,1/7/2011,Not found,0,first scrap players transfer
Jeffrey Schlupp,https://www.transfermarkt.com/jeffrey-schlupp/profil/spieler/157506,Success,157506,spieler,Jeffrey Schlupp,23/12/1992 (32),Hamburg,"1,78 m",Ghana  Germany,Midfield - Left Midfield,left,Not found,Norwich,24/07/2025,30/06/2026,adidas,10,476,73,No,Not found,27,8,first scrap players transfer
Kasper Schmeichel,https://www.transfermarkt.com/kasper-schmeichel/profil/spieler/16911,Success,16911,spieler,Kasper Schmeichel,05/11/1986 (39),Kopenhagen,"1,89 m",Denmark,Goalkeeper,right,Not found,Celtic,18/07/2024,30/06/2026,New Balance,6,187,37,No,Not found,1,4,first scrap players transfer
Ryan Seager,https://www.transfermarkt.com/ryan-seager/profil/spieler/247647,Success,247647,spieler,Ryan Seager,05/02/1996 (29),Yeovil,"1,76 m",England,Attack - Centre-Forward,right,Not found,Havant & Water.,7/11/2023,-,Not found,1,325,42,No,Not found,9,1,first scrap players transfer
Jason Shackell,https://www.transfermarkt.com/jason-shackell/profil/spieler/11756,Success,11756,spieler,Jason Shackell,27/09/1983 (42),Stevenage,"1,93 m",England,Defender - Centre-Back,left,Not found,Lincoln City,6/3/2020,-,Not found,1,14,4,Yes,6/3/2020,Not found,1,first scrap players transfer
Ollie Shenton,https://www.transfermarkt.com/ollie-shenton/profil/spieler/335541,Success,335541,spieler,Oliver Shenton,06/11/1997 (28),Stoke-on-Trent,"1,75 m",England,Midfield - Central Midfield,left,Not found,Leek Town FC,1/7/2024,30/06/2025,Not found,0,0,0,No,Not found,Not found,0,first scrap players transfer
Jerome Sinclair,https://www.transfermarkt.com/jerome-sinclair/profil/spieler/236513,Success,236513,spieler,Jerome Sinclair,20/09/1996 (29),Birmingham,"1,81 m",England,Attack - Centre-Forward,right,Not found,Watford,1/7/2021,-,Not found,0,0,0,Yes,1/7/2021,Not found,0,first scrap players transfer
Pape Souaré,https://www.transfermarkt.com/pape-souar/profil/spieler/125868,Success,125868,spieler,Pape Souaré,06/06/1990 (35),Mbao,"1,78 m",Senegal,Defender - Left-Back,left,Not found,AFC Croydon,1/7/2025,-,Not found,4,476,62,No,Not found,Not found,3,first scrap players transfer
Benjamin Stambouli,https://www.transfermarkt.com/benjamin-stambouli/profil/spieler/127160,Success,127160,spieler,Benjamin Stambouli,13/08/1990 (35),Marseille,"1,80 m",France  Algeria,Midfield - Defensive Midfield,right,Not found,FC Metz,10/9/2024,30/06/2026,Not found,17,677,87,No,Not found,21,12,first scrap players transfer
Jed Steer,https://www.transfermarkt.com/jed-steer/profil/spieler/110867,Success,110867,spieler,Jed Steer,23/09/1992 (33),Norwich,"1,83 m",England  Scotland,Goalkeeper,left,Not found,Peterborough,27/10/2025,-,Not found,3,721,81,Yes,27/10/2025,Not found,3,first scrap players transfer
Dušan Tadić,https://www.transfermarkt.com/duan-tadi/profil/spieler/36139,Success,36139,spieler,Dušan Tadić,20/11/1988 (37),Bačka Topola,"1,81 m",Serbia,Attack - Right Winger,left,Not found,Al-Wahda,8/8/2025,30/06/2026,Nike,8,167,24,No,Not found,10,6,first scrap players transfer
Matt Targett,https://www.transfermarkt.com/matt-targett/profil/spieler/250478,Success,250478,spieler,Matt Targett,18/09/1995 (30),Eastleigh,"1,83 m",England  Scotland,Defender - Left-Back,left,Not found,Middlesbrough,27/08/2025,31/05/2026,Not found,16,937,117,No,Not found,3,8,first scrap players transfer
Dionatan Teixeira,https://www.transfermarkt.com/dionatan-teixeira/profil/spieler/107617,Success,107617,spieler,Dionatan Teixeira,24/07/1992,Londrina,"1,93 m",Slovakia  Brazil,Defender - Centre-Back,left,Not found,Not found,Not found,Not found,Not found,1,98,19,No,Not found,Not found,1,first scrap players transfer
Tom Thorpe,https://www.transfermarkt.com/tom-thorpe/profil/spieler/128911,Success,128911,spieler,Tom Thorpe,13/01/1993 (32),Manchester,"1,88 m",England,Defender - Centre-Back,right,Not found,Without Club,27/11/2023,-,Not found,0,0,0,No,Not found,Not found,0,first scrap players transfer
Kieran Trippier,https://www.transfermarkt.com/kieran-trippier/profil/spieler/95810,Success,95810,spieler,Kieran Trippier,19/09/1990 (35),Bury,"1,73 m",England,Defender - Right-Back,right,Not found,Newcastle,7/1/2022,30/06/2026,adidas,11,362,64,No,Not found,2,7,first scrap players transfer
Leonardo Ulloa,https://www.transfermarkt.com/leonardo-ulloa/profil/spieler/54890,Success,54890,spieler,Leonardo Ulloa,26/07/1986 (39),General Roca,"1,88 m",Argentina  Spain,Attack - Centre-Forward,right,Not found,Rayo Vallecano,1/7/2021,-,Not found,2,213,22,Yes,1/7/2021,Not found,2,first scrap players transfer
Fredrik Ulvestad,https://www.transfermarkt.com/fredrik-ulvestad/profil/spieler/158022,Success,158022,spieler,Fredrik Ulvestad,17/06/1992 (33),Ålesund,"1,83 m",Norway,Midfield - Defensive Midfield,right,Not found,Pogon Szczecin,21/08/2023,30/06/2026,Not found,10,148,28,No,Not found,8,2,first scrap players transfer
Víctor Valdés,https://www.transfermarkt.com/vctor-valds/profil/spieler/7589,Success,7589,spieler,Víctor Valdés,14/01/1982 (43),L’Hospitalet de Llobregat,"1,83 m",Spain,Goalkeeper,right,Not found,Middlesbrough,17/08/2017,-,Not found,5,332,34,Yes,17/08/2017,Not found,4,first scrap players transfer
Enner Valencia,https://www.transfermarkt.com/enner-valencia/profil/spieler/139503,Success,139503,spieler,Enner Valencia,04/11/1989 (36),San Lorenzo,"1,77 m",Ecuador,Attack - Centre-Forward,right,Not found,Pachuca,11/9/2025,31/12/2027,Not found,21,458,84,No,Not found,10,7,first scrap players transfer
Jamie Vardy,https://www.transfermarkt.com/jamie-vardy/profil/spieler/197838,Success,197838,spieler,Jamie Vardy,11/01/1987 (38),Sheffield,"1,79 m",England,Attack - Centre-Forward,right,Not found,Cremonese,1/9/2025,30/06/2026,adidas,17,275,51,No,Not found,10,8,first scrap players transfer
Silvestre Varela,https://www.transfermarkt.com/silvestre-varela/profil/spieler/31316,Success,31316,spieler,Varela,02/02/1985 (40),Almada,"1,80 m",Portugal  Cape Verde,Attack - Left Winger,right,Not found,FC Porto B,1/7/2023,-,adidas,14,488,116,Yes,1/7/2023,Not found,10,first scrap players transfer
Eduardo Vargas,https://www.transfermarkt.com/eduardo-vargas/profil/spieler/89718,Success,89718,spieler,Eduardo Vargas,20/11/1989 (36),Renca,"1,74 m",Chile,Attack - Centre-Forward,right,Not found,Audax Italiano,24/07/2025,31/12/2025,Nike,6,251,42,No,Not found,17,5,first scrap players transfer
Ross Wallace,https://www.transfermarkt.com/ross-wallace/profil/spieler/9509,Success,9509,spieler,Ross Wallace,23/05/1985 (40),Dundee,"1,68 m",Scotland,Midfield - Right Midfield,left,Not found,St. Mirren,1/7/2020,-,Not found,3,284,35,Yes,1/7/2020,Not found,3,first scrap players transfer
Marcin Wasilewski,https://www.transfermarkt.com/marcin-wasilewski/profil/spieler/16947,Success,16947,spieler,Marcin Wasilewski,09/06/1980 (45),Kraków,"1,86 m",Poland,Defender - Centre-Back,right,Not found,Wisla Kraków,1/8/2020,-,Not found,3,341,76,Yes,1/8/2020,Not found,3,first scrap players transfer
Philipp Wollscheid,https://www.transfermarkt.com/philipp-wollscheid/profil/spieler/53173,Success,53173,spieler,Philipp Wollscheid,06/03/1989 (36),Wadern,N/A,Germany,Defender - Centre-Back,N/A,Not found,FC Noswendel/W.,1/7/2019,-,Not found,7,109,16,Yes,1/7/2019,Not found,4,first scrap players transfer
DeAndre Yedlin,https://www.transfermarkt.com/deandre-yedlin/profil/spieler/255916,Success,255916,spieler,DeAndre Yedlin,09/07/1993 (32),"Seattle, Washington","1,73 m",United States  Latvia,Defender - Right-Back,right,Not found,Salt Lake,21/08/2025,31/12/2027,adidas,10,347,53,No,Not found,2,6,first scrap players transfer
Mauro Zárate,https://www.transfermarkt.com/mauro-zrate/profil/spieler/26456,Success,26456,spieler,Mauro Zárate,18/03/1987 (38),Morón,"1,75 m",Argentina  Chile,Attack - Centre-Forward,right,Not found,Danubio FC,10/1/2025,-,Nike,13,705,81,Yes,10/1/2025,Not found,7,first scrap players transfer
Kurt Zouma,https://www.transfermarkt.com/kurt-zouma/profil/spieler/157509,Success,157509,spieler,Kurt Zouma,27/10/1994 (31),Lyon,"1,90 m",France  Central African Republic,Defender - Centre-Back,right,Not found,CFR Cluj,3/9/2025,30/06/2027,Not found,16,674,119,No,Not found,4,10,first scrap players transfer
Filip Đuričić,https://www.transfermarkt.com/filip-urii/profil/spieler/94307,Success,94307,spieler,Filip Djuricic,30/01/1992 (33),Belgrade,"1,81 m",Serbia,Midfield - Attacking Midfield,right,Not found,Panathinaikos,1/7/2023,30/06/2026,adidas,12,370,64,No,Not found,31,9,first scrap players transfer
Almen Abdi,https://www.transfermarkt.com/almen-abdi/profil/spieler/9966,Success,9966,spieler,Almen Abdi,21/10/1986 (39),Prizren,"1,81 m",Switzerland  Kosovo,Midfield - Central Midfield,right,Not found,Sheff Wed,1/7/2019,-,Not found,5,199,59,Yes,1/7/2019,Not found,4,first scrap players transfer
Tammy Abraham,https://www.transfermarkt.com/tammy-abraham/profil/spieler/331726,Success,331726,spieler,Tammy Abraham,02/10/1997 (28),London,"1,94 m",England  Nigeria,Attack - Centre-Forward,right,Not found,Besiktas,1/7/2025,30/06/2029,Nike,18,568,78,No,Not found,9,7,first scrap players transfer
Ibrahim Afellay,https://www.transfermarkt.com/ibrahim-afellay/profil/spieler/15760,Success,15760,spieler,Ibrahim Afellay,02/04/1986 (39),Utrecht,N/A,Netherlands  Morocco,Midfield - Attacking Midfield,N/A,Not found,PSV,31/01/2021,-,Puma,7,1086,162,Yes,31/01/2021,Not found,5,first scrap players transfer
Benik Afobe,https://www.transfermarkt.com/benik-afobe/profil/spieler/110858,Success,110858,spieler,Benik Afobe,12/02/1993 (32),London,"1,83 m",DR Congo  England,Attack - Centre-Forward,right,Not found,Al-Arabi,1/8/2025,-,Not found,7,723,126,No,Not found,93,6,first scrap players transfer
Dele Alli,https://www.transfermarkt.com/dele-alli/profil/spieler/207929,Success,207929,spieler,Dele Alli,11/04/1996 (29),Milton Keynes,"1,88 m",England  Nigeria,Midfield - Attacking Midfield,right,Not found,Without Club,1/9/2025,-,adidas,17,694,125,No,Not found,Not found,9,first scrap players transfer
Ryan Allsop,https://www.transfermarkt.com/ryan-allsop/profil/spieler/111073,Success,111073,spieler,Ryan Allsop,17/06/1992 (33),Birmingham,"1,89 m",England,Goalkeeper,right,Not found,Birmingham,1/7/2024,30/06/2028,Not found,1,45,7,No,Not found,21,1,first scrap players transfer
Daniel Amartey,https://www.transfermarkt.com/daniel-amartey/profil/spieler/214056,Success,214056,spieler,Daniel Amartey,21/12/1994 (30),Accra,"1,86 m",Ghana,Defender - Centre-Back,right,Not found,Without Club,13/09/2024,-,Puma,13,836,122,No,Not found,Not found,6,first scrap players transfer
Jordan Amavi,https://www.transfermarkt.com/jordan-amavi/profil/spieler/241229,Success,241229,spieler,Jordan Amavi,09/03/1994 (31),Toulon,"1,76 m",France  Senegal,Defender - Left-Back,left,Not found,Without Club,1/7/2025,-,Not found,12,619,103,No,Not found,Not found,7,first scrap players transfer
Nordin Amrabat,https://www.transfermarkt.com/nordin-amrabat/profil/spieler/55619,Success,55619,spieler,Nordin Amrabat,31/03/1987 (38),Naarden,"1,78 m",Morocco  Netherlands,Attack - Right Winger,right,Not found,Wydad AC,1/6/2025,-,Puma,16,276,50,No,Not found,11,11,first scrap players transfer
José Ángel Crespo,https://www.transfermarkt.com/jos-ngel-crespo/profil/spieler/37397,Success,37397,spieler,José Crespo,09/02/1987 (38),Lora del Río,"1,85 m",Spain,Defender - Centre-Back,right,Not found,APOEL Nicosia,1/7/2024,-,Not found,20,737,106,Yes,1/7/2024,Not found,10,first scrap players transfer
Michail Antonio,https://www.transfermarkt.com/michail-antonio/profil/spieler/104124,Success,104124,spieler,Michail Antonio,28/03/1990 (35),London,"1,80 m",Jamaica  England,Attack - Centre-Forward,right,Not found,West Ham U21,1/7/2025,-,Umbro,18,935,146,No,Not found,Not found,8,first scrap players transfer
Ikechi Anya,https://www.transfermarkt.com/ikechi-anya/profil/spieler/107427,Success,107427,spieler,Ikechi Anya,03/01/1988 (37),Glasgow,"1,66 m",Scotland  Nigeria,Midfield - Left Midfield,both,Not found,Derby,1/7/2020,-,Nike,0,0,0,Yes,1/7/2020,Not found,0,first scrap players transfer
Giedrius Arlauskis,https://www.transfermarkt.com/giedrius-arlauskis/profil/spieler/69001,Success,69001,spieler,Giedrius Arlauskis,01/12/1987 (37),Telšiai,"1,91 m",Lithuania,Goalkeeper,left,Not found,CS U Craiova,9/2/2023,-,Not found,3,64,10,Yes,9/2/2023,Not found,3,first scrap players transfer
Harry Arter,https://www.transfermarkt.com/harry-arter/profil/spieler/55742,Success,55742,spieler,Harry Arter,28/12/1989 (35),London,"1,77 m",Ireland  England,Midfield - Central Midfield,left,Not found,Precision FC,1/7/2024,-,Not found,12,383,53,No,Not found,6,5,first scrap players transfer
André Ayew,https://www.transfermarkt.com/andr-ayew/profil/spieler/45403,Success,45403,spieler,André Ayew,17/12/1989 (35),Seclin,"1,75 m",Ghana  France,Attack - Centre-Forward,left,Not found,Without Club,1/7/2025,-,Not found,9,329,66,No,Not found,Not found,6,first scrap players transfer
Jordan Ayew,https://www.transfermarkt.com/jordan-ayew/profil/spieler/108354,Success,108354,spieler,Jordan Ayew,11/09/1991 (34),Marseille,"1,82 m",Ghana  France,Attack - Centre-Forward,right,Not found,Leicester,23/08/2024,30/06/2026,Not found,2,22,2,No,Not found,9,2,first scrap players transfer
Patrick Bamford,https://www.transfermarkt.com/patrick-bamford/profil/spieler/183334,Success,183334,spieler,Patrick Bamford,05/09/1993 (32),Grantham,"1,85 m",England  Ireland,Attack - Centre-Forward,left,Not found,Sheff Utd,13/11/2025,31/12/2025,Not found,8,590,89,No,Not found,45,5,first scrap players transfer
Yohan Benalouane,https://www.transfermarkt.com/yohan-benalouane/profil/spieler/50477,Success,50477,spieler,Yohan Benalouane,28/03/1987 (38),Bagnols-sur-Cèze,"1,85 m",Tunisia  France,Defender - Centre-Back,right,Not found,Novara,1/7/2024,-,Not found,2,254,28,Yes,1/7/2024,Not found,2,first scrap players transfer
Steven Berghuis,https://www.transfermarkt.com/steven-berghuis/profil/spieler/129554,Success,129554,spieler,Steven Berghuis,19/12/1991 (33),Apeldoorn,"1,82 m",Netherlands,Attack - Right Winger,left,Not found,Ajax,16/07/2021,30/06/2027,Not found,17,397,77,No,Not found,23,10,first scrap players transfer
Hiram Boateng,https://www.transfermarkt.com/hiram-boateng/profil/spieler/244125,Success,244125,spieler,Hiram Boateng,08/01/1996 (29),London,"1,82 m",England  Ghana,Midfield - Central Midfield,left,Not found,York City,1/7/2025,-,Not found,0,0,0,No,Not found,21,0,first scrap players transfer
Cameron Borthwick-Jackson,https://www.transfermarkt.com/cameron-borthwick-jackson/profil/spieler/258879,Success,258879,spieler,Cameron Borthwick-Jackson,02/02/1997 (28),Manchester,"1,90 m",England,Defender - Left-Back,left,Not found,Without Club,10/8/2024,-,Nike,3,114,11,No,Not found,Not found,3,first scrap players transfer
Cameron Brannagan,https://www.transfermarkt.com/cameron-brannagan/profil/spieler/261357,Success,261357,spieler,Cameron Brannagan,09/05/1996 (29),Manchester,"1,80 m",England,Midfield - Central Midfield,right,Not found,Oxford United,11/1/2018,-,Not found,0,0,0,No,Not found,8,0,first scrap players transfer
Miguel Britos,https://www.transfermarkt.com/miguel-britos/profil/spieler/76799,Success,76799,spieler,Miguel Britos,17/07/1985 (40),Maldonado,"1,89 m",Uruguay,Defender - Centre-Back,left,Not found,Watford,1/7/2019,-,Not found,14,388,70,Yes,1/7/2019,Not found,8,first scrap players transfer
Sam Byram,https://www.transfermarkt.com/sam-byram/profil/spieler/236953,Success,236953,spieler,Sam Byram,16/09/1993 (32),Thurrock,"1,83 m",England,Defender - Left-Back,right,Not found,Leeds,5/8/2023,30/06/2026,Not found,8,958,134,No,Not found,25,6,first scrap players transfer
Sergi Canós,https://www.transfermarkt.com/sergi-cans/profil/spieler/251845,Success,251845,spieler,Sergi Canós,02/02/1997 (28),Nules,"1,77 m",Spain,Attack - Left Winger,right,Not found,Real Valladolid,1/9/2025,30/06/2026,Not found,5,164,22,No,Not found,7,3,first scrap players transfer
Juan Carlos Paredes,https://www.transfermarkt.com/juan-carlos-paredes/profil/spieler/100507,Success,100507,spieler,Juan Carlos Paredes,08/07/1987 (38),Esmeraldas,"1,78 m",Ecuador,Midfield - Defensive Midfield,right,Not found,22 de Julio,3/6/2025,31/12/2025,Not found,5,512,43,No,Not found,44,5,first scrap players transfer
Bersant Celina,https://www.transfermarkt.com/bersant-celina/profil/spieler/229695,Success,229695,spieler,Bersant Celina,09/09/1996 (29),Prizren,"1,81 m",Kosovo  Norway,Midfield - Attacking Midfield,right,Not found,AIK,8/1/2024,31/08/2026,Not found,1,124,15,No,Not found,10,1,first scrap players transfer
Pedro Chirivella,https://www.transfermarkt.com/pedro-chirivella/profil/spieler/242273,Success,242273,spieler,Pedro Chirivella,23/05/1997 (28),Valencia,"1,78 m",Spain,Midfield - Defensive Midfield,right,Not found,Panathinaikos,1/7/2025,30/06/2027,Not found,4,83,15,No,Not found,4,3,first scrap players transfer
Jake Clarke-Salter,https://www.transfermarkt.com/jake-clarke-salter/profil/spieler/316551,Success,316551,spieler,Jake Clarke-Salter,22/09/1997 (28),Carshalton,"1,88 m",England  Ireland,Defender - Centre-Back,left,Not found,QPR,1/7/2022,30/06/2026,Not found,16,874,131,No,Not found,6,6,first scrap players transfer
Jordy Clasie,https://www.transfermarkt.com/jordy-clasie/profil/spieler/104223,Success,104223,spieler,Jordy Clasie,27/06/1991 (34),Haarlem,"1,69 m",Netherlands,Midfield - Defensive Midfield,right,Not found,AZ Alkmaar,22/07/2019,30/06/2028,Not found,21,503,97,No,Not found,8,10,first scrap players transfer
Callum Connolly,https://www.transfermarkt.com/callum-connolly/profil/spieler/308632,Success,308632,spieler,Callum Connolly,23/09/1997 (28),Liverpool,"1,83 m",England,Defender - Centre-Back,right,Not found,Stockport,1/7/2024,30/06/2026,Not found,0,0,0,No,Not found,16,0,first scrap players transfer
Steve Cook,https://www.transfermarkt.com/steve-cook/profil/spieler/90836,Success,90836,spieler,Steve Cook,19/04/1991 (34),Hastings,"1,85 m",England,Defender - Centre-Back,right,Not found,QPR,9/8/2023,30/06/2026,Not found,14,543,72,No,Not found,5,6,first scrap players transfer
Josh Cullen,https://www.transfermarkt.com/josh-cullen/profil/spieler/242606,Success,242606,spieler,Josh Cullen,07/04/1996 (29),Westcliff-on-Sea,"1,75 m",Ireland  England,Midfield - Central Midfield,right,Not found,Burnley,12/7/2022,30/06/2027,Not found,3,88,21,No,Not found,24,3,first scrap players transfer
Charlie Daniels,https://www.transfermarkt.com/charlie-daniels/profil/spieler/61819,Success,61819,spieler,Charlie Daniels,07/09/1986 (39),Harlow,"1,78 m",England,Defender - Left-Back,left,Not found,Colchester Utd.,20/01/2022,-,Under Armour,6,658,19,Yes,20/01/2022,Not found,4,first scrap players transfer
Karl Darlow,https://www.transfermarkt.com/karl-darlow/profil/spieler/99397,Success,99397,spieler,Karl Darlow,08/10/1990 (35),Northampton,"1,90 m",Wales  England,Goalkeeper,right,Not found,Leeds,29/07/2023,30/06/2026,Not found,8,358,57,No,Not found,26,7,first scrap players transfer
Matteo Darmian,https://www.transfermarkt.com/matteo-darmian/profil/spieler/54906,Success,54906,spieler,Matteo Darmian,02/12/1989 (35),Legnano,"1,83 m",Italy,Defender - Right-Back,right,Not found,Inter,1/7/2021,30/06/2026,adidas,14,356,75,No,Not found,36,8,first scrap players transfer
Tom Davies,https://www.transfermarkt.com/tom-davies/profil/spieler/314210,Success,314210,spieler,Tom Davies,30/06/1998 (27),Liverpool,"1,80 m",England,Midfield - Central Midfield,right,Not found,Sheff Utd,16/08/2023,30/06/2026,adidas,6,544,77,No,Not found,22,5,first scrap players transfer
Troy Deeney,https://www.transfermarkt.com/troy-deeney/profil/spieler/65477,Success,65477,spieler,Troy Deeney,29/06/1988 (37),Birmingham,"1,84 m",England  Jamaica,Attack - Centre-Forward,right,Not found,Without Club,18/01/2024,-,Not found,7,317,43,No,Not found,Not found,4,first scrap players transfer
Joe Dodoo,https://www.transfermarkt.com/joe-dodoo/profil/spieler/261738,Success,261738,spieler,Joseph Dodoo,29/06/1995 (30),Kumasi,"1,86 m",England  Ghana,Attack - Left Winger,right,Not found,Alfreton,16/08/2025,-,Not found,2,141,4,No,Not found,25,2,first scrap players transfer
Seydou Doumbia,https://www.transfermarkt.com/seydou-doumbia/profil/spieler/75287,Success,75287,spieler,Seydou Doumbia,31/12/1987 (37),Abidjan,"1,79 m",Cote d'Ivoire,Attack - Centre-Forward,both,Not found,Hamrun Spart.,1/7/2022,-,Not found,16,561,84,Yes,1/7/2022,Not found,8,first scrap players transfer
Kieran Dowell,https://www.transfermarkt.com/kieran-dowell/profil/spieler/258916,Success,258916,spieler,Kieran Dowell,10/10/1997 (28),Ormskirk,"1,83 m",England,Midfield - Attacking Midfield,left,Not found,Rangers,1/7/2023,31/05/2026,Not found,3,229,44,No,Not found,20,2,first scrap players transfer
Éder,https://www.transfermarkt.com/der/profil/spieler/369081,Success,369081,spieler,Federico Valverde,22/07/1998 (27),Montevideo,"1,82 m",Uruguay  Spain,Midfield - Central Midfield,right,Not found,Real Madrid,1/7/2018,30/06/2029,Nike,14,241,47,No,Not found,8,6,first scrap players transfer
Mohamed Elneny,https://www.transfermarkt.com/mohamed-elneny/profil/spieler/160438,Success,160438,spieler,Mohamed Elneny,11/07/1992 (33),Mahalla,"1,79 m",Egypt,Midfield - Defensive Midfield,right,Not found,Al-Jazira,30/07/2024,-,adidas,8,401,82,No,Not found,17,6,first scrap players transfer
Tommy Elphick,https://www.transfermarkt.com/tommy-elphick/profil/spieler/37152,Success,37152,spieler,Tommy Elphick,07/09/1987 (38),Brighton,"1,88 m",England,Defender - Centre-Back,right,Not found,Huddersfield,19/08/2021,-,Not found,3,593,83,Yes,19/08/2021,Not found,3,first scrap players transfer
Emmanuel Emenike,https://www.transfermarkt.com/emmanuel-emenike/profil/spieler/120630,Success,120630,spieler,Emmanuel Emenike,10/05/1987 (38),Otuocha,"1,82 m",Nigeria,Attack - Centre-Forward,right,Not found,KVC Westerlo,14/11/2019,-,Nike,12,393,66,Yes,14/11/2019,Not found,7,first scrap players transfer
Sam Field,https://www.transfermarkt.com/sam-field/profil/spieler/387331,Success,387331,spieler,Sam Field,08/05/1998 (27),Stourbridge,"1,91 m",England,Midfield - Defensive Midfield,left,Not found,QPR,1/7/2021,-,Not found,4,353,61,No,Not found,8,4,first scrap players transfer
Roberto Firmino,https://www.transfermarkt.com/roberto-firmino/profil/spieler/131789,Success,131789,spieler,Roberto Firmino,02/10/1991 (34),Maceió,"1,81 m",Brazil,Attack - Centre-Forward,right,Not found,Al-Sadd,23/07/2025,30/06/2027,adidas,17,404,67,No,Not found,9,8,first scrap players transfer
Timothy Fosu-Mensah,https://www.transfermarkt.com/timothy-fosu-mensah/profil/spieler/315131,Success,315131,spieler,Timothy Fosu-Mensah,02/01/1998 (27),Amsterdam,"1,88 m",Netherlands  Ghana,Defender - Right-Back,right,Not found,Without Club,1/7/2024,-,Not found,8,943,123,No,Not found,Not found,6,first scrap players transfer
Simon Francis,https://www.transfermarkt.com/simon-francis/profil/spieler/13573,Success,13573,spieler,Simon Francis,16/02/1985 (40),Nottingham,"1,91 m",England,Defender - Right-Back,right,Not found,Bournemouth,1/8/2020,-,adidas,5,458,42,Yes,1/8/2020,Not found,4,first scrap players transfer
Christian Fuchs,https://www.transfermarkt.com/christian-fuchs/profil/spieler/6636,Success,6636,spieler,Christian Fuchs,07/04/1986 (39),Neunkirchen,"1,87 m",Austria,Defender - Left-Back,left,Not found,Charlotte,5/1/2023,-,Puma,19,420,59,Yes,5/1/2023,Not found,11,first scrap players transfer
Ramiro Funes Mori,https://www.transfermarkt.com/ramiro-funes-mori/profil/spieler/11111,Success,11111,spieler,Ramiro Funes Mori,05/03/1991 (34),Mendoza,"1,87 m",Argentina  United States,Defender - Centre-Back,left,Not found,Estudiantes LP,22/02/2025,31/12/2025,Not found,7,775,127,No,Not found,26,7,first scrap players transfer
Idrissa Gana Gueye,https://www.transfermarkt.com/idrissa-gana-gueye/profil/spieler/126665,Success,126665,spieler,Idrissa Gueye,26/09/1989 (36),Dakar,"1,74 m",Senegal,Midfield - Defensive Midfield,right,Not found,Everton,1/9/2022,30/06/2026,adidas,12,153,31,No,Not found,27,5,first scrap players transfer
Manu García,https://www.transfermarkt.com/manu-garca/profil/spieler/277118,Success,277118,spieler,Manu García,02/01/1998 (27),Oviedo,"1,69 m",Spain,Midfield - Attacking Midfield,right,Not found,Kansas City,3/2/2025,31/12/2027,Not found,8,467,49,No,Not found,21,4,first scrap players transfer
Joe Gomez,https://www.transfermarkt.com/joe-gomez/profil/spieler/256178,Success,256178,spieler,Joe Gomez,23/05/1997 (28),London,"1,88 m",England  The Gambia,Defender - Centre-Back,right,Not found,Liverpool,1/7/2015,30/06/2027,Nike,14,1033,236,No,Not found,2,11,first scrap players transfer
Lewis Grabban,https://www.transfermarkt.com/lewis-grabban/profil/spieler/35413,Success,35413,spieler,Lewis Grabban,12/01/1988 (37),London,"1,83 m",Jamaica  England,Attack - Centre-Forward,right,Not found,Al-Ahli,1/1/2023,-,Not found,4,159,27,Yes,1/1/2023,Not found,2,first scrap players transfer
Max Gradel,https://www.transfermarkt.com/max-gradel/profil/spieler/28140,Success,28140,spieler,Max Gradel,30/11/1987 (37),Abidjan,"1,75 m",Cote d'Ivoire  France,Attack - Left Winger,right,Not found,Without Club,10/2/2025,-,Not found,10,650,93,No,Not found,Not found,7,first scrap players transfer
Demarai Gray,https://www.transfermarkt.com/demarai-gray/profil/spieler/292417,Success,292417,spieler,Demarai Gray,28/06/1996 (29),Birmingham,"1,83 m",Jamaica  England,Attack - Left Winger,right,Not found,Birmingham,3/7/2025,30/06/2028,adidas,8,126,24,No,Not found,10,6,first scrap players transfer
André Green,https://www.transfermarkt.com/andr-green/profil/spieler/309841,Success,309841,spieler,Andre Green,26/07/1998 (27),Solihull,"1,80 m",England,Attack - Left Winger,right,Not found,Panserraikos,8/7/2025,30/06/2027,Nike,3,145,28,No,Not found,10,2,first scrap players transfer
Rees Greenwood,https://www.transfermarkt.com/rees-greenwood/profil/spieler/320213,Success,320213,spieler,Rees Greenwood,10/12/1996 (28),Winlaton,"1,76 m",England,Midfield - Attacking Midfield,right,Not found,Without Club,1/7/2022,-,Not found,0,0,0,No,Not found,Not found,0,first scrap players transfer
Jakob Haugaard,https://www.transfermarkt.com/jakob-haugaard/profil/spieler/138335,Success,138335,spieler,Jakob Haugaard,01/05/1992 (33),Sundby,"1,99 m",Denmark,Goalkeeper,right,Not found,Tromsø,8/1/2023,31/12/2026,Not found,3,209,25,No,Not found,1,2,first scrap players transfer
Son Heung-min,https://www.transfermarkt.com/son-heung-min/profil/spieler/91845,Success,91845,spieler,Heung-min Son,08/07/1992 (33),"Chuncheon, Gangwon","1,84 m","Korea, South",Attack - Left Winger,both,Not found,LAFC,6/8/2025,31/12/2027,adidas,17,458,77,No,Not found,7,10,first scrap players transfer
José Holebas,https://www.transfermarkt.com/jos-holebas/profil/spieler/41112,Success,41112,spieler,Jose Cholevas,27/06/1984 (41),Aschaffenburg,N/A,Greece  Germany,Defender - Left-Back,N/A,Not found,Bayern Alzenau,1/1/2022,-,Not found,8,124,17,Yes,1/1/2022,Not found,5,first scrap players transfer
George Honeyman,https://www.transfermarkt.com/george-honeyman/profil/spieler/218140,Success,218140,spieler,George Honeyman,08/09/1994 (31),Prudhoe,"1,73 m",England,Midfield - Attacking Midfield,right,Not found,Blackpool,1/7/2025,30/06/2027,Not found,0,0,0,No,Not found,10,0,first scrap players transfer
Víctor Ibarbo,https://www.transfermarkt.com/vctor-ibarbo/profil/spieler/92141,Success,92141,spieler,Víctor Ibarbo,19/05/1990 (35),Santiago de Cali,"1,88 m",Colombia,Attack - Second Striker,right,Not found,Inter Palmira,3/9/2024,31/12/2025,Not found,11,648,80,No,Not found,23,6,first scrap players transfer
Odion Ighalo,https://www.transfermarkt.com/odion-ighalo/profil/spieler/62121,Success,62121,spieler,Odion Ighalo,16/06/1989 (36),Lagos,"1,81 m",Nigeria  Italy,Attack - Centre-Forward,right,Not found,Without Club,1/7/2025,-,Nike,6,198,34,No,Not found,Not found,6,first scrap players transfer
Kelechi Iheanacho,https://www.transfermarkt.com/kelechi-iheanacho/profil/spieler/295330,Success,295330,spieler,Kelechi Iheanacho,03/10/1996 (29),Imo,"1,85 m",Nigeria,Attack - Centre-Forward,left,Not found,Celtic,2/9/2025,30/06/2026,Nike,5,78,15,No,Not found,17,5,first scrap players transfer
Giannelli Imbula,https://www.transfermarkt.com/giannelli-imbula/profil/spieler/130756,Success,130756,spieler,Giannelli Imbula,12/09/1992 (33),Vilvoorde,"1,86 m",DR Congo  France,Midfield - Defensive Midfield,left,Not found,Without Club,6/2/2024,-,Not found,6,106,14,No,Not found,Not found,4,first scrap players transfer
Gökhan Inler,https://www.transfermarkt.com/gkhan-inler/profil/spieler/19041,Success,19041,spieler,Gökhan Inler,27/06/1984 (41),Olten,"1,83 m",Switzerland  Türkiye,Midfield - Defensive Midfield,both,Not found,Besiktas,1/7/2024,-,Not found,8,98,17,Yes,1/7/2024,Not found,5,first scrap players transfer
Juan Iturbe,https://www.transfermarkt.com/juan-iturbe/profil/spieler/81455,Success,81455,spieler,Juan Iturbe,04/06/1993 (32),Buenos Aires,"1,73 m",Paraguay  Argentina,Attack - Right Winger,left,Not found,Cerro Porteño,1/1/2024,31/12/2025,Nike,6,358,59,No,Not found,11,5,first scrap players transfer
Alex Iwobi,https://www.transfermarkt.com/alex-iwobi/profil/spieler/242631,Success,242631,spieler,Alex Iwobi,03/05/1996 (29),Lagos,"1,83 m",Nigeria  England,Attack - Left Winger,right,Not found,Fulham,1/9/2023,30/06/2028,Nike,7,135,24,No,Not found,17,6,first scrap players transfer
Joselu,https://www.transfermarkt.com/joselu/profil/spieler/81999,Success,81999,spieler,Joselu,27/03/1990 (35),Stuttgart,"1,91 m",Spain  Germany,Attack - Centre-Forward,right,Not found,Al-Gharafa,2/7/2024,30/06/2026,adidas,9,188,30,No,Not found,9,6,first scrap players transfer
Juanmi,https://www.transfermarkt.com/juanmi/profil/spieler/126737,Success,126737,spieler,Juanmi,20/05/1993 (32),Coín,"1,72 m",Spain,Attack - Left Winger,right,Not found,Getafe,1/7/2025,30/06/2027,Not found,3,420,49,No,Not found,7,3,first scrap players transfer
Sullay Kaikai,https://www.transfermarkt.com/sullay-kaikai/profil/spieler/244130,Success,244130,spieler,Sullay Kaikai,26/08/1995 (30),London,"1,82 m",Sierra Leone  England,Attack - Left Winger,right,Not found,Cambridge Utd.,24/07/2023,30/06/2027,Not found,1,34,3,No,Not found,11,1,first scrap players transfer
N'Golo Kanté,https://www.transfermarkt.com/ngolo-kant/profil/spieler/225083,Success,225083,spieler,N'Golo Kanté,29/03/1991 (34),Paris,"1,68 m",France  Mali,Midfield - Defensive Midfield,right,Not found,Al-Ittihad,1/7/2023,30/06/2026,adidas,27,688,129,No,Not found,7,8,first scrap players transfer
Kenedy,https://www.transfermarkt.com/kenedy/profil/spieler/281404,Success,281404,spieler,Kenedy,08/02/1996 (29),Santa Rita do Sapucaí,"1,80 m",Brazil,Attack - Left Winger,left,Not found,Pachuca,5/6/2025,30/06/2026,adidas,11,428,58,No,Not found,29,6,first scrap players transfer
Jonjoe Kenny,https://www.transfermarkt.com/jonjoe-kenny/profil/spieler/258883,Success,258883,spieler,Jonjoe Kenny,15/03/1997 (28),Liverpool,"1,76 m",England  Ireland,Defender - Right-Back,right,Not found,PAOK,1/7/2025,30/06/2028,Not found,6,127,19,No,Not found,3,4,first scrap players transfer
Yann Kermorgant,https://www.transfermarkt.com/yann-kermorgant/profil/spieler/57410,Success,57410,spieler,Yann Kermorgant,08/11/1981 (44),Vannes,"1,84 m",France,Attack - Centre-Forward,right,Not found,Vannes,21/04/2020,-,Not found,1,113,17,Yes,21/04/2020,Not found,1,first scrap players transfer
Wahbi Khazri,https://www.transfermarkt.com/wahbi-khazri/profil/spieler/103565,Success,103565,spieler,Wahbi Khazri,08/02/1991 (34),Ajaccio,"1,76 m",Tunisia  France,Attack - Left Winger,right,Not found,Without Club,1/7/2025,-,Not found,21,287,47,No,Not found,Not found,9,first scrap players transfer
Joshua King,https://www.transfermarkt.com/joshua-king/profil/spieler/91059,Success,91059,spieler,Joshua King,15/01/1992 (33),Oslo,"1,80 m",Norway,Attack - Centre-Forward,right,Not found,Al-Khaleej,15/07/2025,30/06/2027,Not found,29,576,93,No,Not found,7,11,first scrap players transfer
Stephen Kingsley,https://www.transfermarkt.com/stephen-kingsley/profil/spieler/184398,Success,184398,spieler,Stephen Kingsley,23/07/1994 (31),Stirling,"1,78 m",Scotland,Defender - Left-Back,left,Not found,Heart of Midl.,6/10/2020,31/05/2027,Not found,12,630,108,No,Not found,3,6,first scrap players transfer
Jan Kirchhoff,https://www.transfermarkt.com/jan-kirchhoff/profil/spieler/49734,Success,49734,spieler,Jan Kirchhoff,01/10/1990 (35),Frankfurt am Main,"1,95 m",Germany,Midfield - Defensive Midfield,right,Not found,KFC Uerdingen,1/7/2021,-,Not found,24,1574,200,Yes,1/7/2021,Not found,9,first scrap players transfer
Timm Klose,https://www.transfermarkt.com/timm-klose/profil/spieler/65255,Success,65255,spieler,Timm Klose,09/05/1988 (37),Frankfurt am Main,"1,95 m",Switzerland  Germany,Defender - Centre-Back,right,Not found,FC Basel U21,17/11/2024,-,Not found,15,371,58,Yes,17/11/2024,Not found,8,first scrap players transfer
Lamine Koné,https://www.transfermarkt.com/lamine-kon/profil/spieler/57420,Success,57420,spieler,Lamine Koné,01/02/1989 (36),Paris,"1,88 m",Cote d'Ivoire  France,Defender - Centre-Back,right,Not found,FC Forward,17/02/2025,-,Not found,4,228,24,No,Not found,Not found,3,first scrap players transfer
Kyle Lafferty,https://www.transfermarkt.com/kyle-lafferty/profil/spieler/36884,Success,36884,spieler,Kyle Lafferty,16/09/1987 (38),Enniskillen,"1,93 m",Northern Ireland,Attack - Centre-Forward,right,Not found,Johnstone Burgh,12/7/2023,31/05/2025,Not found,12,334,52,No,Not found,Not found,7,first scrap players transfer
Manuel Lanzini,https://www.transfermarkt.com/manuel-lanzini/profil/spieler/135853,Success,135853,spieler,Manuel Lanzini,15/02/1993 (32),Ituzaingó,"1,70 m",Argentina  Italy,Midfield - Attacking Midfield,right,Not found,Vélez Sarsfield,21/08/2025,31/12/2026,Nike,22,778,127,No,Not found,22,11,first scrap players transfer
Jamaal Lascelles,https://www.transfermarkt.com/jamaal-lascelles/profil/spieler/183318,Success,183318,spieler,Jamaal Lascelles,11/11/1993 (32),Derby,"1,88 m",England  Barbados,Defender - Centre-Back,right,Not found,Newcastle,9/8/2014,30/06/2026,Nike,19,961,120,No,Not found,6,8,first scrap players transfer
Miguel Layún,https://www.transfermarkt.com/miguel-layn/profil/spieler/58576,Success,58576,spieler,Miguel Layún,25/06/1988 (37),Córdoba,"1,80 m",Mexico  Spain,Defender - Right-Back,right,Not found,América,2/1/2024,-,adidas,4,81,14,Yes,2/1/2024,Not found,3,first scrap players transfer
Jonathan Leko,https://www.transfermarkt.com/jonathan-leko/profil/spieler/314266,Success,314266,spieler,Jonathan Leko,24/04/1999 (26),Kinshasa,"1,82 m",England  DR Congo,Attack - Right Winger,right,Not found,MK Dons,13/01/2023,-,Not found,2,326,7,No,Not found,17,2,first scrap players transfer
Jeremain Lens,https://www.transfermarkt.com/jeremain-lens/profil/spieler/38497,Success,38497,spieler,Jeremain Lens,24/11/1987 (38),Amsterdam,"1,78 m",Netherlands  Suriname,Attack - Right Winger,right,Not found,Real Sranang,13/08/2024,-,Not found,12,325,61,No,Not found,Not found,9,first scrap players transfer
Donald Love,https://www.transfermarkt.com/donald-love/profil/spieler/179451,Success,179451,spieler,Donald Love,02/12/1994 (30),Rochdale,"1,78 m",Scotland  England,Defender - Right-Back,right,Not found,Accrington,23/07/2024,30/06/2026,Not found,1,23,2,No,Not found,2,1,first scrap players transfer
Jordan Lyden,https://www.transfermarkt.com/jordan-lyden/profil/spieler/251289,Success,251289,spieler,Jordan Lyden,30/01/1996 (29),Perth,"1,83 m",Australia  England,Midfield - Central Midfield,right,Not found,Bromsgrove Spo,15/12/2024,30/06/2025,Not found,1,85,18,No,Not found,18,1,first scrap players transfer
Yann M'Vila,https://www.transfermarkt.com/yann-mvila/profil/spieler/60573,Success,60573,spieler,Yann M'Vila,29/06/1990 (35),Amiens,"1,83 m",France  Congo,Midfield - Defensive Midfield,right,Not found,SM Caen,6/8/2024,30/06/2026,Not found,19,341,61,No,Not found,6,9,first scrap players transfer
Shaun MacDonald,https://www.transfermarkt.com/shaun-macdonald/profil/spieler/10375,Success,10375,spieler,Shaun MacDonald,17/06/1988 (37),Swansea,"1,83 m",Wales,Midfield - Central Midfield,right,Not found,Trefelin BGC,12/7/2024,31/05/2025,Not found,1,5,1,No,Not found,Not found,1,first scrap players transfer
José Manuel Jurado,https://www.transfermarkt.com/jos-manuel-jurado/profil/spieler/28261,Success,28261,spieler,José Manuel Jurado,29/06/1986 (39),Sanlúcar de Barrameda (Cádiz),N/A,Spain,Midfield - Attacking Midfield,N/A,Not found,Cádiz CF,1/10/2020,-,Not found,12,364,67,Yes,1/10/2020,Not found,6,first scrap players transfer
Anthony Martial,https://www.transfermarkt.com/anthony-martial/profil/spieler/182877,Success,182877,spieler,Anthony Martial,05/12/1995 (29),Massy,"1,81 m",France  Guadeloupe,Attack - Centre-Forward,right,Not found,Monterrey,12/9/2025,30/06/2027,Nike,26,629,120,No,Not found,9,11,first scrap players transfer
Cuco Martina,https://www.transfermarkt.com/cuco-martina/profil/spieler/91251,Success,91251,spieler,Cuco Martina,25/09/1989 (36),Rotterdam,"1,85 m",Curacao  Netherlands,Defender - Centre-Back,right,Not found,Victory Boys,9/5/2025,-,Not found,5,126,14,No,Not found,2,4,first scrap players transfer
Adam Matthews,https://www.transfermarkt.com/adam-matthews/profil/spieler/108878,Success,108878,spieler,Adam Matthews,13/01/1992 (33),Swansea,"1,78 m",Wales,Defender - Right-Back,right,Not found,Shamrock Rovers,28/01/2025,-,Not found,13,476,70,No,Not found,3,6,first scrap players transfer
Kevin Mbabu,https://www.transfermarkt.com/kevin-mbabu/profil/spieler/183321,Success,183321,spieler,Kevin Mbabu,19/04/1995 (30),Chêne-Bougeries,"1,84 m",Switzerland  DR Congo,Defender - Right-Back,right,Not found,Midtjylland,30/08/2024,30/06/2026,Not found,16,459,75,No,Not found,43,7,first scrap players transfer
Chancel Mbemba,https://www.transfermarkt.com/chancel-mbemba/profil/spieler/203348,Success,203348,spieler,Chancel Mbemba,08/08/1994 (31),Kinshasa,"1,82 m",DR Congo,Defender - Centre-Back,right,Not found,Lille,1/9/2025,30/06/2026,Puma,9,174,32,No,Not found,18,6,first scrap players transfer
Dieumerci Mbokani,https://www.transfermarkt.com/dieumerci-mbokani/profil/spieler/44624,Success,44624,spieler,Dieumerci Mbokani,22/11/1985 (40),Kinshasa,"1,85 m",DR Congo,Attack - Centre-Forward,right,Not found,FC Noah,1/7/2025,-,Not found,9,432,62,Yes,1/7/2025,Not found,6,first scrap players transfer
Memphis,https://www.transfermarkt.com/memphis/profil/spieler/167850,Success,167850,spieler,Memphis Depay,13/02/1994 (31),Moordrecht,"1,78 m",Netherlands  Ghana,Attack - Centre-Forward,right,Not found,Corinthians,9/9/2024,31/12/2026,Puma,24,783,130,No,Not found,10,9,first scrap players transfer
Matt Miazga,https://www.transfermarkt.com/matt-miazga/profil/spieler/245893,Success,245893,spieler,Matt Miazga,19/07/1995 (30),"Clifton, New Jersey","1,93 m",United States  Poland,Defender - Centre-Back,right,Not found,Cincinnati,4/8/2022,31/12/2025,adidas,7,478,70,No,Not found,21,6,first scrap players transfer
Tyrone Mings,https://www.transfermarkt.com/tyrone-mings/profil/spieler/253677,Success,253677,spieler,Tyrone Mings,13/03/1993 (32),Bath,"1,96 m",England,Defender - Centre-Back,left,Not found,Aston Villa,8/7/2019,30/06/2027,Under Armour,10,1198,202,No,Not found,5,6,first scrap players transfer
Aleksandar Mitrović,https://www.transfermarkt.com/aleksandar-mitrovi/profil/spieler/51152,Success,51152,spieler,Aleksandar Mitrović,16/09/1994 (31),Smederevo,"1,89 m",Serbia,Attack - Centre-Forward,right,Not found,Al-Rayyan,4/9/2025,30/06/2028,Puma,16,391,71,No,Not found,9,9,first scrap players transfer
Clinton N'Jie,https://www.transfermarkt.com/clinton-njie/profil/spieler/241119,Success,241119,spieler,Clinton N'Jie,15/08/1993 (32),Douala,"1,75 m",Cameroon,Attack - Right Winger,right,Not found,Without Club,1/7/2025,-,Not found,13,352,71,No,Not found,Not found,8,first scrap players transfer
Oumar Niasse,https://www.transfermarkt.com/oumar-niasse/profil/spieler/209781,Success,209781,spieler,Oumar Niasse,18/04/1990 (35),Dakar,"1,82 m",Senegal,Attack - Centre-Forward,right,Not found,Macclesfield,29/01/2024,-,Nike,0,0,0,Yes,29/01/2024,Not found,0,first scrap players transfer
Kristoffer Nordfeldt,https://www.transfermarkt.com/kristoffer-nordfeldt/profil/spieler/75890,Success,75890,spieler,Kristoffer Nordfeldt,23/06/1989 (36),Stockholm,"1,90 m",Sweden,Goalkeeper,right,Not found,AIK,9/8/2021,31/12/2025,Not found,6,61,15,No,Not found,15,3,first scrap players transfer
Allan Nyom,https://www.transfermarkt.com/allan-nyom/profil/spieler/111508,Success,111508,spieler,Allan Nyom,10/05/1988 (37),Neuilly-sur-Seine,"1,89 m",Cameroon  France,Defender - Right-Back,right,Not found,Getafe,20/09/2025,30/06/2026,Not found,2,61,9,No,Not found,12,1,first scrap players transfer
Eunan O'Kane,https://www.transfermarkt.com/eunan-okane/profil/spieler/61583,Success,61583,spieler,Eunan O'Kane,10/07/1990 (35),Derry,"1,68 m",Ireland  Northern Ireland,Midfield - Central Midfield,right,Not found,Leeds,1/7/2021,-,Not found,1,854,123,Yes,1/7/2021,Not found,1,first scrap players transfer
Pedro Obiang,https://www.transfermarkt.com/pedro-obiang/profil/spieler/101213,Success,101213,spieler,Pedro Obiang,27/03/1992 (33),Alcalá de Henares,"1,86 m",Equatorial Guinea  Spain,Midfield - Central Midfield,right,Not found,Monza,1/7/2025,30/06/2026,Not found,11,916,149,No,Not found,14,9,first scrap players transfer
Vadis Odjidja-Ofoe,https://www.transfermarkt.com/vadis-odjidja-ofoe/profil/spieler/38388,Success,38388,spieler,Vadis Odjidja-Ofoe,21/02/1989 (36),Gent,"1,85 m",Belgium  Ghana,Midfield - Central Midfield,right,Not found,Aalst Lede,1/7/2025,30/06/2026,Not found,12,456,62,No,Not found,8,7,first scrap players transfer
Angelo Ogbonna,https://www.transfermarkt.com/angelo-ogbonna/profil/spieler/48002,Success,48002,spieler,Angelo Ogbonna,23/05/1988 (37),Cassino,"1,91 m",Italy  Nigeria,Defender - Centre-Back,left,Not found,Without Club,1/7/2025,-,adidas,13,738,101,No,Not found,Not found,10,first scrap players transfer
Sheyi Ojo,https://www.transfermarkt.com/sheyi-ojo/profil/spieler/236510,Success,236510,spieler,Sheyi Ojo,19/06/1997 (28),Hemel Hempstead,"1,79 m",England  Nigeria,Attack - Right Winger,left,Not found,NK Maribor,6/9/2024,30/06/2026,Not found,5,190,36,No,Not found,17,3,first scrap players transfer
Shinji Okazaki,https://www.transfermarkt.com/shinji-okazaki/profil/spieler/79642,Success,79642,spieler,Shinji Okazaki,16/04/1986 (39),"Takarazuka, Hyogo","1,75 m",Japan,Attack - Centre-Forward,right,Not found,Sint-Truiden,1/7/2024,-,Mizuno,13,416,56,Yes,1/7/2024,Not found,7,first scrap players transfer
Josh Onomah,https://www.transfermarkt.com/josh-onomah/profil/spieler/243589,Success,243589,spieler,Josh Onomah,27/04/1997 (28),London,"1,85 m",England  Nigeria,Midfield - Central Midfield,right,Not found,Without Club,1/7/2025,-,Not found,10,392,46,No,Not found,Not found,4,first scrap players transfer
Divock Origi,https://www.transfermarkt.com/divock-origi/profil/spieler/148368,Success,148368,spieler,Divock Origi,18/04/1995 (30),Oostende,"1,89 m",Belgium  Kenya,Attack - Centre-Forward,right,Not found,Milan Futuro,8/7/2024,30/06/2026,Nike,15,272,52,No,Not found,Not found,7,first scrap players transfer
Nicolás Otamendi,https://www.transfermarkt.com/nicols-otamendi/profil/spieler/54781,Success,54781,spieler,Nicolás Otamendi,12/02/1988 (37),Buenos Aires,"1,83 m",Argentina,Defender - Centre-Back,right,Not found,Benfica,29/09/2020,30/06/2026,Nike,8,77,16,No,Not found,30,5,first scrap players transfer
Obbi Oulare,https://www.transfermarkt.com/obbi-oulare/profil/spieler/314959,Success,314959,spieler,Obbi Oulare,08/01/1996 (29),Waregem,"1,96 m",Belgium  Guinea,Attack - Centre-Forward,right,Not found,Without Club,4/2/2025,-,Not found,12,915,116,No,Not found,Not found,6,first scrap players transfer
Reece Oxford,https://www.transfermarkt.com/reece-oxford/profil/spieler/314295,Success,314295,spieler,Reece Oxford,16/12/1998 (26),London,"1,90 m",England  Jamaica,Defender - Centre-Back,right,Not found,Without Club,1/7/2025,-,Not found,16,1435,147,No,Not found,Not found,8,first scrap players transfer
Alberto Paloschi,https://www.transfermarkt.com/alberto-paloschi/profil/spieler/68306,Success,68306,spieler,Alberto Paloschi,04/01/1990 (35),Chiari,"1,83 m",Italy,Attack - Centre-Forward,right,Not found,Chievo Verona,11/7/2025,30/06/2026,Not found,23,702,100,No,Not found,43,11,first scrap players transfer
Alexandre Pato,https://www.transfermarkt.com/alexandre-pato/profil/spieler/37579,Success,37579,spieler,Alexandre Pato,02/09/1989 (36),Pato Branco,"1,80 m",Brazil,Attack - Centre-Forward,right,Not found,São Paulo,1/1/2025,-,Not found,24,1025,141,Yes,1/1/2025,Not found,10,first scrap players transfer
Dimitri Payet,https://www.transfermarkt.com/dimitri-payet/profil/spieler/37647,Success,37647,spieler,Dimitri Payet,29/03/1987 (38),Saint-Pierre,"1,75 m",France  Réunion,Midfield - Attacking Midfield,right,Not found,Without Club,1/7/2025,-,Puma,21,585,77,No,Not found,Not found,10,first scrap players transfer
Pedro,https://www.transfermarkt.com/pedro/profil/spieler/65278,Success,65278,spieler,Pedro,28/07/1987 (38),Santa Cruz de Tenerife,"1,67 m",Spain,Attack - Right Winger,both,Not found,Lazio,19/08/2021,30/06/2026,Nike,32,434,82,No,Not found,9,11,first scrap players transfer
Matthew Pennington,https://www.transfermarkt.com/matthew-pennington/profil/spieler/220755,Success,220755,spieler,Matthew Pennington,06/10/1994 (31),Warrington,"1,85 m",England,Defender - Centre-Back,right,Not found,Bradford,1/7/2025,30/06/2027,Not found,1,162,23,No,Not found,28,1,first scrap players transfer
Ivo Pinto,https://www.transfermarkt.com/ivo-pinto/profil/spieler/82281,Success,82281,spieler,Ivo Pinto,07/01/1990 (35),Lourosa,"1,82 m",Portugal,Defender - Right-Back,right,Not found,Fortuna Sittard,1/7/2022,30/06/2027,Not found,8,119,16,No,Not found,12,5,first scrap players transfer
Sebastian Prödl,https://www.transfermarkt.com/sebastian-prdl/profil/spieler/37981,Success,37981,spieler,Sebastian Prödl,21/06/1987 (38),Graz,"1,94 m",Austria,Defender - Centre-Back,right,Not found,Udinese,1/7/2021,-,Puma,25,1125,171,Yes,1/7/2021,Not found,13,first scrap players transfer
Marc Pugh,https://www.transfermarkt.com/marc-pugh/profil/spieler/36939,Success,36939,spieler,Marc Pugh,02/04/1987 (38),Bacup,"1,80 m",England,Attack - Left Winger,right,Not found,Clitheroe,1/7/2023,-,Not found,3,227,19,Yes,1/7/2023,Not found,3,first scrap players transfer
Baba Rahman,https://www.transfermarkt.com/baba-rahman/profil/spieler/224884,Success,224884,spieler,Abdul Rahman Baba,02/07/1994 (31),Tamale,"1,79 m",Ghana,Defender - Left-Back,left,Not found,PAOK,10/7/2023,30/06/2026,Nike,16,1249,198,No,Not found,21,8,first scrap players transfer
Connor Randall,https://www.transfermarkt.com/connor-randall/profil/spieler/262545,Success,262545,spieler,Connor Randall,21/10/1995 (30),Kirkby,"1,80 m",England,Defender - Right-Back,right,Not found,Ross County,1/7/2020,31/05/2026,Not found,8,390,48,No,Not found,6,4,first scrap players transfer
Darren Randolph,https://www.transfermarkt.com/darren-randolph/profil/spieler/51321,Success,51321,spieler,Darren Randolph,12/05/1987 (38),"Bray, Wicklow","1,87 m",Ireland  United States,Goalkeeper,right,Not found,Bournemouth,1/7/2024,-,Not found,2,105,18,Yes,1/7/2024,Not found,2,first scrap players transfer
Tokelo Rantie,https://www.transfermarkt.com/tokelo-rantie/profil/spieler/198495,Success,198495,spieler,Tokelo Rantie,08/09/1990 (35),"Parys, Free State","1,72 m",South Africa,Attack - Centre-Forward,right,Not found,Tshakhuma,1/7/2021,-,Not found,5,136,21,Yes,1/7/2021,Not found,2,first scrap players transfer
Marcus Rashford,https://www.transfermarkt.com/marcus-rashford/profil/spieler/258923,Success,258923,spieler,Marcus Rashford,31/10/1997 (28),Manchester,"1,85 m",England  St. Kitts & Nevis,Attack - Left Winger,right,Not found,Barcelona,23/07/2025,30/06/2026,Nike,15,393,57,No,Not found,14,8,first scrap players transfer
Matt Ritchie,https://www.transfermarkt.com/matt-ritchie/profil/spieler/92469,Success,92469,spieler,Matt Ritchie,10/09/1989 (36),Gosport,"1,73 m",Scotland  England,Midfield - Right Midfield,left,Not found,Reading,28/08/2025,30/06/2027,Not found,14,359,39,No,Not found,30,6,first scrap players transfer
Tyler Roberts,https://www.transfermarkt.com/tyler-roberts/profil/spieler/296986,Success,296986,spieler,Tyler Roberts,12/01/1999 (26),Gloucester,"1,80 m",Wales  England,Attack - Centre-Forward,right,Not found,Mansfield Town,1/9/2025,31/05/2026,adidas,3,230,37,No,Not found,29,3,first scrap players transfer
Thomas Robson,https://www.transfermarkt.com/thomas-robson/profil/spieler/257968,Success,257968,spieler,Tommy Robson,11/09/1995 (30),Stanley,"1,81 m",England,Defender - Left-Back,left,Not found,Clyde FC,5/7/2024,31/05/2026,Not found,0,0,0,No,Not found,3,0,first scrap players transfer
Sergio Romero,https://www.transfermarkt.com/sergio-romero/profil/spieler/30690,Success,30690,spieler,Sergio Romero,22/02/1987 (38),Bernardo de Irigoyen,"1,92 m",Argentina  Italy,Goalkeeper,right,Not found,Argentinos Jrs.,15/10/2025,31/12/2025,adidas,16,717,95,No,Not found,44,9,first scrap players transfer
Salomón Rondón,https://www.transfermarkt.com/salomn-rondn/profil/spieler/80197,Success,80197,spieler,Salomón Rondón,16/09/1989 (36),Caracas,"1,89 m",Venezuela,Attack - Centre-Forward,right,Not found,Real Oviedo,3/7/2025,30/06/2026,Nike,3,132,26,No,Not found,23,2,first scrap players transfer
Jordan Rossiter,https://www.transfermarkt.com/jordan-rossiter/profil/spieler/258924,Success,258924,spieler,Jordan Rossiter,24/03/1997 (28),Liverpool,"1,78 m",England,Midfield - Defensive Midfield,right,Not found,Waterford FC,14/07/2025,30/11/2026,Not found,7,1496,214,No,Not found,24,6,first scrap players transfer
Henri Saivet,https://www.transfermarkt.com/henri-saivet/profil/spieler/51540,Success,51540,spieler,Henri Saivet,26/10/1990 (35),Dakar,"1,75 m",Senegal  France,Midfield - Attacking Midfield,right,Not found,Clermont Foot,1/7/2024,30/06/2026,Not found,7,348,64,No,Not found,10,6,first scrap players transfer
Bakary Sako,https://www.transfermarkt.com/bakary-sako/profil/spieler/46791,Success,46791,spieler,Bakary Sako,26/04/1988 (37),Ivry-sur-Seine,"1,83 m",Mali  France,Attack - Left Winger,left,Not found,LB Châteauroux,15/08/2025,-,Not found,7,388,42,No,Not found,26,5,first scrap players transfer
Bastian Schweinsteiger,https://www.transfermarkt.com/bastian-schweinsteiger/profil/spieler/2514,Success,2514,spieler,Bastian Schweinsteiger,01/08/1984 (41),Kolbermoor,N/A,Germany,Midfield - Central Midfield,N/A,Not found,Chicago,1/1/2020,-,Not found,31,672,180,Yes,1/1/2020,Not found,10,first scrap players transfer
Xherdan Shaqiri,https://www.transfermarkt.com/xherdan-shaqiri/profil/spieler/86792,Success,86792,spieler,Xherdan Shaqiri,10/10/1991 (34),Gjilan,"1,69 m",Switzerland  Kosovo,Midfield - Attacking Midfield,left,Not found,Basel,16/08/2024,30/06/2027,Nike,21,693,149,No,Not found,10,12,first scrap players transfer
Cédric Soares,https://www.transfermarkt.com/cdric-soares/profil/spieler/112988,Success,112988,spieler,Cédric Soares,31/08/1991 (34),Singen,"1,71 m",Portugal  Germany,Defender - Right-Back,right,Not found,São Paulo,29/01/2025,31/12/2027,Not found,16,404,72,No,Not found,6,11,first scrap players transfer
Jamie Sterry,https://www.transfermarkt.com/jamie-sterry/profil/spieler/250431,Success,250431,spieler,Jamie Sterry,21/11/1995 (30),Newcastle,"1,80 m",England  Italy,Defender - Right-Back,right,Not found,Doncaster,1/7/2023,30/06/2027,Not found,1,85,12,No,Not found,2,1,first scrap players transfer
Kevin Stewart,https://www.transfermarkt.com/kevin-stewart/profil/spieler/200782,Success,200782,spieler,Kevin Stewart,07/09/1993 (32),London,"1,82 m",Jamaica  England,Midfield - Defensive Midfield,Not found,Not found,Blackpool,1/7/2023,-,Not found,1,50,11,Yes,1/7/2023,Not found,1,first scrap players transfer
Mario Suárez,https://www.transfermarkt.com/mario-surez/profil/spieler/37337,Success,37337,spieler,Mario Suárez,24/02/1987 (38),Alcobendas,"1,89 m",Spain,Midfield - Defensive Midfield,right,Not found,Rayo Vallecano,1/10/2023,-,Not found,4,146,38,Yes,1/10/2023,Not found,3,first scrap players transfer
Florian Thauvin,https://www.transfermarkt.com/florian-thauvin/profil/spieler/184892,Success,184892,spieler,Florian Thauvin,26/01/1993 (32),Orléans,"1,81 m",France,Attack - Right Winger,left,Not found,Lens,8/8/2025,30/06/2028,adidas,17,534,90,No,Not found,10,9,first scrap players transfer
Ola Toivonen,https://www.transfermarkt.com/ola-toivonen/profil/spieler/36500,Success,36500,spieler,Ola Toivonen,03/07/1986 (39),Degerfors,"1,89 m",Sweden  Finland,Attack - Centre-Forward,right,Not found,Malmö,1/1/2023,-,Not found,3,379,66,Yes,1/1/2023,Not found,3,first scrap players transfer
Lee Tomlin,https://www.transfermarkt.com/lee-tomlin/profil/spieler/104586,Success,104586,spieler,Lee Tomlin,12/01/1989 (36),Leicester,"1,80 m",England,Attack - Second Striker,right,Not found,Harborough,1/7/2024,-,Not found,3,47,10,Yes,1/7/2024,Not found,1,first scrap players transfer
Fikayo Tomori,https://www.transfermarkt.com/fikayo-tomori/profil/spieler/303254,Success,303254,spieler,Fikayo Tomori,19/12/1997 (27),"Calgary, Alberta","1,85 m",England  Canada,Defender - Centre-Back,right,Not found,AC Milan,1/7/2021,30/06/2027,adidas,7,169,35,No,Not found,23,4,first scrap players transfer
Kevin Toner,https://www.transfermarkt.com/kevin-toner/profil/spieler/265132,Success,265132,spieler,Kevin Toner,18/07/1996 (29),Ashbourne,"1,80 m",Ireland,Defender - Centre-Back,left,Not found,Minera,1/7/2025,30/06/2026,Not found,0,0,0,No,Not found,21,0,first scrap players transfer
Ivan Toney,https://www.transfermarkt.com/ivan-toney/profil/spieler/251664,Success,251664,spieler,Ivan Toney,16/03/1996 (29),Northampton,"1,85 m",England  Jamaica,Attack - Centre-Forward,right,Not found,Al-Ahli,31/08/2024,30/06/2028,Not found,1,61,8,No,Not found,17,1,first scrap players transfer
Adama Traoré,https://www.transfermarkt.com/adama-traor/profil/spieler/204103,Success,204103,spieler,Adama Traoré,25/01/1996 (29),L'Hospitalet de Llobregat,"1,78 m",Spain  Mali,Attack - Right Winger,right,Not found,Fulham,12/8/2023,30/06/2026,Not found,15,368,61,No,Not found,11,7,first scrap players transfer
Bertrand Traoré,https://www.transfermarkt.com/bertrand-traor/profil/spieler/131996,Success,131996,spieler,Bertrand Traoré,06/09/1995 (30),Bobo-Dioulasso,"1,81 m",Burkina Faso,Attack - Right Winger,left,Not found,Sunderland,1/9/2025,30/06/2026,Not found,15,374,71,No,Not found,25,10,first scrap players transfer
Virgil van Dijk,https://www.transfermarkt.com/virgil-van-dijk/profil/spieler/139208,Success,139208,spieler,Virgil van Dijk,08/07/1991 (34),Breda,"1,95 m",Netherlands  Suriname,Defender - Centre-Back,right,Not found,Liverpool,1/1/2018,30/06/2027,Nike,17,722,137,No,Not found,4,11,first scrap players transfer
Guillermo Varela,https://www.transfermarkt.com/guillermo-varela/profil/spieler/188862,Success,188862,spieler,Guillermo Varela,24/03/1993 (32),Montevideo,"1,73 m",Uruguay  Italy,Defender - Right-Back,right,Not found,Flamengo,12/1/2023,31/12/2027,Nike,16,483,81,No,Not found,2,8,first scrap players transfer
Jordan Veretout,https://www.transfermarkt.com/jordan-veretout/profil/spieler/164771,Success,164771,spieler,Jordan Veretout,01/03/1993 (32),Ancenis,"1,77 m",France,Midfield - Central Midfield,right,Not found,Al-Arabi SC,25/07/2025,30/06/2027,adidas,11,211,39,No,Not found,21,6,first scrap players transfer
Danny Ward,https://www.transfermarkt.com/danny-ward/profil/spieler/203026,Success,203026,spieler,Danny Ward,22/06/1993 (32),Wrexham,"1,91 m",Wales,Goalkeeper,right,Not found,Wrexham,1/7/2025,30/06/2027,Nike,4,224,47,No,Not found,21,4,first scrap players transfer
Duncan Watmore,https://www.transfermarkt.com/duncan-watmore/profil/spieler/248045,Success,248045,spieler,Duncan Watmore,08/03/1994 (31),Manchester,"1,75 m",England,Attack - Right Winger,right,Not found,Without Club,1/7/2025,-,Not found,6,847,124,No,Not found,Not found,5,first scrap players transfer
James Weir,https://www.transfermarkt.com/james-weir/profil/spieler/251058,Success,251058,spieler,James Weir,04/08/1995 (30),Preston,"1,77 m",England,Midfield - Central Midfield,right,Not found,FC ViOn,7/2/2024,-,Nike,2,582,18,Yes,7/2/2024,Not found,2,first scrap players transfer
Georginio Wijnaldum,https://www.transfermarkt.com/georginio-wijnaldum/profil/spieler/49499,Success,49499,spieler,Georginio Wijnaldum,11/11/1990 (35),Rotterdam,"1,75 m",Netherlands  Suriname,Midfield - Central Midfield,right,Not found,Al-Ettifaq,2/9/2023,30/06/2026,adidas,17,578,154,No,Not found,8,9,first scrap players transfer
Callum Wilson,https://www.transfermarkt.com/callum-wilson/profil/spieler/123682,Success,123682,spieler,Callum Wilson,27/02/1992 (33),Coventry,"1,80 m",England,Attack - Centre-Forward,right,Not found,West Ham,2/8/2025,30/06/2026,Nike,21,1216,195,No,Not found,9,9,first scrap players transfer
Kevin Wimmer,https://www.transfermarkt.com/kevin-wimmer/profil/spieler/122675,Success,122675,spieler,Kevin Wimmer,15/11/1992 (33),Wels,"1,87 m",Austria,Defender - Centre-Back,left,Not found,Slo. Bratislava,1/7/2023,30/06/2026,adidas,4,162,21,No,Not found,6,4,first scrap players transfer
