fbref_url,transfermarkt_id,player_name,name_home_country,dob_age,place_birth,height,citizenship,position,foot,debut_season,debut_age,first_club,debut_year,explanation
https://fbref.com/en/players/f5781978/Dimitar-Berbatov,65,Dimitar Berbatov,Not found,30-Jan-81,Not found,189,Bulgaria,FW,Right,2000-2001,19 years,Leverkusen,2000,first scrap players fbref
https://fbref.com/en/players/594d4046/Landon-Donovan,68,Landon Donovan,Not found,4-Mar-82,Not found,173,United States,FW-MF (AM-WM),Both,2001,18 years,SJ Earthquakes,Not found,first scrap players fbref
https://fbref.com/en/players/d1ca1129/Jens-Lehmann,122,Jens Lehmann,Not found,10-Nov-69,Not found,190,Germany,GK,Not found,1991-1992,21 years,Schalke 04,1991,first scrap players fbref
https://fbref.com/en/players/dbb688e3/Tomas-Rosicky,132,Tomáš Rosický,Not found,4-Oct-80,Not found,180,Czech Republic,MF (AM-WM),Both,2000-2001,19 years,Dortmund,2000,first scrap players fbref
https://fbref.com/en/players/1b2b5b86/Owen-Hargreaves,201,Owen Hargreaves,Not found,20-Jan-81,Not found,180,England eng  Other: Canada,MF,Not found,2000-2001,19 years,Bayern Munich,2000,first scrap players fbref
https://fbref.com/en/players/7f2107eb/Roque-Santa-Cruz,215,Roque Santa Cruz,Not found,"August 16, 1981 (Age: 44-101d)","Luque, Paraguay",191,Paraguay,FW,Right,1999-2000,17 years,Bayern Munich,1999,first scrap players fbref
https://fbref.com/en/players/4370cecc/Gerhard-Tremmel,488,Gerhard Tremmel,Not found,16-Nov-78,Not found,190,Not found,GK,Right,1999-2000,20 years,Unterhaching,1999,first scrap players fbref
https://fbref.com/en/players/35cf43aa/Alexander-Hleb,597,Alexander Hleb,Not found,1-May-81,Not found,185,Belarus,MF (AM-WM),Both,2000-2001,19 years,Stuttgart,2000,first scrap players fbref
https://fbref.com/en/players/011360ce/Martin-Petrov,670,Martin Petrov,Not found,15-Jan-79,Not found,179,Bulgaria,"FW-MF (WM, left)",Not found,2001-2002,22 years,Wolfsburg,2001,first scrap players fbref
https://fbref.com/en/players/214ed478/Ivan-Klasnic,690,Ivan Klasnić,Not found,29-Jan-80,Not found,186,Croatia hr  Other: Germany,FW,Not found,2001-2002,21 years,Werder Bremen,2001,first scrap players fbref
https://fbref.com/en/players/6b08d120/Emanuel-Pogatetz,1094,Emanuel Pogatetz,Not found,16-Jan-83,Not found,190,Austria,"DF (CB-FB, left)",Left,2003-2004,20 years,Grazer AK,2003,first scrap players fbref
https://fbref.com/en/players/a924380b/Tomasz-Kuszczak,1320,Tomasz Kuszczak,Not found,20-Mar-82,Not found,191,Poland,GK,Right,2004-2005,22 years,West Brom,2004,first scrap players fbref
https://fbref.com/en/players/0c577541/Jermaine-Jones,1321,Jermaine Jones,Not found,3-Nov-81,Not found,184,United States us  Other: Germany,MF (AM-DM),Both,2000-2001,18 years,Eint Frankfurt,2000,first scrap players fbref
https://fbref.com/en/players/9b74ce00/Alou-Diarra,1327,Alou Diarra,Not found,15-Jul-81,Not found,190,France,MF (DM),Right,2002-2003,21 years,Le Havre,2002,first scrap players fbref
https://fbref.com/en/players/605bba68/Guy-Demel,1368,Guy Demel,Not found,13-Jun-81,Not found,189,Côte d'Ivoire ci  Other: France,"DF-MF (FB, right)",Right,2002-2003,21 years,Dortmund,2002,first scrap players fbref
https://fbref.com/en/players/88b3f52c/Michael-Owen,1397,Michael Owen,Not found,14-Dec-79,Not found,172,England eng,FW,Not found,1996-1997,16 years,Liverpool,1996,first scrap players fbref
https://fbref.com/en/players/bef72e41/Lars-Jacobsen,1423,Lars Jacobsen,Not found,20-Sep-79,Not found,181,Denmark,"DF (CB-FB, right)",Both,2002-2003,22 years,Hamburger SV,2002,first scrap players fbref
https://fbref.com/en/players/4b83b362/Christian-Poulsen,1443,Christian Poulsen,Not found,28-Feb-80,Not found,182,Denmark,MF (DM),Not found,2002-2003,22 years,Schalke 04,2002,first scrap players fbref
https://fbref.com/en/players/2757060a/Thomas-Hitzlsperger,1573,Thomas Hitzlsperger,Not found,5-Apr-82,Not found,183,Germany,MF (CM),Not found,2000-2001,18 years,Aston Villa,2000,first scrap players fbref
https://fbref.com/en/players/3cb009c5/Sascha-Riether,1662,Sascha Riether,Not found,23-Mar-83,Not found,174,Germany,"DF-MF (CM-FB, right)",Right,2003-2004,20 years,Freiburg,2003,first scrap players fbref
https://fbref.com/en/players/ccc22fea/Bastian-Schweinsteiger,2514,Bastian Schweinsteiger,Not found,1-Aug-84,Not found,183,Germany,DF-MF (CB),Right,2002-2003,17 years,Bayern Munich,2002,first scrap players fbref
https://fbref.com/en/players/1148323a/Eldin-Jakupovic,2857,Eldin Jakupović,Not found,"October 2, 1984 (Age: 41-054d)","Kozarac, Bosnia and Herzegovina",191,Switzerland ch  Other: Bosnia and Herzegovina,GK,Right,2004-2005,19 years,Grasshopper,2004,first scrap players fbref
https://fbref.com/en/players/2cc63c53/Mladen-Petric,2874,Mladen Petrić,Not found,1-Jan-81,Not found,185,Croatia hr  Other: Bosnia and Herzegovina,FW,Left,2003-2004,22 years,Grasshopper,2003,first scrap players fbref
https://fbref.com/en/players/d8bcce3d/Paul-Scharner,2953,Paul Scharner,Not found,11-Mar-80,Not found,191,Austria,DF-MF (CB-DM),Not found,2003-2004,23 years,Austria Wien,2003,first scrap players fbref
https://fbref.com/en/players/e9c7102a/Martin-Demichelis,2963,Martín Demichelis,Not found,20-Dec-80,Not found,184,Argentina,DF-MF (CB-DM),Right,2003-2004,22 years,Bayern Munich,2003,first scrap players fbref
https://fbref.com/en/players/0bd1ea64/Robert-Huth,2998,Robert Huth,Not found,18-Aug-84,Not found,191,Germany,DF (CB),Right,2001-2002,16 years,Chelsea,2001,first scrap players fbref
https://fbref.com/en/players/a6f401c6/Benni-McCarthy,3091,Benni McCarthy,Not found,12-Nov-77,Not found,183,South Africa,FW,Not found,1999-2000,21 years,Celta Vigo,1999,first scrap players fbref
https://fbref.com/en/players/d97fe8bd/Jason-Euell,3092,Jason Euell,Not found,6-Feb-77,Not found,180,Jamaica jm  Other: England,FW-MF (CM),Not found,1995-1996,18 years,Wimbledon,1995,first scrap players fbref
https://fbref.com/en/players/caeb5442/Steven-Gerrard,3109,Steven Gerrard,Not found,30-May-80,Not found,183,England eng,MF,Right,1998-1999,18 years,Liverpool,1998,first scrap players fbref
https://fbref.com/en/players/7c881089/James-Beattie,3112,James Beattie,Not found,27-Feb-78,Not found,185,England eng,FW,Not found,1996-1997,18 years,Blackburn,1996,first scrap players fbref
https://fbref.com/en/players/90b5a2f2/Kieron-Dyer,3118,Kieron Dyer,Not found,29-Dec-78,Not found,173,England eng,MF (AM-WM),Not found,1999-2000,20 years,Newcastle Utd,1999,first scrap players fbref
https://fbref.com/en/players/83ac7c3c/Titus-Bramble,3130,Titus Bramble,Not found,31-Jul-81,Not found,185,England eng,DF (CB),Not found,2000-2001,19 years,Ipswich Town,2000,first scrap players fbref
https://fbref.com/en/players/23d97ca1/Kevin-Phillips,3131,Kevin Phillips,Not found,25-Jul-73,Not found,170,England eng,FW,Not found,1999-2000,26 years,Sunderland,1999,first scrap players fbref
https://fbref.com/en/players/30184789/Emile-Heskey,3142,Emile Heskey,Not found,11-Jan-78,Not found,192,England eng,FW,Right,1994-1995,16 years,Leicester City,1994,first scrap players fbref
https://fbref.com/en/players/f45e1bb2/Robbie-Keane,3144,Robbie Keane,Not found,8-Jul-80,Not found,175,Republic of Ireland,FW,Right,1999-2000,19 years,Coventry City,1999,first scrap players fbref
https://fbref.com/en/players/0db918ff/Shay-Given,3146,Shay Given,Not found,20-Apr-76,Not found,185,Republic of Ireland,GK,Right,1996-1997,20 years,Blackburn,1996,first scrap players fbref
https://fbref.com/en/players/df77463a/Carlo-Cudicini,3151,Carlo Cudicini,Not found,6-Sep-73,Not found,185,Italy,GK,Not found,1996-1997,22 years,Lazio,1996,first scrap players fbref
https://fbref.com/en/players/286fb7e0/William-Gallas,3156,William Gallas,Not found,17-Aug-77,Not found,181,France,DF (CB),Not found,1996-1997,18 years,Caen,1996,first scrap players fbref
https://fbref.com/en/players/68517cfd/John-Terry,3160,John Terry,Not found,7-Dec-80,Not found,187,England eng,DF (CB),Right,1998-1999,17 years,Chelsea,1998,first scrap players fbref
https://fbref.com/en/players/268df6b1/Frank-Lampard,3163,Frank Lampard,Not found,20-Jun-78,Not found,184,England eng,MF,Both,1995-1996,17 years,West Ham,1995,first scrap players fbref
https://fbref.com/en/players/4e27a622/Boudewijn-Zenden,3173,Boudewijn Zenden,Not found,15-Aug-76,Not found,174,Netherlands,"DF-FW-MF (AM-FB-WM, left)",Not found,1998-1999,21 years,Barcelona,1998,first scrap players fbref
https://fbref.com/en/players/32fc9ff2/Eidur-Gudjohnsen,3176,Eiður Guðjohnsen,Not found,15-Sep-78,Not found,187,Iceland,FW-MF (AM),Right,2000-2001,21 years,Chelsea,2000,first scrap players fbref
https://fbref.com/en/players/51b2effb/Carlton-Cole,3179,Carlton Cole,Not found,12-Oct-83,Not found,191,England eng,FW,Right,2001-2002,17 years,Chelsea,2001,first scrap players fbref
https://fbref.com/en/players/be091289/Ashley-Cole,3182,Ashley Cole,Not found,20-Dec-80,Not found,176,England eng,"DF (FB, left)",Left,1999-2000,18 years,Arsenal,1999,first scrap players fbref
https://fbref.com/en/players/f90f1086/Patrick-Vieira,3183,Patrick Vieira,Not found,23-Jun-76,Not found,193,France fr  Other: Senegal,MF (CM-DM),Right,1995-1996,19 years,Cannes,1995,players corrected fbref
https://fbref.com/en/players/59bfafcf/Robert-Pires,3185,Robert Pirès,Not found,29-Oct-73,Not found,185,France,FW-MF (AM-WM),Not found,1995-1996,21 years,Metz,1995,first scrap players fbref
https://fbref.com/en/players/30871c08/Stuart-Taylor,3190,Stuart Taylor,Not found,28-Nov-80,Not found,196,England eng,GK,Right,2001-2002,20 years,Arsenal,2001,first scrap players fbref
https://fbref.com/en/players/c6043950/Jermaine-Pennant,3195,Jermaine Pennant,Not found,15-Jan-83,Not found,175,England eng,"MF (AM-WM, right)",Right,2001-2002,18 years,Watford,2001,first scrap players fbref
https://fbref.com/en/players/3e3b2fbd/Sol-Campbell,3198,Sol Campbell,Not found,18-Sep-74,Not found,188,England eng,DF-FW (CB),Not found,1992-1993,17 years,Tottenham,1992,first scrap players fbref
https://fbref.com/en/players/3301c9f4/Kolo-Toure,3202,Kolo Touré,Not found,19-Mar-81,Not found,183,Côte d'Ivoire,DF (CB),Right,2002-2003,21 years,Arsenal,2002,first scrap players fbref
https://fbref.com/en/players/a00fbcec/David-Bentley,3205,David Bentley,Not found,27-Aug-84,Not found,175,England eng,MF (AM-WM),Right,2003-2004,18 years,Arsenal,2003,first scrap players fbref
https://fbref.com/en/players/c0c5ee74/Thierry-Henry,3207,Thierry Henry,Not found,17-Aug-77,Not found,188,France,FW,Not found,1995-1996,17 years,Monaco,1995,first scrap players fbref
https://fbref.com/en/players/710265d2/Chris-Kirkland,3219,Chris Kirkland,Not found,2-May-81,Not found,191,England eng,GK,Right,2000-2001,19 years,Coventry City,2000,first scrap players fbref
https://fbref.com/en/players/9bf988c2/John-Arne-Riise,3220,John Arne Riise,Not found,24-Sep-80,Not found,185,Norway,"DF-MF (FB-WM, left)",Not found,1998-1999,17 years,Monaco,1998,first scrap players fbref
https://fbref.com/en/players/03a97c40/Danny-Murphy,3221,Danny Murphy,Not found,18-Mar-77,Not found,175,England eng,MF (CM),Not found,1997-1998,20 years,Liverpool,1997,first scrap players fbref
https://fbref.com/en/players/9482a3bd/Jonathan-Woodgate,3224,Jonathan Woodgate,Not found,22-Jan-80,Not found,188,England eng,DF (CB),Right,1998-1999,18 years,Leeds United,1998,first scrap players fbref
https://fbref.com/en/players/931ed5e9/Nicolas-Anelka,3226,Nicolas Anelka,Not found,14-Mar-79,Not found,186,France,FW,Right,1995-1996,16 years,Paris S-G,1995,first scrap players fbref
https://fbref.com/en/players/52465662/Rio-Ferdinand,3235,Rio Ferdinand,Not found,7-Nov-78,Not found,189,England eng,DF (CB),Right,1995-1996,16 years,West Ham,1995,first scrap players fbref
https://fbref.com/en/players/61e5c1a8/Stiliyan-Petrov,3252,Stiliyan Petrov,Not found,5-Jul-79,Not found,180,Bulgaria,MF,Not found,2000-2001,21 years,Celtic,2000,first scrap players fbref
https://fbref.com/en/players/057a6936/Damien-Duff,3259,Damien Duff,Not found,2-Mar-79,Not found,176,Republic of Ireland,"FW-MF (WM, left & right)",Not found,1996-1997,17 years,Blackburn,1996,first scrap players fbref
https://fbref.com/en/players/acd633df/Joseph-Yobo,3270,Joseph Yobo,Not found,6-Sep-80,Not found,188,Nigeria,DF (CB),Right,2001-2002,20 years,Marseille,2001,first scrap players fbref
https://fbref.com/en/players/409a29d7/Luke-Young,3271,Luke Young,Not found,19-Jul-79,Not found,180,England eng,"DF (FB, right)",Not found,1998-1999,19 years,Tottenham,1998,first scrap players fbref
https://fbref.com/en/players/1a6e6d03/Matt-Upson,3273,Matt Upson,Not found,18-Apr-79,Not found,185,England eng,DF (CB),Left,1997-1998,18 years,Arsenal,1997,first scrap players fbref
https://fbref.com/en/players/e79a368b/Shola-Ameobi,3276,Shola Ameobi,Not found,12-Oct-81,Not found,191,Nigeria ng  Other: England,FW,Both,2000-2001,18 years,Newcastle Utd,2000,first scrap players fbref
https://fbref.com/en/players/7dbbe367/Gareth-Barry,3291,Gareth Barry,Not found,23-Feb-81,Not found,183,England eng,MF (CM-DM),Left,1997-1998,16 years,Aston Villa,1997,first scrap players fbref
https://fbref.com/en/players/93bfa675/Joey-Barton,3292,Joey Barton,Not found,2-Sep-82,Not found,180,England eng,MF (CM),Right,2002-2003,19 years,Manchester City,2002,first scrap players fbref
https://fbref.com/en/players/941bcf75/Paul-Konchesky,3296,Paul Konchesky,Not found,15-May-81,Not found,178,England eng,"DF-FW-MF (AM-FB, left)",Left,1998-1999,17 years,Charlton Ath,1998,first scrap players fbref
https://fbref.com/en/players/b9eae55b/Craig-Bellamy,3297,Craig Bellamy,Not found,13-Jul-79,Not found,175,Wales wls,FW,Not found,2000-2001,21 years,Coventry City,2000,first scrap players fbref
https://fbref.com/en/players/0356cf4f/Jonathan-Walters,3306,Jonathan Walters,Not found,20-Sep-83,Not found,183,Republic of Ireland ie  Other: England,"FW-MF (WM, right)",Right,2002-2003,18 years,Bolton,2002,first scrap players fbref
https://fbref.com/en/players/07869028/Stephen-Warnock,3308,Stephen Warnock,Not found,12-Dec-81,Not found,180,England eng,"DF (FB, left)",Left,2002-2003,20 years,Bradford City,2002,first scrap players fbref
https://fbref.com/en/players/f07be45a/Wayne-Rooney,3332,Wayne Rooney,Not found,24-Oct-85,Not found,176,England eng,FW-MF (AM),Right,2002-2003,16 years,Everton,2002,first scrap players fbref
https://fbref.com/en/players/2f90f6b8/James-Milner,3333,James Milner,Not found,"January 4, 1986 (Age: 39-325d)","Leeds, England, United Kingdom",176,England eng,DF-MF (CM-FB-WM),Right,2002-2003,16 years,Leeds United,2002,first scrap players fbref
https://fbref.com/en/players/002d06bb/Sylvain-Distin,3356,Sylvain Distin,Not found,16-Dec-77,Not found,192,Not found,DF (CB),Left,2000-2001,22 years,Paris S-G,2000,first scrap players fbref
https://fbref.com/en/players/da409c6f/Mark-Schwarzer,3357,Mark Schwarzer,Not found,6-Oct-72,Not found,194,Australia,GK,Right,1994-1995,21 years,Dresden,1994,first scrap players fbref
https://fbref.com/en/players/83ca192d/Ledley-King,3360,Ledley King,Not found,12-Oct-80,Not found,188,England eng,DF-MF (CB-DM),Not found,1998-1999,17 years,Tottenham,1998,first scrap players fbref
https://fbref.com/en/players/24a3a72c/Paul-Scholes,3397,Paul Scholes,Not found,16-Nov-74,Not found,171,England eng,MF (CM),Not found,1994-1995,19 years,Manchester Utd,1994,first scrap players fbref
https://fbref.com/en/players/1b013e33/Gary-Neville,3403,Gary Neville,Not found,18-Feb-75,Not found,180,England eng,"DF (FB, right)",Not found,1993-1994,18 years,Manchester Utd,1993,first scrap players fbref
https://fbref.com/en/players/3db5e0ec/Phil-Neville,3404,Phil Neville,Not found,21-Jan-77,Not found,180,England eng,DF-MF,Right,1994-1995,17 years,Manchester Utd,1994,first scrap players fbref
https://fbref.com/en/players/659ccc97/Wes-Brown,3405,Wes Brown,Not found,13-Oct-79,Not found,185,England eng,DF (CB),Right,1997-1998,17 years,Manchester Utd,1997,first scrap players fbref
https://fbref.com/en/players/561de8d0/Ryan-Giggs,3406,Ryan Giggs,Not found,29-Nov-73,Not found,180,Wales wls  Other: England,FW-MF (WM),Not found,1992-1993,18 years,Manchester Utd,1992,first scrap players fbref
https://fbref.com/en/players/59ab6332/Luis-Boa-Morte,3422,Luís Boa Morte,Not found,4-Aug-77,Not found,178,Portugal,FW-MF (AM-WM),Not found,1997-1998,19 years,Arsenal,1997,first scrap players fbref
https://fbref.com/en/players/3149f712/Jermaine-Jenas,3461,Jermaine Jenas,Not found,18-Feb-83,Not found,181,England eng,MF,Not found,2001-2002,18 years,Nott'ham Forest,2001,first scrap players fbref
https://fbref.com/en/players/6839f68e/Steven-Caldwell,3462,Steven Caldwell,Not found,12-Sep-80,Not found,180,Scotland sct,DF (CB-FB),Right,2000-2001,19 years,Newcastle Utd,2000,first scrap players fbref
https://fbref.com/en/players/e1e0b05f/Shaun-Wright-Phillips,3467,Shaun Wright-Phillips,Not found,25-Oct-81,Not found,166,England eng,"FW-MF (AM-WM, right)",Right,2000-2001,18 years,Manchester City,2000,first scrap players fbref
https://fbref.com/en/players/31d82fec/Thomas-Sorensen,3473,Thomas Sørensen,Not found,12-Jun-76,Not found,193,Denmark,GK,Right,1999-2000,23 years,Sunderland,1999,first scrap players fbref
https://fbref.com/en/players/b8c0a975/Brad-Friedel,3476,Brad Friedel,Not found,18-May-71,Not found,188,United States,GK,Right,1996,24 years,Columbus Crew,Not found,first scrap players fbref
https://fbref.com/en/players/ddc0a1fd/Robbie-Blake,3490,Robbie Blake,Not found,4-Mar-76,Not found,175,Not found,FW-MF (AM),Not found,1999-2000,23 years,Bradford City,1999,first scrap players fbref
https://fbref.com/en/players/98ee8a67/Edwin-van-der-Sar,3516,Edwin van der Sar,Not found,29-Oct-70,Not found,197,Netherlands,GK,Right,1999-2000,28 years,Juventus,1999,first scrap players fbref
https://fbref.com/en/players/7c1f4685/John-OShea,3540,John O'Shea,Not found,30-Apr-81,Not found,192,Republic of Ireland,DF-MF (CB),Right,2001-2002,20 years,Manchester Utd,2001,first scrap players fbref
https://fbref.com/en/players/7f60e79c/Danny-Pugh,3546,Danny Pugh,Not found,19-Oct-82,Not found,183,Not found,"DF-MF (CM-FB, left)",Right,2002-2003,19 years,Manchester Utd,2002,first scrap players fbref
https://fbref.com/en/players/184e4970/Darren-Fletcher,3547,Darren Fletcher,Not found,1-Feb-84,Not found,184,Scotland sct,MF (DM),Right,2003-2004,19 years,Manchester Utd,2003,first scrap players fbref
https://fbref.com/en/players/d2bf40b4/Kieran-Richardson,3548,Kieran Richardson,Not found,21-Oct-84,Not found,175,England eng,"DF-MF (WM, left)",Left,2002-2003,17 years,Manchester Utd,2002,first scrap players fbref
https://fbref.com/en/players/94cf0dab/Jerome-Thomas,3560,Jerome Thomas,Not found,23-Mar-83,Not found,178,England eng,"FW-MF (WM, left)",Left,2002-2003,19 years,QPR,2002,first scrap players fbref
https://fbref.com/en/players/a98f1d52/Steve-Harper,3562,Steve Harper,Not found,14-Mar-75,Not found,188,Not found,GK,Right,1998-1999,23 years,Newcastle Utd,1998,first scrap players fbref
https://fbref.com/en/players/e3df61bc/Steed-Malbranque,3569,Steed Malbranque,Not found,6-Jan-80,Not found,168,France fr  Other: Belgium,MF (AM-CM-WM),Right,1997-1998,17 years,Lyon,1997,first scrap players fbref
https://fbref.com/en/players/91ef929d/John-Carew,3570,John Carew,Not found,5-Sep-79,Not found,193,Norway,FW,Not found,2000,20 years,Rosenborg,Not found,first scrap players fbref
https://fbref.com/en/players/dccccccc/Aaron-Hughes,3580,Aaron Hughes,Not found,8-Nov-79,Not found,183,Northern Ireland nir,DF (CB),Right,1997-1998,17 years,Newcastle Utd,1997,first scrap players fbref
https://fbref.com/en/players/d0ebce19/Jamie-Carragher,3597,Jamie Carragher,Not found,28-Jan-78,Not found,185,England eng,"DF-MF (CB-DM-FB, right)",Not found,1996-1997,18 years,Liverpool,1996,first scrap players fbref
https://fbref.com/en/players/acc326da/Salif-Diao,3600,Salif Diao,Not found,10-Feb-77,Not found,186,Senegal,MF (DM),Not found,1996-1997,19 years,Monaco,1996,first scrap players fbref
https://fbref.com/en/players/c878c4bf/Tony-Hibbert,3614,Tony Hibbert,Not found,20-Feb-81,Not found,172,Not found,"DF (FB, right)",Right,2000-2001,19 years,Everton,2000,first scrap players fbref
https://fbref.com/en/players/a014c247/Leon-Osman,3620,Leon Osman,Not found,17-May-81,Not found,174,England eng,MF,Right,2002-2003,21 years,Carlisle United,2002,first scrap players fbref
https://fbref.com/en/players/3515ba56/Paul-Robinson,3630,Paul Robinson,Not found,15-Oct-79,Not found,193,England eng,GK,Right,1998-1999,18 years,Leeds United,1998,players corrected fbref
https://fbref.com/en/players/fd4fa092/Ian-Harte,3634,Ian Harte,Not found,31-Aug-77,Not found,175,Republic of Ireland,"DF (FB, left)",Left,1995-1996,17 years,Leeds United,1995,first scrap players fbref
https://fbref.com/en/players/e4e3de44/Mark-Hudson,3640,Mark Hudson,Not found,30-Mar-82,Not found,185,Not found,DF (CB),Right,2003-2004,21 years,Oldham Athletic,2003,first scrap players fbref
https://fbref.com/en/players/62487637/Jason-Roberts,3666,Jason Roberts,Not found,25-Jan-78,Not found,185,Grenada gd  Other: England,FW,Not found,2001-2002,23 years,West Brom,2001,first scrap players fbref
https://fbref.com/en/players/86b982bc/Wayne-Bridge,3682,Wayne Bridge,Not found,5-Aug-80,Not found,178,England eng,"DF (FB, left)",Not found,1998-1999,17 years,Southampton,1998,first scrap players fbref
https://fbref.com/en/players/688135a1/Danny-Higginbotham,3686,Danny Higginbotham,Not found,29-Dec-78,Not found,185,Gibraltar,"DF (CB-FB, left)",Not found,1997-1998,18 years,Manchester Utd,1997,first scrap players fbref
https://fbref.com/en/players/340d2a24/Jussi-Jaaskelainen,3692,Jussi Jääskeläinen,Not found,19-Apr-75,Not found,191,Finland,GK,Right,2001-2002,26 years,Bolton,2001,first scrap players fbref
https://fbref.com/en/players/d1891093/Anton-Ferdinand,3698,Anton Ferdinand,Not found,18-Feb-85,Not found,186,England eng,DF (CB),Right,2003-2004,18 years,West Ham,2003,first scrap players fbref
https://fbref.com/en/players/c9880157/Kim-Kallstrom,3730,Kim Källström,Not found,24-Aug-82,Not found,185,Sweden,MF (DM),Left,2001,18 years,Häcken,Not found,first scrap players fbref
https://fbref.com/en/players/f2286f20/Peter-Whittingham,3762,Peter Whittingham,Not found,8-Sep-84,Not found,178,England eng,MF (WM),Left,2002-2003,17 years,Aston Villa,2002,first scrap players fbref
https://fbref.com/en/players/f6c4946d/George-McCartney,3775,George McCartney,Not found,29-Apr-81,Not found,183,Northern Ireland nir,DF,Left,2000-2001,19 years,Sunderland,2000,first scrap players fbref
https://fbref.com/en/players/65faf2a1/Scott-Parker,3785,Scott Parker,Not found,13-Oct-80,Not found,175,England eng,MF (DM),Right,1998-1999,17 years,Charlton Ath,1998,first scrap players fbref
https://fbref.com/en/players/ef616df9/Matthew-Etherington,3788,Matthew Etherington,Not found,14-Aug-81,Not found,178,England eng,"MF (WM, left)",Not found,1999-2000,17 years,Tottenham,1999,first scrap players fbref
https://fbref.com/en/players/5dc37f4a/Gary-Caldwell,3791,Gary Caldwell,Not found,12-Apr-82,Not found,180,Scotland sct,DF-MF,Right,2001-2002,19 years,Hibernian,2001,first scrap players fbref
https://fbref.com/en/players/6cbc015d/Richard-Dunne,3807,Richard Dunne,Not found,21-Sep-79,Not found,188,Republic of Ireland,DF (CB),Right,1996-1997,16 years,Everton,1996,first scrap players fbref
https://fbref.com/en/players/7ca2d989/Boaz-Myhill,3838,Boaz Myhill,Not found,9-Nov-82,Not found,191,"Wales wls  Other: England , United States",GK,Right,2002-2003,19 years,Bradford City,2002,first scrap players fbref
https://fbref.com/en/players/892c1d7a/Jonathan-Greening,3865,Jonathan Greening,Not found,2-Jan-79,Not found,180,England eng,MF,Not found,1998-1999,19 years,Manchester Utd,1998,first scrap players fbref
https://fbref.com/en/players/389cc3d7/Stuart-Parnaby,3866,Stuart Parnaby,Not found,19-Jul-82,Not found,178,England eng,"DF (FB, right)",Not found,2002-2003,20 years,Middlesbrough,2002,first scrap players fbref
https://fbref.com/en/players/b05e73d5/David-Murphy,3868,David Murphy,Not found,1-Mar-84,Not found,185,England eng,"DF (FB, left)",Not found,2001-2002,17 years,Middlesbrough,2001,first scrap players fbref
https://fbref.com/en/players/f1e8372d/Jermain-Defoe,3875,Jermain Defoe,Not found,7-Oct-82,Not found,170,England eng,FW,Right,2000-2001,17 years,West Ham,2000,first scrap players fbref
https://fbref.com/en/players/2c2f117b/Joe-Cole,3876,Joe Cole,Not found,8-Nov-81,Not found,175,England eng,MF (AM-WM),Right,1998-1999,16 years,West Ham,1998,first scrap players fbref
https://fbref.com/en/players/f4fd57ba/Lee-Bowyer,3877,Lee Bowyer,Not found,3-Jan-77,Not found,175,England eng,MF (AM),Not found,1996-1997,19 years,Leeds United,1996,first scrap players fbref
https://fbref.com/en/players/ab7263c1/Michael-Carrick,3878,Michael Carrick,Not found,28-Jul-81,Not found,188,England eng,MF (CM-DM),Both,1999-2000,18 years,West Ham,1999,first scrap players fbref
https://fbref.com/en/players/8cceca90/Glen-Johnson,3881,Glen Johnson,Not found,23-Aug-84,Not found,182,England eng,"DF (FB, right)",Both,2002-2003,17 years,Millwall,2002,first scrap players fbref
https://fbref.com/en/players/459b0b19/Habib-Beye,3923,Habib Beye,Not found,19-Oct-77,Not found,182,Senegal sn  Other: France,"DF (FB, right)",Not found,1997-1998,19 years,Paris S-G,1997,first scrap players fbref
https://fbref.com/en/players/945dea33/Didier-Drogba,3924,Didier Drogba,Not found,11-Mar-78,Not found,189,Côte d'Ivoire,FW,Right,2001-2002,23 years,Guingamp,2001,first scrap players fbref
https://fbref.com/en/players/3d307105/Kevin-Nolan,3950,Kevin Nolan,Not found,24-Jun-82,Not found,183,England eng,MF (AM),Right,2001-2002,19 years,Bolton,2001,first scrap players fbref
https://fbref.com/en/players/7e6917be/Djibril-Cisse,3966,Djibril Cissé,Not found,12-Aug-81,Not found,182,France,FW,Right,1998-1999,16 years,Auxerre,1998,first scrap players fbref
https://fbref.com/en/players/754d4ac4/Gary-O'Neil,3995,Gary O'Neil,Not found,18-May-83,Not found,178,England eng,MF (AM),Right,2001-2002,18 years,Portsmouth,2001,first scrap players fbref
https://fbref.com/en/players/cd53ecf4/Dirk-Kuyt,4010,Dirk Kuyt,Not found,22-Jul-80,Not found,184,Netherlands,DF-FW-MF (AM-FB),Right,2000-2001,20 years,Utrecht,2000,first scrap players fbref
https://fbref.com/en/players/607efc45/Zat-Knight,4012,Zat Knight,Not found,2-May-80,Not found,198,England eng,DF (CB),Right,2001-2002,21 years,Fulham,2001,first scrap players fbref
https://fbref.com/en/players/7106e4fe/Louis-Saha,4015,Louis Saha,Not found,8-Aug-78,Not found,183,France,FW,Not found,1997-1998,18 years,Metz,1997,first scrap players fbref
https://fbref.com/en/players/ffc1c226/Brad-Jones,4042,Brad Jones,Not found,19-Mar-82,Not found,191,Australia,GK,Left,2002-2003,20 years,Stockport,2002,first scrap players fbref
https://fbref.com/en/players/eb0ae1e9/Stephen-Carr,4046,Stephen Carr,Not found,29-Aug-76,Not found,175,Republic of Ireland,"DF (FB, right)",Not found,1993-1994,16 years,Tottenham,1993,first scrap players fbref
https://fbref.com/en/players/b3379356/Dean-Marney,4055,Dean Marney,Not found,31-Jan-84,Not found,183,England eng,MF,Right,2002-2003,18 years,Swindon Town,2002,first scrap players fbref
https://fbref.com/en/players/522b6d6c/Simon-Davies,4056,Simon Davies,Not found,23-Oct-79,Not found,178,Wales wls,MF (WM),Right,1999-2000,19 years,Tottenham,1999,first scrap players fbref
https://fbref.com/en/players/b13c4620/Stewart-Downing,4063,Stewart Downing,Not found,22-Jul-84,Not found,180,England eng,"FW-MF (AM-WM, left)",Left,2001-2002,17 years,Middlesbrough,2001,first scrap players fbref
https://fbref.com/en/players/270efb21/Rob-Edwards,4068,Rob Edwards,Not found,25-Dec-82,Not found,185,Wales wls  Other: England,DF,Not found,2002-2003,19 years,Aston Villa,2002,players corrected fbref
https://fbref.com/en/players/7c9e057e/Liam-Ridgewell,4070,Liam Ridgewell,Not found,21-Jul-84,Not found,188,England eng,"DF (CB, left)",Left,2002-2003,18 years,Bournemouth,2002,first scrap players fbref
https://fbref.com/en/players/73d9bdc7/Peter-Crouch,4072,Peter Crouch,Not found,30-Jan-81,Not found,201,England eng,FW,Right,2001-2002,20 years,Portsmouth,2001,first scrap players fbref
https://fbref.com/en/players/bf06d13a/Luke-Moore,4075,Luke Moore,Not found,13-Feb-86,Not found,180,England eng,FW,Both,2003-2004,17 years,Wycombe,2003,first scrap players fbref
https://fbref.com/en/players/4b3d3a68/Frazer-Richardson,4094,Frazer Richardson,Not found,29-Oct-82,Not found,181,Not found,DF (FB),Right,2002-2003,19 years,Stoke City,2002,first scrap players fbref
https://fbref.com/en/players/7c6a3c44/Matthew-Kilgallon,4095,Matthew Kilgallon,Not found,8-Jan-84,Not found,185,England eng,DF (CB-FB),Right,2002-2003,18 years,Leeds United,2002,first scrap players fbref
https://fbref.com/en/players/f3229025/Paul-Rachubka,4098,Paul Rachubka,Not found,21-May-81,Not found,185,England eng  Other: United States,GK,Right,2000-2001,19 years,Manchester Utd,2000,first scrap players fbref
https://fbref.com/en/players/a70de3a4/Garry-Monk,4111,Garry Monk,Not found,6-Mar-79,Not found,183,Not found,DF (CB),Not found,1998-1999,19 years,Southampton,1998,first scrap players fbref
https://fbref.com/en/players/fde1ce8d/Brett-Ormerod,4113,Brett Ormerod,Not found,18-Oct-76,Not found,180,Not found,FW,Not found,2001-2002,24 years,Southampton,2001,first scrap players fbref
https://fbref.com/en/players/2f726a89/Kevin-Davies,4114,Kevin Davies,Not found,26-Mar-77,Not found,183,England eng,FW,Not found,1997-1998,20 years,Southampton,1997,first scrap players fbref
https://fbref.com/en/players/55fd8c81/Chris-Baird,4115,Chris Baird,Not found,25-Feb-82,Not found,179,Northern Ireland nir,DF-MF (CB-FB),Right,2002-2003,20 years,Southampton,2002,first scrap players fbref
https://fbref.com/en/players/573e5dd2/Jody-Craddock,4129,Jody Craddock,Not found,25-Jul-75,Not found,183,Not found,DF-MF (CB),Not found,1999-2000,24 years,Sunderland,1999,first scrap players fbref
https://fbref.com/en/players/c6be3102/Marcus-Hahnemann,4140,Marcus Hahnemann,Not found,15-Jun-72,Not found,191,United States,GK,Not found,1997,24 years,Colorado Rapids,Not found,first scrap players fbref
https://fbref.com/en/players/41473b67/Rafael-van-der-Vaart,4192,Rafael van der Vaart,Not found,11-Feb-83,Not found,176,Netherlands,MF (AM),Left,2000-2001,17 years,Ajax,2000,first scrap players fbref
https://fbref.com/en/players/7ddb3563/Bobby-Zamora,4205,Bobby Zamora,Not found,16-Jan-81,Not found,185,England eng,FW,Both,2002-2003,21 years,Brighton,2002,first scrap players fbref
https://fbref.com/en/players/102a7473/David-Fox,4219,David Fox,Not found,13-Dec-83,Not found,180,England eng,MF,Right,2004-2005,20 years,Shrewsbury,2004,first scrap players fbref
https://fbref.com/en/players/e5ea8be7/Adam-Federici,4233,Adam Federici,Not found,31-Jan-85,Not found,188,Australia,GK,Right,2006-2007,21 years,Reading,2006,first scrap players fbref
https://fbref.com/en/players/62393d3b/Joleon-Lescott,4241,Joleon Lescott,Not found,16-Aug-82,Not found,188,England eng,DF (CB),Left,2001-2002,18 years,Wolves,2001,first scrap players fbref
https://fbref.com/en/players/7ecdf483/David-Dunn,4243,David Dunn,Not found,27-Dec-79,Not found,178,England eng,MF,Left,1998-1999,18 years,Blackburn,1998,first scrap players fbref
https://fbref.com/en/players/06420c93/Samuel-Etoo,4257,Samuel Eto'o,Not found,10-Mar-81,Not found,179,Cameroon,FW,Right,1998-1999,17 years,Espanyol,1998,first scrap players fbref
https://fbref.com/en/players/c444465e/Tim-Howard,4267,Tim Howard,Not found,6-Mar-79,Not found,191,United States,GK,Right,1998,18 years,MetroStars,Not found,first scrap players fbref
https://fbref.com/en/players/c1a26d43/Carlos-Tevez,4276,Carlos Tevez,Not found,5-Feb-84,Not found,173,Argentina,FW-MF,Both,2006-2007,22 years,West Ham,2006,first scrap players fbref
https://fbref.com/en/players/b1d82fc2/Philippe-Senderos,4277,Philippe Senderos,Not found,14-Feb-85,Not found,189,Switzerland,DF (CB),Right,2004-2005,19 years,Arsenal,2004,first scrap players fbref
https://fbref.com/en/players/fefce889/Maarten-Stekelenburg,4311,Maarten Stekelenburg,Not found,22-Sep-82,Not found,197,Netherlands,GK,Right,2002-2003,19 years,Ajax,2002,first scrap players fbref
https://fbref.com/en/players/2661360d/John-Heitinga,4315,John Heitinga,Not found,15-Nov-83,Not found,180,Netherlands,DF-MF (CB),Right,2001-2002,17 years,Ajax,2001,first scrap players fbref
https://fbref.com/en/players/8056f6e6/Steven-Pienaar,4321,Steven Pienaar,Not found,17-Mar-82,Not found,170,South Africa,MF (AM-WM),Both,2001-2002,19 years,Ajax,2001,first scrap players fbref
https://fbref.com/en/players/406eb232/Jelle-Van-Damme,4323,Jelle Van Damme,Not found,10-Oct-83,Not found,194,Belgium,"DF-MF (AM-CB-DM-FB-WM, left)",Left,2002-2003,18 years,Ajax,2002,first scrap players fbref
https://fbref.com/en/players/a1866af0/Brett-Emerton,4367,Brett Emerton,Not found,22-Feb-79,Not found,185,Australia,"DF-MF (FB-WM, right)",Right,2000-2001,21 years,Feyenoord,2000,first scrap players fbref
https://fbref.com/en/players/3fcab3a8/Robin-van-Persie,4380,Robin van Persie,Not found,6-Aug-83,Not found,186,Netherlands,FW,Left,2001-2002,17 years,Feyenoord,2001,first scrap players fbref
https://fbref.com/en/players/3438cef9/Johan-Elmander,4383,Johan Elmander,Not found,27-May-81,Not found,188,Sweden,FW,Not found,2000-2001,19 years,Feyenoord,2000,first scrap players fbref
https://fbref.com/en/players/3de4cb30/Park-Ji-sung,4592,Park Ji-sung,Not found,25-Feb-81,Not found,173,Korea Republic,MF,Not found,2002-2003,21 years,PSV Eindhoven,2002,first scrap players fbref
https://fbref.com/en/players/f544a6ab/Jos-Hooiveld,4624,Jos Hooiveld,Not found,22-Apr-83,Not found,193,Netherlands,DF-MF (CB),Left,2003-2004,20 years,Heerenveen,2003,first scrap players fbref
https://fbref.com/en/players/a0e209bc/Nigel-de-Jong,4672,Nigel de Jong,Not found,30-Nov-84,Not found,174,Netherlands,MF (DM),Right,2002-2003,17 years,Ajax,2002,first scrap players fbref
https://fbref.com/en/players/dbb10755/Kader-Mangane,4796,Kader Mangane,Not found,23-Mar-83,Not found,193,Senegal,DF-MF (CB),Right,2003-2004,20 years,Xamax,2003,first scrap players fbref
https://fbref.com/en/players/51a3caf1/Patrice-Evra,5285,Patrice Evra,Not found,15-May-81,Not found,174,France fr  Other: Senegal,"DF (FB, left)",Left,2002-2003,21 years,Monaco,2002,first scrap players fbref
https://fbref.com/en/players/6d28f149/Gael-Givet,5286,Gaël Givet,Not found,9-Oct-81,Not found,181,France,DF (CB),Not found,2000-2001,18 years,Monaco,2000,first scrap players fbref
https://fbref.com/en/players/f7ec06db/Sebastien-Squillaci,5293,Sébastien Squillaci,Not found,11-Aug-80,Not found,183,France,DF (CB),Right,2002-2003,21 years,Monaco,2002,first scrap players fbref
https://fbref.com/en/players/2b548af1/Abdoulaye-Meite,5315,Abdoulaye Méïté,Not found,6-Oct-80,Not found,185,Côte d'Ivoire ci  Other: France,DF (CB),Right,2000-2001,19 years,Marseille,2000,first scrap players fbref
https://fbref.com/en/players/4a6c3ade/Mahamadou-Diarra,5352,Mahamadou Diarra,Not found,18-May-81,Not found,183,Mali,MF (CM-DM),Not found,2000-2001,19 years,Vitesse,2000,first scrap players fbref
https://fbref.com/en/players/6fe6d820/Florent-Malouda,5461,Florent Malouda,Not found,13-Jun-80,Not found,180,France fr  Other: French Guiana,"FW-MF (AM-WM, left)",Left,1997-1998,17 years,Châteauroux,1997,first scrap players fbref
https://fbref.com/en/players/d6577282/Michael-Essien,5588,Michael Essien,Not found,3-Dec-82,Not found,177,Ghana,DF-MF,Right,2000-2001,17 years,Bastia,2000,first scrap players fbref
https://fbref.com/en/players/728c9139/Jean-Makoun,5648,Jean Makoun,Not found,29-May-83,Not found,173,Cameroon,MF (DM),Right,2002-2003,19 years,Lille,2002,first scrap players fbref
https://fbref.com/en/players/402077cd/Marc-Antoine-Fortune,5652,Marc-Antoine Fortuné,Not found,2-Jul-81,Not found,183,Not found,FW,Right,2002-2003,21 years,Lille,2002,first scrap players fbref
https://fbref.com/en/players/71672fa0/Petr-Cech,5658,Petr Čech,Not found,20-May-82,Not found,196,Czech Republic,GK,Left,2002-2003,20 years,Rennes,2002,first scrap players fbref
https://fbref.com/en/players/8ad24039/Anthony-Reveillere,5668,Anthony Réveillère,Not found,10-Nov-79,Not found,180,France,"DF (CB-FB, right)",Right,1997-1998,17 years,Rennes,1997,first scrap players fbref
https://fbref.com/en/players/62f579c5/Frederic-Piquionne,5683,Frédéric Piquionne,Not found,8-Dec-78,Not found,188,"France fr  Other: Martinique , New Caledonia",FW,Not found,2001-2002,22 years,Rennes,2001,first scrap players fbref
https://fbref.com/en/players/70849fc2/Obafemi-Martins,5794,Obafemi Martins,Not found,28-Oct-84,Not found,170,Nigeria,FW,Both,2002-2003,17 years,Inter,2002,first scrap players fbref
https://fbref.com/en/players/a889ffc7/Marco-Borriello,5825,Marco Borriello,Not found,18-Jun-82,Not found,186,Italy,FW,Both,2002-2003,20 years,Empoli,2002,first scrap players fbref
https://fbref.com/en/players/8b92c119/David-Pizarro,5896,David Pizarro,Not found,11-Sep-79,Not found,168,Chile,MF (CM),Right,1999-2000,19 years,Udinese,1999,first scrap players fbref
https://fbref.com/en/players/142ed694/John-Mensah,5917,John Mensah,Not found,29-Nov-82,Not found,177,Ghana,DF (CB),Right,2001-2002,18 years,Genoa,2001,first scrap players fbref
https://fbref.com/en/players/db61f587/Vince-Grella,6021,Vince Grella,Not found,5-Oct-79,Not found,180,Australia,MF (DM),Not found,1998-1999,18 years,Empoli,1998,first scrap players fbref
https://fbref.com/en/players/71e8454e/Diomansy-Kamara,6053,Diomansy Kamara,Not found,8-Nov-80,Not found,185,Senegal sn  Other: France,FW,Not found,2001-2002,20 years,Modena,2001,first scrap players fbref
https://fbref.com/en/players/eb005dc3/Martin-Jiranek,6065,Martin Jiránek,Not found,25-May-79,Not found,189,Czech Republic,"DF (CB-FB, right)",Right,2000-2001,21 years,Reggina,2000,first scrap players fbref
https://fbref.com/en/players/ed2192d0/Giorgos-Karagounis,6106,Giorgos Karagounis,Not found,6-Mar-77,Not found,176,Greece,MF,Not found,2000-2001,23 years,Panathinaikos,2000,first scrap players fbref
https://fbref.com/en/players/99df1bff/Abdoulaye-Faye,6107,Abdoulaye Faye,Not found,26-Feb-78,Not found,188,Senegal,DF-MF (CB-DM),Left,2002-2003,24 years,Lens,2002,first scrap players fbref
https://fbref.com/en/players/78b3399f/Fabricio-Coloccini,6150,Fabricio Coloccini,Not found,22-Jan-82,Not found,183,Argentina,"DF-MF (CB-DM-FB, right)",Right,2001-2002,19 years,Alavés,2001,first scrap players fbref
https://fbref.com/en/players/b6a1eaa0/Ricardo-Gardner,6264,Ricardo Gardner,Not found,25-Sep-78,Not found,175,Jamaica,"DF-MF (AM-FB-WM, left)",Left,2001-2002,22 years,Bolton,2001,first scrap players fbref
https://fbref.com/en/players/e704919e/Dorus-de-Vries,6404,Dorus de Vries,Not found,29-Dec-80,Not found,190,Not found,GK,Right,2003-2004,22 years,ADO Den Haag,2003,first scrap players fbref
https://fbref.com/en/players/f799f31c/Fitz-Hall,6580,Fitz Hall,Not found,20-Dec-80,Not found,193,Not found,DF-FW (FB),Not found,2002-2003,21 years,Oldham Athletic,2002,first scrap players fbref
https://fbref.com/en/players/a67a09fb/Christian-Fuchs,6636,Christian Fuchs,Not found,7-Apr-86,Not found,186,Austria,"DF-MF (FB, left)",Left,2003-2004,17 years,Mattersburg,2003,first scrap players fbref
https://fbref.com/en/players/5be28712/Per-Mertesacker,6710,Per Mertesacker,Not found,29-Sep-84,Not found,198,Germany,DF (CB),Right,2003-2004,18 years,Hannover 96,2003,first scrap players fbref
https://fbref.com/en/players/a00c9b66/Zdenek-Grygera,6833,Zdeněk Grygera,Not found,14-May-80,Not found,185,Czech Republic,"DF (CB-FB, right)",Not found,2003-2004,23 years,Ajax,2003,first scrap players fbref
https://fbref.com/en/players/1b77cb6a/Georgios-Samaras,6855,Georgios Samaras,Not found,21-Feb-85,Not found,192,Greece,"FW-MF (WM, left)",Both,2002-2003,17 years,Heerenveen,2002,first scrap players fbref
https://fbref.com/en/players/5d2c2f2b/Gabriel-Tamas,6893,Gabriel Tamaș,Not found,9-Nov-83,Not found,188,Romania,DF (CB),Right,2003-2004,19 years,Galatasaray,2003,first scrap players fbref
https://fbref.com/en/players/e7a2dc67/Tuncay-Sanli,6934,Tuncay Şanlı,Not found,16-Jan-82,Not found,182,Turkey,FW-MF (AM),Not found,2002-2003,20 years,Fenerbahçe,2002,first scrap players fbref
https://fbref.com/en/players/05380aa0/Richard-Kingson,7125,Richard Kingson,Not found,13-Jun-78,Not found,183,Ghana,GK,Not found,2001-2002,23 years,Antalyaspor,2001,first scrap players fbref
https://fbref.com/en/players/e26f852b/Steven-Reid,7330,Steven Reid,Not found,10-Mar-81,Not found,185,Republic of Ireland ie  Other: England,"DF-MF (FB, right)",Right,2001-2002,20 years,Millwall,2001,first scrap players fbref
https://fbref.com/en/players/d25626aa/Alan-Tate,7337,Alan Tate,Not found,2-Sep-82,Not found,185,Not found,DF,Not found,2002-2003,19 years,Swansea City,2002,first scrap players fbref
https://fbref.com/en/players/450ad405/Gael-Clichy,7449,Gaël Clichy,Not found,26-Jul-85,Not found,176,France,"DF (FB, left)",Left,2003-2004,18 years,Arsenal,2003,first scrap players fbref
https://fbref.com/en/players/d934d1e6/Mikel-Arteta,7451,Mikel Arteta,Not found,26-Mar-82,Not found,177,Spain,MF,Right,2000-2001,18 years,Paris S-G,2000,first scrap players fbref
https://fbref.com/en/players/8b7d33d9/Carlos-Sanchez,7509,Carlos Sánchez,Not found,19-Jan-78,Not found,184,Not found,GK,Not found,2001-2002,23 years,Real Madrid,2001,first scrap players fbref
https://fbref.com/en/players/68f36bc6/Michel-Salgado,7515,Míchel Salgado,Not found,22-Oct-75,Not found,174,Spain,"DF (FB, right)",Not found,1994-1995,18 years,Celta Vigo,1994,first scrap players fbref
https://fbref.com/en/players/4d801075/Esteban-Cambiasso,7520,Esteban Cambiasso,Not found,18-Aug-80,Not found,177,Argentina,MF (DM),Left,2002-2003,21 years,Real Madrid,2002,first scrap players fbref
https://fbref.com/en/players/68f0ce09/Fabio-Aurelio,7570,Fábio Aurélio,Not found,24-Sep-79,Not found,173,Brazil,"DF-MF (FB-WM, left)",Not found,2000-2001,20 years,Valencia,2000,first scrap players fbref
https://fbref.com/en/players/3b142ce5/Javier-Garrido,7571,Javier Garrido,Not found,15-Mar-85,Not found,180,Spain,"DF (CB-FB, left)",Left,2004-2005,19 years,Real Sociedad,2004,first scrap players fbref
https://fbref.com/en/players/e029e404/Victor-Valdes,7589,Víctor Valdés,Not found,14-Jan-82,Not found,183,Spain,GK,Right,2002-2003,20 years,Barcelona,2002,first scrap players fbref
https://fbref.com/en/players/72a2e37e/Juan-Jose-Canas,7657,José Cañas,Not found,17-Apr-72,Not found,179,Not found,MF,Not found,1994-1995,22 years,Real Betis,1994,first scrap players fbref
https://fbref.com/en/players/87582241/Denilson,7660,Denílson,Not found,24-Aug-77,Not found,177,Brazil,MF (AM-WM),Not found,1998-1999,20 years,Real Betis,1998,first scrap players fbref
https://fbref.com/en/players/bdf7b97d/Fernando-Torres,7767,Fernando Torres,Not found,20-Mar-84,Not found,185,Spain,FW,Right,2001-2002,17 years,Atlético Madrid,2001,players corrected fbref
https://fbref.com/en/players/e358587b/Pepe-Reina,7825,Pepe Reina,Not found,31-Aug-82,Not found,188,Spain,GK,Right,2000-2001,17 years,Barcelona,2000,first scrap players fbref
https://fbref.com/en/players/8414bb13/Yossi-Benayoun,7858,Yossi Benayoun,Not found,5-May-80,Not found,178,Israel,MF (AM),Not found,2002-2003,22 years,Racing Sant,2002,first scrap players fbref
https://fbref.com/en/players/4f06b1e0/Maxi-Rodriguez,7895,Maxi Rodríguez,Not found,2-Jan-81,Not found,180,Argentina,FW-MF (AM-WM),Not found,2002-2003,21 years,Espanyol,2002,first scrap players fbref
https://fbref.com/en/players/2042d931/Salomon-Kalou,7971,Salomon Kalou,Not found,5-Aug-85,Not found,183,Côte d'Ivoire,FW-MF (AM),Right,2004-2005,18 years,Feyenoord,2004,first scrap players fbref
https://fbref.com/en/players/5bca867f/Keith-Andrews,8035,Keith Andrews,Not found,13-Sep-80,Not found,183,Republic of Ireland,MF (DM),Not found,2001-2002,20 years,Wolves,2001,first scrap players fbref
https://fbref.com/en/players/23ca89f2/Pablo-Ibanez,8116,Pablo Ibáñez,Not found,3-Aug-81,Not found,192,Spain,DF (CB),Not found,2002-2003,20 years,Albacete,2002,first scrap players fbref
https://fbref.com/en/players/8cdc5afd/Jay-Bothroyd,8188,Jay Bothroyd,Not found,7-May-82,Not found,190,England eng,FW,Not found,2000-2001,18 years,Coventry City,2000,first scrap players fbref
https://fbref.com/en/players/f9a72ca4/Arouna-Kone,8552,Arouna Koné,Not found,11-Nov-83,Not found,182,Côte d'Ivoire,FW,Right,2003-2004,19 years,Roda JC,2003,first scrap players fbref
https://fbref.com/en/players/a1fe3f62/Yakubu-Aiyegbeni,8559,Yakubu Aiyegbeni,Not found,22-Nov-82,Not found,183,Nigeria,FW,Both,2002-2003,19 years,Portsmouth,2002,first scrap players fbref
https://fbref.com/en/players/33508c78/Cesc-Fabregas,8806,Cesc Fàbregas,Not found,4-May-87,Not found,175,Spain,FW-MF (AM-CM-DM),Right,2004-2005,17 years,Arsenal,2004,first scrap players fbref
https://fbref.com/en/players/936d9e3e/Emmanuel-Adebayor,8883,Emmanuel Adebayor,Not found,26-Feb-84,Not found,191,Togo,FW,Right,2001-2002,17 years,Metz,2001,first scrap players fbref
https://fbref.com/en/players/3b2c9cac/Matthew-Taylor,9218,Matthew Taylor,Not found,27-Nov-81,Not found,178,England eng,"DF-MF (AM-CM-FB-WM, left)",Left,2002-2003,20 years,Portsmouth,2002,first scrap players fbref
https://fbref.com/en/players/238aa706/Ricardo-Vaz-Te,9413,Ricardo Vaz Tê,Not found,1-Oct-86,Not found,188,Portugal,FW-MF,Right,2003-2004,16 years,Bolton,2003,first scrap players fbref
https://fbref.com/en/players/f3a97d02/Allan-McGregor,9422,Allan McGregor,Not found,31-Jan-82,Not found,183,Scotland sct,GK,Right,2001-2002,19 years,Rangers,2001,first scrap players fbref
https://fbref.com/en/players/2f6dd6a3/Stephen-Crainey,9499,Stephen Crainey,Not found,22-Jun-81,Not found,175,Scotland sct,"DF (FB, left)",Right,2000-2001,19 years,Celtic,2000,first scrap players fbref
https://fbref.com/en/players/4d93d433/David-Marshall,9500,David Marshall,Not found,5-Mar-85,Not found,191,Scotland sct,GK,Right,2003-2004,18 years,Celtic,2003,first scrap players fbref
https://fbref.com/en/players/0558e236/Shaun-Maloney,9508,Shaun Maloney,Not found,24-Jan-83,Not found,171,Scotland sct  Other: Malaysia,FW-MF (WM),Both,2000-2001,17 years,Celtic,2000,first scrap players fbref
https://fbref.com/en/players/b4e56bbd/Ross-Wallace,9509,Ross Wallace,Not found,23-May-85,Not found,168,Scotland sct,FW-MF (WM),Left,2003-2004,18 years,Celtic,2003,first scrap players fbref
https://fbref.com/en/players/d2bff301/Vincent-Kompany,9594,Vincent Kompany,Not found,10-Apr-86,Not found,193,Belgium,DF (CB),Right,2003-2004,17 years,Anderlecht,2003,first scrap players fbref
https://fbref.com/en/players/688ae34c/Alan-Hutton,9619,Alan Hutton,Not found,30-Nov-84,Not found,185,Scotland sct,"DF (FB, right)",Right,2002-2003,17 years,Rangers,2002,first scrap players fbref
https://fbref.com/en/players/609f6984/Peter-Lovenkrands,9620,Peter Løvenkrands,Not found,29-Jan-80,Not found,180,Denmark,FW-MF (WM),Not found,2000-2001,20 years,Rangers,2000,first scrap players fbref
https://fbref.com/en/players/cf3f2f6d/Radoslav-Kovac,9702,Radoslav Kováč,Not found,27-Nov-79,Not found,189,Czech Republic,DF-MF (CB-DM),Right,2005,25 years,Spartak Moscow,Not found,first scrap players fbref
https://fbref.com/en/players/2bc82fdc/Sotirios-Kyrgiakos,9706,Sotirios Kyrgiakos,Not found,23-Jul-79,Not found,193,Greece,DF (CB),Not found,2001-2002,22 years,Panathinaikos,2001,first scrap players fbref
https://fbref.com/en/players/13dd442f/Jose-Bosingwa,9813,José Bosingwa,Not found,24-Aug-82,Not found,183,Portugal pt  Other: Congo DR,"DF (FB, right)",Right,2001-2002,18 years,Boavista,2001,first scrap players fbref
https://fbref.com/en/players/4ca16d65/Paulo-Ferreira,9832,Paulo Ferreira,Not found,18-Jan-79,Not found,182,Portugal,DF (FB),Not found,2001-2002,22 years,Vitória Setúbal,2001,players corrected fbref
https://fbref.com/en/players/bffec2a8/Vangelis-Moras,9850,Vangelis Moras,Not found,26-Aug-81,Not found,193,Greece,DF (CB),Right,2002-2003,20 years,Proodeftiki,2002,first scrap players fbref
https://fbref.com/en/players/5491eca5/Heidar-Helguson,9886,Heiðar Helguson,Not found,22-Aug-77,Not found,177,Iceland,FW,Not found,1999-2000,21 years,Watford,1999,first scrap players fbref
https://fbref.com/en/players/2cfdae75/James-McFadden,9956,James McFadden,Not found,14-Apr-83,Not found,178,Scotland sct,FW-MF (AM),Left,2000-2001,17 years,Motherwell,2000,first scrap players fbref
https://fbref.com/en/players/69166246/Marcus-Bent,9958,Marcus Bent,Not found,19-May-78,Not found,188,England eng,FW,Not found,1997-1998,19 years,Crystal Palace,1997,first scrap players fbref
https://fbref.com/en/players/8d425d84/Almen-Abdi,9966,Almen Abdi,Not found,21-Oct-86,Not found,182,Switzerland ch  Other: Kosovo,MF (AM),Right,2003-2004,16 years,Zürich,2003,first scrap players fbref
https://fbref.com/en/players/66835431/Richard-Chaplow,9975,Richard Chaplow,Not found,2-Feb-85,Not found,175,England eng,MF,Right,2002-2003,17 years,Burnley,2002,first scrap players fbref
https://fbref.com/en/players/edaf9ca0/Robert-Hulse,9980,Robert Hulse,Not found,25-Oct-79,Not found,185,Not found,FW,Not found,2001-2002,21 years,Crewe Alexandra,2001,first scrap players fbref
https://fbref.com/en/players/4771114f/Michael-Dawson,9988,Michael Dawson,Not found,18-Nov-83,Not found,188,England eng,"DF (CB, right)",Right,2001-2002,17 years,Nott'ham Forest,2001,first scrap players fbref
https://fbref.com/en/players/80c31c97/Wes-Morgan,10003,Wes Morgan,Not found,21-Jan-84,Not found,188,Jamaica jm  Other: England,"DF (CB, right)",Right,2002-2003,18 years,Harriers,2002,first scrap players fbref
https://fbref.com/en/players/8c4c0cf8/Andy-Reid,10008,Andy Reid,Not found,29-Jul-82,Not found,175,Republic of Ireland,MF,Not found,2001-2002,19 years,Nott'ham Forest,2001,first scrap players fbref
https://fbref.com/en/players/34dab521/Marlon-Harewood,10011,Marlon Harewood,Not found,25-Aug-79,Not found,185,Not found,FW,Not found,1998-1999,18 years,Nott'ham Forest,1998,first scrap players fbref
https://fbref.com/en/players/43420ade/Barry-Ferguson,10251,Barry Ferguson,Not found,2-Feb-78,Not found,178,Scotland sct,MF (CM),Not found,2000-2001,22 years,Rangers,2000,first scrap players fbref
https://fbref.com/en/players/fdcff59c/Shaun-MacDonald,10375,Shaun MacDonald,Not found,17-Jun-88,Not found,185,Wales wls,MF,Right,2005-2006,17 years,Swansea City,2005,players corrected fbref
https://fbref.com/en/players/f3041886/David-Carney,10387,David Carney,Not found,30-Nov-83,Not found,181,Australia,"DF-MF (FB-WM, left)",Not found,2005-2006,21 years,Sydney FC,2005,first scrap players fbref
https://fbref.com/en/players/98fbb38d/Mike-Williamson,10642,Mike Williamson,Not found,8-Nov-83,Not found,193,Not found,DF (CB),Right,2003-2004,19 years,Torquay United,2003,first scrap players fbref
https://fbref.com/en/players/89cbc961/Ramiro-Funes-Mori,11111,Ramiro Funes Mori,Not found,"March 5, 1991 (Age: 34-265d)","Mendoza, Argentina",193,Argentina,DF (CB),Both,2014,22 years,River Plate,Not found,first scrap players fbref
https://fbref.com/en/players/40a814af/Kevin-McNaughton,11365,Kevin McNaughton,Not found,28-Aug-82,Not found,178,Scotland sct,DF,Right,2000-2001,17 years,Aberdeen,2000,first scrap players fbref
https://fbref.com/en/players/cc8f5f70/Adam-Drury,11663,Adam Drury,Not found,29-Aug-78,Not found,180,Not found,DF,Not found,2001-2002,22 years,Norwich City,2001,first scrap players fbref
https://fbref.com/en/players/a350680b/Robert-Green,11680,Robert Green,Not found,18-Jan-80,Not found,191,England eng,GK,Right,2001-2002,21 years,Norwich City,2001,first scrap players fbref
https://fbref.com/en/players/8d8655a9/Jason-Shackell,11756,Jason Shackell,Not found,27-Sep-83,Not found,193,Not found,DF (CB),Left,2002-2003,18 years,Norwich City,2002,first scrap players fbref
https://fbref.com/en/players/9fc277ee/Benjani,12063,Benjani,Not found,13-Aug-78,Not found,188,Zimbabwe,FW,Not found,2002-2003,23 years,Auxerre,2002,first scrap players fbref
https://fbref.com/en/players/d5bd56a5/Glenn-Whelan,12124,Glenn Whelan,Not found,13-Jan-84,Not found,180,Republic of Ireland,MF (CM-DM),Right,2003-2004,19 years,Bury,2003,first scrap players fbref
https://fbref.com/en/players/4d7dd756/Stephen-Kelly,12125,Stephen Kelly,Not found,6-Sep-83,Not found,184,Republic of Ireland,"DF (FB, right)",Right,2002-2003,18 years,QPR,2002,first scrap players fbref
https://fbref.com/en/players/422a65eb/Michael-Turner,12127,Michael Turner,Not found,9-Nov-83,Not found,193,Not found,DF (CB),Right,2002-2003,18 years,Leyton Orient,2002,first scrap players fbref
https://fbref.com/en/players/691bef82/Daley-Blind,12282,Daley Blind,Not found,"March 9, 1990 (Age: 35-261d)","Amsterdam, Netherlands",180,Netherlands,"DF-MF (CB-DM-FB, left)",Left,2008-2009,18 years,Ajax,2008,first scrap players fbref
https://fbref.com/en/players/75566759/Alexander-Tettey,12384,Alexander Tettey,Not found,4-Apr-86,Not found,180,Norway no  Other: Ghana,MF (DM),Right,2004,17 years,Rosenborg,Not found,first scrap players fbref
https://fbref.com/en/players/1e05027f/Shefki-Kuqi,12398,Shefki Kuqi,Not found,10-Nov-76,Not found,188,Finland fi  Other: Kosovo,FW,Not found,2001-2002,24 years,Sheffield Weds,2001,first scrap players fbref
https://fbref.com/en/players/b16150ac/Peter-Odemwingie,12516,Peter Odemwingie,Not found,15-Jul-81,Not found,182,Nigeria,FW,Both,2003-2004,22 years,La Louvière,2003,first scrap players fbref
https://fbref.com/en/players/b15780e3/Craig-Gordon,12589,Craig Gordon,Not found,"December 31, 1982 (Age: 42-329d)","Edinburgh, Scotland, United Kingdom",193,Scotland sct,GK,Right,2002-2003,19 years,Hearts,2002,first scrap players fbref
https://fbref.com/en/players/6825c1f9/Noel-Hunt,12628,Noel Hunt,Not found,26-Dec-82,Not found,173,Republic of Ireland,FW-MF (WM),Left,2002-2003,19 years,Dunfermline Ath.,2002,first scrap players fbref
https://fbref.com/en/players/c61f1719/James-Collins,12691,James Collins,Not found,23-Aug-83,Not found,188,Wales wls,DF (CB),Right,2002-2003,18 years,Cardiff City,2002,players corrected fbref
https://fbref.com/en/players/2d67e9c7/Stephen-Dobbie,12693,Stephen Dobbie,Not found,5-Dec-82,Not found,178,Not found,FW,Right,2003-2004,20 years,Hibernian,2003,first scrap players fbref
https://fbref.com/en/players/06f81a8c/Steven-Whittaker,12704,Steven Whittaker,Not found,16-Jun-84,Not found,185,Scotland sct,"DF-MF (FB, right)",Right,2001-2002,17 years,Hibernian,2001,first scrap players fbref
https://fbref.com/en/players/90148433/Danny-Gabbidon,12709,Danny Gabbidon,Not found,8-Aug-79,Not found,178,Wales wls,DF (CB),Right,2002-2003,22 years,Cardiff City,2002,first scrap players fbref
https://fbref.com/en/players/5e98c186/Steven-Naismith,12763,Steven Naismith,Not found,14-Sep-86,Not found,178,Scotland sct,FW-MF (AM),Right,2003-2004,16 years,Kilmarnock,2003,first scrap players fbref
https://fbref.com/en/players/8e65a5e5/Julian-Speroni,12814,Julián Speroni,Not found,18-May-79,Not found,183,Argentina,GK,Right,2001-2002,22 years,Dundee,2001,first scrap players fbref
https://fbref.com/en/players/1bfae04c/Emmanuel-Eboue,13058,Emmanuel Eboué,Not found,4-Jun-83,Not found,178,Côte d'Ivoire,"DF-MF (FB-WM, right)",Right,2003-2004,20 years,Beveren,2003,first scrap players fbref
https://fbref.com/en/players/c204f844/Yaya-Toure,13091,Yaya Touré,Not found,13-May-83,Not found,191,Côte d'Ivoire,MF (CB-CM),Right,2003-2004,20 years,Beveren,2003,first scrap players fbref
https://fbref.com/en/players/e767cd27/Raul-Meireles,13168,Raul Meireles,Not found,17-Mar-83,Not found,180,Portugal,MF,Left,2003-2004,20 years,Boavista,2003,first scrap players fbref
https://fbref.com/en/players/fe97f10b/Darren-Bent,13239,Darren Bent,Not found,6-Feb-84,Not found,180,England eng,FW,Right,2001-2002,17 years,Ipswich Town,2001,first scrap players fbref
https://fbref.com/en/players/1b64c1b2/Grant-Holt,13412,Grant Holt,Not found,12-Apr-81,Not found,183,Not found,FW,Both,2002-2003,21 years,Sheffield Weds,2002,first scrap players fbref
https://fbref.com/en/players/9665e2ea/Nicky-Shorey,13426,Nicky Shorey,Not found,19-Feb-81,Not found,175,England eng,"DF-MF (DM-FB, left)",Not found,2002-2003,21 years,Reading,2002,first scrap players fbref
https://fbref.com/en/players/ed083afd/Steve-Sidwell,13427,Steve Sidwell,Not found,14-Dec-82,Not found,178,England eng,MF (CM),Right,2002-2003,19 years,Reading,2002,first scrap players fbref
https://fbref.com/en/players/df4b8b69/Lee-Camp,13443,Lee Camp,Not found,22-Aug-84,Not found,185,Northern Ireland nir  Other: England,GK,Right,2003-2004,18 years,QPR,2003,players corrected fbref
https://fbref.com/en/players/464cbbc9/Tom-Huddlestone,13465,Tom Huddlestone,Not found,28-Dec-86,Not found,190,England eng,MF (CM-DM),Right,2003-2004,16 years,Derby County,2003,first scrap players fbref
https://fbref.com/en/players/831674a5/Bjorn-Helge-Riise,13485,Bjørn Helge Riise,Not found,21-Jun-83,Not found,175,Norway,MF (CM),Right,2003-2004,20 years,Standard Liège,2003,first scrap players fbref
https://fbref.com/en/players/b18095b6/Leighton-Baines,13507,Leighton Baines,Not found,11-Dec-84,Not found,170,England eng,"DF (FB, left)",Left,2002-2003,17 years,Wigan Athletic,2002,first scrap players fbref
https://fbref.com/en/players/3233eefd/Phil-Jagielka,13520,Phil Jagielka,Not found,17-Aug-82,Not found,180,England eng,DF-MF (CB-DM),Right,2001-2002,18 years,Sheffield Utd,2001,first scrap players fbref
https://fbref.com/en/players/b03eb26c/Paddy-Kenny,13524,Paddy Kenny,Not found,17-May-78,Not found,185,Republic of Ireland ie  Other: England,GK,Right,2002-2003,24 years,Sheffield Utd,2002,first scrap players fbref
https://fbref.com/en/players/046f30a8/Michael-Tonge,13544,Michael Tonge,Not found,7-Apr-83,Not found,183,England eng,MF,Left,2001-2002,18 years,Sheffield Utd,2001,first scrap players fbref
https://fbref.com/en/players/e5a2dfc2/Tim-Cahill,13556,Tim Cahill,Not found,6-Dec-79,Not found,178,Australia,FW-MF (AM),Right,2001-2002,21 years,Millwall,2001,first scrap players fbref
https://fbref.com/en/players/d0b3ceb9/Ben-Foster,13572,Ben Foster,Not found,3-Apr-83,Not found,194,England eng,GK,Left,2004-2005,21 years,Harriers,2004,first scrap players fbref
https://fbref.com/en/players/1e0b6a73/Simon-Francis,13573,Simon Francis,Not found,16-Feb-85,Not found,191,Not found,"DF (CB-FB, right)",Right,2002-2003,17 years,Bradford City,2002,first scrap players fbref
https://fbref.com/en/players/5eac3bb7/Karl-Henry,13582,Karl Henry,Not found,26-Nov-82,Not found,183,Not found,"DF-MF (DM-FB, right)",Right,2002-2003,19 years,Stoke City,2002,first scrap players fbref
https://fbref.com/en/players/c0936ded/Clint-Hill,13583,Clint Hill,Not found,19-Oct-78,Not found,183,Not found,DF (CB),Left,2002-2003,23 years,Oldham Athletic,2002,first scrap players fbref
https://fbref.com/en/players/9aca56d3/Andy-Wilkinson,13616,Andy Wilkinson,Not found,6-Aug-84,Not found,180,Not found,"DF (FB, right)",Right,2003-2004,18 years,Stoke City,2003,first scrap players fbref
https://fbref.com/en/players/33b6ee02/Kelvin-Davis,13640,Kelvin Davis,Not found,29-Sep-76,Not found,185,England eng,GK,Right,2001-2002,24 years,Wimbledon,2001,first scrap players fbref
https://fbref.com/en/players/a32204c9/Dean-Whitehead,13683,Dean Whitehead,Not found,21-Jan-82,Not found,180,Not found,"DF-MF (CM-FB, right)",Right,2002-2003,20 years,Oxford United,2002,players corrected fbref
https://fbref.com/en/players/303ad7c3/Diego-Lugano,13829,Diego Lugano,Not found,2-Nov-80,Not found,188,Uruguay,DF (CB),Right,2006-2007,25 years,Fenerbahçe,2006,first scrap players fbref
https://fbref.com/en/players/3fe9ae90/Akos-Buzsaky,13878,Ákos Buzsáky,Not found,7-May-82,Not found,180,Hungary,MF (AM),Not found,2002-2003,20 years,Porto,2002,first scrap players fbref
https://fbref.com/en/players/0fbcbed1/Henrique-Hilario,13886,Henrique Hilário,Not found,21-Oct-75,Not found,189,Portugal,GK,Right,2001-2002,25 years,Varzim,2001,first scrap players fbref
https://fbref.com/en/players/5171db60/Ashkan-Dejagah,13979,Ashkan Dejagah,Not found,5-Jul-86,Not found,181,Iran ir  Other: Germany,FW-MF (AM-WM),Right,2004-2005,18 years,Hertha BSC,2004,first scrap players fbref
https://fbref.com/en/players/5ba16a76/Andrew-Crofts,14003,Andrew Crofts,Not found,29-May-84,Not found,175,Wales wls  Other: England,MF,Right,2003-2004,19 years,Gillingham,2003,first scrap players fbref
https://fbref.com/en/players/e3606bf2/Shaun-Derry,14007,Shaun Derry,Not found,6-Dec-77,Not found,183,Not found,MF,Not found,2001-2002,23 years,Portsmouth,2001,first scrap players fbref
https://fbref.com/en/players/0f04d7b6/Dickson-Etuhu,14011,Dickson Etuhu,Not found,8-Jun-82,Not found,188,Nigeria,MF (DM),Right,2001-2002,19 years,Manchester City,2001,first scrap players fbref
https://fbref.com/en/players/4980fb08/Matty-Fryatt,14013,Matty Fryatt,Not found,5-Mar-86,Not found,178,England eng,FW,Both,2003-2004,17 years,Carlisle United,2003,first scrap players fbref
https://fbref.com/en/players/c764fa54/Ricardo-Fuller,14014,Ricardo Fuller,Not found,31-Oct-79,Not found,191,Jamaica,FW,Right,2001-2002,21 years,Hearts,2001,first scrap players fbref
https://fbref.com/en/players/facd1b3e/Andrew-Johnson,14031,Andrew Johnson,Not found,10-Feb-81,Not found,170,England eng,FW,Right,2001-2002,20 years,Birmingham City,2001,first scrap players fbref
https://fbref.com/en/players/3cd9228b/Mikele-Leigertwood,14041,Mikele Leigertwood,Not found,12-Nov-82,Not found,188,Antigua and Barbuda ag  Other: England,DF-MF (DM),Not found,2002-2003,19 years,Wimbledon,2002,first scrap players fbref
https://fbref.com/en/players/0f602616/Jobi-McAnuff,14047,Jobi McAnuff,Not found,9-Nov-81,Not found,180,Jamaica jm  Other: England,MF (CM),Right,2001-2002,19 years,Wimbledon,2001,first scrap players fbref
https://fbref.com/en/players/6f34d0b5/Tyrone-Mears,14050,Tyrone Mears,Not found,18-Feb-83,Not found,181,Jamaica jm  Other: England,"DF (FB, right)",Right,2001-2002,18 years,Manchester City,2001,first scrap players fbref
https://fbref.com/en/players/110d0643/Nigel-Reo-Coker,14060,Nigel Reo-Coker,Not found,14-May-84,Not found,172,England eng,MF,Right,2001-2002,17 years,Wimbledon,2001,first scrap players fbref
https://fbref.com/en/players/80cdbbe1/Paul-Robinson,14063,Paul Robinson,Not found,14-Dec-78,Not found,178,England eng,"DF (CB-FB, left)",Left,1999-2000,20 years,Watford,1999,players corrected fbref
https://fbref.com/en/players/1d387eee/Wayne-Routledge,14066,Wayne Routledge,Not found,7-Jan-85,Not found,169,England eng,FW-MF (WM),Right,2001-2002,16 years,Crystal Palace,2001,first scrap players fbref
https://fbref.com/en/players/c4fe1d3a/Mamady-Sidibe,14069,Mamady Sidibé,Not found,18-Dec-79,Not found,194,Mali,FW,Not found,2002-2003,22 years,Gillingham,2002,first scrap players fbref
https://fbref.com/en/players/df540668/Ben-Watson,14081,Ben Watson,Not found,9-Jul-85,Not found,178,England eng,MF (CM-DM),Both,2002-2003,17 years,Crystal Palace,2002,first scrap players fbref
https://fbref.com/en/players/be927d03/Ashley-Young,14086,Ashley Young,Not found,"July 9, 1985 (Age: 40-139d)","Stevenage, England, United Kingdom",175,England eng,"DF-FW-MF (FB-WM, left)",Right,2003-2004,18 years,Watford,2003,first scrap players fbref
https://fbref.com/en/players/1757d8ed/Luke-Varney,14177,Luke Varney,Not found,28-Sep-82,Not found,180,Not found,FW-MF (WM),Right,2003-2004,20 years,Crewe Alexandra,2003,first scrap players fbref
https://fbref.com/en/players/b950cb68/David-Vaughan,14178,David Vaughan,Not found,18-Feb-83,Not found,170,Wales wls,MF (CM-DM),Left,2001-2002,18 years,Crewe Alexandra,2001,first scrap players fbref
https://fbref.com/en/players/2ff964a0/Aaron-Lennon,14221,Aaron Lennon,Not found,16-Apr-87,Not found,165,England eng,"FW-MF (AM-WM, right)",Right,2003-2004,16 years,Leeds United,2003,first scrap players fbref
https://fbref.com/en/players/cee38e27/Antolin-Alcaraz,14259,Antolín Alcaraz,Not found,30-Jul-82,Not found,185,Paraguay,"DF (CB, left)",Right,2002-2003,20 years,Beira-Mar,2002,first scrap players fbref
https://fbref.com/en/players/3e1550ee/Scott-Carson,14555,Scott Carson,Not found,3-Sep-85,Not found,192,England eng,GK,Right,2003-2004,17 years,Leeds United,2003,first scrap players fbref
https://fbref.com/en/players/c06e8b72/Don-Cowie,14746,Don Cowie,Not found,15-Feb-83,Not found,180,Scotland sct,MF,Right,2007-2008,24 years,Inverness CT,2007,first scrap players fbref
https://fbref.com/en/players/a985ccde/Simon-Lappin,14792,Simon Lappin,Not found,25-Jan-83,Not found,180,Scotland sct,"DF-MF (FB-WM, left)",Not found,2006-2007,23 years,St Mirren,2006,first scrap players fbref
https://fbref.com/en/players/bd89b75e/Milan-Jovanovic,14933,Milan Jovanović,Not found,18-Apr-81,Not found,183,Serbia,"FW-MF (WM, left)",Not found,2004,22 years,Loko Moscow,Not found,first scrap players fbref
https://fbref.com/en/players/0a0ee36e/Razvan-Rat,14940,Răzvan Raț,Not found,26-May-81,Not found,178,Romania,"DF (FB, left)",Left,2003-2004,22 years,Shakhtar,2003,first scrap players fbref
https://fbref.com/en/players/fd7afe52/Roman-Pavlyuchenko,15072,Roman Pavlyuchenko,Not found,15-Dec-81,Not found,188,Russia,FW,Both,2001,19 years,Rotor Volgograd,Not found,first scrap players fbref
https://fbref.com/en/players/f1085969/Pavel-Pogrebnyak,15074,Pavel Pogrebnyak,Not found,8-Nov-83,Not found,187,Russia,FW,Left,2002,18 years,Spartak Moscow,Not found,first scrap players fbref
https://fbref.com/en/players/674ef042/Keiren-Westwood,15164,Keiren Westwood,Not found,23-Oct-84,Not found,188,Republic of Ireland ie  Other: England,GK,Left,2005-2006,20 years,Carlisle United,2005,first scrap players fbref
https://fbref.com/en/players/8b0d6fe9/Liam-Rosenior,15166,Liam Rosenior,Not found,9-Jul-84,Not found,178,England eng,DF,Right,2002-2003,18 years,Bristol City,2002,first scrap players fbref
https://fbref.com/en/players/193ed0c0/Matt-Derbyshire,15175,Matt Derbyshire,Not found,14-Apr-86,Not found,185,England eng,FW,Right,2004-2005,18 years,Blackburn,2004,first scrap players fbref
https://fbref.com/en/players/88f0a9a0/Lukas-Podolski,15185,Lukas Podolski,Not found,"June 4, 1985 (Age: 40-174d)","Gliwice, Poland",181,Germany de  Other: Poland,FW-MF (AM),Left,2003-2004,18 years,Köln,2003,first scrap players fbref
https://fbref.com/en/players/34ccf6fa/Artur-Boruc,15220,Artur Boruc,Not found,20-Feb-80,Not found,193,Poland,GK,Right,2002-2003,22 years,Legia Warsaw,2002,first scrap players fbref
https://fbref.com/en/players/8fd1ea1f/Andrey-Arshavin,15378,Andrey Arshavin,Not found,29-May-81,Not found,172,Russia,"FW-MF (AM-WM, left)",Not found,2001,19 years,Zenit,Not found,first scrap players fbref
https://fbref.com/en/players/d2790f7a/Xisco,15465,Xisco,Not found,26-Jun-86,Not found,188,Spain,FW,Right,2004-2005,18 years,La Coruña,2004,first scrap players fbref
https://fbref.com/en/players/07fffbc5/Garry-OConnor,15708,Garry O'Connor,Not found,7-May-83,Not found,185,Scotland sct,FW,Not found,2000-2001,17 years,Hibernian,2000,first scrap players fbref
https://fbref.com/en/players/9a8c6673/Ibrahim-Afellay,15760,Ibrahim Afellay,Not found,2-Apr-86,Not found,180,Netherlands,FW-MF (AM-WM),Right,2004-2005,18 years,PSV Eindhoven,2004,first scrap players fbref
https://fbref.com/en/players/1ae30132/Phil-Bardsley,15773,Phil Bardsley,Not found,28-Jun-85,Not found,180,Scotland sct  Other: England,"DF (FB, right)",Right,2003-2004,18 years,Antwerp,2003,first scrap players fbref
https://fbref.com/en/players/e2e9c250/Santi-Cazorla,15799,Santi Cazorla,Not found,"December 13, 1984 (Age: 40-347d)","Lugo de Llanera, Spain",165,Spain,MF (AM-WM),Right,2003-2004,18 years,Villarreal,2003,first scrap players fbref
https://fbref.com/en/players/58e98028/Elliott-Ward,15838,Elliott Ward,Not found,19-Jan-85,Not found,185,Not found,DF (CB),Right,2004-2005,19 years,Bristol Rovers,2004,first scrap players fbref
https://fbref.com/en/players/be1797d6/Sergei-Kornilenko,15881,Sergei Kornilenko,Not found,14-Jun-83,Not found,186,Belarus,FW,Right,2003-2004,20 years,Dynamo Kyiv,2003,first scrap players fbref
https://fbref.com/en/players/d0d79694/Thomas-Vermaelen,15904,Thomas Vermaelen,Not found,14-Nov-85,Not found,183,Belgium,"DF (CB, left)",Left,2003-2004,17 years,Ajax,2003,first scrap players fbref
https://fbref.com/en/players/02d6d2b4/Matthew-Jarvis,15921,Matthew Jarvis,Not found,22-May-86,Not found,170,England eng,"MF (WM, left)",Both,2003-2004,17 years,Gillingham,2003,first scrap players fbref
https://fbref.com/en/players/d0de6b37/Jamie-Mackie,15929,Jamie Mackie,Not found,22-Sep-85,Not found,173,Scotland sct  Other: England,FW-MF (WM),Right,2003-2004,17 years,Wimbledon,2003,first scrap players fbref
https://fbref.com/en/players/3f10bd22/Jesus-Navas,15956,Jesús Navas,Not found,21-Nov-85,Not found,172,Spain,"DF-FW-MF (AM-FB-WM, right)",Right,2003-2004,17 years,Sevilla,2003,first scrap players fbref
https://fbref.com/en/players/78142987/Bradley-Orr,16091,Bradley Orr,Not found,1-Nov-82,Not found,183,Not found,"DF (FB, right)",Right,2003-2004,20 years,Burnley,2003,first scrap players fbref
https://fbref.com/en/players/6438d426/Ryan-Babel,16135,Ryan Babel,Not found,19-Dec-86,Not found,185,Netherlands,"FW-MF (AM-WM, left)",Right,2003-2004,16 years,Ajax,2003,first scrap players fbref
https://fbref.com/en/players/1222ab35/Carlos-Cuellar,16576,Carlos Cuéllar,Not found,23-Aug-81,Not found,190,Not found,DF (CB),Right,2001-2002,19 years,Numancia,2001,first scrap players fbref
https://fbref.com/en/players/9f6b2f8c/Manuel-Almunia,16621,Manuel Almunia,Not found,19-May-77,Not found,191,Not found,GK,Not found,2001-2002,24 years,Eibar,2001,first scrap players fbref
https://fbref.com/en/players/7b72f0b6/Alex-Baptiste,16660,Alex Baptiste,Not found,31-Jan-86,Not found,180,Not found,"DF (CB-FB, right)",Right,2002-2003,16 years,Mansfield Town,2002,first scrap players fbref
https://fbref.com/en/players/7e8050c6/Diniyar-Bilyaletdinov,16690,Diniyar Bilyaletdinov,Not found,27-Feb-85,Not found,186,Russia,MF,Left,2004,18 years,Loko Moscow,Not found,first scrap players fbref
https://fbref.com/en/players/fff10a46/Danny-Guthrie,16716,Danny Guthrie,Not found,18-Apr-87,Not found,170,England eng,MF (CM-WM),Right,2006-2007,19 years,Southampton,2006,first scrap players fbref
https://fbref.com/en/players/403d2184/Niko-Kranjcar,16746,Niko Kranjčar,Not found,13-Aug-84,Not found,186,Croatia,MF (AM),Both,2006-2007,21 years,Portsmouth,2006,first scrap players fbref
https://fbref.com/en/players/ed2b33cb/Yuri-Zhirkov,16760,Yuri Zhirkov,Not found,20-Aug-83,Not found,180,Russia,"DF-MF (FB-WM, left)",Left,2004,20 years,CSKA Moscow,Not found,first scrap players fbref
https://fbref.com/en/players/53af52f3/Kasper-Schmeichel,16911,Kasper Schmeichel,Not found,"November 5, 1986 (Age: 39-020d)","Copenhagen, Denmark",189,Denmark,GK,Right,2005-2006,18 years,Darlington,2005,first scrap players fbref
https://fbref.com/en/players/24249219/Marcin-Wasilewski,16947,Marcin Wasilewski,Not found,9-Jun-80,Not found,186,Poland,DF (CB-FB),Right,2002-2003,22 years,Wisła Płock,2002,first scrap players fbref
https://fbref.com/en/players/e185aa52/Sulley-Muntari,17129,Sulley Muntari,Not found,27-Aug-84,Not found,179,Ghana,MF (CB-DM),Left,2002-2003,17 years,Udinese,2002,first scrap players fbref
https://fbref.com/en/players/9f9ba8ca/Steven-Taylor,17273,Steven Taylor,Not found,23-Jan-86,Not found,188,England eng,DF (CB),Right,2003-2004,17 years,Wycombe,2003,first scrap players fbref
https://fbref.com/en/players/148d4105/Mathieu-Flamini,17396,Mathieu Flamini,Not found,7-Mar-84,Not found,178,France,MF (DM),Both,2003-2004,19 years,Marseille,2003,first scrap players fbref
https://fbref.com/en/players/1550f0e0/Herita-Ilunga,17432,Hérita Ilunga,Not found,25-Feb-82,Not found,180,Congo DR,"DF (FB, left)",Not found,2004-2005,22 years,Saint-Étienne,2004,first scrap players fbref
https://fbref.com/en/players/cc41eec1/Sebastien-Pocognoli,17804,Sébastien Pocognoli,Not found,1-Aug-87,Not found,182,Belgium,"DF-MF (FB-WM, left)",Left,2003-2004,15 years,Genk,2003,first scrap players fbref
https://fbref.com/en/players/3267fa3b/Marton-Fulop,17879,Márton Fülöp,Not found,3-May-83,Not found,198,Hungary,GK,Not found,2004-2005,21 years,Chesterfield,2004,first scrap players fbref
https://fbref.com/en/players/8f62b6ee/Hugo-Lloris,17965,Hugo Lloris,Not found,"December 26, 1986 (Age: 38-334d)","Nice, France",188,France,GK,Left,2005-2006,18 years,Nice,2005,first scrap players fbref
https://fbref.com/en/players/e9ef3a0d/Derek-Boateng,18091,Derek Boateng,Not found,2-May-83,Not found,183,Ghana,MF (DM),Right,2000-2001,17 years,Kalamata,2000,first scrap players fbref
https://fbref.com/en/players/525642e0/Julien-Faubert,18093,Julien Faubert,Not found,1-Aug-83,Not found,180,France fr  Other: Martinique,"DF-FW-MF (FB-WM, right)",Right,2004-2005,20 years,Bordeaux,2004,first scrap players fbref
https://fbref.com/en/players/607fb965/Curtis-Davies,18227,Curtis Davies,Not found,15-Mar-85,Not found,188,Sierra Leone sl  Other: England,DF (CB),Right,2003-2004,18 years,Luton Town,2003,first scrap players fbref
https://fbref.com/en/players/fbc5d136/Maicon-Sisenando,18301,Maicon Sisenando,Not found,26-Jul-81,Not found,184,Brazil,"DF (FB, right)",Right,2004-2005,23 years,Monaco,2004,first scrap players fbref
https://fbref.com/en/players/a557e6b0/Benoit-Assou-Ekotto,18310,Benoît Assou-Ekotto,Not found,24-Mar-84,Not found,178,Cameroon cm  Other: France,"DF (FB, left)",Left,2003-2004,19 years,Lens,2003,first scrap players fbref
https://fbref.com/en/players/08bd23a0/Zoltan-Gera,18324,Zoltán Gera,Not found,22-Apr-79,Not found,183,Hungary,MF (AM),Right,2004-2005,25 years,West Brom,2004,first scrap players fbref
https://fbref.com/en/players/63b0ca6b/Alvaro-Negredo,18644,Álvaro Negredo,Not found,20-Aug-85,Not found,186,Spain,FW,Left,2005-2006,19 years,Real Madrid B,2005,first scrap players fbref
https://fbref.com/en/players/c8404849/Jean-Beausejour,18871,Jean Beausejour,Not found,1-Jun-84,Not found,178,Chile,"DF-FW-MF (FB-WM, left)",Left,2004-2005,20 years,Servette,2004,first scrap players fbref
https://fbref.com/en/players/5cbb464e/Pascal-Chimbonda,18875,Pascal Chimbonda,Not found,21-Feb-79,Not found,180,France fr  Other: Guadeloupe,DF,Not found,1999-2000,20 years,Le Havre,1999,first scrap players fbref
https://fbref.com/en/players/74dc806c/Hatem-Ben-Arfa,18900,Hatem Ben Arfa,Not found,7-Mar-87,Not found,178,France,FW-MF (AM-WM),Left,2004-2005,17 years,Lyon,2004,first scrap players fbref
https://fbref.com/en/players/165bed61/Samir-Nasri,18935,Samir Nasri,Not found,26-Jun-87,Not found,175,France,FW-MF (AM),Right,2004-2005,17 years,Marseille,2004,first scrap players fbref
https://fbref.com/en/players/3200c583/Gokhan-Inler,19041,Gökhan Inler,Not found,27-Jun-84,Not found,183,Switzerland,MF (CM-DM),Both,2004-2005,20 years,Aarau,2004,first scrap players fbref
https://fbref.com/en/players/d596e193/Heurelho-Gomes,19059,Heurelho Gomes,Not found,15-Feb-81,Not found,191,Brazil,GK,Right,2004-2005,23 years,PSV Eindhoven,2004,first scrap players fbref
https://fbref.com/en/players/790ca5f3/Marouane-Chamakh,19085,Marouane Chamakh,Not found,10-Jan-84,Not found,188,Morocco ma  Other: France,FW,Right,2002-2003,18 years,Bordeaux,2002,first scrap players fbref
https://fbref.com/en/players/f7ee69fb/Mousa-Dembele,19368,Mousa Dembélé,Not found,16-Jul-87,Not found,185,Belgium,MF (DM),Left,2003-2004,16 years,Beerschot,2003,first scrap players fbref
https://fbref.com/en/players/84bfbd38/Emmerson-Boyce,19641,Emmerson Boyce,Not found,24-Sep-79,Not found,184,Barbados bb  Other: England,DF (CB),Right,2002-2003,22 years,Luton Town,2002,first scrap players fbref
https://fbref.com/en/players/4b7fd1e2/Goran-Popov,19721,Goran Popov,Not found,2-Oct-84,Not found,189,North Macedonia,"DF-MF (FB-WM, left)",Left,2003-2004,18 years,AEK Athens,2003,first scrap players fbref
https://fbref.com/en/players/4b30b37e/Nemanja-Vidic,19726,Nemanja Vidić,Not found,21-Oct-81,Not found,190,Serbia,DF (CB),Right,2004,22 years,Spartak Moscow,Not found,first scrap players fbref
https://fbref.com/en/players/aad584e0/Nikola-Zigic,19729,Nikola Žigić,Not found,25-Sep-80,Not found,202,Serbia,FW,Right,2006-2007,25 years,Racing Sant,2006,first scrap players fbref
https://fbref.com/en/players/0d058ab8/Steve-Gohouri,19857,Steve Gohouri,Not found,8-Feb-81,Not found,189,Côte d'Ivoire,DF (CB-FB),Not found,2005-2006,24 years,Young Boys,2005,first scrap players fbref
https://fbref.com/en/players/a179d516/Willy-Caballero,19948,Willy Caballero,Not found,28-Sep-81,Not found,185,Argentina,GK,Right,2004-2005,22 years,Elche,2004,first scrap players fbref
https://fbref.com/en/players/5070881b/Javier-Mascherano,19981,Javier Mascherano,Not found,8-Jun-84,Not found,174,Argentina,DF-MF (CB-DM),Right,2006-2007,22 years,West Ham,2006,first scrap players fbref
https://fbref.com/en/players/6813ac34/Pablo-Zabaleta,20007,Pablo Zabaleta,Not found,16-Jan-85,Not found,176,Argentina,"DF-MF (FB, right)",Right,2005-2006,20 years,Espanyol,2005,first scrap players fbref
https://fbref.com/en/players/66e83563/Urby-Emanuelson,20586,Urby Emanuelson,Not found,16-Jun-86,Not found,176,Netherlands,"DF-FW-MF (FB-WM, left)",Left,2004-2005,18 years,Ajax,2004,first scrap players fbref
https://fbref.com/en/players/2277a390/Tal-Ben-Haim,20714,Tal Ben Haim,Not found,31-Mar-82,Not found,183,Israel,"DF (CB-FB, right)",Right,2004-2005,22 years,Bolton,2004,players corrected fbref
https://fbref.com/en/players/238f467d/Leroy-Lita,20975,Leroy Lita,Not found,28-Dec-84,Not found,175,England eng,FW,Right,2002-2003,17 years,Bristol City,2002,first scrap players fbref
https://fbref.com/en/players/190c0bb8/Radek-Cerny,21010,Radek Černý,Not found,18-Feb-74,Not found,187,Czech Republic,GK,Not found,2004-2005,30 years,Tottenham,2004,first scrap players fbref
https://fbref.com/en/players/c7df693b/Aiden-McGeady,21333,Aiden McGeady,Not found,4-Apr-86,Not found,180,Republic of Ireland ie  Other: Scotland,FW-MF (AM-WM),Both,2003-2004,17 years,Celtic,2003,first scrap players fbref
https://fbref.com/en/players/4261b6d5/Marek-Cech,21354,Marek Čech,Not found,26-Jan-83,Not found,183,Slovakia,"DF (FB, left)",Not found,2005-2006,22 years,Porto,2005,players corrected fbref
https://fbref.com/en/players/4f0d1bbe/Brett-Holman,21496,Brett Holman,Not found,27-Mar-84,Not found,177,Australia,FW-MF (AM-WM),Right,2002-2003,18 years,Excelsior,2002,first scrap players fbref
https://fbref.com/en/players/e4ed2628/Filipe-Luis,21725,Filipe Luís,Not found,9-Aug-85,Not found,182,Brazil,"DF (CB-FB, left)",Left,2005-2006,19 years,Real Madrid B,2005,first scrap players fbref
https://fbref.com/en/players/3ae59b9c/Andrea-Dossena,21863,Andrea Dossena,Not found,11-Sep-81,Not found,180,Italy,"DF-MF (FB-WM, left)",Left,2001-2002,19 years,Hellas Verona,2001,first scrap players fbref
https://fbref.com/en/players/d3d758d8/Valon-Behrami,21905,Valon Behrami,Not found,19-Apr-85,Not found,184,Switzerland ch  Other: Kosovo,DF-MF (CM),Right,2003-2004,18 years,Genoa,2003,first scrap players fbref
https://fbref.com/en/players/4e31f3e2/Charles-NZogbia,22165,Charles N'Zogbia,Not found,28-May-86,Not found,170,France,"DF-FW-MF (FB-WM, left)",Left,2004-2005,18 years,Newcastle Utd,2004,first scrap players fbref
https://fbref.com/en/players/07cf67f3/Antonio-Nocerino,22203,Antonio Nocerino,Not found,9-Apr-85,Not found,175,Italy,MF,Right,2003-2004,18 years,Avellino,2003,first scrap players fbref
https://fbref.com/en/players/846e7a85/Zak-Whitbread,22230,Zak Whitbread,Not found,4-Mar-84,Not found,188,United States,DF (CB),Left,2005-2006,21 years,Millwall,2005,players corrected fbref
https://fbref.com/en/players/3d6686f9/Bafetimbi-Gomis,22388,Bafétimbi Gomis,Not found,6-Aug-85,Not found,185,France,FW,Right,2004-2005,18 years,Saint-Étienne,2004,first scrap players fbref
https://fbref.com/en/players/f619413f/Julio-Cesar,22412,Júlio César,Not found,3-Sep-79,Not found,186,Brazil,GK,Left,2005-2006,25 years,Inter,2005,players corrected fbref
https://fbref.com/en/players/636f1a28/Anders-Lindegaard,22491,Anders Lindegaard,Not found,13-Apr-84,Not found,193,Denmark,GK,Right,2006-2007,22 years,Odense,2006,first scrap players fbref
https://fbref.com/en/players/9f4647e9/Robert-Snodgrass,22614,Robert Snodgrass,Not found,7-Sep-87,Not found,182,Scotland sct,FW-MF (AM-DM-WM),Left,2004-2005,16 years,Livingston,2004,first scrap players fbref
https://fbref.com/en/players/57935ba0/Ronald-Zubar,22645,Ronald Zubar,Not found,20-Sep-85,Not found,186,France fr  Other: Guadeloupe,DF,Right,2004-2005,18 years,Caen,2004,first scrap players fbref
https://fbref.com/en/players/c75d2fba/Morten-Gamst-Pedersen,22741,Morten Gamst Pedersen,Not found,8-Sep-81,Not found,180,Norway,FW-MF (AM-WM),Left,2000,18 years,Tromsø,Not found,first scrap players fbref
https://fbref.com/en/players/3ed6e788/Guly-do-Prado,22801,Guly do Prado,Not found,31-Dec-81,Not found,190,Not found,FW-MF (AM-CM),Right,2002-2003,20 years,Catania,2002,first scrap players fbref
https://fbref.com/en/players/f1ea4af0/Daniel-Agger,22832,Daniel Agger,Not found,12-Dec-84,Not found,191,Denmark,DF (CB),Left,2004-2005,19 years,Brøndby,2004,first scrap players fbref
https://fbref.com/en/players/cb5af1af/Alessandro-Diamanti,23197,Alessandro Diamanti,Not found,2-May-83,Not found,180,Italy,FW-MF (AM),Left,2004-2005,21 years,AlbinoLeffe,2004,first scrap players fbref
https://fbref.com/en/players/a28d181a/Yoan-Gouffran,23825,Yoan Gouffran,Not found,25-May-86,Not found,176,France,FW-MF (WM),Right,2004-2005,18 years,Caen,2004,first scrap players fbref
https://fbref.com/en/players/defb905a/Martin-Skrtel,24180,Martin Škrtel,Not found,15-Dec-84,Not found,191,Slovakia,DF (CB),Right,2004,19 years,Zenit,Not found,first scrap players fbref
https://fbref.com/en/players/d1b983de/Tamir-Cohen,24209,Tamir Cohen,Not found,4-Mar-84,Not found,181,Israel,MF (AM),Not found,2007-2008,23 years,Bolton,2007,first scrap players fbref
https://fbref.com/en/players/8e3c9fb3/Dekel-Keinan,24476,Dekel Keinan,Not found,15-Sep-84,Not found,184,Israel,DF (CB),Not found,2010-2011,25 years,Blackpool,2010,first scrap players fbref
https://fbref.com/en/players/5236a502/Wes-Hoolahan,24589,Wes Hoolahan,Not found,20-May-82,Not found,168,Republic of Ireland,MF (AM),Left,2005-2006,23 years,Livingston,2005,first scrap players fbref
https://fbref.com/en/players/2f0edbe7/David-Jones,24634,David Jones,Not found,4-Nov-84,Not found,180,England eng,MF (CM),Left,2005-2006,20 years,NEC Nijmegen,2005,first scrap players fbref
https://fbref.com/en/players/92aadee9/Chris-Eagles,24635,Chris Eagles,Not found,19-Nov-85,Not found,178,Not found,"MF (WM, right)",Right,2004-2005,18 years,Watford,2004,first scrap players fbref
https://fbref.com/en/players/5785993d/Paul-McShane,24636,Paul McShane,Not found,6-Jan-86,Not found,183,Republic of Ireland,DF (CB),Right,2004-2005,18 years,Walsall,2004,first scrap players fbref
https://fbref.com/en/players/3670bd5c/Jonathan-Spector,24637,Jonathan Spector,Not found,1-Mar-86,Not found,182,United States,DF-MF (CB),Right,2004-2005,18 years,Manchester Utd,2004,first scrap players fbref
https://fbref.com/en/players/027a5151/Kemy-Agustien,24862,Kemy Agustien,Not found,20-Aug-86,Not found,178,Curaçao cw  Other: Netherlands,DF-MF (CB-CM),Right,2004-2005,17 years,Willem II,2004,first scrap players fbref
https://fbref.com/en/players/eb383c11/Ronnie-Stam,24877,Ronnie Stam,Not found,18-Jun-84,Not found,175,Not found,"DF-MF (CB-FB, right)",Right,2002-2003,18 years,NAC Breda,2002,first scrap players fbref
https://fbref.com/en/players/48844a9b/Jonas-Olsson,25248,Jonas Olsson,Not found,10-Mar-83,Not found,193,Sweden,DF (CB),Left,2003,19 years,Landskrona,Not found,first scrap players fbref
https://fbref.com/en/players/26e5c484/Michael-Kightly,25366,Michael Kightly,Not found,24-Jan-86,Not found,175,England eng,"FW-MF (WM, left)",Right,2002-2003,16 years,Southend United,2002,first scrap players fbref
https://fbref.com/en/players/0ff9eabc/Karim-El-Ahmadi,25523,Karim El Ahmadi,Not found,27-Jan-85,Not found,185,Morocco ma  Other: Netherlands,MF (CM-DM),Right,2003-2004,18 years,Twente,2003,first scrap players fbref
https://fbref.com/en/players/e7fd18a4/Elsad-Zverotic,25542,Elsad Zverotić,Not found,31-Oct-86,Not found,178,Montenegro,"DF-MF (CB-DM-FB, right)",Right,2008-2009,21 years,Luzern,2008,first scrap players fbref
https://fbref.com/en/players/7cbeb80c/Brede-Hangeland,25553,Brede Hangeland,Not found,20-Jun-81,Not found,199,Norway no  Other: United States,DF (CB),Right,2001,19 years,Viking,Not found,first scrap players fbref
https://fbref.com/en/players/1a29f38c/Nikica-Jelavic,25742,Nikica Jelavić,Not found,27-Aug-85,Not found,188,Croatia,FW,Both,2007-2008,21 years,Zulte Waregem,2007,first scrap players fbref
https://fbref.com/en/players/d45bc2f4/Joe-Lewis,25834,Joe Lewis,Not found,6-Oct-87,Not found,198,England eng,GK,Right,2006-2007,18 years,Stockport,2006,first scrap players fbref
https://fbref.com/en/players/d2be40f2/Ivan-Ramis,26066,Iván Ramis,Not found,25-Oct-84,Not found,188,Spain,DF (CB),Right,2003-2004,18 years,Mallorca,2003,first scrap players fbref
https://fbref.com/en/players/b89cd819/Danny-Collins,26183,Danny Collins,Not found,6-Aug-80,Not found,185,Wales wls  Other: England,DF (CB-FB),Left,2004-2005,23 years,Chester City,2004,first scrap players fbref
https://fbref.com/en/players/101da2b5/Fernandinho,26267,Fernandinho,Not found,4-May-85,Not found,175,Brazil,DF-MF (AM-CB-CM-DM),Right,2005-2006,20 years,Shakhtar,2005,players corrected fbref
https://fbref.com/en/players/1bebde9d/Michel-Vorm,26276,Michel Vorm,Not found,20-Oct-83,Not found,183,Netherlands,GK,Right,2006-2007,22 years,Utrecht,2006,first scrap players fbref
https://fbref.com/en/players/4d034881/Sergio-Aguero,26399,Sergio Agüero,Not found,2-Jun-88,Not found,172,Argentina,FW,Right,2006-2007,18 years,Atlético Madrid,2006,first scrap players fbref
https://fbref.com/en/players/8646429b/Carl-Ikeme,26412,Carl Ikeme,Not found,8-Jun-86,Not found,188,Nigeria ng  Other: England,GK,Right,2005-2006,19 years,Stockport,2005,first scrap players fbref
https://fbref.com/en/players/816fd91c/Jonas-Gutierrez,26443,Jonás Gutiérrez,Not found,5-Jul-83,Not found,185,Argentina,MF (WM),Right,2005-2006,22 years,Mallorca,2005,first scrap players fbref
https://fbref.com/en/players/cc18ff4c/Mauro-Zarate,26456,Mauro Zárate,Not found,18-Mar-87,Not found,176,Argentina,FW-MF (AM),Right,2007-2008,20 years,Birmingham City,2007,first scrap players fbref
https://fbref.com/en/players/2db2fd7b/Jerome-Boateng,26485,Jérôme Boateng,Not found,3-Sep-88,Not found,192,Germany,DF (CB-FB),Right,2006-2007,17 years,Hertha BSC,2006,first scrap players fbref
https://fbref.com/en/players/d8712bf9/Bebe,26541,Bebé,Not found,"July 12, 1990 (Age: 35-136d)","Cacém, Portugal",190,Cape Verde cv  Other: Portugal,FW-MF (AM-WM),Right,2010-2011,20 years,Manchester Utd,2010,first scrap players fbref
https://fbref.com/en/players/032f766b/Ali-Al-Habsi,26633,Ali Al-Habsi,Not found,30-Dec-81,Not found,194,Oman,GK,Right,2003,21 years,Lyn,Not found,first scrap players fbref
https://fbref.com/en/players/8c8b5071/Abou-Diaby,26763,Abou Diaby,Not found,11-May-86,Not found,190,France,MF (DM),Right,2004-2005,18 years,Auxerre,2004,first scrap players fbref
https://fbref.com/en/players/6ef56efd/Bacary-Sagna,26764,Bacary Sagna,Not found,14-Feb-83,Not found,176,France,"DF (FB, right)",Right,2004-2005,21 years,Auxerre,2004,first scrap players fbref
https://fbref.com/en/players/7f7bbbc2/Asamoah-Gyan,26802,Asamoah Gyan,Not found,22-Nov-85,Not found,180,Ghana,FW,Right,2003-2004,17 years,Udinese,2003,first scrap players fbref
https://fbref.com/en/players/a6979454/Roman-Bednar,26898,Roman Bednář,Not found,26-Mar-83,Not found,191,Czech Republic,FW,Not found,2005-2006,22 years,Hearts,2005,first scrap players fbref
https://fbref.com/en/players/f68eaab2/Robert-Koren,26946,Robert Koren,Not found,20-Sep-80,Not found,175,Slovenia,DF-MF,Not found,2004,23 years,Lillestrøm,Not found,first scrap players fbref
https://fbref.com/en/players/3680d723/Younes-Kaboul,27114,Younès Kaboul,Not found,4-Jan-86,Not found,190,France,DF (CB),Right,2004-2005,18 years,Auxerre,2004,first scrap players fbref
https://fbref.com/en/players/562d696a/Simon-Vukcevic,27239,Simon Vukčević,Not found,29-Jan-86,Not found,179,Montenegro me  Other: Serbia,MF (AM),Left,2006,20 years,Saturn,Not found,first scrap players fbref
https://fbref.com/en/players/22d7fe43/Gianni-Zuiverloon,27304,Gianni Zuiverloon,Not found,30-Dec-86,Not found,179,Netherlands,DF (CB-FB),Right,2004-2005,17 years,Feyenoord,2004,first scrap players fbref
https://fbref.com/en/players/92232aad/Mathieu-Debuchy,27306,Mathieu Debuchy,Not found,28-Jul-85,Not found,177,France,"DF (FB, right)",Right,2003-2004,18 years,Lille,2003,first scrap players fbref
https://fbref.com/en/players/1c32281d/Alexandre-Song,27394,Alexandre Song,Not found,9-Sep-87,Not found,185,Cameroon,DF-MF (AM-CB-DM),Both,2004-2005,16 years,Bastia,2004,first scrap players fbref
https://fbref.com/en/players/f1c9c320/Marcos-Angeleri,27448,Marcos Angeleri,Not found,7-Apr-83,Not found,182,Argentina,"DF (CB-FB, right)",Right,2010-2011,27 years,Sunderland,2010,first scrap players fbref
https://fbref.com/en/players/c39d9657/Stephane-Mbia,27470,Stéphane Mbia,Not found,20-May-86,Not found,190,Cameroon,DF-MF (CB-DM),Right,2004-2005,18 years,Rennes,2004,first scrap players fbref
https://fbref.com/en/players/5faa73aa/Markus-Rosenberg,27505,Markus Rosenberg,Not found,27-Sep-82,Not found,184,Sweden,FW,Right,2001,18 years,Malmö,Not found,first scrap players fbref
https://fbref.com/en/players/7914b9fe/Gary-Cahill,27511,Gary Cahill,Not found,19-Dec-85,Not found,193,England eng,DF (CB),Right,2004-2005,18 years,Burnley,2004,first scrap players fbref
https://fbref.com/en/players/523d9de6/Clint-Dempsey,27577,Clint Dempsey,Not found,9-Mar-83,Not found,188,United States,FW-MF (AM-WM),Right,2004,20 years,NE Revolution,Not found,first scrap players fbref
https://fbref.com/en/players/21a66e33/James-Morrison,27614,James Morrison,Not found,25-May-86,Not found,183,Scotland sct  Other: England,FW-MF (AM-DM-WM),Right,2003-2004,17 years,Middlesbrough,2003,first scrap players fbref
https://fbref.com/en/players/9dfe6a3f/Sylvan-Ebanks-Blake,27621,Sylvan Ebanks-Blake,Not found,29-Mar-86,Not found,178,England eng,FW,Right,2006-2007,20 years,Plymouth Argyle,2006,first scrap players fbref
https://fbref.com/en/players/05cb19c5/Eljero-Elia,27805,Eljero Elia,Not found,13-Feb-87,Not found,176,Netherlands,"FW-MF (WM, left)",Right,2004-2005,17 years,ADO Den Haag,2004,first scrap players fbref
https://fbref.com/en/players/b5f1c3c8/Jay-Emmanuel-Thomas,27969,Jay Emmanuel-Thomas,Not found,"December 27, 1990 (Age: 34-333d)","London, England, United Kingdom",191,England eng,FW-MF (AM-WM),Right,2009-2010,18 years,Blackpool,2009,first scrap players fbref
https://fbref.com/en/players/6025fab1/Luka-Modric,27992,Luka Modrić,Not found,"September 9, 1985 (Age: 40-077d)","Zadar, Croatia",174,Croatia,MF (AM-CM-DM-WM),Right,2007-2008,21 years,Dinamo Zagreb,2007,first scrap players fbref
https://fbref.com/en/players/c5a500ca/Max-Gradel,28140,Max Gradel,Not found,"November 30, 1987 (Age: 38-006d)","Abidjan, Côte d'Ivoire",175,Côte d'Ivoire,"FW-MF (AM-WM, left)",Right,2007-2008,19 years,Bournemouth,2007,players corrected fbref
https://fbref.com/en/players/0780ab75/Leon-Best,28244,Leon Best,Not found,19-Sep-86,Not found,185,Republic of Ireland ie  Other: England,FW,Right,2004-2005,17 years,QPR,2004,first scrap players fbref
https://fbref.com/en/players/5f3b634e/Kenwyne-Jones,28245,Kenwyne Jones,Not found,5-Oct-84,Not found,188,Trinidad and Tobago,FW,Right,2004-2005,19 years,Sheffield Weds,2004,first scrap players fbref
https://fbref.com/en/players/71d4e271/Jose-Manuel-Jurado,28261,José Manuel Jurado,Not found,29-Jun-86,Not found,176,Spain,MF (AM),Right,2005-2006,19 years,Real Madrid,2005,first scrap players fbref
https://fbref.com/en/players/5b2a4b8d/Daniel-Pacheco,28285,Daniel Pacheco,Not found,"January 5, 1991 (Age: 34-324d)","Málaga, Spain",168,Spain,FW-MF (AM-WM),Not found,2009-2010,18 years,Liverpool,2009,first scrap players fbref
https://fbref.com/en/players/22fd2214/Mile-Jedinak,28336,Mile Jedinak,Not found,3-Aug-84,Not found,191,Australia,MF (DM),Both,2006-2007,21 years,Central Coast,2006,first scrap players fbref
https://fbref.com/en/players/3bb7f478/Edin-Dzeko,28396,Edin Džeko,Not found,"March 17, 1986 (Age: 39-253d)","Sarajevo, Bosnia and Herzegovina",193,Bosnia and Herzegovina,FW,Right,2007-2008,21 years,Wolfsburg,2007,first scrap players fbref
https://fbref.com/en/players/93b41c46/Colin-Doyle,28728,Colin Doyle,Not found,"June 12, 1985 (Age: 40-166d)","Cork, Republic of Ireland",196,Republic of Ireland,GK,Right,2004-2005,19 years,Nott'ham Forest,2004,first scrap players fbref
https://fbref.com/en/players/b28a0b5a/Nedum-Onuoha,28810,Nedum Onuoha,Not found,12-Nov-86,Not found,188,England eng  Other: Nigeria,"DF (CB, left)",Right,2004-2005,17 years,Manchester City,2004,first scrap players fbref
https://fbref.com/en/players/510f2c7c/Ryan-Nelsen,28878,Ryan Nelsen,Not found,18-Oct-77,Not found,185,New Zealand,DF (CB),Not found,2001,23 years,D.C. United,Not found,first scrap players fbref
https://fbref.com/en/players/1e437f1f/Taye-Taiwo,28922,Taye Taiwo,Not found,16-Apr-85,Not found,183,Nigeria,"DF (FB, left)",Right,2004-2005,19 years,Marseille,2004,first scrap players fbref
https://fbref.com/en/players/bfc3bf1b/Darren-Pratley,28957,Darren Pratley,Not found,"April 22, 1985 (Age: 40-217d)","Barking, England, United Kingdom",185,Not found,DF-MF (CM-DM),Right,2003-2004,18 years,Fulham,2003,first scrap players fbref
https://fbref.com/en/players/cf15bbb1/Steven-Davis,28973,Steven Davis,Not found,1-Jan-85,Not found,170,Northern Ireland nir,MF (CM-DM),Right,2004-2005,19 years,Aston Villa,2004,first scrap players fbref
https://fbref.com/en/players/aff418dc/Charlie-Adam,28990,Charlie Adam,Not found,10-Dec-85,Not found,185,Scotland sct,MF,Left,2003-2004,17 years,Rangers,2003,first scrap players fbref
https://fbref.com/en/players/e43cada1/Christopher-Samba,29016,Christopher Samba,Not found,28-Mar-84,Not found,195,Congo cg  Other: France,DF (CB),Right,2005-2006,21 years,Hertha BSC,2005,first scrap players fbref
https://fbref.com/en/players/b1403ee6/Andrea-Orlandi,29117,Andrea Orlandi,Not found,3-Aug-84,Not found,180,Not found,FW-MF (AM-CM-WM),Left,2003-2004,18 years,Alavés,2003,first scrap players fbref
https://fbref.com/en/players/7d7bdee6/Danny-Graham,29152,Danny Graham,Not found,12-Aug-85,Not found,185,England eng,FW,Right,2003-2004,17 years,Darlington,2003,first scrap players fbref
https://fbref.com/en/players/fb67faf8/Andrew-Taylor,29158,Andrew Taylor,Not found,1-Aug-86,Not found,178,England eng,"DF-MF (FB-WM, left)",Left,2005-2006,18 years,Bradford City,2005,first scrap players fbref
https://fbref.com/en/players/6db380ef/Ross-Turnbull,29159,Ross Turnbull,Not found,4-Jan-85,Not found,193,England eng,GK,Right,2003-2004,18 years,Darlington,2003,first scrap players fbref
https://fbref.com/en/players/2ad3ea29/David-Wheater,29199,David Wheater,Not found,14-Feb-87,Not found,196,England eng,"DF (CB-FB, right)",Right,2005-2006,18 years,Doncaster,2005,first scrap players fbref
https://fbref.com/en/players/e7a1007d/Dwight-Tiendalli,29356,Dwight Tiendalli,Not found,21-Oct-85,Not found,180,Netherlands nl  Other: Suriname,DF (FB),Right,2004-2005,18 years,Utrecht,2004,first scrap players fbref
https://fbref.com/en/players/c7e84594/Andy-Keogh,29419,Andy Keogh,Not found,16-May-86,Not found,183,Republic of Ireland,FW-MF (WM),Right,2004-2005,18 years,Bury,2004,first scrap players fbref
https://fbref.com/en/players/ad7b19ef/Yohan-Cabaye,29434,Yohan Cabaye,Not found,14-Jan-86,Not found,175,France,MF (CM),Right,2004-2005,18 years,Lille,2004,first scrap players fbref
https://fbref.com/en/players/9654d8de/Graziano-Pelle,29594,Graziano Pellè,Not found,15-Jul-85,Not found,194,Italy,FW,Right,2003-2004,18 years,Lecce,2003,first scrap players fbref
https://fbref.com/en/players/9328b835/Lukasz-Fabianski,29692,Łukasz Fabiański,Not found,"April 18, 1985 (Age: 40-221d)","Kostrzyn nad Odrą, Poland",190,Poland,GK,Right,2005-2006,20 years,Legia Warsaw,2005,first scrap players fbref
https://fbref.com/en/players/da8b19e2/John-Ruddy,29712,John Ruddy,Not found,"October 24, 1986 (Age: 39-032d)","Cambridgeshire, England, United Kingdom",193,England eng,GK,Right,2003-2004,16 years,Cambridge Utd,2003,first scrap players fbref
https://fbref.com/en/players/e4def09b/Keith-Fahey,29878,Keith Fahey,Not found,15-Jan-83,Not found,178,Republic of Ireland,MF,Not found,2008-2009,25 years,Birmingham City,2008,first scrap players fbref
https://fbref.com/en/players/74a9a389/Paddy-McCarthy,29974,Paddy McCarthy,Not found,31-May-83,Not found,185,Republic of Ireland,DF (CB),Right,2002-2003,19 years,Notts County,2002,first scrap players fbref
https://fbref.com/en/players/7d41b619/Andrew-Surman,29975,Andrew Surman,Not found,20-Aug-86,Not found,178,England eng  Other: South Africa,MF (CM-DM),Left,2004-2005,17 years,Walsall,2004,first scrap players fbref
https://fbref.com/en/players/b8e24504/Stuart-Holden,30071,Stuart Holden,Not found,1-Aug-85,Not found,178,United States us  Other: Scotland,MF,Right,2006,20 years,Houston Dynamo,Not found,first scrap players fbref
https://fbref.com/en/players/a79e86c4/Gretar-Steinsson,30304,Grétar Steinsson,Not found,9-Jan-82,Not found,189,Iceland,"DF (FB, right)",Not found,2004-2005,22 years,Young Boys,2004,first scrap players fbref
https://fbref.com/en/players/a340b996/Kaspars-Gorkss,30379,Kaspars Gorkšs,Not found,6-Nov-81,Not found,191,Latvia,DF,Right,2003,21 years,Öster,Not found,first scrap players fbref
https://fbref.com/en/players/3f8ef948/Sam-Ricketts,30434,Sam Ricketts,Not found,11-Oct-81,Not found,185,Wales wls  Other: England,DF (CB-FB),Both,2002-2003,20 years,Oxford United,2002,first scrap players fbref
https://fbref.com/en/players/c325c010/Marc-Wilson,30456,Marc Wilson,Not found,17-Aug-87,Not found,188,Republic of Ireland ie  Other: Northern Ireland,DF-MF,Right,2005-2006,17 years,Yeovil Town,2005,first scrap players fbref
https://fbref.com/en/players/4fb0dc59/James-Vaughan,30471,James Vaughan,Not found,14-Jul-88,Not found,180,England eng,FW,Right,2004-2005,16 years,Everton,2004,first scrap players fbref
https://fbref.com/en/players/fd5e3a73/Michael-Bradley,30593,Michael Bradley,Not found,31-Jul-87,Not found,189,United States,DF-MF (CM-DM),Right,2005,17 years,MetroStars,Not found,first scrap players fbref
https://fbref.com/en/players/2d368fd5/Vurnon-Anita,30670,Vurnon Anita,Not found,4-Apr-89,Not found,167,Curaçao cw  Other: Netherlands,DF-MF (CM-DM-FB),Right,2005-2006,16 years,Ajax,2005,first scrap players fbref
https://fbref.com/en/players/1e26e376/Sergio-Romero,30690,Sergio Romero,Not found,"February 22, 1987 (Age: 38-287d)","Bernardo de Irigoyen, Argentina",191,Argentina,GK,Right,2007-2008,20 years,AZ Alkmaar,2007,players corrected fbref
https://fbref.com/en/players/366f6f12/Ron-Vlaar,30697,Ron Vlaar,Not found,16-Feb-85,Not found,189,Netherlands,"DF (CB, right)",Right,2004-2005,19 years,AZ Alkmaar,2004,first scrap players fbref
https://fbref.com/en/players/424d5f72/John-Obi-Mikel,30739,John Obi Mikel,Not found,22-Apr-87,Not found,189,Nigeria,MF (CM-DM),Right,2005,17 years,Lyn,Not found,first scrap players fbref
https://fbref.com/en/players/d9fa272a/Park-Chu-young,30982,Park Chu-young,Not found,10-Jul-85,Not found,182,Korea Republic,FW-MF (AM),Right,2008-2009,23 years,Monaco,2008,first scrap players fbref
https://fbref.com/en/players/1bcca8b8/Jonathan-de-Guzman,31067,Jonathan de Guzmán,Not found,"September 13, 1987 (Age: 38-073d)","Toronto, Ontario, Canada",173,Netherlands nl  Other: Canada,MF (AM-CM-DM),Right,2005-2006,17 years,Feyenoord,2005,first scrap players fbref
https://fbref.com/en/players/f4081572/Nuri-Sahin,31095,Nuri Şahin,Not found,5-Sep-88,Not found,180,Turkey tr  Other: Germany,MF (DM),Left,2005-2006,16 years,Dortmund,2005,first scrap players fbref
https://fbref.com/en/players/9dffef9e/Silvestre-Varela,31316,Silvestre Varela,Not found,2-Feb-85,Not found,180,Portugal,FW-MF (WM),Right,2005-2006,20 years,Sporting CP,2005,first scrap players fbref
https://fbref.com/en/players/ad19ca64/Ruud-Boffin,31336,Ruud Boffin,Not found,5-Nov-87,Not found,196,Not found,GK,Right,2007-2008,19 years,FC Eindhoven,2007,first scrap players fbref
https://fbref.com/en/players/190bc058/Carlos-Salcido,31434,Carlos Salcido,Not found,2-Apr-80,Not found,176,Mexico,DF-MF (CB-FB),Not found,2003-2004,23 years,Guadalajara,2003,first scrap players fbref
https://fbref.com/en/players/9cf4fd68/Nick-Proschwitz,31535,Nick Proschwitz,Not found,28-Nov-86,Not found,192,Not found,FW,Right,2010-2011,23 years,Thun,2010,first scrap players fbref
https://fbref.com/en/players/273c483b/Scott-Sinclair,31552,Scott Sinclair,Not found,"March 25, 1989 (Age: 36-245d)","Bath, England, United Kingdom",175,England eng,FW-MF (AM-WM),Right,2004-2005,15 years,Bristol Rovers,2004,first scrap players fbref
https://fbref.com/en/players/857ec97f/Danny-Fox,31553,Danny Fox,Not found,29-May-86,Not found,183,Scotland sct  Other: England,"DF-MF (CB-FB-WM, left)",Left,2005-2006,19 years,Walsall,2005,first scrap players fbref
https://fbref.com/en/players/1ba61951/Adam-Johnson,31579,Adam Johnson,Not found,14-Jul-87,Not found,181,England eng,MF (WM),Left,2005-2006,18 years,Middlesbrough,2005,first scrap players fbref
https://fbref.com/en/players/1a160ea3/Geoff-Cameron,31642,Geoff Cameron,Not found,11-Jul-85,Not found,191,United States,DF-MF (CB-DM),Right,2008,22 years,Houston Dynamo,Not found,first scrap players fbref
https://fbref.com/en/players/b26efc36/Sebastian-Larsson,31720,Sebastian Larsson,Not found,6-Jun-85,Not found,178,Sweden,"MF (CM-DM-WM, right)",Right,2005-2006,20 years,Arsenal,2005,first scrap players fbref
https://fbref.com/en/players/ff527768/Mark-Noble,31835,Mark Noble,Not found,8-May-87,Not found,180,England eng,MF (AM-CM-DM),Right,2004-2005,17 years,West Ham,2004,first scrap players fbref
https://fbref.com/en/players/668b380c/Hogan-Ephraim,31883,Hogan Ephraim,Not found,31-Mar-88,Not found,175,England eng,FW-MF (WM),Not found,2006-2007,18 years,Colchester Utd,2006,first scrap players fbref
https://fbref.com/en/players/a31d9d81/Mike-Pollitt,32217,Mike Pollitt,Not found,29-Feb-72,Not found,193,Not found,GK,Not found,2001-2002,29 years,Rotherham Utd,2001,first scrap players fbref
https://fbref.com/en/players/ff87875a/Micah-Richards,32617,Micah Richards,Not found,24-Jun-88,Not found,180,England eng,"DF (CB-FB, right)",Right,2005-2006,17 years,Manchester City,2005,first scrap players fbref
https://fbref.com/en/players/6dfec8d4/Stefan-Maierhofer,32660,Stefan Maierhofer,Not found,16-Aug-82,Not found,202,Austria,FW,Right,2006-2007,23 years,Koblenz,2006,first scrap players fbref
https://fbref.com/en/players/f23f9d20/Tim-Krul,33027,Tim Krul,Not found,3-Apr-88,Not found,193,Netherlands,GK,Left,2007-2008,19 years,Falkirk,2007,first scrap players fbref
https://fbref.com/en/players/577c12e5/Dean-Hammond,33065,Dean Hammond,Not found,7-Mar-83,Not found,183,Not found,MF,Right,2002-2003,19 years,Brighton,2002,first scrap players fbref
https://fbref.com/en/players/1fa82e32/Jan-Mucha,33195,Ján Mucha,Not found,5-Dec-82,Not found,189,Slovakia,GK,Right,2006-2007,23 years,Legia Warsaw,2006,first scrap players fbref
https://fbref.com/en/players/47b3b724/Owen-Garvan,33249,Owen Garvan,Not found,29-Jan-88,Not found,183,Republic of Ireland,MF,Left,2005-2006,17 years,Ipswich Town,2005,first scrap players fbref
https://fbref.com/en/players/e1270968/Cheick-Tiote,33478,Cheick Tioté,Not found,21-Jun-86,Not found,180,Côte d'Ivoire,MF (DM),Right,2005-2006,19 years,Anderlecht,2005,first scrap players fbref
https://fbref.com/en/players/e468c053/Gervinho,33481,Gervinho,Not found,27-May-87,Not found,179,Côte d'Ivoire,FW-MF (AM),Right,2005-2006,18 years,Beveren,2005,first scrap players fbref
https://fbref.com/en/players/76854cdf/Leon-Barnett,33484,Leon Barnett,Not found,30-Nov-85,Not found,185,Not found,DF (CB-FB),Right,2005-2006,19 years,Luton Town,2005,first scrap players fbref
https://fbref.com/en/players/11b3d067/Kevin-Foley,33491,Kevin Foley,Not found,1-Nov-84,Not found,175,Republic of Ireland ie  Other: England,"DF-MF (FB, right)",Right,2002-2003,17 years,Luton Town,2002,first scrap players fbref
https://fbref.com/en/players/3943a06f/Lukas-Jutkiewicz,33507,Lukas Jutkiewicz,Not found,28-Mar-89,Not found,185,Not found,FW,Left,2005-2006,16 years,Swindon Town,2005,first scrap players fbref
https://fbref.com/en/players/08aa17d0/Antonio-Valencia,33544,Antonio Valencia,Not found,4-Aug-85,Not found,180,Ecuador,"DF-MF (FB-WM, right)",Right,2005-2006,19 years,Recreativo,2005,players corrected fbref
https://fbref.com/en/players/aa51343f/Kevin-Mirallas,33639,Kevin Mirallas,Not found,5-Oct-87,Not found,182,Belgium,FW-MF (AM-WM),Right,2004-2005,16 years,Lille,2004,first scrap players fbref
https://fbref.com/en/players/15e9c7e6/Nani,33706,Nani,Not found,17-Nov-86,Not found,175,Portugal,FW-MF (AM-WM),Right,2005-2006,18 years,Sporting CP,2005,players corrected fbref
https://fbref.com/en/players/1ecb65be/Theo-Walcott,33713,Theo Walcott,Not found,16-Mar-89,Not found,176,England eng,"FW-MF (AM-WM, right)",Right,2005-2006,16 years,Southampton,2005,first scrap players fbref
https://fbref.com/en/players/bb91617c/Alex-Smithies,33754,Alex Smith,Not found,5-Mar-90,Not found,185,England eng,GK,Right,2007-2008,17 years,Huddersfield,2007,first scrap players fbref
https://fbref.com/en/players/c4173f1a/Vito-Mannone,33781,Vito Mannone,Not found,"March 2, 1988 (Age: 37-268d)","Desio, Italy",191,Italy,GK,Right,2006-2007,18 years,Barnsley,2006,first scrap players fbref
https://fbref.com/en/players/021ea92d/Armand-Traore,33783,Armand Traoré,Not found,8-Oct-89,Not found,184,Senegal sn  Other: France,"DF-MF (FB-WM, left)",Left,2007-2008,17 years,Arsenal,2007,first scrap players fbref
https://fbref.com/en/players/5c6dd7bc/Ryan-Taylor,33785,Ryan Taylor,Not found,19-Aug-84,Not found,179,England eng,"DF-MF (DM-FB, right)",Right,2002-2003,17 years,Tranmere Rovers,2002,first scrap players fbref
https://fbref.com/en/players/ea7c7cdf/Jimmy-Kebe,33822,Jimmy Kébé,Not found,19-Jan-84,Not found,187,Mali,"MF (AM-WM, right)",Not found,2007-2008,23 years,Reading,2007,first scrap players fbref
https://fbref.com/en/players/90f87966/Jose-Fonte,33829,José Fonte,Not found,"December 22, 1983 (Age: 41-338d)","Penafiel, Portugal",187,Portugal,"DF (CB, right)",Right,2005-2006,21 years,Paços de Ferreira,2005,first scrap players fbref
https://fbref.com/en/players/7b4de647/Asmir-Begovic,33873,Asmir Begović,Not found,"June 20, 1987 (Age: 38-158d)","Trebinje, Bosnia and Herzegovina",199,Bosnia and Herzegovina ba  Other: Canada,GK,Right,2005-2006,18 years,La Louvière,2005,first scrap players fbref
https://fbref.com/en/players/0d521662/Sebastien-Bassong,33951,Sébastien Bassong,Not found,9-Jul-86,Not found,188,Cameroon cm  Other: France,DF,Left,2005-2006,19 years,Metz,2005,first scrap players fbref
https://fbref.com/en/players/40f3ff51/Papiss-Cisse,33952,Papiss Cissé,Not found,3-Jun-85,Not found,183,Senegal,FW,Right,2005-2006,20 years,Metz,2005,first scrap players fbref
https://fbref.com/en/players/f9b5e5bd/David-Nugent,33963,David Nugent,Not found,2-May-85,Not found,180,England eng,FW,Right,2002-2003,17 years,Bury,2002,first scrap players fbref
https://fbref.com/en/players/a6de6361/Tom-Heaton,34130,Tom Heaton,Not found,"April 15, 1986 (Age: 39-224d)","Chester, England, United Kingdom",187,England eng,GK,Right,2005-2006,19 years,Swindon Town,2005,first scrap players fbref
https://fbref.com/en/players/e47d11f8/Jo,34156,Jô,Not found,"March 20, 1987 (Age: 38-261d)","São Paulo, Brazil",189,Brazil,FW,Left,2006,18 years,CSKA Moscow,Not found,players corrected fbref
https://fbref.com/en/players/9a3a436e/Richard-Stearman,34349,Richard Stearman,Not found,19-Aug-87,Not found,191,England eng,"DF (CB-FB, right)",Right,2004-2005,16 years,Leicester City,2004,first scrap players fbref
https://fbref.com/en/players/6ceef869/Vedran-Corluka,34393,Vedran Ćorluka,Not found,5-Feb-86,Not found,192,Croatia hr  Other: Bosnia and Herzegovina,DF (CB),Right,2007-2008,21 years,Manchester City,2007,first scrap players fbref
https://fbref.com/en/players/c221f149/Joe-Ledley,34409,Joe Ledley,Not found,23-Jan-87,Not found,183,Wales wls,"MF (CM-WM, left)",Left,2004-2005,17 years,Cardiff City,2004,first scrap players fbref
https://fbref.com/en/players/57ebd662/Adrian-Gonzalez,34495,Adrián,Not found,25-May-88,Not found,183,Spain,MF (AM-CM),Left,2006-2007,18 years,Real Madrid B,2006,first scrap players fbref
https://fbref.com/en/players/b93f1d15/Marcel-Gecov,34534,Marcel Gecov,Not found,1-Jan-88,Not found,182,Czech Republic,MF (DM),Right,2009-2010,21 years,Slovan Liberec,2009,first scrap players fbref
https://fbref.com/en/players/9f9c57f0/Nicklas-Bendtner,34557,Nicklas Bendtner,Not found,16-Jan-88,Not found,194,Denmark,FW,Right,2006-2007,18 years,Birmingham City,2006,first scrap players fbref
https://fbref.com/en/players/2797fc1d/Matthew-Connolly,34559,Matthew Connolly,Not found,24-Sep-87,Not found,189,Not found,DF (CB),Right,2006-2007,18 years,Bournemouth,2006,first scrap players fbref
https://fbref.com/en/players/b8673e18/Johan-Djourou,34561,Johan Djourou,Not found,18-Jan-87,Not found,192,Switzerland ch  Other: Côte d'Ivoire,DF (CB),Right,2005-2006,18 years,Arsenal,2005,first scrap players fbref
https://fbref.com/en/players/ce46f501/Joey-OBrien,34672,Joey O'Brien,Not found,17-Feb-86,Not found,180,Republic of Ireland,"DF-MF (DM-FB, left & right)",Right,2004-2005,18 years,Sheffield Weds,2004,first scrap players fbref
https://fbref.com/en/players/3831b9fe/Stephen-Ward,34691,Stephen Ward,Not found,20-Aug-85,Not found,185,Republic of Ireland,"DF-FW-MF (FB-WM, left)",Left,2006-2007,20 years,Wolves,2006,first scrap players fbref
https://fbref.com/en/players/bcf30f17/Stephen-Ireland,34838,Stephen Ireland,Not found,22-Aug-86,Not found,173,Republic of Ireland,MF (AM),Right,2005-2006,18 years,Manchester City,2005,first scrap players fbref
https://fbref.com/en/players/9d66fbe3/Roberto-Soldado,34870,Roberto Soldado,Not found,27-May-85,Not found,179,Spain,FW,Right,2005-2006,20 years,Real Madrid,2005,first scrap players fbref
https://fbref.com/en/players/c6ac6579/Kostas-Mitroglou,34944,Kostas Mitroglou,Not found,12-Mar-88,Not found,189,Greece,FW,Right,2007-2008,19 years,Olympiacos,2007,first scrap players fbref
https://fbref.com/en/players/336a36fb/Roland-Lamah,35035,Roland Lamah,Not found,31-Dec-87,Not found,180,Belgium be  Other: Côte d'Ivoire,"FW-MF (WM, left)",Left,2006-2007,18 years,Anderlecht,2006,first scrap players fbref
https://fbref.com/en/players/2c9c3502/Steven-Fletcher,35099,Steven Fletcher,Not found,26-Mar-87,Not found,185,Scotland sct  Other: England,FW,Left,2003-2004,16 years,Hibernian,2003,first scrap players fbref
https://fbref.com/en/players/c4689de2/Kevin-Doyle,35193,Kevin Doyle,Not found,18-Sep-83,Not found,182,Republic of Ireland,FW,Right,2005-2006,21 years,Reading,2005,first scrap players fbref
https://fbref.com/en/players/2def72a3/John-Paintsil,35235,John Paintsil,Not found,15-Jun-81,Not found,178,Ghana,"DF-MF (DM-FB, right)",Not found,2006-2007,25 years,West Ham,2006,first scrap players fbref
https://fbref.com/en/players/a022e78c/Marko-Marin,35251,Marko Marin,Not found,13-Mar-89,Not found,170,Germany de  Other: Bosnia and Herzegovina,FW-MF (AM-WM),Right,2006-2007,17 years,Gladbach,2006,first scrap players fbref
https://fbref.com/en/players/1a857282/Lewis-Grabban,35413,Lewis Grabban,Not found,12-Jan-88,Not found,183,Not found,FW-MF (WM),Both,2006-2007,18 years,Oldham Athletic,2006,first scrap players fbref
https://fbref.com/en/players/e2716bd0/David-Silva,35518,David Silva,Not found,8-Jan-86,Not found,170,Spain,FW-MF (AM-CM-WM),Left,2004-2005,18 years,Eibar,2004,players corrected fbref
https://fbref.com/en/players/b2bbc0ec/Fernando-Amorebieta,35548,Fernando Amorebieta,Not found,29-Mar-85,Not found,192,Venezuela ve  Other: Spain,DF (CB),Right,2005-2006,20 years,Athletic Club,2005,first scrap players fbref
https://fbref.com/en/players/d56364d5/Jose-Enrique,35571,José Enrique,Not found,23-Jan-86,Not found,184,Spain,"DF (FB, left)",Left,2005-2006,19 years,Celta Vigo,2005,first scrap players fbref
https://fbref.com/en/players/f5a2bebe/Fabrice-Muamba,35586,Fabrice Muamba,Not found,6-Apr-88,Not found,188,England eng,MF (CM-DM),Not found,2006-2007,18 years,Birmingham City,2006,first scrap players fbref
https://fbref.com/en/players/3d512ff2/Royston-Drenthe,35631,Royston Drenthe,Not found,8-Apr-87,Not found,168,Netherlands,"DF-MF (DM-FB-WM, left)",Left,2005-2006,18 years,Feyenoord,2005,first scrap players fbref
https://fbref.com/en/players/16380240/Mesut-Ozil,35664,Mesut Özil,Not found,15-Oct-88,Not found,183,Germany,MF (AM-WM),Left,2006-2007,17 years,Schalke 04,2006,first scrap players fbref
https://fbref.com/en/players/e0cd04e0/Carlos-Vela,35773,Carlos Vela,Not found,1-Mar-89,Not found,177,Mexico,FW-MF,Left,2006-2007,17 years,Salamanca,2006,players corrected fbref
https://fbref.com/en/players/c21b9d9d/Victor-Obinna,35852,Victor Obinna,Not found,25-Mar-87,Not found,178,Nigeria,FW,Left,2005-2006,18 years,Chievo,2005,first scrap players fbref
https://fbref.com/en/players/680fb5ee/Cameron-Jerome,35855,Cameron Jerome,Not found,14-Aug-86,Not found,185,England eng,FW,Right,2004-2005,17 years,Cardiff City,2004,first scrap players fbref
https://fbref.com/en/players/10206347/Nenad-Milijas,36123,Nenad Milijaš,Not found,30-Apr-83,Not found,188,Serbia,MF,Not found,2008-2009,25 years,Red Star,2008,first scrap players fbref
https://fbref.com/en/players/2475dcc6/Dusan-Tadic,36139,Dušan Tadić,Not found,"November 20, 1988 (Age: 37-005d)","Bačka Topola, Serbia",181,Serbia,FW-MF (AM),Left,2008-2009,19 years,Vojvodina,2008,first scrap players fbref
https://fbref.com/en/players/42138efa/Stanislav-Manolev,36233,Stanislav Manolev,Not found,16-Dec-85,Not found,185,Bulgaria,"DF-MF (FB, right)",Right,2009-2010,23 years,PSV Eindhoven,2009,first scrap players fbref
https://fbref.com/en/players/167c1bb0/Javi-Garcia,36350,Javi García,Not found,8-Feb-87,Not found,186,Spain,DF-MF (CB-CM-DM),Right,2004-2005,17 years,Real Madrid,2004,players corrected fbref
https://fbref.com/en/players/d4931a5a/Nikola-Kalinic,36371,Nikola Kalinić,Not found,5-Jan-88,Not found,187,Croatia,FW,Right,2007-2008,19 years,Hajduk Split,2007,first scrap players fbref
https://fbref.com/en/players/de4fe7a2/Ola-Toivonen,36500,Ola Toivonen,Not found,3-Jul-86,Not found,190,Sweden,FW-MF (AM),Right,2006,19 years,Örgryte,Not found,first scrap players fbref
https://fbref.com/en/players/8455984a/Christophe-Berra,36602,Christophe Berra,Not found,31-Jan-85,Not found,186,Scotland sct,DF (CB),Left,2003-2004,18 years,Hearts,2003,first scrap players fbref
https://fbref.com/en/players/eeb032db/Graham-Dorrans,36608,Graham Dorrans,Not found,5-May-87,Not found,175,Scotland sct,FW-MF (AM-DM),Both,2004-2005,17 years,Livingston,2004,first scrap players fbref
https://fbref.com/en/players/1c639185/William-Kvist,36787,William Kvist,Not found,24-Feb-85,Not found,184,Denmark,MF (CM-DM),Right,2004-2005,19 years,FC Copenhagen,2004,players corrected fbref
https://fbref.com/en/players/51ac7604/Stephen-Hunt,36799,Stephen Hunt,Not found,1-Aug-81,Not found,172,Republic of Ireland,FW-MF (AM-WM),Left,2002-2003,20 years,Brentford,2002,first scrap players fbref
https://fbref.com/en/players/ec7e6ad1/Chris-Brunt,36814,Chris Brunt,Not found,14-Dec-84,Not found,180,Northern Ireland nir,"DF-MF (AM-WM, left)",Left,2003-2004,18 years,Sheffield Weds,2003,first scrap players fbref
https://fbref.com/en/players/85f8571a/Branislav-Ivanovic,36827,Branislav Ivanović,Not found,22-Feb-84,Not found,188,Serbia,"DF (CB-FB, right)",Right,2006,21 years,Loko Moscow,Not found,first scrap players fbref
https://fbref.com/en/players/210d9ecb/Damien-Delaney,36861,Damien Delaney,Not found,20-Jul-81,Not found,191,Republic of Ireland,DF (CB),Left,2000-2001,19 years,Leicester City,2000,first scrap players fbref
https://fbref.com/en/players/aa3cb1ad/Billy-Jones,36866,Billy Jones,Not found,24-Mar-87,Not found,181,England eng,"DF (FB, right)",Both,2003-2004,16 years,Crewe Alexandra,2003,first scrap players fbref
https://fbref.com/en/players/3bf81c50/Kyle-Lafferty,36884,Kyle Lafferty,Not found,16-Sep-87,Not found,193,Northern Ireland nir,FW,Right,2005-2006,17 years,Darlington,2005,first scrap players fbref
https://fbref.com/en/players/eabdc970/Michael-Duff,36894,Michael Duff,Not found,11-Jan-78,Not found,185,Northern Ireland nir,DF (CB),Right,2002-2003,24 years,Cheltenham,2002,players corrected fbref
https://fbref.com/en/players/3de91e73/Mark-Davies,36917,Mark Davies,Not found,18-Feb-88,Not found,180,England eng,MF,Right,2005-2006,17 years,Wolves,2005,first scrap players fbref
https://fbref.com/en/players/9aacb284/Marc-Pugh,36939,Marc Pugh,Not found,2-Apr-87,Not found,180,Not found,FW-MF (WM),Right,2005-2006,18 years,Bury,2005,first scrap players fbref
https://fbref.com/en/players/6dfd5af0/Nathan-Dyer,37011,Nathan Dyer,Not found,29-Nov-87,Not found,165,Not found,"FW-MF (WM, right)",Right,2005-2006,17 years,Burnley,2005,first scrap players fbref
https://fbref.com/en/players/84f5fc82/Somen-Tchoyi,37058,Somen Tchoyi,Not found,29-Mar-83,Not found,190,Cameroon,MF (AM),Not found,2005,21 years,Odd,Not found,first scrap players fbref
https://fbref.com/en/players/749bcfb8/Ian-Evatt,37127,Ian Evatt,Not found,19-Nov-81,Not found,191,Not found,DF (CB),Right,2000-2001,18 years,Derby County,2000,first scrap players fbref
https://fbref.com/en/players/db80f5f1/Gabriel-Agbonlahor,37148,Gabriel Agbonlahor,Not found,13-Oct-86,Not found,180,England eng,FW-MF (WM),Right,2005-2006,18 years,Sheffield Weds,2005,first scrap players fbref
https://fbref.com/en/players/6124c209/Simon-Cox,37150,Simon Cox,Not found,28-Apr-87,Not found,180,Republic of Ireland ie  Other: England,FW,Right,2005-2006,18 years,Reading,2005,first scrap players fbref
https://fbref.com/en/players/14caf5c9/Tommy-Elphick,37152,Tommy Elphick,Not found,7-Sep-87,Not found,187,Not found,"DF (CB, right)",Right,2006-2007,18 years,Brighton,2006,first scrap players fbref
https://fbref.com/en/players/35c5f9b1/Stephane-Sessegnon,37157,Stéphane Sessègnon,Not found,1-Jun-84,Not found,168,Benin,FW-MF (AM-WM),Right,2006-2007,22 years,Le Mans,2006,first scrap players fbref
https://fbref.com/en/players/1117b9ff/Craig-Gardner,37171,Craig Gardner,Not found,25-Nov-86,Not found,178,England eng,MF (CM),Right,2005-2006,18 years,Aston Villa,2005,first scrap players fbref
https://fbref.com/en/players/e663724a/Giles-Barnes,37236,Giles Barnes,Not found,5-Aug-88,Not found,188,Jamaica jm  Other: England,FW-MF (AM),Both,2005-2006,16 years,Derby County,2005,first scrap players fbref
https://fbref.com/en/players/9f472354/Shane-Long,37304,Shane Long,Not found,22-Jan-87,Not found,180,Republic of Ireland,FW,Right,2005-2006,18 years,Reading,2005,first scrap players fbref
https://fbref.com/en/players/7106f0a0/Mario-Suarez,37337,Mario Suárez,Not found,24-Feb-87,Not found,188,Spain,MF (DM),Right,2005-2006,18 years,Atlético Madrid,2005,first scrap players fbref
https://fbref.com/en/players/538e77d5/Lee-Cattermole,37363,Lee Cattermole,Not found,21-Mar-88,Not found,178,England eng,MF (DM),Right,2005-2006,17 years,Middlesbrough,2005,first scrap players fbref
https://fbref.com/en/players/3f0eba4f/Dani-Osvaldo,37389,Dani Osvaldo,Not found,12-Jan-86,Not found,182,Italy it  Other: Argentina,FW,Right,2005-2006,19 years,Atalanta,2005,first scrap players fbref
https://fbref.com/en/players/8ec4c2f7/Jose-Angel-Crespo,37397,José Ángel Crespo,Not found,9-Feb-87,Not found,183,Spain,DF (CB-FB),Right,2005-2006,18 years,Sevilla,2005,first scrap players fbref
https://fbref.com/en/players/50e14b3c/Manuel-da-Costa,37398,Manuel da Costa,Not found,6-May-86,Not found,192,Morocco ma  Other: France,DF (CB),Right,2005-2006,19 years,Nancy,2005,first scrap players fbref
https://fbref.com/en/players/3201b03d/Danny-Simpson,37442,Danny Simpson,Not found,4-Jan-87,Not found,178,Not found,"DF (FB, right)",Right,2006-2007,19 years,Sunderland,2006,first scrap players fbref
https://fbref.com/en/players/562eed5c/Winston-Reid,37526,Winston Reid,Not found,3-Jul-88,Not found,190,New Zealand nz  Other: Denmark,DF (CB),Right,2005-2006,17 years,Midtjylland,2005,first scrap players fbref
https://fbref.com/en/players/7dd83c7d/Alexandre-Pato,37579,Alexandre Pato,Not found,2-Sep-89,Not found,181,Brazil,FW-MF,Right,2007-2008,17 years,Milan,2007,first scrap players fbref
https://fbref.com/en/players/58ae47b2/Dimitri-Payet,37647,Dimitri Payet,Not found,"March 29, 1987 (Age: 38-241d)","Saint-Pierre, Réunion",175,France fr  Other: Réunion,FW-MF (AM-WM),Right,2005-2006,18 years,Nantes,2005,first scrap players fbref
https://fbref.com/en/players/079413e5/David-Goodwillie,37677,David Goodwillie,Not found,28-Mar-89,Not found,175,Scotland sct,FW,Right,2005-2006,16 years,Dundee United,2005,first scrap players fbref
https://fbref.com/en/players/e1deea75/Daniel-Carrico,37712,Daniel Carriço,Not found,4-Aug-88,Not found,182,Portugal,DF-MF (CB-DM),Right,2008-2009,19 years,Sporting CP,2008,first scrap players fbref
https://fbref.com/en/players/49ad3514/Cristian-Riveros,37713,Cristian Riveros,Not found,16-Oct-82,Not found,179,Paraguay,MF (CM-DM),Not found,2007-2008,24 years,Cruz Azul,2007,players corrected fbref
https://fbref.com/en/players/a5900d91/Marvin-Emnes,37787,Marvin Emnes,Not found,27-May-88,Not found,180,Netherlands,FW-MF (WM),Both,2005-2006,17 years,Sparta R'dam,2005,first scrap players fbref
https://fbref.com/en/players/1a2935f6/Dejan-Lovren,37838,Dejan Lovren,Not found,"July 5, 1989 (Age: 36-143d)","Zenica, Bosnia and Herzegovina",188,Croatia hr  Other: Bosnia and Herzegovina,DF (CB),Right,2007-2008,18 years,Inter Zaprešić,2007,first scrap players fbref
https://fbref.com/en/players/d9129797/DJ-Campbell,37896,DJ Campbell,Not found,12-Nov-81,Not found,178,Not found,FW,Not found,2005-2006,23 years,Brentford,2005,first scrap players fbref
https://fbref.com/en/players/9683d0b2/Hugo-Rodallega,37934,Hugo Rodallega,Not found,"July 25, 1985 (Age: 40-123d)","Candelaria, Colombia",180,Colombia,FW,Right,2005-2006,20 years,Monterrey,2005,first scrap players fbref
https://fbref.com/en/players/102ed2b2/Alex-Bruce,37957,Alex Bruce,Not found,28-Sep-84,Not found,180,"Northern Ireland nir  Other: England , Republic of Ireland",DF,Right,2004-2005,19 years,Sheffield Weds,2004,first scrap players fbref
https://fbref.com/en/players/f5e6d08d/Sebastian-Prodl,37981,Sebastian Prödl,Not found,21-Jun-87,Not found,194,Austria,DF-MF (CB),Right,2006-2007,19 years,Sturm Graz,2006,first scrap players fbref
https://fbref.com/en/players/a44f7c60/Alexander-Buttner,38003,Alexander Büttner,Not found,"February 11, 1989 (Age: 36-287d)","Gemeente Doetinchem, Netherlands",176,Netherlands,"DF-MF (FB, left)",Left,2007-2008,18 years,Vitesse,2007,first scrap players fbref
https://fbref.com/en/players/2f72f79e/Martin-Olsson,38073,Martin Olsson,Not found,"May 17, 1988 (Age: 37-192d)","Gävle, Sweden",178,Sweden,"DF-MF (FB-WM, left)",Left,2007-2008,19 years,Blackburn,2007,first scrap players fbref
https://fbref.com/en/players/7578d85c/Jamie-OHara,38090,Jamie O'Hara,Not found,25-Sep-86,Not found,180,England eng,"MF (WM, left)",Left,2005-2006,18 years,Chesterfield,2005,first scrap players fbref
https://fbref.com/en/players/ffd4896e/Adam-Hammill,38091,Adam Hammill,Not found,25-Jan-88,Not found,189,England eng,FW-MF (WM),Left,2006-2007,18 years,Dunfermline Ath.,2006,first scrap players fbref
https://fbref.com/en/players/2db3ae0a/Michael-Mancienne,38100,Michael Mancienne,Not found,8-Jan-88,Not found,184,Seychelles sc  Other: England,DF-MF (CB-FB),Right,2006-2007,18 years,QPR,2006,first scrap players fbref
https://fbref.com/en/players/8aa5f52c/Adrian-Mariappa,38145,Adrian Mariappa,Not found,"October 3, 1986 (Age: 39-053d)","Harrow, England, United Kingdom",180,Jamaica jm  Other: England,"DF (CB, right)",Right,2005-2006,18 years,Watford,2005,first scrap players fbref
https://fbref.com/en/players/518918ad/Vadis-Odjidja-Ofoe,38388,Vadis Odjidja-Ofoe,Not found,"February 21, 1989 (Age: 36-277d)","Gent, Belgium",185,Belgium,DF-MF (AM-CM-DM-WM),Right,2007-2008,18 years,Hamburger SV,2007,first scrap players fbref
https://fbref.com/en/players/6f1721f0/Jeremain-Lens,38497,Jeremain Lens,Not found,24-Nov-87,Not found,178,Netherlands,"FW-MF (AM-WM, right)",Right,2006-2007,18 years,AZ Alkmaar,2006,first scrap players fbref
https://fbref.com/en/players/3552c7f5/Eddie-Johnson,38773,Eddie Johnson,Not found,31-Mar-84,Not found,183,United States,FW,Right,2001,16 years,Dallas Burn,Not found,players corrected fbref
https://fbref.com/en/players/58f1973e/Ishmael-Miller,38776,Ishmael Miller,Not found,5-Mar-87,Not found,191,Not found,FW,Left,2005-2006,18 years,Manchester City,2005,first scrap players fbref
https://fbref.com/en/players/393303c7/Jermaine-Beckford,38874,Jermaine Beckford,Not found,9-Dec-83,Not found,188,Jamaica jm  Other: England,FW,Right,2005-2006,21 years,Leeds United,2005,first scrap players fbref
https://fbref.com/en/players/d92b0327/Jordi-Gomez,39010,Jordi Gómez,Not found,24-May-85,Not found,178,Spain,MF (CM),Left,2007-2008,22 years,Espanyol,2007,first scrap players fbref
https://fbref.com/en/players/b1b25949/Rob-Elliot,39037,Rob Elliot,Not found,30-Apr-86,Not found,190,Republic of Ireland ie  Other: England,GK,Left,2004-2005,18 years,Notts County,2004,players corrected fbref
https://fbref.com/en/players/6e3f3809/Kei-Kamara,39049,Kei Kamara,Not found,"September 1, 1984 (Age: 41-085d)","Kenema, Sierra Leone",188,Sierra Leone,FW,Right,2006,21 years,Columbus Crew,Not found,first scrap players fbref
https://fbref.com/en/players/66116290/Radamel-Falcao,39152,Radamel Falcao,Not found,"February 10, 1986 (Age: 39-288d)","Santa Marta, Colombia",177,Colombia,FW,Right,2009-2010,23 years,Porto,2009,first scrap players fbref
https://fbref.com/en/players/8db8ad1e/Jozy-Altidore,39378,Jozy Altidore,Not found,6-Nov-89,Not found,185,United States,FW,Right,2006,16 years,NY Red Bulls,Not found,first scrap players fbref
https://fbref.com/en/players/a58bb1e1/Gareth-Bale,39381,Gareth Bale,Not found,16-Jul-89,Not found,185,Wales wls,FW-MF (AM-WM),Left,2005-2006,16 years,Southampton,2005,first scrap players fbref
https://fbref.com/en/players/d899e3bf/Brad-Guzan,39471,Brad Guzan,Not found,"September 9, 1984 (Age: 41-077d)","Evergreen Park, Illinois, United States",193,United States,GK,Left,2005,20 years,Chivas USA,Not found,first scrap players fbref
https://fbref.com/en/players/b034ebe2/Ben-Turner,39518,Ben Turner,Not found,21-Jan-88,Not found,193,England eng,DF (CB),Right,2006-2007,18 years,P'borough Utd,2006,players corrected fbref
https://fbref.com/en/players/4aed5c19/Victor-Anichebe,39532,Victor Anichebe,Not found,23-Apr-88,Not found,185,Nigeria,FW,Right,2005-2006,17 years,Everton,2005,first scrap players fbref
https://fbref.com/en/players/fa6292e2/Bryan-Ruiz,39642,Bryan Ruiz,Not found,18-Aug-85,Not found,188,Costa Rica,FW-MF (AM-WM),Left,2006-2007,20 years,Gent,2006,players corrected fbref
https://fbref.com/en/players/87575fd9/Marouane-Fellaini,39679,Marouane Fellaini,Not found,22-Nov-87,Not found,194,Belgium,MF (AM-CM-DM),Right,2006-2007,18 years,Standard Liège,2006,first scrap players fbref
https://fbref.com/en/players/84e341f9/Mark-Gower,39700,Mark Gower,Not found,5-Oct-78,Not found,180,Not found,MF,Not found,2003-2004,24 years,Southend United,2003,first scrap players fbref
https://fbref.com/en/players/2d6ef68e/Nicky-Maynard,39705,Nicky Maynard,Not found,11-Dec-86,Not found,189,Not found,FW,Right,2005-2006,18 years,Crewe Alexandra,2005,first scrap players fbref
https://fbref.com/en/players/ab914649/Morgan-Amalfitano,39883,Morgan Amalfitano,Not found,20-Mar-85,Not found,176,France,MF (AM),Right,2006-2007,21 years,Sedan,2006,first scrap players fbref
https://fbref.com/en/players/822b3ef9/Rudy-Gestede,39908,Rudy Gestede,Not found,10-Oct-88,Not found,193,Benin bj  Other: France,FW,Right,2007-2008,18 years,Metz,2007,first scrap players fbref
https://fbref.com/en/players/4ef705ab/Sylvain-Marveaux,39909,Sylvain Marveaux,Not found,15-Apr-86,Not found,172,France,FW-MF (AM),Left,2006-2007,20 years,Rennes,2006,first scrap players fbref
https://fbref.com/en/players/b92dd711/Leon-Britton,40043,Leon Britton,Not found,16-Sep-82,Not found,165,England eng,MF,Right,2002-2003,19 years,Swansea City,2002,first scrap players fbref
https://fbref.com/en/players/cb4f24c6/Joe-Hart,40204,Joe Hart,Not found,19-Apr-87,Not found,196,England eng,GK,Right,2004-2005,17 years,Shrewsbury,2004,first scrap players fbref
https://fbref.com/en/players/8b683d09/Demba-Ba,40205,Demba Ba,Not found,25-May-85,Not found,189,Senegal sn  Other: France,FW,Right,2006-2007,21 years,Mouscron,2006,first scrap players fbref
https://fbref.com/en/players/9b1b4782/Gonzalo-Jara,40429,Gonzalo Jara,Not found,29-Aug-85,Not found,178,Chile,DF-MF (CB),Right,2009-2010,23 years,West Brom,2009,first scrap players fbref
https://fbref.com/en/players/2c0f8e9e/Alexis-Sanchez,40433,Alexis Sánchez,Not found,"December 19, 1988 (Age: 36-341d)","Tocopilla, Chile",168,Chile,FW-MF (AM-WM),Right,2008-2009,19 years,Udinese,2008,first scrap players fbref
https://fbref.com/en/players/ac7d7378/Gareth-McAuley,40567,Gareth McAuley,Not found,5-Dec-79,Not found,191,Northern Ireland nir,DF (CB),Right,2004-2005,24 years,Lincoln City,2004,first scrap players fbref
https://fbref.com/en/players/01226327/Ryan-Bertrand,40611,Ryan Bertrand,Not found,5-Aug-89,Not found,179,England eng,"DF-MF (FB, left)",Left,2006-2007,16 years,Bournemouth,2006,first scrap players fbref
https://fbref.com/en/players/d6066695/Liam-Bridcutt,40612,Liam Bridcutt,Not found,8-May-89,Not found,175,Scotland sct  Other: England,DF-MF (CM-DM),Right,2007-2008,18 years,Yeovil Town,2007,first scrap players fbref
https://fbref.com/en/players/74e12f1e/Jack-Cork,40613,Jack Cork,Not found,25-Jun-89,Not found,185,England eng,DF-MF (CM-DM),Right,2006-2007,17 years,Bournemouth,2006,first scrap players fbref
https://fbref.com/en/players/6bfe339f/Shaun-Cummings,40614,Shaun Cummings,Not found,25-Feb-89,Not found,183,Jamaica jm  Other: England,DF,Right,2008-2009,19 years,MK Dons,2008,first scrap players fbref
https://fbref.com/en/players/800a3404/Sam-Hutchinson,40617,Sam Hutchinson,Not found,"August 3, 1989 (Age: 36-114d)","Slough, England, United Kingdom",182,England eng,DF-MF (CB-CM-DM-FB),Right,2006-2007,16 years,Chelsea,2006,first scrap players fbref
https://fbref.com/en/players/284e865d/Mauro-Boselli,40822,Mauro Boselli,Not found,22-May-85,Not found,182,Argentina,FW,Right,2005-2006,20 years,Málaga B,2005,first scrap players fbref
https://fbref.com/en/players/12aa7661/Jose-Holebas,41112,José Holebas,Not found,27-Jun-84,Not found,184,Greece gr  Other: Germany,"DF-MF (CB-FB-WM, left)",Left,2007-2008,23 years,1860 Munich,2007,first scrap players fbref
https://fbref.com/en/players/beec2968/David-NGog,41242,David N'Gog,Not found,1-Apr-89,Not found,189,France,FW,Right,2006-2007,17 years,Paris S-G,2006,first scrap players fbref
https://fbref.com/en/players/dbe16ade/Ricky-van-Wolfswinkel,41355,Ricky van Wolfswinkel,Not found,"January 27, 1989 (Age: 36-302d)","Woudenberg, Netherlands",185,Netherlands,FW-MF,Right,2007-2008,18 years,Vitesse,2007,first scrap players fbref
https://fbref.com/en/players/00459419/Marko-Arnautovic,41384,Marko Arnautović,Not found,"April 19, 1989 (Age: 36-220d)",Austria,192,Austria,FW-MF (AM-WM),Right,2006-2007,17 years,Twente,2006,first scrap players fbref
https://fbref.com/en/players/4c78b5ed/Lucas-Leiva,41414,Lucas Leiva,Not found,9-Jan-87,Not found,179,Brazil,MF (CM-DM),Right,2007-2008,20 years,Liverpool,2007,first scrap players fbref
https://fbref.com/en/players/cee31595/James-McArthur,41416,James McArthur,Not found,7-Oct-87,Not found,178,Scotland sct,MF (CM-WM),Right,2007-2008,19 years,Hamilton Acad.,2007,first scrap players fbref
https://fbref.com/en/players/62110c96/Jonathan-Parr,41665,Jonathan Parr,Not found,21-Oct-88,Not found,182,Norway,"DF (FB, left)",Both,2006,17 years,Lyn,Not found,first scrap players fbref
https://fbref.com/en/players/e5eb4ab4/Modibo-Diakite,41749,Modibo Diakité,Not found,2-Mar-87,Not found,192,Not found,DF (CB),Both,2005-2006,18 years,Pescara,2005,first scrap players fbref
https://fbref.com/en/players/7561b81d/Steve-De-Ridder,41818,Steve De Ridder,Not found,25-Feb-87,Not found,179,Belgium,FW-MF (AM-WM),Right,2006-2007,19 years,Gent,2006,first scrap players fbref
https://fbref.com/en/players/e818c267/Herold-Goulon,41978,Hérold Goulon,Not found,12-Jun-88,Not found,192,France,DF-MF (DM),Right,2008-2009,20 years,Le Mans,2008,first scrap players fbref
https://fbref.com/en/players/36aad3ed/George-Elokobi,42048,George Elokobi,Not found,31-Jan-86,Not found,176,Not found,"DF (FB, left)",Not found,2004-2005,18 years,Chester City,2004,first scrap players fbref
https://fbref.com/en/players/06d45e81/Greg-Halford,42062,Greg Halford,Not found,8-Dec-84,Not found,196,England eng,DF-FW-MF (CM-FB),Right,2002-2003,17 years,Colchester Utd,2002,first scrap players fbref
https://fbref.com/en/players/81c7d697/Ishmel-Demontagnac,42188,Ishmel Demontagnac,Not found,15-Jun-88,Not found,178,England eng,MF (WM),Not found,2005-2006,17 years,Walsall,2005,first scrap players fbref
https://fbref.com/en/players/5a75d4cc/Sone-Aluko,42198,Sone Aluko,Not found,19-Feb-89,Not found,173,Nigeria ng  Other: England,FW-MF (AM),Left,2007-2008,18 years,Aberdeen,2007,first scrap players fbref
https://fbref.com/en/players/69cc718f/Jay-Tabb,42284,Jay Tabb,Not found,21-Feb-84,Not found,170,Republic of Ireland ie  Other: England,MF (CM-WM),Left,2002-2003,18 years,Brentford,2002,first scrap players fbref
https://fbref.com/en/players/2f07dee0/Denilson,42352,Denílson,Not found,16-Feb-88,Not found,179,Brazil,MF,Right,2006-2007,18 years,Arsenal,2006,players corrected fbref
https://fbref.com/en/players/81d63375/Fraizer-Campbell,42411,Fraizer Campbell,Not found,13-Sep-87,Not found,180,England eng,FW,Right,2007-2008,19 years,Hull City,2007,players corrected fbref
https://fbref.com/en/players/f8fcd2a5/Jonny-Evans,42412,Jonny Evans,Not found,3-Jan-88,Not found,188,Northern Ireland nir,DF (CB),Right,2006-2007,18 years,Sunderland,2006,first scrap players fbref
https://fbref.com/en/players/f0e72e1c/Darron-Gibson,42413,Darron Gibson,Not found,25-Oct-87,Not found,183,Republic of Ireland ie  Other: Northern Ireland,MF,Right,2007-2008,19 years,Wolves,2007,first scrap players fbref
https://fbref.com/en/players/b73ce4ba/Gary-Hooper,42513,Gary Hooper,Not found,"January 26, 1988 (Age: 37-303d)","Harlow, England, United Kingdom",177,Not found,FW,Right,2006-2007,18 years,Leyton Orient,2006,first scrap players fbref
https://fbref.com/en/players/f7d50789/Toby-Alderweireld,42710,Toby Alderweireld,Not found,2-Mar-89,Not found,187,Belgium,DF (CB-FB),Right,2008-2009,19 years,Ajax,2008,first scrap players fbref
https://fbref.com/en/players/f6e08a82/Roger-Johnson,42751,Roger Johnson,Not found,28-Apr-83,Not found,191,Not found,DF,Right,2002-2003,19 years,Wycombe,2002,first scrap players fbref
https://fbref.com/en/players/d4cb83cc/Nacho-Monreal,43003,Nacho Monreal,Not found,26-Feb-86,Not found,178,Spain,"DF (FB, left)",Left,2006-2007,20 years,Osasuna,2006,first scrap players fbref
https://fbref.com/en/players/02c9ea40/Elliott-Bennett,43193,Elliott Bennett,Not found,18-Dec-88,Not found,175,Not found,"DF-MF (AM-FB-WM, right)",Right,2007-2008,18 years,Crewe Alexandra,2007,first scrap players fbref
https://fbref.com/en/players/37103874/Ludovic-Sylvestre,43248,Ludovic Sylvestre,Not found,5-Feb-84,Not found,182,Not found,MF,Right,2005-2006,21 years,Barcelona,2005,first scrap players fbref
https://fbref.com/en/players/ba23a904/Jan-Vertonghen,43250,Jan Vertonghen,Not found,24-Apr-87,Not found,189,Belgium,"DF (CB-FB, left)",Left,2006-2007,19 years,RKC Waalwijk,2006,first scrap players fbref
https://fbref.com/en/players/adc264a8/Gabriel-Obertan,43261,Gabriel Obertan,Not found,26-Feb-89,Not found,186,France,FW-MF (AM-WM),Right,2006-2007,17 years,Bordeaux,2006,first scrap players fbref
https://fbref.com/en/players/9ff17f6f/Stephen-Quinn,43266,Stephen Quinn,Not found,"April 1, 1986 (Age: 39-238d)","Clondalkin, Republic of Ireland",168,Republic of Ireland,FW-MF (CM-DM),Left,2005-2006,19 years,Rotherham Utd,2005,first scrap players fbref
https://fbref.com/en/players/99813635/Adam-Lallana,43530,Adam Lallana,Not found,10-May-88,Not found,173,England eng,FW-MF (AM-CM-WM),Right,2006-2007,18 years,Southampton,2006,first scrap players fbref
https://fbref.com/en/players/de4517dd/Mauricio-Isla,43722,Mauricio Isla,Not found,"June 12, 1988 (Age: 37-166d)","Buin, Chile",176,Chile,"DF-MF (FB-WM, right)",Right,2007-2008,19 years,Udinese,2007,first scrap players fbref
https://fbref.com/en/players/1ef37668/Erik-Pieters,43763,Erik Pieters,Not found,7-Aug-88,Not found,184,Netherlands,"DF-MF (CB-FB, left)",Left,2006-2007,17 years,Utrecht,2006,first scrap players fbref
https://fbref.com/en/players/303a53e1/Chris-Gunter,43853,Chris Gunter,Not found,21-Jul-89,Not found,180,Wales wls,"DF-MF (FB, right)",Right,2006-2007,17 years,Cardiff City,2006,players corrected fbref
https://fbref.com/en/players/01b8a2b2/Wojciech-Szczesny,44058,Wojciech Szczęsny,Not found,"April 18, 1990 (Age: 35-221d)","Warsaw, Poland",195,Poland,GK,Right,2009-2010,19 years,Brentford,2009,first scrap players fbref
https://fbref.com/en/players/1b17ed86/Esteban-Granero,44065,Esteban Granero,Not found,2-Jul-87,Not found,180,Spain,MF,Right,2006-2007,19 years,Real Madrid B,2006,first scrap players fbref
https://fbref.com/en/players/29733c72/Juan-Mata,44068,Juan Mata,Not found,"April 28, 1988 (Age: 37-211d)","Villafranca Montes de Oca, Spain",170,Spain,FW-MF (AM-WM),Left,2006-2007,18 years,Real Madrid B,2006,first scrap players fbref
https://fbref.com/en/players/a6154613/Luis-Suarez,44352,Luis Suárez,Not found,"January 24, 1987 (Age: 38-316d)","Salto, Uruguay",182,Uruguay,FW,Right,2006-2007,19 years,Groningen,2006,players corrected fbref
https://fbref.com/en/players/d9847696/Dieumerci-Mbokani,44624,Dieumerci Mbokani,Not found,22-Nov-85,Not found,185,Congo DR,FW,Right,2006-2007,20 years,Anderlecht,2006,first scrap players fbref
https://fbref.com/en/players/7dba6233/Giovani-dos-Santos,44674,Giovani dos Santos,Not found,11-May-89,Not found,175,Mexico,FW-MF (AM-WM),Left,2007-2008,18 years,Barcelona,2007,first scrap players fbref
https://fbref.com/en/players/9fa0a0b8/Bojan-Krkic,44675,Bojan Krkić,Not found,28-Aug-90,Not found,170,Spain,FW-MF (AM-WM),Right,2007-2008,16 years,Barcelona,2007,first scrap players fbref
https://fbref.com/en/players/adfc4cc1/Itay-Shechter,44760,Itay Shechter,Not found,22-Feb-87,Not found,178,Israel,FW,Both,2011-2012,24 years,Kaiserslautern,2011,first scrap players fbref
https://fbref.com/en/players/a190d597/Diego-Costa,44779,Diego Costa,Not found,7-Oct-88,Not found,188,Spain es  Other: Brazil,FW,Right,2006-2007,17 years,Braga,2006,first scrap players fbref
https://fbref.com/en/players/46ee5234/Kieran-Gibbs,44792,Kieran Gibbs,Not found,26-Sep-89,Not found,178,England eng,"DF-MF (FB, left)",Left,2007-2008,17 years,Norwich City,2007,first scrap players fbref
https://fbref.com/en/players/fe8e6fa1/Henri-Lansbury,44794,Henri Lansbury,Not found,12-Oct-90,Not found,183,England eng,MF (CM),Right,2008-2009,17 years,Scunthorpe Utd,2008,first scrap players fbref
https://fbref.com/en/players/4574720b/Dame-NDoye,44855,Dame N'Doye,Not found,21-Feb-85,Not found,186,Senegal,FW,Right,2007-2008,22 years,Panathinaikos,2007,first scrap players fbref
https://fbref.com/en/players/8f8bbbac/Simeon-Jackson,44913,Simeon Jackson,Not found,28-Mar-87,Not found,175,Canada ca  Other: Jamaica,FW,Right,2004-2005,17 years,R&D,2004,first scrap players fbref
https://fbref.com/en/players/70392341/Adrian-Lopez,44966,Adrián López,Not found,25-Feb-87,Not found,184,Not found,DF (CB),Right,2007-2008,20 years,La Coruña,2007,players corrected fbref
https://fbref.com/en/players/7fec31a0/Dan-Gosling,44983,Dan Gosling,Not found,1-Feb-90,Not found,178,England eng,DF-MF (CM),Right,2006-2007,16 years,Plymouth Argyle,2006,first scrap players fbref
https://fbref.com/en/players/8db518ba/Keith-Southern,44986,Keith Southern,Not found,24-Apr-81,Not found,178,Not found,MF (DM),Not found,2002-2003,21 years,Blackpool,2002,first scrap players fbref
https://fbref.com/en/players/5c2da10f/Loic-Remy,45121,Loïc Rémy,Not found,2-Jan-87,Not found,184,France,FW,Right,2006-2007,19 years,Lyon,2006,first scrap players fbref
https://fbref.com/en/players/8ff07990/Mario-Balotelli,45146,Mario Balotelli,Not found,12-Aug-90,Not found,189,Italy,FW,Right,2007-2008,16 years,Inter,2007,first scrap players fbref
https://fbref.com/en/players/a275b145/Youssouf-Mulumbu,45272,Youssouf Mulumbu,Not found,25-Jan-87,Not found,177,Congo DR cd  Other: France,MF (CM-DM),Right,2006-2007,19 years,Paris S-G,2006,first scrap players fbref
https://fbref.com/en/players/47dc80f5/Adel-Taarabt,45287,Adel Taarabt,Not found,"May 24, 1989 (Age: 36-185d)","Fes-Medina, Morocco",177,Morocco ma  Other: France,FW-MF (AM-CM-WM),Right,2006-2007,17 years,Lens,2006,first scrap players fbref
Not found,45298,Eggert Jónsson,Not found,Not found,Not found,Not found,Not found,Not found,Not found,Not found,Not found,Not found,Not found,first scrap players fbref
https://fbref.com/en/players/4e358a2d/Federico-Fazio,45314,Federico Fazio,Not found,17-Mar-87,Not found,195,Argentina,DF (CB),Right,2007-2008,20 years,Sevilla B,2007,first scrap players fbref
https://fbref.com/en/players/19cda00b/Angel-Di-Maria,45320,Ángel Di María,Not found,"February 14, 1988 (Age: 37-284d)","Rosario, Argentina",180,Argentina,FW-MF (AM-CM-WM),Left,2007-2008,19 years,Benfica,2007,first scrap players fbref
https://fbref.com/en/players/bda6ffd4/Claudio-Yacob,45330,Claudio Yacob,Not found,18-Jul-87,Not found,198,Argentina,MF (CM-DM),Right,2012-2013,25 years,West Brom,2012,first scrap players fbref
https://fbref.com/en/players/64b08de7/James-McCarthy,45333,James McCarthy,Not found,12-Nov-90,Not found,180,Republic of Ireland ie  Other: Scotland,MF,Right,2007-2008,16 years,Hamilton Acad.,2007,first scrap players fbref
https://fbref.com/en/players/88a359d4/Adrian-Lopez,45383,Adrián López,Not found,8-Jan-88,Not found,183,Spain,FW,Right,2006-2007,18 years,La Coruña,2006,first scrap players fbref
https://fbref.com/en/players/08b10f50/Jonny-Howson,45395,Jonny Howson,Not found,"May 21, 1988 (Age: 37-188d)","Morley, England, United Kingdom",180,England eng,DF-MF (AM-CM-DM),Right,2006-2007,18 years,Leeds United,2006,first scrap players fbref
https://fbref.com/en/players/5dbefa9d/Andre-Ayew,45403,André Ayew,Not found,17-Dec-89,Not found,176,Ghana gh  Other: France,FW-MF (AM-WM),Left,2007-2008,17 years,Marseille,2007,first scrap players fbref
https://fbref.com/en/players/3a90713b/Geoffrey-Mujangi-Bia,45455,Geoffrey Mujangi Bia,Not found,12-Aug-89,Not found,175,Belgium,MF (AM-WM),Right,2006-2007,16 years,Charleroi,2006,first scrap players fbref
https://fbref.com/en/players/76eca7e2/Wayne-Hennessey,45494,Wayne Hennessey,Not found,24-Jan-87,Not found,196,Wales wls,GK,Right,2006-2007,19 years,Stockport,2006,first scrap players fbref
https://fbref.com/en/players/cf2a6ace/Siem-de-Jong,45509,Siem de Jong,Not found,28-Jan-89,Not found,185,Netherlands nl  Other: Switzerland,FW-MF (AM),Right,2007-2008,18 years,Ajax,2007,first scrap players fbref
https://fbref.com/en/players/0a9048ce/George-Boyd,45623,George Boyd,Not found,2-Oct-85,Not found,185,Scotland sct  Other: England,FW-MF (WM),Left,2006-2007,20 years,Stevenage,2006,first scrap players fbref
https://fbref.com/en/players/dc49ea82/Aaron-McLean,45631,Aaron McLean,Not found,25-May-83,Not found,177,Not found,FW,Not found,2002-2003,19 years,Leyton Orient,2002,first scrap players fbref
https://fbref.com/en/players/f2f29dda/Glenn-Murray,45693,Glenn Murray,Not found,25-Sep-83,Not found,183,Not found,FW,Right,2005-2006,21 years,Carlisle United,2005,first scrap players fbref
https://fbref.com/en/players/285a3d44/Ryan-Shawcross,45861,Ryan Shawcross,Not found,4-Oct-87,Not found,191,England eng,"DF (CB, right)",Right,2007-2008,19 years,Stoke City,2007,first scrap players fbref
https://fbref.com/en/players/87fce32b/Luke-Daniels,45921,Luke Daniels,Not found,"January 5, 1988 (Age: 37-324d)","Bolton, England, United Kingdom",193,England eng,GK,Right,2007-2008,19 years,Motherwell,2007,first scrap players fbref
https://fbref.com/en/players/2acd49b9/Moussa-Sissoko,46001,Moussa Sissoko,Not found,"August 16, 1989 (Age: 36-101d)","Le Blanc-Mesnil, France",187,France,"FW-MF (AM-CM-DM-WM, right)",Right,2007-2008,17 years,Toulouse,2007,first scrap players fbref
https://fbref.com/en/players/f36c432f/Stevan-Jovetic,46104,Stevan Jovetić,Not found,"November 2, 1989 (Age: 36-023d)","Podgorica, Montenegro",183,Montenegro,FW-MF,Right,2008-2009,18 years,Fiorentina,2008,first scrap players fbref
https://fbref.com/en/players/f3a77fec/Adam-le-Fondre,46106,Adam le Fondre,Not found,2-Dec-86,Not found,177,Not found,FW,Right,2004-2005,17 years,Stockport,2004,first scrap players fbref
https://fbref.com/en/players/eda40760/Aleksandar-Kolarov,46156,Aleksandar Kolarov,Not found,10-Nov-85,Not found,187,Serbia,"DF (FB, left)",Left,2007-2008,21 years,Lazio,2007,first scrap players fbref
https://fbref.com/en/players/c0398aca/Pablo-Hernandez,46220,Pablo Hernández,Not found,11-Apr-85,Not found,173,Spain,"FW-MF (AM-WM, right)",Right,2005-2006,20 years,Valencia,2005,first scrap players fbref
https://fbref.com/en/players/603cb947/Andrej-Kramaric,46580,Andrej Kramarić,Not found,"June 19, 1991 (Age: 34-159d)","Zagreb, Croatia",180,Croatia,FW-MF (AM-CM),Right,2008-2009,17 years,Dinamo Zagreb,2008,first scrap players fbref
https://fbref.com/en/players/c0e27d1a/David-Luiz,46741,David Luiz,Not found,"April 22, 1987 (Age: 38-217d)","Diadema, Brazil",189,Brazil,DF-MF (CB-DM),Right,2006-2007,19 years,Benfica,2006,first scrap players fbref
https://fbref.com/en/players/381d7d54/Bakary-Sako,46791,Bakary Sako,Not found,"April 26, 1988 (Age: 37-213d)","Ivry-sur-Seine, France",180,Mali ml  Other: France,FW-MF (AM-WM),Left,2009-2010,21 years,Saint-Étienne,2009,first scrap players fbref
https://fbref.com/en/players/a546477d/Modibo-Maiga,46831,Modibo Maïga,Not found,3-Sep-87,Not found,185,Mali,FW-MF (WM),Left,2007-2008,19 years,Le Mans,2007,first scrap players fbref
https://fbref.com/en/players/1b7ec703/Daniel-Sturridge,47082,Daniel Sturridge,Not found,1-Sep-89,Not found,188,England eng,FW-MF (WM),Left,2006-2007,16 years,Manchester City,2006,first scrap players fbref
https://fbref.com/en/players/d3dcab48/Eyong-Enoh,47344,Eyong Enoh,Not found,23-Mar-86,Not found,180,Cameroon,MF (DM),Right,2008-2009,22 years,Ajax,2008,first scrap players fbref
https://fbref.com/en/players/d24e154c/Costel-Pantilimon,47659,Costel Pantilimon,Not found,1-Feb-87,Not found,201,Romania,GK,Right,2006-2007,19 years,Politehnica Timișoara,2006,first scrap players fbref
https://fbref.com/en/players/87935cf3/Mamadou-Sakho,47713,Mamadou Sakho,Not found,13-Feb-90,Not found,188,France,"DF (CB, left)",Left,2007-2008,17 years,Paris S-G,2007,first scrap players fbref
https://fbref.com/en/players/66e0514a/Alex-Pearce,47768,Alex Pearce,Not found,9-Nov-88,Not found,188,"Republic of Ireland ie  Other: England , Scotland",DF-MF (CB),Right,2006-2007,17 years,Northampton,2006,first scrap players fbref
https://fbref.com/en/players/fd3f57ce/Jason-Puncheon,47995,Jason Puncheon,Not found,18-Jun-86,Not found,173,Not found,MF (AM-WM),Left,2003-2004,17 years,Wimbledon,2003,first scrap players fbref
https://fbref.com/en/players/74b2cd7e/Angelo-Ogbonna,48002,Angelo Ogbonna,Not found,23-May-88,Not found,191,Italy,DF (CB),Left,2006-2007,18 years,Torino,2006,first scrap players fbref
https://fbref.com/en/players/b581987a/Andy-Carroll,48066,Andy Carroll,Not found,6-Jan-89,Not found,191,England eng,FW,Left,2006-2007,17 years,Newcastle Utd,2006,first scrap players fbref
https://fbref.com/en/players/1d6ac165/Sam-Vokes,48078,Sam Vokes,Not found,"October 21, 1989 (Age: 36-035d)","Southampton, England, United Kingdom",186,Wales wls  Other: England,FW,Right,2006-2007,16 years,Bournemouth,2006,first scrap players fbref
https://fbref.com/en/players/49b8c292/Matt-Gilks,48254,Matt Gilks,Not found,4-Jun-82,Not found,185,Scotland sct  Other: England,GK,Right,2002-2003,20 years,Rochdale,2002,first scrap players fbref
https://fbref.com/en/players/62c612b8/Gary-Taylor-Fletcher,49101,Gary Taylor-Fletcher,Not found,4-Jun-81,Not found,183,Not found,FW-MF,Right,2002-2003,21 years,Leyton Orient,2002,first scrap players fbref
https://fbref.com/en/players/a6738b6c/Mark-Bunn,49319,Mark Bunn,Not found,16-Nov-84,Not found,183,Not found,GK,Right,2006-2007,21 years,Northampton,2006,first scrap players fbref
https://fbref.com/en/players/e0d9bbbe/Bradley-Johnson,49327,Bradley Johnson,Not found,28-Apr-87,Not found,183,Not found,"DF-MF (CM-DM-WM, left)",Right,2004-2005,17 years,Cambridge Utd,2004,first scrap players fbref
https://fbref.com/en/players/c461de51/James-Perch,49409,James Perch,Not found,28-Sep-85,Not found,180,Not found,DF-MF (CB-DM-FB),Right,2004-2005,18 years,Nott'ham Forest,2004,first scrap players fbref
https://fbref.com/en/players/2bb4411f/Neal-Eardley,49428,Neal Eardley,Not found,6-Nov-88,Not found,180,Wales wls,"DF (FB, right)",Right,2006-2007,17 years,Oldham Athletic,2006,first scrap players fbref
https://fbref.com/en/players/eb58eef0/Georginio-Wijnaldum,49499,Georginio Wijnaldum,Not found,"November 11, 1990 (Age: 35-014d)","Rotterdam, Netherlands",175,Netherlands,FW-MF (AM-CM-DM-WM),Right,2006-2007,15 years,Feyenoord,2006,first scrap players fbref
https://fbref.com/en/players/e8c9f4e9/Billy-Sharp,49542,Billy Sharp,Not found,"February 5, 1986 (Age: 39-293d)","Sheffield, England, United Kingdom",175,Not found,FW,Right,2004-2005,18 years,R&D,2004,first scrap players fbref
https://fbref.com/en/players/495de82c/Rickie-Lambert,49655,Rickie Lambert,Not found,16-Feb-82,Not found,187,England eng,FW,Right,2002-2003,20 years,Stockport,2002,first scrap players fbref
https://fbref.com/en/players/5996ffd9/Andreas-Weimann,49693,Andreas Weimann,Not found,"August 5, 1991 (Age: 34-112d)",Austria,188,Austria,FW-MF (AM-WM),Right,2010-2011,18 years,Aston Villa,2010,first scrap players fbref
https://fbref.com/en/players/a14d04e3/Jan-Kirchhoff,49734,Jan Kirchhoff,Not found,1-Oct-90,Not found,195,Germany,DF-MF (CB),Right,2008-2009,17 years,Mainz 05,2008,first scrap players fbref
https://fbref.com/en/players/ef619b0b/Aaron-Ramsey,50057,Aaron Ramsey,Not found,"December 26, 1990 (Age: 34-345d)","Caerphilly, Wales, United Kingdom",182,Wales wls,MF (AM-CM-DM),Right,2007-2008,16 years,Cardiff City,2007,players corrected fbref
https://fbref.com/en/players/89d10e53/Danny-Rose,50174,Danny Rose,Not found,2-Jul-90,Not found,173,England eng,"DF-MF (FB, left)",Left,2008-2009,18 years,Watford,2008,players corrected fbref
https://fbref.com/en/players/ab070c55/Christian-Benteke,50201,Christian Benteke,Not found,"December 3, 1990 (Age: 34-357d)","Kinshasa, Congo DR",190,Belgium be  Other: Congo DR,FW,Right,2007-2008,16 years,Genk,2007,first scrap players fbref
https://fbref.com/en/players/a39bb753/Eden-Hazard,50202,Eden Hazard,Not found,7-Jan-91,Not found,173,Belgium,"FW-MF (AM-WM, left)",Right,2007-2008,16 years,Lille,2007,first scrap players fbref
https://fbref.com/en/players/d436eb94/Simon-Mignolet,50219,Simon Mignolet,Not found,"March 6, 1988 (Age: 37-264d)","Sint-Truiden, Belgium",193,Belgium,GK,Right,2006-2007,18 years,Sint-Truiden,2006,first scrap players fbref
https://fbref.com/en/players/111c3236/Fabian-Delph,50362,Fabian Delph,Not found,21-Nov-89,Not found,175,England eng,DF-MF,Left,2007-2008,17 years,Leeds United,2007,first scrap players fbref
https://fbref.com/en/players/8309b068/Yohan-Benalouane,50477,Yohan Benalouane,Not found,28-Mar-87,Not found,187,Tunisia tn  Other: France,DF (CB-FB),Left,2007-2008,20 years,Saint-Étienne,2007,first scrap players fbref
https://fbref.com/en/players/34e4343c/Anthony-Modeste,50512,Anthony Modeste,Not found,14-Apr-88,Not found,187,France,FW,Right,2007-2008,19 years,Nice,2007,first scrap players fbref
https://fbref.com/en/players/189cee7b/Javier-Hernandez,50935,Javier Hernández,Not found,"June 1, 1988 (Age: 37-188d)","Guadalajara, Estado de Jalisco, Mexico",175,Mexico,FW,Right,2006-2007,18 years,Guadalajara,2006,players corrected fbref
https://fbref.com/en/players/748dbb80/Maurice-Edu,50987,Maurice Edu,Not found,18-Apr-86,Not found,183,United States,DF-MF (CM-DM),Right,2007,20 years,Toronto FC,Not found,first scrap players fbref
https://fbref.com/en/players/8ba3a754/Alexander-Kacaniklic,51040,Alexander Kačaniklić,Not found,13-Aug-91,Not found,180,Sweden,FW-MF (WM),Left,2011-2012,19 years,Watford,2011,first scrap players fbref
https://fbref.com/en/players/ff70b131/Pablo-Barrera,51079,Pablo Barrera,Not found,"June 21, 1987 (Age: 38-157d)","Tlalnepantla de Baz, Estado de México, Mexico",175,Mexico,"FW-MF (AM-WM, right)",Right,2005-2006,18 years,UNAM,2005,first scrap players fbref
https://fbref.com/en/players/705a763a/Ignacio-Scocco,51088,Ignacio Scocco,Not found,29-May-85,Not found,172,Argentina,FW-MF (AM-WM),Right,2006-2007,21 years,UNAM,2006,first scrap players fbref
https://fbref.com/en/players/3925dbd6/Aleksandar-Mitrovic,51152,Aleksandar Mitrović,Not found,"September 16, 1994 (Age: 31-070d)","Smederevo, Serbia",189,Serbia,FW,Right,2012-2013,17 years,Partizan,2012,first scrap players fbref
https://fbref.com/en/players/41f32541/Fernando,51174,Fernando,Not found,"July 25, 1987 (Age: 38-134d)","Alto Paraíso de Goiás, Brazil",183,Brazil,DF-MF (CM-DM),Right,2007-2008,20 years,Estrela,2007,players corrected fbref
https://fbref.com/en/players/50b51fac/Carlos-Sanchez,51226,Carlos Sánchez,Not found,6-Feb-86,Not found,182,Colombia,DF-MF (CM-DM),Right,2007-2008,21 years,Valenciennes,2007,players corrected fbref
https://fbref.com/en/players/182c89db/Matthew-Briggs,51318,Matthew Briggs,Not found,6-Mar-91,Not found,189,Guyana gy  Other: England,DF (FB),Left,2006-2007,15 years,Fulham,2006,first scrap players fbref
https://fbref.com/en/players/6385ebfb/Darren-Randolph,51321,Darren Randolph,Not found,12-May-87,Not found,188,Republic of Ireland,GK,Right,2006-2007,19 years,Gillingham,2006,first scrap players fbref
https://fbref.com/en/players/9feb8f24/Joe-Allen,51452,Joe Allen,Not found,"March 14, 1990 (Age: 35-256d)","Carmarthen, Wales, United Kingdom",168,Wales wls,MF (CM-DM-WM),Right,2006-2007,16 years,Swansea City,2006,first scrap players fbref
https://fbref.com/en/players/ba027002/Albert-Crusat,51536,Albert Crusat,Not found,13-May-82,Not found,165,Spain,"FW-MF (AM-WM, left)",Not found,2002-2003,20 years,Espanyol,2002,first scrap players fbref
https://fbref.com/en/players/f3709655/Henri-Saivet,51540,Henri Saivet,Not found,"October 26, 1990 (Age: 35-030d)",Senegal,174,Senegal sn  Other: France,FW-MF (AM-DM-WM),Right,2007-2008,16 years,Bordeaux,2007,first scrap players fbref
https://fbref.com/en/players/95825cf2/Chico-Flores,51681,Chico Flores,Not found,6-Mar-87,Not found,187,Spain,DF (CB),Right,2006-2007,19 years,Cádiz,2006,first scrap players fbref
https://fbref.com/en/players/f26579f5/Jay-Spearing,52111,Jay Spearing,Not found,"November 25, 1988 (Age: 37-000d)","Wallasey, England, United Kingdom",168,Not found,MF (CM-DM),Right,2009-2010,20 years,Leicester City,2009,first scrap players fbref
https://fbref.com/en/players/5f09991f/Patrick-van-Aanholt,52119,Patrick van Aanholt,Not found,"August 29, 1990 (Age: 35-088d)","Gemeente 's-Hertogenbosch, Netherlands",175,Netherlands,"DF (FB, left)",Left,2009-2010,18 years,Coventry City,2009,first scrap players fbref
https://fbref.com/en/players/1aa84968/Chris-Basham,52495,Chris Basham,Not found,20-Jul-88,Not found,185,Not found,"DF-MF (CB, right)",Right,2006-2007,18 years,Stafford Rangers,2006,first scrap players fbref
https://fbref.com/en/players/c3e39f12/Fraser-Forster,52570,Fraser Forster,Not found,17-Mar-88,Not found,201,England eng,GK,Right,2008-2009,20 years,Stockport,2008,first scrap players fbref
https://fbref.com/en/players/d732d28a/Kazenga-LuaLua,52576,Kazenga LuaLua,Not found,"December 10, 1990 (Age: 34-350d)","Kinshasa, Congo DR",180,Not found,"FW-MF (WM, left)",Right,2007-2008,16 years,Newcastle Utd,2007,first scrap players fbref
https://fbref.com/en/players/c4cca587/Philipp-Wollscheid,53173,Philipp Wollscheid,Not found,6-Mar-89,Not found,194,Germany,DF (CB),Both,2010-2011,21 years,Nürnberg,2010,first scrap players fbref
https://fbref.com/en/players/4ab53cdb/Jay-Rodriguez,53360,Jay Rodriguez,Not found,"July 29, 1989 (Age: 36-119d)","Burnley, England, United Kingdom",185,England eng,FW-MF,Right,2007-2008,18 years,Stirling Albion,2007,first scrap players fbref
https://fbref.com/en/players/4cce2c67/Ramires,54170,Ramires,Not found,24-Mar-87,Not found,180,Brazil,MF (CM-DM-WM),Right,2009-2010,22 years,Benfica,2009,players corrected fbref
https://fbref.com/en/players/2ee47557/Andre-Santos,54275,André Santos,Not found,8-Mar-83,Not found,182,Brazil,"DF-MF (FB-WM, left)",Not found,2009-2010,26 years,Fenerbahçe,2009,players corrected fbref
https://fbref.com/en/players/1a4542c8/El-Hadji-Diouf,54432,El Hadji Diouf,Not found,15-Jan-81,Not found,182,Senegal,FW-MF (WM),Right,1998-1999,17 years,Sochaux,1998,first scrap players fbref
https://fbref.com/en/players/4ddd0834/Sebastian-Blanco,54576,Sebastián Blanco,Not found,"March 15, 1988 (Age: 37-255d)","Lomas de Zamora, Argentina",168,Argentina,FW-MF (AM),Right,2011-2012,23 years,Metalist,2011,first scrap players fbref
https://fbref.com/en/players/3a770838/Magnus-Wolff-Eikrem,54775,Magnus Wolff Eikrem,Not found,"August 8, 1990 (Age: 35-109d)","Molde, Norway",183,Norway,FW-MF (AM),Right,2011,20 years,Molde,Not found,first scrap players fbref
https://fbref.com/en/players/0d267745/Nicolas-Otamendi,54781,Nicolás Otamendi,Not found,"February 12, 1988 (Age: 37-286d)","Buenos Aires, Argentina",183,Argentina,DF (CB),Right,2010-2011,22 years,Porto,2010,first scrap players fbref
https://fbref.com/en/players/eed56f6c/Leonardo-Ulloa,54890,Leonardo Ulloa,Not found,26-Jul-86,Not found,190,Not found,FW,Right,2008-2009,22 years,Castellón,2008,first scrap players fbref
https://fbref.com/en/players/96e0490d/Matteo-Darmian,54906,Matteo Darmian,Not found,"December 2, 1989 (Age: 35-358d)","Legnano, Italy",182,Italy,"DF-MF (CB-FB-WM, right)",Right,2006-2007,16 years,Milan,2006,first scrap players fbref
https://fbref.com/en/players/9961eefb/David-Edwards,54949,David Edwards,Not found,3-Feb-86,Not found,180,Wales wls  Other: England,MF (CM),Right,2002-2003,16 years,Shrewsbury,2002,first scrap players fbref
https://fbref.com/en/players/56f99ec7/Adam-Bogdan,55247,Ádám Bogdán,Not found,27-Sep-87,Not found,194,Hungary,GK,Right,2009-2010,21 years,Crewe Alexandra,2009,first scrap players fbref
https://fbref.com/en/players/b1313ec4/Scott-Arfield,55291,Scott Arfield,Not found,"November 1, 1988 (Age: 37-024d)","Livingston, Scotland, United Kingdom",178,Canada ca  Other: Scotland,MF (AM-CM-WM),Right,2007-2008,18 years,Falkirk,2007,first scrap players fbref
https://fbref.com/en/players/410ab123/Lewis-Holtby,55508,Lewis Holtby,Not found,"September 18, 1990 (Age: 35-068d)","Erkelenz, Germany",176,Germany,MF (AM-CM-DM-WM),Left,2007-2008,16 years,AA Aachen,2007,first scrap players fbref
https://fbref.com/en/players/7c2a398c/Nordin-Amrabat,55619,Nordin Amrabat,Not found,"March 31, 1987 (Age: 38-239d)","Gemeente Naarden, Netherlands",175,Morocco ma  Other: Netherlands,FW-MF (AM-CM-WM),Right,2007-2008,20 years,VVV-Venlo,2007,first scrap players fbref
https://fbref.com/en/players/dc234f98/Ritchie-De-Laet,55687,Ritchie De Laet,Not found,28-Nov-88,Not found,186,Belgium,DF (CB-FB),Right,2008-2009,19 years,Wrexham,2008,first scrap players fbref
https://fbref.com/en/players/126fd532/Emmanuel-Mayuka,55709,Emmanuel Mayuka,Not found,21-Nov-90,Not found,180,Zambia,FW,Both,2010-2011,19 years,Young Boys,2010,first scrap players fbref
https://fbref.com/en/players/2f4c5a52/Harry-Arter,55742,Harry Arter,Not found,28-Dec-89,Not found,178,Republic of Ireland ie  Other: England,MF (DM),Both,2010-2011,20 years,Carlisle United,2010,first scrap players fbref
https://fbref.com/en/players/fd554256/Mauro-Formica,55870,Mauro Formica,Not found,4-Apr-88,Not found,176,Argentina,MF (AM),Right,2011-2012,23 years,Blackburn,2011,first scrap players fbref
https://fbref.com/en/players/ddbf3019/Elliot-Grandin,56785,Elliot Grandin,Not found,17-Oct-87,Not found,178,France,FW-MF (AM-WM),Right,2004-2005,16 years,Caen,2004,first scrap players fbref
https://fbref.com/en/players/51b41c5c/Morgan-Schneiderlin,56818,Morgan Schneiderlin,Not found,8-Nov-89,Not found,181,France,MF (CM-DM),Right,2007-2008,17 years,Strasbourg,2007,first scrap players fbref
https://fbref.com/en/players/d790907f/Andy-King,56872,Andy King,Not found,29-Oct-88,Not found,183,Wales wls  Other: England,MF (CM),Right,2007-2008,18 years,Leicester City,2007,first scrap players fbref
https://fbref.com/en/players/a07579ee/Jack-Rodwell,57079,Jack Rodwell,Not found,11-Mar-91,Not found,188,England eng,DF-MF,Right,2007-2008,16 years,Everton,2007,first scrap players fbref
https://fbref.com/en/players/37c408cc/Jordon-Mutch,57207,Jordon Mutch,Not found,2-Dec-91,Not found,175,England eng,MF,Right,2009-2010,17 years,Hereford United,2009,first scrap players fbref
https://fbref.com/en/players/bb7337cc/Paulinho,57229,Paulinho,Not found,25-Jul-88,Not found,182,Brazil,MF (AM-DM),Right,2013-2014,25 years,Tottenham,2013,players corrected fbref
https://fbref.com/en/players/483322fe/Oussama-Assaidi,57275,Oussama Assaidi,Not found,15-Aug-88,Not found,176,Morocco,FW-MF (AM-WM),Right,2007-2008,18 years,Omniworld,2007,first scrap players fbref
https://fbref.com/en/players/0172d6cc/Yann-Kermorgant,57410,Yann Kermorgant,Not found,8-Nov-81,Not found,184,Not found,FW,Right,2009-2010,27 years,Leicester City,2009,first scrap players fbref
https://fbref.com/en/players/a46472d0/Lamine-Kone,57420,Lamine Koné,Not found,1-Feb-89,Not found,189,Côte d'Ivoire ci  Other: France,"DF (CB, right)",Right,2009-2010,20 years,Châteauroux,2009,first scrap players fbref
https://fbref.com/en/players/70eb7e9d/Florin-Gardos,57423,Florin Gardoș,Not found,29-Oct-88,Not found,194,Romania,DF-MF (CB-DM),Right,2010-2011,21 years,Steaua,2010,first scrap players fbref
https://fbref.com/en/players/20573d10/Mapou-Yanga-Mbiwa,57480,Mapou Yanga-Mbiwa,Not found,"May 15, 1989 (Age: 36-194d)","Bangui, Central African Republic",184,France fr  Other: Central African Republic,DF (CB),Right,2009-2010,20 years,Montpellier,2009,first scrap players fbref
https://fbref.com/en/players/9db762f1/Simon-Dawkins,57488,Simon Dawkins,Not found,1-Dec-87,Not found,178,Jamaica jm  Other: England,FW-MF,Right,2008-2009,20 years,Leyton Orient,2008,first scrap players fbref
https://fbref.com/en/players/53cad200/Cesar-Azpilicueta,57500,César Azpilicueta,Not found,"August 28, 1989 (Age: 36-089d)","Pamplona, Spain",178,Spain,"DF-MF (CB-FB, right)",Right,2006-2007,16 years,Osasuna,2006,first scrap players fbref
https://fbref.com/en/players/83a2bb30/Aly-Cissokho,57515,Aly Cissokho,Not found,"September 15, 1987 (Age: 38-071d)","Blois, France",182,France,"DF (FB, left)",Left,2008-2009,20 years,Vitória Setúbal,2008,first scrap players fbref
https://fbref.com/en/players/7570ed49/Federico-Bessone,57973,Federico Bessone,Not found,23-Jan-84,Not found,178,Not found,"DF (FB, left)",Left,2007-2008,23 years,Gimnàstic,2007,first scrap players fbref
https://fbref.com/en/players/6d60be73/Steven-Mouyokolo,58188,Steven Mouyokolo,Not found,24-Jan-87,Not found,190,Not found,DF (CB),Not found,2009-2010,22 years,Hull City,2009,first scrap players fbref
https://fbref.com/en/players/ecbb3fdf/Andre-Schurrle,58205,André Schürrle,Not found,6-Nov-90,Not found,183,Germany,FW-MF (WM),Right,2009-2010,18 years,Mainz 05,2009,first scrap players fbref
https://fbref.com/en/players/58df81fc/Wilson-Palacios,58361,Wilson Palacios,Not found,29-Jul-84,Not found,178,Honduras,MF (DM),Right,2007-2008,23 years,Birmingham City,2007,first scrap players fbref
https://fbref.com/en/players/ad6295d4/Miguel-Layun,58576,Miguel Layún,Not found,25-Jun-88,Not found,179,Mexico,"DF-MF (FB-WM, right)",Right,2007-2008,19 years,Veracruz,2007,first scrap players fbref
https://fbref.com/en/players/33af5b9e/Junior-Hoilett,58993,Junior Hoilett,Not found,"June 5, 1990 (Age: 35-173d)","Brampton, Ontario, Canada",174,Canada,FW-MF (AM-WM),Right,2007-2008,17 years,Paderborn 07,2007,first scrap players fbref
https://fbref.com/en/players/440c84ed/Iago-Falque,59340,Iago Falque,Not found,4-Jan-90,Not found,174,Spain,FW-MF (AM-WM),Left,2010-2011,20 years,Villarreal B,2010,first scrap players fbref
https://fbref.com/en/players/7ba6d84e/David-de-Gea,59377,David de Gea,Not found,"November 7, 1990 (Age: 35-018d)","Madrid, Spain",192,Spain,GK,Right,2009-2010,18 years,Atlético Madrid,2009,first scrap players fbref
https://fbref.com/en/players/89e4b358/Craig-Cathcart,59606,Craig Cathcart,Not found,6-Feb-89,Not found,188,Northern Ireland nir,DF (CB),Right,2008-2009,19 years,Plymouth Argyle,2008,first scrap players fbref
https://fbref.com/en/players/5b54bf3b/Nacer-Chadli,59631,Nacer Chadli,Not found,2-Aug-89,Not found,187,Belgium,FW-MF (AM-WM),Right,2007-2008,17 years,AGOVV,2007,first scrap players fbref
https://fbref.com/en/players/549c6ba7/Franco-Di-Santo,59783,Franco Di Santo,Not found,7-Apr-89,Not found,193,Argentina,FW,Right,2008-2009,19 years,Chelsea,2008,first scrap players fbref
https://fbref.com/en/players/e726e11e/Victor-Moses,59866,Victor Moses,Not found,12-Dec-90,Not found,177,Nigeria ng  Other: England,"DF-FW-MF (AM-DM-WM, right)",Right,2007-2008,16 years,Crystal Palace,2007,first scrap players fbref
https://fbref.com/en/players/d4133fa1/Yann-MVila,60573,Yann M'Vila,Not found,"June 29, 1990 (Age: 35-149d)","Amiens, France",182,France,MF (CM-DM),Right,2009-2010,19 years,Dijon,2009,first scrap players fbref
https://fbref.com/en/players/8320d584/Yannick-Sagbo,60591,Yannick Sagbo,Not found,12-Apr-88,Not found,183,Côte d'Ivoire ci  Other: France,FW,Right,2008-2009,20 years,Monaco,2008,first scrap players fbref
https://fbref.com/en/players/6b994195/Kevin-Theophile-Catherine,60603,Kévin Théophile-Catherine,Not found,"October 28, 1989 (Age: 36-028d)","Saint-Brieuc, France",183,France fr  Other: Martinique,DF (CB-FB),Right,2009-2010,19 years,Rennes,2009,first scrap players fbref
https://fbref.com/en/players/45da6694/Daryl-Janmaat,60744,Daryl Janmaat,Not found,22-Jul-89,Not found,185,Netherlands,"DF (CB-FB, right)",Right,2007-2008,18 years,ADO Den Haag,2007,first scrap players fbref
https://fbref.com/en/players/563a68ad/Gary-Medel,60889,Gary Medel,Not found,"August 3, 1987 (Age: 38-114d)","Santiago, Chile",171,Chile,DF-MF (CB-DM),Right,2010-2011,22 years,Sevilla,2010,first scrap players fbref
https://fbref.com/en/players/7027738f/Jem-Karacan,61447,Jem Karacan,Not found,21-Feb-89,Not found,178,Turkey tr  Other: England,MF (DM),Both,2007-2008,18 years,Bournemouth,2007,first scrap players fbref
https://fbref.com/en/players/1ccbca79/Hope-Akpan,61559,Hope Akpan,Not found,14-Aug-91,Not found,180,Nigeria ng  Other: England,MF (CM),Right,2010-2011,18 years,Hull City,2010,first scrap players fbref
https://fbref.com/en/players/b827d5b3/Marc-Albrighton,61560,Marc Albrighton,Not found,18-Nov-89,Not found,175,England eng,DF-FW-MF (AM-WM),Right,2009-2010,19 years,Aston Villa,2009,first scrap players fbref
https://fbref.com/en/players/9469fb13/Barry-Bannan,61561,Barry Bannan,Not found,"December 1, 1989 (Age: 35-359d)","Airdrie, Scotland, United Kingdom",169,Scotland sct,"MF (AM-CM-DM, left)",Left,2008-2009,18 years,Derby County,2008,first scrap players fbref
https://fbref.com/en/players/0566f8a9/Jack-Collison,61568,Jack Collison,Not found,2-Oct-88,Not found,183,Wales wls  Other: England,MF,Not found,2007-2008,18 years,West Ham,2007,first scrap players fbref
https://fbref.com/en/players/3d5db1eb/Chris-Herd,61572,Chris Herd,Not found,4-Apr-89,Not found,173,Australia,DF-MF,Right,2007-2008,18 years,Wycombe,2007,first scrap players fbref
https://fbref.com/en/players/9306d5ea/Jonathan-Hogg,61573,Jonathan Hogg,Not found,"December 6, 1988 (Age: 36-354d)","Middlesbrough, England, United Kingdom",170,Not found,MF (CM-DM),Right,2009-2010,20 years,Darlington,2009,first scrap players fbref
https://fbref.com/en/players/7636a420/Eric-Lichaj,61575,Eric Lichaj,Not found,17-Nov-88,Not found,180,United States,"DF (FB, right)",Right,2009-2010,20 years,Leyton Orient,2009,first scrap players fbref
https://fbref.com/en/players/b7f8b1fc/Eunan-OKane,61583,Eunan O'Kane,Not found,10-Jul-90,Not found,168,Republic of Ireland ie  Other: Northern Ireland,MF,Left,2009-2010,19 years,Torquay United,2009,first scrap players fbref
https://fbref.com/en/players/f7780381/Jordan-Spence,61588,Jordan Spence,Not found,24-May-90,Not found,182,England eng,"DF (FB, right)",Right,2008-2009,18 years,Leyton Orient,2008,first scrap players fbref
https://fbref.com/en/players/e7ca0439/James-Tomkins,61592,James Tomkins,Not found,29-Mar-89,Not found,190,England eng,"DF-MF (CB-DM, right)",Right,2007-2008,18 years,West Ham,2007,first scrap players fbref
https://fbref.com/en/players/4c2e7e85/Ryan-McGivern,61632,Ryan McGivern,Not found,8-Jan-90,Not found,188,Northern Ireland nir,DF,Right,2008-2009,18 years,Morecambe,2008,first scrap players fbref
https://fbref.com/en/players/2bae5658/Emmanuel-Riviere,61637,Emmanuel Rivière,Not found,"March 3, 1990 (Age: 35-267d)","Le Lamentin, Martinique",182,France fr  Other: Martinique,FW,Right,2008-2009,18 years,Saint-Étienne,2008,first scrap players fbref
https://fbref.com/en/players/963a9201/Jack-Colback,61644,Jack Colback,Not found,24-Oct-89,Not found,176,England eng,"DF-MF (DM, left)",Left,2009-2010,19 years,Ipswich Town,2009,first scrap players fbref
https://fbref.com/en/players/28a7e81c/Jordan-Cook,61646,Jordan Cook,Not found,20-Mar-90,Not found,175,Not found,FW,Right,2009-2010,19 years,Darlington,2009,first scrap players fbref
https://fbref.com/en/players/935e6b8f/Jordan-Henderson,61651,Jordan Henderson,Not found,"June 17, 1990 (Age: 35-161d)","Sunderland, England, United Kingdom",182,England eng,"MF (CM-DM-WM, right)",Right,2008-2009,18 years,Coventry City,2008,first scrap players fbref
https://fbref.com/en/players/8ebea784/Martyn-Waghorn,61674,Martyn Waghorn,Not found,"January 23, 1990 (Age: 35-306d)","South Shields, England, United Kingdom",176,England eng,FW-MF (AM),Left,2007-2008,17 years,Sunderland,2007,first scrap players fbref
https://fbref.com/en/players/1a5dbcc2/Callum-McManaman,61711,Callum McManaman,Not found,"April 25, 1991 (Age: 34-214d)","Whiston, England, United Kingdom",174,England eng,"FW-MF (AM-WM, right)",Right,2008-2009,17 years,Wigan Athletic,2008,first scrap players fbref
https://fbref.com/en/players/9d107085/Charlie-Daniels,61819,Charlie Daniels,Not found,7-Sep-86,Not found,178,Not found,"DF-MF (FB, left)",Left,2006-2007,19 years,Chesterfield,2006,first scrap players fbref
https://fbref.com/en/players/b98570d1/Jake-Livermore,61832,Jake Livermore,Not found,14-Nov-89,Not found,175,England eng,MF (CM-DM),Right,2007-2008,17 years,MK Dons,2007,first scrap players fbref
https://fbref.com/en/players/c8fac933/Ryan-Mason,61834,Ryan Mason,Not found,13-Jun-91,Not found,175,England eng,MF,Right,2009-2010,18 years,Yeovil Town,2009,first scrap players fbref
https://fbref.com/en/players/20b104bc/Adam-Smith,61841,Adam Smith,Not found,"April 29, 1991 (Age: 34-210d)","London, England, United Kingdom",174,England eng,"DF-MF (FB, right)",Right,2009-2010,18 years,Wycombe,2009,first scrap players fbref
https://fbref.com/en/players/b28bbd58/Andros-Townsend,61842,Andros Townsend,Not found,"July 16, 1991 (Age: 34-132d)","Leytonstone, England, United Kingdom",183,England eng,"FW-MF (AM-WM, right)",Left,2008-2009,17 years,Yeovil Town,2008,first scrap players fbref
https://fbref.com/en/players/e14daddc/Federico-Macheda,61887,Federico Macheda,Not found,"August 22, 1991 (Age: 34-095d)","Rome, Italy",184,Italy,FW,Right,2008-2009,16 years,Manchester Utd,2008,first scrap players fbref
https://fbref.com/en/players/7f4f3e49/Mame-Biram-Diouf,62049,Mame Biram Diouf,Not found,"December 16, 1987 (Age: 37-344d)",Senegal,185,Senegal,FW-MF,Right,2008,20 years,Molde,Not found,first scrap players fbref
https://fbref.com/en/players/a0f6ddc3/Shane-Ferguson,62052,Shane Ferguson,Not found,"July 12, 1991 (Age: 34-136d)","Derry, Northern Ireland, United Kingdom",176,Northern Ireland nir,"DF-MF (FB-WM, left)",Left,2010-2011,19 years,Newcastle Utd,2010,first scrap players fbref
https://fbref.com/en/players/be765073/James-Tavernier,62094,James Tavernier,Not found,"October 31, 1991 (Age: 34-025d)","Bradford, England, United Kingdom",182,Not found,"DF (FB, right)",Right,2010-2011,18 years,Gateshead,2010,first scrap players fbref
https://fbref.com/en/players/03622183/Odion-Ighalo,62121,Odion Ighalo,Not found,"June 16, 1989 (Age: 36-162d)","Lagos, Nigeria",188,Nigeria,FW,Right,2007,17 years,Lyn,Not found,first scrap players fbref
https://fbref.com/en/players/d8524b21/Maynor-Figueroa,62240,Maynor Figueroa,Not found,2-May-83,Not found,180,Honduras,"DF (CB-FB, left)",Left,2007-2008,24 years,Wigan Athletic,2007,first scrap players fbref
https://fbref.com/en/players/bf53ebe9/Hendry-Thomas,62275,Hendry Thomas,Not found,23-Feb-85,Not found,180,Honduras,MF (DM),Not found,2009-2010,24 years,Wigan Athletic,2009,first scrap players fbref
https://fbref.com/en/players/b18af9e3/Nathan-Baker,62638,Nathan Baker,Not found,23-Apr-91,Not found,191,England eng,"DF (CB-FB, left)",Left,2009-2010,18 years,Lincoln City,2009,first scrap players fbref
https://fbref.com/en/players/49ae4072/Nathan-Delfouneso,62642,Nathan Delfouneso,Not found,2-Feb-91,Not found,185,England eng,FW-MF,Right,2008-2009,17 years,Aston Villa,2008,first scrap players fbref
https://fbref.com/en/players/52105203/Scott-Dann,62688,Scott Dann,Not found,14-Feb-87,Not found,188,England eng,DF (CB),Right,2004-2005,17 years,Walsall,2004,first scrap players fbref
https://fbref.com/en/players/2691c772/Ashley-Barnes,63200,Ashley Barnes,Not found,"October 30, 1989 (Age: 36-026d)","Bath, England, United Kingdom",183,England eng  Other: Austria,FW-MF,Right,2007-2008,17 years,Salisbury City,2007,first scrap players fbref
https://fbref.com/en/players/701d7cac/Kagisho-Dikgacoi,63285,Kagisho Dikgacoi,Not found,24-Nov-84,Not found,180,South Africa,MF (CM-DM),Right,2009-2010,24 years,Fulham,2009,first scrap players fbref
https://fbref.com/en/players/3cefa66a/Leroy-Fer,63342,Leroy Fer,Not found,"January 5, 1990 (Age: 35-324d)","Zoetermeer, Netherlands",188,Netherlands,MF (CM-DM),Right,2007-2008,17 years,Feyenoord,2007,first scrap players fbref
https://fbref.com/en/players/5acc4a10/Etienne-Capoue,63494,Étienne Capoue,Not found,11-Jul-88,Not found,189,France,MF (CM-DM),Right,2007-2008,19 years,Toulouse,2007,first scrap players fbref
https://fbref.com/en/players/e2533c20/Aron-Gunnarsson,63821,Aron Gunnarsson,Not found,"April 22, 1989 (Age: 36-217d)","Akureyri, Iceland",178,Iceland,DF-MF (CM-DM-FB-WM),Right,2007-2008,18 years,AZ Alkmaar,2007,first scrap players fbref
https://fbref.com/en/players/979d0640/Libor-Kozak,63824,Libor Kozák,Not found,30-May-89,Not found,193,Czech Republic,FW,Right,2008-2009,19 years,Lazio,2008,first scrap players fbref
https://fbref.com/en/players/f519b556/Brown-Ideye,64308,Brown Ideye,Not found,"October 10, 1988 (Age: 37-046d)","Lagos, Nigeria",180,Nigeria,FW,Right,2007-2008,18 years,Xamax,2007,first scrap players fbref
https://fbref.com/en/players/e054ee4e/Orlando-Sa,64535,Orlando Sá,Not found,26-May-88,Not found,188,Portugal,FW,Right,2008-2009,20 years,Braga,2008,first scrap players fbref
https://fbref.com/en/players/5f1d07f6/Timm-Klose,65255,Timm Klose,Not found,9-May-88,Not found,193,Switzerland ch  Other: Germany,DF (CB),Right,2010-2011,22 years,Thun,2010,first scrap players fbref
https://fbref.com/en/players/3ca7254a/Pedro,65278,Pedro,Not found,"July 28, 1987 (Age: 38-131d)","Santa Cruz de Tenerife, Spain",167,Spain,"FW-MF (AM-WM, right)",Right,2007-2008,20 years,Barcelona,2007,players corrected fbref
https://fbref.com/en/players/82e34b69/Troy-Deeney,65477,Troy Deeney,Not found,29-Jun-88,Not found,183,Not found,FW,Right,2006-2007,18 years,Walsall,2006,first scrap players fbref
https://fbref.com/en/players/fb2dec57/Hal-Robson-Kanu,65976,Hal Robson-Kanu,Not found,21-May-89,Not found,183,Wales wls  Other: England,FW-MF (AM-WM),Left,2007-2008,18 years,Southend United,2007,first scrap players fbref
https://fbref.com/en/players/4b511457/Oriol-Romeu,66100,Oriol Romeu,Not found,24-Sep-91,Not found,183,Spain,MF (CM-DM),Right,2010-2011,18 years,Barcelona B,2010,first scrap players fbref
https://fbref.com/en/players/e860c42f/Kyle-Naughton,66219,Kyle Naughton,Not found,17-Nov-88,Not found,180,England eng,DF (CB-FB),Right,2007-2008,18 years,Gretna,2007,first scrap players fbref
https://fbref.com/en/players/615ef733/Ahmed-Elmohamady,66333,Ahmed Elmohamady,Not found,9-Sep-87,Not found,182,Egypt,"DF-MF (FB-WM, right)",Right,2010-2011,22 years,Sunderland,2010,first scrap players fbref
https://fbref.com/en/players/93ee387c/Angel-Rangel,66550,Àngel Rangel,Not found,28-Oct-82,Not found,188,Not found,"DF (FB, right)",Right,2007-2008,24 years,Swansea City,2007,players corrected fbref
https://fbref.com/en/players/8d3c902d/Cheikhou-Kouyate,66934,Cheikhou Kouyaté,Not found,"December 21, 1989 (Age: 35-339d)",Senegal,193,Senegal,DF-MF (CB-CM-DM),Right,2007-2008,17 years,Brussels,2007,first scrap players fbref
https://fbref.com/en/players/ce5143da/Danny-Welbeck,67063,Danny Welbeck,Not found,"November 26, 1990 (Age: 34-364d)","Manchester, England, United Kingdom",185,England eng,FW-MF (WM),Right,2008-2009,17 years,Manchester Utd,2008,first scrap players fbref
https://fbref.com/en/players/29b8c15b/Zavon-Hines,67081,Zavon Hines,Not found,27-Dec-88,Not found,178,England eng  Other: Jamaica,FW-MF (WM),Not found,2007-2008,18 years,Coventry City,2007,first scrap players fbref
https://fbref.com/en/players/9b2c7f55/Aaron-Wilbraham,67202,Aaron Wilbraham,Not found,21-Oct-79,Not found,191,Not found,FW,Right,2000,20 years,Moss,Not found,first scrap players fbref
https://fbref.com/en/players/0bad4516/Ryan-Bennett,67252,Ryan Bennett,Not found,6-Mar-90,Not found,188,England eng,DF (CB),Right,2006-2007,16 years,Grimsby Town,2006,first scrap players fbref
https://fbref.com/en/players/d822a850/Ben-Hamer,67283,Ben Hamer,Not found,"November 20, 1987 (Age: 38-005d)","Chard, England, United Kingdom",180,Not found,GK,Right,2006-2007,18 years,Crawley Town,2006,first scrap players fbref
https://fbref.com/en/players/24952f1e/Russell-Martin,67303,Russell Martin,Not found,4-Jan-86,Not found,183,Scotland sct  Other: England,DF (CB),Right,2004-2005,18 years,Wycombe,2004,first scrap players fbref
https://fbref.com/en/players/b31af577/Anthony-Pilkington,67322,Anthony Pilkington,Not found,6-Jun-88,Not found,183,Republic of Ireland ie  Other: England,FW-MF (AM-WM),Both,2006-2007,18 years,Stockport,2006,first scrap players fbref
https://fbref.com/en/players/dc168826/David-Stockdale,67339,David Stockdale,Not found,20-Sep-85,Not found,191,Not found,GK,Right,2002-2003,16 years,York City,2002,first scrap players fbref
https://fbref.com/en/players/d4c01c38/Marc-Tierney,67346,Marc Tierney,Not found,23-Aug-85,Not found,183,Not found,"DF (FB, left)",Not found,2003-2004,17 years,Oldham Athletic,2003,first scrap players fbref
https://fbref.com/en/players/a498e276/Ashley-Williams,67355,Ashley Williams,Not found,23-Aug-84,Not found,183,Wales wls  Other: England,DF (CB),Right,2003-2004,18 years,Stockport,2003,first scrap players fbref
https://fbref.com/en/players/d4e7c451/Nick-Blackman,67369,Nick Blackman,Not found,11-Nov-89,Not found,188,Not found,FW-MF,Right,2006-2007,16 years,Macclesfield,2006,first scrap players fbref
https://fbref.com/en/players/c2f9d19f/Neil-Taylor,67416,Neil Taylor,Not found,7-Feb-89,Not found,175,Wales wls,"DF-MF (FB, left)",Left,2007-2008,18 years,Wrexham,2007,first scrap players fbref
https://fbref.com/en/players/18e96f64/Kyle-Bartley,67421,Kyle Bartley,Not found,"May 22, 1991 (Age: 34-187d)","Stockport, England, United Kingdom",191,England eng,DF (CB),Right,2009-2010,18 years,Sheffield Utd,2009,first scrap players fbref
https://fbref.com/en/players/ecd8c01e/Ruben-Rochina,67548,Rubén Rochina,Not found,23-Mar-91,Not found,182,Spain,FW-MF,Left,2010-2011,19 years,Barcelona B,2010,first scrap players fbref
https://fbref.com/en/players/ecb2f4e3/Rafik-Halliche,67815,Rafik Halliche,Not found,2-Sep-86,Not found,187,Algeria,DF (CB),Right,2007-2008,20 years,Nacional,2007,first scrap players fbref
https://fbref.com/en/players/58591790/Bruno-Perone,67996,Bruno Perone,Not found,6-Jul-87,Not found,191,Not found,DF-MF (CB-DM),Right,2011-2012,24 years,QPR,2011,first scrap players fbref
https://fbref.com/en/players/8ea6417a/David-Meyler,68183,David Meyler,Not found,29-May-89,Not found,189,Republic of Ireland,MF,Right,2009-2010,20 years,Sunderland,2009,first scrap players fbref
https://fbref.com/en/players/b5cae4e6/Alberto-Paloschi,68306,Alberto Paloschi,Not found,4-Jan-90,Not found,182,Italy,FW,Right,2007-2008,17 years,Milan,2007,first scrap players fbref
https://fbref.com/en/players/70c3608c/Conor-Sammon,68331,Conor Sammon,Not found,"November 6, 1986 (Age: 39-019d)","Dublin, Republic of Ireland",188,Republic of Ireland,FW,Right,2008-2009,21 years,Kilmarnock,2008,first scrap players fbref
https://fbref.com/en/players/0420d84f/Seamus-Coleman,68390,Séamus Coleman,Not found,"October 11, 1988 (Age: 37-045d)","Donegal, Republic of Ireland",177,Republic of Ireland,"DF-MF (CB-FB, right)",Right,2009-2010,20 years,Blackpool,2009,first scrap players fbref
https://fbref.com/en/players/1858bbf7/Giedrius-Arlauskis,69001,Giedrius Arlauskis,Not found,1-Dec-87,Not found,184,Lithuania,GK,Left,2007-2008,19 years,Unirea Urziceni,2007,first scrap players fbref
https://fbref.com/en/players/883f251e/Lacina-Traore,69006,Lacina Traoré,Not found,20-May-90,Not found,203,Côte d'Ivoire,FW,Left,2008-2009,18 years,CFR Cluj,2008,first scrap players fbref
https://fbref.com/en/players/ab77f2d9/Jose-Canas,69609,José Cañas,Not found,"May 27, 1987 (Age: 38-193d)","Rota, Spain",177,Not found,MF (DM),Right,2008-2009,21 years,Betis,2008,players corrected fbref
https://fbref.com/en/players/980522ec/Christian-Eriksen,69633,Christian Eriksen,Not found,"February 14, 1992 (Age: 33-284d)","Middelfart, Denmark",177,Denmark,FW-MF (AM-CM-DM),Right,2009-2010,17 years,Ajax,2009,first scrap players fbref
https://fbref.com/en/players/3d383df8/Garath-McCleary,69653,Garath McCleary,Not found,"May 15, 1987 (Age: 38-194d)","Oxford, England, United Kingdom",188,Jamaica jm  Other: England,FW-MF (AM-WM),Right,2007-2008,20 years,Nott'ham Forest,2007,first scrap players fbref
https://fbref.com/en/players/393a257c/Ondrej-Celustka,70131,Ondřej Čelůstka,Not found,18-Jun-89,Not found,185,Czech Republic,DF (CB-FB),Right,2009-2010,20 years,Palermo,2009,first scrap players fbref
https://fbref.com/en/players/174f09a6/Ignasi-Miquel,70245,Ignasi Miquel,Not found,"September 28, 1992 (Age: 33-058d)","Barcelona, Spain",193,Spain,"DF (CB, left)",Left,2011-2012,18 years,Arsenal,2011,first scrap players fbref
https://fbref.com/en/players/07059b2e/Freddie-Sears,70714,Freddie Sears,Not found,"November 27, 1989 (Age: 35-363d)","Hornchurch, England, United Kingdom",170,England eng,FW-MF,Right,2007-2008,17 years,West Ham,2007,first scrap players fbref
https://fbref.com/en/players/98429b7b/Michu,70789,Michu,Not found,21-Mar-86,Not found,185,Spain,FW-MF (AM),Left,2007-2008,21 years,Celta Vigo,2007,first scrap players fbref
https://fbref.com/en/players/b7d082af/Mohamed-Diame,70950,Mohamed Diamé,Not found,14-Jun-87,Not found,185,Senegal sn  Other: France,MF (AM-CM-DM),Right,2008-2009,21 years,Rayo Vallecano,2008,first scrap players fbref
https://fbref.com/en/players/3b3d4028/Luciano-Becchio,71020,Luciano Becchio,Not found,28-Dec-83,Not found,187,Not found,FW,Left,2004-2005,20 years,Ciudad Murcia,2004,first scrap players fbref
https://fbref.com/en/players/60b7c195/Roger-Espinoza,71096,Roger Espinoza,Not found,25-Oct-86,Not found,181,Honduras,"DF-MF (CM-DM-FB-WM, right)",Left,2008,21 years,KC Wizards,Not found,first scrap players fbref
https://fbref.com/en/players/adb6ae24/Brek-Shea,71107,Brek Shea,Not found,28-Feb-90,Not found,191,United States,"DF-FW-MF (AM-WM, left)",Left,2008,17 years,FC Dallas,Not found,first scrap players fbref
https://fbref.com/en/players/f76e6b4e/Adrian,71271,Adrián,Not found,"January 3, 1987 (Age: 38-337d)","Sevilla, Spain",190,Not found,GK,Right,2012-2013,25 years,Betis,2012,players corrected fbref
https://fbref.com/en/players/3727dd3c/Jonjo-Shelvey,71292,Jonjo Shelvey,Not found,27-Feb-92,Not found,183,England eng,MF (CM-DM),Right,2007-2008,15 years,Charlton Ath,2007,first scrap players fbref
https://fbref.com/en/players/7dcf86f6/Iago-Aspas,72047,Iago Aspas,Not found,"August 1, 1987 (Age: 38-116d)","Moaña, Spain",176,Spain,FW-MF,Left,2010-2011,22 years,Celta Vigo,2010,first scrap players fbref
https://fbref.com/en/players/47e41ec8/Marcus-Olsson,72264,Marcus Olsson,Not found,"May 17, 1988 (Age: 37-192d)","Gävle, Sweden",180,Sweden,"DF-FW-MF (FB-WM, left)",Left,2008,19 years,Halmstad,Not found,first scrap players fbref
https://fbref.com/en/players/abb3bb95/Luuk-de-Jong,72522,Luuk de Jong,Not found,"August 27, 1990 (Age: 35-090d)","Aigle, Switzerland",188,Netherlands nl  Other: Switzerland,FW,Right,2008-2009,17 years,De Graafschap,2008,first scrap players fbref
https://fbref.com/en/players/f716e4e4/Nelson-Oliveira,72768,Nélson Oliveira,Not found,"August 8, 1991 (Age: 34-109d)","Barcelos, Portugal",186,Portugal,FW,Right,2009-2010,17 years,Rio Ave,2009,first scrap players fbref
https://fbref.com/en/players/f512a009/Jo-Inge-Berget,73323,Jo Inge Berget,Not found,"September 11, 1990 (Age: 35-075d)","Hadeland, Norway",186,Norway,FW-MF (AM),Right,2007,16 years,Lyn,Not found,first scrap players fbref
https://fbref.com/en/players/82b1198a/David-Ospina,73396,David Ospina,Not found,"August 31, 1988 (Age: 37-086d)","Medellín, Colombia",183,Colombia,GK,Right,2008-2009,19 years,Nice,2008,first scrap players fbref
https://fbref.com/en/players/f6799cd2/Ben-Amos,73472,Ben Amos,Not found,"April 10, 1990 (Age: 35-229d)","Macclesfield, England, United Kingdom",185,England eng,GK,Right,2009-2010,19 years,P'borough Utd,2009,first scrap players fbref
https://fbref.com/en/players/a772eba6/James-Chester,73482,James Chester,Not found,"January 23, 1989 (Age: 36-306d)","Warrington, England, United Kingdom",177,Wales wls  Other: England,DF (CB),Right,2008-2009,19 years,P'borough Utd,2008,first scrap players fbref
https://fbref.com/en/players/6cdd8245/Tom-Cleverley,73484,Tom Cleverley,Not found,12-Aug-89,Not found,175,England eng,MF (CM),Right,2008-2009,18 years,Leicester City,2008,first scrap players fbref
https://fbref.com/en/players/2649ff32/Danny-Drinkwater,73491,Danny Drinkwater,Not found,5-Mar-90,Not found,178,England eng,MF (CM-DM),Right,2009-2010,19 years,Huddersfield,2009,first scrap players fbref
https://fbref.com/en/players/ebd0a048/Matty-James,73522,Matty James,Not found,"July 22, 1991 (Age: 34-126d)","Bacup, England, United Kingdom",178,England eng,MF (CM-DM),Right,2009-2010,18 years,Preston,2009,first scrap players fbref
https://fbref.com/en/players/c7526c18/Steven-Nzonzi,73734,Steven Nzonzi,Not found,"December 15, 1988 (Age: 36-345d)","La Garenne-Colombes, France",197,France,MF (CM-DM),Right,2009-2010,20 years,Blackburn,2009,first scrap players fbref
https://fbref.com/en/players/afabf74e/Pablo-Armero,73786,Pablo Armero,Not found,2-Nov-86,Not found,174,Colombia,"DF-MF (FB-WM, left)",Left,2010-2011,23 years,Udinese,2010,first scrap players fbref
https://fbref.com/en/players/42f4f848/Declan-Rudd,74088,Declan Rudd,Not found,16-Jan-91,Not found,191,England eng,GK,Right,2009-2010,18 years,Norwich City,2009,first scrap players fbref
https://fbref.com/en/players/9c318325/Jack-Wilshere,74223,Jack Wilshere,Not found,1-Jan-92,Not found,172,England eng,MF,Left,2008-2009,16 years,Arsenal,2008,first scrap players fbref
https://fbref.com/en/players/4db76f57/Marc-Muniesa,74228,Marc Muniesa,Not found,"March 27, 1992 (Age: 33-243d)","Lloret de Mar, Spain",181,Spain,"DF-MF (CB-DM-FB, left)",Left,2008-2009,16 years,Barcelona,2008,first scrap players fbref
https://fbref.com/en/players/5b1bf5e3/Gael-Kakuta,74297,Gaël Kakuta,Not found,"June 21, 1991 (Age: 34-157d)","Lille, France",173,Congo DR cd  Other: France,FW-MF (AM-WM),Left,2009-2010,18 years,Chelsea,2009,first scrap players fbref
https://fbref.com/en/players/eb7822d7/Nemanja-Matic,74683,Nemanja Matić,Not found,"August 1, 1988 (Age: 37-116d)","Šabac, Serbia",194,Serbia,MF (CM-DM),Left,2009-2010,20 years,Chelsea,2009,first scrap players fbref
https://fbref.com/en/players/f75825e3/Adlene-Guedioura,74768,Adlène Guedioura,Not found,12-Nov-85,Not found,183,Algeria dz  Other: France,MF (CM),Both,2008-2009,22 years,Kortrijk,2008,first scrap players fbref
https://fbref.com/en/players/8df7a2fb/Ben-Mee,74810,Ben Mee,Not found,"September 21, 1989 (Age: 36-065d)","Sale, England, United Kingdom",180,England eng,"DF (CB, left)",Left,2010-2011,20 years,Leicester City,2010,first scrap players fbref
https://fbref.com/en/players/a6951bf8/Francis-Coquelin,74869,Francis Coquelin,Not found,"May 13, 1991 (Age: 34-196d)","Laval, France",178,France,DF-MF (CM-DM-FB),Right,2010-2011,19 years,Lorient,2010,first scrap players fbref
https://fbref.com/en/players/c49afee6/Seydou-Doumbia,75287,Seydou Doumbia,Not found,31-Dec-87,Not found,179,Côte d'Ivoire,FW,Both,2008-2009,20 years,Young Boys,2008,first scrap players fbref
https://fbref.com/en/players/7214c684/Radosav-Petrovic,75296,Radosav Petrović,Not found,"March 8, 1989 (Age: 36-262d)","Ub, Serbia",193,Serbia,DF-MF (DM),Right,2008-2009,19 years,Partizan,2008,first scrap players fbref
https://fbref.com/en/players/715fc0fe/Yannick-Bolasie,75471,Yannick Bolasie,Not found,"May 24, 1989 (Age: 36-185d)","Lyon, France",185,Congo DR cd  Other: France,FW-MF (AM-WM),Right,2008-2009,19 years,R&D,2008,first scrap players fbref
https://fbref.com/en/players/78549904/Kristoffer-Nordfeldt,75890,Kristoffer Nordfeldt,Not found,"June 23, 1989 (Age: 36-155d)","Stockholm, Sweden",190,Sweden,GK,Right,2008,18 years,Brommapojkarna,Not found,first scrap players fbref
https://fbref.com/en/players/92a5ac34/Ricky-Alvarez,76077,Ricky Álvarez,Not found,12-Apr-88,Not found,188,Argentina,MF (AM-WM),Left,2011-2012,23 years,Inter,2011,first scrap players fbref
https://fbref.com/en/players/f5efb153/Laurent-Koscielny,76277,Laurent Koscielny,Not found,10-Sep-85,Not found,186,France,DF (CB),Right,2009-2010,23 years,Lorient,2009,first scrap players fbref
https://fbref.com/en/players/a8f4dfb9/Haris-Vuckic,76560,Haris Vučkić,Not found,"August 21, 1992 (Age: 33-096d)","Ljubljana, Slovenia",185,Slovenia,FW-MF (AM),Both,2009-2010,16 years,Newcastle Utd,2009,first scrap players fbref
https://fbref.com/en/players/a36da810/Abel-Hernandez,76608,Abel Hernández,Not found,"August 8, 1990 (Age: 35-109d)","Pando, Uruguay",185,Uruguay,FW,Left,2008-2009,17 years,Palermo,2008,first scrap players fbref
https://fbref.com/en/players/356a9a62/Miguel-Britos,76799,Miguel Britos,Not found,17-Jul-85,Not found,188,Not found,DF (CB),Left,2008-2009,23 years,Bologna,2008,first scrap players fbref
https://fbref.com/en/players/7bb5f40e/Matt-Phillips,77274,Matt Phillips,Not found,"March 13, 1991 (Age: 34-257d)","Aylesbury, England, United Kingdom",183,Scotland sct  Other: England,DF-FW-MF (AM-WM),Right,2007-2008,16 years,Wycombe,2007,first scrap players fbref
https://fbref.com/en/players/b1929302/Will-Buckley,77329,Will Buckley,Not found,21-Nov-89,Not found,183,Not found,"FW-MF (WM, left)",Both,2007-2008,17 years,Rochdale,2007,first scrap players fbref
https://fbref.com/en/players/8616e501/Dean-Moxey,77559,Dean Moxey,Not found,14-Jan-86,Not found,180,Not found,DF-FW-MF (FB),Left,2006-2007,20 years,Exeter City,2006,first scrap players fbref
https://fbref.com/en/players/7789bf63/Alfred-NDiaye,77737,Alfred N'Diaye,Not found,6-Mar-90,Not found,188,Senegal sn  Other: France,DF-MF (CM-DM),Right,2008-2009,18 years,Nancy,2008,first scrap players fbref
https://fbref.com/en/players/e0900238/Victor-Wanyama,77760,Victor Wanyama,Not found,"June 25, 1991 (Age: 34-153d)","Nairobi, Kenya",188,Kenya,MF (CM-DM),Right,2009-2010,18 years,Beerschot,2009,first scrap players fbref
https://fbref.com/en/players/fa6561bf/Jefferson-Montero,77932,Jefferson Montero,Not found,1-Sep-89,Not found,169,Ecuador,FW-MF (AM-WM),Left,2009-2010,19 years,Villarreal B,2009,first scrap players fbref
https://fbref.com/en/players/d7492450/Martin-Kelly,78959,Martin Kelly,Not found,27-Apr-90,Not found,191,England eng,"DF-MF (CB-FB, right)",Right,2008-2009,18 years,Huddersfield,2008,first scrap players fbref
https://fbref.com/en/players/302560a0/Daniel-Ayala,78966,Daniel Ayala,Not found,7-Nov-90,Not found,190,Spain,DF (CB),Right,2009-2010,18 years,Liverpool,2009,first scrap players fbref
https://fbref.com/en/players/68796d61/Shinji-Okazaki,79642,Shinji Okazaki,Not found,16-Apr-86,Not found,174,Japan,FW-MF,Right,2010-2011,24 years,Stuttgart,2010,first scrap players fbref
https://fbref.com/en/players/09fec029/Sean-Morrison,79723,Sean Morrison,Not found,8-Jan-91,Not found,193,Not found,"DF (CB, right)",Right,2007-2008,16 years,Swindon Town,2007,first scrap players fbref
https://fbref.com/en/players/b318a643/Salomon-Rondon,80197,Salomón Rondón,Not found,"September 16, 1989 (Age: 36-070d)","Caracas, Venezuela",189,Venezuela,FW,Right,2008-2009,18 years,Las Palmas,2008,first scrap players fbref
https://fbref.com/en/players/0ef89a37/Philippe-Coutinho,80444,Philippe Coutinho,Not found,"June 12, 1992 (Age: 33-166d)","Rio de Janeiro, Brazil",172,Brazil,FW-MF (AM-WM),Right,2010-2011,18 years,Inter,2010,first scrap players fbref
https://fbref.com/en/players/274e493e/Craig-Noone,81202,Craig Noone,Not found,17-Nov-87,Not found,173,Not found,FW-MF (AM-WM),Left,2008-2009,20 years,Plymouth Argyle,2008,first scrap players fbref
https://fbref.com/en/players/2c0fbaf5/Juan-Iturbe,81455,Juan Iturbe,Not found,"June 4, 1993 (Age: 32-174d)","Buenos Aires, Argentina",172,Paraguay py  Other: Argentina,FW-MF (AM-WM),Both,2011-2012,18 years,Porto,2011,first scrap players fbref
https://fbref.com/en/players/5afafbfe/Shinji-Kagawa,81785,Shinji Kagawa,Not found,"March 17, 1989 (Age: 36-253d)","Kobe, Japan",175,Japan,FW-MF (AM-CM),Right,2010-2011,21 years,Dortmund,2010,first scrap players fbref
https://fbref.com/en/players/caffaf5a/Maya-Yoshida,81789,Maya Yoshida,Not found,"August 24, 1988 (Age: 37-093d)","Nagasaki-shi, Japan",189,Japan,DF (CB),Right,2010-2011,21 years,VVV-Venlo,2010,first scrap players fbref
https://fbref.com/en/players/1d8c99b0/Ki-Sung-yueng,81796,Ki Sung-yueng,Not found,"January 24, 1989 (Age: 36-305d)","Gwangju, Korea Republic",187,Korea Republic,MF (CM-DM),Right,2009-2010,20 years,Celtic,2009,first scrap players fbref
https://fbref.com/en/players/61abe9b6/Wilfried-Bony,81808,Wilfried Bony,Not found,10-Dec-88,Not found,183,Côte d'Ivoire,FW,Right,2009-2010,20 years,Sparta Prague,2009,first scrap players fbref
https://fbref.com/en/players/6265208f/Joselu,81999,Joselu,Not found,"March 27, 1990 (Age: 35-254d)","Stuttgart, Germany",192,Spain es  Other: Germany,FW,Right,2008-2009,18 years,Celta Vigo,2008,players corrected fbref
https://fbref.com/en/players/8d82551b/Ivo-Pinto,82281,Ivo Pinto,Not found,"January 7, 1990 (Age: 35-322d)","Lourosa, Portugal",184,Portugal,"DF (FB, right)",Right,2009-2010,19 years,Vitória Setúbal,2009,first scrap players fbref
https://fbref.com/en/players/16ceb862/Olivier-Giroud,82442,Olivier Giroud,Not found,"September 30, 1986 (Age: 39-056d)","Chambéry, France",192,France,FW,Left,2009-2010,22 years,Tours,2009,first scrap players fbref
https://fbref.com/en/players/185990eb/Jose-Baxter,82734,Jose Baxter,Not found,7-Feb-92,Not found,180,England eng,FW-MF (AM),Right,2008-2009,16 years,Everton,2008,first scrap players fbref
https://fbref.com/en/players/88c89891/Davide-Santon,84344,Davide Santon,Not found,2-Jan-91,Not found,186,Italy,DF (FB),Right,2008-2009,17 years,Inter,2008,first scrap players fbref
https://fbref.com/en/players/f0fc9d0e/Eder,84481,Éder,Not found,22-Dec-87,Not found,189,Portugal pt  Other: Guinea-Bissau,FW,Both,2008-2009,20 years,Académica,2008,players corrected fbref
https://fbref.com/en/players/1c50f354/Emanuele-Giaccherini,84835,Emanuele Giaccherini,Not found,5-May-85,Not found,167,Italy,FW-MF (AM),Right,2009-2010,24 years,Cesena,2009,first scrap players fbref
https://fbref.com/en/players/0442183b/Nathaniel-Clyne,85177,Nathaniel Clyne,Not found,"April 5, 1991 (Age: 34-234d)","Stockwell, England, United Kingdom",175,England eng,"DF (FB, right)",Right,2008-2009,17 years,Crystal Palace,2008,first scrap players fbref
https://fbref.com/en/players/d70a2141/Jordi-Amat,85289,Jordi Amat,Not found,"March 21, 1992 (Age: 33-249d)","Canet de Mar, Spain",184,Indonesia id  Other: Spain,DF (CB),Right,2009-2010,17 years,Espanyol,2009,first scrap players fbref
https://fbref.com/en/players/57fe98dd/Oscar,85314,Oscar,Not found,"September 9, 1991 (Age: 34-088d)","Americana, Brazil",179,Brazil,FW-MF (AM-CM-WM),Right,2012-2013,20 years,Chelsea,2012,players corrected fbref
https://fbref.com/en/players/f25b010f/Federico-Fernandez,85475,Federico Fernández,Not found,21-Feb-89,Not found,189,Argentina,DF (CB),Right,2011-2012,22 years,Napoli,2011,first scrap players fbref
https://fbref.com/en/players/17d4507a/Enda-Stevens,85706,Enda Stevens,Not found,9-Jul-90,Not found,183,Republic of Ireland,"DF-MF (DM-FB-WM, left)",Left,2012-2013,22 years,Aston Villa,2012,first scrap players fbref
https://fbref.com/en/players/cfc41f7a/Daniel-Lafferty,85928,Daniel Lafferty,Not found,"April 1, 1989 (Age: 36-249d)","Derry, Northern Ireland, United Kingdom",185,Northern Ireland nir,"DF (FB, left)",Left,2009-2010,20 years,Ayr United,2009,players corrected fbref
https://fbref.com/en/players/53538b39/James-McClean,85935,James McClean,Not found,"April 22, 1989 (Age: 36-217d)","Derry, Northern Ireland, United Kingdom",180,Republic of Ireland ie  Other: Northern Ireland,"DF-FW-MF (AM-FB-WM, left)",Left,2011-2012,22 years,Sunderland,2011,first scrap players fbref
https://fbref.com/en/players/6421ec64/Xherdan-Shaqiri,86792,Xherdan Shaqiri,Not found,"October 10, 1991 (Age: 34-046d)","Komuna e Gjilanit, Kosovo",169,Switzerland,FW-MF (AM-WM),Left,2009-2010,17 years,Basel,2009,first scrap players fbref
https://fbref.com/en/players/c15d1af9/Aleksandar-Tonev,87282,Aleksandar Tonev,Not found,3-Feb-90,Not found,178,Bulgaria,MF (AM-WM),Both,2009-2010,19 years,OFC Sliven,2009,first scrap players fbref
https://fbref.com/en/players/f373db50/Valentin-Roberge,87422,Valentin Roberge,Not found,"June 9, 1987 (Age: 38-169d)","Montreuil, France",185,Cyprus cy  Other: France,DF (CB),Left,2008-2009,21 years,Aris,2008,first scrap players fbref
https://fbref.com/en/players/6992791d/Junior-Stanislas,87672,Junior Stanislas,Not found,26-Nov-89,Not found,183,England eng,"FW-MF (WM, left)",Right,2008-2009,18 years,Southend United,2008,first scrap players fbref
https://fbref.com/en/players/594d286e/Alejandro-Faurlin,88067,Alejandro Faurlín,Not found,9-Aug-86,Not found,185,Argentina,MF,Left,2009-2010,22 years,QPR,2009,first scrap players fbref
https://fbref.com/en/players/7c473e12/Dedryck-Boyata,88262,Dedryck Boyata,Not found,28-Nov-90,Not found,188,Belgium,DF (CB-FB),Right,2009-2010,18 years,Manchester City,2009,first scrap players fbref
https://fbref.com/en/players/e465378c/Amine-Linganzi,88596,Amine Linganzi,Not found,16-Nov-89,Not found,186,Congo cg  Other: Algeria,MF (DM),Right,2008-2009,18 years,Saint-Étienne,2008,first scrap players fbref
https://fbref.com/en/players/fbffc4b1/Jeffrey-Bruma,88721,Jeffrey Bruma,Not found,13-Nov-91,Not found,189,Netherlands,DF (CB-FB),Right,2009-2010,17 years,Grimsby Town,2009,first scrap players fbref
https://fbref.com/en/players/161e95ac/Nile-Ranger,88750,Nile Ranger,Not found,"April 11, 1991 (Age: 34-228d)","Wood Green, England, United Kingdom",188,England eng,FW,Right,2009-2010,18 years,Newcastle Utd,2009,first scrap players fbref
https://fbref.com/en/players/e46012d4/Kevin-De-Bruyne,88755,Kevin De Bruyne,Not found,"June 28, 1991 (Age: 34-150d)","Gent, Belgium",181,Belgium,FW-MF (AM-CM-WM),Right,2008-2009,17 years,Genk,2008,first scrap players fbref
https://fbref.com/en/players/5d83b302/Nathan-Eccleston,88983,Nathan Eccleston,Not found,30-Dec-90,Not found,178,England eng,FW,Not found,2009-2010,18 years,Huddersfield,2009,first scrap players fbref
https://fbref.com/en/players/bd603c00/Eduardo-Vargas,89718,Eduardo Vargas,Not found,"November 20, 1989 (Age: 36-016d)","Santiago, Chile",175,Chile,FW-MF (AM-WM),Right,2011-2012,21 years,Napoli,2011,players corrected fbref
https://fbref.com/en/players/564f1536/Roman-Golobart,90273,Román Golobart,Not found,21-Mar-92,Not found,193,Spain,DF (CB),Not found,2011-2012,19 years,Inverness CT,2011,first scrap players fbref
https://fbref.com/en/players/76dd1480/Gylfi-Sigurdsson,90466,Gylfi Sigurðsson,Not found,"September 8, 1989 (Age: 36-078d)","Hafnarfjörður, Iceland",186,Iceland,FW-MF (AM-CM-WM),Right,2008-2009,18 years,Crewe Alexandra,2008,first scrap players fbref
https://fbref.com/en/players/f520049f/Eliaquim-Mangala,90681,Eliaquim Mangala,Not found,13-Feb-91,Not found,188,France,DF (CB),Left,2008-2009,17 years,Standard Liège,2008,first scrap players fbref
https://fbref.com/en/players/3e5e4e63/Steve-Cook,90836,Steve Cook,Not found,"April 19, 1991 (Age: 34-220d)","Hastings, England, United Kingdom",185,Not found,DF-MF (CB),Right,2008-2009,17 years,Brighton,2008,first scrap players fbref
https://fbref.com/en/players/dc936144/Joe-Bennett,90964,Joe Bennett,Not found,28-Mar-90,Not found,177,England eng,"DF-MF (FB, left)",Left,2008-2009,18 years,Middlesbrough,2008,first scrap players fbref
https://fbref.com/en/players/43458538/Joshua-King,91059,Joshua King,Not found,"January 15, 1992 (Age: 33-325d)","Oslo, Norway",180,Norway,FW-MF (AM),Right,2010-2011,18 years,Preston,2010,players corrected fbref
https://fbref.com/en/players/22551915/Cuco-Martina,91251,Cuco Martina,Not found,"September 25, 1989 (Age: 36-061d)","Rotterdam, Netherlands",185,Curaçao cw  Other: Netherlands,DF-MF (CB-FB),Right,2008-2009,18 years,RBC Roosendaal,2008,first scrap players fbref
https://fbref.com/en/players/495945ef/Ashley-Westwood,91317,Ashley Westwood,Not found,"April 1, 1990 (Age: 35-238d)","Nantwich, England, United Kingdom",170,Not found,"MF (CM-DM-WM, right)",Right,2008-2009,18 years,Crewe Alexandra,2008,first scrap players fbref
https://fbref.com/en/players/92e7e919/Son-Heung-min,91845,Son Heung-min,Not found,"July 8, 1992 (Age: 33-140d)","Chuncheon, Korea Republic",183,Korea Republic,FW-MF (AM-WM),Right,2010-2011,18 years,Hamburger SV,2010,first scrap players fbref
https://fbref.com/en/players/82b85f5a/Magaye-Gueye,91956,Magaye Gueye,Not found,6-Jul-90,Not found,179,France fr  Other: Senegal,FW-MF (WM),Left,2009-2010,19 years,Strasbourg,2009,first scrap players fbref
https://fbref.com/en/players/0ab1f153/Juan-Cuadrado,91970,Juan Cuadrado,Not found,"May 26, 1988 (Age: 37-183d)","Bogotá, Colombia",178,Colombia,"DF-FW-MF (AM-FB-WM, right)",Right,2009-2010,21 years,Udinese,2009,first scrap players fbref
https://fbref.com/en/players/09f82c6e/Ryan-Shotton,92109,Ryan Shotton,Not found,30-Oct-88,Not found,191,Not found,"DF-FW-MF (CB-FB-WM, right)",Right,2007-2008,18 years,Altrincham,2007,players corrected fbref
https://fbref.com/en/players/552d1e41/Victor-Ibarbo,92141,Víctor Ibarbo,Not found,19-May-90,Not found,188,Colombia,FW-MF (AM-WM),Right,2011-2012,21 years,Cagliari,2011,first scrap players fbref
https://fbref.com/en/players/acd61628/Sammy-Ameobi,92381,Sammy Ameobi,Not found,1-May-92,Not found,192,England eng,FW-MF (AM-WM),Left,2010-2011,18 years,Newcastle Utd,2010,first scrap players fbref
https://fbref.com/en/players/71ef519e/Matt-Ritchie,92469,Matt Ritchie,Not found,"September 10, 1989 (Age: 36-076d)","Gosport, England, United Kingdom",173,Scotland sct  Other: England,"DF-FW-MF (AM-DM-FB-WM, right)",Left,2008-2009,18 years,Dag & Red,2008,first scrap players fbref
https://fbref.com/en/players/623e9fe1/Denis-Stracqualursi,92544,Denis Stracqualursi,Not found,20-Oct-87,Not found,190,Not found,FW,Not found,2011-2012,23 years,Everton,2011,first scrap players fbref
https://fbref.com/en/players/4f974391/Aaron-Cresswell,92571,Aaron Cresswell,Not found,"December 15, 1989 (Age: 35-345d)","Liverpool, England, United Kingdom",170,England eng,"DF-MF (CB-FB, left)",Left,2008-2009,18 years,Tranmere Rovers,2008,first scrap players fbref
https://fbref.com/en/players/8a7ff278/Joel-Ward,92572,Joel Ward,Not found,29-Oct-89,Not found,188,Not found,"DF-MF (DM-FB, right)",Right,2008-2009,18 years,Bournemouth,2008,first scrap players fbref
https://fbref.com/en/players/524617b5/Emmanuel-Frimpong,93056,Emmanuel Frimpong,Not found,10-Jan-92,Not found,178,Ghana gh  Other: England,MF (DM),Right,2011-2012,19 years,Arsenal,2011,players corrected fbref
https://fbref.com/en/players/e0991c04/Marcos-Rojo,93176,Marcos Rojo,Not found,"March 20, 1990 (Age: 35-250d)","La Plata, Argentina",186,Argentina,"DF (CB-FB, left)",Left,2011-2012,21 years,Spartak Moscow,2011,first scrap players fbref
https://fbref.com/en/players/d0f8d154/Stuart-OKeefe,93626,Stuart O'Keefe,Not found,4-Mar-91,Not found,173,Not found,MF (CM-DM),Right,2008-2009,17 years,Southend United,2008,first scrap players fbref
https://fbref.com/en/players/7ca9f0f0/Muhamed-Besic,93905,Muhamed Bešić,Not found,"September 10, 1992 (Age: 33-076d)","Berlin, Germany",177,Bosnia and Herzegovina ba  Other: Germany,DF-MF (CM-DM),Right,2010-2011,17 years,Hamburger SV,2010,first scrap players fbref
https://fbref.com/en/players/eccbe56a/Filip-Djuricic,94307,Filip Đuričić,Not found,"January 30, 1992 (Age: 33-299d)","Obrenovac, Serbia",181,Serbia,FW-MF (AM),Right,2009-2010,17 years,Heerenveen,2009,first scrap players fbref
https://fbref.com/en/players/8f5a4e15/Jordan-Bowery,94655,Jordan Bowery,Not found,"July 2, 1991 (Age: 34-146d)","Nottingham, England, United Kingdom",185,Saint Kitts and Nevis kn  Other: England,DF-FW-MF,Right,2008-2009,17 years,Chesterfield,2008,first scrap players fbref
https://fbref.com/en/players/6d041dd0/Santiago-Vergini,94783,Santiago Vergini,Not found,3-Aug-88,Not found,191,Argentina,"DF (CB, right)",Right,2013-2014,24 years,Sunderland,2013,first scrap players fbref
https://fbref.com/en/players/86dd77d1/Kyle-Walker,95424,Kyle Walker,Not found,"May 28, 1990 (Age: 35-192d)","Sheffield, England, United Kingdom",178,England eng,"DF-MF (FB, right)",Right,2008-2009,18 years,Northampton,2008,players corrected fbref
https://fbref.com/en/players/41cc19c2/Connor-Wickham,95435,Connor Wickham,Not found,"March 31, 1993 (Age: 32-239d)","Hereford, England, United Kingdom",191,England eng,FW-MF (WM),Right,2008-2009,15 years,Ipswich Town,2008,first scrap players fbref
https://fbref.com/en/players/21512407/Kieran-Trippier,95810,Kieran Trippier,Not found,"September 19, 1990 (Age: 35-067d)","Bury, England, United Kingdom",178,England eng,"DF-MF (FB, right)",Right,2009-2010,18 years,Barnsley,2009,first scrap players fbref
https://fbref.com/en/players/36c2ca73/Alex-McCarthy,95976,Alex McCarthy,Not found,"December 3, 1989 (Age: 35-357d)","Guildford, England, United Kingdom",193,England eng,GK,Right,2007-2008,17 years,Woking,2007,first scrap players fbref
https://fbref.com/en/players/5eae500a/Romelu-Lukaku,96341,Romelu Lukaku,Not found,"May 13, 1993 (Age: 32-196d)","Antwerpen, Belgium",192,Belgium,FW,Left,2009-2010,16 years,Anderlecht,2009,first scrap players fbref
https://fbref.com/en/players/ef5b337e/Fabio-Borini,96754,Fabio Borini,Not found,"March 29, 1991 (Age: 34-241d)","Bentivoglio, Italy",180,Italy,FW-MF (AM),Right,2009-2010,18 years,Chelsea,2009,first scrap players fbref
https://fbref.com/en/players/2b91cf8e/Ciaran-Clark,98240,Ciaran Clark,Not found,26-Sep-89,Not found,188,Republic of Ireland ie  Other: England,"DF-MF (CB, left)",Left,2009-2010,19 years,Aston Villa,2009,first scrap players fbref
https://fbref.com/en/players/99bebd12/John-Guidetti,98596,John Guidetti,Not found,"April 15, 1992 (Age: 33-224d)","Stockholm, Sweden",185,Sweden,FW,Right,2008,15 years,Brommapojkarna,Not found,first scrap players fbref
https://fbref.com/en/players/436a9dd0/Ander-Herrera,99343,Ander Herrera,Not found,"August 14, 1989 (Age: 36-103d)","Zaragoza, Spain",181,Spain,"MF (AM-CM-DM-WM, right)",Right,2008-2009,18 years,Zaragoza,2008,first scrap players fbref
https://fbref.com/en/players/cde3309f/Karl-Darlow,99397,Karl Darlow,Not found,"October 8, 1990 (Age: 35-048d)","Northampton, England, United Kingdom",185,Wales wls  Other: England,GK,Right,2010-2011,19 years,Nott'ham Forest,2010,first scrap players fbref
https://fbref.com/en/players/ff36c850/Mark-Halstead,99972,Mark Halstead,Not found,17-Sep-90,Not found,190,Not found,GK,Right,2010-2011,19 years,Kettering Town,2010,first scrap players fbref
https://fbref.com/en/players/5d8c6afd/Juan-Carlos-Paredes,100507,Juan Carlos Paredes,Not found,"July 8, 1987 (Age: 38-140d)","Esmeraldas, Ecuador",176,Ecuador,"DF-MF (FB-WM, right)",Right,2014,26 years,Barcelona,Not found,first scrap players fbref
https://fbref.com/en/players/cda0b317/Joel-Robles,101118,Joel Robles,Not found,"June 17, 1990 (Age: 35-161d)","Getafe, Spain",195,Spain,GK,Right,2009-2010,19 years,Atlético Madrid,2009,first scrap players fbref
https://fbref.com/en/players/ba1e04b3/Pedro-Obiang,101213,Pedro Obiang,Not found,"March 27, 1992 (Age: 33-243d)","Alcalá de Henares, Spain",185,Equatorial Guinea gq  Other: Spain,MF (CM-DM),Right,2010-2011,18 years,Sampdoria,2010,first scrap players fbref
https://fbref.com/en/players/fdac06ea/Alan-Smith,101327,Alan Smith,Not found,28-Oct-80,Not found,178,England eng,FW-MF,Right,1998-1999,17 years,Leeds United,1998,first scrap players fbref
https://fbref.com/en/players/0d4ceb32/Matej-Vydra,101500,Matěj Vydra,Not found,"May 1, 1992 (Age: 33-208d)","Chotěboř, Czech Republic",180,Czech Republic,FW-MF (AM),Right,2009-2010,17 years,Baník Ostrava,2009,first scrap players fbref
https://fbref.com/en/players/ae3d2f47/Nicklas-Helenius,102132,Nicklas Helenius,Not found,"May 8, 1991 (Age: 34-201d)","Svenstrup, Denmark",196,Denmark,FW,Right,2010-2011,19 years,Aalborg,2010,first scrap players fbref
https://fbref.com/en/players/9a9c05db/Matthew-Lowton,102258,Matthew Lowton,Not found,9-Jun-89,Not found,180,Not found,"DF (FB, right)",Right,2009-2010,20 years,Ferencváros,2009,first scrap players fbref
https://fbref.com/en/players/1fbbfbde/Sebastian-Coates,102427,Sebastián Coates,Not found,"October 7, 1990 (Age: 35-049d)","Montevideo, Uruguay",196,Uruguay,DF (CB),Right,2011-2012,20 years,Liverpool,2011,first scrap players fbref
https://fbref.com/en/players/b6964eb6/Chris-Smalling,103427,Chris Smalling,Not found,"November 22, 1989 (Age: 36-003d)","Greenwich, England, United Kingdom",194,England eng,DF (CB),Right,2008-2009,18 years,Fulham,2008,first scrap players fbref
https://fbref.com/en/players/2677a1de/Wahbi-Khazri,103565,Wahbi Khazri,Not found,8-Feb-91,Not found,182,Tunisia tn  Other: France,FW-MF (AM-WM),Right,2009-2010,18 years,Bastia,2009,first scrap players fbref
https://fbref.com/en/players/9cfe9254/Danny-Wilson,103819,Danny Wilson,Not found,"December 27, 1991 (Age: 33-333d)","Livingston, Scotland, United Kingdom",187,Scotland sct,DF (CB),Left,2009-2010,17 years,Rangers,2009,first scrap players fbref
https://fbref.com/en/players/ac05f970/Michail-Antonio,104124,Michail Antonio,Not found,"March 28, 1990 (Age: 35-242d)","Wandsworth, England, United Kingdom",180,Jamaica jm  Other: England,FW-MF (WM),Right,2008-2009,18 years,Cheltenham,2008,first scrap players fbref
https://fbref.com/en/players/31c01b85/Jordy-Clasie,104223,Jordy Clasie,Not found,"June 27, 1991 (Age: 34-151d)","Gemeente Haarlem, Netherlands",169,Netherlands,MF (AM-CM-DM-WM),Both,2010-2011,19 years,Excelsior,2010,first scrap players fbref
https://fbref.com/en/players/ef1739b9/Lee-Tomlin,104586,Lee Tomlin,Not found,12-Jan-89,Not found,180,Not found,FW-MF (AM-WM),Right,2005-2006,16 years,R&D,2005,first scrap players fbref
https://fbref.com/en/players/292064fa/Steve-Morison,104725,Steve Morison,Not found,29-Aug-83,Not found,188,Wales wls  Other: England,FW,Right,2002-2003,18 years,Northampton,2002,first scrap players fbref
https://fbref.com/en/players/814ef6ba/Mohamed-Gedo,104941,Mohamed Gedo,Not found,30-Oct-84,Not found,Not found,Not found,FW,Not found,2012-2013,27 years,Hull City,2012,first scrap players fbref
https://fbref.com/en/players/f6ac68c1/Stefan-Savic,107010,Stefan Savić,Not found,"January 8, 1991 (Age: 34-332d)",Montenegro,188,Montenegro,"DF-MF (CB, right)",Right,2009-2010,18 years,BSK Borča,2009,players corrected fbref
https://fbref.com/en/players/c9c0913c/Fraser-Fyvie,107350,Fraser Fyvie,Not found,"March 27, 1993 (Age: 32-243d)","Aberdeen, Scotland, United Kingdom",172,Scotland sct,MF,Not found,2009-2010,16 years,Aberdeen,2009,first scrap players fbref
https://fbref.com/en/players/c55e973d/Ikechi-Anya,107427,Ikechi Anya,Not found,3-Jan-88,Not found,170,Scotland sct,"FW-MF (WM, right)",Right,2004-2005,16 years,Wycombe,2004,first scrap players fbref
https://fbref.com/en/players/f7f09bee/Dionatan-Teixeira,107617,Dionatan Teixeira,Not found,24-Jul-92,Not found,193,Brazil br  Other: Slovakia,DF (CB),Left,2014-2015,22 years,Stoke City,2014,first scrap players fbref
https://fbref.com/en/players/da052c14/Jordan-Ayew,108354,Jordan Ayew,Not found,"September 11, 1991 (Age: 34-075d)","Marseille, France",182,Ghana gh  Other: France,FW-MF (AM),Right,2009-2010,17 years,Marseille,2009,first scrap players fbref
https://fbref.com/en/players/1840e36d/Thibaut-Courtois,108390,Thibaut Courtois,Not found,"May 11, 1992 (Age: 33-198d)","Bree, Belgium",199,Belgium,GK,Left,2008-2009,16 years,Genk,2008,first scrap players fbref
https://fbref.com/en/players/4e9a0555/Chris-Wood,108725,Chris Wood,Not found,"December 7, 1991 (Age: 33-353d)","Auckland, New Zealand",191,New Zealand,FW,Right,2008-2009,16 years,West Brom,2008,first scrap players fbref
https://fbref.com/en/players/d8bffa70/Adam-Matthews,108878,Adam Matthews,Not found,"January 13, 1992 (Age: 33-316d)","Swansea, Wales, United Kingdom",178,Wales wls,"DF-MF (FB, right)",Right,2009-2010,17 years,Cardiff City,2009,first scrap players fbref
https://fbref.com/en/players/b63f4077/Benik-Afobe,110858,Benik Afobe,Not found,"February 12, 1993 (Age: 32-286d)","Leyton, England, United Kingdom",183,Congo DR cd  Other: England,FW,Both,2010-2011,17 years,Huddersfield,2010,first scrap players fbref
https://fbref.com/en/players/41017ad5/Luke-Garbutt,110860,Luke Garbutt,Not found,"May 21, 1993 (Age: 32-188d)","Harrogate, England, United Kingdom",180,England eng,"DF-MF (FB, left)",Left,2011-2012,18 years,Cheltenham,2011,first scrap players fbref
https://fbref.com/en/players/d9d58641/Gary-Gardner,110861,Gary Gardner,Not found,29-Jun-92,Not found,188,England eng,MF (CM),Right,2011-2012,19 years,Coventry City,2011,first scrap players fbref
https://fbref.com/en/players/a59de39b/James-Hurst,110863,James Hurst,Not found,31-Jan-92,Not found,185,England eng,DF,Right,2010-2011,18 years,West Brom,2010,first scrap players fbref
https://fbref.com/en/players/827ae666/Louis-Laing,110865,Louis Laing,Not found,6-Mar-93,Not found,188,England eng,DF,Right,2010-2011,17 years,Sunderland,2010,first scrap players fbref
https://fbref.com/en/players/a8a3d139/Jed-Steer,110867,Jed Steer,Not found,"September 23, 1992 (Age: 33-063d)","Norwich, England, United Kingdom",188,England eng,GK,Left,2011-2012,18 years,Yeovil Town,2011,first scrap players fbref
https://fbref.com/en/players/534e83a0/Ryan-Tunnicliffe,110868,Ryan Tunnicliffe,Not found,30-Dec-92,Not found,183,England eng,MF (CM-DM),Right,2011-2012,18 years,P'borough Utd,2011,first scrap players fbref
https://fbref.com/en/players/a4c3f7af/Mehdi-Abeid,111036,Mehdi Abeid,Not found,"August 6, 1992 (Age: 33-111d)","Montreuil, France",178,Algeria dz  Other: France,MF (CM-DM),Right,2012-2013,19 years,St Johnstone,2012,first scrap players fbref
https://fbref.com/en/players/af615123/Ryan-Allsop,111073,Ryan Allsop,Not found,"June 17, 1992 (Age: 33-161d)","Birmingham, England, United Kingdom",189,England eng,GK,Right,2012-2013,20 years,Leyton Orient,2012,first scrap players fbref
https://fbref.com/en/players/5a4280b1/Kevin-Long,111114,Kevin Long,Not found,"August 18, 1990 (Age: 35-110d)","Cork, Republic of Ireland",190,Republic of Ireland,DF (CB),Right,2010-2011,19 years,Acc'ton Stanley,2010,players corrected fbref
https://fbref.com/en/players/97572117/Allan-Nyom,111508,Allan Nyom,Not found,"May 10, 1988 (Age: 37-199d)","Neuilly-sur-Seine, France",186,Cameroon cm  Other: France,"DF-MF (FB, right)",Right,2010-2011,22 years,Granada,2010,first scrap players fbref
https://fbref.com/en/players/abe66106/Erik-Lamela,111630,Érik Lamela,Not found,4-Mar-92,Not found,184,Argentina,"FW-MF (AM-WM, right)",Left,2011-2012,19 years,Roma,2011,first scrap players fbref
https://fbref.com/en/players/7956236f/Emiliano-Martinez,111873,Emiliano Martínez,Not found,"September 2, 1992 (Age: 33-084d)","Mar del Plata, Argentina",193,Argentina,GK,Right,2011-2012,18 years,Oxford United,2011,first scrap players fbref
https://fbref.com/en/players/4e219ad2/Suso,111961,Suso,Not found,"November 19, 1993 (Age: 32-017d)","Cadiz, Spain",176,Spain,"FW-MF (AM, right)",Left,2012-2013,18 years,Liverpool,2012,players corrected fbref
https://fbref.com/en/players/f4290206/Marcos-Alonso,112515,Marcos Alonso,Not found,"December 28, 1990 (Age: 34-343d)","Madrid, Spain",188,Spain,"DF-MF (CB-DM-FB-WM, left)",Left,2009-2010,18 years,Real Madrid,2009,players corrected fbref
https://fbref.com/en/players/839c14e1/Cedric-Soares,112988,Cédric Soares,Not found,"August 31, 1991 (Age: 34-086d)","Singen, Germany",169,Portugal pt  Other: Germany,"DF-MF (FB, right)",Right,2010-2011,18 years,Sporting CP,2010,first scrap players fbref
https://fbref.com/en/players/148e136f/Remy-Cabella,113707,Rémy Cabella,Not found,"March 8, 1990 (Age: 35-262d)","Ajaccio, France",171,France,FW-MF (AM),Right,2010-2011,20 years,Arles-Avignon,2010,first scrap players fbref
https://fbref.com/en/players/1c8af6eb/Alex-Smith,116655,Alex Smith,Not found,31-Oct-91,Not found,177,Not found,DF,Not found,2012-2013,20 years,Leyton Orient,2012,players corrected fbref
https://fbref.com/en/players/def899bd/Phil-Jones,117996,Phil Jones,Not found,21-Feb-92,Not found,185,England eng,"DF-MF (CB, left)",Right,2009-2010,17 years,Blackburn,2009,first scrap players fbref
https://fbref.com/en/players/e000b843/Jason-Lowe,117997,Jason Lowe,Not found,"September 2, 1991 (Age: 34-084d)","Wigan, England, United Kingdom",183,England eng,DF-MF (CM-DM-FB-WM),Left,2010-2011,18 years,Oldham Athletic,2010,first scrap players fbref
https://fbref.com/en/players/c5b7c315/Michael-Keane,118534,Michael Keane,Not found,"January 11, 1993 (Age: 32-318d)","Stockport, England, United Kingdom",191,England eng,DF (CB),Right,2012-2013,19 years,Leicester City,2012,first scrap players fbref
https://fbref.com/en/players/fc7f8f87/Will-Keane,118535,Will Keane,Not found,"January 11, 1993 (Age: 32-318d)","Stockport, England, United Kingdom",188,Republic of Ireland ie  Other: England,FW-MF (AM),Right,2011-2012,18 years,Manchester Utd,2011,first scrap players fbref
https://fbref.com/en/players/0a8e46da/Frank-Nouble,119123,Frank Nouble,Not found,"September 24, 1991 (Age: 34-062d)","Lewisham, England, United Kingdom",191,England eng,FW-MF (AM),Right,2009-2010,17 years,West Brom,2009,first scrap players fbref
https://fbref.com/en/players/7314bba4/Shane-Duffy,119269,Shane Duffy,Not found,"January 1, 1992 (Age: 33-339d)","Derry, Northern Ireland, United Kingdom",193,Republic of Ireland ie  Other: Northern Ireland,"DF-MF (CB, right)",Right,2010-2011,18 years,Burnley,2010,players corrected fbref
https://fbref.com/en/players/a65ce836/Emre-Can,119296,Emre Can,Not found,"January 12, 1994 (Age: 31-328d)","Frankfurt am Main, Germany",184,Germany,DF-MF (CB-CM-DM),Right,2012-2013,18 years,Bayern Munich,2012,players corrected fbref
https://fbref.com/en/players/61220da2/Jose-Campana,120095,José Campaña,Not found,31-May-93,Not found,179,Spain,MF (AM-CM),Right,2011-2012,18 years,Sevilla,2011,first scrap players fbref
https://fbref.com/en/players/afef14da/Jazz-Richards,120241,Jazz Richards,Not found,12-Apr-91,Not found,185,Wales wls,"DF-MF (FB, right)",Right,2009-2010,18 years,Swansea City,2009,first scrap players fbref
https://fbref.com/en/players/9f596d20/Marvin-Sordell,120599,Marvin Sordell,Not found,"February 17, 1991 (Age: 34-281d)","Pinner, England, United Kingdom",177,England eng,FW,Right,2009-2010,18 years,Tranmere Rovers,2009,first scrap players fbref
https://fbref.com/en/players/57c433c8/Diafra-Sakho,120610,Diafra Sakho,Not found,24-Dec-89,Not found,184,Senegal,FW,Right,2009-2010,19 years,Metz,2009,first scrap players fbref
https://fbref.com/en/players/df6bcd09/Emmanuel-Emenike,120630,Emmanuel Emenike,Not found,10-May-87,Not found,182,Nigeria,FW,Right,2010-2011,23 years,Karabükspor,2010,first scrap players fbref
https://fbref.com/en/players/89602ebf/Robert-Hall,121236,Robert Hall,Not found,20-Oct-93,Not found,173,England eng,FW-MF (WM),Right,2011-2012,17 years,MK Dons,2011,first scrap players fbref
https://fbref.com/en/players/9f1938ab/Adam-Forshaw,121257,Adam Forshaw,Not found,"October 8, 1991 (Age: 34-048d)","Liverpool, England, United Kingdom",185,Not found,MF (DM),Right,2010-2011,18 years,Everton,2010,first scrap players fbref
https://fbref.com/en/players/5dc37d9d/Conor-McAleny,121260,Conor McAleny,Not found,"August 12, 1992 (Age: 33-105d)","Liverpool, England, United Kingdom",178,Not found,FW-MF (AM),Right,2011-2012,18 years,Everton,2011,first scrap players fbref
https://fbref.com/en/players/5a1900a4/Tom-Carroll,121279,Tom Carroll,Not found,"May 28, 1992 (Age: 33-181d)","Watford, England, United Kingdom",171,England eng,"MF (CM-DM, left)",Left,2010-2011,18 years,Leyton Orient,2010,first scrap players fbref
https://fbref.com/en/players/2592d9b5/Steven-Caulker,121280,Steven Caulker,Not found,"December 29, 1991 (Age: 33-331d)","Feltham, England, United Kingdom",191,Sierra Leone sl  Other: England,DF (CB),Right,2009-2010,17 years,Yeovil Town,2009,first scrap players fbref
https://fbref.com/en/players/243a84ca/Craig-Lynch,121334,Craig Lynch,Not found,25-Mar-92,Not found,183,Not found,FW-MF,Not found,2010-2011,18 years,Sunderland,2010,first scrap players fbref
https://fbref.com/en/players/7f758194/Ryan-Noble,121340,Ryan Noble,Not found,11-Jun-91,Not found,182,England eng,FW,Not found,2010-2011,19 years,Derby County,2010,first scrap players fbref
https://fbref.com/en/players/e9254eec/Grant-Hanley,121385,Grant Hanley,Not found,"November 20, 1991 (Age: 34-005d)","Dumfries, Scotland, United Kingdom",188,Scotland sct,DF (CB),Right,2009-2010,17 years,Blackburn,2009,first scrap players fbref
https://fbref.com/en/players/66d29ce7/Jake-Kean,121388,Jake Kean,Not found,4-Feb-91,Not found,193,England eng,GK,Right,2010-2011,19 years,Hartlepool Utd,2010,first scrap players fbref
https://fbref.com/en/players/6449a543/Josh-Morris,121391,Josh Morris,Not found,30-Sep-91,Not found,180,England eng,DF-FW-MF,Not found,2010-2011,18 years,Blackburn,2010,first scrap players fbref
https://fbref.com/en/players/0c7d15af/Reece-Wabara,121416,Reece Wabara,Not found,28-Dec-91,Not found,182,England eng,DF,Right,2010-2011,18 years,Manchester City,2010,first scrap players fbref
https://fbref.com/en/players/3e9e06cb/Craig-Dawson,121477,Craig Dawson,Not found,6-May-90,Not found,188,England eng,DF (CB-FB),Right,2009-2010,19 years,Rochdale,2009,first scrap players fbref
https://fbref.com/en/players/f27680d9/Cristian-Gamboa,121686,Cristian Gamboa,Not found,24-Oct-89,Not found,175,Costa Rica,"DF-MF (DM-FB, right)",Right,2011,21 years,Fredrikstad,Not found,first scrap players fbref
https://fbref.com/en/players/867239d3/Paul-Pogba,122153,Paul Pogba,Not found,"March 15, 1993 (Age: 32-255d)","Lagny-sur-Marne, France",191,France,MF (CM-DM-WM),Right,2011-2012,18 years,Manchester Utd,2011,first scrap players fbref
https://fbref.com/en/players/faf55ce4/Kevin-Wimmer,122675,Kevin Wimmer,Not found,"November 15, 1992 (Age: 33-010d)","Wels Stadt, Austria",187,Austria,"DF (CB, left)",Left,2012-2013,19 years,Köln,2012,first scrap players fbref
https://fbref.com/en/players/8cc4b934/Nico-Yennaris,122721,Nico Yennaris,Not found,"May 23, 1993 (Age: 32-197d)","Leytonstone, England, United Kingdom",174,China PR cn  Other: England,DF-MF (CM-DM-FB),Right,2011-2012,18 years,Arsenal,2011,players corrected fbref
https://fbref.com/en/players/c316607a/Vlad-Chiriches,123261,Vlad Chiricheș,Not found,"November 14, 1989 (Age: 36-011d)","Bacău, Romania",184,Romania,"DF-MF (CB, right)",Right,2009-2010,19 years,Internațional,2009,first scrap players fbref
https://fbref.com/en/players/c596fcb0/Callum-Wilson,123682,Callum Wilson,Not found,"February 27, 1992 (Age: 33-271d)","Coventry, England, United Kingdom",180,England eng,FW,Right,2010-2011,18 years,Coventry City,2010,first scrap players fbref
https://fbref.com/en/players/2c851997/Gaston-Ramirez,123742,Gastón Ramírez,Not found,"December 2, 1990 (Age: 34-358d)","Fray Bentos, Uruguay",183,Uruguay,FW-MF (AM),Left,2010-2011,19 years,Bologna,2010,first scrap players fbref
https://fbref.com/en/players/44918bf5/Apostolos-Vellios,124495,Apostolos Vellios,Not found,8-Jan-92,Not found,191,Greece,FW,Right,2009-2010,17 years,Iraklis,2009,first scrap players fbref
https://fbref.com/en/players/31faf295/Bryan-Oviedo,124983,Bryan Oviedo,Not found,"February 18, 1990 (Age: 35-280d)","San José, Costa Rica",172,Costa Rica,"DF-MF (CB-FB-WM, left)",Left,2009-2010,19 years,FC Copenhagen,2009,first scrap players fbref
https://fbref.com/en/players/63dd1061/Joe-Riley,125117,Joe Riley,Not found,13-Oct-91,Not found,183,Not found,"DF (FB, right)",Right,2011-2012,19 years,Bolton,2011,players corrected fbref
https://fbref.com/en/players/46b5375e/Pape-Souare,125868,Pape Souaré,Not found,"June 6, 1990 (Age: 35-172d)",Senegal,178,Senegal,"DF (FB, left)",Left,2010-2011,20 years,Lille,2010,first scrap players fbref
https://fbref.com/en/players/9dc69d38/Leandro-Bacuna,126014,Leandro Bacuna,Not found,"August 21, 1991 (Age: 34-096d)","Groningen, Netherlands",187,"Curaçao cw  Other: Netherlands Antilles , Netherlands","DF-MF (CM-DM-FB-WM, right)",Right,2009-2010,17 years,Groningen,2009,first scrap players fbref
https://fbref.com/en/players/874125a3/Carl-Jenkinson,126321,Carl Jenkinson,Not found,"February 8, 1992 (Age: 33-290d)","Harlow, England, United Kingdom",187,England eng,"DF (FB, right)",Right,2010-2011,18 years,Charlton Ath,2010,first scrap players fbref
https://fbref.com/en/players/ed239245/Antonio-Luna,126516,Antonio Luna,Not found,17-Mar-91,Not found,178,Spain,"DF (FB, left)",Left,2009-2010,18 years,Sevilla,2009,first scrap players fbref
https://fbref.com/en/players/72c812f3/Idrissa-Gana-Gueye,126665,Idrissa Gana Gueye,Not found,"September 26, 1989 (Age: 36-060d)",Senegal,174,Senegal,MF (CM-DM),Right,2010-2011,20 years,Lille,2010,first scrap players fbref
https://fbref.com/en/players/bbf23a57/Eduard-Campabadal,126722,Eduard Campabadal,Not found,"January 26, 1993 (Age: 32-303d)","Tarragona, Spain",183,Spain,"DF (FB, right)",Right,2012-2013,19 years,Wigan Athletic,2012,first scrap players fbref
https://fbref.com/en/players/84399660/Juanmi,126737,Juanmi,Not found,"May 20, 1993 (Age: 32-200d)","Coín, Spain",169,Spain,FW-MF (AM),Right,2009-2010,16 years,Málaga,2009,players corrected fbref
https://fbref.com/en/players/5939baa2/Benjamin-Stambouli,127160,Benjamin Stambouli,Not found,"August 13, 1990 (Age: 35-104d)","Marseille, France",180,France,DF-MF (CB-CM-DM),Right,2010-2011,19 years,Montpellier,2010,first scrap players fbref
https://fbref.com/en/players/11ced928/Yaya-Sanogo,127194,Yaya Sanogo,Not found,27-Jan-93,Not found,194,France,FW,Right,2009-2010,16 years,Auxerre,2009,first scrap players fbref
https://fbref.com/en/players/11c30a46/Carles-Gil,127987,Carles Gil,Not found,"November 22, 1992 (Age: 33-003d)","Valencia, Spain",170,Spain,FW-MF (AM-WM),Left,2012-2013,19 years,Elche,2012,first scrap players fbref
https://fbref.com/en/players/96bb8cc2/Robbie-Brady,128229,Robbie Brady,Not found,"January 14, 1992 (Age: 33-315d)","Dublin, Republic of Ireland",178,Republic of Ireland,DF-FW-MF (FB-WM),Left,2011-2012,19 years,Hull City,2011,first scrap players fbref
https://fbref.com/en/players/c0a28fbd/Derrick-Williams,128287,Derrick Williams,Not found,"January 17, 1993 (Age: 32-312d)","Hamburg, Germany",180,Republic of Ireland ie  Other: Germany,"DF (CB-FB, left)",Left,2012-2013,19 years,Aston Villa,2012,first scrap players fbref
https://fbref.com/en/players/587ddfd6/Kim-Bo-kyung,128375,Kim Bo-kyung,Not found,"October 6, 1989 (Age: 36-050d)","Gurye-gun, Korea Republic",178,Korea Republic,MF (AM),Left,2012-2013,22 years,Cardiff City,2012,first scrap players fbref
https://fbref.com/en/players/b0835fc0/Jak-Alnwick,128895,Jak Alnwick,Not found,"June 17, 1993 (Age: 32-161d)","Hexham, England, United Kingdom",187,England eng,GK,Right,2011-2012,18 years,Gateshead,2011,first scrap players fbref
https://fbref.com/en/players/25b166d0/Saido-Berahino,128897,Saido Berahino,Not found,4-Aug-93,Not found,179,Burundi bi  Other: England,FW-MF,Right,2011-2012,17 years,Northampton,2011,first scrap players fbref
https://fbref.com/en/players/cc70a1d5/Jack-Butland,128899,Jack Butland,Not found,"March 10, 1993 (Age: 32-260d)","City of Bristol, England, United Kingdom",193,England eng,GK,Right,2011-2012,18 years,Cheltenham,2011,first scrap players fbref
https://fbref.com/en/players/422862ea/Nathaniel-Chalobah,128900,Nathaniel Chalobah,Not found,"December 12, 1994 (Age: 30-348d)","Freetown, Sierra Leone",185,England eng  Other: Sierra Leone,DF-MF (CM),Right,2012-2013,17 years,Watford,2012,first scrap players fbref
https://fbref.com/en/players/2928dca2/Conor-Coady,128901,Conor Coady,Not found,"February 25, 1993 (Age: 32-273d)","Liverpool, England, United Kingdom",185,England eng,DF-MF (CB-DM-WM),Right,2012-2013,19 years,Liverpool,2012,first scrap players fbref
https://fbref.com/en/players/48565585/Josh-McEachran,128905,Josh McEachran,Not found,"March 1, 1993 (Age: 32-269d)","Oxford, England, United Kingdom",178,England eng,MF (CM-DM),Left,2010-2011,17 years,Chelsea,2010,first scrap players fbref
https://fbref.com/en/players/bcee97a4/Liam-Moore,128906,Liam Moore,Not found,31-Jan-93,Not found,186,Jamaica jm  Other: England,"DF (CB-FB, left)",Right,2011-2012,18 years,Bradford City,2011,first scrap players fbref
https://fbref.com/en/players/bf59c794/Ravel-Morrison,128907,Ravel Morrison,Not found,2-Feb-93,Not found,175,Jamaica jm  Other: England,MF,Right,2011-2012,18 years,West Ham,2011,first scrap players fbref
https://fbref.com/en/players/7399c7a8/Jack-Robinson,128909,Jack Robinson,Not found,"September 1, 1993 (Age: 32-096d)","Warrington, England, United Kingdom",180,England eng,"DF (CB-FB, left)",Left,2009-2010,15 years,Liverpool,2009,players corrected fbref
https://fbref.com/en/players/e1a933d2/George-Thorne,128910,George Thorne,Not found,4-Jan-93,Not found,188,England eng,MF,Right,2009-2010,16 years,West Brom,2009,first scrap players fbref
https://fbref.com/en/players/6d071cae/Tom-Thorpe,128911,Tom Thorpe,Not found,13-Jan-93,Not found,185,England eng,DF,Right,2013-2014,20 years,Birmingham City,2013,first scrap players fbref
https://fbref.com/en/players/ab6a3628/Andre-Wisdom,128912,Andre Wisdom,Not found,9-May-93,Not found,186,England eng,"DF (CB-FB, right)",Right,2012-2013,19 years,Liverpool,2012,first scrap players fbref
https://fbref.com/en/players/d992542e/David-Davis,129054,David Davis,Not found,20-Feb-91,Not found,173,Not found,MF (CM),Right,2009-2010,18 years,Darlington,2009,first scrap players fbref
https://fbref.com/en/players/ab651565/Nathan-Redmond,129078,Nathan Redmond,Not found,6-Mar-94,Not found,173,England eng,"FW-MF (AM-WM, left)",Right,2011-2012,17 years,Birmingham City,2011,first scrap players fbref
https://fbref.com/en/players/bd7138e5/Jores-Okore,129085,Jores Okore,Not found,11-Aug-92,Not found,183,Denmark dk  Other: Côte d'Ivoire,DF (CB),Right,2010-2011,17 years,Nordsjælland,2010,first scrap players fbref
https://fbref.com/en/players/39583cfd/Gerard-Deulofeu,129476,Gerard Deulofeu,Not found,13-Mar-94,Not found,176,Spain,FW-MF (WM),Right,2010-2011,16 years,Barcelona B,2010,first scrap players fbref
https://fbref.com/en/players/acdad0aa/Marcello-Trotta,129505,Marcello Trotta,Not found,"September 29, 1992 (Age: 33-057d)","Santa Maria Capua Vetere, Italy",188,Italy,FW,Left,2011-2012,18 years,Wycombe,2011,first scrap players fbref
https://fbref.com/en/players/713c144a/Steven-Berghuis,129554,Steven Berghuis,Not found,"December 19, 1991 (Age: 33-341d)","Apeldoorn, Netherlands",180,Netherlands,"FW-MF (AM-CM-WM, right)",Left,2010-2011,18 years,Twente,2010,first scrap players fbref
https://fbref.com/en/players/8d228291/Charlie-Austin,129627,Charlie Austin,Not found,5-Jul-89,Not found,188,Not found,FW,Right,2009-2010,20 years,Swindon Town,2009,first scrap players fbref
https://fbref.com/en/players/c4acb36f/Ryo-Miyaichi,129688,Ryo Miyaichi,Not found,"December 14, 1992 (Age: 32-346d)","Okazaki, Japan",183,Japan,FW-MF (AM-WM),Both,2010-2011,17 years,Feyenoord,2010,first scrap players fbref
https://fbref.com/en/players/fc8c588f/Pajtim-Kasami,130108,Pajtim Kasami,Not found,"June 2, 1992 (Age: 33-176d)","Struga, North Macedonia",188,Switzerland,"FW-MF (AM-DM, right)",Left,2009-2010,17 years,Bellinzona,2009,first scrap players fbref
https://fbref.com/en/players/4806ec67/Jordan-Pickford,130164,Jordan Pickford,Not found,"March 7, 1994 (Age: 31-274d)","Washington, England, United Kingdom",185,England eng,GK,Left,2011-2012,17 years,Darlington,2011,players corrected fbref
https://fbref.com/en/players/b86fe156/Giannelli-Imbula,130756,Giannelli Imbula,Not found,12-Sep-92,Not found,186,"Congo DR cd  Other: Belgium , France",MF,Left,2009-2010,16 years,Guingamp,2009,first scrap players fbref
https://fbref.com/en/players/895ff3ca/Joel-Campbell,131248,Joel Campbell,Not found,"June 26, 1992 (Age: 33-152d)","San José, Costa Rica",178,Costa Rica,FW-MF (AM),Left,2011-2012,19 years,Lorient,2011,first scrap players fbref
https://fbref.com/en/players/4c370d81/Roberto-Firmino,131789,Roberto Firmino,Not found,"October 2, 1991 (Age: 34-054d)","Maceió, Brazil",181,Brazil,FW-MF (AM),Right,2010-2011,18 years,Hoffenheim,2010,first scrap players fbref
https://fbref.com/en/players/3a24769f/Ross-Barkley,131978,Ross Barkley,Not found,"December 5, 1993 (Age: 31-355d)","Liverpool, England, United Kingdom",189,England eng,MF (AM-CM),Right,2011-2012,17 years,Everton,2011,first scrap players fbref
https://fbref.com/en/players/c47541e0/Bertrand-Traore,131996,Bertrand Traoré,Not found,"September 6, 1995 (Age: 30-080d)","Bobo-Dioulasso, Burkina Faso",177,Burkina Faso,"FW-MF (AM-WM, right)",Left,2013-2014,17 years,Vitesse,2013,first scrap players fbref
https://fbref.com/en/players/21a66f6a/Harry-Kane,132098,Harry Kane,Not found,"July 28, 1993 (Age: 32-120d)","Walthamstow, England, United Kingdom",188,England eng,FW,Right,2010-2011,17 years,Leyton Orient,2010,first scrap players fbref
https://fbref.com/en/players/601299e9/Joao-Carlos-Teixeira,132214,João Carlos Teixeira,Not found,"January 18, 1993 (Age: 32-311d)","Braga, Portugal",177,Portugal,FW-MF,Right,2013-2014,20 years,Liverpool,2013,first scrap players fbref
https://fbref.com/en/players/49809c96/Billy-Knott,133392,Billy Knott,Not found,28-Nov-92,Not found,173,England eng,MF,Right,2011-2012,18 years,AFC Wimbledon,2011,first scrap players fbref
https://fbref.com/en/players/b2d31e83/Dan-Burn,134270,Dan Burn,Not found,"May 9, 1992 (Age: 33-200d)","Blyth, England, United Kingdom",198,England eng,"DF (CB-FB, left)",Left,2009-2010,17 years,Darlington,2009,first scrap players fbref
https://fbref.com/en/players/07802f7f/Danny-Ings,134294,Danny Ings,Not found,"July 23, 1992 (Age: 33-125d)","Winchester, England, United Kingdom",178,England eng,FW,Right,2010-2011,18 years,Bournemouth,2010,first scrap players fbref
https://fbref.com/en/players/a68a5466/Tyler-Blackett,134414,Tyler Blackett,Not found,2-Apr-94,Not found,186,England eng,"DF (CB-FB, left)",Left,2013-2014,19 years,Blackpool,2013,first scrap players fbref
https://fbref.com/en/players/05ca4fcb/Nick-Powell,134424,Nick Powell,Not found,"March 23, 1994 (Age: 31-247d)","Crewe, England, United Kingdom",183,England eng,FW-MF (AM),Right,2010-2011,16 years,Crewe Alexandra,2010,first scrap players fbref
https://fbref.com/en/players/b400bde0/Raheem-Sterling,134425,Raheem Sterling,Not found,8-Dec-94,Not found,170,England eng  Other: Jamaica,FW-MF (AM-WM),Right,2011-2012,16 years,Liverpool,2011,first scrap players fbref
https://fbref.com/en/players/fc8b614b/Jose-Pozo,135105,José Pozo,Not found,"March 15, 1996 (Age: 29-255d)","Málaga, Spain",170,Spain,FW-MF (AM),Right,2014-2015,18 years,Manchester City,2014,first scrap players fbref
https://fbref.com/en/players/26f6dca8/Manuel-Lanzini,135853,Manuel Lanzini,Not found,"February 15, 1993 (Age: 32-283d)","San Antonio de Padua, Argentina",170,Argentina,FW-MF (AM),Right,2015-2016,22 years,West Ham,2015,first scrap players fbref
https://fbref.com/en/players/6bc6f173/Samba-Diakite,136589,Samba Diakité,Not found,24-Jan-89,Not found,186,Mali ml  Other: France,MF (DM),Right,2009-2010,20 years,Nancy,2009,first scrap players fbref
https://fbref.com/en/players/1cfd188f/Charalampos-Mavrias,136647,Charalampos Mavrias,Not found,"February 21, 1994 (Age: 31-277d)","Nomós Zakýnthou, Greece",177,Greece,"DF-FW-MF (WM, right)",Right,2010-2011,16 years,Panathinaikos,2010,first scrap players fbref
https://fbref.com/en/players/46bcd68d/Jason-Davidson,137669,Jason Davidson,Not found,"June 29, 1991 (Age: 34-149d)","Melbourne, Australia",180,Australia,"DF-MF (FB, left)",Left,2009-2010,18 years,Paços de Ferreira,2009,first scrap players fbref
https://fbref.com/en/players/142741bb/Jakob-Haugaard,138335,Jakob Haugaard,Not found,"May 1, 1992 (Age: 33-208d)","Sundbyerne, Denmark",199,Denmark,GK,Right,2012-2013,20 years,Midtjylland,2012,first scrap players fbref
https://fbref.com/en/players/e06683ca/Virgil-van-Dijk,139208,Virgil van Dijk,Not found,"July 8, 1991 (Age: 34-140d)","Breda, Netherlands",193,Netherlands,"DF (CB, left)",Right,2010-2011,19 years,Groningen,2010,first scrap players fbref
https://fbref.com/en/players/fb485406/Enner-Valencia,139503,Enner Valencia,Not found,"November 4, 1989 (Age: 36-021d)","San Lorenzo, Ecuador",174,Ecuador,FW-MF (AM),Right,2013-2014,23 years,Pachuca,2013,first scrap players fbref
https://fbref.com/en/players/ce1faab0/Larnell-Cole,141650,Larnell Cole,Not found,9-Mar-93,Not found,168,England eng,MF,Right,2013-2014,20 years,MK Dons,2013,first scrap players fbref
https://fbref.com/en/players/f58d6213/Zeki-Fryers,141655,Zeki Fryers,Not found,9-Sep-92,Not found,183,Not found,DF (CB),Left,2011-2012,18 years,Manchester Utd,2011,first scrap players fbref
https://fbref.com/en/players/810e3c74/Jesse-Lingard,141660,Jesse Lingard,Not found,"December 15, 1992 (Age: 32-345d)","Warrington, England, United Kingdom",174,England eng,FW-MF (AM),Right,2012-2013,19 years,Leicester City,2012,first scrap players fbref
https://fbref.com/en/players/d2d8675a/Alvaro-Vazquez,141835,Álvaro Vázquez,Not found,"April 27, 1991 (Age: 34-212d)","Badalona, Spain",182,Spain,FW,Right,2010-2011,19 years,Espanyol,2010,first scrap players fbref
https://fbref.com/en/players/38c7feef/Alex-Oxlade-Chamberlain,143424,Alex Oxlade-Chamberlain,Not found,15-Aug-93,Not found,180,England eng,FW-MF (AM-CM-WM),Right,2009-2010,15 years,Southampton,2009,first scrap players fbref
https://fbref.com/en/players/f35430a4/Matija-Nastasic,143559,Matija Nastasić,Not found,28-Mar-93,Not found,187,Serbia,"DF (CB, left)",Left,2011-2012,18 years,Fiorentina,2011,first scrap players fbref
https://fbref.com/en/players/723ba189/Lazar-Markovic,144303,Lazar Marković,Not found,2-Mar-94,Not found,176,Serbia,"FW-MF (AM-WM, right)",Right,2011-2012,17 years,Partizan,2011,first scrap players fbref
https://fbref.com/en/players/28b40c9c/Tim-Ream,145466,Tim Ream,Not found,"October 5, 1987 (Age: 38-051d)","St. Louis, Missouri, United States",185,United States,"DF (CB, left)",Left,2010,22 years,NY Red Bulls,Not found,first scrap players fbref
https://fbref.com/en/players/0dcc8a9f/Johnny-Gorman,145488,Johnny Gorman,Not found,26-Oct-92,Not found,175,Northern Ireland nir  Other: England,MF (WM),Not found,2011-2012,18 years,Wolves,2011,first scrap players fbref
https://fbref.com/en/players/f2428fd4/Jon-Flanagan,145922,Jon Flanagan,Not found,1-Jan-93,Not found,181,England eng,"DF (FB, right)",Right,2010-2011,17 years,Liverpool,2010,first scrap players fbref
https://fbref.com/en/players/b2bc3b1f/Wilfried-Zaha,145988,Wilfried Zaha,Not found,"November 10, 1992 (Age: 33-015d)","Abidjan, Côte d'Ivoire",180,Côte d'Ivoire ci  Other: England,FW-MF (AM-WM),Right,2009-2010,16 years,Crystal Palace,2009,first scrap players fbref
https://fbref.com/en/players/5a853458/Samir-Carruthers,146488,Samir Carruthers,Not found,4-Apr-93,Not found,173,Republic of Ireland ie  Other: England,MF (WM),Left,2011-2012,18 years,Aston Villa,2011,first scrap players fbref
https://fbref.com/en/players/2d139834/Anthony-Forde,146494,Anthony Forde,Not found,"November 16, 1993 (Age: 32-009d)","Ballingarry, Republic of Ireland",175,Republic of Ireland,DF-FW-MF (FB-WM),Right,2011-2012,17 years,Wolves,2011,first scrap players fbref
https://fbref.com/en/players/729e3e14/Kerim-Frei,146844,Kerim Frei,Not found,"November 19, 1993 (Age: 32-006d)","Feldkirch, Austria",171,"Turkey tr  Other: Austria , Switzerland",FW-MF (AM-WM),Right,2011-2012,17 years,Fulham,2011,first scrap players fbref
https://fbref.com/en/players/47681787/Marco-van-Ginkel,147034,Marco van Ginkel,Not found,"December 1, 1992 (Age: 32-359d)","Gemeente Amersfoort, Netherlands",186,Netherlands,MF (CM),Right,2009-2010,16 years,Vitesse,2009,first scrap players fbref
https://fbref.com/en/players/43a166b4/Divock-Origi,148368,Divock Origi,Not found,18-Apr-95,Not found,186,Belgium,FW-MF (WM),Right,2012-2013,17 years,Lille,2012,first scrap players fbref
https://fbref.com/en/players/e342ad68/Mohamed-Salah,148455,Mohamed Salah,Not found,"June 15, 1992 (Age: 33-163d)","Basyūn, Egypt",175,Egypt,"FW-MF (AM-WM, right)",Left,2012-2013,20 years,Basel,2012,first scrap players fbref
https://fbref.com/en/players/df618867/Tomas-Kalas,148657,Tomáš Kalas,Not found,"May 15, 1993 (Age: 32-194d)","Olomouc, Czech Republic",184,Czech Republic,DF (CB),Right,2009-2010,16 years,Sigma Olomouc,2009,first scrap players fbref
https://fbref.com/en/players/6c679c6d/Anthony-Knockaert,149237,Anthony Knockaert,Not found,"November 20, 1991 (Age: 34-005d)","Roubaix, France",172,France,"FW-MF (AM-WM, right)",Left,2011-2012,19 years,Guingamp,2011,first scrap players fbref
https://fbref.com/en/players/b7ca5c51/Gabriel-Paulista,149498,Gabriel Paulista,Not found,"November 26, 1990 (Age: 34-364d)","Fortaleza, Brazil",187,Not found,DF (CB),Right,2013-2014,22 years,Villarreal,2013,first scrap players fbref
https://fbref.com/en/players/c2a4ce02/Adam-Mitchell,154293,Adam Mitchell,Not found,18-Oct-93,Not found,Not found,Not found,FW-MF (WM),Not found,2012-2013,18 years,Sunderland,2012,first scrap players fbref
https://fbref.com/en/players/4c3e2fd0/Michael-Harriman,155233,Michael Harriman,Not found,23-Oct-92,Not found,168,Republic of Ireland ie  Other: England,DF-MF,Right,2011-2012,18 years,QPR,2011,first scrap players fbref
https://fbref.com/en/players/c4e180f0/Tyias-Browning,156934,Tyias Browning,Not found,"May 27, 1994 (Age: 31-182d)","Liverpool, England, United Kingdom",181,China PR cn  Other: England,DF (CB),Right,2013-2014,19 years,Wigan Athletic,2013,first scrap players fbref
https://fbref.com/en/players/67d23ab0/Tom-Ince,157368,Tom Ince,Not found,"January 30, 1992 (Age: 33-299d)","Stockport, England, United Kingdom",178,England eng,FW-MF (AM-WM),Left,2010-2011,18 years,Notts County,2010,first scrap players fbref
https://fbref.com/en/players/3312f911/Jeffrey-Schlupp,157506,Jeffrey Schlupp,Not found,"December 23, 1992 (Age: 32-337d)","Hamburg, Germany",178,Ghana gh  Other: Germany,"DF-FW-MF (FB-WM, left)",Left,2010-2011,17 years,Brentford,2010,first scrap players fbref
https://fbref.com/en/players/ce4246f5/Kurt-Zouma,157509,Kurt Zouma,Not found,"October 27, 1994 (Age: 31-029d)","Lyon, France",190,France,DF (CB),Right,2011-2012,16 years,Saint-Étienne,2011,first scrap players fbref
https://fbref.com/en/players/8f160d73/Fredrik-Ulvestad,158022,Fredrik Ulvestad,Not found,"June 17, 1992 (Age: 33-161d)","Ålesund, Norway",183,Norway,DF-MF (CM-DM-FB),Right,2010,17 years,Aalesund,Not found,first scrap players fbref
https://fbref.com/en/players/b48778f2/Gael-Bigirimana,158697,Gaël Bigirimana,Not found,"October 22, 1993 (Age: 32-034d)","Bujumbura, Burundi",173,Burundi bi  Other: England,MF (CM),Right,2011-2012,17 years,Coventry City,2011,first scrap players fbref
https://fbref.com/en/players/88e357ef/Serge-Gnabry,159471,Serge Gnabry,Not found,"July 14, 1995 (Age: 30-134d)","Stuttgart, Germany",173,Germany,FW-MF (AM-WM),Right,2012-2013,17 years,Arsenal,2012,first scrap players fbref
https://fbref.com/en/players/6e87c80f/Bruno-Andrade,159570,Bruno Andrade,Not found,"October 2, 1993 (Age: 32-054d)","Viseu, Portugal",175,Not found,FW-MF (WM),Right,2010-2011,16 years,QPR,2010,first scrap players fbref
https://fbref.com/en/players/f121f4b7/Yacouba-Sylla,160080,Yacouba Sylla,Not found,"November 29, 1990 (Age: 34-361d)","Étampes, France",184,Mali ml  Other: France,MF,Right,2010-2011,19 years,Clermont Foot,2010,first scrap players fbref
https://fbref.com/en/players/7969682e/Mesca,160348,Mesca,Not found,6-May-93,Not found,175,Portugal pt  Other: Guinea-Bissau,MF,Both,2013-2014,20 years,Crewe Alexandra,2013,first scrap players fbref
https://fbref.com/en/players/47a34c4f/Mohamed-Elneny,160438,Mohamed Elneny,Not found,"July 11, 1992 (Age: 33-137d)","Al Maḩallah al Kubrá, Egypt",180,Egypt,MF (CM-DM),Right,2012-2013,20 years,Basel,2012,first scrap players fbref
https://fbref.com/en/players/758dd7f0/Javier-Manquillo,162029,Javier Manquillo,Not found,5-May-94,Not found,175,Spain,"DF (FB, right)",Right,2012-2013,18 years,Atlético Madrid,2012,first scrap players fbref
https://fbref.com/en/players/7d841904/Ji-Dong-won,164265,Ji Dong-won,Not found,"May 28, 1991 (Age: 34-181d)","Jeju-si, Korea Republic",189,Korea Republic,FW-MF,Right,2011-2012,20 years,Sunderland,2011,first scrap players fbref
https://fbref.com/en/players/4a56052c/Jordan-Veretout,164771,Jordan Veretout,Not found,"March 1, 1993 (Age: 32-269d)","Ancenis, France",176,France,MF (CM-DM-WM),Right,2010-2011,17 years,Nantes,2010,first scrap players fbref
https://fbref.com/en/players/372307ab/Jordan-Slew,164785,Jordan Slew,Not found,"September 7, 1992 (Age: 33-079d)","Gleadless, England, United Kingdom",191,England eng,FW-MF,Right,2010-2011,17 years,Sheffield Utd,2010,first scrap players fbref
https://fbref.com/en/players/8ac454b5/Paddy-McNair,167268,Paddy McNair,Not found,"April 27, 1995 (Age: 30-212d)","Ballyclare, Northern Ireland, United Kingdom",183,Northern Ireland nir,DF-MF (CB-CM),Right,2014-2015,19 years,Manchester Utd,2014,first scrap players fbref
https://fbref.com/en/players/8f696594/Memphis,167850,Memphis,Not found,"February 13, 1994 (Age: 31-296d)","Moordrecht, Netherlands",176,Netherlands,FW-MF (AM-WM),Right,2011-2012,17 years,PSV Eindhoven,2011,players corrected fbref
https://fbref.com/en/players/db89826f/El-Hadji-Ba,169090,El-Hadji Ba,Not found,5-Mar-93,Not found,183,Mauritania mr  Other: France,MF (CM-DM),Right,2011-2012,18 years,Le Havre,2011,players corrected fbref
https://fbref.com/en/players/d3085b49/Cauley-Woodrow,169801,Cauley Woodrow,Not found,"December 2, 1994 (Age: 30-358d)","Hemel Hempstead, England, United Kingdom",184,England eng,FW-MF,Right,2013-2014,18 years,Southend United,2013,first scrap players fbref
https://fbref.com/en/players/3fe6bd8c/Paul-Dummett,170321,Paul Dummett,Not found,"September 26, 1991 (Age: 34-060d)","Newcastle upon Tyne, England, United Kingdom",185,Wales wls  Other: England,"DF (FB, left)",Left,2011-2012,19 years,Gateshead,2011,first scrap players fbref
https://fbref.com/en/players/49b8432c/Jonny-Williams,170322,Jonny Williams,Not found,"October 9, 1993 (Age: 32-047d)","Pembury, England, United Kingdom",168,Wales wls,FW-MF (AM-CM),Left,2011-2012,17 years,Crystal Palace,2011,first scrap players fbref
https://fbref.com/en/players/5167c97e/Massadio-Haidara,170929,Massadio Haïdara,Not found,"December 2, 1992 (Age: 32-358d)","Trappes, France",179,Mali ml  Other: France,"DF-MF (FB, left)",Left,2010-2011,17 years,Nancy,2010,first scrap players fbref
https://fbref.com/en/players/4db1f85d/Ben-Reeves,171234,Ben Reeves,Not found,"November 19, 1991 (Age: 34-006d)","Verwood, England, United Kingdom",177,Northern Ireland nir  Other: England,MF,Left,2011-2012,19 years,Dag & Red,2011,first scrap players fbref
https://fbref.com/en/players/434ad289/Jay-Fulton,171260,Jay Fulton,Not found,"April 1, 1994 (Age: 31-238d)","Bolton, England, United Kingdom",178,Scotland sct  Other: England,MF (CM-DM),Right,2010-2011,16 years,Falkirk,2010,first scrap players fbref
https://fbref.com/en/players/892d5bb1/Riyad-Mahrez,171424,Riyad Mahrez,Not found,"February 21, 1991 (Age: 34-277d)","Sarcelles, France",178,Algeria dz  Other: France,"FW-MF (AM-WM, right)",Left,2011-2012,20 years,Le Havre,2011,first scrap players fbref
https://fbref.com/en/players/d557d734/Matt-Doherty,171679,Matt Doherty,Not found,"January 16, 1992 (Age: 33-313d)","Dublin, Republic of Ireland",182,Republic of Ireland,"DF-MF (DM-FB-WM, right)",Right,2011-2012,19 years,Hibernian,2011,first scrap players fbref
https://fbref.com/en/players/f50cf139/Adam-Henley,173585,Adam Henley,Not found,14-Jun-94,Not found,178,Wales wls  Other: United States,DF,Right,2011-2012,17 years,Blackburn,2011,first scrap players fbref
https://fbref.com/en/players/dede4a42/Josh-Vela,173804,Josh Vela,Not found,"December 14, 1993 (Age: 31-346d)","Salford, England, United Kingdom",181,Not found,"DF-MF (CM-DM-FB, right)",Right,2011-2012,17 years,Bolton,2011,first scrap players fbref
https://fbref.com/en/players/e98740ac/Michael-Doughty,173832,Michael Doughty,Not found,20-Nov-92,Not found,185,Wales wls  Other: England,MF (CM-WM),Right,2011-2012,18 years,Crawley Town,2011,first scrap players fbref
https://fbref.com/en/players/ac861941/Eric-Dier,175722,Eric Dier,Not found,"January 15, 1994 (Age: 31-314d)","Cheltenham, England, United Kingdom",188,England eng,DF-MF (CB-DM),Right,2012-2013,18 years,Sporting CP,2012,first scrap players fbref
https://fbref.com/en/players/c76c717c/Brad-Smith,175745,Brad Smith,Not found,"April 9, 1994 (Age: 31-241d)","Penrith, Australia",178,Australia au  Other: England,"DF-MF (FB-WM, left)",Left,2013-2014,19 years,Liverpool,2013,players corrected fbref
https://fbref.com/en/players/066be641/Tommy-Smith,176056,Tommy Smith,Not found,22-May-80,Not found,173,England eng,"FW-MF (WM, right)",Right,1999-2000,19 years,Watford,1999,first scrap players fbref
https://fbref.com/en/players/f201798c/Lucas-Piazon,176485,Lucas Piazon,Not found,"January 20, 1994 (Age: 31-309d)","São Paulo, Brazil",182,Brazil,FW-MF (AM-WM),Right,2012-2013,18 years,Málaga,2012,first scrap players fbref
https://fbref.com/en/players/5e61927c/Abdul-Razak,177321,Abdul Razak,Not found,11-Nov-92,Not found,180,Côte d'Ivoire,MF,Not found,2010-2011,17 years,Manchester City,2010,players corrected fbref
https://fbref.com/en/players/eaeca114/Nathan-Ake,177476,Nathan Aké,Not found,"February 18, 1995 (Age: 30-280d)","The Hague, Netherlands",180,Netherlands,"DF-MF (CB-FB, left)",Left,2012-2013,17 years,Chelsea,2012,first scrap players fbref
https://fbref.com/en/players/4737cebe/Adnan-Januzaj,177847,Adnan Januzaj,Not found,"February 5, 1995 (Age: 30-293d)","Brussels, Belgium",182,Belgium,"FW-MF (AM-WM, right)",Left,2013-2014,18 years,Manchester Utd,2013,first scrap players fbref
https://fbref.com/en/players/d8931174/Harry-Maguire,177907,Harry Maguire,Not found,"March 5, 1993 (Age: 32-265d)","Sheffield, England, United Kingdom",188,England eng,DF (CB),Right,2010-2011,17 years,Sheffield Utd,2010,first scrap players fbref
https://fbref.com/en/players/160599ed/Donald-Love,179451,Donald Love,Not found,"December 2, 1994 (Age: 30-358d)","Rochdale, England, United Kingdom",179,Scotland sct  Other: England,"DF-MF (DM-FB-WM, right)",Right,2015-2016,20 years,Manchester Utd,2015,first scrap players fbref
https://fbref.com/en/players/5978dc3c/Thievy-Bifouma,181477,Thievy Bifouma,Not found,"May 13, 1992 (Age: 33-196d)","Saint-Denis, France",180,Congo cg  Other: France,FW-MF (AM),Right,2010-2011,18 years,Espanyol,2010,first scrap players fbref
https://fbref.com/en/players/3515d404/James-Ward-Prowse,181579,James Ward-Prowse,Not found,"November 1, 1994 (Age: 31-024d)","Portsmouth, England, United Kingdom",173,England eng,MF (AM-CM-DM),Right,2012-2013,17 years,Southampton,2012,first scrap players fbref
https://fbref.com/en/players/3376a776/Karim-Rekik,182579,Karim Rekik,Not found,2-Dec-94,Not found,186,Netherlands,"DF (CB, left)",Left,2011-2012,16 years,Portsmouth,2011,first scrap players fbref
https://fbref.com/en/players/7eadfdd6/Cameron-Lancaster,182660,Cameron Lancaster,Not found,"November 5, 1992 (Age: 33-020d)","Camden, England, United Kingdom",183,Not found,FW,Not found,2010-2011,17 years,Dag & Red,2010,first scrap players fbref
https://fbref.com/en/players/8b788c01/Anthony-Martial,182877,Anthony Martial,Not found,"December 5, 1995 (Age: 29-355d)","Massy, France",184,France,FW-MF (AM),Right,2012-2013,16 years,Lyon,2012,first scrap players fbref
https://fbref.com/en/players/5aa00dc3/Diego-Poyet,183286,Diego Poyet,Not found,8-Apr-95,Not found,180,"Uruguay uy  Other: England , Spain",MF,Right,2013-2014,18 years,Charlton Ath,2013,first scrap players fbref
https://fbref.com/en/players/9c94165b/Luke-Shaw,183288,Luke Shaw,Not found,"July 12, 1995 (Age: 30-136d)","Kingston upon Thames, England, United Kingdom",185,England eng,"DF-MF (FB-WM, left)",Left,2012-2013,17 years,Southampton,2012,first scrap players fbref
https://fbref.com/en/players/e75750a3/Callum-Robinson,183299,Callum Robinson,Not found,"February 2, 1995 (Age: 30-307d)","Northampton, England, United Kingdom",178,Republic of Ireland ie  Other: England,FW-MF (AM),Right,2013-2014,18 years,Aston Villa,2013,players corrected fbref
https://fbref.com/en/players/450ab6fc/Jamaal-Lascelles,183318,Jamaal Lascelles,Not found,"November 11, 1993 (Age: 32-014d)","Derby, England, United Kingdom",189,England eng,DF (CB),Right,2011-2012,17 years,Stevenage,2011,first scrap players fbref
https://fbref.com/en/players/493924a7/Kevin-Mbabu,183321,Kevin Mbabu,Not found,"April 19, 1995 (Age: 30-220d)","Chêne-Bougeries, Switzerland",184,Switzerland,"DF-MF (FB, right)",Right,2012-2013,17 years,Servette,2012,first scrap players fbref
https://fbref.com/en/players/93feac6e/Patrick-Bamford,183334,Patrick Bamford,Not found,"September 5, 1993 (Age: 32-081d)","Grantham, England, United Kingdom",188,England eng,FW-MF (WM),Left,2011-2012,17 years,Nott'ham Forest,2011,first scrap players fbref
https://fbref.com/en/players/488cc9c7/Stephen-Kingsley,184398,Stephen Kingsley,Not found,"July 23, 1994 (Age: 31-125d)","Stirling, Scotland, United Kingdom",178,Scotland sct,"DF (FB, left)",Right,2010-2011,16 years,Falkirk,2010,first scrap players fbref
https://fbref.com/en/players/2b9fdeea/Florian-Thauvin,184892,Florian Thauvin,Not found,"January 26, 1993 (Age: 32-303d)","Orléans, France",179,France,"FW-MF (AM-WM, right)",Left,2010-2011,17 years,Grenoble,2010,first scrap players fbref
https://fbref.com/en/players/5eecec3d/John-Stones,186590,John Stones,Not found,"May 28, 1994 (Age: 31-181d)","Barnsley, England, United Kingdom",188,England eng,"DF (CB, right)",Right,2011-2012,17 years,Barnsley,2011,first scrap players fbref
https://fbref.com/en/players/8816329f/Christian-Atsu,186997,Christian Atsu,Not found,10-Jan-92,Not found,172,Ghana,"FW-MF (WM, left)",Left,2011-2012,19 years,Rio Ave,2011,first scrap players fbref
https://fbref.com/en/players/51ceacc1/Chris-David,187285,Chris David,Not found,6-Mar-93,Not found,170,Netherlands,FW-MF,Left,2013-2014,20 years,Fulham,2013,first scrap players fbref
https://fbref.com/en/players/5e1280ff/Alejandro-Pozuelo,188853,Alejandro Pozuelo,Not found,"September 20, 1991 (Age: 34-066d)","Sevilla, Spain",170,Not found,FW-MF (AM),Both,2011-2012,19 years,Betis,2011,first scrap players fbref
https://fbref.com/en/players/5c961282/Guillermo-Varela,188862,Guillermo Varela,Not found,"March 24, 1993 (Age: 32-246d)","Montevideo, Uruguay",171,Uruguay,"DF (FB, right)",Right,2015-2016,22 years,Manchester Utd,2015,first scrap players fbref
https://fbref.com/en/players/75783f5f/Modou-Barrow,189070,Modou Barrow,Not found,"October 13, 1992 (Age: 33-043d)","Banjul, Gambia",176,Gambia,FW-MF (AM),Right,2012,19 years,Norrköping,Not found,first scrap players fbref
https://fbref.com/en/players/6f3a433e/Angelo-Henriquez,189740,Ángelo Henríquez,Not found,"April 13, 1994 (Age: 31-226d)","Santiago, Chile",175,Chile,FW,Right,2012-2013,18 years,Wigan Athletic,2012,first scrap players fbref
https://fbref.com/en/players/fcf5211e/Mats-Moller-Daehli,190831,Mats Møller Dæhli,Not found,"March 2, 1995 (Age: 30-268d)","Oslo, Norway",172,Norway,FW-MF (AM-CM),Right,2013,17 years,Molde,Not found,first scrap players fbref
https://fbref.com/en/players/f874dd44/Hector-Bellerin,191217,Héctor Bellerín,Not found,"March 19, 1995 (Age: 30-251d)","Barcelona, Spain",177,Spain,"DF-MF (FB, right)",Right,2013-2014,18 years,Watford,2013,first scrap players fbref
https://fbref.com/en/players/44781702/Ben-Davies,192765,Ben Davies,Not found,"April 24, 1993 (Age: 32-226d)","Neath, Wales, United Kingdom",181,Wales wls,"DF-MF (CB-FB, left)",Left,2012-2013,19 years,Swansea City,2012,players corrected fbref
https://fbref.com/en/players/63d17038/Paulo-Gazzaniga,195488,Paulo Gazzaniga,Not found,"January 2, 1992 (Age: 33-327d)","Chateaubriand, Argentina",196,Argentina,GK,Right,2011-2012,19 years,Gillingham,2011,first scrap players fbref
https://fbref.com/en/players/9f736ed2/Jordon-Ibe,195652,Jordon Ibe,Not found,8-Dec-95,Not found,176,England eng,"FW-MF (WM, right)",Right,2011-2012,15 years,Wycombe,2011,first scrap players fbref
https://fbref.com/en/players/e58a03c6/Dwight-Gayle,196522,Dwight Gayle,Not found,"October 17, 1990 (Age: 35-050d)","Walthamstow, England, United Kingdom",177,Not found,FW,Right,2012-2013,21 years,P'borough Utd,2012,players corrected fbref
https://fbref.com/en/players/1cb49278/Andreas-Christensen,196948,Andreas Christensen,Not found,"April 10, 1996 (Age: 29-229d)","Lillerød, Denmark",188,Denmark,DF-MF (CB),Right,2014-2015,18 years,Chelsea,2014,first scrap players fbref
https://fbref.com/en/players/e2b384d2/Chuba-Akpom,197642,Chuba Akpom,Not found,"October 9, 1995 (Age: 30-047d)","Newham, England, United Kingdom",183,England eng,FW-MF,Right,2013-2014,17 years,Brentford,2013,first scrap players fbref
https://fbref.com/en/players/646ee278/John-Swift,197693,John Swift,Not found,"June 23, 1995 (Age: 30-155d)","Portsmouth, England, United Kingdom",182,England eng,FW-MF (AM),Right,2013-2014,18 years,Chelsea,2013,first scrap players fbref
https://fbref.com/en/players/45963054/Jamie-Vardy,197838,Jamie Vardy,Not found,"January 11, 1987 (Age: 38-318d)","Sheffield, England, United Kingdom",178,England eng,FW,Right,2011-2012,24 years,Fleetwood Town,2011,first scrap players fbref
https://fbref.com/en/players/7ef25942/Tokelo-Rantie,198495,Tokelo Rantie,Not found,8-Sep-90,Not found,172,South Africa,FW,Right,2012,21 years,Malmö,Not found,first scrap players fbref
https://fbref.com/en/players/b44c39da/Muamer-Tankovic,198513,Muamer Tanković,Not found,"February 22, 1995 (Age: 30-276d)","Norrköping, Sweden",179,Sweden,FW-MF (AM),Right,2013-2014,18 years,Fulham,2013,first scrap players fbref
https://fbref.com/en/players/b30c7426/Josh-Murphy,199528,Josh Murphy,Not found,"February 24, 1995 (Age: 30-274d)","Wembley, England, United Kingdom",173,England eng,"FW-MF (AM-WM, left)",Right,2013-2014,18 years,Norwich City,2013,first scrap players fbref
https://fbref.com/en/players/c691bfe2/Sadio-Mane,200512,Sadio Mané,Not found,"April 10, 1992 (Age: 33-229d)","Sédhiou, Senegal",175,Senegal,"FW-MF (AM, left)",Right,2011-2012,19 years,Metz,2011,first scrap players fbref
https://fbref.com/en/players/ff9fcd4d/Alex-Pritchard,200777,Alex Pritchard,Not found,"May 3, 1993 (Age: 32-206d)","Orsett, England, United Kingdom",171,England eng,FW-MF (AM),Right,2012-2013,19 years,P'borough Utd,2012,first scrap players fbref
https://fbref.com/en/players/ff674795/Kevin-Stewart,200782,Kevin Stewart,Not found,7-Sep-93,Not found,182,Jamaica jm  Other: England,DF-MF (DM),Right,2012-2013,18 years,Crewe Alexandra,2012,first scrap players fbref
https://fbref.com/en/players/a5ae8f8e/Milos-Veljkovic,202228,Miloš Veljković,Not found,"September 26, 1995 (Age: 30-060d)","Belgrade, Serbia",184,Serbia rs  Other: Switzerland,DF (CB),Right,2013-2014,17 years,Tottenham,2013,first scrap players fbref
https://fbref.com/en/players/e97fd090/Ruben-Loftus-Cheek,202886,Ruben Loftus-Cheek,Not found,"January 23, 1996 (Age: 29-306d)","Lewisham, England, United Kingdom",191,England eng,MF (AM-WM),Right,2014-2015,18 years,Chelsea,2014,first scrap players fbref
https://fbref.com/en/players/d3ce0e89/Danny-Ward,203026,Danny Ward,Not found,"June 22, 1993 (Age: 32-167d)","Wrexham, Wales, United Kingdom",191,Wales wls,GK,Right,2010-2011,17 years,Tamworth,2010,players corrected fbref
https://fbref.com/en/players/e76cb9cc/Chancel-Mbemba,203348,Chancel Mbemba,Not found,"August 8, 1994 (Age: 31-109d)","Kinshasa, Congo DR",182,Congo DR,"DF (CB, right)",Right,2013-2014,18 years,Anderlecht,2013,first scrap players fbref
https://fbref.com/en/players/6639e500/Andreas-Pereira,203394,Andreas Pereira,Not found,"January 1, 1996 (Age: 29-328d)","Duffel, Belgium",177,Brazil br  Other: Belgium,MF (AM),Right,2014-2015,18 years,Manchester Utd,2014,first scrap players fbref
https://fbref.com/en/players/c693347d/Andreas-Cornelius,203412,Andreas Cornelius,Not found,"March 16, 1993 (Age: 32-254d)","Copenhagen, Denmark",193,Denmark,FW,Left,2011-2012,18 years,FC Copenhagen,2011,first scrap players fbref
https://fbref.com/en/players/b0b4fd3e/Jack-Grealish,203460,Jack Grealish,Not found,"September 10, 1995 (Age: 30-076d)","Birmingham, England, United Kingdom",175,England eng  Other: Republic of Ireland,"FW-MF (AM-WM, left)",Right,2013-2014,17 years,Notts County,2013,first scrap players fbref
https://fbref.com/en/players/e8f3848e/Jamar-Loza,203464,Jamar Loza,Not found,10-May-94,Not found,178,Jamaica,FW-MF,Right,2013-2014,19 years,Southend United,2013,first scrap players fbref
https://fbref.com/en/players/65829d85/Dominic-Samuel,203784,Dominic Samuel,Not found,"April 11, 1994 (Age: 31-228d)","Southwark, England, United Kingdom",182,England eng,FW-MF,Right,2012-2013,18 years,Colchester Utd,2012,first scrap players fbref
https://fbref.com/en/players/9a28eba4/Adama-Traore,204103,Adama Traoré,Not found,"January 25, 1996 (Age: 29-304d)","l'Hospitalet de Llobregat, Spain",178,Spain es  Other: Mali,"FW-MF (AM-WM, right)",Right,2013-2014,17 years,Barcelona,2013,first scrap players fbref
https://fbref.com/en/players/e3aa211f/Adam-Campbell,204354,Adam Campbell,Not found,"January 1, 1995 (Age: 30-328d)","North Shields, England, United Kingdom",168,England eng,FW-MF (WM),Both,2012-2013,17 years,Newcastle Utd,2012,first scrap players fbref
https://fbref.com/en/players/3595affe/Dan-Potts,207037,Dan Potts,Not found,13-Apr-94,Not found,173,England eng,"DF (FB, left)",Left,2011-2012,17 years,West Ham,2011,first scrap players fbref
https://fbref.com/en/players/11b9265b/Alberto-Moreno,207917,Alberto Moreno,Not found,"July 5, 1992 (Age: 33-154d)","Sevilla, Spain",172,Spain,"DF-MF (FB, left)",Left,2011-2012,19 years,Sevilla,2011,players corrected fbref
https://fbref.com/en/players/cea4ee8f/Dele-Alli,207929,Dele Alli,Not found,11-Apr-96,Not found,188,England eng,FW-MF (AM),Right,2012-2013,16 years,MK Dons,2012,first scrap players fbref
https://fbref.com/en/players/321506b3/Brendan-Galloway,208244,Brendan Galloway,Not found,"March 17, 1996 (Age: 29-253d)","Harare, Zimbabwe",186,Zimbabwe zw  Other: England,DF,Left,2011-2012,15 years,MK Dons,2011,first scrap players fbref
https://fbref.com/en/players/af721f98/Oumar-Niasse,209781,Oumar Niasse,Not found,18-Apr-90,Not found,182,Senegal,FW-MF (WM),Right,2012,21 years,Brann,Not found,first scrap players fbref
https://fbref.com/en/players/1a4ef233/Daniel-Amartey,214056,Daniel Amartey,Not found,21-Dec-94,Not found,182,Ghana,"DF-MF (CB, right)",Right,2013,18 years,Djurgården,Not found,first scrap players fbref
https://fbref.com/en/players/dc6f5bdd/Calum-Chambers,215118,Calum Chambers,Not found,"January 20, 1995 (Age: 30-309d)","Petersfield, England, United Kingdom",183,England eng,DF-MF (CB-FB),Right,2013-2014,18 years,Southampton,2013,first scrap players fbref
https://fbref.com/en/players/84afeaff/George-Honeyman,218140,George Honeyman,Not found,"September 8, 1994 (Age: 31-078d)","Prudhoe, England, United Kingdom",173,Not found,FW-MF (AM-CM),Right,2014-2015,19 years,Sunderland,2014,first scrap players fbref
https://fbref.com/en/players/47a26e7c/Mikael-Mandron,218144,Mikael Mandron,Not found,"October 11, 1994 (Age: 31-045d)","Boulogne-sur-Mer, France",191,Not found,FW,Right,2012-2013,17 years,Sunderland,2012,first scrap players fbref
https://fbref.com/en/players/0ff967f7/Matthew-Pennington,220755,Matthew Pennington,Not found,"October 6, 1994 (Age: 31-050d)","Warrington, England, United Kingdom",185,England eng,DF (CB),Right,2013-2014,18 years,Tranmere Rovers,2013,first scrap players fbref
https://fbref.com/en/players/354b46ef/Abdul-Razak-Dikeni,224090,Abdul Razak,Not found,13-Jan-04,Not found,Not found,Not found,DF,Not found,2020-2021,16 years,Holstein Kiel,2020,first scrap players fbref
https://fbref.com/en/players/e4086af3/Baba-Rahman,224884,Baba Rahman,Not found,"July 2, 1994 (Age: 31-146d)","Tamale, Ghana",179,Ghana,"DF-MF (CB-FB, left)",Left,2012-2013,18 years,Greuther Fürth,2012,first scrap players fbref
https://fbref.com/en/players/b9fbae28/NGolo-Kante,225083,N'Golo Kanté,Not found,"March 29, 1991 (Age: 34-241d)","Paris, France",169,France,MF (CM-DM-WM),Right,2011-2012,20 years,Boulogne,2011,first scrap players fbref
https://fbref.com/en/players/59d93937/Patrick-Roberts,225452,Patrick Roberts,Not found,"February 5, 1997 (Age: 28-293d)","Kingston upon Thames, England, United Kingdom",167,England eng,"FW-MF (AM-WM, right)",Left,2013-2014,16 years,Fulham,2013,first scrap players fbref
https://fbref.com/en/players/f744b4df/Dominic-Gape,226964,Dominic Gape,Not found,"September 9, 1994 (Age: 31-077d)","Burton Bradstock, England, United Kingdom",180,Not found,MF (CM),Right,2014-2015,19 years,Southampton,2014,first scrap players fbref
https://fbref.com/en/players/430696d5/Lloyd-Isgrove,226965,Lloyd Isgrove,Not found,12-Jan-93,Not found,178,Wales wls  Other: England,"MF (WM, right)",Right,2013-2014,20 years,P'borough Utd,2013,first scrap players fbref
https://fbref.com/en/players/803ae100/Harrison-Reed,226973,Harrison Reed,Not found,"January 27, 1995 (Age: 30-302d)","Worthing, England, United Kingdom",176,England eng,MF (DM),Right,2013-2014,18 years,Southampton,2013,first scrap players fbref
https://fbref.com/en/players/44361ade/Sam-Gallagher,227183,Sam Gallagher,Not found,"September 15, 1995 (Age: 30-071d)","Crediton, England, United Kingdom",193,England eng  Other: Scotland,FW-MF,Right,2013-2014,17 years,Southampton,2013,first scrap players fbref
https://fbref.com/en/players/63741fb9/Jason-McCarthy,227185,Jason McCarthy,Not found,"November 7, 1995 (Age: 30-018d)","Southampton, England, United Kingdom",186,Not found,"DF-MF (CB-FB, right)",Right,2014-2015,18 years,Southampton,2014,first scrap players fbref
https://fbref.com/en/players/e7986081/Moussa-Dembele,229004,Moussa Dembélé,Not found,"July 12, 1996 (Age: 29-136d)","Pontoise, France",183,France,FW,Right,2013-2014,17 years,Fulham,2013,first scrap players fbref
https://fbref.com/en/players/3043d33f/Bersant-Celina,229695,Bersant Celina,Not found,"September 9, 1996 (Age: 29-077d)","Prizren, Kosovo",177,Kosovo xk  Other: Norway,FW-MF (AM),Right,2015-2016,18 years,Manchester City,2015,first scrap players fbref
https://fbref.com/en/players/e5192234/Elliot-Lee,229826,Elliot Lee,Not found,"December 16, 1994 (Age: 30-344d)","Durham, England, United Kingdom",180,Not found,FW-MF (CM),Both,2013-2014,18 years,Colchester Utd,2013,first scrap players fbref
https://fbref.com/en/players/7e2f45f4/Tom-Lawrence,229970,Tom Lawrence,Not found,"January 13, 1994 (Age: 31-316d)","Wrexham, Wales, United Kingdom",175,Wales wls,FW-MF (AM),Right,2013-2014,19 years,Manchester Utd,2013,first scrap players fbref
https://fbref.com/en/players/2e4f5f03/Andrew-Robertson,234803,Andrew Robertson,Not found,"March 11, 1994 (Age: 31-259d)","Glasgow, Scotland, United Kingdom",178,Scotland sct,"DF-MF (FB, left)",Left,2013-2014,19 years,Dundee United,2013,first scrap players fbref
https://fbref.com/en/players/7b9a86e6/Sheyi-Ojo,236510,Sheyi Ojo,Not found,"June 19, 1997 (Age: 28-159d)","Hemel Hempstead, England, United Kingdom",178,England eng,FW-MF (AM-WM),Left,2014-2015,17 years,Wigan Athletic,2014,first scrap players fbref
https://fbref.com/en/players/1695c659/Jerome-Sinclair,236513,Jerome Sinclair,Not found,20-Sep-96,Not found,181,England eng,FW,Left,2014-2015,17 years,Wigan Athletic,2014,first scrap players fbref
https://fbref.com/en/players/1bf811d4/Sam-Byram,236953,Sam Byram,Not found,"September 16, 1993 (Age: 32-070d)","Borough of Thurrock, England, United Kingdom",180,Not found,DF-MF (FB-WM),Right,2012-2013,18 years,Leeds United,2012,first scrap players fbref
https://fbref.com/en/players/07ace8c3/Rhys-Healey,238185,Rhys Healey,Not found,"December 6, 1994 (Age: 30-354d)","Manchester, England, United Kingdom",175,Not found,FW,Right,2013-2014,18 years,Cardiff City,2013,first scrap players fbref
https://fbref.com/en/players/8e42ea27/Declan-John,238585,Declan John,Not found,"June 30, 1995 (Age: 30-148d)","Merthyr Tydfil, Wales, United Kingdom",178,Wales wls,"DF-MF (FB, left)",Left,2013-2014,18 years,Cardiff City,2013,first scrap players fbref
https://fbref.com/en/players/77f278a0/Clinton-NJie,241119,Clinton N'Jie,Not found,15-Aug-93,Not found,175,Cameroon,FW-MF,Right,2012-2013,18 years,Lyon,2012,first scrap players fbref
https://fbref.com/en/players/22721b88/Jordan-Amavi,241229,Jordan Amavi,Not found,9-Mar-94,Not found,176,France,"DF (FB, left)",Left,2013-2014,19 years,Nice,2013,first scrap players fbref
https://fbref.com/en/players/68a26d51/Pedro-Chirivella,242273,Pedro Chirivella,Not found,"May 23, 1997 (Age: 28-186d)","Valencia, Spain",178,Spain,MF (CM-DM),Right,2015-2016,18 years,Liverpool,2015,first scrap players fbref
https://fbref.com/en/players/f6d7d690/Josh-Cullen,242606,Josh Cullen,Not found,"April 7, 1996 (Age: 29-232d)","Southend-on-Sea, England, United Kingdom",180,Republic of Ireland ie  Other: England,DF-MF (CM-DM),Right,2014-2015,18 years,West Ham,2014,first scrap players fbref
https://fbref.com/en/players/6ca5ec4b/Alex-Iwobi,242631,Alex Iwobi,Not found,"May 3, 1996 (Age: 29-206d)","Lagos, Nigeria",180,Nigeria ng  Other: England,FW-MF (AM-CM-WM),Right,2015-2016,19 years,Arsenal,2015,first scrap players fbref
https://fbref.com/en/players/6612cd8c/Josh-Onomah,243589,Josh Onomah,Not found,"April 27, 1997 (Age: 28-212d)","Enfield, England, United Kingdom",185,England eng,FW-MF,Right,2014-2015,17 years,Tottenham,2014,first scrap players fbref
https://fbref.com/en/players/929917ce/Hiram-Boateng,244125,Hiram Boateng,Not found,"January 8, 1996 (Age: 29-321d)","Wandsworth, England, United Kingdom",170,Not found,FW-MF (CM),Left,2013-2014,17 years,Crawley Town,2013,first scrap players fbref
https://fbref.com/en/players/fc166e49/Sullay-Kaikai,244130,Sullay Kaikai,Not found,"August 26, 1995 (Age: 30-091d)","Southwark, England, United Kingdom",182,Sierra Leone sl  Other: England,FW-MF (AM-WM),Right,2013-2014,17 years,Crawley Town,2013,first scrap players fbref
https://fbref.com/en/players/3189f61a/Nabil-Bentaleb,245537,Nabil Bentaleb,Not found,"November 24, 1994 (Age: 31-001d)","Lille, France",187,Algeria dz  Other: France,MF (CM-DM),Left,2013-2014,18 years,Tottenham,2013,first scrap players fbref
https://fbref.com/en/players/bf54c8cc/Izzy-Brown,245805,Izzy Brown,Not found,7-Jan-97,Not found,182,England eng,FW-MF (AM),Right,2012-2013,15 years,West Brom,2012,first scrap players fbref
https://fbref.com/en/players/9fc0f253/Matt-Miazga,245893,Matt Miazga,Not found,"July 19, 1995 (Age: 30-129d)","Clifton, New Jersey, United States",191,United States us  Other: Poland,DF (CB),Right,2013,17 years,NY Red Bulls,Not found,first scrap players fbref
https://fbref.com/en/players/819aa8e7/Ayoze-Perez,246968,Ayoze Pérez,Not found,"July 29, 1993 (Age: 32-119d)","Santa Cruz de Tenerife, Spain",179,Spain,FW-MF (AM-WM),Right,2013-2014,20 years,Tenerife,2013,first scrap players fbref
https://fbref.com/en/players/49ef3149/Ryan-Seager,247647,Ryan Seager,Not found,5-Feb-96,Not found,176,England eng,FW,Right,2014-2015,18 years,Southampton,2014,first scrap players fbref
https://fbref.com/en/players/2b2bae51/Duncan-Watmore,248045,Duncan Watmore,Not found,8-Mar-94,Not found,175,England eng,FW-MF (AM-WM),Right,2013-2014,19 years,Hibernian,2013,first scrap players fbref
https://fbref.com/en/players/c21e39f9/Chris-Martin,248054,Chris Martin,Not found,"November 4, 1988 (Age: 37-021d)","Norwich, England, United Kingdom",185,Scotland sct  Other: England,FW,Right,2006-2007,17 years,Norwich City,2006,first scrap players fbref
https://fbref.com/en/players/68c720b5/Adam-Armstrong,250426,Adam Armstrong,Not found,"February 10, 1997 (Age: 28-288d)","Newcastle upon Tyne, England, United Kingdom",172,England eng,FW-MF (AM),Right,2013-2014,16 years,Newcastle Utd,2013,first scrap players fbref
https://fbref.com/en/players/f13d0f83/Jamie-Sterry,250431,Jamie Sterry,Not found,"November 21, 1995 (Age: 30-004d)","Newcastle upon Tyne, England, United Kingdom",178,Not found,"DF-MF (FB, right)",Right,2014-2015,18 years,Newcastle Utd,2014,first scrap players fbref
https://fbref.com/en/players/e514ab62/Matt-Targett,250478,Matt Targett,Not found,"September 18, 1995 (Age: 30-068d)","Winchester, England, United Kingdom",178,England eng,"DF-MF (FB, left)",Left,2014-2015,18 years,Southampton,2014,first scrap players fbref
https://fbref.com/en/players/c8d651c1/James-Weir,251058,James Weir,Not found,4-Aug-95,Not found,183,England eng,MF,Right,2015-2016,19 years,Manchester Utd,2015,first scrap players fbref
https://fbref.com/en/players/f246a2a8/Jordan-Lyden,251289,Jordan Lyden,Not found,30-Jan-96,Not found,178,Australia,MF,Right,2015-2016,19 years,Aston Villa,2015,first scrap players fbref
https://fbref.com/en/players/e09f279b/Ivan-Toney,251664,Ivan Toney,Not found,"March 16, 1996 (Age: 29-254d)","Northampton, England, United Kingdom",179,England eng,FW,Right,2013-2014,17 years,Northampton,2013,first scrap players fbref
https://fbref.com/en/players/1137759d/Sergi-Canos,251845,Sergi Canós,Not found,"February 2, 1997 (Age: 28-296d)","Nules, Spain",175,Spain,DF-FW-MF (AM-WM),Right,2015-2016,18 years,Liverpool,2015,first scrap players fbref
https://fbref.com/en/players/8397a50c/Tyrone-Mings,253677,Tyrone Mings,Not found,"March 13, 1993 (Age: 32-257d)","Bath, England, United Kingdom",195,England eng,"DF (CB-FB, left)",Left,2012-2013,19 years,Ipswich Town,2012,first scrap players fbref
https://fbref.com/en/players/ae0a7ddf/DeAndre-Yedlin,255916,DeAndre Yedlin,Not found,"July 9, 1993 (Age: 32-139d)","Seattle, Washington, United States",173,United States,"DF-MF (FB, right)",Right,2013,19 years,Seattle Sounders,Not found,first scrap players fbref
https://fbref.com/en/players/7a11550b/Joe-Gomez,256178,Joe Gomez,Not found,"May 23, 1997 (Age: 28-186d)","Catford, England, United Kingdom",188,England eng,"DF (CB-FB, right)",Right,2014-2015,17 years,Charlton Ath,2014,first scrap players fbref
https://fbref.com/en/players/a18298ff/Thomas-Robson,257968,Thomas Robson,Not found,"September 11, 1995 (Age: 30-075d)","Sunderland, England, United Kingdom",178,Not found,"DF-MF (FB, left)",Left,2014-2015,18 years,Sunderland,2014,first scrap players fbref
https://fbref.com/en/players/c5942695/Rolando-Aarons,258188,Rolando Aarons,Not found,"November 16, 1995 (Age: 30-009d)","Kingston, Jamaica",175,England eng  Other: Jamaica,MF (WM),Left,2014-2015,18 years,Newcastle Utd,2014,first scrap players fbref
https://fbref.com/en/players/ff61102d/Cameron-Borthwick-Jackson,258879,Cameron Borthwick-Jackson,Not found,2-Feb-97,Not found,183,England eng,"DF-MF (FB, left)",Left,2015-2016,18 years,Manchester Utd,2015,first scrap players fbref
https://fbref.com/en/players/099e666f/Jonjoe-Kenny,258883,Jonjoe Kenny,Not found,"March 15, 1997 (Age: 28-255d)","Kirkdale, England, United Kingdom",176,England eng,"DF-FW-MF (FB, right)",Right,2015-2016,18 years,Wigan Athletic,2015,first scrap players fbref
https://fbref.com/en/players/2f6ec02a/Kieran-Dowell,258916,Kieran Dowell,Not found,"October 10, 1997 (Age: 28-046d)","Ormskirk, England, United Kingdom",184,England eng,FW-MF (AM),Left,2015-2016,17 years,Everton,2015,first scrap players fbref
https://fbref.com/en/players/a1d5bd30/Marcus-Rashford,258923,Marcus Rashford,Not found,"October 31, 1997 (Age: 28-025d)","Wythenshawe, England, United Kingdom",180,England eng,FW-MF (AM),Right,2015-2016,17 years,Manchester Utd,2015,first scrap players fbref
https://fbref.com/en/players/0e459095/Jordan-Rossiter,258924,Jordan Rossiter,Not found,"March 24, 1997 (Age: 28-246d)","Liverpool, England, United Kingdom",178,England eng,MF (CM),Right,2014-2015,17 years,Liverpool,2014,first scrap players fbref
https://fbref.com/en/players/9220e731/Cameron-Brannagan,261357,Cameron Brannagan,Not found,"May 9, 1996 (Age: 29-200d)","Manchester, England, United Kingdom",180,England eng,"MF (CM-DM, left)",Right,2014-2015,18 years,Liverpool,2014,first scrap players fbref
https://fbref.com/en/players/beed85c7/Joe-Dodoo,261738,Joe Dodoo,Not found,"June 29, 1995 (Age: 30-149d)","Kumasi, Ghana",183,England eng,FW-MF,Right,2015-2016,20 years,Leicester City,2015,first scrap players fbref
https://fbref.com/en/players/412e1445/Connor-Randall,262545,Connor Randall,Not found,"October 21, 1995 (Age: 30-035d)","Liverpool, England, United Kingdom",180,England eng,"DF-MF (DM-FB, right)",Right,2014-2015,18 years,Shrewsbury,2014,first scrap players fbref
https://fbref.com/en/players/16f65d25/Reece-Grego-Cox,264199,Reece Grego-Cox,Not found,"November 12, 1996 (Age: 29-013d)","Hammersmith, England, United Kingdom",170,Republic of Ireland ie  Other: England,FW-MF,Right,2014-2015,17 years,QPR,2014,first scrap players fbref
https://fbref.com/en/players/a681b7b7/Reece-Burke,264220,Reece Burke,Not found,"September 2, 1996 (Age: 29-084d)","Newham, England, United Kingdom",188,England eng,"DF (CB, right)",Right,2014-2015,17 years,West Ham,2014,first scrap players fbref
https://fbref.com/en/players/e2910435/Kevin-Toner,265132,Kevin Toner,Not found,"July 18, 1996 (Age: 29-130d)","Ashbourne, Republic of Ireland",180,Not found,DF,Right,2015-2016,19 years,Aston Villa,2015,first scrap players fbref
https://fbref.com/en/players/81a487b9/Matt-Grimes,265471,Matt Grimes,Not found,"July 15, 1995 (Age: 30-133d)","Exeter, England, United Kingdom",178,England eng,MF (CM-DM),Left,2013-2014,18 years,Exeter City,2013,first scrap players fbref
https://fbref.com/en/players/6ed1a2a2/Manu-Garcia,277118,Manu García,Not found,"January 2, 1998 (Age: 27-338d)","Oviedo, Spain",170,Spain,FW-MF (AM-CM),Right,2015-2016,17 years,Manchester City,2015,players corrected fbref
https://fbref.com/en/players/5eebbfdf/Kenedy,281404,Kenedy,Not found,"February 8, 1996 (Age: 29-301d)","Santa Rita do Sapucaí, Brazil",181,Brazil,FW-MF (WM),Left,2014,17 years,Fluminense,Not found,players corrected fbref
https://fbref.com/en/players/e3a5814e/Ainsley-Maitland-Niles,285845,Ainsley Maitland-Niles,Not found,"August 29, 1997 (Age: 28-088d)","London, England, United Kingdom",180,England eng,DF-FW-MF (FB-WM),Right,2014-2015,16 years,Arsenal,2014,first scrap players fbref
https://fbref.com/en/players/4468ec10/Demarai-Gray,292417,Demarai Gray,Not found,"June 28, 1996 (Age: 29-150d)","Birmingham, England, United Kingdom",178,Jamaica jm  Other: England,FW-MF (AM-WM),Right,2013-2014,17 years,Birmingham City,2013,first scrap players fbref
https://fbref.com/en/players/c92e1a31/Kelechi-Iheanacho,295330,Kelechi Iheanacho,Not found,"October 3, 1996 (Age: 29-053d)",Nigeria,185,Nigeria,FW-MF,Left,2015-2016,18 years,Manchester City,2015,first scrap players fbref
https://fbref.com/en/players/6c17e046/Tyler-Roberts,296986,Tyler Roberts,Not found,"January 12, 1999 (Age: 26-328d)","Gloucester, England, United Kingdom",180,Wales wls  Other: England,FW-MF (AM),Right,2014-2015,15 years,West Brom,2014,players corrected fbref
https://fbref.com/en/players/7edfbb8a/Fikayo-Tomori,303254,Fikayo Tomori,Not found,"December 19, 1997 (Age: 27-341d)","Calgary, Alberta, Canada",185,England eng  Other: Canada,DF (CB),Right,2015-2016,17 years,Chelsea,2015,first scrap players fbref
https://fbref.com/en/players/22e07c17/Liam-ONeil,305069,Liam O'Neil,Not found,31-Jul-93,Not found,173,Not found,DF-MF (CM),Right,2012,18 years,VPS,Not found,first scrap players fbref
https://fbref.com/en/players/39ad0b72/Callum-Connolly,308632,Callum Connolly,Not found,"September 23, 1997 (Age: 28-063d)","Liverpool, England, United Kingdom",183,England eng,DF-MF (CB-FB),Right,2015-2016,17 years,Everton,2015,first scrap players fbref
https://fbref.com/en/players/6e287b7a/Andre-Green,309841,André Green,Not found,"July 26, 1998 (Age: 27-122d)","Solihull, England, United Kingdom",180,England eng,FW-MF,Right,2014-2015,16 years,Aston Villa,2014,first scrap players fbref
https://fbref.com/en/players/9228b07c/Tom-Davies,314210,Tom Davies,Not found,"June 30, 1998 (Age: 27-148d)","Liverpool, England, United Kingdom",180,England eng,MF (CM),Right,2015-2016,17 years,Everton,2015,first scrap players fbref
https://fbref.com/en/players/1e2012a6/Rushian-Hepburn-Murphy,314237,Rushian Hepburn-Murphy,Not found,"September 19, 1998 (Age: 27-078d)","Birmingham, England, United Kingdom",187,England eng,FW,Right,2014-2015,15 years,Aston Villa,2014,players corrected fbref
https://fbref.com/en/players/76b5cbbd/Jonathan-Leko,314266,Jonathan Leko,Not found,"April 24, 1999 (Age: 26-215d)","Kinshasa, Congo DR",182,England eng,FW-MF,Right,2015-2016,16 years,West Brom,2015,first scrap players fbref
https://fbref.com/en/players/8b6e0db2/Reece-Oxford,314295,Reece Oxford,Not found,16-Dec-98,Not found,190,England eng,DF (CB),Right,2014-2015,15 years,West Ham,2014,first scrap players fbref
https://fbref.com/en/players/9e49c320/Obbi-Oulare,314959,Obbi Oulare,Not found,8-Jan-96,Not found,196,Belgium,FW,Right,2014-2015,18 years,Club Brugge,2014,first scrap players fbref
https://fbref.com/en/players/a9142dc3/Timothy-Fosu-Mensah,315131,Timothy Fosu-Mensah,Not found,2-Jan-98,Not found,190,Netherlands,DF,Right,2015-2016,17 years,Manchester Utd,2015,first scrap players fbref
https://fbref.com/en/players/4c83c9f8/Jake-Hesketh,315185,Jake Hesketh,Not found,27-Mar-96,Not found,168,Not found,FW-MF,Right,2014-2015,18 years,Southampton,2014,first scrap players fbref
https://fbref.com/en/players/0df092d3/Jake-Clarke-Salter,316551,Jake Clarke-Salter,Not found,"September 22, 1997 (Age: 28-064d)","London, England, United Kingdom",188,England eng,"DF (CB, left)",Right,2015-2016,17 years,Chelsea,2015,first scrap players fbref
https://fbref.com/en/players/e5e459d4/Rees-Greenwood,320213,Rees Greenwood,Not found,10-Dec-96,Not found,179,Not found,FW,Right,2015-2016,18 years,Sunderland,2015,first scrap players fbref
https://fbref.com/en/players/4007ea81/Tom-James,325105,Tom James,Not found,"April 15, 1996 (Age: 29-235d)","Cardiff, Wales, United Kingdom",183,Wales wls  Other: England,DF-MF (FB),Not found,2013-2014,17 years,Cardiff City,2013,players corrected fbref
https://fbref.com/en/players/f586779e/Tammy-Abraham,331726,Tammy Abraham,Not found,"October 2, 1997 (Age: 28-054d)","Camberwell, England, United Kingdom",190,England eng,FW,Right,2015-2016,17 years,Chelsea,2015,first scrap players fbref
https://fbref.com/en/players/8981c6bd/Ollie-Shenton,335541,Ollie Shenton,Not found,6-Nov-97,Not found,186,Not found,MF,Left,2014-2015,16 years,Stoke City,2014,first scrap players fbref
https://fbref.com/en/players/ee15cb07/Cole-Kpekawa,347895,Cole Kpekawa,Not found,20-May-96,Not found,176,England eng,DF,Right,2014-2015,18 years,Portsmouth,2014,first scrap players fbref
https://fbref.com/en/players/3ec9195b/Darnell-Furlong,351755,Darnell Furlong,Not found,"October 31, 1995 (Age: 30-025d)","Luton, England, United Kingdom",180,Not found,"DF-MF (FB, right)",Right,2014-2015,18 years,QPR,2014,first scrap players fbref
https://fbref.com/en/players/caf7a176/Brandon-Comley,362809,Brandon Comley,Not found,"November 18, 1995 (Age: 30-007d)","Islington, England, United Kingdom",180,Montserrat ms  Other: England,MF (CM-DM),Right,2014-2015,18 years,QPR,2014,first scrap players fbref
https://fbref.com/en/players/5a325298/Eder,369081,Éder,Not found,15-Nov-86,Not found,178,Italy it  Other: Brazil,FW,Left,2006-2007,19 years,Empoli,2006,first scrap players fbref
https://fbref.com/en/players/52d1a4c6/Kenji-Gorre,374889,Kenji Gorré,Not found,"September 29, 1994 (Age: 31-057d)","Gemeente Spijkenisse, Netherlands",178,Curaçao cw  Other: Netherlands,FW-MF,Right,2014-2015,19 years,Swansea City,2014,first scrap players fbref
https://fbref.com/en/players/bd8a7d05/Sam-Field,387331,Sam Field,Not found,"May 8, 1998 (Age: 27-201d)","England, United Kingdom",180,England eng,MF (CM-DM),Right,2015-2016,17 years,West Brom,2015,first scrap players fbref
https://fbref.com/en/players/265ebd37/Nene,574901,Nenê,Not found,"July 19, 1981 (Age: 44-129d)","Jundiaí, Brazil",181,Brazil,FW-MF (AM-WM),Left,2003-2004,22 years,Mallorca,2003,first scrap players fbref
https://fbref.com/en/players/9b0dac73/Rory-Delap,610849,Rory Delap,Not found,6-Jul-76,Not found,183,Republic of Ireland,MF (AM),Not found,1997-1998,21 years,Derby County,1997,first scrap players fbref
https://fbref.com/en/players/1719f6b2/Andy-OBrien,869490,Andy O'Brien,Not found,29-Jun-79,Not found,191,Republic of Ireland ie  Other: England,DF (CB),Right,1999-2000,20 years,Bradford City,1999,first scrap players fbref
https://fbref.com/en/players/80f1245c/Patrick-Agyemang,1089574,Patrick Agyemang,Not found,29-Sep-80,Not found,185,Ghana gh  Other: England,FW,Not found,2001-2002,20 years,Wimbledon,2001,first scrap players fbref
https://fbref.com/en/players/58721835/Alex,15420,Alex,Not found,17-Jun-82,Not found,188,Brazil,DF (CB),Right,2004-2005,22 years,PSV Eindhoven,2004,third scrap
https://fbref.com/en/players/ffcbeb74/Anderson,31645,Anderson,Not found,13-Apr-88,Not found,176,Brazil,MF,Left,2005-2006,17 years,Porto,2005,third scrap
https://fbref.com/en/players/bc7b4580/Fabio,61891,Fábio,Not found,9-Jul-90,Not found,172,Brazil,DF (FB),Right,2009-2010,19 years,Manchester Utd,2009,third scrap
https://fbref.com/en/players/9a1f2e1c/Rafael,61892,Rafael,Not found,9-Jul-90,Not found,173,Brazil,"DF-MF (FB, right)",Right,2008-2009,18 years,Manchester Utd,2008,third scrap
https://fbref.com/en/players/1fb1c435/Rodrigo,131505,Rodrigo,Not found,"March 6, 1991 (Age: 34-278d)","Rio de Janeiro, Brazil",180,Spain es  Other: Brazil,FW-MF,Left,2010-2011,19 years,Bolton,2010,third scrap
https://fbref.com/en/players/c1c2c925/Sandro,74590,Sandro,Not found,15-Mar-89,Not found,188,Brazil,MF (DM),Right,2010-2011,21 years,Tottenham,2010,third scrap
https://fbref.com/en/players/47560da8/Paulo-da-Silva,38800,Paulo da Silva,Not found,1-Feb-80,Not found,184,Paraguay,DF (CB),Right,2001-2002,21 years,Cosenza,2001,third scrap
https://fbref.com/en/players/b8be3693/Doni,20392,Doni,Not found,22-Oct-79,Not found,194,Brazil,GK,Not found,2005-2006,25 years,Roma,2005,third scrap
https://fbref.com/en/players/5c5f1c9d/Cabral,33046,Cabral,Not found,22-Oct-88,Not found,178,Switzerland ch  Other: Cape Verde,MF (DM),Right,2007-2008,18 years,Basel,2007,third scrap
https://fbref.com/en/players/fe05804b/Cala,67089,Cala,Not found,26-Nov-89,Not found,187,Spain,"DF (CB, left)",Right,2007-2008,17 years,Sevilla B,2007,third scrap
https://fbref.com/en/players/8b9ebd03/Willian,52769,Willian,Not found,"August 9, 1988 (Age: 37-122d)","Ribeirão Pires, Brazil",175,Brazil,FW-MF (AM),Right,2007-2008,18 years,Shakhtar,2007,third scrap
https://fbref.com/en/players/b0d786ee/James-Wilson,214104,James Wilson,Not found,"December 1, 1995 (Age: 30-008d)","Biddulph, England, United Kingdom",180,England eng,FW-MF,Left,2013-2014,17 years,Manchester Utd,2013,third scrap
