player_name,transfermarkt_id,transfermarkt_url,first_tier_debut_date,first_tier_debut_age,first_tier_debut_age,first_tier_debut_competition,second_tier_debut_date,second_tier_debut_age,second_tier_debut_age,second_tier_debut_competition,debut_age_transfermarket,explanation
Alex,15420,https://www.transfermarkt.com/alex/profil/spieler/15420,25/08/2002,20 years 02 months 08 days,20,Campeonato Brasileiro Série A,No second tier career,No second tier career,No second tier career,No second tier career,20,players corrected
Anderson,31645,https://www.transfermarkt.com/anderson/profil/spieler/31645,23/10/2004,16 years 06 months 10 days,16,Campeonato Brasileiro Série A,22/10/2018,30 years 06 months 09 days,30,1.Lig,16,players corrected
Bebé,153427,https://www.transfermarkt.com/bebe/profil/spieler/153427,2/10/2010,20 years 02 months 20 days,20,Premier League,2/2/2018,27 years 06 months 21 days,27,Segunda División,20,players corrected
Lee Chung-yong,81801,https://www.transfermarkt.com/chung-yong-lee/profil/spieler/81801,12/3/2006,17 years 08 months 10 days,17,"K League - First Stage ('84,'86,'95,'96,'04-'06)",18/08/2012,24 years 01 month 16 days,24,Championship,17,players corrected
Rory Delap,4112,https://www.transfermarkt.com/rory-delap/profil/spieler/4112,14/02/1998,21 years 07 months 08 days,21,Premier League,6/8/2005,29 years 01 month 00 days,29,Championship,21,players corrected
Denílson,42352,https://www.transfermarkt.com/denilson/profil/spieler/42352,20/10/2005,17 years 08 months 04 days,17,Campeonato Brasileiro Série A,4/7/2021,33 years 04 months 18 days,33,Campeonato Brasileiro Série B,17,players corrected
Fábio,61891,https://www.transfermarkt.com/fabio/profil/spieler/61891,16/08/2009,19 years 01 month 07 days,19,Premier League,8/8/2014,24 years 30 days,24,Championship,19,players corrected
Vince Grella,6021,https://www.transfermarkt.com/vincenzo-grella/profil/spieler/6021,22/11/1998,19 years 01 month 17 days,19,Serie A,27/02/2000,20 years 04 months 22 days,20,Serie B,19,players corrected
El Hadji Diouf,3604,https://www.transfermarkt.com/el-hadji-diouf/profil/spieler/3604,11/11/1998,17 years 09 months 27 days,17,Ligue 1,1/11/2011,30 years 09 months 17 days,30,Championship,17,players corrected
Park Ji-sung,4592,https://www.transfermarkt.com/ji-sung-park/profil/spieler/4592,24/06/2000,19 years 03 months 30 days,19,Meiji Yasuda J1 League - Second Stage,10/3/2001,20 years 13 days,20,J2 League,19,players corrected
Sergei Kornilenko,15881,https://www.transfermarkt.com/sergey-kornilenko/profil/spieler/15881,12/6/2000,16 years 11 months 29 days,16,Vysheyshaya Liga,6/7/2014,31 years 22 days,31,1.Division,16,players corrected
Sotirios Kyrgiakos,9706,https://www.transfermarkt.com/sotiris-kyrgiakos/profil/spieler/9706,30/09/2001,22 years 02 months 07 days,22,Stoiximan Super League,19/09/1999,20 years 01 month 27 days,20,Football League,20,players corrected
Adrián López,44966,https://www.transfermarkt.com/adrian-lopez/profil/spieler/44966,30/09/2007,20 years 07 months 05 days,20,LaLiga,20/08/2017,30 years 05 months 26 days,30,1.Division,20,players corrected
Andy O'Brien,3228,https://www.transfermarkt.com/andrew-obrien/profil/spieler/3228,7/8/1999,20 years 01 month 09 days,20,Premier League,16/10/1996,17 years 03 months 17 days,17,,17,players corrected
Frédéric Piquionne,5683,https://www.transfermarkt.com/frederic-piquionne/profil/spieler/5683,28/07/2001,22 years 07 months 20 days,22,Ligue 1,21/12/2000,22 years 13 days,22,Ligue 2,22,players corrected
Rafael,61892,https://www.transfermarkt.com/rafael/profil/spieler/61892,17/08/2008,18 years 01 month 08 days,18,Premier League,26/09/2021,31 years 02 months 17 days,31,Campeonato Brasileiro Série B,18,players corrected
Abdul Razak,177321,https://www.transfermarkt.com/abdul-razak/profil/spieler/177321,5/2/2011,18 years 02 months 25 days,18,Premier League,29/10/2011,18 years 11 months 18 days,18,Championship,18,players corrected
Jack Robinson,128909,https://www.transfermarkt.com/jack-robinson/profil/spieler/128909,9/5/2010,16 years 08 months 07 days,16,Premier League,19/02/2013,19 years 05 months 18 days,19,Championship,16,players corrected
Rodrigo,131505,https://www.transfermarkt.com/rodrigo/profil/spieler/131505,23/08/2014,23 years 05 months 17 days,23,LaLiga,No second tier career,No second tier career,No second tier career,No second tier career,23,players corrected
Sandro,74590,https://www.transfermarkt.com/sandro/profil/spieler/74590,4/10/2008,19 years 06 months 19 days,19,Campeonato Brasileiro Série A,3/10/2015,26 years 06 months 18 days,26,Championship,19,players corrected
Paulo da Silva,38800,https://www.transfermarkt.com/paulo-da-silva/profil/spieler/38800,27/02/2000,20 years 26 days,20,Torneo Final,20/09/2000,20 years 07 months 19 days,20,Serie B,20,players corrected
Alan Smith,3768,https://www.transfermarkt.com/alan-smith/profil/spieler/3768,14/11/1998,18 years 17 days,18,Premier League,8/8/2009,28 years 09 months 11 days,28,Championship,18,players corrected
Alexandre Song,27394,https://www.transfermarkt.com/alex-song/profil/spieler/27394,7/8/2004,16 years 10 months 29 days,16,Ligue 1,No second tier career,No second tier career,No second tier career,No second tier career,16,players corrected
Matt Upson,3273,https://www.transfermarkt.com/matthew-upson/profil/spieler/3273,17/01/1998,18 years 08 months 30 days,18,Premier League,9/12/2000,21 years 07 months 21 days,21,,18,players corrected
Xisco,34564,https://www.transfermarkt.com/xisco/profil/spieler/34564,16/04/2005,18 years 09 months 21 days,18,LaLiga,2/9/2006,20 years 02 months 07 days,20,Segunda División,18,players corrected
Yuri Zhirkov,16760,https://www.transfermarkt.com/yuriy-zhirkov/profil/spieler/16760,12/3/2004,20 years 06 months 21 days,20,Premier Liga,No second tier career,No second tier career,No second tier career,No second tier career,20,players corrected
Patrick Agyemang,13982,https://www.transfermarkt.com/patrick-agyemang/profil/spieler/13982,20/08/2011,30 years 10 months 22 days,30,Premier League,12/8/2000,19 years 10 months 14 days,19,,19,players corrected
Bruno Andrade,169633,https://www.transfermarkt.com/bruno-andrade/profil/spieler/169633,27/08/2011,17 years 10 months 25 days,17,Premier League,20/11/2010,17 years 01 month 18 days,17,Championship,17,players corrected
Park Chu-young,30982,https://www.transfermarkt.com/chu-young-park/profil/spieler/30982,15/05/2005,19 years 10 months 05 days,19,"K League - First Stage ('84,'86,'95,'96,'04-'06)",2/2/2014,28 years 06 months 23 days,28,Championship,19,players corrected
Ji Dong-won,164265,https://www.transfermarkt.com/dong-won-ji/profil/spieler/164265,27/02/2010,18 years 08 months 30 days,18,K League 1,28/01/2018,26 years 08 months 00 days,26,2.Bundesliga,18,players corrected
Doni,20392,https://www.transfermarkt.com/doni/profil/spieler/20392,2/9/2001,21 years 10 months 11 days,21,Campeonato Brasileiro Série A,No second tier career,No second tier career,No second tier career,No second tier career,21,players corrected
Robert Hulse,9980,https://www.transfermarkt.com/rob-hulse/profil/spieler/9980,14/11/2004,25 years 20 days,25,Premier League,4/3/2000,20 years 04 months 08 days,20,,20,players corrected
Eggert Jónsson,45298,https://www.transfermarkt.com/eggert-gunnthor-jonsson/profil/spieler/45298,10/2/2007,18 years 05 months 23 days,18,Scottish Premiership,25/08/2012,24 years 07 days,24,Championship,18,players corrected
Chris Martin,46154,https://www.transfermarkt.com/chris-martin/profil/spieler/46154,21/08/2011,22 years 09 months 17 days,22,Premier League,30/01/2007,18 years 02 months 26 days,18,Championship,18,players corrected
Tommy Smith,12401,https://www.transfermarkt.com/tommy-smith/profil/spieler/12401,7/8/1999,19 years 02 months 16 days,19,Premier League,16/02/1999,18 years 08 months 25 days,18,,18,players corrected
Lee Camp,13443,https://www.transfermarkt.com/lee-camp/profil/spieler/13443,17/03/2013,28 years 06 months 23 days,28,Premier League,26/04/2003,18 years 08 months 04 days,18,First Division (until 03/04),18,players corrected
Javier Garrido,23218,https://www.transfermarkt.com/javier-garrido/profil/spieler/23218,18/01/2003,17 years 10 months 03 days,17,LaLiga,10/8/2014,29 years 04 months 26 days,29,Championship,17,players corrected
Giorgos Karagounis,6106,https://www.transfermarkt.com/georgios-karagounis/profil/spieler/6106,8/9/1996,19 years 06 months 02 days,19,Stoiximan Super League,No second tier career,No second tier career,No second tier career,No second tier career,19,players corrected
Adam Mitchell,196316,https://www.transfermarkt.com/adam-mitchell/profil/spieler/196316,Not found,Not found,Not,Not found,No second tier career,No second tier career,No second tier career,No second tier career,No second tier career,players corrected
Maicon Sisenando,18301,https://www.transfermarkt.com/maicon/profil/spieler/18301,26/08/2001,20 years 01 month 00 days,20,Campeonato Brasileiro Série A,27/04/2019,37 years 09 months 01 day,37,Campeonato Brasileiro Série B,20,players corrected
Alex Smith,116655,https://www.transfermarkt.com/alex-smith/profil/spieler/116655,15/09/2012,20 years 10 months 15 days,20,Premier League,No second tier career,No second tier career,No second tier career,No second tier career,20,players corrected
Ki Sung-yueng,81796,https://www.transfermarkt.com/sung-yueng-ki/profil/spieler/81796,4/3/2007,18 years 01 month 08 days,18,K League 1,No second tier career,No second tier career,No second tier career,No second tier career,18,players corrected
Adrián,71271,https://www.transfermarkt.com/adrian/profil/spieler/71271,29/09/2012,25 years 08 months 26 days,25,LaLiga,No second tier career,No second tier career,No second tier career,No second tier career,25,players corrected
Luis Alberto,128220,https://www.transfermarkt.com/luis-alberto/profil/spieler/128220,16/04/2011,18 years 06 months 19 days,18,LaLiga,2/9/2012,19 years 11 months 05 days,19,Segunda División,18,players corrected
Sone Aluko,42198,https://www.transfermarkt.com/sone-aluko/profil/spieler/42198,28/10/2007,18 years 08 months 09 days,18,Scottish Premiership,9/8/2008,19 years 05 months 21 days,19,Championship,18,players corrected
Kim Bo-kyung,128375,https://www.transfermarkt.com/bo-kyung-kim/profil/spieler/128375,5/3/2011,21 years 04 months 27 days,21,J1 League,7/3/2010,20 years 05 months 01 day,20,J2 League,20,players corrected
Cabral,33046,https://www.transfermarkt.com/cabral/profil/spieler/33046,5/8/2007,18 years 09 months 14 days,18,Raiffeisen Super League,16/07/2005,16 years 08 months 24 days,16,Brack.ch Challenge League,16,players corrected
Cala,67089,https://www.transfermarkt.com/juan-cala/profil/spieler/67089,7/2/2010,20 years 02 months 12 days,20,LaLiga,29/03/2008,18 years 04 months 03 days,18,Segunda División,18,players corrected
José Cañas,69609,https://www.transfermarkt.com/jose-alberto-canas/profil/spieler/69609,3/5/2009,21 years 11 months 06 days,21,LaLiga,11/9/2010,23 years 03 months 15 days,23,Segunda División,21,players corrected
Mohamed Gedo,104941,https://www.transfermarkt.com/gedo/profil/spieler/104941,12/8/2005,20 years 09 months 13 days,20,Egyptian Premier League,9/2/2013,28 years 03 months 10 days,28,Championship,20,players corrected
Mats Møller Dæhli,190831,https://www.transfermarkt.com/mats-moller-daehli/profil/spieler/190831,3/8/2013,18 years 05 months 01 day,18,Eliteserien,8/8/2014,19 years 05 months 06 days,19,Championship,18,players corrected
Liam O'Neil,141349,https://www.transfermarkt.com/liam-oneil/profil/spieler/141349,15/04/2012,18 years 08 months 15 days,18,Veikkausliiga,No second tier career,No second tier career,No second tier career,No second tier career,18,players corrected
Willian,52769,https://www.transfermarkt.com/willian/profil/spieler/52769,1/11/2006,18 years 02 months 23 days,18,Campeonato Brasileiro Série A,No second tier career,No second tier career,No second tier career,No second tier career,18,players corrected
James Wilson,214104,https://www.transfermarkt.com/james-wilson/profil/spieler/214104,6/5/2014,18 years 05 months 05 days,18,Premier League,28/11/2015,19 years 11 months 28 days,19,Championship,18,players corrected
Michael Duff,36894,https://www.transfermarkt.com/michael-duff/profil/spieler/36894,20/12/2009,31 years 11 months 09 days,31,Premier League,7/8/2004,26 years 06 months 27 days,26,Championship,26,players corrected
Fernando,51174,https://www.transfermarkt.com/fernando/profil/spieler/51174,26/08/2007,20 years 01 month 01 day,20,Liga Portugal,No second tier career,No second tier career,No second tier career,No second tier career,20,players corrected
Nenê,29091,https://www.transfermarkt.com/nene/profil/spieler/29091,11/8/2002,21 years 23 days,21,Campeonato Brasileiro Série A,5/9/2004,23 years 01 month 17 days,23,Segunda División,21,players corrected
José Pozo,195605,https://www.transfermarkt.com/jose-pozo/profil/spieler/195605,3/12/2014,18 years 08 months 18 days,18,Premier League,6/9/2015,19 years 05 months 22 days,19,Segunda División,18,players corrected
Carlos Sánchez,51226,https://www.transfermarkt.com/carlos-sanchez/profil/spieler/51226,9/6/2006,20 years 04 months 03 days,20,Primera División Apertura,6/3/2021,35 years 01 month 00 days,35,,20,players corrected
Yun Suk-young,126643,https://www.transfermarkt.com/seok-yeong-yun/profil/spieler/126643,7/3/2009,19 years 22 days,19,K League 1,10/8/2013,23 years 05 months 28 days,23,Championship,19,players corrected
Filip Đuričić,94307,https://www.transfermarkt.com/filip-djuricic/profil/spieler/94307,20/02/2010,18 years 21 days,18,VriendenLoterij Eredivisie,No second tier career,No second tier career,No second tier career,No second tier career,18,players corrected
Éder,84481,https://www.transfermarkt.com/eder/profil/spieler/84481,24/08/2008,20 years 08 months 02 days,20,Liga Portugal,No second tier career,No second tier career,No second tier career,No second tier career,20,players corrected
Son Heung-min,91845,https://www.transfermarkt.com/heung-min-son/profil/spieler/91845,30/10/2010,18 years 03 months 22 days,18,1.Bundesliga,No second tier career,No second tier career,No second tier career,No second tier career,18,players corrected
Jordan Pickford,130164,https://www.transfermarkt.com/jordan-pickford/profil/spieler/130164,16/01/2016,21 years 10 months 09 days,21,Premier League,9/8/2015,21 years 05 months 02 days,21,Championship,21,players corrected
Charlie Adam,28990,https://www.transfermarkt.com/charlie-adam/profil/spieler/28990,28/12/2003,18 years 18 days,18,Scottish Premiership,17/09/2005,19,19,Scottish Championship,18,first scrap players
Emmanuel Adebayor,8883,https://www.transfermarkt.com/emmanuel-adebayor/profil/spieler/8883,17/11/2001,17 years 08 months 22 days,17,Ligue 1,3/8/2002,18,18,Ligue 2,17,first scrap players
Gabriel Agbonlahor,37148,https://www.transfermarkt.com/gabriel-agbonlahor/profil/spieler/37148,18/03/2006,19 years 05 months 05 days,19,Premier League,28/09/2005,18,18,Championship,18,first scrap players
Daniel Agger,22832,https://www.transfermarkt.com/daniel-agger/profil/spieler/22832,25/07/2004,19 years 07 months 13 days,19,Superligaen,No second tier career,No second tier career,No second tier career,No second tier career,19,first scrap players
Yakubu Aiyegbeni,8559,https://www.transfermarkt.com/yakubu-aiyegbeni/profil/spieler/8559,19/11/1999,16 years 11 months 28 days,16,,18/01/2003,20,20,First Division (until 03/04),16,first scrap players
Marc Albrighton,61560,https://www.transfermarkt.com/marc-albrighton/profil/spieler/61560,15/08/2009,19 years 08 months 28 days,19,Premier League,30/10/2013,23,23,Championship,19,first scrap players
Antolín Alcaraz,14259,https://www.transfermarkt.com/antoln-alcaraz/profil/spieler/14259,26/01/2003,20 years 05 months 27 days,20,Liga Portugal,21/08/2005,23,23,Ledman Liga Pro,20,first scrap players
Manuel Almunia,16621,https://www.transfermarkt.com/manuel-almunia/profil/spieler/16621,17/11/2002,25 years 05 months 29 days,25,LaLiga,26/08/2001,24,24,Segunda División,24,first scrap players
Marcos Alonso,112515,https://www.transfermarkt.com/marcos-alonso/profil/spieler/112515,4/4/2010,19 years 03 months 07 days,19,LaLiga,15/09/2012,21,21,Championship,19,first scrap players
Sammy Ameobi,92381,https://www.transfermarkt.com/sammy-ameobi/profil/spieler/92381,15/05/2011,19 years 14 days,19,Premier League,2/3/2013,20,20,Championship,19,first scrap players
Shola Ameobi,3276,https://www.transfermarkt.com/shola-ameobi/profil/spieler/3276,9/9/2000,18 years 10 months 28 days,18,Premier League,29/03/2008,26,26,Championship,18,first scrap players
Keith Andrews,8035,https://www.transfermarkt.com/keith-andrews/profil/spieler/8035,29/11/2003,23 years 02 months 16 days,23,Premier League,18/03/2000,19,19,,19,first scrap players
Nicolas Anelka,3226,https://www.transfermarkt.com/nicolas-anelka/profil/spieler/3226,7/2/1996,16 years 10 months 24 days,16,Ligue 1,No second tier career,No second tier career,No second tier career,No second tier career,16,first scrap players
Marcos Angeleri,27448,https://www.transfermarkt.com/marcos-angeleri/profil/spieler/27448,15/02/2003,19 years 10 months 08 days,19,Torneo Final,No second tier career,No second tier career,No second tier career,No second tier career,19,first scrap players
Victor Anichebe,39532,https://www.transfermarkt.com/victor-anichebe/profil/spieler/39532,22/04/2006,17 years 11 months 30 days,17,Premier League,9/7/2017,29,29,China League One,17,first scrap players
Andrey Arshavin,15378,https://www.transfermarkt.com/andrey-arshavin/profil/spieler/15378,13/08/2000,19 years 02 months 15 days,19,Premier Liga,No second tier career,No second tier career,No second tier career,No second tier career,19,first scrap players
Mikel Arteta,7451,https://www.transfermarkt.com/mikel-arteta/profil/spieler/7451,17/02/2001,18 years 10 months 22 days,18,Ligue 1,No second tier career,No second tier career,No second tier career,No second tier career,18,first scrap players
Benoît Assou-Ekotto,18310,https://www.transfermarkt.com/benot-assou-ekotto/profil/spieler/18310,28/03/2004,20 years 04 days,20,Ligue 1,18/09/2013,29,29,Championship,20,first scrap players
Fábio Aurélio,7570,https://www.transfermarkt.com/fbio-aurlio/profil/spieler/7570,5/7/1997,17 years 09 months 11 days,17,Campeonato Brasileiro Série A,No second tier career,No second tier career,No second tier career,No second tier career,17,first scrap players
Demba Ba,40205,https://www.transfermarkt.com/demba-ba/profil/spieler/40205,29/07/2006,21 years 02 months 04 days,21,Jupiler Pro League,3/9/2007,22,22,2.Bundesliga,21,first scrap players
Ryan Babel,16135,https://www.transfermarkt.com/ryan-babel/profil/spieler/16135,1/2/2004,17 years 01 month 13 days,17,Eredivisie,13/08/2022,35,35,,17,first scrap players
Leighton Baines,13507,https://www.transfermarkt.com/leighton-baines/profil/spieler/13507,14/08/2005,20 years 08 months 03 days,20,Premier League,1/11/2003,18,18,First Division (until 03/04),18,first scrap players
Chris Baird,4115,https://www.transfermarkt.com/chris-baird/profil/spieler/4115,22/03/2003,21 years 25 days,21,Premier League,27/09/2003,21,21,First Division (until 03/04),21,first scrap players
Nathan Baker,62638,https://www.transfermarkt.com/nathan-baker/profil/spieler/62638,25/01/2011,19 years 09 months 02 days,19,Premier League,26/11/2011,20,20,Championship,19,first scrap players
Gareth Bale,39381,https://www.transfermarkt.com/gareth-bale/profil/spieler/39381,26/08/2007,18 years 01 month 10 days,18,Premier League,17/04/2006,16,16,Championship,16,first scrap players
Mario Balotelli,45146,https://www.transfermarkt.com/mario-balotelli/profil/spieler/45146,16/12/2007,17 years 04 months 04 days,17,Serie A,30/12/2020,30,30,Serie B,17,first scrap players
Barry Bannan,61561,https://www.transfermarkt.com/barry-bannan/profil/spieler/61561,14/08/2010,20 years 08 months 14 days,20,Premier League,14/03/2009,19,19,Championship,19,first scrap players
Alex Baptiste,16660,https://www.transfermarkt.com/alex-baptiste/profil/spieler/16660,14/08/2010,24 years 06 months 14 days,24,Premier League,22/11/2008,22,22,Championship,22,first scrap players
Phil Bardsley,15773,https://www.transfermarkt.com/phil-bardsley/profil/spieler/15773,31/01/2004,18 years 07 months 03 days,18,Jupiler Pro League,18/03/2006,20,20,Championship,18,first scrap players
Giles Barnes,37236,https://www.transfermarkt.com/giles-barnes/profil/spieler/37236,22/09/2007,19 years 01 month 17 days,19,Premier League,11/9/2005,17,17,Championship,17,first scrap players
Pablo Barrera,51079,https://www.transfermarkt.com/pablo-barrera/profil/spieler/51079,11/3/2007,19 years 08 months 18 days,19,Liga MX Clausura,4/2/2007,19,19,Liga de Expansión MX Clausura,19,first scrap players
Gareth Barry,3291,https://www.transfermarkt.com/gareth-barry/profil/spieler/3291,2/5/1998,17 years 02 months 09 days,17,Premier League,18/08/2018,37,37,Championship,17,first scrap players
Joey Barton,3292,https://www.transfermarkt.com/joey-barton/profil/spieler/3292,5/4/2003,20 years 07 months 03 days,20,Premier League,8/8/2009,26,26,Championship,20,first scrap players
Chris Basham,52495,https://www.transfermarkt.com/chris-basham/profil/spieler/52495,29/11/2008,20 years 04 months 09 days,20,Premier League,5/8/2011,23,23,Championship,20,first scrap players
Sébastien Bassong,33951,https://www.transfermarkt.com/sbastien-bassong/profil/spieler/33951,20/08/2005,19 years 01 month 11 days,19,Ligue 1,29/07/2006,20,20,Ligue 2,19,first scrap players
Jose Baxter,82734,https://www.transfermarkt.com/jose-baxter/profil/spieler/82734,16/08/2008,16 years 06 months 09 days,16,Premier League,8/3/2020,28,28,USL Championship,16,first scrap players
James Beattie,3112,https://www.transfermarkt.com/james-beattie/profil/spieler/3112,12/10/1996,18 years 07 months 15 days,18,Premier League,11/8/2007,29,29,Championship,18,first scrap players
Jean Beausejour,18871,https://www.transfermarkt.com/jean-beausejour/profil/spieler/18871,18/02/2002,17 years 08 months 17 days,17,,6/8/2011,27,27,Championship,17,first scrap players
Jermaine Beckford,38874,https://www.transfermarkt.com/jermaine-beckford/profil/spieler/38874,14/08/2010,26 years 08 months 05 days,26,Premier League,21/03/2006,22,22,Championship,22,first scrap players
Roman Bednář,26898,https://www.transfermarkt.com/roman-bedn/profil/spieler/26898,9/8/2004,21 years 04 months 14 days,21,Fortuna Liga,3/11/2007,24,24,Championship,21,first scrap players
Asmir Begović,33873,https://www.transfermarkt.com/asmir-begovi/profil/spieler/33873,21/09/2005,18 years 03 months 01 day,18,Jupiler Pro League,17/10/2009,22,22,Championship,18,first scrap players
Valon Behrami,21905,https://www.transfermarkt.com/valon-behrami/profil/spieler/21905,28/08/2005,20 years 04 months 09 days,20,Serie A,14/09/2003,18,18,Serie B,18,first scrap players
Hatem Ben Arfa,18900,https://www.transfermarkt.com/hatem-ben-arfa/profil/spieler/18900,6/8/2004,17 years 04 months 30 days,17,Ligue 1,No second tier career,No second tier career,No second tier career,No second tier career,17,first scrap players
Tal Ben Haim,20714,https://www.transfermarkt.com/tal-ben-haim/profil/spieler/20714,30/04/2001,19 years 30 days,19,Ligat ha'Al,6/8/2011,29,29,Championship,19,first scrap players
Yossi Benayoun,7858,https://www.transfermarkt.com/yossi-benayoun/profil/spieler/7858,2/8/1997,17 years 02 months 28 days,17,,21/12/2013,33,33,Championship,17,first scrap players
Nicklas Bendtner,34557,https://www.transfermarkt.com/nicklas-bendtner/profil/spieler/34557,12/8/2007,19 years 06 months 27 days,19,Premier League,5/8/2006,18,18,Championship,18,first scrap players
Benjani,12063,https://www.transfermarkt.com/benjani/profil/spieler/12063,4/8/2001,22 years 11 months 22 days,22,Raiffeisen Super League,16/08/2011,33,33,Championship,22,first scrap players
Darren Bent,13239,https://www.transfermarkt.com/darren-bent/profil/spieler/13239,18/11/2001,17 years 09 months 12 days,17,Premier League,10/8/2002,18,18,First Division (until 03/04),17,first scrap players
Marcus Bent,9958,https://www.transfermarkt.com/marcus-bent/profil/spieler/9958,10/1/1998,19 years 07 months 22 days,19,Premier League,16/08/1998,20,20,,19,first scrap players
David Bentley,3205,https://www.transfermarkt.com/david-bentley/profil/spieler/3205,4/5/2004,19 years 08 months 07 days,19,Premier League,10/9/2011,27,27,Championship,19,first scrap players
Dimitar Berbatov,65,https://www.transfermarkt.com/dimitar-berbatov/profil/spieler/65,4/8/2000,19 years 06 months 05 days,19,efbet Liga,No second tier career,No second tier career,No second tier career,No second tier career,19,first scrap players
Christophe Berra,36602,https://www.transfermarkt.com/christophe-berra/profil/spieler/36602,30/11/2003,18 years 09 months 30 days,18,Scottish Premiership,7/2/2009,24,24,Championship,18,first scrap players
Ryan Bertrand,40611,https://www.transfermarkt.com/ryan-bertrand/profil/spieler/40611,20/04/2011,21 years 08 months 15 days,21,Premier League,12/1/2008,18,18,Championship,18,first scrap players
Leon Best,28244,https://www.transfermarkt.com/leon-best/profil/spieler/28244,19/09/2004,18 years 00 days,18,Premier League,18/12/2004,18,18,Championship,18,first scrap players
Habib Beye,3923,https://www.transfermarkt.com/habib-beye/profil/spieler/3923,30/08/1998,20 years 10 months 11 days,20,Ligue 1,29/07/2001,23,23,Ligue 2,20,first scrap players
Diniyar Bilyaletdinov,16690,https://www.transfermarkt.com/diniyar-bilyaletdinov/profil/spieler/16690,28/03/2004,19 years 01 month 01 day,19,Premier Liga,No second tier career,No second tier career,No second tier career,No second tier career,19,first scrap players
Mame Biram Diouf,62049,https://www.transfermarkt.com/mame-biram-diouf/profil/spieler/62049,30/03/2008,20 years 03 months 14 days,20,Eliteserien,9/4/2007,19,19,OBOS-ligaen,19,first scrap players
Robbie Blake,3490,https://www.transfermarkt.com/robbie-blake/profil/spieler/3490,25/08/1999,23 years 05 months 21 days,23,Premier League,29/03/1997,21,21,,21,first scrap players
Luís Boa Morte,3422,https://www.transfermarkt.com/lus-boa-morte/profil/spieler/3422,23/08/1997,20 years 19 days,20,Premier League,12/8/2000,23,23,,20,first scrap players
Jérôme Boateng,26485,https://www.transfermarkt.com/jrme-boateng/profil/spieler/26485,31/01/2007,18 years 04 months 28 days,18,1.Bundesliga,No second tier career,No second tier career,No second tier career,No second tier career,18,first scrap players
Ruud Boffin,31336,https://www.transfermarkt.com/ruud-boffin/profil/spieler/31336,30/01/2010,22 years 02 months 25 days,22,VriendenLoterij Eredivisie,14/09/2007,19,19,Keuken Kampioen Divisie,19,first scrap players
Ádám Bogdán,55247,https://www.transfermarkt.com/dm-bogdn/profil/spieler/55247,17/04/2021,33 years 06 months 21 days,33,,18/08/2012,24,24,Championship,24,first scrap players
Mauro Boselli,40822,https://www.transfermarkt.com/mauro-boselli/profil/spieler/40822,29/05/2005,20 years 07 days,20,Torneo Final,4/9/2005,20,20,Segunda División,20,first scrap players
José Bosingwa,9813,https://www.transfermarkt.com/jos-bosingwa/profil/spieler/9813,7/9/2001,19 years 14 days,19,Liga Portugal,No second tier career,No second tier career,No second tier career,No second tier career,19,first scrap players
Lee Bowyer,3877,https://www.transfermarkt.com/lee-bowyer/profil/spieler/3877,17/08/1996,19 years 07 months 14 days,19,Premier League,12/8/1995,18,18,,18,first scrap players
Dedryck Boyata,88262,https://www.transfermarkt.com/dedryck-boyata/profil/spieler/88262,11/1/2010,19 years 01 month 14 days,19,Premier League,No second tier career,No second tier career,No second tier career,No second tier career,19,first scrap players
Emmerson Boyce,19641,https://www.transfermarkt.com/emmerson-boyce/profil/spieler/19641,14/08/2004,24 years 10 months 21 days,24,Premier League,6/8/2005,25,25,Championship,24,first scrap players
Michael Bradley,30593,https://www.transfermarkt.com/michael-bradley/profil/spieler/30593,2/4/2005,17 years 08 months 02 days,17,Major League Soccer,No second tier career,No second tier career,No second tier career,No second tier career,17,first scrap players
Titus Bramble,3130,https://www.transfermarkt.com/titus-bramble/profil/spieler/3130,19/08/2000,19 years 19 days,19,Premier League,20/12/1998,17,17,,17,first scrap players
Wayne Bridge,3682,https://www.transfermarkt.com/wayne-bridge/profil/spieler/3682,16/08/1998,18 years 11 days,18,Premier League,18/08/2012,32,32,Championship,18,first scrap players
Matthew Briggs,51318,https://www.transfermarkt.com/matthew-briggs/profil/spieler/51318,13/05/2007,16 years 02 months 07 days,16,Premier League,14/02/2012,20,20,Championship,16,first scrap players
Wes Brown,3405,https://www.transfermarkt.com/wes-brown/profil/spieler/3405,4/5/1998,18 years 06 months 21 days,18,Premier League,17/12/2016,37,37,Championship,18,first scrap players
Jeffrey Bruma,88721,https://www.transfermarkt.com/jeffrey-bruma/profil/spieler/88721,24/10/2009,17 years 11 months 11 days,17,Premier League,12/2/2011,19,19,Championship,17,first scrap players
Chris Brunt,36814,https://www.transfermarkt.com/chris-brunt/profil/spieler/36814,16/08/2008,23 years 08 months 02 days,23,Premier League,6/8/2005,20,20,Championship,20,first scrap players
Mark Bunn,49319,https://www.transfermarkt.com/mark-bunn/profil/spieler/49319,28/12/2010,26 years 01 month 12 days,26,Premier League,7/8/2009,24,24,Championship,24,first scrap players
Gary Cahill,27511,https://www.transfermarkt.com/gary-cahill/profil/spieler/27511,1/4/2006,20 years 03 months 13 days,20,Premier League,13/11/2004,18,18,Championship,18,first scrap players
Tim Cahill,13556,https://www.transfermarkt.com/tim-cahill/profil/spieler/13556,30/08/2004,24 years 08 months 24 days,24,Premier League,11/8/2001,21,21,First Division (until 03/04),21,first scrap players
Gary Caldwell,3791,https://www.transfermarkt.com/gary-caldwell/profil/spieler/3791,16/01/2010,27 years 09 months 04 days,27,Premier League,31/08/2002,20,20,First Division (until 03/04),20,first scrap players
Steven Caldwell,3462,https://www.transfermarkt.com/steven-caldwell/profil/spieler/3462,30/09/2000,20 years 18 days,20,Premier League,8/12/2001,21,21,First Division (until 03/04),20,first scrap players
DJ Campbell,37896,https://www.transfermarkt.com/dj-campbell/profil/spieler/37896,4/2/2006,24 years 02 months 23 days,24,Premier League,5/8/2006,24,24,Championship,24,first scrap players
Fraizer Campbell,42411,https://www.transfermarkt.com/fraizer-campbell/profil/spieler/42411,19/08/2007,19 years 11 months 06 days,19,Premier League,23/08/2006,18,18,Challenger Pro League,18,first scrap players
Sol Campbell,3198,https://www.transfermarkt.com/sol-campbell/profil/spieler/3198,5/12/1992,18 years 02 months 17 days,18,Premier League,No second tier career,No second tier career,No second tier career,No second tier career,18,first scrap players
John Carew,3570,https://www.transfermarkt.com/john-carew/profil/spieler/3570,13/04/1998,18 years 07 months 08 days,18,Eliteserien,21/08/2011,31,31,Championship,18,first scrap players
David Carney,10387,https://www.transfermarkt.com/david-carney/profil/spieler/10387,2/9/2005,21 years 09 months 03 days,21,A-League Men,18/09/2007,23,23,Championship,21,first scrap players
Stephen Carr,4046,https://www.transfermarkt.com/stephen-carr/profil/spieler/4046,26/09/1993,17 years 28 days,17,Premier League,24/02/2009,32,32,Championship,17,first scrap players
Jamie Carragher,3597,https://www.transfermarkt.com/jamie-carragher/profil/spieler/3597,11/1/1997,18 years 11 months 14 days,18,Premier League,No second tier career,No second tier career,No second tier career,No second tier career,18,first scrap players
Michael Carrick,3878,https://www.transfermarkt.com/michael-carrick/profil/spieler/3878,28/08/1999,18 years 01 month 00 days,18,Premier League,12/11/1999,18,18,,18,first scrap players
Andy Carroll,48066,https://www.transfermarkt.com/andy-carroll/profil/spieler/48066,25/02/2007,18 years 01 month 19 days,18,Premier League,18/08/2007,18,18,Championship,18,first scrap players
Scott Carson,14555,https://www.transfermarkt.com/scott-carson/profil/spieler/14555,31/01/2004,18 years 04 months 28 days,18,Premier League,11/3/2006,20,20,Championship,18,first scrap players
Craig Cathcart,59606,https://www.transfermarkt.com/craig-cathcart/profil/spieler/59606,14/08/2010,21 years 06 months 08 days,21,Premier League,15/09/2007,18,18,Challenger Pro League,18,first scrap players
Lee Cattermole,37363,https://www.transfermarkt.com/lee-cattermole/profil/spieler/37363,2/1/2006,17 years 09 months 12 days,17,Premier League,4/8/2017,29,29,Championship,17,first scrap players
Marek Čech,21354,https://www.transfermarkt.com/marek-ech/profil/spieler/21354,7/8/2004,21 years 06 months 12 days,21,Fortuna Liga,8/8/2009,26,26,Championship,21,first scrap players
Petr Čech,5658,https://www.transfermarkt.com/petr-ech/profil/spieler/5658,30/10/1999,17 years 05 months 10 days,17,,No second tier career,No second tier career,No second tier career,No second tier career,17,first scrap players
Marouane Chamakh,19085,https://www.transfermarkt.com/marouane-chamakh/profil/spieler/19085,8/2/2003,19 years 29 days,19,Ligue 1,19/10/2016,32,32,Championship,19,first scrap players
Pascal Chimbonda,18875,https://www.transfermarkt.com/pascal-chimbonda/profil/spieler/18875,29/04/2000,21 years 02 months 08 days,21,Ligue 1,12/8/2000,21,21,Ligue 2,21,first scrap players
Ciaran Clark,98240,https://www.transfermarkt.com/ciaran-clark/profil/spieler/98240,30/08/2009,19 years 11 months 04 days,19,Premier League,17/08/2016,26,26,Championship,19,first scrap players
Tom Cleverley,73484,https://www.transfermarkt.com/tom-cleverley/profil/spieler/73484,11/9/2010,21 years 30 days,21,Premier League,18/08/2009,20,20,Championship,20,first scrap players
Gaël Clichy,7449,https://www.transfermarkt.com/gal-clichy/profil/spieler/7449,22/11/2003,18 years 03 months 27 days,18,Premier League,No second tier career,No second tier career,No second tier career,No second tier career,18,first scrap players
Tamir Cohen,24209,https://www.transfermarkt.com/tamir-cohen/profil/spieler/24209,25/11/2002,18 years 08 months 21 days,18,Ligat ha'Al,No second tier career,No second tier career,No second tier career,No second tier career,18,first scrap players
Jack Colback,61644,https://www.transfermarkt.com/jack-colback/profil/spieler/61644,9/5/2010,20 years 06 months 15 days,20,Premier League,22/08/2009,19,19,Championship,19,first scrap players
Ashley Cole,3182,https://www.transfermarkt.com/ashley-cole/profil/spieler/3182,14/05/2000,19 years 04 months 24 days,19,Premier League,26/02/2000,19,19,,19,first scrap players
Carlton Cole,3179,https://www.transfermarkt.com/carlton-cole/profil/spieler/3179,6/4/2002,18 years 05 months 25 days,18,Premier League,30/11/2002,19,19,First Division (until 03/04),18,first scrap players
Joe Cole,3876,https://www.transfermarkt.com/joe-cole/profil/spieler/3876,10/1/1999,17 years 02 months 02 days,17,Premier League,10/7/2016,34,34,NASL Fall Championship,17,first scrap players
Séamus Coleman,68390,https://www.transfermarkt.com/samus-coleman/profil/spieler/68390,17/10/2006,18 years 06 days,18,Premier Division,20/03/2010,21,21,Championship,18,first scrap players
Danny Collins,26183,https://www.transfermarkt.com/danny-collins/profil/spieler/26183,5/11/2005,25 years 02 months 30 days,25,Premier League,25/10/2004,24,24,Championship,24,first scrap players
James Collins,12691,https://www.transfermarkt.com/james-collins/profil/spieler/12691,29/10/2005,22 years 02 months 06 days,22,Premier League,9/8/2003,19,19,First Division (until 03/04),19,first scrap players
Jack Collison,61568,https://www.transfermarkt.com/jack-collison/profil/spieler/61568,1/1/2008,19 years 02 months 30 days,19,Premier League,7/8/2011,22,22,Championship,19,first scrap players
Fabricio Coloccini,6150,https://www.transfermarkt.com/fabricio-coloccini/profil/spieler/6150,27/10/2004,22 years 09 months 05 days,22,Serie A,8/8/2009,27,27,Championship,22,first scrap players
Jordan Cook,61646,https://www.transfermarkt.com/jordan-cook/profil/spieler/61646,26/12/2010,20 years 09 months 06 days,20,Premier League,18/08/2012,22,22,Championship,20,first scrap players
Vedran Ćorluka,34393,https://www.transfermarkt.com/vedran-orluka/profil/spieler/34393,24/07/2004,18 years 05 months 19 days,18,SuperSport HNL,No second tier career,No second tier career,No second tier career,No second tier career,18,first scrap players
Manuel da Costa,37398,https://www.transfermarkt.com/manuel-da-costa/profil/spieler/37398,11/1/2006,19 years 08 months 05 days,19,Ligue 1,23/01/2022,35,35,Challenger Pro League,19,first scrap players
Simon Cox,37150,https://www.transfermarkt.com/simon-cox/profil/spieler/37150,14/08/2010,23 years 03 months 17 days,23,Premier League,26/11/2005,18,18,Championship,18,first scrap players
Jody Craddock,4129,https://www.transfermarkt.com/jody-craddock/profil/spieler/4129,20/11/1999,24 years 03 months 26 days,24,Premier League,18/10/1997,22,22,,22,first scrap players
Stephen Crainey,9499,https://www.transfermarkt.com/stephen-crainey/profil/spieler/9499,11/3/2000,18 years 08 months 18 days,18,,14/08/2004,23,23,Championship,18,first scrap players
Peter Crouch,4072,https://www.transfermarkt.com/peter-crouch/profil/spieler/4072,30/03/2002,21 years 02 months 00 days,21,Premier League,12/8/2000,19,19,,19,first scrap players
Carlo Cudicini,3151,https://www.transfermarkt.com/carlo-cudicini/profil/spieler/3151,20/10/1996,23 years 01 month 14 days,23,Serie A,16/11/1997,24,24,Serie B,23,first scrap players
Carlos Cuéllar,16576,https://www.transfermarkt.com/carlos-cullar/profil/spieler/16576,19/10/2003,22 years 01 month 26 days,22,LaLiga,21/10/2001,20,20,Segunda División,20,first scrap players
Scott Dann,62688,https://www.transfermarkt.com/scott-dann/profil/spieler/62688,19/09/2009,22 years 07 months 05 days,22,Premier League,2/2/2008,20,20,Championship,20,first scrap players
Curtis Davies,18227,https://www.transfermarkt.com/curtis-davies/profil/spieler/18227,17/09/2005,20 years 06 months 02 days,20,Premier League,6/8/2005,20,20,Championship,20,first scrap players
Kevin Davies,4114,https://www.transfermarkt.com/kevin-davies/profil/spieler/4114,9/8/1997,20 years 04 months 14 days,20,Premier League,7/8/1999,22,22,,20,first scrap players
Mark Davies,36917,https://www.transfermarkt.com/mark-davies/profil/spieler/36917,28/01/2009,20 years 11 months 10 days,20,Premier League,20/08/2005,17,17,Championship,17,first scrap players
Simon Davies,4056,https://www.transfermarkt.com/simon-davies/profil/spieler/4056,9/4/2000,20 years 05 months 17 days,20,Premier League,No second tier career,No second tier career,No second tier career,No second tier career,20,first scrap players
Michael Dawson,9988,https://www.transfermarkt.com/michael-dawson/profil/spieler/9988,16/04/2005,21 years 04 months 29 days,21,Premier League,1/4/2002,18,18,First Division (until 03/04),18,first scrap players
Jermain Defoe,3875,https://www.transfermarkt.com/jermain-defoe/profil/spieler/3875,19/05/2001,18 years 07 months 12 days,18,Premier League,9/8/2003,20,20,First Division (until 03/04),18,first scrap players
Nathan Delfouneso,62642,https://www.transfermarkt.com/nathan-delfouneso/profil/spieler/62642,15/03/2009,18 years 01 month 13 days,18,Premier League,8/3/2011,20,20,Championship,18,first scrap players
Fabian Delph,50362,https://www.transfermarkt.com/fabian-delph/profil/spieler/50362,15/08/2009,19 years 08 months 25 days,19,Premier League,6/5/2007,17,17,Championship,17,first scrap players
Mousa Dembélé,19368,https://www.transfermarkt.com/mousa-dembl/profil/spieler/19368,24/04/2004,16 years 09 months 08 days,16,Jupiler Pro League,No second tier career,No second tier career,No second tier career,No second tier career,16,first scrap players
Ishmel Demontagnac,42188,https://www.transfermarkt.com/ishmel-demontagnac/profil/spieler/42188,21/08/2010,22 years 02 months 06 days,22,Premier League,15/08/2009,21,21,Championship,21,first scrap players
Clint Dempsey,27577,https://www.transfermarkt.com/clint-dempsey/profil/spieler/27577,3/4/2004,21 years 25 days,21,Major League Soccer,No second tier career,No second tier career,No second tier career,No second tier career,21,first scrap players
Edwin van der Sar,3516,https://www.transfermarkt.com/edwin-van-der-sar/profil/spieler/3516,23/04/1991,20 years 05 months 25 days,20,Eredivisie,No second tier career,No second tier career,No second tier career,No second tier career,20,first scrap players
Rafael van der Vaart,4192,https://www.transfermarkt.com/rafael-van-der-vaart/profil/spieler/4192,19/04/2000,17 years 02 months 08 days,17,Eredivisie,No second tier career,No second tier career,No second tier career,No second tier career,17,first scrap players
Matt Derbyshire,15175,https://www.transfermarkt.com/matt-derbyshire/profil/spieler/15175,7/5/2005,19 years 23 days,19,Premier League,10/9/2005,19,19,Championship,19,first scrap players
Franco Di Santo,59783,https://www.transfermarkt.com/franco-di-santo/profil/spieler/59783,3/9/2006,17 years 04 months 27 days,17,Torneo Clausura (-2017),No second tier career,No second tier career,No second tier career,No second tier career,17,first scrap players
Abou Diaby,26763,https://www.transfermarkt.com/abou-diaby/profil/spieler/26763,14/08/2004,18 years 03 months 03 days,18,Ligue 1,No second tier career,No second tier career,No second tier career,No second tier career,18,first scrap players
Alessandro Diamanti,23197,https://www.transfermarkt.com/alessandro-diamanti/profil/spieler/23197,25/08/2007,24 years 03 months 23 days,24,Serie A,2/10/2004,21,21,Serie B,21,first scrap players
Mohamed Diamé,70950,https://www.transfermarkt.com/mohamed-diam/profil/spieler/70950,22/08/2009,22 years 02 months 08 days,22,Premier League,30/08/2008,21,21,Segunda División,21,first scrap players
Salif Diao,3600,https://www.transfermarkt.com/salif-diao/profil/spieler/3600,2/8/1997,20 years 05 months 23 days,20,Ligue 1,11/8/1996,19,19,Ligue 2,19,first scrap players
Kagisho Dikgacoi,63285,https://www.transfermarkt.com/kagisho-dikgacoi/profil/spieler/63285,9/9/2006,21 years 09 months 16 days,21,DStv Premiership,19/02/2011,26,26,Championship,21,first scrap players
Sylvain Distin,3356,https://www.transfermarkt.com/sylvain-distin/profil/spieler/3356,28/07/2000,22 years 07 months 12 days,22,Ligue 1,31/07/1999,21,21,Ligue 2,21,first scrap players
Johan Djourou,34561,https://www.transfermarkt.com/johan-djourou/profil/spieler/34561,14/01/2006,18 years 11 months 27 days,18,Premier League,No second tier career,No second tier career,No second tier career,No second tier career,18,first scrap players
Graham Dorrans,36608,https://www.transfermarkt.com/graham-dorrans/profil/spieler/36608,14/05/2005,18 years 09 days,18,Scottish Premiership,19/08/2006,19,19,Scottish Championship,18,first scrap players
Giovani dos Santos,44674,https://www.transfermarkt.com/giovani-dos-santos/profil/spieler/44674,2/9/2007,18 years 03 months 22 days,18,LaLiga,14/03/2009,19,19,Championship,18,first scrap players
Stewart Downing,4063,https://www.transfermarkt.com/stewart-downing/profil/spieler/4063,24/04/2002,17 years 09 months 02 days,17,Premier League,1/11/2003,19,19,First Division (until 03/04),17,first scrap players
Colin Doyle,28728,https://www.transfermarkt.com/colin-doyle/profil/spieler/28728,12/8/2007,22 years 02 months 00 days,22,Premier League,16/04/2005,19,19,Championship,19,first scrap players
Kevin Doyle,35193,https://www.transfermarkt.com/kevin-doyle/profil/spieler/35193,25/11/2001,18 years 02 months 07 days,18,SSE Airtricity League Premier Division,6/8/2005,21,21,Championship,18,first scrap players
Didier Drogba,3924,https://www.transfermarkt.com/didier-drogba/profil/spieler/3924,30/01/2002,23 years 10 months 19 days,23,Ligue 1,22/05/1999,21,21,Ligue 2,21,first scrap players
Damien Duff,3259,https://www.transfermarkt.com/damien-duff/profil/spieler/3259,11/5/1997,18 years 02 months 09 days,18,Premier League,7/8/1999,20,20,,18,first scrap players
David Dunn,4243,https://www.transfermarkt.com/david-dunn/profil/spieler/4243,26/09/1998,18 years 08 months 30 days,18,Premier League,7/8/1999,19,19,,18,first scrap players
Richard Dunne,3807,https://www.transfermarkt.com/richard-dunne/profil/spieler/3807,11/1/1997,17 years 03 months 21 days,17,Premier League,11/8/2001,21,21,First Division (until 03/04),17,first scrap players
Kieron Dyer,3118,https://www.transfermarkt.com/kieron-dyer/profil/spieler/3118,7/8/1999,20 years 07 months 09 days,20,Premier League,26/12/1996,17,17,,17,first scrap players
Edin Džeko,28396,https://www.transfermarkt.com/edin-deko/profil/spieler/28396,20/02/2006,19 years 11 months 03 days,19,Fortuna Liga,No second tier career,No second tier career,No second tier career,No second tier career,19,first scrap players
Neal Eardley,49428,https://www.transfermarkt.com/neal-eardley/profil/spieler/49428,28/08/2010,21 years 09 months 22 days,21,Premier League,18/08/2009,20,20,Championship,20,first scrap players
Sylvan Ebanks-Blake,27621,https://www.transfermarkt.com/sylvan-ebanks-blake/profil/spieler/27621,15/08/2009,23 years 04 months 17 days,23,Premier League,21/01/2006,19,19,Challenger Pro League,19,first scrap players
Emmanuel Eboué,13058,https://www.transfermarkt.com/emmanuel-ebou/profil/spieler/13058,26/10/2002,19 years 04 months 22 days,19,Jupiler Pro League,No second tier career,No second tier career,No second tier career,No second tier career,19,first scrap players
Nathan Eccleston,88983,https://www.transfermarkt.com/nathan-eccleston/profil/spieler/88983,31/10/2009,18 years 10 months 01 day,18,Premier League,1/9/2012,21,21,Championship,18,first scrap players
David Edwards,54949,https://www.transfermarkt.com/david-edwards/profil/spieler/54949,15/08/2009,23 years 06 months 12 days,23,Premier League,19/01/2008,21,21,Championship,21,first scrap players
Rob Edwards,4068,https://www.transfermarkt.com/rob-edwards/profil/spieler/4068,28/12/2002,20 years 03 days,20,Premier League,22/11/2003,20,20,First Division (until 03/04),20,first scrap players
Johan Elmander,4383,https://www.transfermarkt.com/johan-elmander/profil/spieler/4383,20/12/2000,19 years 06 months 23 days,19,Eredivisie,3/4/2017,35,35,Superettan,19,first scrap players
Ahmed Elmohamady,66333,https://www.transfermarkt.com/ahmed-elmohamady/profil/spieler/66333,30/08/2005,17 years 11 months 21 days,17,Egyptian Premier League,1/9/2012,24,24,Championship,17,first scrap players
George Elokobi,42048,https://www.transfermarkt.com/george-elokobi/profil/spieler/42048,22/08/2009,23 years 06 months 22 days,23,Premier League,5/8/2006,20,20,Championship,20,first scrap players
Brett Emerton,4367,https://www.transfermarkt.com/brett-emerton/profil/spieler/4367,27/08/2000,21 years 06 months 05 days,21,Eredivisie,No second tier career,No second tier career,No second tier career,No second tier career,21,first scrap players
Jay Emmanuel-Thomas,27969,https://www.transfermarkt.com/jay-emmanuel-thomas/profil/spieler/27969,3/10/2010,19 years 09 months 06 days,19,Premier League,18/08/2009,18,18,Championship,18,first scrap players
José Enrique,35571,https://www.transfermarkt.com/jos-enrique/profil/spieler/35571,21/09/2005,19 years 07 months 29 days,19,LaLiga,8/8/2009,23,23,Championship,19,first scrap players
Michael Essien,5588,https://www.transfermarkt.com/michael-essien/profil/spieler/5588,30/09/2000,17 years 09 months 27 days,17,Ligue 1,No second tier career,No second tier career,No second tier career,No second tier career,17,first scrap players
Matthew Etherington,3788,https://www.transfermarkt.com/matthew-etherington/profil/spieler/3788,9/4/2000,18 years 07 months 26 days,18,Premier League,23/10/2001,20,20,First Division (until 03/04),18,first scrap players
Dickson Etuhu,14011,https://www.transfermarkt.com/dickson-etuhu/profil/spieler/14011,11/8/2007,25 years 02 months 03 days,25,Premier League,15/09/2001,19,19,First Division (until 03/04),19,first scrap players
Jason Euell,3092,https://www.transfermarkt.com/jason-euell/profil/spieler/3092,28/10/1995,18 years 08 months 22 days,18,Premier League,26/08/2000,23,23,,18,first scrap players
Jonny Evans,42412,https://www.transfermarkt.com/jonny-evans/profil/spieler/42412,13/01/2008,20 years 10 days,20,Premier League,13/01/2007,19,19,Championship,19,first scrap players
Ian Evatt,37127,https://www.transfermarkt.com/ian-evatt/profil/spieler/37127,19/05/2001,19 years 06 months 00 days,19,Premier League,10/8/2002,20,20,First Division (until 03/04),19,first scrap players
Patrice Evra,5285,https://www.transfermarkt.com/patrice-evra/profil/spieler/5285,3/8/2002,21 years 02 months 19 days,21,Ligue 1,4/6/2000,19,19,Serie B,19,first scrap players
Łukasz Fabiański,29692,https://www.transfermarkt.com/ukasz-fabiaski/profil/spieler/29692,22/10/2005,20 years 06 months 04 days,20,Lotto Ekstraklasa,No second tier career,No second tier career,No second tier career,No second tier career,20,first scrap players
Cesc Fàbregas,8806,https://www.transfermarkt.com/cesc-fbregas/profil/spieler/8806,15/08/2004,17 years 03 months 11 days,17,Premier League,29/08/2022,35,35,Serie B,17,first scrap players
Keith Fahey,29878,https://www.transfermarkt.com/keith-fahey/profil/spieler/29878,21/04/2003,20 years 03 months 06 days,20,Premier Division,17/01/2009,26,26,Championship,20,first scrap players
Julien Faubert,18093,https://www.transfermarkt.com/julien-faubert/profil/spieler/18093,7/8/2004,21 years 06 days,21,Ligue 1,16/08/2011,28,28,Championship,21,first scrap players
Abdoulaye Faye,6107,https://www.transfermarkt.com/abdoulaye-faye/profil/spieler/6107,3/8/2002,24 years 05 months 08 days,24,Ligue 1,16/08/2011,33,33,Championship,24,first scrap players
Marouane Fellaini,39679,https://www.transfermarkt.com/marouane-fellaini/profil/spieler/39679,4/8/2006,18 years 08 months 13 days,18,Jupiler Pro League,No second tier career,No second tier career,No second tier career,No second tier career,18,first scrap players
Anton Ferdinand,3698,https://www.transfermarkt.com/anton-ferdinand/profil/spieler/3698,13/08/2005,20 years 05 months 26 days,20,Premier League,9/8/2003,18,18,First Division (until 03/04),18,first scrap players
Rio Ferdinand,3235,https://www.transfermarkt.com/rio-ferdinand/profil/spieler/3235,5/5/1996,17 years 05 months 28 days,17,Premier League,No second tier career,No second tier career,No second tier career,No second tier career,17,first scrap players
Barry Ferguson,10251,https://www.transfermarkt.com/barry-ferguson/profil/spieler/10251,7/12/1997,19 years 10 months 05 days,19,Scottish Premiership,5/8/2011,33,33,Championship,19,first scrap players
Shane Ferguson,62052,https://www.transfermarkt.com/shane-ferguson/profil/spieler/62052,5/1/2011,19 years 05 months 24 days,19,Premier League,2/3/2013,21,21,Championship,19,first scrap players
Paulo Ferreira,9832,https://www.transfermarkt.com/paulo-ferreira/profil/spieler/9832,13/08/2001,22 years 06 months 26 days,22,Liga Portugal,No second tier career,No second tier career,No second tier career,No second tier career,22,first scrap players
Maynor Figueroa,62240,https://www.transfermarkt.com/maynor-figueroa/profil/spieler/62240,5/4/2008,24 years 11 months 03 days,24,Premier League,21/10/2014,31,31,Championship,24,first scrap players
Jon Flanagan,145922,https://www.transfermarkt.com/jon-flanagan/profil/spieler/145922,11/4/2011,18 years 03 months 10 days,18,Premier League,24/02/2018,25,25,Championship,18,first scrap players
Darren Fletcher,3547,https://www.transfermarkt.com/darren-fletcher/profil/spieler/3547,27/09/2003,19 years 07 months 26 days,19,Premier League,5/8/2018,34,34,Championship,19,first scrap players
Steven Fletcher,35099,https://www.transfermarkt.com/steven-fletcher/profil/spieler/35099,10/4/2004,17 years 15 days,17,Scottish Premiership,7/8/2016,29,29,Championship,17,first scrap players
Kevin Foley,33491,https://www.transfermarkt.com/kevin-foley/profil/spieler/33491,15/08/2009,24 years 09 months 14 days,24,Premier League,6/8/2005,20,20,Championship,20,first scrap players
Adam Forshaw,121257,https://www.transfermarkt.com/adam-forshaw/profil/spieler/121257,9/4/2011,19 years 06 months 01 day,19,Premier League,13/09/2014,22,22,Championship,19,first scrap players
Marc-Antoine Fortuné,5652,https://www.transfermarkt.com/marc-antoine-fortun/profil/spieler/5652,17/08/2002,21 years 01 month 15 days,21,Ligue 1,2/8/2003,22,22,Ligue 2,21,first scrap players
Ben Foster,13572,https://www.transfermarkt.com/ben-foster/profil/spieler/13572,19/08/2006,23 years 04 months 16 days,23,Premier League,6/8/2005,22,22,Championship,22,first scrap players
Brad Friedel,3476,https://www.transfermarkt.com/brad-friedel/profil/spieler/3476,10/8/1996,25 years 02 months 23 days,25,Major League Soccer,18/11/2000,29,29,,25,first scrap players
Ricardo Fuller,14014,https://www.transfermarkt.com/ricardo-fuller/profil/spieler/14014,21/10/2001,21 years 11 months 20 days,21,,20/02/2001,21,21,,21,first scrap players
Danny Gabbidon,12709,https://www.transfermarkt.com/danny-gabbidon/profil/spieler/12709,13/08/2005,26 years 05 days,26,Premier League,20/03/1999,19,19,,19,first scrap players
William Gallas,3156,https://www.transfermarkt.com/william-gallas/profil/spieler/3156,10/8/1996,18 years 11 months 24 days,18,Ligue 1,9/9/1995,18,18,Ligue 2,18,first scrap players
Morten Gamst Pedersen,22741,https://www.transfermarkt.com/morten-gamst-pedersen/profil/spieler/22741,16/04/2000,18 years 07 months 08 days,18,Eliteserien,18/08/2012,30,30,Championship,18,first scrap players
Craig Gardner,37171,https://www.transfermarkt.com/craig-gardner/profil/spieler/37171,26/12/2005,19 years 01 month 01 day,19,Premier League,14/01/2017,30,30,Championship,19,first scrap players
Ricardo Gardner,6264,https://www.transfermarkt.com/ricardo-gardner/profil/spieler/6264,18/08/2001,22 years 10 months 24 days,22,Premier League,8/9/1998,19,19,,19,first scrap players
Zoltán Gera,18324,https://www.transfermarkt.com/zoltn-gera/profil/spieler/18324,26/02/2000,20 years 10 months 04 days,20,Nemzeti Bajnokság,8/8/1999,20,20,,20,first scrap players
Steven Gerrard,3109,https://www.transfermarkt.com/steven-gerrard/profil/spieler/3109,29/11/1998,18 years 05 months 30 days,18,Premier League,No second tier career,No second tier career,No second tier career,No second tier career,18,first scrap players
Kieran Gibbs,44792,https://www.transfermarkt.com/kieran-gibbs/profil/spieler/44792,8/2/2009,19 years 04 months 13 days,19,Premier League,12/2/2008,18,18,Championship,18,first scrap players
Darron Gibson,42413,https://www.transfermarkt.com/darron-gibson/profil/spieler/42413,15/11/2008,21 years 21 days,21,Premier League,7/10/2006,18,18,Challenger Pro League,18,first scrap players
Ryan Giggs,3406,https://www.transfermarkt.com/ryan-giggs/profil/spieler/3406,2/3/1991,17 years 03 months 01 day,17,First Division (until 91/92),No second tier career,No second tier career,No second tier career,No second tier career,17,first scrap players
Matt Gilks,48254,https://www.transfermarkt.com/matt-gilks/profil/spieler/48254,14/08/2010,28 years 02 months 10 days,28,Premier League,31/01/2009,26,26,Championship,26,first scrap players
Gaël Givet,5286,https://www.transfermarkt.com/gal-givet/profil/spieler/5286,9/12/2000,19 years 02 months 00 days,19,Ligue 1,18/08/2012,30,30,Championship,19,first scrap players
Steve Gohouri,19857,https://www.transfermarkt.com/steve-gohouri/profil/spieler/19857,5/2/2000,18 years 11 months 28 days,18,,19/08/2001,20,20,Brack.ch Challenge League,18,first scrap players
Heurelho Gomes,19059,https://www.transfermarkt.com/heurelho-gomes/profil/spieler/19059,4/9/2002,21 years 06 months 20 days,21,Campeonato Brasileiro Série A,9/8/2014,33,33,Championship,21,first scrap players
Jordi Gómez,39010,https://www.transfermarkt.com/jordi-gmez/profil/spieler/39010,23/03/2008,22 years 09 months 28 days,22,LaLiga,9/8/2008,23,23,Championship,22,first scrap players
Craig Gordon,12589,https://www.transfermarkt.com/craig-gordon/profil/spieler/12589,6/10/2002,19 years 09 months 05 days,19,,16/10/2020,37,37,,19,first scrap players
Dan Gosling,44983,https://www.transfermarkt.com/dan-gosling/profil/spieler/44983,26/12/2008,18 years 10 months 24 days,18,Premier League,9/12/2006,16,16,Championship,16,first scrap players
Hérold Goulon,41978,https://www.transfermarkt.com/hrold-goulon/profil/spieler/41978,7/3/2009,20 years 08 months 23 days,20,Ligue 1,26/11/2011,23,23,Championship,20,first scrap players
Elliot Grandin,56785,https://www.transfermarkt.com/elliot-grandin/profil/spieler/56785,28/05/2005,17 years 07 months 11 days,17,Ligue 1,29/07/2005,17,17,Ligue 2,17,first scrap players
Robert Green,11680,https://www.transfermarkt.com/robert-green/profil/spieler/11680,14/08/2004,24 years 06 months 27 days,24,Premier League,11/4/1999,19,19,,19,first scrap players
Jonathan Greening,3865,https://www.transfermarkt.com/jonathan-greening/profil/spieler/3865,26/12/1998,19 years 11 months 24 days,19,Premier League,5/8/2006,27,27,Championship,19,first scrap players
Adlène Guedioura,74768,https://www.transfermarkt.com/adlne-guedioura/profil/spieler/74768,16/08/2008,22 years 09 months 04 days,22,Jupiler Pro League,31/01/2012,26,26,Championship,22,first scrap players
Magaye Gueye,91956,https://www.transfermarkt.com/magaye-gueye/profil/spieler/91956,2/4/2011,20 years 08 months 27 days,20,Premier League,3/11/2008,18,18,Ligue 2,18,first scrap players
Danny Guthrie,16716,https://www.transfermarkt.com/danny-guthrie/profil/spieler/16716,29/11/2006,19 years 07 months 11 days,19,Premier League,5/3/2007,19,19,Championship,19,first scrap players
Jonás Gutiérrez,26443,https://www.transfermarkt.com/jons-gutirrez/profil/spieler/26443,16/03/2002,18 years 08 months 11 days,18,Torneo Final,8/8/2009,26,26,Championship,18,first scrap players
Eiður Guðjohnsen,3176,https://www.transfermarkt.com/eiur-gujohnsen/profil/spieler/3176,23/05/1994,15 years 08 months 08 days,15,,12/9/1998,19,19,,15,first scrap players
Asamoah Gyan,26802,https://www.transfermarkt.com/asamoah-gyan/profil/spieler/26802,16/05/2004,18 years 05 months 24 days,18,Serie A,25/09/2004,18,18,Serie B,18,first scrap players
Ali Al-Habsi,26633,https://www.transfermarkt.com/ali-al-habsi/profil/spieler/26633,29/05/2003,21 years 04 months 29 days,21,Eliteserien,21/12/2013,31,31,Championship,21,first scrap players
Marcus Hahnemann,4140,https://www.transfermarkt.com/marcus-hahnemann/profil/spieler/4140,20/04/1997,24 years 10 months 05 days,24,Major League Soccer,16/04/2001,28,28,,24,first scrap players
Greg Halford,42062,https://www.transfermarkt.com/greg-halford/profil/spieler/42062,17/03/2007,22 years 03 months 09 days,22,Premier League,5/8/2006,21,21,Championship,21,first scrap players
Rafik Halliche,67815,https://www.transfermarkt.com/rafik-halliche/profil/spieler/67815,30/01/2006,19 years 04 months 28 days,19,Ligue Professionnelle 1,No second tier career,No second tier career,No second tier career,No second tier career,19,first scrap players
Mark Halstead,99972,https://www.transfermarkt.com/mark-halstead/profil/spieler/99972,7/3/2011,20 years 05 months 18 days,20,Premier League,2/2/2013,22,22,Championship,20,first scrap players
Adam Hammill,38091,https://www.transfermarkt.com/adam-hammill/profil/spieler/38091,21/01/2007,18 years 11 months 27 days,18,Scottish Premiership,11/8/2007,19,19,Championship,18,first scrap players
Brede Hangeland,25553,https://www.transfermarkt.com/brede-hangeland/profil/spieler/25553,16/04/2001,19 years 09 months 27 days,19,Eliteserien,No second tier career,No second tier career,No second tier career,No second tier career,19,first scrap players
Grant Hanley,121385,https://www.transfermarkt.com/grant-hanley/profil/spieler/121385,9/5/2010,18 years 05 months 19 days,18,Premier League,1/9/2012,20,20,Championship,18,first scrap players
Marlon Harewood,10011,https://www.transfermarkt.com/marlon-harewood/profil/spieler/10011,11/5/1998,18 years 08 months 16 days,18,Veikkausliiga,3/5/1998,18,18,,18,first scrap players
Owen Hargreaves,201,https://www.transfermarkt.com/owen-hargreaves/profil/spieler/201,12/8/2000,19 years 06 months 23 days,19,1.Bundesliga,No second tier career,No second tier career,No second tier career,No second tier career,19,first scrap players
Steve Harper,3562,https://www.transfermarkt.com/steve-harper/profil/spieler/3562,28/11/1998,23 years 08 months 14 days,23,Premier League,20/12/1997,22,22,,22,first scrap players
Joe Hart,40204,https://www.transfermarkt.com/joe-hart/profil/spieler/40204,14/10/2006,19 years 05 months 25 days,19,Premier League,No second tier career,No second tier career,No second tier career,No second tier career,19,first scrap players
John Heitinga,4315,https://www.transfermarkt.com/john-heitinga/profil/spieler/4315,26/08/2001,17 years 09 months 11 days,17,Eredivisie,24/08/2015,31,31,Keuken Kampioen Divisie,17,first scrap players
Bjørn Helge Riise,13485,https://www.transfermarkt.com/bjrn-helge-riise/profil/spieler/13485,3/7/2005,22 years 12 days,22,Eliteserien,15/02/2011,27,27,Championship,22,first scrap players
Jordan Henderson,61651,https://www.transfermarkt.com/jordan-henderson/profil/spieler/61651,1/11/2008,18 years 04 months 15 days,18,Premier League,31/01/2009,18,18,Championship,18,first scrap players
Wayne Hennessey,45494,https://www.transfermarkt.com/wayne-hennessey/profil/spieler/45494,15/08/2009,22 years 06 months 22 days,22,Premier League,11/8/2007,20,20,Championship,20,first scrap players
Karl Henry,13582,https://www.transfermarkt.com/karl-henry/profil/spieler/13582,15/08/2009,26 years 08 months 20 days,26,Premier League,10/8/2002,19,19,First Division (until 03/04),19,first scrap players
Chris Herd,61572,https://www.transfermarkt.com/chris-herd/profil/spieler/61572,13/11/2010,21 years 07 months 09 days,21,Premier League,1/10/2014,25,25,Championship,21,first scrap players
Javier Hernández,50935,https://www.transfermarkt.com/javier-hernndez/profil/spieler/50935,13/05/2007,18 years 11 months 11 days,18,Liguilla Clausura,4/5/2006,17,17,Liguilla de Expansión Clausura,17,first scrap players
Emile Heskey,3142,https://www.transfermarkt.com/emile-heskey/profil/spieler/3142,8/3/1995,17 years 01 month 25 days,17,Premier League,21/01/1996,18,18,,17,first scrap players
Tony Hibbert,3614,https://www.transfermarkt.com/tony-hibbert/profil/spieler/3614,31/03/2001,20 years 01 month 11 days,20,Premier League,No second tier career,No second tier career,No second tier career,No second tier career,20,first scrap players
Danny Higginbotham,3686,https://www.transfermarkt.com/danny-higginbotham/profil/spieler/3686,10/5/1998,19 years 04 months 11 days,19,Premier League,26/09/1998,19,19,Challenger Pro League,19,first scrap players
Zavon Hines,67081,https://www.transfermarkt.com/zavon-hines/profil/spieler/67081,23/08/2009,20 years 07 months 27 days,20,Premier League,29/03/2008,19,19,Championship,19,first scrap players
Thomas Hitzlsperger,1573,https://www.transfermarkt.com/thomas-hitzlsperger/profil/spieler/1573,13/01/2001,18 years 09 months 08 days,18,Premier League,No second tier career,No second tier career,No second tier career,No second tier career,18,first scrap players
Alexander Hleb,597,https://www.transfermarkt.com/alexander-hleb/profil/spieler/597,11/4/1999,17 years 11 months 11 days,17,Vysheyshaya Liga,No second tier career,No second tier career,No second tier career,No second tier career,17,first scrap players
Jonathan Hogg,61573,https://www.transfermarkt.com/jonathan-hogg/profil/spieler/61573,13/11/2010,21 years 11 months 07 days,21,Premier League,25/01/2011,22,22,Championship,21,first scrap players
Junior Hoilett,58993,https://www.transfermarkt.com/junior-hoilett/profil/spieler/58993,15/08/2009,19 years 02 months 10 days,19,Premier League,3/2/2008,17,17,2.Bundesliga,17,first scrap players
Stuart Holden,30071,https://www.transfermarkt.com/stuart-holden/profil/spieler/30071,27/05/2006,20 years 09 months 25 days,20,Major League Soccer,26/02/2013,27,27,Championship,20,first scrap players
Tim Howard,4267,https://www.transfermarkt.com/tim-howard/profil/spieler/4267,18/08/1998,19 years 05 months 12 days,19,Major League Soccer,8/3/2020,41,41,USL Championship,19,first scrap players
Tom Huddlestone,13465,https://www.transfermarkt.com/tom-huddlestone/profil/spieler/13465,31/01/2006,19 years 01 month 03 days,19,Premier League,9/8/2003,16,16,First Division (until 03/04),16,first scrap players
Aaron Hughes,3580,https://www.transfermarkt.com/aaron-hughes/profil/spieler/3580,10/1/1998,18 years 02 months 02 days,18,Premier League,10/2/2014,34,34,Championship,18,first scrap players
Stephen Hunt,36799,https://www.transfermarkt.com/stephen-hunt/profil/spieler/36799,19/08/2006,25 years 18 days,25,Premier League,1/4/2000,18,18,,18,first scrap players
James Hurst,110863,https://www.transfermarkt.com/james-hurst/profil/spieler/110863,17/05/2010,18 years 03 months 16 days,18,Pepsideild,17/09/2011,19,19,Championship,18,first scrap players
Robert Huth,2998,https://www.transfermarkt.com/robert-huth/profil/spieler/2998,11/5/2002,17 years 08 months 23 days,17,Premier League,7/8/2009,24,24,Championship,17,first scrap players
Alan Hutton,9619,https://www.transfermarkt.com/alan-hutton/profil/spieler/9619,22/12/2002,18 years 22 days,18,,24/11/2012,27,27,Championship,18,first scrap players
Pablo Ibáñez,8116,https://www.transfermarkt.com/pablo-ibez/profil/spieler/8116,30/08/2003,22 years 27 days,22,LaLiga,15/09/2002,21,21,Segunda División,21,first scrap players
Hérita Ilunga,17432,https://www.transfermarkt.com/hrita-ilunga/profil/spieler/17432,7/8/2004,22 years 05 months 13 days,22,Ligue 1,2/8/2003,21,21,Ligue 2,21,first scrap players
Stephen Ireland,34838,https://www.transfermarkt.com/stephen-ireland/profil/spieler/34838,18/09/2005,19 years 27 days,19,Premier League,No second tier career,No second tier career,No second tier career,No second tier career,19,first scrap players
Branislav Ivanović,36827,https://www.transfermarkt.com/branislav-ivanovi/profil/spieler/36827,21/08/2004,20 years 05 months 30 days,20,Linglong Tire Super liga Srbije,No second tier career,No second tier career,No second tier career,No second tier career,20,first scrap players
Jussi Jääskeläinen,3692,https://www.transfermarkt.com/jussi-jskelinen/profil/spieler/3692,17/05/1992,17 years 28 days,17,Veikkausliiga,8/8/1998,23,23,,17,first scrap players
Lars Jacobsen,1423,https://www.transfermarkt.com/lars-jacobsen/profil/spieler/1423,6/8/2000,20 years 10 months 17 days,20,Superligaen,No second tier career,No second tier career,No second tier career,No second tier career,20,first scrap players
Phil Jagielka,13520,https://www.transfermarkt.com/phil-jagielka/profil/spieler/13520,19/08/2006,24 years 02 days,24,Premier League,7/5/2000,17,17,,17,first scrap players
Gonzalo Jara,40429,https://www.transfermarkt.com/gonzalo-jara/profil/spieler/40429,9/3/2003,17 years 06 months 08 days,17,Torneo Apertura (-2016),26/09/2009,24,24,Championship,17,first scrap players
Matthew Jarvis,15921,https://www.transfermarkt.com/matthew-jarvis/profil/spieler/15921,15/08/2009,23 years 02 months 24 days,23,Premier League,4/11/2003,17,17,First Division (until 03/04),17,first scrap players
Jermaine Jenas,3461,https://www.transfermarkt.com/jermaine-jenas/profil/spieler/3461,9/2/2002,18 years 11 months 22 days,18,Premier League,14/01/2001,17,17,,17,first scrap players
Cameron Jerome,35855,https://www.transfermarkt.com/cameron-jerome/profil/spieler/35855,12/8/2007,20 years 11 months 29 days,20,Premier League,2/10/2004,18,18,Championship,18,first scrap players
Martin Jiránek,6065,https://www.transfermarkt.com/martin-jirnek/profil/spieler/6065,1/8/1999,20 years 02 months 07 days,20,,26/08/2001,22,22,Serie B,20,first scrap players
Jô,34156,https://www.transfermarkt.com/j/profil/spieler/34156,19/07/2003,16 years 03 months 29 days,16,Campeonato Brasileiro Série A,28/01/2023,35,35,,16,first scrap players
Adam Johnson,31579,https://www.transfermarkt.com/adam-johnson/profil/spieler/31579,10/9/2005,18 years 01 month 27 days,18,Premier League,17/10/2006,19,19,Championship,18,first scrap players
Andrew Johnson,14031,https://www.transfermarkt.com/andrew-johnson/profil/spieler/14031,14/08/2004,23 years 06 months 04 days,23,Premier League,31/08/1998,17,17,,17,first scrap players
Eddie Johnson,38773,https://www.transfermarkt.com/eddie-johnson/profil/spieler/38773,12/5/2001,17 years 01 month 11 days,17,Major League Soccer,30/08/2008,24,24,Championship,17,first scrap players
Glen Johnson,3881,https://www.transfermarkt.com/glen-johnson/profil/spieler/3881,22/01/2003,18 years 04 months 30 days,18,Premier League,19/10/2002,18,18,First Division (until 03/04),18,first scrap players
Roger Johnson,42751,https://www.transfermarkt.com/roger-johnson/profil/spieler/42751,16/08/2009,26 years 03 months 19 days,26,Premier League,5/8/2006,23,23,Championship,23,first scrap players
David Jones,24634,https://www.transfermarkt.com/david-jones/profil/spieler/24634,15/01/2006,21 years 02 months 11 days,21,VriendenLoterij Eredivisie,6/8/2005,20,20,Championship,20,first scrap players
Jermaine Jones,1321,https://www.transfermarkt.com/jermaine-jones/profil/spieler/1321,28/04/2001,19 years 05 months 25 days,19,1.Bundesliga,28/07/2001,19,19,2.Bundesliga,19,first scrap players
Kenwyne Jones,28245,https://www.transfermarkt.com/kenwyne-jones/profil/spieler/28245,22/01/2005,20 years 03 months 17 days,20,Premier League,19/02/2005,20,20,Championship,20,first scrap players
Phil Jones,117996,https://www.transfermarkt.com/phil-jones/profil/spieler/117996,21/03/2010,18 years 01 month 00 days,18,Premier League,No second tier career,No second tier career,No second tier career,No second tier career,18,first scrap players
Nigel de Jong,4672,https://www.transfermarkt.com/nigel-de-jong/profil/spieler/4672,19/10/2002,17 years 10 months 19 days,17,Eredivisie,20/10/2020,35,35,,17,first scrap players
Milan Jovanović,14933,https://www.transfermarkt.com/milan-jovanovi/profil/spieler/14933,9/3/2003,21 years 10 months 19 days,21,Premier Liga,31/10/2003,22,22,Persha Liga,21,first scrap players
Younès Kaboul,27114,https://www.transfermarkt.com/youns-kaboul/profil/spieler/27114,3/10/2004,18 years 08 months 29 days,18,Ligue 1,No second tier career,No second tier career,No second tier career,No second tier career,18,first scrap players
Gaël Kakuta,74297,https://www.transfermarkt.com/gal-kakuta/profil/spieler/74297,21/11/2009,18 years 05 months 00 days,18,Premier League,8/10/2022,31,31,Ligue 2,18,first scrap players
Nikola Kalinić,36371,https://www.transfermarkt.com/nikola-kalini/profil/spieler/36371,12/2/2006,18 years 01 month 07 days,18,SuperSport HNL,No second tier career,No second tier career,No second tier career,No second tier career,18,first scrap players
Salomon Kalou,7971,https://www.transfermarkt.com/salomon-kalou/profil/spieler/7971,30/11/2003,18 years 03 months 25 days,18,Eredivisie,5/3/2004,18,18,Keuken Kampioen Divisie,18,first scrap players
Diomansy Kamara,6053,https://www.transfermarkt.com/diomansy-kamara/profil/spieler/6053,22/09/2002,21 years 10 months 14 days,21,Serie A,7/10/2001,20,20,Serie B,20,first scrap players
Robbie Keane,3144,https://www.transfermarkt.com/robbie-keane/profil/spieler/3144,21/08/1999,19 years 01 month 13 days,19,Premier League,9/8/1997,17,17,,17,first scrap players
Dekel Keinan,24476,https://www.transfermarkt.com/dekel-keinan/profil/spieler/24476,3/5/2003,18 years 07 months 18 days,18,Ligat ha'Al,6/2/2011,26,26,Championship,18,first scrap players
Martin Kelly,78959,https://www.transfermarkt.com/martin-kelly/profil/spieler/78959,15/03/2010,19 years 10 months 16 days,19,Premier League,5/10/2022,32,32,Championship,19,first scrap players
Stephen Kelly,12125,https://www.transfermarkt.com/stephen-kelly/profil/spieler/12125,28/12/2003,20 years 03 months 22 days,20,Premier League,27/09/2003,20,20,First Division (until 03/04),20,first scrap players
Andy Keogh,29419,https://www.transfermarkt.com/andy-keogh/profil/spieler/29419,15/08/2009,23 years 02 months 30 days,23,Premier League,30/01/2007,20,20,Championship,20,first scrap players
Michael Kightly,25366,https://www.transfermarkt.com/michael-kightly/profil/spieler/25366,20/09/2009,23 years 07 months 27 days,23,Premier League,2/12/2006,20,20,Championship,20,first scrap players
Ledley King,3360,https://www.transfermarkt.com/ledley-king/profil/spieler/3360,1/5/1999,18 years 06 months 19 days,18,Premier League,No second tier career,No second tier career,No second tier career,No second tier career,18,first scrap players
Richard Kingson,7125,https://www.transfermarkt.com/richard-kingson/profil/spieler/7125,21/11/1998,20 years 05 months 08 days,20,Süper Lig,27/01/2014,35,35,1.Lig,20,first scrap players
Chris Kirkland,3219,https://www.transfermarkt.com/chris-kirkland/profil/spieler/3219,14/10/2000,19 years 05 months 12 days,19,Premier League,11/8/2001,20,20,First Division (until 03/04),19,first scrap players
Ivan Klasnić,690,https://www.transfermarkt.com/ivan-klasni/profil/spieler/690,28/07/2001,21 years 05 months 29 days,21,1.Bundesliga,5/4/1998,18,18,2.Bundesliga,18,first scrap players
Zat Knight,4012,https://www.transfermarkt.com/zat-knight/profil/spieler/4012,22/09/2001,21 years 04 months 20 days,21,Premier League,18/08/2012,32,32,Championship,21,first scrap players
Aleksandar Kolarov,46156,https://www.transfermarkt.com/aleksandar-kolarov/profil/spieler/46156,7/8/2004,18 years 08 months 28 days,18,Linglong Tire Super liga Srbije,No second tier career,No second tier career,No second tier career,No second tier career,18,first scrap players
Vincent Kompany,9594,https://www.transfermarkt.com/vincent-kompany/profil/spieler/9594,9/8/2003,17 years 03 months 30 days,17,Jupiler Pro League,No second tier career,No second tier career,No second tier career,No second tier career,17,first scrap players
Paul Konchesky,3296,https://www.transfermarkt.com/paul-konchesky/profil/spieler/3296,17/01/1999,17 years 08 months 02 days,17,Premier League,16/08/1997,16,16,,16,first scrap players
Laurent Koscielny,76277,https://www.transfermarkt.com/laurent-koscielny/profil/spieler/76277,9/8/2009,23 years 10 months 30 days,23,Ligue 1,1/11/2004,19,19,Ligue 2,19,first scrap players
Radoslav Kováč,9702,https://www.transfermarkt.com/radoslav-kov/profil/spieler/9702,3/6/1998,18 years 06 months 07 days,18,Fortuna Liga,No second tier career,No second tier career,No second tier career,No second tier career,18,first scrap players
Niko Kranjčar,16746,https://www.transfermarkt.com/niko-kranjar/profil/spieler/16746,25/07/2004,19 years 11 months 12 days,19,SuperSport HNL,21/09/2013,29,29,Championship,19,first scrap players
Tim Krul,33027,https://www.transfermarkt.com/tim-krul/profil/spieler/33027,18/09/2010,22 years 05 months 15 days,22,Premier League,8/8/2009,21,21,Championship,21,first scrap players
Shefki Kuqi,12398,https://www.transfermarkt.com/shefki-kuqi/profil/spieler/12398,30/04/1995,18 years 05 months 20 days,18,Veikkausliiga,3/2/2001,24,24,,18,first scrap players
Tomasz Kuszczak,1320,https://www.transfermarkt.com/tomasz-kuszczak/profil/spieler/1320,18/09/2004,22 years 05 months 29 days,22,Premier League,25/02/2012,29,29,Championship,22,first scrap players
Dirk Kuyt,4010,https://www.transfermarkt.com/dirk-kuyt/profil/spieler/4010,30/08/1998,18 years 01 month 08 days,18,Eredivisie,No second tier career,No second tier career,No second tier career,No second tier career,18,first scrap players
Louis Laing,110865,https://www.transfermarkt.com/louis-laing/profil/spieler/110865,14/05/2011,18 years 02 months 08 days,18,Premier League,No second tier career,No second tier career,No second tier career,No second tier career,18,first scrap players
Frank Lampard,3163,https://www.transfermarkt.com/frank-lampard/profil/spieler/3163,31/01/1996,17 years 07 months 11 days,17,Premier League,No second tier career,No second tier career,No second tier career,No second tier career,17,first scrap players
Sebastian Larsson,31720,https://www.transfermarkt.com/sebastian-larsson/profil/spieler/31720,1/2/2006,20 years 07 months 26 days,20,Premier League,5/8/2006,21,21,Championship,20,first scrap players
Jens Lehmann,122,https://www.transfermarkt.com/jens-lehmann/profil/spieler/122,3/8/1991,21 years 08 months 24 days,21,1.Bundesliga,30/09/1988,18,18,2.Bundesliga,18,first scrap players
Lucas Leiva,41414,https://www.transfermarkt.com/lucas-leiva/profil/spieler/41414,16/04/2006,19 years 03 months 07 days,19,Campeonato Brasileiro Série A,23/07/2022,35,35,,19,first scrap players
Aaron Lennon,14221,https://www.transfermarkt.com/aaron-lennon/profil/spieler/14221,23/08/2003,16 years 04 months 07 days,16,Premier League,29/08/2004,17,17,Championship,16,first scrap players
Joleon Lescott,4241,https://www.transfermarkt.com/joleon-lescott/profil/spieler/4241,19/08/2006,24 years 03 days,24,Premier League,13/08/2000,17,17,,17,first scrap players
Eric Lichaj,61575,https://www.transfermarkt.com/eric-lichaj/profil/spieler/61575,10/11/2010,21 years 11 months 24 days,21,Premier League,12/2/2011,22,22,Championship,21,first scrap players
Amine Linganzi,88596,https://www.transfermarkt.com/amine-linganzi/profil/spieler/88596,28/09/2008,18 years 10 months 12 days,18,Ligue 1,15/01/2011,21,21,Championship,18,first scrap players
Jason Lowe,117997,https://www.transfermarkt.com/jason-lowe/profil/spieler/117997,15/01/2011,19 years 04 months 13 days,19,Premier League,18/08/2012,20,20,Championship,19,first scrap players
Kazenga LuaLua,52576,https://www.transfermarkt.com/kazenga-lualua/profil/spieler/52576,19/01/2008,17 years 01 month 09 days,17,Premier League,4/4/2009,18,18,Championship,17,first scrap players
David Luiz,46741,https://www.transfermarkt.com/david-luiz/profil/spieler/46741,12/3/2007,19 years 10 months 18 days,19,Liga Portugal,No second tier career,No second tier career,No second tier career,No second tier career,19,first scrap players
Craig Lynch,121334,https://www.transfermarkt.com/craig-lynch/profil/spieler/121334,NA,NA,NA,NA,No second tier career,No second tier career,No second tier career,No second tier career,NA,first scrap players
Peter Løvenkrands,9620,https://www.transfermarkt.com/peter-lvenkrands/profil/spieler/9620,19/08/2000,20 years 06 months 21 days,20,Scottish Premiership,13/09/2009,29,29,Championship,20,first scrap players
Federico Macheda,61887,https://www.transfermarkt.com/federico-macheda/profil/spieler/61887,5/4/2009,17 years 07 months 14 days,17,Premier League,17/09/2013,22,22,Championship,17,first scrap players
Jean Makoun,5648,https://www.transfermarkt.com/jean-makoun/profil/spieler/5648,2/11/2002,19 years 05 months 04 days,19,Ligue 1,No second tier career,No second tier career,No second tier career,No second tier career,19,first scrap players
Steed Malbranque,3569,https://www.transfermarkt.com/steed-malbranque/profil/spieler/3569,21/02/1998,18 years 01 month 15 days,18,Ligue 1,No second tier career,No second tier career,No second tier career,No second tier career,18,first scrap players
Florent Malouda,5461,https://www.transfermarkt.com/florent-malouda/profil/spieler/5461,19/12/1997,17 years 06 months 06 days,17,Ligue 1,8/5/1997,16,16,Ligue 2,16,first scrap players
Michael Mancienne,38100,https://www.transfermarkt.com/michael-mancienne/profil/spieler/38100,28/02/2009,21 years 01 month 20 days,21,Premier League,21/10/2006,18,18,Championship,18,first scrap players
Obafemi Martins,5794,https://www.transfermarkt.com/obafemi-martins/profil/spieler/5794,22/12/2002,18 years 01 month 24 days,18,Serie A,No second tier career,No second tier career,No second tier career,No second tier career,18,first scrap players
Javier Mascherano,19981,https://www.transfermarkt.com/javier-mascherano/profil/spieler/19981,3/8/2003,19 years 01 month 26 days,19,Torneo Inicial,No second tier career,No second tier career,No second tier career,No second tier career,19,first scrap players
James McArthur,41416,https://www.transfermarkt.com/james-mcarthur/profil/spieler/41416,11/8/2008,20 years 10 months 04 days,20,Scottish Premiership,20/08/2005,17,17,Scottish Championship,17,first scrap players
Benni McCarthy,3091,https://www.transfermarkt.com/benni-mccarthy/profil/spieler/3091,19/08/1997,19 years 09 months 07 days,19,Eredivisie,No second tier career,No second tier career,No second tier career,No second tier career,19,first scrap players
James McCarthy,45333,https://www.transfermarkt.com/james-mccarthy/profil/spieler/45333,11/8/2008,17 years 08 months 30 days,17,Scottish Premiership,30/09/2006,15,15,Scottish Championship,15,first scrap players
Josh McEachran,128905,https://www.transfermarkt.com/josh-mceachran/profil/spieler/128905,25/09/2010,17 years 06 months 27 days,17,Premier League,21/08/2012,19,19,Championship,17,first scrap players
James McFadden,9956,https://www.transfermarkt.com/james-mcfadden/profil/spieler/9956,26/12/2000,17 years 08 months 12 days,17,Scottish Premiership,9/8/2008,25,25,Championship,17,first scrap players
Ryan McGivern,61632,https://www.transfermarkt.com/ryan-mcgivern/profil/spieler/61632,3/4/2011,21 years 02 months 26 days,21,Premier League,20/10/2009,19,19,Championship,19,first scrap players
Callum McManaman,61711,https://www.transfermarkt.com/callum-mcmanaman/profil/spieler/61711,24/05/2009,18 years 29 days,18,Premier League,18/10/2011,20,20,Championship,18,first scrap players
Raul Meireles,13168,https://www.transfermarkt.com/raul-meireles/profil/spieler/13168,17/08/2003,20 years 05 months 00 days,20,Liga Portugal,12/1/2003,19,19,,19,first scrap players
Abdoulaye Méïté,5315,https://www.transfermarkt.com/abdoulaye-mt/profil/spieler/5315,26/01/2001,20 years 03 months 20 days,20,Ligue 1,1/5/1999,18,18,Ligue 2,18,first scrap players
John Mensah,5917,https://www.transfermarkt.com/john-mensah/profil/spieler/5917,6/10/2002,19 years 10 months 07 days,19,Serie A,5/8/2000,17,17,Brack.ch Challenge League,17,first scrap players
David Meyler,68183,https://www.transfermarkt.com/david-meyler/profil/spieler/68183,20/06/2008,19 years 22 days,19,League of Ireland Premier Division,10/11/2012,23,23,Championship,19,first scrap players
Simon Mignolet,50219,https://www.transfermarkt.com/simon-mignolet/profil/spieler/50219,5/5/2007,19 years 01 month 29 days,19,Jupiler Pro League,13/08/2008,20,20,Challenger Pro League,19,first scrap players
Nenad Milijaš,36123,https://www.transfermarkt.com/nenad-milija/profil/spieler/36123,7/11/2004,21 years 06 months 08 days,21,Linglong Tire Super liga Srbije,14/03/2015,31,31,China League One,21,first scrap players
Ishmael Miller,38776,https://www.transfermarkt.com/ishmael-miller/profil/spieler/38776,18/03/2006,19 years 13 days,19,Premier League,18/08/2007,20,20,Championship,19,first scrap players
James Milner,3333,https://www.transfermarkt.com/james-milner/profil/spieler/3333,10/11/2002,16 years 10 months 06 days,16,Premier League,No second tier career,No second tier career,No second tier career,No second tier career,16,first scrap players
Luka Modrić,27992,https://www.transfermarkt.com/luka-modri/profil/spieler/27992,24/07/2004,18 years 10 months 15 days,18,SuperSport HNL,No second tier career,No second tier career,No second tier career,No second tier career,18,first scrap players
Josh Morris,121391,https://www.transfermarkt.com/josh-morris/profil/spieler/121391,27/11/2010,19 years 01 month 28 days,19,Premier League,11/1/2013,21,21,Championship,19,first scrap players
James Morrison,27614,https://www.transfermarkt.com/james-morrison/profil/spieler/27614,15/05/2004,17 years 11 months 20 days,17,Premier League,11/8/2007,21,21,Championship,17,first scrap players
Victor Moses,59866,https://www.transfermarkt.com/victor-moses/profil/spieler/59866,6/2/2010,19 years 01 month 25 days,19,Premier League,6/11/2007,16,16,Championship,16,first scrap players
Steven Mouyokolo,58188,https://www.transfermarkt.com/steven-mouyokolo/profil/spieler/58188,15/08/2009,22 years 06 months 22 days,22,Premier League,14/09/2007,20,20,Ligue 2,20,first scrap players
Fabrice Muamba,35586,https://www.transfermarkt.com/fabrice-muamba/profil/spieler/35586,12/8/2007,19 years 04 months 06 days,19,Premier League,9/8/2006,18,18,Championship,18,first scrap players
Geoffrey Mujangi Bia,45455,https://www.transfermarkt.com/geoffrey-mujangi-bia/profil/spieler/45455,17/12/2006,17 years 04 months 05 days,17,Jupiler Pro League,22/12/2012,23,23,Championship,17,first scrap players
Youssouf Mulumbu,45272,https://www.transfermarkt.com/youssouf-mulumbu/profil/spieler/45272,22/10/2006,19 years 08 months 27 days,19,Ligue 1,21/09/2007,20,20,Ligue 2,19,first scrap players
Sulley Muntari,17129,https://www.transfermarkt.com/sulley-muntari/profil/spieler/17129,6/11/2002,18 years 02 months 10 days,18,Serie A,9/3/2019,34,34,Segunda División,18,first scrap players
Danny Murphy,3221,https://www.transfermarkt.com/danny-murphy/profil/spieler/3221,9/8/1997,20 years 04 months 22 days,20,Premier League,13/02/1999,21,21,,20,first scrap players
David Murphy,3868,https://www.transfermarkt.com/david-murphy/profil/spieler/3868,19/02/2002,17 years 11 months 20 days,17,Premier League,9/8/2008,24,24,Championship,17,first scrap players
Jordon Mutch,57207,https://www.transfermarkt.com/jordon-mutch/profil/spieler/57207,22/01/2011,19 years 01 month 20 days,19,Premier League,26/01/2010,18,18,Championship,18,first scrap players
Boaz Myhill,3838,https://www.transfermarkt.com/boaz-myhill/profil/spieler/3838,16/08/2008,25 years 09 months 07 days,25,Premier League,23/11/2002,20,20,First Division (until 03/04),20,first scrap players
David N'Gog,41242,https://www.transfermarkt.com/david-ngog/profil/spieler/41242,18/11/2006,17 years 07 months 17 days,17,Ligue 1,15/09/2012,23,23,Championship,17,first scrap players
Charles N'Zogbia,22165,https://www.transfermarkt.com/charles-nzogbia/profil/spieler/22165,11/9/2004,18 years 03 months 14 days,18,Premier League,No second tier career,No second tier career,No second tier career,No second tier career,18,first scrap players
Nani,33706,https://www.transfermarkt.com/nani/profil/spieler/33706,28/08/2005,18 years 09 months 11 days,18,Liga Portugal,No second tier career,No second tier career,No second tier career,No second tier career,18,first scrap players
Samir Nasri,18935,https://www.transfermarkt.com/samir-nasri/profil/spieler/18935,12/9/2004,17 years 02 months 17 days,17,Ligue 1,No second tier career,No second tier career,No second tier career,No second tier career,17,first scrap players
Ryan Nelsen,28878,https://www.transfermarkt.com/ryan-nelsen/profil/spieler/28878,7/4/2001,23 years 05 months 20 days,23,Major League Soccer,No second tier career,No second tier career,No second tier career,No second tier career,23,first scrap players
Gary Neville,3403,https://www.transfermarkt.com/gary-neville/profil/spieler/3403,8/5/1994,19 years 02 months 20 days,19,Premier League,No second tier career,No second tier career,No second tier career,No second tier career,19,first scrap players
Phil Neville,3404,https://www.transfermarkt.com/phil-neville/profil/spieler/3404,11/2/1995,18 years 21 days,18,Premier League,No second tier career,No second tier career,No second tier career,No second tier career,18,first scrap players
Mark Noble,31835,https://www.transfermarkt.com/mark-noble/profil/spieler/31835,13/08/2005,18 years 03 months 05 days,18,Premier League,15/01/2005,17,17,Championship,17,first scrap players
Ryan Noble,121340,https://www.transfermarkt.com/ryan-noble/profil/spieler/121340,26/02/2011,19 years 08 months 15 days,19,Premier League,2/10/2010,19,19,Championship,19,first scrap players
Kevin Nolan,3950,https://www.transfermarkt.com/kevin-nolan/profil/spieler/3950,18/08/2001,19 years 01 month 25 days,19,Premier League,4/3/2000,17,17,,17,first scrap players
Frank Nouble,119123,https://www.transfermarkt.com/frank-nouble/profil/spieler/119123,15/08/2009,17 years 10 months 22 days,17,Premier League,9/2/2010,18,18,Championship,17,first scrap players
Steven Nzonzi,73734,https://www.transfermarkt.com/steven-nzonzi/profil/spieler/73734,15/08/2009,20 years 08 months 00 days,20,Premier League,22/04/2008,19,19,Ligue 2,19,first scrap players
Garry O'Connor,15708,https://www.transfermarkt.com/garry-oconnor/profil/spieler/15708,29/04/2001,17 years 11 months 22 days,17,Scottish Premiership,9/8/2008,25,25,Championship,17,first scrap players
Jamie O'Hara,38090,https://www.transfermarkt.com/jamie-ohara/profil/spieler/38090,15/12/2007,21 years 02 months 20 days,21,Premier League,26/12/2012,26,26,Championship,21,first scrap players
Gary O'Neil,3995,https://www.transfermarkt.com/gary-oneil/profil/spieler/3995,8/11/2003,20 years 05 months 21 days,20,Premier League,29/01/2000,16,16,,16,first scrap players
John O'Shea,3540,https://www.transfermarkt.com/john-oshea/profil/spieler/3540,27/01/2001,19 years 08 months 28 days,19,Jupiler Pro League,13/08/2017,36,36,Championship,19,first scrap players
Gabriel Obertan,43261,https://www.transfermarkt.com/gabriel-obertan/profil/spieler/43261,30/09/2006,17 years 07 months 04 days,17,Ligue 1,14/02/2017,27,27,Championship,17,first scrap players
John Obi Mikel,30739,https://www.transfermarkt.com/john-obi-mikel/profil/spieler/30739,24/04/2005,18 years 02 days,18,Eliteserien,2/2/2019,31,31,Championship,18,first scrap players
Victor Obinna,35852,https://www.transfermarkt.com/victor-obinna/profil/spieler/35852,11/9/2005,18 years 05 months 17 days,18,Serie A,9/9/2007,20,20,Serie B,18,first scrap players
Peter Odemwingie,12516,https://www.transfermarkt.com/peter-odemwingie/profil/spieler/12516,18/01/2003,21 years 06 months 03 days,21,Jupiler Pro League,12/3/2016,34,34,Championship,21,first scrap players
Jonas Olsson,25248,https://www.transfermarkt.com/jonas-olsson/profil/spieler/25248,21/04/2003,20 years 01 month 11 days,20,,8/8/2009,26,26,Championship,20,first scrap players
Martin Olsson,38073,https://www.transfermarkt.com/martin-olsson/profil/spieler/38073,30/12/2007,19 years 07 months 13 days,19,Premier League,15/09/2012,24,24,Championship,19,first scrap players
Nedum Onuoha,28810,https://www.transfermarkt.com/nedum-onuoha/profil/spieler/28810,1/11/2004,17 years 11 months 20 days,17,Premier League,3/8/2013,26,26,Championship,17,first scrap players
Brett Ormerod,4113,https://www.transfermarkt.com/brett-ormerod/profil/spieler/4113,15/12/2001,25 years 01 month 27 days,25,Premier League,24/09/2004,27,27,Championship,25,first scrap players
Leon Osman,3620,https://www.transfermarkt.com/leon-osman/profil/spieler/3620,12/1/2003,21 years 07 months 26 days,21,Premier League,28/01/2004,22,22,First Division (until 03/04),21,first scrap players
Michael Owen,1397,https://www.transfermarkt.com/michael-owen/profil/spieler/1397,6/5/1997,17 years 04 months 22 days,17,Premier League,No second tier career,No second tier career,No second tier career,No second tier career,17,first scrap players
Daniel Pacheco,28285,https://www.transfermarkt.com/daniel-pacheco/profil/spieler/28285,26/12/2009,18 years 11 months 21 days,18,Premier League,2/4/2011,20,20,Championship,18,first scrap players
John Paintsil,35235,https://www.transfermarkt.com/john-paintsil/profil/spieler/35235,27/01/2003,21 years 07 months 12 days,21,Ligat ha'Al,13/08/2011,30,30,Championship,21,first scrap players
Wilson Palacios,58361,https://www.transfermarkt.com/wilson-palacios/profil/spieler/58361,22/09/2007,23 years 01 month 24 days,23,Premier League,3/7/2016,31,31,NASL Fall Championship,23,first scrap players
Scott Parker,3785,https://www.transfermarkt.com/scott-parker/profil/spieler/3785,26/12/1998,18 years 02 months 13 days,18,Premier League,23/08/1997,16,16,,16,first scrap players
Stuart Parnaby,3866,https://www.transfermarkt.com/stuart-parnaby/profil/spieler/3866,26/10/2002,20 years 03 months 07 days,20,Premier League,9/8/2008,26,26,Championship,20,first scrap players
Roman Pavlyuchenko,15072,https://www.transfermarkt.com/roman-pavlyuchenko/profil/spieler/15072,8/6/2000,18 years 05 months 24 days,18,Premier Liga,4/4/1999,17,17,,17,first scrap players
Jermaine Pennant,3195,https://www.transfermarkt.com/jermaine-pennant/profil/spieler/3195,24/08/2002,19 years 07 months 09 days,19,Premier League,12/1/2002,18,18,First Division (until 03/04),18,first scrap players
James Perch,49409,https://www.transfermarkt.com/james-perch/profil/spieler/49409,16/08/2010,24 years 10 months 19 days,24,Premier League,7/8/2004,18,18,Championship,18,first scrap players
Robin van Persie,4380,https://www.transfermarkt.com/robin-van-persie/profil/spieler/4380,3/2/2002,18 years 05 months 28 days,18,Eredivisie,No second tier career,No second tier career,No second tier career,No second tier career,18,first scrap players
Martin Petrov,670,https://www.transfermarkt.com/martin-petrov/profil/spieler/670,27/02/1999,20 years 01 month 12 days,20,Raiffeisen Super League,18/08/2012,33,33,Championship,20,first scrap players
Stiliyan Petrov,3252,https://www.transfermarkt.com/stiliyan-petrov/profil/spieler/3252,15/08/1999,20 years 01 month 10 days,20,,No second tier career,No second tier career,No second tier career,No second tier career,20,first scrap players
Kevin Phillips,3131,https://www.transfermarkt.com/kevin-phillips/profil/spieler/3131,7/8/1999,26 years 13 days,26,Premier League,12/8/1995,22,22,,22,first scrap players
Matt Phillips,77274,https://www.transfermarkt.com/matt-phillips/profil/spieler/77274,25/09/2010,19 years 06 months 12 days,19,Premier League,14/08/2011,20,20,Championship,19,first scrap players
Steven Pienaar,4321,https://www.transfermarkt.com/steven-pienaar/profil/spieler/4321,24/02/2002,19 years 11 months 07 days,19,Eredivisie,No second tier career,No second tier career,No second tier career,No second tier career,19,first scrap players
Robert Pirès,3185,https://www.transfermarkt.com/robert-pirs/profil/spieler/3185,2/4/1993,19 years 05 months 04 days,19,Ligue 1,No second tier career,No second tier career,No second tier career,No second tier career,19,first scrap players
Mike Pollitt,32217,https://www.transfermarkt.com/mike-pollitt/profil/spieler/32217,14/08/2005,33 years 05 months 16 days,33,Premier League,11/8/2001,29,29,First Division (until 03/04),29,first scrap players
Christian Poulsen,1443,https://www.transfermarkt.com/christian-poulsen/profil/spieler/1443,16/04/2001,21 years 01 month 19 days,21,Superligaen,No second tier career,No second tier career,No second tier career,No second tier career,21,first scrap players
Danny Pugh,3546,https://www.transfermarkt.com/danny-pugh/profil/spieler/3546,21/09/2002,19 years 11 months 02 days,19,Premier League,7/8/2004,21,21,Championship,19,first scrap players
Jason Puncheon,47995,https://www.transfermarkt.com/jason-puncheon/profil/spieler/47995,5/2/2011,24 years 07 months 18 days,24,Premier League,13/03/2004,17,17,First Division (until 03/04),17,first scrap players
Paul Rachubka,4098,https://www.transfermarkt.com/paul-rachubka/profil/spieler/4098,17/03/2001,19 years 09 months 24 days,19,Premier League,11/8/2007,26,26,Championship,19,first scrap players
Ramires,54170,https://www.transfermarkt.com/ramires/profil/spieler/54170,3/5/2007,20 years 01 month 09 days,20,Campeonato Brasileiro Série A,No second tier career,No second tier career,No second tier career,No second tier career,20,first scrap players
Aaron Ramsey,50057,https://www.transfermarkt.com/aaron-ramsey/profil/spieler/50057,13/09/2008,17 years 08 months 18 days,17,Premier League,28/04/2007,16,16,Championship,16,first scrap players
Nile Ranger,88750,https://www.transfermarkt.com/nile-ranger/profil/spieler/88750,16/10/2010,19 years 06 months 05 days,19,Premier League,8/8/2009,18,18,Championship,18,first scrap players
Andy Reid,10008,https://www.transfermarkt.com/andy-reid/profil/spieler/10008,5/2/2005,22 years 06 months 07 days,22,Premier League,29/11/2000,18,18,,18,first scrap players
Steven Reid,7330,https://www.transfermarkt.com/steven-reid/profil/spieler/7330,23/08/2003,22 years 05 months 13 days,22,Premier League,11/8/2001,20,20,First Division (until 03/04),20,first scrap players
Winston Reid,37526,https://www.transfermarkt.com/winston-reid/profil/spieler/37526,27/11/2005,17 years 04 months 24 days,17,Superligaen,7/8/2011,23,23,Championship,17,first scrap players
Pepe Reina,7825,https://www.transfermarkt.com/pepe-reina/profil/spieler/7825,2/12/2000,18 years 03 months 01 day,18,LaLiga,No second tier career,No second tier career,No second tier career,No second tier career,18,first scrap players
Nigel Reo-Coker,14060,https://www.transfermarkt.com/nigel-reo-coker/profil/spieler/14060,13/08/2005,21 years 02 months 30 days,21,Premier League,21/04/2002,17,17,First Division (until 03/04),17,first scrap players
Micah Richards,32617,https://www.transfermarkt.com/micah-richards/profil/spieler/32617,22/10/2005,17 years 03 months 28 days,17,Premier League,17/09/2016,28,28,Championship,17,first scrap players
Kieran Richardson,3548,https://www.transfermarkt.com/kieran-richardson/profil/spieler/3548,23/11/2002,18 years 01 month 02 days,18,Premier League,22/10/2016,32,32,Championship,18,first scrap players
Sam Ricketts,30434,https://www.transfermarkt.com/sam-ricketts/profil/spieler/30434,16/08/2008,26 years 10 months 05 days,26,Premier League,5/8/2006,24,24,Championship,24,first scrap players
Liam Ridgewell,4070,https://www.transfermarkt.com/liam-ridgewell/profil/spieler/4070,28/12/2003,19 years 05 months 07 days,19,Premier League,9/8/2008,24,24,Championship,19,first scrap players
Cristian Riveros,37713,https://www.transfermarkt.com/cristian-riveros/profil/spieler/37713,20/01/2008,25 years 03 months 04 days,25,Liga MX Clausura,No second tier career,No second tier career,No second tier career,No second tier career,25,first scrap players
Jason Roberts,3666,https://www.transfermarkt.com/jason-roberts/profil/spieler/3666,17/08/2002,24 years 06 months 23 days,24,Premier League,12/8/2000,22,22,,22,first scrap players
Paul Robinson,3630,https://www.transfermarkt.com/paul-robinson/profil/spieler/3630,25/10/1998,19 years 10 days,19,Premier League,18/08/2012,32,32,Championship,19,first scrap players
Rubén Rochina,67548,https://www.transfermarkt.com/rubn-rochina/profil/spieler/67548,5/3/2011,19 years 11 months 10 days,19,Premier League,5/9/2010,19,19,Segunda División,19,first scrap players
Hugo Rodallega,37934,https://www.transfermarkt.com/hugo-rodallega/profil/spieler/37934,22/01/2006,20 years 05 months 28 days,20,Liga MX Clausura,16/08/2014,29,29,Championship,20,first scrap players
Maxi Rodríguez,7895,https://www.transfermarkt.com/maxi-rodrguez/profil/spieler/7895,12/3/2000,19 years 02 months 10 days,19,Torneo Final,No second tier career,No second tier career,No second tier career,No second tier career,19,first scrap players
Jack Rodwell,57079,https://www.transfermarkt.com/jack-rodwell/profil/spieler/57079,9/3/2008,16 years 11 months 27 days,16,Premier League,9/9/2017,26,26,Championship,16,first scrap players
Wayne Rooney,3332,https://www.transfermarkt.com/wayne-rooney/profil/spieler/3332,17/08/2002,16 years 09 months 24 days,16,Premier League,2/1/2020,34,34,Championship,16,first scrap players
Danny Rose,50174,https://www.transfermarkt.com/danny-rose/profil/spieler/50174,14/04/2010,19 years 09 months 12 days,19,Premier League,4/4/2009,18,18,Championship,18,first scrap players
Tomáš Rosický,132,https://www.transfermarkt.com/tom-rosick/profil/spieler/132,16/05/1999,18 years 07 months 12 days,18,,No second tier career,No second tier career,No second tier career,No second tier career,18,first scrap players
Wayne Routledge,14066,https://www.transfermarkt.com/wayne-routledge/profil/spieler/14066,14/08/2004,19 years 07 months 07 days,19,Premier League,31/10/2001,16,16,First Division (until 03/04),16,first scrap players
Bacary Sagna,26764,https://www.transfermarkt.com/bacary-sagna/profil/spieler/26764,11/9/2004,21 years 06 months 28 days,21,Ligue 1,No second tier career,No second tier career,No second tier career,No second tier career,21,first scrap players
Louis Saha,4015,https://www.transfermarkt.com/louis-saha/profil/spieler/4015,8/8/1997,19 years 00 days,19,Ligue 1,12/8/2000,22,22,,19,first scrap players
Carlos Salcido,31434,https://www.transfermarkt.com/carlos-salcido/profil/spieler/31434,22/07/2001,21 years 03 months 20 days,21,Liga MX Apertura,11/1/2003,22,22,Liga de Expansión MX Clausura,21,first scrap players
Míchel Salgado,7515,https://www.transfermarkt.com/mchel-salgado/profil/spieler/7515,22/01/1995,19 years 03 months 00 days,19,LaLiga,20/10/1996,20,20,Segunda División,19,first scrap players
Christopher Samba,29016,https://www.transfermarkt.com/christopher-samba/profil/spieler/29016,27/08/2005,21 years 04 months 30 days,21,1.Bundesliga,2/8/2003,19,19,Ligue 2,19,first scrap players
Conor Sammon,68331,https://www.transfermarkt.com/conor-sammon/profil/spieler/68331,8/4/2005,18 years 05 months 02 days,18,Premier Division,21/08/2012,25,25,Championship,18,first scrap players
Tuncay Şanlı,6934,https://www.transfermarkt.com/tuncay-anl/profil/spieler/6934,11/9/2002,20 years 07 months 26 days,20,Süper Lig,15/08/2009,27,27,Championship,20,first scrap players
Roque Santa Cruz,215,https://www.transfermarkt.com/roque-santa-cruz/profil/spieler/215,22/08/1999,18 years 06 days,18,1.Bundesliga,No second tier career,No second tier career,No second tier career,No second tier career,18,first scrap players
Paul Scharner,2953,https://www.transfermarkt.com/paul-scharner/profil/spieler/2953,24/04/1999,19 years 01 month 13 days,19,Bundesliga,17/07/2001,21,21,Erste Liga,19,first scrap players
Paul Scholes,3397,https://www.transfermarkt.com/paul-scholes/profil/spieler/3397,24/09/1994,19 years 10 months 08 days,19,Premier League,No second tier career,No second tier career,No second tier career,No second tier career,19,first scrap players
Mark Schwarzer,3357,https://www.transfermarkt.com/mark-schwarzer/profil/spieler/3357,22/04/1995,22 years 06 months 16 days,22,1.Bundesliga,23/11/1996,24,24,,22,first scrap players
Freddie Sears,70714,https://www.transfermarkt.com/freddie-sears/profil/spieler/70714,15/03/2008,18 years 03 months 17 days,18,Premier League,8/8/2009,19,19,Championship,18,first scrap players
Philippe Senderos,4277,https://www.transfermarkt.com/philippe-senderos/profil/spieler/4277,24/02/2002,17 years 10 days,17,Raiffeisen Super League,9/11/2019,34,34,Challenge League,17,first scrap players
Stéphane Sessègnon,37157,https://www.transfermarkt.com/stphane-sessgnon/profil/spieler/37157,12/8/2006,22 years 02 months 11 days,22,Ligue 1,14/01/2004,19,19,Ligue 2,19,first scrap players
Ryan Shawcross,45861,https://www.transfermarkt.com/ryan-shawcross/profil/spieler/45861,16/08/2008,20 years 10 months 12 days,20,Premier League,27/01/2007,19,19,Challenger Pro League,19,first scrap players
Jonjo Shelvey,71292,https://www.transfermarkt.com/jonjo-shelvey/profil/spieler/71292,24/10/2010,18 years 07 months 27 days,18,Premier League,26/04/2008,16,16,Championship,16,first scrap players
Nicky Shorey,13426,https://www.transfermarkt.com/nicky-shorey/profil/spieler/13426,19/08/2006,25 years 06 months 00 days,25,Premier League,10/8/2002,21,21,First Division (until 03/04),21,first scrap players
Ryan Shotton,92109,https://www.transfermarkt.com/ryan-shotton/profil/spieler/92109,30/04/2011,22 years 07 months 00 days,22,Premier League,26/09/2009,20,20,Championship,20,first scrap players
Mamady Sidibé,14069,https://www.transfermarkt.com/mamady-sidib/profil/spieler/14069,16/08/2008,28 years 07 months 29 days,28,Premier League,10/8/2002,22,22,First Division (until 03/04),22,first scrap players
Steve Sidwell,13427,https://www.transfermarkt.com/steve-sidwell/profil/spieler/13427,19/08/2006,23 years 08 months 05 days,23,Premier League,11/11/2002,19,19,First Division (until 03/04),19,first scrap players
David Silva,35518,https://www.transfermarkt.com/david-silva/profil/spieler/35518,28/08/2005,19 years 07 months 20 days,19,LaLiga,5/9/2004,18,18,Segunda División,18,first scrap players
Danny Simpson,37442,https://www.transfermarkt.com/danny-simpson/profil/spieler/37442,6/10/2007,20 years 09 months 02 days,20,Premier League,21/01/2006,19,19,Challenger Pro League,19,first scrap players
Martin Škrtel,24180,https://www.transfermarkt.com/martin-krtel/profil/spieler/24180,20/09/2004,19 years 09 months 05 days,19,Premier Liga,No second tier career,No second tier career,No second tier career,No second tier career,19,first scrap players
Chris Smalling,103427,https://www.transfermarkt.com/chris-smalling/profil/spieler/103427,24/05/2009,19 years 06 months 02 days,19,Premier League,No second tier career,No second tier career,No second tier career,No second tier career,19,first scrap players
Keith Southern,44986,https://www.transfermarkt.com/keith-southern/profil/spieler/44986,11/9/2010,29 years 04 months 18 days,29,Premier League,11/8/2007,26,26,Championship,26,first scrap players
Jay Spearing,52111,https://www.transfermarkt.com/jay-spearing/profil/spieler/52111,17/10/2009,20 years 10 months 22 days,20,Premier League,24/03/2010,21,21,Championship,20,first scrap players
Jonathan Spector,24637,https://www.transfermarkt.com/jonathan-spector/profil/spieler/24637,28/08/2004,18 years 05 months 30 days,18,Premier League,21/08/2011,25,25,Championship,18,first scrap players
Jordan Spence,61588,https://www.transfermarkt.com/jordan-spence/profil/spieler/61588,9/5/2010,19 years 11 months 15 days,19,Premier League,18/08/2009,19,19,Championship,19,first scrap players
Sébastien Squillaci,5293,https://www.transfermarkt.com/sbastien-squillaci/profil/spieler/5293,3/8/2002,21 years 11 months 23 days,21,Ligue 1,7/3/1998,17,17,Ligue 2,17,first scrap players
Ronnie Stam,24877,https://www.transfermarkt.com/ronnie-stam/profil/spieler/24877,25/05/2003,18 years 11 months 07 days,18,Eredivisie,7/8/2015,31,31,Keuken Kampioen Divisie,18,first scrap players
Junior Stanislas,87672,https://www.transfermarkt.com/junior-stanislas/profil/spieler/87672,16/03/2009,19 years 03 months 18 days,19,Premier League,13/08/2011,21,21,Championship,19,first scrap players
Richard Stearman,34349,https://www.transfermarkt.com/richard-stearman/profil/spieler/34349,15/08/2009,21 years 11 months 27 days,21,Premier League,30/10/2004,17,17,Championship,17,first scrap players
Grétar Steinsson,30304,https://www.transfermarkt.com/grtar-steinsson/profil/spieler/30304,18/05/2000,18 years 04 months 09 days,18,,No second tier career,No second tier career,No second tier career,No second tier career,18,first scrap players
David Stockdale,67339,https://www.transfermarkt.com/david-stockdale/profil/spieler/67339,13/09/2009,23 years 11 months 24 days,23,Premier League,26/01/2010,24,24,Championship,23,first scrap players
Daniel Sturridge,47082,https://www.transfermarkt.com/daniel-sturridge/profil/spieler/47082,3/2/2007,17 years 05 months 02 days,17,Premier League,No second tier career,No second tier career,No second tier career,No second tier career,17,first scrap players
Luis Suárez,44352,https://www.transfermarkt.com/luis-surez/profil/spieler/44352,28/06/2006,19 years 05 months 04 days,19,,No second tier career,No second tier career,No second tier career,No second tier career,19,first scrap players
Ludovic Sylvestre,43248,https://www.transfermarkt.com/ludovic-sylvestre/profil/spieler/43248,20/05/2006,22 years 03 months 15 days,22,LaLiga,27/08/2011,27,27,Championship,22,first scrap players
Wojciech Szczęsny,44058,https://www.transfermarkt.com/wojciech-szczsny/profil/spieler/44058,13/12/2010,20 years 07 months 25 days,20,Premier League,No second tier career,No second tier career,No second tier career,No second tier career,20,first scrap players
Thomas Sørensen,3473,https://www.transfermarkt.com/thomas-srensen/profil/spieler/3473,7/8/1999,23 years 01 month 26 days,23,Premier League,8/8/1998,22,22,,22,first scrap players
Gabriel Tamaș,6893,https://www.transfermarkt.com/gabriel-tama/profil/spieler/6893,13/04/2003,19 years 05 months 04 days,19,SuperLiga,8/1/2010,26,26,Championship,19,first scrap players
Matthew Taylor,9218,https://www.transfermarkt.com/matthew-taylor/profil/spieler/9218,27/09/2003,21 years 10 months 00 days,21,Premier League,10/8/2002,20,20,First Division (until 03/04),20,first scrap players
Ryan Taylor,33785,https://www.transfermarkt.com/ryan-taylor/profil/spieler/33785,20/08/2005,21 years 01 day,21,Premier League,8/8/2009,24,24,Championship,21,first scrap players
Steven Taylor,17273,https://www.transfermarkt.com/steven-taylor/profil/spieler/17273,28/03/2004,18 years 02 months 05 days,18,Premier League,8/8/2009,23,23,Championship,18,first scrap players
Gary Taylor-Fletcher,49101,https://www.transfermarkt.com/gary-taylor-fletcher/profil/spieler/49101,14/08/2010,29 years 02 months 10 days,29,Premier League,11/8/2007,26,26,Championship,26,first scrap players
Somen Tchoyi,37058,https://www.transfermarkt.com/somen-tchoyi/profil/spieler/37058,10/4/2005,22 years 12 days,22,Eliteserien,24/07/2015,32,32,2. Liga,22,first scrap players
John Terry,3160,https://www.transfermarkt.com/john-terry/profil/spieler/3160,26/12/1998,18 years 19 days,18,Premier League,8/4/2000,19,19,,18,first scrap players
Carlos Tevez,4276,https://www.transfermarkt.com/carlos-tevez/profil/spieler/4276,21/10/2001,17 years 08 months 16 days,17,Torneo Inicial,No second tier career,No second tier career,No second tier career,No second tier career,17,first scrap players
Hendry Thomas,62275,https://www.transfermarkt.com/hendry-thomas/profil/spieler/62275,15/08/2009,24 years 05 months 23 days,24,Premier League,9/8/2015,30,30,NASL Fall Championship,24,first scrap players
Jerome Thomas,3560,https://www.transfermarkt.com/jerome-thomas/profil/spieler/3560,1/5/2004,21 years 01 month 08 days,21,Premier League,18/08/2007,24,24,Championship,21,first scrap players
George Thorne,128910,https://www.transfermarkt.com/george-thorne/profil/spieler/128910,22/05/2011,18 years 04 months 18 days,18,Premier League,28/11/2009,16,16,Championship,16,first scrap players
Cheick Tioté,33478,https://www.transfermarkt.com/cheick-tiot/profil/spieler/33478,18/03/2006,19 years 08 months 25 days,19,Jupiler Pro League,11/3/2017,30,30,China League One,19,first scrap players
James Tomkins,61592,https://www.transfermarkt.com/james-tomkins/profil/spieler/61592,22/03/2008,18 years 11 months 22 days,18,Premier League,29/11/2008,19,19,Championship,18,first scrap players
Michael Tonge,13544,https://www.transfermarkt.com/michael-tonge/profil/spieler/13544,19/08/2006,23 years 04 months 12 days,23,Premier League,17/04/2001,18,18,,18,first scrap players
Fernando Torres,7767,https://www.transfermarkt.com/fernando-torres/profil/spieler/7767,1/9/2002,18 years 05 months 12 days,18,LaLiga,27/05/2001,17,17,Segunda División,17,first scrap players
Kolo Touré,3202,https://www.transfermarkt.com/kolo-tour/profil/spieler/3202,18/08/2002,21 years 04 months 30 days,21,Premier League,No second tier career,No second tier career,No second tier career,No second tier career,21,first scrap players
Yaya Touré,13091,https://www.transfermarkt.com/yaya-tour/profil/spieler/13091,11/8/2001,18 years 02 months 29 days,18,Jupiler Pro League,6/7/2019,36,36,China League One,18,first scrap players
Michael Turner,12127,https://www.transfermarkt.com/michael-turner/profil/spieler/12127,16/08/2008,24 years 09 months 07 days,24,Premier League,5/8/2006,22,22,Championship,22,first scrap players
Antonio Valencia,33544,https://www.transfermarkt.com/antonio-valencia/profil/spieler/33544,18/09/2005,20 years 01 month 14 days,20,LaLiga,15/01/2006,20,20,Segunda División,20,first scrap players
Jelle Van Damme,4323,https://www.transfermarkt.com/jelle-van-damme/profil/spieler/4323,24/11/2001,18 years 01 month 14 days,18,Jupiler Pro League,2/8/2019,35,35,1B Pro League,18,first scrap players
Luke Varney,14177,https://www.transfermarkt.com/luke-varney/profil/spieler/14177,28/08/2010,27 years 11 months 00 days,27,Premier League,9/8/2003,20,20,First Division (until 03/04),20,first scrap players
David Vaughan,14178,https://www.transfermarkt.com/david-vaughan/profil/spieler/14178,14/08/2010,27 years 05 months 27 days,27,Premier League,19/08/2000,17,17,,17,first scrap players
James Vaughan,30471,https://www.transfermarkt.com/james-vaughan/profil/spieler/30471,10/4/2005,16 years 08 months 27 days,16,Premier League,19/09/2009,21,21,Championship,16,first scrap players
Carlos Vela,35773,https://www.transfermarkt.com/carlos-vela/profil/spieler/35773,26/09/2007,18 years 06 months 28 days,18,LaLiga,27/08/2006,17,17,Segunda División,17,first scrap players
Apostolos Vellios,124495,https://www.transfermarkt.com/apostolos-vellios/profil/spieler/124495,18/10/2009,17 years 09 months 10 days,17,Super League 1,29/03/2014,22,22,Championship,17,first scrap players
Thomas Vermaelen,15904,https://www.transfermarkt.com/thomas-vermaelen/profil/spieler/15904,15/02/2004,18 years 03 months 01 day,18,Eredivisie,No second tier career,No second tier career,No second tier career,No second tier career,18,first scrap players
Nemanja Vidić,19726,https://www.transfermarkt.com/nemanja-vidi/profil/spieler/19726,21/07/2004,22 years 09 months 00 days,22,Premier Liga,No second tier career,No second tier career,No second tier career,No second tier career,22,first scrap players
Patrick Vieira,3183,https://www.transfermarkt.com/patrick-vieira/profil/spieler/3183,20/11/1993,17 years 04 months 28 days,17,Ligue 1,No second tier career,No second tier career,No second tier career,No second tier career,17,first scrap players
Sam Vokes,48078,https://www.transfermarkt.com/sam-vokes/profil/spieler/48078,15/08/2009,19 years 09 months 25 days,19,Premier League,9/8/2008,18,18,Championship,18,first scrap players
Reece Wabara,121416,https://www.transfermarkt.com/reece-wabara/profil/spieler/121416,22/05/2011,19 years 04 months 24 days,19,Premier League,1/10/2011,19,19,Championship,19,first scrap players
Martyn Waghorn,61674,https://www.transfermarkt.com/martyn-waghorn/profil/spieler/61674,26/12/2007,17 years 11 months 03 days,17,Premier League,22/11/2008,18,18,Championship,17,first scrap players
Theo Walcott,33713,https://www.transfermarkt.com/theo-walcott/profil/spieler/33713,19/08/2006,17 years 05 months 03 days,17,Premier League,6/8/2005,16,16,Championship,16,first scrap players
Kyle Walker,95424,https://www.transfermarkt.com/kyle-walker/profil/spieler/95424,27/03/2010,19 years 09 months 27 days,19,Premier League,25/04/2009,18,18,Championship,18,first scrap players
Jonathan Walters,3306,https://www.transfermarkt.com/jonathan-walters/profil/spieler/3306,24/08/2002,18 years 11 months 04 days,18,Premier League,30/01/2007,23,23,Championship,18,first scrap players
Stephen Ward,34691,https://www.transfermarkt.com/stephen-ward/profil/spieler/34691,22/08/2003,18 years 02 days,18,Premier Division,20/01/2007,21,21,Championship,18,first scrap players
Stephen Warnock,3308,https://www.transfermarkt.com/stephen-warnock/profil/spieler/3308,14/08/2004,22 years 08 months 02 days,22,Premier League,14/09/2002,20,20,First Division (until 03/04),20,first scrap players
Ben Watson,14081,https://www.transfermarkt.com/ben-watson/profil/spieler/14081,18/09/2004,19 years 02 months 09 days,19,Premier League,8/4/2003,17,17,First Division (until 03/04),17,first scrap players
Andreas Weimann,49693,https://www.transfermarkt.com/andreas-weimann/profil/spieler/49693,14/08/2010,19 years 09 days,19,Premier League,1/2/2011,19,19,Championship,19,first scrap players
Danny Welbeck,67063,https://www.transfermarkt.com/danny-welbeck/profil/spieler/67063,15/11/2008,17 years 11 months 20 days,17,Premier League,26/01/2010,19,19,Championship,17,first scrap players
David Wheater,29199,https://www.transfermarkt.com/david-wheater/profil/spieler/29199,14/01/2006,18 years 11 months 00 days,18,Premier League,1/11/2006,19,19,Championship,18,first scrap players
Glenn Whelan,12124,https://www.transfermarkt.com/glenn-whelan/profil/spieler/12124,16/08/2008,24 years 07 months 03 days,24,Premier League,6/8/2005,21,21,Championship,21,first scrap players
Dean Whitehead,13683,https://www.transfermarkt.com/dean-whitehead/profil/spieler/13683,13/08/2005,23 years 07 months 01 day,23,Premier League,7/8/2004,22,22,Championship,22,first scrap players
Andy Wilkinson,13616,https://www.transfermarkt.com/andy-wilkinson/profil/spieler/13616,16/08/2008,24 years 10 days,24,Premier League,31/01/2004,19,19,First Division (until 03/04),19,first scrap players
Mike Williamson,10642,https://www.transfermarkt.com/mike-williamson/profil/spieler/10642,16/08/2010,26 years 09 months 08 days,26,Premier League,27/01/2009,25,25,Championship,25,first scrap players
Jack Wilshere,74223,https://www.transfermarkt.com/jack-wilshere/profil/spieler/74223,13/09/2008,16 years 08 months 12 days,16,Premier League,19/01/2021,29,29,,16,first scrap players
Danny Wilson,103819,https://www.transfermarkt.com/danny-wilson/profil/spieler/103819,7/11/2009,17 years 10 months 11 days,17,Scottish Premiership,14/01/2012,20,20,Championship,17,first scrap players
Marc Wilson,30456,https://www.transfermarkt.com/marc-wilson/profil/spieler/30456,26/12/2008,21 years 04 months 09 days,21,Premier League,7/8/2010,22,22,Championship,21,first scrap players
Chris Wood,108725,https://www.transfermarkt.com/chris-wood/profil/spieler/108725,24/02/2008,16 years 02 months 17 days,16,Stirling Sports Premiership,8/8/2009,17,17,Championship,16,first scrap players
Shaun Wright-Phillips,3467,https://www.transfermarkt.com/shaun-wright-phillips/profil/spieler/3467,19/08/2000,18 years 09 months 25 days,18,Premier League,30/10/1999,18,18,,18,first scrap players
Ashley Young,14086,https://www.transfermarkt.com/ashley-young/profil/spieler/14086,19/08/2006,21 years 01 month 10 days,21,Premier League,13/09/2003,18,18,First Division (until 03/04),18,first scrap players
Luke Young,3271,https://www.transfermarkt.com/luke-young/profil/spieler/3271,28/11/1998,19 years 04 months 09 days,19,Premier League,8/4/2014,34,34,Championship,19,first scrap players
Pablo Zabaleta,20007,https://www.transfermarkt.com/pablo-zabaleta/profil/spieler/20007,16/03/2003,18 years 02 months 00 days,18,Torneo Final,No second tier career,No second tier career,No second tier career,No second tier career,18,first scrap players
Bobby Zamora,4205,https://www.transfermarkt.com/bobby-zamora/profil/spieler/4205,16/08/2003,22 years 07 months 00 days,22,Premier League,10/8/2002,21,21,First Division (until 03/04),21,first scrap players
Boudewijn Zenden,3173,https://www.transfermarkt.com/boudewijn-zenden/profil/spieler/3173,28/08/1994,18 years 13 days,18,Eredivisie,No second tier career,No second tier career,No second tier career,No second tier career,18,first scrap players
Nikola Žigić,19729,https://www.transfermarkt.com/nikola-igi/profil/spieler/19729,7/8/2004,23 years 10 months 13 days,23,Linglong Tire Super liga Srbije,24/09/2011,30,30,Championship,23,first scrap players
Ronald Zubar,22645,https://www.transfermarkt.com/ronald-zubar/profil/spieler/22645,14/08/2004,18 years 10 months 25 days,18,Ligue 1,8/3/2003,17,17,Ligue 2,17,first scrap players
Gianni Zuiverloon,27304,https://www.transfermarkt.com/gianni-zuiverloon/profil/spieler/27304,22/08/2004,17 years 07 months 23 days,17,Eredivisie,8/8/2009,22,22,Championship,17,first scrap players
Patrick van Aanholt,52119,https://www.transfermarkt.com/patrick-van-aanholt/profil/spieler/52119,24/03/2010,19 years 06 months 23 days,19,Premier League,9/8/2009,18,18,Championship,18,first scrap players
Sergio Agüero,26399,https://www.transfermarkt.com/sergio-agero/profil/spieler/26399,6/7/2003,15 years 01 month 04 days,15,Torneo Final,No second tier career,No second tier career,No second tier career,No second tier career,15,first scrap players
Kemy Agustien,24862,https://www.transfermarkt.com/kemy-agustien/profil/spieler/24862,14/08/2004,17 years 11 months 25 days,17,Eredivisie,30/08/2008,22,22,Championship,17,first scrap players
Joe Allen,51452,https://www.transfermarkt.com/joe-allen/profil/spieler/51452,15/08/2011,21 years 05 months 01 day,21,Premier League,6/12/2008,18,18,Championship,18,first scrap players
Ben Amos,73472,https://www.transfermarkt.com/ben-amos/profil/spieler/73472,31/01/2012,21 years 09 months 21 days,21,Premier League,31/10/2009,19,19,Championship,19,first scrap players
John Arne Riise,3220,https://www.transfermarkt.com/john-arne-riise/profil/spieler/3220,25/09/1998,18 years 01 day,18,Ligue 1,No second tier career,No second tier career,No second tier career,No second tier career,18,first scrap players
Daniel Ayala,78966,https://www.transfermarkt.com/daniel-ayala/profil/spieler/78966,16/08/2009,18 years 09 months 09 days,18,Premier League,11/9/2010,19,19,Championship,18,first scrap players
Ross Barkley,131978,https://www.transfermarkt.com/ross-barkley/profil/spieler/131978,20/08/2011,17 years 08 months 15 days,17,Premier League,14/09/2012,18,18,Championship,17,first scrap players
Leon Barnett,33484,https://www.transfermarkt.com/leon-barnett/profil/spieler/33484,16/08/2008,22 years 08 months 17 days,22,Premier League,17/09/2005,19,19,Championship,19,first scrap players
Craig Bellamy,3297,https://www.transfermarkt.com/craig-bellamy/profil/spieler/3297,19/08/2000,21 years 01 month 06 days,21,Premier League,15/03/1997,17,17,,17,first scrap players
Elliott Bennett,43193,https://www.transfermarkt.com/elliott-bennett/profil/spieler/43193,13/08/2011,22 years 07 months 26 days,22,Premier League,10/8/2014,25,25,Championship,22,first scrap players
Ryan Bennett,67252,https://www.transfermarkt.com/ryan-bennett/profil/spieler/67252,31/03/2012,22 years 25 days,22,Premier League,31/10/2009,19,19,Championship,19,first scrap players
Federico Bessone,57973,https://www.transfermarkt.com/federico-bessone/profil/spieler/57973,17/09/2011,27 years 07 months 25 days,27,Premier League,26/08/2007,23,23,Segunda División,23,first scrap players
Nick Blackman,67369,https://www.transfermarkt.com/nick-blackman/profil/spieler/67369,15/08/2010,20 years 09 months 04 days,20,Scottish Premiership,3/3/2009,19,19,Championship,19,first scrap players
Jay Bothroyd,8188,https://www.transfermarkt.com/jay-bothroyd/profil/spieler/8188,4/11/2000,18 years 05 months 28 days,18,Premier League,11/8/2001,19,19,First Division (until 03/04),18,first scrap players
Leon Britton,40043,https://www.transfermarkt.com/leon-britton/profil/spieler/40043,15/08/2011,28 years 10 months 30 days,28,Premier League,9/8/2008,25,25,Championship,25,first scrap players
Ákos Buzsáky,13878,https://www.transfermarkt.com/kos-buzsky/profil/spieler/13878,3/10/1999,17 years 04 months 26 days,17,Nemzeti Bajnokság,29/07/2001,19,19,Ness Hungary NB II - East,17,first scrap players
Yohan Cabaye,29434,https://www.transfermarkt.com/yohan-cabaye/profil/spieler/29434,7/11/2004,18 years 09 months 24 days,18,Ligue 1,No second tier career,No second tier career,No second tier career,No second tier career,18,first scrap players
Samir Carruthers,146488,https://www.transfermarkt.com/samir-carruthers/profil/spieler/146488,7/4/2012,19 years 03 days,19,Premier League,8/8/2015,22,22,Championship,19,first scrap players
Steven Caulker,121280,https://www.transfermarkt.com/steven-caulker/profil/spieler/121280,15/08/2011,19 years 07 months 17 days,19,Premier League,28/09/2010,18,18,Championship,18,first scrap players
Radek Černý,21010,https://www.transfermarkt.com/radek-ern/profil/spieler/21010,24/04/1994,20 years 02 months 06 days,20,,9/8/2008,34,34,Championship,20,first scrap players
Djibril Cissé,3966,https://www.transfermarkt.com/djibril-ciss/profil/spieler/3966,20/03/1999,17 years 07 months 08 days,17,Ligue 1,No second tier career,No second tier career,No second tier career,No second tier career,17,first scrap players
Papiss Cissé,33952,https://www.transfermarkt.com/papiss-ciss/profil/spieler/33952,29/07/2005,20 years 01 month 26 days,20,Ligue 1,29/07/2006,21,21,Ligue 2,20,first scrap players
Sebastián Coates,102427,https://www.transfermarkt.com/sebastin-coates/profil/spieler/102427,19/07/2009,18 years 09 months 12 days,18,Liguilla Pre-Libertadores,No second tier career,No second tier career,No second tier career,No second tier career,18,first scrap players
Matthew Connolly,34559,https://www.transfermarkt.com/matthew-connolly/profil/spieler/34559,20/08/2011,23 years 10 months 27 days,23,Premier League,11/8/2007,19,19,Championship,19,first scrap players
Francis Coquelin,74869,https://www.transfermarkt.com/francis-coquelin/profil/spieler/74869,28/08/2011,20 years 03 months 15 days,20,Premier League,4/11/2014,23,23,Championship,20,first scrap players
Andrew Crofts,14003,https://www.transfermarkt.com/andrew-crofts/profil/spieler/14003,13/08/2011,27 years 02 months 15 days,27,Premier League,1/5/2001,16,16,,16,first scrap players
Albert Crusat,51536,https://www.transfermarkt.com/albert-crusat/profil/spieler/51536,2/9/2002,20 years 03 months 20 days,20,LaLiga,6/9/2003,21,21,Segunda División,20,first scrap players
David Davis,129054,https://www.transfermarkt.com/david-davis/profil/spieler/129054,10/3/2012,21 years 19 days,21,Premier League,21/08/2012,21,21,Championship,21,first scrap players
Craig Dawson,121477,https://www.transfermarkt.com/craig-dawson/profil/spieler/121477,17/09/2011,21 years 04 months 11 days,21,Premier League,9/2/2013,22,22,Championship,21,first scrap players
Ritchie De Laet,55687,https://www.transfermarkt.com/ritchie-de-laet/profil/spieler/55687,24/05/2009,20 years 05 months 26 days,20,Premier League,18/11/2006,17,17,Challenger Pro League,17,first scrap players
Shaun Derry,14007,https://www.transfermarkt.com/shaun-derry/profil/spieler/14007,21/08/2004,26 years 08 months 15 days,26,Premier League,27/01/1998,20,20,,20,first scrap players
Samba Diakité,136589,https://www.transfermarkt.com/samba-diakit/profil/spieler/136589,17/04/2010,21 years 02 months 24 days,21,Ligue 1,2/2/2014,25,25,Championship,21,first scrap players
Mahamadou Diarra,5352,https://www.transfermarkt.com/mahamadou-diarra/profil/spieler/5352,23/08/1998,17 years 03 months 05 days,17,Stoiximan Super League,No second tier career,No second tier career,No second tier career,No second tier career,17,first scrap players
Stephen Dobbie,12693,https://www.transfermarkt.com/stephen-dobbie/profil/spieler/12693,9/8/2003,20 years 08 months 04 days,20,Scottish Premiership,7/5/2005,22,22,Scottish Championship,20,first scrap players
Matt Doherty,171679,https://www.transfermarkt.com/matt-doherty/profil/spieler/171679,24/09/2011,19 years 08 months 08 days,19,Premier League,24/02/2013,21,21,Championship,19,first scrap players
Landon Donovan,68,https://www.transfermarkt.com/landon-donovan/profil/spieler/68,7/4/2001,19 years 01 month 03 days,19,Major League Soccer,No second tier career,No second tier career,No second tier career,No second tier career,19,first scrap players
Royston Drenthe,35631,https://www.transfermarkt.com/royston-drenthe/profil/spieler/35631,15/01/2006,18 years 09 months 07 days,18,VriendenLoterij Eredivisie,3/8/2013,26,26,Championship,18,first scrap players
Adam Drury,11663,https://www.transfermarkt.com/adam-drury/profil/spieler/11663,14/08/2004,25 years 11 months 16 days,25,Premier League,31/03/2001,22,22,,22,first scrap players
Shane Duffy,119269,https://www.transfermarkt.com/shane-duffy/profil/spieler/119269,11/1/2012,20 years 10 days,20,Premier League,2/4/2011,19,19,Championship,19,first scrap players
Nathan Dyer,37011,https://www.transfermarkt.com/nathan-dyer/profil/spieler/37011,15/08/2011,23 years 08 months 17 days,23,Premier League,27/08/2005,17,17,Championship,17,first scrap players
Chris Eagles,24635,https://www.transfermarkt.com/chris-eagles/profil/spieler/24635,28/04/2007,21 years 05 months 09 days,21,Premier League,22/01/2005,19,19,Championship,19,first scrap players
Hogan Ephraim,31883,https://www.transfermarkt.com/hogan-ephraim/profil/spieler/31883,20/08/2011,23 years 04 months 20 days,23,Premier League,28/11/2006,18,18,Championship,18,first scrap players
Alejandro Faurlín,88067,https://www.transfermarkt.com/alejandro-faurln/profil/spieler/88067,9/5/2004,17 years 09 months 00 days,17,Torneo Final,9/8/2008,22,22,Primera Nacional,17,first scrap players
Anthony Forde,146494,https://www.transfermarkt.com/anthony-forde/profil/spieler/146494,26/11/2011,18 years 10 days,18,Premier League,18/08/2012,18,18,Championship,18,first scrap players
Mauro Formica,55870,https://www.transfermarkt.com/mauro-formica/profil/spieler/55870,3/6/2007,19 years 01 month 30 days,19,Torneo Final,18/08/2012,24,24,Championship,19,first scrap players
David Fox,4219,https://www.transfermarkt.com/david-fox/profil/spieler/4219,13/08/2011,27 years 08 months 00 days,27,Premier League,11/8/2007,23,23,Championship,23,first scrap players
Kerim Frei,146844,https://www.transfermarkt.com/kerim-frei/profil/spieler/146844,10/12/2011,18 years 21 days,18,Premier League,27/10/2012,18,18,Championship,18,first scrap players
Emmanuel Frimpong,93056,https://www.transfermarkt.com/emmanuel-frimpong/profil/spieler/93056,13/08/2011,19 years 07 months 03 days,19,Premier League,24/11/2012,20,20,Championship,19,first scrap players
Zeki Fryers,141655,https://www.transfermarkt.com/zeki-fryers/profil/spieler/141655,10/12/2011,19 years 03 months 01 day,19,Premier League,17/01/2015,22,22,Championship,19,first scrap players
Márton Fülöp,17879,https://www.transfermarkt.com/mrton-flp/profil/spieler/17879,11/5/2008,25 years 08 days,25,Premier League,11/8/2002,19,19,,19,first scrap players
Gary Gardner,110861,https://www.transfermarkt.com/gary-gardner/profil/spieler/110861,31/12/2011,19 years 06 months 02 days,19,Premier League,26/11/2011,19,19,Championship,19,first scrap players
David de Gea,59377,https://www.transfermarkt.com/david-de-gea/profil/spieler/59377,3/10/2009,18 years 10 months 26 days,18,LaLiga,No second tier career,No second tier career,No second tier career,No second tier career,18,first scrap players
Marcel Gecov,34534,https://www.transfermarkt.com/marcel-gecov/profil/spieler/34534,17/03/2007,19 years 02 months 13 days,19,Fortuna Liga,No second tier career,No second tier career,No second tier career,No second tier career,19,first scrap players
Gervinho,33481,https://www.transfermarkt.com/gervinho/profil/spieler/33481,6/8/2005,18 years 02 months 10 days,18,Jupiler Pro League,No second tier career,No second tier career,No second tier career,No second tier career,18,first scrap players
Shay Given,3146,https://www.transfermarkt.com/shay-given/profil/spieler/3146,14/12/1996,20 years 07 months 24 days,20,Premier League,21/01/1996,19,19,,19,first scrap players
David Goodwillie,37677,https://www.transfermarkt.com/david-goodwillie/profil/spieler/37677,31/12/2005,16 years 09 months 03 days,16,Scottish Premiership,25/08/2012,23,23,Championship,16,first scrap players
Johnny Gorman,145488,https://www.transfermarkt.com/johnny-gorman/profil/spieler/145488,24/03/2012,19 years 04 months 27 days,19,Premier League,No second tier career,No second tier career,No second tier career,No second tier career,19,first scrap players
Mark Gower,39700,https://www.transfermarkt.com/mark-gower/profil/spieler/39700,10/9/2011,32 years 11 months 05 days,32,Premier League,5/8/2006,27,27,Championship,27,first scrap players
Danny Graham,29152,https://www.transfermarkt.com/danny-graham/profil/spieler/29152,3/10/2004,19 years 01 month 21 days,19,Premier League,26/11/2005,20,20,Championship,19,first scrap players
Zdeněk Grygera,6833,https://www.transfermarkt.com/zdenk-grygera/profil/spieler/6833,2/8/1998,18 years 02 months 19 days,18,,No second tier career,No second tier career,No second tier career,No second tier career,18,first scrap players
Brad Guzan,39471,https://www.transfermarkt.com/brad-guzan/profil/spieler/39471,2/4/2005,20 years 06 months 24 days,20,Major League Soccer,1/1/2011,26,26,Championship,20,first scrap players
Fitz Hall,6580,https://www.transfermarkt.com/fitz-hall/profil/spieler/6580,29/12/2003,23 years 09 days,23,Premier League,6/8/2005,24,24,Championship,23,first scrap players
Michael Harriman,155233,https://www.transfermarkt.com/michael-harriman/profil/spieler/155233,27/08/2011,18 years 10 months 04 days,18,Premier League,No second tier career,No second tier career,No second tier career,No second tier career,18,first scrap players
Heiðar Helguson,9886,https://www.transfermarkt.com/heiar-helguson/profil/spieler/9886,13/04/1998,20 years 07 months 22 days,20,Eliteserien,26/08/2000,23,23,,20,first scrap players
Adam Henley,173585,https://www.transfermarkt.com/adam-henley/profil/spieler/173585,19/11/2011,17 years 05 months 05 days,17,Premier League,3/11/2012,18,18,Championship,17,first scrap players
Thierry Henry,3207,https://www.transfermarkt.com/thierry-henry/profil/spieler/3207,31/08/1994,17 years 14 days,17,Ligue 1,No second tier career,No second tier career,No second tier career,No second tier career,17,first scrap players
Henrique Hilário,13886,https://www.transfermarkt.com/henrique-hilrio/profil/spieler/13886,12/10/1996,20 years 11 months 21 days,20,Liga Portugal,No second tier career,No second tier career,No second tier career,No second tier career,20,first scrap players
Clint Hill,13583,https://www.transfermarkt.com/clint-hill/profil/spieler/13583,13/08/2011,32 years 09 months 25 days,32,Premier League,18/10/1997,18,18,,18,first scrap players
Grant Holt,13412,https://www.transfermarkt.com/grant-holt/profil/spieler/13412,13/08/2011,30 years 04 months 01 day,30,Premier League,29/03/2003,21,21,First Division (until 03/04),21,first scrap players
Wes Hoolahan,24589,https://www.transfermarkt.com/wes-hoolahan/profil/spieler/24589,31/08/2001,19 years 03 months 11 days,19,SSE Airtricity League Premier Division,11/8/2007,25,25,Championship,19,first scrap players
Jonny Howson,45395,https://www.transfermarkt.com/jonny-howson/profil/spieler/45395,3/3/2012,23 years 09 months 11 days,23,Premier League,23/12/2006,18,18,Championship,18,first scrap players
Sam Hutchinson,40617,https://www.transfermarkt.com/sam-hutchinson/profil/spieler/40617,13/05/2007,17 years 09 months 10 days,17,Premier League,21/08/2012,23,23,Championship,17,first scrap players
Carl Ikeme,26412,https://www.transfermarkt.com/carl-ikeme/profil/spieler/26412,13/05/2012,25 years 11 months 05 days,25,Premier League,26/08/2006,20,20,Championship,20,first scrap players
Simeon Jackson,44913,https://www.transfermarkt.com/simeon-jackson/profil/spieler/44913,21/08/2011,24 years 04 months 24 days,24,Premier League,6/8/2010,23,23,Championship,23,first scrap players
Nikica Jelavić,25742,https://www.transfermarkt.com/nikica-jelavi/profil/spieler/25742,12/2/2006,20 years 05 months 16 days,20,SuperSport HNL,13/03/2016,30,30,China League One,20,first scrap players
Carl Jenkinson,126321,https://www.transfermarkt.com/carl-jenkinson/profil/spieler/126321,20/08/2011,19 years 06 months 12 days,19,Premier League,26/08/2017,25,25,Championship,19,first scrap players
Bradley Johnson,49327,https://www.transfermarkt.com/bradley-johnson/profil/spieler/49327,21/08/2011,24 years 03 months 24 days,24,Premier League,7/8/2010,23,23,Championship,23,first scrap players
Billy Jones,36866,https://www.transfermarkt.com/billy-jones/profil/spieler/36866,16/10/2011,24 years 06 months 22 days,24,Premier League,18/10/2003,16,16,First Division (until 03/04),16,first scrap players
Brad Jones,4042,https://www.transfermarkt.com/brad-jones/profil/spieler/4042,5/10/2001,19 years 06 months 16 days,19,SSE Airtricity League Premier Division,5/8/2006,24,24,Championship,19,first scrap players
Alexander Kačaniklić,51040,https://www.transfermarkt.com/alexander-kaanikli/profil/spieler/51040,31/03/2012,20 years 07 months 18 days,20,Premier League,31/01/2012,20,20,Championship,20,first scrap players
Pajtim Kasami,130108,https://www.transfermarkt.com/pajtim-kasami/profil/spieler/130108,28/03/2010,17 years 09 months 26 days,17,Raiffeisen Super League,6/8/2016,24,24,Championship,17,first scrap players
Jake Kean,121388,https://www.transfermarkt.com/jake-kean/profil/spieler/121388,13/05/2012,21 years 03 months 09 days,21,Premier League,15/12/2012,21,21,Championship,21,first scrap players
Will Keane,118535,https://www.transfermarkt.com/will-keane/profil/spieler/118535,31/12/2011,18 years 11 months 20 days,18,Premier League,1/12/2013,20,20,Championship,18,first scrap players
Paddy Kenny,13524,https://www.transfermarkt.com/paddy-kenny/profil/spieler/13524,19/08/2006,28 years 03 months 02 days,28,Premier League,10/8/2002,24,24,First Division (until 03/04),24,first scrap players
Matthew Kilgallon,4095,https://www.transfermarkt.com/matthew-kilgallon/profil/spieler/4095,8/2/2003,19 years 01 month 00 days,19,Premier League,30/08/2003,19,19,First Division (until 03/04),19,first scrap players
Cameron Lancaster,182660,https://www.transfermarkt.com/cameron-lancaster/profil/spieler/182660,31/01/2012,19 years 02 months 26 days,19,Premier League,No second tier career,No second tier career,No second tier career,No second tier career,19,first scrap players
Henri Lansbury,44794,https://www.transfermarkt.com/henri-lansbury/profil/spieler/44794,9/5/2010,19 years 06 months 27 days,19,Premier League,22/08/2009,18,18,Championship,18,first scrap players
Simon Lappin,14792,https://www.transfermarkt.com/simon-lappin/profil/spieler/14792,29/07/2006,23 years 06 months 04 days,23,Scottish Premiership,17/08/2002,19,19,,19,first scrap players
Anders Lindegaard,22491,https://www.transfermarkt.com/anders-lindegaard/profil/spieler/22491,19/11/2006,22 years 07 months 06 days,22,Superligaen,3/9/2008,24,24,1.Division,22,first scrap players
Leroy Lita,20975,https://www.transfermarkt.com/leroy-lita/profil/spieler/20975,19/08/2006,21 years 07 months 22 days,21,Premier League,6/8/2005,20,20,Championship,20,first scrap players
Jake Livermore,61832,https://www.transfermarkt.com/jake-livermore/profil/spieler/61832,20/03/2010,20 years 04 months 06 days,20,Premier League,22/08/2009,19,19,Championship,19,first scrap players
Shane Long,37304,https://www.transfermarkt.com/shane-long/profil/spieler/37304,23/03/2005,18 years 02 months 01 day,18,Premier Division,28/12/2005,18,18,Championship,18,first scrap players
Romelu Lukaku,96341,https://www.transfermarkt.com/romelu-lukaku/profil/spieler/96341,22/08/2009,16 years 03 months 09 days,16,Jupiler Pro League,No second tier career,No second tier career,No second tier career,No second tier career,16,first scrap players
Jamie Mackie,15929,https://www.transfermarkt.com/jamie-mackie/profil/spieler/15929,2/10/2011,26 years 10 days,26,Premier League,26/12/2003,18,18,First Division (until 03/04),18,first scrap players
Stefan Maierhofer,32660,https://www.transfermarkt.com/stefan-maierhofer/profil/spieler/32660,28/10/2006,24 years 02 months 12 days,24,1.Bundesliga,2/2/2007,24,24,2.Bundesliga,24,first scrap players
Shaun Maloney,9508,https://www.transfermarkt.com/shaun-maloney/profil/spieler/9508,6/5/2001,18 years 03 months 12 days,18,Scottish Premiership,3/8/2013,30,30,Championship,18,first scrap players
Russell Martin,67303,https://www.transfermarkt.com/russell-martin/profil/spieler/67303,13/08/2011,25 years 07 months 09 days,25,Premier League,18/08/2009,23,23,Championship,23,first scrap players
Sylvain Marveaux,39909,https://www.transfermarkt.com/sylvain-marveaux/profil/spieler/39909,5/8/2006,20 years 03 months 21 days,20,Ligue 1,29/07/2017,31,31,Ligue 2,20,first scrap players
Juan Mata,44068,https://www.transfermarkt.com/juan-mata/profil/spieler/44068,2/9/2007,19 years 04 months 05 days,19,LaLiga,27/08/2006,18,18,Segunda División,18,first scrap players
Conor McAleny,121260,https://www.transfermarkt.com/conor-mcaleny/profil/spieler/121260,10/12/2011,19 years 03 months 28 days,19,Premier League,7/2/2015,22,22,Championship,19,first scrap players
Gareth McAuley,40567,https://www.transfermarkt.com/gareth-mcauley/profil/spieler/40567,24/09/2011,31 years 09 months 19 days,31,Premier League,23/09/2006,26,26,Championship,26,first scrap players
James McClean,85935,https://www.transfermarkt.com/james-mcclean/profil/spieler/85935,8/9/2008,19 years 04 months 17 days,19,League of Ireland Premier Division,5/3/2010,20,20,League of Ireland First Division,19,first scrap players
Tyrone Mears,14050,https://www.transfermarkt.com/tyrone-mears/profil/spieler/14050,19/08/2006,23 years 06 months 01 day,23,Premier League,30/03/2002,19,19,First Division (until 03/04),19,first scrap players
Per Mertesacker,6710,https://www.transfermarkt.com/per-mertesacker/profil/spieler/6710,1/11/2003,19 years 01 month 03 days,19,1.Bundesliga,No second tier career,No second tier career,No second tier career,No second tier career,19,first scrap players
Ignasi Miquel,70245,https://www.transfermarkt.com/ignasi-miquel/profil/spieler/70245,20/08/2011,18 years 10 months 23 days,18,Premier League,31/08/2013,20,20,Championship,18,first scrap players
Ryo Miyaichi,129688,https://www.transfermarkt.com/ryo-miyaichi/profil/spieler/129688,6/2/2011,18 years 01 month 23 days,18,VriendenLoterij Eredivisie,28/11/2014,21,21,Keuken Kampioen Divisie,18,first scrap players
Anthony Modeste,50512,https://www.transfermarkt.com/anthony-modeste/profil/spieler/50512,4/8/2007,19 years 03 months 21 days,19,Ligue 1,7/8/2009,21,21,Ligue 2,19,first scrap players
Garry Monk,4111,https://www.transfermarkt.com/garry-monk/profil/spieler/4111,28/11/1998,19 years 08 months 22 days,19,Premier League,10/9/1999,20,20,,19,first scrap players
Luke Moore,4075,https://www.transfermarkt.com/luke-moore/profil/spieler/4075,1/11/2003,17 years 08 months 19 days,17,Premier League,23/02/2008,22,22,Championship,17,first scrap players
Vangelis Moras,9850,https://www.transfermarkt.com/vangelis-moras/profil/spieler/9850,1/9/2002,21 years 06 days,21,Stoiximan Super League,16/12/2000,19,19,Football League,19,first scrap players
Steve Morison,104725,https://www.transfermarkt.com/steve-morison/profil/spieler/104725,13/08/2011,27 years 11 months 15 days,27,Premier League,7/8/2010,26,26,Championship,26,first scrap players
Kyle Naughton,66219,https://www.transfermarkt.com/kyle-naughton/profil/spieler/66219,16/01/2008,19 years 01 month 30 days,19,Scottish Premiership,20/09/2008,19,19,Championship,19,first scrap players
Marcus Olsson,72264,https://www.transfermarkt.com/marcus-olsson/profil/spieler/72264,30/03/2008,19 years 10 months 13 days,19,Allsvenskan,18/08/2012,24,24,Championship,19,first scrap players
Andrea Orlandi,29117,https://www.transfermarkt.com/andrea-orlandi/profil/spieler/29117,20/05/2006,21 years 09 months 17 days,21,LaLiga,20/09/2008,24,24,Championship,21,first scrap players
Bradley Orr,16091,https://www.transfermarkt.com/bradley-orr/profil/spieler/16091,13/08/2011,28 years 09 months 12 days,28,Premier League,31/01/2004,21,21,First Division (until 03/04),21,first scrap players
Alex Oxlade-Chamberlain,143424,https://www.transfermarkt.com/alex-oxlade-chamberlain/profil/spieler/143424,28/08/2011,18 years 13 days,18,Premier League,No second tier career,No second tier career,No second tier career,No second tier career,18,first scrap players
Bruno Perone,67996,https://www.transfermarkt.com/bruno-perone/profil/spieler/67996,29/06/2008,20 years 11 months 23 days,20,Campeonato Brasileiro Série A,16/05/2009,21,21,Campeonato Brasileiro Série B,20,first scrap players
Radosav Petrović,75296,https://www.transfermarkt.com/radosav-petrovi/profil/spieler/75296,22/08/2008,19 years 05 months 14 days,19,Linglong Tire Super liga Srbije,31/08/2019,30,30,Segunda División,19,first scrap players
Anthony Pilkington,67322,https://www.transfermarkt.com/anthony-pilkington/profil/spieler/67322,13/08/2011,23 years 02 months 07 days,23,Premier League,19/08/2014,26,26,Championship,23,first scrap players
David Pizarro,5896,https://www.transfermarkt.com/david-pizarro/profil/spieler/5896,29/08/1999,19 years 11 months 18 days,19,Serie A,No second tier career,No second tier career,No second tier career,No second tier career,19,first scrap players
Paul Pogba,122153,https://www.transfermarkt.com/paul-pogba/profil/spieler/122153,31/01/2012,18 years 10 months 16 days,18,Premier League,No second tier career,No second tier career,No second tier career,No second tier career,18,first scrap players
Pavel Pogrebnyak,15074,https://www.transfermarkt.com/pavel-pogrebnyak/profil/spieler/15074,24/07/2002,18 years 08 months 16 days,18,Premier Liga,1/4/2003,19,19,1.Division,18,first scrap players
Darren Pratley,28957,https://www.transfermarkt.com/darren-pratley/profil/spieler/28957,8/11/2003,18 years 06 months 17 days,18,Premier League,9/8/2008,23,23,Championship,18,first scrap players
Àngel Rangel,66550,https://www.transfermarkt.com/ngel-rangel/profil/spieler/66550,15/08/2011,28 years 08 months 18 days,28,Premier League,16/08/2008,25,25,Championship,25,first scrap players
Tim Ream,145466,https://www.transfermarkt.com/tim-ream/profil/spieler/145466,28/03/2010,22 years 05 months 23 days,22,Major League Soccer,18/08/2012,24,24,Championship,22,first scrap players
Jazz Richards,120241,https://www.transfermarkt.com/jazz-richards/profil/spieler/120241,15/10/2011,20 years 06 months 03 days,20,Premier League,15/08/2009,18,18,Championship,18,first scrap players
Joe Riley,125117,https://www.transfermarkt.com/joe-riley/profil/spieler/125117,6/11/2011,20 years 24 days,20,Premier League,No second tier career,No second tier career,No second tier career,No second tier career,20,first scrap players
Oriol Romeu,66100,https://www.transfermarkt.com/oriol-romeu/profil/spieler/66100,15/05/2011,19 years 07 months 21 days,19,LaLiga,28/08/2010,18,18,Segunda División,18,first scrap players
Declan Rudd,74088,https://www.transfermarkt.com/declan-rudd/profil/spieler/74088,27/08/2011,20 years 07 months 11 days,20,Premier League,11/9/2010,19,19,Championship,19,first scrap players
John Ruddy,29712,https://www.transfermarkt.com/john-ruddy/profil/spieler/29712,11/2/2006,19 years 03 months 18 days,19,Premier League,6/8/2010,23,23,Championship,19,first scrap players
Bryan Ruiz,39642,https://www.transfermarkt.com/bryan-ruiz/profil/spieler/39642,23/04/2006,20 years 08 months 05 days,20,Primera División Clausura Play-Off,20/09/2014,29,29,Championship,20,first scrap players
Orlando Sá,64535,https://www.transfermarkt.com/orlando-s/profil/spieler/64535,2/11/2008,20 years 05 months 07 days,20,Liga Portugal,8/8/2015,27,27,Championship,20,first scrap players
Davide Santon,84344,https://www.transfermarkt.com/davide-santon/profil/spieler/84344,25/01/2009,18 years 23 days,18,Serie A,No second tier career,No second tier career,No second tier career,No second tier career,18,first scrap players
André Santos,54275,https://www.transfermarkt.com/andr-santos/profil/spieler/54275,13/06/2004,21 years 03 months 05 days,21,Campeonato Brasileiro Série A,10/5/2008,25,25,Campeonato Brasileiro Série B,21,first scrap players
Stefan Savić,107010,https://www.transfermarkt.com/stefan-savi/profil/spieler/107010,22/08/2009,18 years 07 months 14 days,18,Linglong Tire Super liga Srbije,21/03/2009,18,18,Prva liga,18,first scrap players
Gylfi Sigurðsson,90466,https://www.transfermarkt.com/gylfi-sigursson/profil/spieler/90466,10/9/2010,21 years 02 days,21,1.Bundesliga,22/08/2009,19,19,Championship,19,first scrap players
Scott Sinclair,31552,https://www.transfermarkt.com/scott-sinclair/profil/spieler/31552,6/5/2007,18 years 01 month 11 days,18,Premier League,22/01/2007,17,17,Championship,17,first scrap players
Jordan Slew,164785,https://www.transfermarkt.com/jordan-slew/profil/spieler/164785,31/12/2011,19 years 03 months 24 days,19,Premier League,2/10/2010,18,18,Championship,18,first scrap players
Adam Smith,61841,https://www.transfermarkt.com/adam-smith/profil/spieler/61841,13/05/2012,21 years 14 days,21,Premier League,4/2/2012,20,20,Championship,20,first scrap players
Marvin Sordell,120599,https://www.transfermarkt.com/marvin-sordell/profil/spieler/120599,4/2/2012,20 years 11 months 18 days,20,Premier League,15/08/2009,18,18,Championship,18,first scrap players
Raheem Sterling,134425,https://www.transfermarkt.com/raheem-sterling/profil/spieler/134425,24/03/2012,17 years 03 months 16 days,17,Premier League,No second tier career,No second tier career,No second tier career,No second tier career,17,first scrap players
Denis Stracqualursi,92544,https://www.transfermarkt.com/denis-stracqualursi/profil/spieler/92544,22/11/2008,21 years 01 month 02 days,21,Torneo Inicial,31/08/2019,31,31,Primera Nacional,21,first scrap players
Andrew Surman,29975,https://www.transfermarkt.com/andrew-surman/profil/spieler/29975,18/08/2009,22 years 11 months 29 days,22,Premier League,25/01/2006,19,19,Championship,19,first scrap players
Adel Taarabt,45287,https://www.transfermarkt.com/adel-taarabt/profil/spieler/45287,4/3/2007,17 years 09 months 08 days,17,Premier League,14/03/2009,19,19,Championship,17,first scrap players
Taye Taiwo,28922,https://www.transfermarkt.com/taye-taiwo/profil/spieler/28922,12/3/2005,19 years 10 months 24 days,19,Ligue 1,No second tier career,No second tier career,No second tier career,No second tier career,19,first scrap players
Alan Tate,7337,https://www.transfermarkt.com/alan-tate/profil/spieler/7337,13/01/2002,19 years 04 months 11 days,19,Jupiler Pro League,21/10/2008,26,26,Championship,19,first scrap players
Neil Taylor,67416,https://www.transfermarkt.com/neil-taylor/profil/spieler/67416,20/08/2011,22 years 06 months 13 days,22,Premier League,21/08/2010,21,21,Championship,21,first scrap players
Marc Tierney,67346,https://www.transfermarkt.com/marc-tierney/profil/spieler/67346,13/08/2011,25 years 11 months 21 days,25,Premier League,29/01/2011,25,25,Championship,25,first scrap players
Armand Traoré,33783,https://www.transfermarkt.com/armand-traor/profil/spieler/33783,5/4/2008,18 years 05 months 28 days,18,Premier League,3/8/2013,23,23,Championship,18,first scrap players
Gerhard Tremmel,488,https://www.transfermarkt.com/gerhard-tremmel/profil/spieler/488,7/4/2000,21 years 04 months 22 days,21,1.Bundesliga,29/07/2001,22,22,2.Bundesliga,21,first scrap players
Marcello Trotta,129505,https://www.transfermarkt.com/marcello-trotta/profil/spieler/129505,7/4/2012,19 years 06 months 09 days,19,Premier League,25/02/2012,19,19,Championship,19,first scrap players
Ross Turnbull,29159,https://www.transfermarkt.com/ross-turnbull/profil/spieler/29159,3/5/2006,21 years 03 months 29 days,21,Premier League,27/08/2005,20,20,Championship,20,first scrap players
Josh Vela,173804,https://www.transfermarkt.com/josh-vela/profil/spieler/173804,21/04/2012,18 years 04 months 07 days,18,Premier League,19/01/2013,19,19,Championship,18,first scrap players
Michel Vorm,26276,https://www.transfermarkt.com/michel-vorm/profil/spieler/26276,19/08/2006,22 years 09 months 30 days,22,VriendenLoterij Eredivisie,12/8/2005,21,21,Keuken Kampioen Divisie,21,first scrap players
Dorus de Vries,6404,https://www.transfermarkt.com/dorus-de-vries/profil/spieler/6404,7/12/2003,22 years 11 months 08 days,22,Eredivisie,4/11/2000,19,19,Keuken Kampioen Divisie,19,first scrap players
Haris Vučkić,76560,https://www.transfermarkt.com/haris-vuki/profil/spieler/76560,24/05/2008,15 years 09 months 03 days,15,Prva Liga,31/08/2009,17,17,Championship,15,first scrap players
Simon Vukčević,27239,https://www.transfermarkt.com/simon-vukevi/profil/spieler/27239,21/08/2004,18 years 06 months 23 days,18,Linglong Tire Super liga Srbije,3/11/2012,26,26,Championship,18,first scrap players
Elliott Ward,15838,https://www.transfermarkt.com/elliott-ward/profil/spieler/15838,27/08/2005,20 years 07 months 08 days,20,Premier League,12/3/2005,20,20,Championship,20,first scrap players
Keiren Westwood,15164,https://www.transfermarkt.com/keiren-westwood/profil/spieler/15164,29/10/2011,27 years 06 days,27,Premier League,9/8/2008,23,23,Championship,23,first scrap players
Zak Whitbread,22230,https://www.transfermarkt.com/zak-whitbread/profil/spieler/22230,13/08/2011,27 years 07 months 03 days,27,Premier League,26/11/2005,21,21,Championship,21,first scrap players
Connor Wickham,95435,https://www.transfermarkt.com/connor-wickham/profil/spieler/95435,20/08/2011,18 years 04 months 20 days,18,Premier League,11/4/2009,16,16,Championship,16,first scrap players
Aaron Wilbraham,67202,https://www.transfermarkt.com/aaron-wilbraham/profil/spieler/67202,30/07/2000,20 years 09 months 09 days,20,Eliteserien,28/03/1998,18,18,,18,first scrap players
Ashley Williams,67355,https://www.transfermarkt.com/ashley-williams/profil/spieler/67355,15/08/2011,26 years 11 months 23 days,26,Premier League,9/8/2008,23,23,Championship,23,first scrap players
Jonathan Woodgate,3224,https://www.transfermarkt.com/jonathan-woodgate/profil/spieler/3224,17/10/1998,18 years 08 months 25 days,18,Premier League,18/08/2012,32,32,Championship,18,first scrap players
Nico Yennaris,122721,https://www.transfermarkt.com/nico-yennaris/profil/spieler/122721,22/01/2012,18 years 07 months 29 days,18,Premier League,14/02/2015,21,21,Championship,18,first scrap players
Karim El Ahmadi,25523,https://www.transfermarkt.com/karim-el-ahmadi/profil/spieler/25523,21/03/2004,19 years 01 month 23 days,19,Eredivisie,No second tier career,No second tier career,No second tier career,No second tier career,19,first scrap players
Nathan Aké,177476,https://www.transfermarkt.com/nathan-ak/profil/spieler/177476,26/12/2012,17 years 10 months 08 days,17,Premier League,4/4/2015,20,20,Championship,17,first scrap players
Hope Akpan,61559,https://www.transfermarkt.com/hope-akpan/profil/spieler/61559,19/01/2013,21 years 05 months 05 days,21,Premier League,25/04/2011,19,19,Championship,19,first scrap players
Vurnon Anita,30670,https://www.transfermarkt.com/vurnon-anita/profil/spieler/30670,19/03/2006,16 years 11 months 15 days,16,VriendenLoterij Eredivisie,5/8/2016,27,27,Championship,16,first scrap players
Oussama Assaidi,57275,https://www.transfermarkt.com/oussama-assaidi/profil/spieler/57275,4/10/2008,20 years 01 month 19 days,20,VriendenLoterij Eredivisie,23/02/2007,18,18,Keuken Kampioen Divisie,18,first scrap players
César Azpilicueta,57500,https://www.transfermarkt.com/csar-azpilicueta/profil/spieler/57500,8/4/2007,17 years 07 months 11 days,17,LaLiga,No second tier career,No second tier career,No second tier career,No second tier career,17,first scrap players
Kyle Bartley,67421,https://www.transfermarkt.com/kyle-bartley/profil/spieler/67421,12/2/2011,19 years 08 months 21 days,19,Scottish Premiership,9/2/2010,18,18,Championship,18,first scrap players
Luciano Becchio,71020,https://www.transfermarkt.com/luciano-becchio/profil/spieler/71020,2/2/2013,29 years 01 month 05 days,29,Premier League,30/01/2005,21,21,Segunda División,21,first scrap players
Joe Bennett,90964,https://www.transfermarkt.com/joe-bennett/profil/spieler/90964,24/05/2009,19 years 01 month 26 days,19,Premier League,26/09/2009,19,19,Championship,19,first scrap players
Christian Benteke,50201,https://www.transfermarkt.com/christian-benteke/profil/spieler/50201,22/02/2008,17 years 02 months 19 days,17,Jupiler Pro League,No second tier career,No second tier career,No second tier career,No second tier career,17,first scrap players
Gaël Bigirimana,158697,https://www.transfermarkt.com/gal-bigirimana/profil/spieler/158697,2/9/2012,18 years 10 months 11 days,18,Premier League,6/8/2011,17,17,Championship,17,first scrap players
Fabio Borini,96754,https://www.transfermarkt.com/fabio-borini/profil/spieler/96754,20/09/2009,18 years 05 months 22 days,18,Premier League,19/03/2011,19,19,Championship,18,first scrap players
Artur Boruc,15220,https://www.transfermarkt.com/artur-boruc/profil/spieler/15220,8/3/2002,22 years 16 days,22,Lotto Ekstraklasa,20/09/2014,34,34,Championship,22,first scrap players
Jordan Bowery,94655,https://www.transfermarkt.com/jordan-bowery/profil/spieler/94655,17/11/2012,21 years 04 months 15 days,21,Premier League,15/02/2014,22,22,Championship,21,first scrap players
Izzy Brown,245805,https://www.transfermarkt.com/izzy-brown/profil/spieler/245805,4/5/2013,16 years 03 months 27 days,16,Premier League,20/08/2016,19,19,Championship,16,first scrap players
Alexander Büttner,38003,https://www.transfermarkt.com/alexander-bttner/profil/spieler/38003,15/03/2008,19 years 01 month 04 days,19,VriendenLoterij Eredivisie,12/10/2016,27,27,1.Division,19,first scrap players
Geoff Cameron,31642,https://www.transfermarkt.com/geoff-cameron/profil/spieler/31642,29/03/2008,22 years 08 months 18 days,22,Major League Soccer,1/9/2018,33,33,Championship,22,first scrap players
Eduard Campabadal,126722,https://www.transfermarkt.com/eduard-campabadal/profil/spieler/126722,19/05/2013,20 years 03 months 23 days,20,Premier League,8/12/2013,20,20,Segunda División,20,first scrap players
Adam Campbell,204354,https://www.transfermarkt.com/adam-campbell/profil/spieler/204354,10/3/2013,18 years 02 months 06 days,18,Premier League,No second tier career,No second tier career,No second tier career,No second tier career,18,first scrap players
Daniel Carriço,37712,https://www.transfermarkt.com/daniel-carrio/profil/spieler/37712,13/01/2008,19 years 05 months 09 days,19,Protathlima Cyta,18/08/2007,19,19,Ledman Liga Pro,19,first scrap players
Tom Carroll,121279,https://www.transfermarkt.com/tom-carroll/profil/spieler/121279,3/11/2012,20 years 05 months 06 days,20,Premier League,31/01/2012,19,19,Championship,19,first scrap players
Santi Cazorla,15799,https://www.transfermarkt.com/santi-cazorla/profil/spieler/15799,30/11/2003,18 years 11 months 17 days,18,LaLiga,24/09/2023,38,38,Segunda División,18,first scrap players
Júlio César,22412,https://www.transfermarkt.com/jlio-csar/profil/spieler/22412,9/9/1998,19 years 06 days,19,Campeonato Brasileiro Série A,No second tier career,No second tier career,No second tier career,No second tier career,19,first scrap players
Richard Chaplow,9975,https://www.transfermarkt.com/richard-chaplow/profil/spieler/9975,19/03/2005,20 years 01 month 17 days,20,Premier League,12/4/2003,18,18,First Division (until 03/04),18,first scrap players
Nathaniel Clyne,85177,https://www.transfermarkt.com/nathaniel-clyne/profil/spieler/85177,19/08/2012,21 years 04 months 14 days,21,Premier League,18/10/2008,17,17,Championship,17,first scrap players
Conor Coady,128901,https://www.transfermarkt.com/conor-coady/profil/spieler/128901,12/5/2013,20 years 02 months 17 days,20,Premier League,9/8/2014,21,21,Championship,20,first scrap players
Jack Cork,40613,https://www.transfermarkt.com/jack-cork/profil/spieler/40613,9/2/2010,20 years 07 months 15 days,20,Premier League,25/08/2007,18,18,Championship,18,first scrap players
Philippe Coutinho,80444,https://www.transfermarkt.com/philippe-coutinho/profil/spieler/80444,9/5/2010,17 years 10 months 27 days,17,Campeonato Brasileiro Série A,19/06/2009,17,17,Campeonato Brasileiro Série B,17,first scrap players
Shaun Cummings,40614,https://www.transfermarkt.com/shaun-cummings/profil/spieler/40614,29/09/2012,23 years 07 months 04 days,23,Premier League,18/08/2009,20,20,Championship,20,first scrap players
Ben Davies,192765,https://www.transfermarkt.com/ben-davies/profil/spieler/192765,25/08/2012,19 years 04 months 01 day,19,Premier League,No second tier career,No second tier career,No second tier career,No second tier career,19,first scrap players
Kelvin Davis,13640,https://www.transfermarkt.com/kelvin-davis/profil/spieler/13640,13/08/2005,28 years 10 months 15 days,28,Premier League,13/08/1995,18,18,,18,first scrap players
Steven Davis,28973,https://www.transfermarkt.com/steven-davis/profil/spieler/28973,18/09/2004,19 years 08 months 17 days,19,Premier League,No second tier career,No second tier career,No second tier career,No second tier career,19,first scrap players
Simon Dawkins,57488,https://www.transfermarkt.com/simon-dawkins/profil/spieler/57488,20/03/2011,23 years 03 months 17 days,23,Major League Soccer,19/10/2013,25,25,Championship,23,first scrap players
Steve De Ridder,41818,https://www.transfermarkt.com/steve-de-ridder/profil/spieler/41818,20/08/2006,19 years 05 months 26 days,19,Jupiler Pro League,21/01/2007,19,19,Challenger Pro League,19,first scrap players
Mathieu Debuchy,27306,https://www.transfermarkt.com/mathieu-debuchy/profil/spieler/27306,31/01/2004,18 years 06 months 03 days,18,Ligue 1,21/08/2021,36,36,Ligue 2,18,first scrap players
Ashkan Dejagah,13979,https://www.transfermarkt.com/ashkan-dejagah/profil/spieler/13979,7/8/2004,18 years 01 month 02 days,18,Bundesliga,3/2/2018,31,31,Championship,18,first scrap players
Guy Demel,1368,https://www.transfermarkt.com/guy-demel/profil/spieler/1368,1/3/2003,21 years 08 months 16 days,21,1.Bundesliga,11/3/2000,18,18,Ligue 2,18,first scrap players
Alou Diarra,1327,https://www.transfermarkt.com/alou-diarra/profil/spieler/1327,17/08/2002,21 years 01 month 02 days,21,Ligue 1,15/04/2000,18,18,Ligue 2,18,first scrap players
Maurice Edu,50987,https://www.transfermarkt.com/maurice-edu/profil/spieler/50987,25/04/2007,21 years 07 days,21,Major League Soccer,No second tier career,No second tier career,No second tier career,No second tier career,21,first scrap players
Rob Elliot,39037,https://www.transfermarkt.com/rob-elliot/profil/spieler/39037,24/02/2013,26 years 09 months 25 days,26,Premier League,5/4/2008,21,21,Championship,21,first scrap players
Urby Emanuelson,20586,https://www.transfermarkt.com/urby-emanuelson/profil/spieler/20586,10/4/2005,18 years 09 months 25 days,18,Eredivisie,7/5/2017,30,30,Championship,18,first scrap players
Eyong Enoh,47344,https://www.transfermarkt.com/eyong-enoh/profil/spieler/47344,15/08/2007,21 years 04 months 23 days,21,DStv Premiership,15/09/2013,27,27,Keuken Kampioen Divisie,21,first scrap players
Roger Espinoza,71096,https://www.transfermarkt.com/roger-espinoza/profil/spieler/71096,9/4/2008,21 years 05 months 15 days,21,Major League Soccer,25/08/2013,26,26,Championship,21,first scrap players
Iago Falque,59340,https://www.transfermarkt.com/iago-falque/profil/spieler/59340,31/08/2014,24 years 07 months 27 days,24,Serie A,27/08/2010,20,20,Segunda División,20,first scrap players
Adam Federici,4233,https://www.transfermarkt.com/adam-federici/profil/spieler/4233,1/4/2007,22 years 02 months 01 day,22,Premier League,9/12/2008,23,23,Championship,22,first scrap players
Chico Flores,51681,https://www.transfermarkt.com/chico-flores/profil/spieler/51681,31/08/2008,21 years 05 months 25 days,21,LaLiga,14/10/2017,30,30,Segunda División,21,first scrap players
José Fonte,33829,https://www.transfermarkt.com/jos-fonte/profil/spieler/33829,20/08/2005,21 years 07 months 29 days,21,Liga Portugal,12/9/2004,20,20,Ledman Liga Pro,20,first scrap players
Danny Fox,31553,https://www.transfermarkt.com/danny-fox/profil/spieler/31553,15/08/2009,23 years 02 months 17 days,23,Scottish Premiership,29/01/2008,21,21,Championship,21,first scrap players
Fraser Fyvie,107350,https://www.transfermarkt.com/fraser-fyvie/profil/spieler/107350,22/08/2009,16 years 04 months 26 days,16,Scottish Premiership,19/10/2013,20,20,Championship,16,first scrap players
Javi García,36350,https://www.transfermarkt.com/javi-garca/profil/spieler/36350,28/11/2004,17 years 09 months 20 days,17,LaLiga,27/08/2005,18,18,Segunda División,17,first scrap players
Paulo Gazzaniga,195488,https://www.transfermarkt.com/paulo-gazzaniga/profil/spieler/195488,22/09/2012,20 years 08 months 20 days,20,Premier League,20/08/2016,24,24,Segunda División,20,first scrap players
Olivier Giroud,82442,https://www.transfermarkt.com/olivier-giroud/profil/spieler/82442,8/8/2010,23 years 10 months 09 days,23,Ligue 1,24/03/2006,19,19,Ligue 2,19,first scrap players
Serge Gnabry,159471,https://www.transfermarkt.com/serge-gnabry/profil/spieler/159471,20/10/2012,17 years 03 months 06 days,17,Premier League,No second tier career,No second tier career,No second tier career,No second tier career,17,first scrap players
Román Golobart,90273,https://www.transfermarkt.com/romn-golobart/profil/spieler/90273,29/01/2013,20 years 10 months 08 days,20,Premier League,20/07/2013,21,21,2.Bundesliga,20,first scrap players
Kaspars Gorkšs,30379,https://www.transfermarkt.com/kaspars-gorks/profil/spieler/30379,7/4/2002,20 years 05 months 01 day,20,Virsliga,18/08/2007,25,25,Championship,20,first scrap players
Yoan Gouffran,23825,https://www.transfermarkt.com/yoan-gouffran/profil/spieler/23825,6/11/2004,18 years 05 months 12 days,18,Ligue 1,3/4/2004,17,17,Ligue 2,17,first scrap players
Esteban Granero,44065,https://www.transfermarkt.com/esteban-granero/profil/spieler/44065,16/09/2007,20 years 02 months 14 days,20,LaLiga,27/11/2005,18,18,Segunda División,18,first scrap players
Chris Gunter,43853,https://www.transfermarkt.com/chris-gunter/profil/spieler/43853,30/01/2008,18 years 06 months 09 days,18,Premier League,17/11/2006,17,17,Championship,17,first scrap players
Jonathan de Guzmán,31067,https://www.transfermarkt.com/jonathan-de-guzmn/profil/spieler/31067,18/09/2005,18 years 05 days,18,VriendenLoterij Eredivisie,No second tier career,No second tier career,No second tier career,No second tier career,18,first scrap players
Massadio Haïdara,170929,https://www.transfermarkt.com/massadio-hadara/profil/spieler/170929,11/12/2010,18 years 09 days,18,Ligue 1,7/5/2017,24,24,Championship,18,first scrap players
Robert Hall,121236,https://www.transfermarkt.com/robert-hall/profil/spieler/121236,1/9/2012,18 years 10 months 12 days,18,Premier League,31/12/2011,18,18,Championship,18,first scrap players
Ian Harte,3634,https://www.transfermarkt.com/ian-harte/profil/spieler/3634,13/01/1996,18 years 04 months 13 days,18,Premier League,27/08/2005,27,27,Segunda División,18,first scrap players
Eden Hazard,50202,https://www.transfermarkt.com/eden-hazard/profil/spieler/50202,24/11/2007,16 years 10 months 17 days,16,Ligue 1,No second tier career,No second tier career,No second tier career,No second tier career,16,first scrap players
Ángelo Henríquez,189740,https://www.transfermarkt.com/ngelo-henrquez/profil/spieler/189740,16/07/2012,18 years 03 months 03 days,18,Primera División Clausura,31/08/2013,19,19,Segunda División,18,first scrap players
Pablo Hernández,46220,https://www.transfermarkt.com/pablo-hernndez/profil/spieler/46220,16/05/2006,21 years 01 month 05 days,21,LaLiga,21/01/2007,21,21,Segunda División,21,first scrap players
Brett Holman,21496,https://www.transfermarkt.com/brett-holman/profil/spieler/21496,17/08/2002,18 years 04 months 21 days,18,Eredivisie,15/08/2003,19,19,Keuken Kampioen Divisie,18,first scrap players
Lewis Holtby,55508,https://www.transfermarkt.com/lewis-holtby/profil/spieler/55508,8/8/2009,18 years 10 months 21 days,18,1.Bundesliga,7/12/2007,17,17,2.Bundesliga,17,first scrap players
Jos Hooiveld,4624,https://www.transfermarkt.com/jos-hooiveld/profil/spieler/4624,3/5/2003,20 years 11 days,20,Eredivisie,18/02/2005,21,21,Keuken Kampioen Divisie,20,first scrap players
Noel Hunt,12628,https://www.transfermarkt.com/noel-hunt/profil/spieler/12628,11/7/2002,19 years 06 months 15 days,19,SSE Airtricity League Premier Division,16/08/2008,25,25,Championship,19,first scrap players
Jordon Ibe,195652,https://www.transfermarkt.com/jordon-ibe/profil/spieler/195652,19/05/2013,17 years 05 months 11 days,17,Premier League,22/02/2014,18,18,Championship,17,first scrap players
Shinji Kagawa,81785,https://www.transfermarkt.com/shinji-kagawa/profil/spieler/81785,7/3/2010,20 years 11 months 18 days,20,J1 League,7/4/2007,18,18,J2 League,18,first scrap players
Kei Kamara,39049,https://www.transfermarkt.com/kei-kamara/profil/spieler/39049,1/4/2006,21 years 07 months 00 days,21,Major League Soccer,14/09/2013,29,29,Championship,21,first scrap players
Harry Kane,132098,https://www.transfermarkt.com/harry-kane/profil/spieler/132098,18/08/2012,19 years 21 days,19,Premier League,3/1/2012,18,18,Championship,18,first scrap players
Jem Karacan,61447,https://www.transfermarkt.com/jem-karacan/profil/spieler/61447,22/08/2012,23 years 06 months 01 day,23,Premier League,30/08/2008,19,19,Championship,19,first scrap players
Jimmy Kébé,33822,https://www.transfermarkt.com/jimmy-kb/profil/spieler/33822,9/2/2008,24 years 21 days,24,Premier League,28/07/2006,22,22,Ligue 2,22,first scrap players
Billy Knott,133392,https://www.transfermarkt.com/billy-knott/profil/spieler/133392,19/05/2013,20 years 05 months 21 days,20,Premier League,No second tier career,No second tier career,No second tier career,No second tier career,20,first scrap players
Arouna Koné,8552,https://www.transfermarkt.com/arouna-kon/profil/spieler/8552,10/8/2002,18 years 08 months 30 days,18,Jupiler Pro League,No second tier career,No second tier career,No second tier career,No second tier career,18,first scrap players
Adam Lallana,43530,https://www.transfermarkt.com/adam-lallana/profil/spieler/43530,19/08/2012,24 years 03 months 09 days,24,Premier League,26/08/2006,18,18,Championship,18,first scrap players
Roland Lamah,35035,https://www.transfermarkt.com/roland-lamah/profil/spieler/35035,5/8/2006,18 years 07 months 05 days,18,Jupiler Pro League,18/01/2004,16,16,Challenger Pro League,16,first scrap players
Rickie Lambert,49655,https://www.transfermarkt.com/rickie-lambert/profil/spieler/49655,19/08/2012,30 years 06 months 03 days,30,Premier League,6/8/2011,29,29,Championship,29,first scrap players
Adam le Fondre,46106,https://www.transfermarkt.com/adam-le-fondre/profil/spieler/46106,18/08/2012,25 years 08 months 16 days,25,Premier League,10/9/2011,24,24,Championship,24,first scrap players
Mikele Leigertwood,14041,https://www.transfermarkt.com/mikele-leigertwood/profil/spieler/14041,6/11/2004,21 years 11 months 25 days,21,Premier League,21/04/2002,19,19,First Division (until 03/04),19,first scrap players
Hugo Lloris,17965,https://www.transfermarkt.com/hugo-lloris/profil/spieler/17965,18/03/2006,19 years 02 months 20 days,19,Ligue 1,No second tier career,No second tier career,No second tier career,No second tier career,19,first scrap players
Matthew Lowton,102258,https://www.transfermarkt.com/matthew-lowton/profil/spieler/102258,1/8/2009,20 years 01 month 23 days,20,Nemzeti Bajnokság,24/03/2010,20,20,Championship,20,first scrap players
Modibo Maïga,46831,https://www.transfermarkt.com/modibo-maga/profil/spieler/46831,25/08/2007,19 years 11 months 22 days,19,Ligue 1,1/2/2014,26,26,Championship,19,first scrap players
Mikael Mandron,218144,https://www.transfermarkt.com/mikael-mandron/profil/spieler/218144,29/04/2013,18 years 06 months 18 days,18,Premier League,21/02/2017,22,22,Championship,18,first scrap players
Kader Mangane,4796,https://www.transfermarkt.com/kader-mangane/profil/spieler/4796,4/8/2001,18 years 04 months 12 days,18,Raiffeisen Super League,28/07/2006,23,23,Brack.ch Challenge League,18,first scrap players
Vito Mannone,33781,https://www.transfermarkt.com/vito-mannone/profil/spieler/33781,24/05/2009,21 years 02 months 22 days,21,Premier League,22/09/2006,18,18,Championship,18,first scrap players
Stanislav Manolev,36233,https://www.transfermarkt.com/stanislav-manolev/profil/spieler/36233,20/03/2004,18 years 03 months 04 days,18,efbet Liga,19/08/2013,27,27,Keuken Kampioen Divisie,18,first scrap players
Adrian Mariappa,38145,https://www.transfermarkt.com/adrian-mariappa/profil/spieler/38145,19/08/2006,19 years 10 months 16 days,19,Premier League,14/02/2006,19,19,Championship,19,first scrap players
Marko Marin,35251,https://www.transfermarkt.com/marko-marin/profil/spieler/35251,31/03/2007,18 years 18 days,18,1.Bundesliga,13/08/2007,18,18,2.Bundesliga,18,first scrap players
Emmanuel Mayuka,55709,https://www.transfermarkt.com/emmanuel-mayuka/profil/spieler/55709,15/11/2008,17 years 11 months 25 days,17,Ligat ha'Al,11/9/2015,24,24,Ligue 2,17,first scrap players
Stéphane Mbia,27470,https://www.transfermarkt.com/stphane-mbia/profil/spieler/27470,19/02/2005,18 years 08 months 30 days,18,Ligue 1,10/10/2021,35,35,Segunda División,18,first scrap players
Jobi McAnuff,14047,https://www.transfermarkt.com/jobi-mcanuff/profil/spieler/14047,18/08/2012,30 years 09 months 09 days,30,Premier League,25/08/2001,19,19,First Division (until 03/04),19,first scrap players
Alex McCarthy,95976,https://www.transfermarkt.com/alex-mccarthy/profil/spieler/95976,16/09/2012,22 years 09 months 13 days,22,Premier League,19/02/2011,21,21,Championship,21,first scrap players
George McCartney,3775,https://www.transfermarkt.com/george-mccartney/profil/spieler/3775,24/02/2001,19 years 09 months 26 days,19,Premier League,9/8/2003,22,22,First Division (until 03/04),19,first scrap players
Garath McCleary,69653,https://www.transfermarkt.com/garath-mccleary/profil/spieler/69653,18/08/2012,25 years 03 months 03 days,25,Premier League,10/8/2008,21,21,Championship,21,first scrap players
Michu,70789,https://www.transfermarkt.com/michu/profil/spieler/70789,28/08/2011,25 years 05 months 07 days,25,LaLiga,16/03/2008,21,21,Segunda División,21,first scrap players
Kevin Mirallas,33639,https://www.transfermarkt.com/kevin-mirallas/profil/spieler/33639,7/5/2005,17 years 07 months 02 days,17,Ligue 1,No second tier career,No second tier career,No second tier career,No second tier career,17,first scrap players
Nacho Monreal,43003,https://www.transfermarkt.com/nacho-monreal/profil/spieler/43003,22/10/2006,20 years 07 months 26 days,20,LaLiga,No second tier career,No second tier career,No second tier career,No second tier career,20,first scrap players
Sean Morrison,79723,https://www.transfermarkt.com/sean-morrison/profil/spieler/79723,4/11/2012,21 years 09 months 27 days,21,Premier League,3/8/2013,22,22,Championship,21,first scrap players
Ján Mucha,33195,https://www.transfermarkt.com/jn-mucha/profil/spieler/33195,7/8/2004,21 years 08 months 02 days,21,Nike Liga,No second tier career,No second tier career,No second tier career,No second tier career,21,first scrap players
Alfred N'Diaye,77737,https://www.transfermarkt.com/alfred-ndiaye/profil/spieler/77737,9/8/2008,18 years 05 months 03 days,18,Ligue 1,24/08/2014,24,24,Segunda División,18,first scrap players
Steven Naismith,12763,https://www.transfermarkt.com/steven-naismith/profil/spieler/12763,10/4/2004,17 years 06 months 27 days,17,Scottish Premiership,6/8/2016,29,29,Championship,17,first scrap players
Matija Nastasić,143559,https://www.transfermarkt.com/matija-nastasi/profil/spieler/143559,11/9/2011,18 years 05 months 14 days,18,Serie A,7/4/2010,17,17,Prva liga,17,first scrap players
Joey O'Brien,34672,https://www.transfermarkt.com/joey-obrien/profil/spieler/34672,15/05/2005,19 years 02 months 28 days,19,Premier League,7/8/2011,25,25,Championship,19,first scrap players
Oscar,85314,https://www.transfermarkt.com/oscar/profil/spieler/85314,21/06/2009,17 years 09 months 12 days,17,Campeonato Brasileiro Série A,No second tier career,No second tier career,No second tier career,No second tier career,17,first scrap players
Bryan Oviedo,124983,https://www.transfermarkt.com/bryan-oviedo/profil/spieler/124983,23/11/2008,18 years 09 months 05 days,18,Primera División Invierno,26/08/2017,27,27,Championship,18,first scrap players
Alex Pearce,47768,https://www.transfermarkt.com/alex-pearce/profil/spieler/47768,18/08/2012,23 years 09 months 09 days,23,Premier League,23/02/2008,19,19,Championship,19,first scrap players
Mladen Petrić,2874,https://www.transfermarkt.com/mladen-petri/profil/spieler/2874,2/6/2000,19 years 05 months 01 day,19,Raiffeisen Super League,15/08/1998,17,17,Brack.ch Challenge League,17,first scrap players
Lucas Piazon,176485,https://www.transfermarkt.com/lucas-piazon/profil/spieler/176485,23/12/2012,18 years 11 months 03 days,18,Premier League,11/9/2015,21,21,Championship,18,first scrap players
Lukas Podolski,15185,https://www.transfermarkt.com/lukas-podolski/profil/spieler/15185,22/11/2003,18 years 05 months 18 days,18,1.Bundesliga,8/8/2004,19,19,2.Bundesliga,18,first scrap players
Emanuel Pogatetz,1094,https://www.transfermarkt.com/emanuel-pogatetz/profil/spieler/1094,21/08/2010,27 years 07 months 05 days,27,1.Bundesliga,4/7/2000,17,17,Erste Liga,17,first scrap players
Goran Popov,19721,https://www.transfermarkt.com/goran-popov/profil/spieler/19721,1/2/2004,19 years 03 months 30 days,19,Stoiximan Super League,No second tier career,No second tier career,No second tier career,No second tier career,19,first scrap players
Dan Potts,207037,https://www.transfermarkt.com/dan-potts/profil/spieler/207037,12/1/2013,18 years 08 months 30 days,18,Premier League,17/12/2011,17,17,Championship,17,first scrap players
Nick Powell,134424,https://www.transfermarkt.com/nick-powell/profil/spieler/134424,15/09/2012,18 years 05 months 23 days,18,Premier League,14/09/2013,19,19,Championship,18,first scrap players
Guly do Prado,22801,https://www.transfermarkt.com/guly-do-prado/profil/spieler/22801,31/08/2003,21 years 08 months 00 days,21,Serie A,18/11/2002,20,20,Serie B,20,first scrap players
Gastón Ramírez,123742,https://www.transfermarkt.com/gastn-ramrez/profil/spieler/123742,21/03/2009,18 years 03 months 19 days,18,Primera División Clausura,9/2/2016,25,25,Championship,18,first scrap players
Iván Ramis,26066,https://www.transfermarkt.com/ivn-ramis/profil/spieler/26066,15/02/2004,19 years 03 months 21 days,19,LaLiga,28/08/2005,20,20,Segunda División,19,first scrap players
Ben Reeves,171234,https://www.transfermarkt.com/ben-reeves/profil/spieler/171234,29/09/2012,20 years 10 months 10 days,20,Premier League,2/1/2012,20,20,Championship,20,first scrap players
Karim Rekik,182579,https://www.transfermarkt.com/karim-rekik/profil/spieler/182579,22/12/2012,18 years 20 days,18,Premier League,27/03/2012,17,17,Championship,17,first scrap players
Loïc Rémy,45121,https://www.transfermarkt.com/loc-rmy/profil/spieler/45121,14/10/2006,19 years 09 months 12 days,19,Ligue 1,No second tier career,No second tier career,No second tier career,No second tier career,19,first scrap players
Frazer Richardson,4094,https://www.transfermarkt.com/frazer-richardson/profil/spieler/4094,26/08/2003,20 years 09 months 28 days,20,Premier League,11/1/2003,20,20,First Division (until 03/04),20,first scrap players
Sascha Riether,1662,https://www.transfermarkt.com/sascha-riether/profil/spieler/1662,2/8/2003,20 years 04 months 10 days,20,1.Bundesliga,11/8/2002,19,19,2.Bundesliga,19,first scrap players
Joel Robles,101118,https://www.transfermarkt.com/joel-robles/profil/spieler/101118,8/5/2010,19 years 10 months 21 days,19,LaLiga,15/08/2023,33,33,,19,first scrap players
Hal Robson-Kanu,65976,https://www.transfermarkt.com/hal-robson-kanu/profil/spieler/65976,18/08/2012,23 years 02 months 28 days,23,Premier League,8/8/2009,20,20,Championship,20,first scrap players
Jay Rodriguez,53360,https://www.transfermarkt.com/jay-rodriguez/profil/spieler/53360,19/08/2012,23 years 21 days,23,Premier League,19/01/2008,18,18,Scottish Championship,18,first scrap players
Markus Rosenberg,27505,https://www.transfermarkt.com/markus-rosenberg/profil/spieler/27505,9/4/2001,18 years 06 months 13 days,18,,No second tier career,No second tier career,No second tier career,No second tier career,18,first scrap players
Nuri Şahin,31095,https://www.transfermarkt.com/nuri-ahin/profil/spieler/31095,6/8/2005,16 years 11 months 01 day,16,1.Bundesliga,No second tier career,No second tier career,No second tier career,No second tier career,16,first scrap players
Dominic Samuel,203784,https://www.transfermarkt.com/dominic-samuel/profil/spieler/203784,11/12/2012,18 years 08 months 00 days,18,Premier League,8/8/2015,21,21,Championship,18,first scrap players
Morgan Schneiderlin,56818,https://www.transfermarkt.com/morgan-schneiderlin/profil/spieler/56818,8/3/2008,18 years 04 months 00 days,18,Ligue 1,27/10/2006,16,16,Ligue 2,16,first scrap players
Billy Sharp,49542,https://www.transfermarkt.com/billy-sharp/profil/spieler/49542,19/08/2012,26 years 06 months 14 days,26,Premier League,13/11/2004,18,18,Championship,18,first scrap players
Luke Shaw,183288,https://www.transfermarkt.com/luke-shaw/profil/spieler/183288,5/11/2012,17 years 03 months 24 days,17,Premier League,No second tier career,No second tier career,No second tier career,No second tier career,17,first scrap players
Brek Shea,71107,https://www.transfermarkt.com/brek-shea/profil/spieler/71107,20/04/2008,18 years 01 month 23 days,18,Major League Soccer,1/1/2014,23,23,Championship,18,first scrap players
Itay Shechter,44760,https://www.transfermarkt.com/itay-shechter/profil/spieler/44760,29/08/2005,18 years 06 months 07 days,18,Ligat ha'Al,No second tier career,No second tier career,No second tier career,No second tier career,18,first scrap players
Moussa Sissoko,46001,https://www.transfermarkt.com/moussa-sissoko/profil/spieler/46001,4/8/2007,17 years 11 months 19 days,17,Ligue 1,10/8/2024,34,34,,17,first scrap players
Robert Snodgrass,22614,https://www.transfermarkt.com/robert-snodgrass/profil/spieler/22614,11/9/2004,17 years 04 days,17,Scottish Premiership,25/11/2006,19,19,Scottish Championship,17,first scrap players
Enda Stevens,85706,https://www.transfermarkt.com/enda-stevens/profil/spieler/85706,25/07/2008,18 years 16 days,18,League of Ireland Premier Division,30/11/2013,23,23,Championship,18,first scrap players
Suso,111961,https://www.transfermarkt.com/suso/profil/spieler/111961,23/09/2012,18 years 10 months 04 days,18,Premier League,17/08/2025,31,31,LaLiga2,18,first scrap players
Yacouba Sylla,160080,https://www.transfermarkt.com/yacouba-sylla/profil/spieler/160080,2/2/2013,22 years 02 months 04 days,22,Premier League,19/10/2010,19,19,Ligue 2,19,first scrap players
Jay Tabb,42284,https://www.transfermarkt.com/jay-tabb/profil/spieler/42284,6/10/2012,28 years 07 months 15 days,28,Premier League,12/8/2006,22,22,Championship,22,first scrap players
James Tavernier,62094,https://www.transfermarkt.com/james-tavernier/profil/spieler/62094,29/09/2012,20 years 10 months 29 days,20,Premier League,9/8/2014,22,22,Championship,20,first scrap players
Stuart Taylor,3190,https://www.transfermarkt.com/stuart-taylor/profil/spieler/3190,25/11/2001,20 years 11 months 28 days,20,Premier League,12/8/2000,19,19,,19,first scrap players
Alexander Tettey,12384,https://www.transfermarkt.com/alexander-tettey/profil/spieler/12384,9/6/2004,18 years 02 months 05 days,18,Eliteserien,7/8/2005,19,19,OBOS-ligaen,18,first scrap players
Dwight Tiendalli,29356,https://www.transfermarkt.com/dwight-tiendalli/profil/spieler/29356,19/12/2004,19 years 01 month 28 days,19,Eredivisie,6/4/2015,29,29,Championship,19,first scrap players
Andros Townsend,61842,https://www.transfermarkt.com/andros-townsend/profil/spieler/61842,16/09/2012,21 years 02 months 00 days,21,Premier League,14/08/2010,19,19,Championship,19,first scrap players
Ricardo Vaz Tê,9413,https://www.transfermarkt.com/ricardo-vaz-t/profil/spieler/9413,3/4/2004,17 years 06 months 03 days,17,Premier League,10/3/2007,20,20,Championship,17,first scrap players
Jan Vertonghen,43250,https://www.transfermarkt.com/jan-vertonghen/profil/spieler/43250,3/12/2006,19 years 07 months 09 days,19,VriendenLoterij Eredivisie,No second tier career,No second tier career,No second tier career,No second tier career,19,first scrap players
Ron Vlaar,30697,https://www.transfermarkt.com/ron-vlaar/profil/spieler/30697,23/04/2005,20 years 02 months 07 days,20,Eredivisie,12/2/2018,32,32,Keuken Kampioen Divisie,20,first scrap players
James Ward-Prowse,181579,https://www.transfermarkt.com/james-ward-prowse/profil/spieler/181579,19/08/2012,17 years 09 months 18 days,17,Premier League,4/8/2023,28,28,,17,first scrap players
Ashley Westwood,91317,https://www.transfermarkt.com/ashley-westwood/profil/spieler/91317,15/09/2012,22 years 05 months 14 days,22,Premier League,7/8/2016,26,26,Championship,22,first scrap players
Steven Whittaker,12704,https://www.transfermarkt.com/steven-whittaker/profil/spieler/12704,3/8/2002,18 years 01 month 18 days,18,,10/8/2014,30,30,Championship,18,first scrap players
Derrick Williams,128287,https://www.transfermarkt.com/derrick-williams/profil/spieler/128287,1/12/2012,19 years 10 months 14 days,19,Premier League,8/8/2015,22,22,Championship,19,first scrap players
Andre Wisdom,128912,https://www.transfermarkt.com/andre-wisdom/profil/spieler/128912,29/09/2012,19 years 04 months 20 days,19,Premier League,26/10/2013,20,20,Championship,19,first scrap players
Claudio Yacob,45330,https://www.transfermarkt.com/claudio-yacob/profil/spieler/45330,11/3/2007,19 years 07 months 21 days,19,Torneo Final,3/11/2018,31,31,Championship,19,first scrap players
Mapou Yanga-Mbiwa,57480,https://www.transfermarkt.com/mapou-yanga-mbiwa/profil/spieler/57480,8/8/2009,20 years 02 months 24 days,20,Ligue 1,23/02/2007,17,17,Ligue 2,17,first scrap players
Maya Yoshida,81789,https://www.transfermarkt.com/maya-yoshida/profil/spieler/81789,3/5/2007,18 years 08 months 09 days,18,J1 League,No second tier career,No second tier career,No second tier career,No second tier career,18,first scrap players
Chuba Akpom,197642,https://www.transfermarkt.com/chuba-akpom/profil/spieler/197642,14/09/2013,17 years 11 months 05 days,17,Premier League,3/4/2015,19,19,Championship,17,first scrap players
Jozy Altidore,39378,https://www.transfermarkt.com/jozy-altidore/profil/spieler/39378,9/9/2006,16 years 10 months 03 days,16,Major League Soccer,No second tier career,No second tier career,No second tier career,No second tier career,16,first scrap players
Morgan Amalfitano,39883,https://www.transfermarkt.com/morgan-amalfitano/profil/spieler/39883,6/8/2006,21 years 04 months 17 days,21,Ligue 1,14/01/2004,18,18,Ligue 2,18,first scrap players
Jordi Amat,85289,https://www.transfermarkt.com/jordi-amat/profil/spieler/85289,24/01/2010,17 years 10 months 03 days,17,LaLiga,No second tier career,No second tier career,No second tier career,No second tier career,17,first scrap players
Fernando Amorebieta,35548,https://www.transfermarkt.com/fernando-amorebieta/profil/spieler/35548,7/1/2006,20 years 09 months 09 days,20,LaLiga,17/09/2014,29,29,Championship,20,first scrap players
Pablo Armero,73786,https://www.transfermarkt.com/pablo-armero/profil/spieler/73786,17/05/2009,22 years 06 months 15 days,22,Campeonato Brasileiro Série A,7/6/2019,32,32,Campeonato Brasileiro Série B,22,first scrap players
Adam Armstrong,250426,https://www.transfermarkt.com/adam-armstrong/profil/spieler/250426,15/03/2014,17 years 01 month 05 days,17,Premier League,5/8/2016,19,19,Championship,17,first scrap players
Marko Arnautović,41384,https://www.transfermarkt.com/marko-arnautovi/profil/spieler/41384,14/04/2007,17 years 11 months 26 days,17,VriendenLoterij Eredivisie,No second tier career,No second tier career,No second tier career,No second tier career,17,first scrap players
Iago Aspas,72047,https://www.transfermarkt.com/iago-aspas/profil/spieler/72047,18/08/2012,25 years 17 days,25,LaLiga,8/6/2008,20,20,Segunda División,20,first scrap players
El-Hadji Ba,169090,https://www.transfermarkt.com/el-hadji-ba/profil/spieler/169090,11/5/2014,21 years 02 months 06 days,21,Premier League,24/02/2012,18,18,Ligue 2,18,first scrap players
Leandro Bacuna,126014,https://www.transfermarkt.com/leandro-bacuna/profil/spieler/126014,30/08/2009,18 years 09 days,18,VriendenLoterij Eredivisie,7/8/2016,24,24,Championship,18,first scrap players
Nabil Bentaleb,245537,https://www.transfermarkt.com/nabil-bentaleb/profil/spieler/245537,22/12/2013,19 years 28 days,19,Premier League,No second tier career,No second tier career,No second tier career,No second tier career,19,first scrap players
Saido Berahino,128897,https://www.transfermarkt.com/saido-berahino/profil/spieler/128897,1/9/2013,20 years 28 days,20,Premier League,2/10/2012,19,19,Championship,19,first scrap players
Thievy Bifouma,181477,https://www.transfermarkt.com/thievy-bifouma/profil/spieler/181477,13/03/2011,18 years 10 months 00 days,18,LaLiga,8/9/2012,20,20,Segunda División,18,first scrap players
Derek Boateng,18091,https://www.transfermarkt.com/derek-boateng/profil/spieler/18091,19/09/1999,16 years 04 months 17 days,16,Stoiximan Super League,3/4/2016,32,32,NASL Spring Championship,16,first scrap players
Yannick Bolasie,75471,https://www.transfermarkt.com/yannick-bolasie/profil/spieler/75471,27/08/2007,18 years 03 months 03 days,18,Premier League,13/02/2010,20,20,Championship,18,first scrap players
Wilfried Bony,81808,https://www.transfermarkt.com/wilfried-bony/profil/spieler/81808,2/8/2008,19 years 07 months 23 days,19,Fortuna Liga,6/9/2008,19,19,Chance Narodni Liga,19,first scrap players
Marco Borriello,5825,https://www.transfermarkt.com/marco-borriello/profil/spieler/5825,21/09/2002,20 years 03 months 03 days,20,Serie A,No second tier career,No second tier career,No second tier career,No second tier career,20,first scrap players
George Boyd,45623,https://www.transfermarkt.com/george-boyd/profil/spieler/45623,18/08/2013,27 years 10 months 16 days,27,Premier League,8/8/2009,23,23,Championship,23,first scrap players
Robbie Brady,128229,https://www.transfermarkt.com/robbie-brady/profil/spieler/128229,18/08/2013,21 years 07 months 04 days,21,Premier League,5/8/2011,19,19,Championship,19,first scrap players
Liam Bridcutt,40612,https://www.transfermarkt.com/liam-bridcutt/profil/spieler/40612,1/2/2014,24 years 08 months 24 days,24,Premier League,29/11/2008,19,19,Championship,19,first scrap players
Alex Bruce,37957,https://www.transfermarkt.com/alex-bruce/profil/spieler/37957,31/01/2006,21 years 04 months 03 days,21,Premier League,5/8/2006,21,21,Championship,21,first scrap players
Dan Burn,134270,https://www.transfermarkt.com/dan-burn/profil/spieler/134270,18/01/2014,21 years 08 months 09 days,21,Premier League,3/8/2013,21,21,Championship,21,first scrap players
Jack Butland,128899,https://www.transfermarkt.com/jack-butland/profil/spieler/128899,1/1/2014,20 years 09 months 22 days,20,Premier League,18/08/2012,19,19,Championship,19,first scrap players
José Campaña,120095,https://www.transfermarkt.com/jos-campaa/profil/spieler/120095,28/08/2011,18 years 02 months 28 days,18,LaLiga,17/09/2014,21,21,Ledman Liga Pro,18,first scrap players
Étienne Capoue,63494,https://www.transfermarkt.com/tienne-capoue/profil/spieler/63494,8/12/2007,19 years 04 months 27 days,19,Ligue 1,21/10/2020,32,32,,19,first scrap players
João Carlos Teixeira,132214,https://www.transfermarkt.com/joo-carlos-teixeira/profil/spieler/132214,12/2/2014,21 years 25 days,21,Premier League,16/08/2014,21,21,Championship,21,first scrap players
Ondřej Čelůstka,70131,https://www.transfermarkt.com/ondej-elstka/profil/spieler/70131,10/5/2008,18 years 10 months 22 days,18,Fortuna Liga,29/08/2014,25,25,2.Bundesliga,18,first scrap players
Nacer Chadli,59631,https://www.transfermarkt.com/nacer-chadli/profil/spieler/59631,6/8/2010,21 years 04 days,21,VriendenLoterij Eredivisie,7/9/2007,18,18,Keuken Kampioen Divisie,18,first scrap players
Calum Chambers,215118,https://www.transfermarkt.com/calum-chambers/profil/spieler/215118,17/08/2013,18 years 06 months 28 days,18,Premier League,10/8/2024,29,29,,18,first scrap players
James Chester,73482,https://www.transfermarkt.com/james-chester/profil/spieler/73482,18/08/2013,24 years 06 months 26 days,24,Premier League,27/09/2009,20,20,Championship,20,first scrap players
Vlad Chiricheș,123261,https://www.transfermarkt.com/vlad-chiriche/profil/spieler/123261,31/07/2009,19 years 08 months 17 days,19,SuperLiga,No second tier career,No second tier career,No second tier career,No second tier career,19,first scrap players
Aly Cissokho,57515,https://www.transfermarkt.com/aly-cissokho/profil/spieler/57515,22/08/2008,20 years 11 months 07 days,20,Liga Portugal,25/05/2007,19,19,Ligue 2,19,first scrap players
Larnell Cole,141650,https://www.transfermarkt.com/larnell-cole/profil/spieler/141650,9/2/2014,20 years 11 months 00 days,20,Premier League,No second tier career,No second tier career,No second tier career,No second tier career,20,first scrap players
Andreas Cornelius,203412,https://www.transfermarkt.com/andreas-cornelius/profil/spieler/203412,9/4/2012,19 years 24 days,19,Superligaen,No second tier career,No second tier career,No second tier career,No second tier career,19,first scrap players
Don Cowie,14746,https://www.transfermarkt.com/don-cowie/profil/spieler/14746,4/8/2007,24 years 05 months 20 days,24,Scottish Premiership,5/5/2001,18,18,,18,first scrap players
Luke Daniels,45921,https://www.transfermarkt.com/luke-daniels/profil/spieler/45921,3/5/2008,20 years 03 months 28 days,20,Scottish Premiership,6/5/2018,30,30,Championship,20,first scrap players
Chris David,187285,https://www.transfermarkt.com/chris-david/profil/spieler/187285,11/5/2014,21 years 02 months 05 days,21,Premier League,6/2/2015,21,21,Keuken Kampioen Divisie,21,first scrap players
Kevin De Bruyne,88755,https://www.transfermarkt.com/kevin-de-bruyne/profil/spieler/88755,9/5/2009,17 years 10 months 11 days,17,Jupiler Pro League,No second tier career,No second tier career,No second tier career,No second tier career,17,first scrap players
Damien Delaney,36861,https://www.transfermarkt.com/damien-delaney/profil/spieler/36861,13/08/2000,19 years 24 days,19,SSE Airtricity League Premier Division,15/11/2001,20,20,First Division (until 03/04),19,first scrap players
Moussa Dembélé,229004,https://www.transfermarkt.com/moussa-dembl/profil/spieler/229004,30/11/2013,17 years 04 months 18 days,17,Premier League,9/8/2014,18,18,Championship,17,first scrap players
Martín Demichelis,2963,https://www.transfermarkt.com/martn-demichelis/profil/spieler/2963,10/2/2002,21 years 01 month 21 days,21,Torneo Final,No second tier career,No second tier career,No second tier career,No second tier career,21,first scrap players
Gerard Deulofeu,129476,https://www.transfermarkt.com/gerard-deulofeu/profil/spieler/129476,29/10/2011,17 years 07 months 16 days,17,LaLiga,1/3/2011,16,16,Segunda División,16,first scrap players
Modibo Diakité,41749,https://www.transfermarkt.com/modibo-diakit/profil/spieler/41749,1/4/2007,20 years 30 days,20,Serie A,13/05/2006,19,19,Serie B,19,first scrap players
Andrea Dossena,21863,https://www.transfermarkt.com/andrea-dossena/profil/spieler/21863,18/11/2001,20 years 02 months 07 days,20,Serie A,14/09/2002,21,21,Serie B,20,first scrap players
Paul Dummett,170321,https://www.transfermarkt.com/paul-dummett/profil/spieler/170321,15/09/2012,20 years 11 months 20 days,20,Scottish Premiership,5/8/2016,24,24,Championship,20,first scrap players
Marvin Emnes,37787,https://www.transfermarkt.com/marvin-emnes/profil/spieler/37787,11/12/2005,17 years 06 months 14 days,17,VriendenLoterij Eredivisie,7/8/2009,21,21,Championship,17,first scrap players
Christian Eriksen,69633,https://www.transfermarkt.com/christian-eriksen/profil/spieler/69633,17/01/2010,17 years 11 months 03 days,17,VriendenLoterij Eredivisie,No second tier career,No second tier career,No second tier career,No second tier career,17,first scrap players
Samuel Eto'o,4257,https://www.transfermarkt.com/samuel-etoo/profil/spieler/4257,5/12/1998,17 years 08 months 25 days,17,LaLiga,30/08/1997,16,16,Segunda División,16,first scrap players
Leroy Fer,63342,https://www.transfermarkt.com/leroy-fer/profil/spieler/63342,2/12/2007,17 years 10 months 27 days,17,VriendenLoterij Eredivisie,16/08/2014,24,24,Championship,17,first scrap players
Fernandinho,26267,https://www.transfermarkt.com/fernandinho/profil/spieler/26267,6/4/2003,17 years 11 months 02 days,17,Campeonato Brasileiro Série A,No second tier career,No second tier career,No second tier career,No second tier career,17,first scrap players
Mathieu Flamini,17396,https://www.transfermarkt.com/mathieu-flamini/profil/spieler/17396,20/12/2003,19 years 09 months 13 days,19,Ligue 1,No second tier career,No second tier career,No second tier career,No second tier career,19,first scrap players
Matty Fryatt,14013,https://www.transfermarkt.com/matty-fryatt/profil/spieler/14013,21/12/2013,27 years 09 months 16 days,27,Premier League,14/10/2003,17,17,First Division (until 03/04),17,first scrap players
Jay Fulton,171260,https://www.transfermarkt.com/jay-fulton/profil/spieler/171260,26/04/2014,20 years 25 days,20,Premier League,12/4/2011,17,17,Scottish Championship,17,first scrap players
Sam Gallagher,227183,https://www.transfermarkt.com/sam-gallagher/profil/spieler/227183,14/12/2013,18 years 02 months 29 days,18,Premier League,8/8/2015,19,19,Championship,18,first scrap players
Luke Garbutt,110860,https://www.transfermarkt.com/luke-garbutt/profil/spieler/110860,26/04/2014,20 years 11 months 05 days,20,Premier League,4/10/2015,22,22,Championship,20,first scrap players
Owen Garvan,33249,https://www.transfermarkt.com/owen-garvan/profil/spieler/33249,18/08/2013,25 years 06 months 20 days,25,Premier League,6/8/2005,17,17,Championship,17,first scrap players
Dwight Gayle,196522,https://www.transfermarkt.com/dwight-gayle/profil/spieler/196522,18/08/2013,23 years 10 months 01 day,23,Premier League,24/11/2012,23,23,Championship,23,first scrap players
Rudy Gestede,39908,https://www.transfermarkt.com/rudy-gestede/profil/spieler/39908,24/11/2007,19 years 01 month 14 days,19,Ligue 1,1/8/2008,19,19,Ligue 2,19,first scrap players
Emanuele Giaccherini,84835,https://www.transfermarkt.com/emanuele-giaccherini/profil/spieler/84835,28/08/2010,25 years 03 months 23 days,25,Serie A,24/08/2009,24,24,Serie B,24,first scrap players
Marco van Ginkel,147034,https://www.transfermarkt.com/marco-van-ginkel/profil/spieler/147034,9/4/2010,17 years 04 months 09 days,17,VriendenLoterij Eredivisie,No second tier career,No second tier career,No second tier career,No second tier career,17,first scrap players
Jack Grealish,203460,https://www.transfermarkt.com/jack-grealish/profil/spieler/203460,7/5/2014,18 years 07 months 27 days,18,Premier League,7/8/2016,20,20,Championship,18,first scrap players
John Guidetti,98596,https://www.transfermarkt.com/john-guidetti/profil/spieler/98596,19/04/2010,18 years 04 days,18,Allsvenskan,9/6/2008,16,16,Superettan,16,first scrap players
Aron Gunnarsson,63821,https://www.transfermarkt.com/aron-gunnarsson/profil/spieler/63821,10/2/2008,18 years 09 months 19 days,18,VriendenLoterij Eredivisie,9/8/2008,19,19,Championship,18,first scrap players
Rhys Healey,238185,https://www.transfermarkt.com/rhys-healey/profil/spieler/238185,25/08/2012,17 years 08 months 19 days,17,Cymru Premier,21/01/2017,22,22,Championship,17,first scrap players
Nicklas Helenius,102132,https://www.transfermarkt.com/nicklas-helenius/profil/spieler/102132,16/05/2010,19 years 08 days,19,Superligaen,5/2/2016,24,24,2.Bundesliga,19,first scrap players
Gary Hooper,42513,https://www.transfermarkt.com/gary-hooper/profil/spieler/42513,25/09/2010,22 years 07 months 30 days,22,Scottish Premiership,9/9/2006,18,18,Championship,18,first scrap players
Mark Hudson,3640,https://www.transfermarkt.com/mark-hudson/profil/spieler/3640,14/08/2004,22 years 04 months 15 days,22,Premier League,17/01/2004,21,21,First Division (until 03/04),21,first scrap players
Tom Ince,157368,https://www.transfermarkt.com/tom-ince/profil/spieler/157368,8/2/2014,22 years 09 days,22,Premier League,17/08/2011,19,19,Championship,19,first scrap players
Jo Inge Berget,73323,https://www.transfermarkt.com/jo-inge-berget/profil/spieler/73323,23/09/2007,17 years 12 days,17,Eliteserien,No second tier career,No second tier career,No second tier career,No second tier career,17,first scrap players
Eldin Jakupović,2857,https://www.transfermarkt.com/eldin-jakupovi/profil/spieler/2857,8/8/2004,19 years 10 months 06 days,19,Super League,21/12/2012,28,28,Championship,19,first scrap players
Tom James,325105,https://www.transfermarkt.com/tom-james/profil/spieler/325105,11/5/2014,18 years 26 days,18,Premier League,No second tier career,No second tier career,No second tier career,No second tier career,18,first scrap players
Adnan Januzaj,177847,https://www.transfermarkt.com/adnan-januzaj/profil/spieler/177847,14/09/2013,18 years 07 months 09 days,18,Premier League,No second tier career,No second tier career,No second tier career,No second tier career,18,first scrap players
Mile Jedinak,28336,https://www.transfermarkt.com/mile-jedinak/profil/spieler/28336,31/08/2007,23 years 28 days,23,A-League Men,16/08/2011,27,27,Championship,23,first scrap players
Declan John,238585,https://www.transfermarkt.com/declan-john/profil/spieler/238585,17/08/2013,18 years 01 month 18 days,18,Premier League,13/09/2014,19,19,Championship,18,first scrap players
Luuk de Jong,72522,https://www.transfermarkt.com/luuk-de-jong/profil/spieler/72522,7/11/2008,18 years 02 months 11 days,18,VriendenLoterij Eredivisie,No second tier career,No second tier career,No second tier career,No second tier career,18,first scrap players
Stevan Jovetić,46104,https://www.transfermarkt.com/stevan-joveti/profil/spieler/46104,8/4/2006,16 years 05 months 06 days,16,Linglong Tire Super liga Srbije,No second tier career,No second tier career,No second tier career,No second tier career,16,first scrap players
Tomáš Kalas,148657,https://www.transfermarkt.com/tom-kalas/profil/spieler/148657,5/5/2010,16 years 11 months 20 days,16,Fortuna Liga,10/1/2015,21,21,Championship,16,first scrap players
Kim Källström,3730,https://www.transfermarkt.com/kim-kllstrm/profil/spieler/3730,8/4/2001,18 years 07 months 15 days,18,,No second tier career,No second tier career,No second tier career,No second tier career,18,first scrap players
Robert Koren,26946,https://www.transfermarkt.com/robert-koren/profil/spieler/26946,22/07/2001,20 years 10 months 02 days,20,Prva Liga,12/1/2007,26,26,Championship,20,first scrap players
Libor Kozák,63824,https://www.transfermarkt.com/libor-kozk/profil/spieler/63824,2/5/2009,19 years 11 months 02 days,19,Serie A,11/8/2007,18,18,Chance Narodni Liga,18,first scrap players
William Kvist,36787,https://www.transfermarkt.com/william-kvist/profil/spieler/36787,23/04/2005,20 years 01 month 30 days,20,Superligaen,13/09/2014,29,29,Championship,20,first scrap players
Érik Lamela,111630,https://www.transfermarkt.com/rik-lamela/profil/spieler/111630,13/06/2009,17 years 03 months 09 days,17,Torneo Final,No second tier career,No second tier career,No second tier career,No second tier career,17,first scrap players
Tom Lawrence,229970,https://www.transfermarkt.com/tom-lawrence/profil/spieler/229970,6/5/2014,20 years 03 months 23 days,20,Premier League,2/2/2014,20,20,Championship,20,first scrap players
Joe Ledley,34409,https://www.transfermarkt.com/joe-ledley/profil/spieler/34409,14/08/2010,23 years 06 months 22 days,23,Scottish Premiership,16/10/2004,17,17,Championship,17,first scrap players
Elliot Lee,229826,https://www.transfermarkt.com/elliot-lee/profil/spieler/229826,31/08/2013,18 years 08 months 15 days,18,Premier League,13/08/2016,21,21,Championship,18,first scrap players
Joe Lewis,25834,https://www.transfermarkt.com/joe-lewis/profil/spieler/25834,14/09/2013,25 years 11 months 08 days,25,Premier League,8/8/2009,21,21,Championship,21,first scrap players
Dejan Lovren,37838,https://www.transfermarkt.com/dejan-lovren/profil/spieler/37838,10/5/2006,16 years 10 months 05 days,16,SuperSport HNL,No second tier career,No second tier career,No second tier career,No second tier career,16,first scrap players
Jamar Loza,203464,https://www.transfermarkt.com/jamar-loza/profil/spieler/203464,11/5/2014,20 years 01 day,20,Premier League,30/09/2014,20,20,Championship,20,first scrap players
Diego Lugano,13829,https://www.transfermarkt.com/diego-lugano/profil/spieler/13829,11/5/2003,22 years 06 months 09 days,22,Campeonato Brasileiro Série A,No second tier career,No second tier career,No second tier career,No second tier career,22,first scrap players
Antonio Luna,126516,https://www.transfermarkt.com/antonio-luna/profil/spieler/126516,15/05/2010,19 years 01 month 28 days,19,LaLiga,7/2/2015,23,23,Serie B,19,first scrap players
David Marshall,9500,https://www.transfermarkt.com/david-marshall/profil/spieler/9500,14/03/2004,19 years 09 days,19,Scottish Premiership,30/01/2007,21,21,Championship,19,first scrap players
Nemanja Matić,74683,https://www.transfermarkt.com/nemanja-mati/profil/spieler/74683,14/07/2007,18 years 11 months 12 days,18,Nike Liga,No second tier career,No second tier career,No second tier career,No second tier career,18,first scrap players
Charalampos Mavrias,136647,https://www.transfermarkt.com/charalampos-mavrias/profil/spieler/136647,24/10/2010,16 years 08 months 03 days,16,Super League 1,6/2/2016,21,21,2.Bundesliga,16,first scrap players
Nicky Maynard,39705,https://www.transfermarkt.com/nicky-maynard/profil/spieler/39705,17/08/2013,26 years 08 months 06 days,26,Premier League,30/04/2006,19,19,Championship,19,first scrap players
Paddy McCarthy,29974,https://www.transfermarkt.com/paddy-mccarthy/profil/spieler/29974,6/12/2004,21 years 06 months 05 days,21,Premier League,8/3/2005,21,21,Championship,21,first scrap players
Aiden McGeady,21333,https://www.transfermarkt.com/aiden-mcgeady/profil/spieler/21333,25/04/2004,18 years 21 days,18,Scottish Premiership,2/2/2016,29,29,Championship,18,first scrap players
Allan McGregor,9422,https://www.transfermarkt.com/allan-mcgregor/profil/spieler/9422,14/02/2004,22 years 14 days,22,Scottish Premiership,14/08/2004,22,22,Scottish Championship,22,first scrap players
Aaron McLean,45631,https://www.transfermarkt.com/aaron-mclean/profil/spieler/45631,27/10/2013,30 years 05 months 02 days,30,Premier League,8/8/2009,26,26,Championship,26,first scrap players
Kevin McNaughton,11365,https://www.transfermarkt.com/kevin-mcnaughton/profil/spieler/11365,5/8/2000,17 years 11 months 08 days,17,Scottish Premiership,5/8/2006,23,23,Championship,17,first scrap players
Paul McShane,24636,https://www.transfermarkt.com/paul-mcshane/profil/spieler/24636,11/8/2007,21 years 07 months 05 days,21,Premier League,6/8/2005,19,19,Championship,19,first scrap players
Gary Medel,60889,https://www.transfermarkt.com/gary-medel/profil/spieler/60889,27/08/2006,19 years 24 days,19,Torneo Clausura (-2017),No second tier career,No second tier career,No second tier career,No second tier career,19,first scrap players
Mesca,160348,https://www.transfermarkt.com/mesca/profil/spieler/160348,21/09/2013,20 years 04 months 15 days,20,Premier League,No second tier career,No second tier career,No second tier career,No second tier career,20,first scrap players
Kostas Mitroglou,34944,https://www.transfermarkt.com/kostas-mitroglou/profil/spieler/34944,29/09/2007,19 years 06 months 17 days,19,Super League 1,No second tier career,No second tier career,No second tier career,No second tier career,19,first scrap players
Ravel Morrison,128907,https://www.transfermarkt.com/ravel-morrison/profil/spieler/128907,24/08/2013,20 years 06 months 22 days,20,Premier League,17/03/2012,19,19,Championship,19,first scrap players
Dean Moxey,77559,https://www.transfermarkt.com/dean-moxey/profil/spieler/77559,18/08/2013,27 years 07 months 04 days,27,Premier League,8/8/2009,23,23,Championship,23,first scrap players
Marc Muniesa,74228,https://www.transfermarkt.com/marc-muniesa/profil/spieler/74228,23/05/2009,17 years 01 month 26 days,17,LaLiga,5/9/2010,18,18,Segunda División,17,first scrap players
Josh Murphy,199528,https://www.transfermarkt.com/josh-murphy/profil/spieler/199528,2/11/2013,18 years 08 months 09 days,18,Premier League,19/08/2014,19,19,Championship,18,first scrap players
Glenn Murray,45693,https://www.transfermarkt.com/glenn-murray/profil/spieler/45693,8/2/2014,30 years 04 months 14 days,30,Premier League,6/8/2011,27,27,Championship,27,first scrap players
Jesús Navas,15956,https://www.transfermarkt.com/jess-navas/profil/spieler/15956,23/11/2003,18 years 02 days,18,LaLiga,No second tier career,No second tier career,No second tier career,No second tier career,18,first scrap players
Álvaro Negredo,18644,https://www.transfermarkt.com/lvaro-negredo/profil/spieler/18644,26/08/2007,22 years 06 days,22,LaLiga,27/11/2005,20,20,Segunda División,20,first scrap players
Antonio Nocerino,22203,https://www.transfermarkt.com/antonio-nocerino/profil/spieler/22203,12/2/2006,20 years 10 months 03 days,20,Serie A,11/9/2003,18,18,Serie B,18,first scrap players
Craig Noone,81202,https://www.transfermarkt.com/craig-noone/profil/spieler/81202,24/11/2013,26 years 07 days,26,Premier League,30/08/2008,20,20,Championship,20,first scrap players
Stuart O'Keefe,93626,https://www.transfermarkt.com/stuart-okeefe/profil/spieler/93626,31/08/2013,22 years 05 months 27 days,22,Premier League,20/11/2010,19,19,Championship,19,first scrap players
Jores Okore,129085,https://www.transfermarkt.com/jores-okore/profil/spieler/129085,3/4/2011,18 years 07 months 23 days,18,Superligaen,15/09/2024,32,32,1.Division,18,first scrap players
Dani Osvaldo,37389,https://www.transfermarkt.com/dani-osvaldo/profil/spieler/37389,29/09/2007,21 years 08 months 17 days,21,Serie A,8/4/2006,20,20,Serie B,20,first scrap players
Mesut Özil,35664,https://www.transfermarkt.com/mesut-zil/profil/spieler/35664,12/8/2006,17 years 09 months 28 days,17,1.Bundesliga,No second tier career,No second tier career,No second tier career,No second tier career,17,first scrap players
Costel Pantilimon,47659,https://www.transfermarkt.com/costel-pantilimon/profil/spieler/47659,4/3/2007,20 years 01 month 00 days,20,SuperLiga,3/2/2018,31,31,Championship,20,first scrap players
Jonathan Parr,41665,https://www.transfermarkt.com/jonathan-parr/profil/spieler/41665,30/04/2006,17 years 06 months 09 days,17,Eliteserien,6/8/2011,22,22,Championship,17,first scrap players
Paulinho,57229,https://www.transfermarkt.com/paulinho/profil/spieler/57229,15/09/2007,19 years 01 month 21 days,19,Lotto Ekstraklasa,19/06/2009,20,20,Campeonato Brasileiro Série B,19,first scrap players
Erik Pieters,43763,https://www.transfermarkt.com/erik-pieters/profil/spieler/43763,19/08/2006,18 years 12 days,18,VriendenLoterij Eredivisie,5/8/2018,29,29,Championship,18,first scrap players
Alejandro Pozuelo,188853,https://www.transfermarkt.com/alejandro-pozuelo/profil/spieler/188853,2/10/2011,20 years 12 days,20,LaLiga,No second tier career,No second tier career,No second tier career,No second tier career,20,first scrap players
Alex Pritchard,200777,https://www.transfermarkt.com/alex-pritchard/profil/spieler/200777,11/5/2014,21 years 08 days,21,Premier League,2/2/2013,19,19,Championship,19,first scrap players
Nick Proschwitz,31535,https://www.transfermarkt.com/nick-proschwitz/profil/spieler/31535,17/07/2010,23 years 07 months 19 days,23,Raiffeisen Super League,26/07/2009,22,22,Brack.ch Challenge League,22,first scrap players
Stephen Quinn,43266,https://www.transfermarkt.com/stephen-quinn/profil/spieler/43266,23/04/2004,18 years 22 days,18,Premier Division,15/09/2007,21,21,Championship,18,first scrap players
Răzvan Raț,14940,https://www.transfermarkt.com/rzvan-ra/profil/spieler/14940,1/9/2002,21 years 03 months 06 days,21,SuperLiga,20/08/2016,35,35,Segunda División,21,first scrap players
Nathan Redmond,129078,https://www.transfermarkt.com/nathan-redmond/profil/spieler/129078,17/08/2013,19 years 05 months 11 days,19,Premier League,21/08/2011,17,17,Championship,17,first scrap players
Harrison Reed,226973,https://www.transfermarkt.com/harrison-reed/profil/spieler/226973,7/12/2013,18 years 10 months 10 days,18,Premier League,5/8/2017,22,22,Championship,18,first scrap players
Valentin Roberge,87422,https://www.transfermarkt.com/valentin-roberge/profil/spieler/87422,20/09/2008,21 years 03 months 11 days,21,Super League 1,No second tier career,No second tier career,No second tier career,No second tier career,21,first scrap players
Patrick Roberts,225452,https://www.transfermarkt.com/patrick-roberts/profil/spieler/225452,22/03/2014,17 years 01 month 17 days,17,Premier League,9/8/2014,17,17,Championship,17,first scrap players
Callum Robinson,183299,https://www.transfermarkt.com/callum-robinson/profil/spieler/183299,19/04/2014,19 years 02 months 17 days,19,Premier League,8/8/2015,20,20,Championship,19,first scrap players
Liam Rosenior,15166,https://www.transfermarkt.com/liam-rosenior/profil/spieler/15166,13/12/2004,20 years 05 months 04 days,20,Premier League,10/8/2008,24,24,Championship,20,first scrap players
Yannick Sagbo,60591,https://www.transfermarkt.com/yannick-sagbo/profil/spieler/60591,8/11/2008,20 years 06 months 27 days,20,Ligue 1,13/09/2010,22,22,Ligue 2,20,first scrap players
Mamadou Sakho,47713,https://www.transfermarkt.com/mamadou-sakho/profil/spieler/47713,20/10/2007,17 years 08 months 07 days,17,Ligue 1,No second tier career,No second tier career,No second tier career,No second tier career,17,first scrap players
Mohamed Salah,148455,https://www.transfermarkt.com/mohamed-salah/profil/spieler/148455,3/5/2010,17 years 10 months 18 days,17,Egyptian Premier League,No second tier career,No second tier career,No second tier career,No second tier career,17,first scrap players
Yaya Sanogo,127194,https://www.transfermarkt.com/yaya-sanogo/profil/spieler/127194,5/5/2010,17 years 03 months 08 days,17,Ligue 1,11/12/2012,19,19,Ligue 2,17,first scrap players
André Schürrle,58205,https://www.transfermarkt.com/andr-schrrle/profil/spieler/58205,8/8/2009,18 years 09 months 02 days,18,1.Bundesliga,No second tier career,No second tier career,No second tier career,No second tier career,18,first scrap players
Ignacio Scocco,51088,https://www.transfermarkt.com/ignacio-scocco/profil/spieler/51088,4/4/2004,18 years 10 months 06 days,18,Torneo Final,No second tier career,No second tier career,No second tier career,No second tier career,18,first scrap players
Brad Smith,175745,https://www.transfermarkt.com/brad-smith/profil/spieler/175745,29/12/2013,19 years 08 months 20 days,19,Premier League,21/06/2020,26,26,Championship,19,first scrap players
Roberto Soldado,34870,https://www.transfermarkt.com/roberto-soldado/profil/spieler/34870,23/10/2005,20 years 04 months 26 days,20,LaLiga,27/08/2005,20,20,Segunda División,20,first scrap players
Julián Speroni,12814,https://www.transfermarkt.com/julin-speroni/profil/spieler/12814,12/1/2002,22 years 07 months 25 days,22,,29/10/2005,26,26,Championship,22,first scrap players
Maarten Stekelenburg,4311,https://www.transfermarkt.com/maarten-stekelenburg/profil/spieler/4311,18/08/2002,19 years 10 months 27 days,19,Eredivisie,No second tier career,No second tier career,No second tier career,No second tier career,19,first scrap players
John Stones,186590,https://www.transfermarkt.com/john-stones/profil/spieler/186590,14/09/2013,19 years 03 months 17 days,19,Premier League,17/03/2012,17,17,Championship,17,first scrap players
John Swift,197693,https://www.transfermarkt.com/john-swift/profil/spieler/197693,11/5/2014,18 years 10 months 18 days,18,Premier League,9/8/2014,19,19,Championship,18,first scrap players
Muamer Tanković,198513,https://www.transfermarkt.com/muamer-tankovi/profil/spieler/198513,28/01/2014,18 years 11 months 06 days,18,Premier League,No second tier career,No second tier career,No second tier career,No second tier career,18,first scrap players
Andrew Taylor,29158,https://www.transfermarkt.com/andrew-taylor/profil/spieler/29158,14/01/2006,19 years 05 months 13 days,19,Premier League,22/08/2009,23,23,Championship,19,first scrap players
Kévin Théophile-Catherine,60603,https://www.transfermarkt.com/kvin-thophile-catherine/profil/spieler/60603,17/10/2009,19 years 11 months 19 days,19,Ligue 1,No second tier career,No second tier career,No second tier career,No second tier career,19,first scrap players
Aleksandar Tonev,87282,https://www.transfermarkt.com/aleksandar-tonev/profil/spieler/87282,8/3/2008,18 years 01 month 05 days,18,efbet Liga,No second tier career,No second tier career,No second tier career,No second tier career,18,first scrap players
Lacina Traoré,69006,https://www.transfermarkt.com/lacina-traor/profil/spieler/69006,4/4/2009,18 years 10 months 15 days,18,SuperLiga,2/10/2020,30,30,1.Lig,18,first scrap players
Ryan Tunnicliffe,110868,https://www.transfermarkt.com/ryan-tunnicliffe/profil/spieler/110868,9/2/2014,21 years 01 month 10 days,21,Premier League,6/8/2011,18,18,Championship,18,first scrap players
Ben Turner,39518,https://www.transfermarkt.com/ben-turner/profil/spieler/39518,17/08/2013,24 years 11 months 27 days,24,Premier League,22/04/2006,17,17,Championship,17,first scrap players
Álvaro Vázquez,141835,https://www.transfermarkt.com/lvaro-vzquez/profil/spieler/141835,21/09/2010,19 years 04 months 25 days,19,LaLiga,26/08/2016,25,25,Segunda División,19,first scrap players
Miloš Veljković,202228,https://www.transfermarkt.com/milo-veljkovi/profil/spieler/202228,7/4/2014,18 years 06 months 12 days,18,Premier League,6/12/2014,19,19,Championship,18,first scrap players
Santiago Vergini,94783,https://www.transfermarkt.com/santiago-vergini/profil/spieler/94783,11/2/2012,23 years 06 months 08 days,23,Torneo Final,No second tier career,No second tier career,No second tier career,No second tier career,23,first scrap players
Matěj Vydra,101500,https://www.transfermarkt.com/matj-vydra/profil/spieler/101500,1/3/2010,17 years 09 months 29 days,17,Fortuna Liga,7/3/2009,16,16,Chance Narodni Liga,16,first scrap players
Victor Wanyama,77760,https://www.transfermarkt.com/victor-wanyama/profil/spieler/77760,22/08/2009,18 years 01 month 28 days,18,Jupiler Pro League,29/03/2025,33,33,,18,first scrap players
Joel Ward,92572,https://www.transfermarkt.com/joel-ward/profil/spieler/92572,14/04/2010,20 years 05 months 16 days,20,Premier League,14/08/2010,20,20,Championship,20,first scrap players
Peter Whittingham,3762,https://www.transfermarkt.com/peter-whittingham/profil/spieler/3762,21/04/2003,18 years 07 months 13 days,18,Premier League,15/02/2005,20,20,Championship,18,first scrap players
Jonny Williams,170322,https://www.transfermarkt.com/jonny-williams/profil/spieler/170322,18/08/2013,19 years 10 months 09 days,19,Premier League,16/08/2011,17,17,Championship,17,first scrap players
Magnus Wolff Eikrem,54775,https://www.transfermarkt.com/magnus-wolff-eikrem/profil/spieler/54775,18/03/2011,20 years 07 months 10 days,20,Eliteserien,8/8/2014,24,24,Championship,20,first scrap players
Ricky van Wolfswinkel,41355,https://www.transfermarkt.com/ricky-van-wolfswinkel/profil/spieler/41355,5/4/2008,19 years 02 months 09 days,19,VriendenLoterij Eredivisie,No second tier career,No second tier career,No second tier career,No second tier career,19,first scrap players
Cauley Woodrow,169801,https://www.transfermarkt.com/cauley-woodrow/profil/spieler/169801,8/3/2014,19 years 03 months 06 days,19,Premier League,9/8/2014,19,19,Championship,19,first scrap players
Joseph Yobo,3270,https://www.transfermarkt.com/joseph-yobo/profil/spieler/3270,11/9/1999,19 years 05 days,19,Jupiler Pro League,No second tier career,No second tier career,No second tier career,No second tier career,19,first scrap players
Wilfried Zaha,145988,https://www.transfermarkt.com/wilfried-zaha/profil/spieler/145988,7/12/2013,21 years 27 days,21,Premier League,27/03/2010,17,17,Championship,17,first scrap players
Elsad Zverotić,25542,https://www.transfermarkt.com/elsad-zveroti/profil/spieler/25542,20/07/2008,21 years 08 months 19 days,21,Raiffeisen Super League,31/07/2004,17,17,Brack.ch Challenge League,17,first scrap players
Rolando Aarons,258188,https://www.transfermarkt.com/rolando-aarons/profil/spieler/258188,17/08/2014,18 years 09 months 01 day,18,Premier League,5/8/2016,20,20,Championship,18,first scrap players
Mehdi Abeid,111036,https://www.transfermarkt.com/mehdi-abeid/profil/spieler/111036,1/11/2014,22 years 02 months 26 days,22,Premier League,No second tier career,No second tier career,No second tier career,No second tier career,22,first scrap players
Toby Alderweireld,42710,https://www.transfermarkt.com/toby-alderweireld/profil/spieler/42710,18/01/2009,19 years 10 months 16 days,19,VriendenLoterij Eredivisie,No second tier career,No second tier career,No second tier career,No second tier career,19,first scrap players
Jak Alnwick,128895,https://www.transfermarkt.com/jak-alnwick/profil/spieler/128895,6/12/2014,21 years 05 months 19 days,21,Premier League,11/3/2023,29,29,Championship,21,first scrap players
Ricky Álvarez,76077,https://www.transfermarkt.com/ricky-lvarez/profil/spieler/76077,8/6/2008,20 years 01 month 27 days,20,Torneo Final,No second tier career,No second tier career,No second tier career,No second tier career,20,first scrap players
Scott Arfield,55291,https://www.transfermarkt.com/scott-arfield/profil/spieler/55291,4/8/2007,18 years 09 months 03 days,18,Scottish Premiership,17/08/2012,23,23,Championship,18,first scrap players
Christian Atsu,186997,https://www.transfermarkt.com/christian-atsu/profil/spieler/186997,28/08/2011,19 years 07 months 18 days,19,Liga Portugal,13/09/2016,24,24,Championship,19,first scrap players
Charlie Austin,129627,https://www.transfermarkt.com/charlie-austin/profil/spieler/129627,16/08/2014,25 years 01 month 11 days,25,Premier League,1/2/2011,21,21,Championship,21,first scrap players
Ashley Barnes,63200,https://www.transfermarkt.com/ashley-barnes/profil/spieler/63200,18/08/2014,24 years 09 months 19 days,24,Premier League,7/2/2009,19,19,Championship,19,first scrap players
Modou Barrow,189070,https://www.transfermarkt.com/modou-barrow/profil/spieler/189070,23/05/2012,19 years 07 months 10 days,19,Allsvenskan,6/4/2013,20,20,Superettan,19,first scrap players
Héctor Bellerín,191217,https://www.transfermarkt.com/hctor-bellern/profil/spieler/191217,18/10/2014,19 years 06 months 29 days,19,Premier League,30/11/2013,18,18,Championship,18,first scrap players
Muhamed Bešić,93905,https://www.transfermarkt.com/muhamed-bei/profil/spieler/93905,12/11/2010,18 years 02 months 02 days,18,1.Bundesliga,17/02/2018,25,25,Championship,18,first scrap players
Tyler Blackett,134414,https://www.transfermarkt.com/tyler-blackett/profil/spieler/134414,16/08/2014,20 years 04 months 14 days,20,Premier League,2/11/2013,19,19,Championship,19,first scrap players
Sebastián Blanco,54576,https://www.transfermarkt.com/sebastin-blanco/profil/spieler/54576,2/3/2006,17 years 11 months 15 days,17,Torneo Final,9/3/2025,36,36,USL Championship,17,first scrap players
Daley Blind,12282,https://www.transfermarkt.com/daley-blind/profil/spieler/12282,7/12/2008,18 years 08 months 28 days,18,VriendenLoterij Eredivisie,15/09/2013,23,23,Keuken Kampioen Divisie,18,first scrap players
Tyias Browning,156934,https://www.transfermarkt.com/tyias-browning/profil/spieler/156934,27/09/2014,20 years 04 months 00 days,20,Premier League,11/1/2014,19,19,Championship,19,first scrap players
Will Buckley,77329,https://www.transfermarkt.com/will-buckley/profil/spieler/77329,16/08/2014,24 years 08 months 26 days,24,Premier League,21/03/2010,20,20,Championship,20,first scrap players
Reece Burke,264220,https://www.transfermarkt.com/reece-burke/profil/spieler/264220,25/04/2015,18 years 07 months 23 days,18,Premier League,10/9/2016,20,20,Championship,18,first scrap players
Willy Caballero,19948,https://www.transfermarkt.com/willy-caballero/profil/spieler/19948,6/2/2002,20 years 04 months 09 days,20,Torneo Inicial,3/4/2005,23,23,Segunda División,20,first scrap players
Rémy Cabella,113707,https://www.transfermarkt.com/rmy-cabella/profil/spieler/113707,4/12/2010,20 years 08 months 26 days,20,Ligue 1,No second tier career,No second tier career,No second tier career,No second tier career,20,first scrap players
Esteban Cambiasso,7520,https://www.transfermarkt.com/esteban-cambiasso/profil/spieler/7520,20/09/1998,18 years 01 month 02 days,18,Torneo Inicial,20/10/1996,16,16,Segunda División,16,first scrap players
Joel Campbell,131248,https://www.transfermarkt.com/joel-campbell/profil/spieler/131248,15/11/2009,17 years 04 months 20 days,17,Primera División Invierno,No second tier career,No second tier career,No second tier career,No second tier career,17,first scrap players
Emre Can,119296,https://www.transfermarkt.com/emre-can/profil/spieler/119296,13/04/2013,19 years 03 months 01 day,19,1.Bundesliga,No second tier career,No second tier career,No second tier career,No second tier career,19,first scrap players
Nathaniel Chalobah,128900,https://www.transfermarkt.com/nathaniel-chalobah/profil/spieler/128900,28/09/2014,19 years 09 months 16 days,19,Premier League,18/09/2012,17,17,Championship,17,first scrap players
Andreas Christensen,196948,https://www.transfermarkt.com/andreas-christensen/profil/spieler/196948,24/05/2015,19 years 01 month 14 days,19,Premier League,No second tier career,No second tier career,No second tier career,No second tier career,19,first scrap players
Brandon Comley,362809,https://www.transfermarkt.com/brandon-comley/profil/spieler/362809,24/05/2015,19 years 06 months 06 days,19,Premier League,12/1/2017,21,21,Championship,19,first scrap players
Diego Costa,44779,https://www.transfermarkt.com/diego-costa/profil/spieler/44779,28/01/2007,18 years 03 months 21 days,18,Liga Portugal,27/08/2006,17,17,Ledman Liga Pro,17,first scrap players
Thibaut Courtois,108390,https://www.transfermarkt.com/thibaut-courtois/profil/spieler/108390,17/04/2009,16 years 11 months 06 days,16,Jupiler Pro League,No second tier career,No second tier career,No second tier career,No second tier career,16,first scrap players
Aaron Cresswell,92571,https://www.transfermarkt.com/aaron-cresswell/profil/spieler/92571,16/08/2014,24 years 08 months 01 day,24,Premier League,6/8/2011,21,21,Championship,21,first scrap players
Juan Cuadrado,91970,https://www.transfermarkt.com/juan-cuadrado/profil/spieler/91970,1/11/2009,21 years 05 months 06 days,21,Serie A,No second tier career,No second tier career,No second tier career,No second tier career,21,first scrap players
Jason Davidson,137669,https://www.transfermarkt.com/jason-davidson/profil/spieler/137669,16/01/2010,18 years 06 months 18 days,18,Liga Portugal,6/2/2011,19,19,Ledman Liga Pro,18,first scrap players
Ángel Di María,45320,https://www.transfermarkt.com/ngel-di-mara/profil/spieler/45320,15/12/2005,17 years 10 months 01 day,17,Torneo Inicial,No second tier career,No second tier career,No second tier career,No second tier career,17,first scrap players
Eric Dier,175722,https://www.transfermarkt.com/eric-dier/profil/spieler/175722,11/11/2012,18 years 09 months 27 days,18,Liga Portugal,26/08/2012,18,18,Ledman Liga Pro,18,first scrap players
Michael Doughty,173832,https://www.transfermarkt.com/michael-doughty/profil/spieler/173832,30/01/2013,20 years 02 months 10 days,20,Scottish Premiership,15/08/2015,22,22,Championship,20,first scrap players
Danny Drinkwater,73491,https://www.transfermarkt.com/danny-drinkwater/profil/spieler/73491,16/08/2014,24 years 05 months 11 days,24,Premier League,8/8/2010,20,20,Championship,20,first scrap players
Eljero Elia,27805,https://www.transfermarkt.com/eljero-elia/profil/spieler/27805,23/01/2005,17 years 11 months 10 days,17,Eredivisie,19/11/2021,34,34,Keuken Kampioen Divisie,17,first scrap players
Radamel Falcao,39152,https://www.transfermarkt.com/radamel-falcao/profil/spieler/39152,6/3/2005,19 years 24 days,19,Torneo Final,No second tier career,No second tier career,No second tier career,No second tier career,19,first scrap players
Federico Fazio,45314,https://www.transfermarkt.com/federico-fazio/profil/spieler/45314,25/08/2007,20 years 05 months 08 days,20,LaLiga,9/9/2007,20,20,Segunda División,20,first scrap players
Federico Fernández,85475,https://www.transfermarkt.com/federico-fernndez/profil/spieler/85475,22/03/2009,20 years 01 month 01 day,20,Torneo Final,4/8/2018,29,29,Championship,20,first scrap players
Fraser Forster,52570,https://www.transfermarkt.com/fraser-forster/profil/spieler/52570,17/08/2014,26 years 05 months 00 days,26,Premier League,No second tier career,No second tier career,No second tier career,No second tier career,26,first scrap players
Darnell Furlong,351755,https://www.transfermarkt.com/darnell-furlong/profil/spieler/351755,21/02/2015,19 years 03 months 21 days,19,Premier League,12/1/2017,21,21,Championship,19,first scrap players
Brendan Galloway,208244,https://www.transfermarkt.com/brendan-galloway/profil/spieler/208244,16/05/2015,19 years 01 month 29 days,19,Premier League,4/8/2017,21,21,Championship,19,first scrap players
Cristian Gamboa,121686,https://www.transfermarkt.com/cristian-gamboa/profil/spieler/121686,19/01/2008,18 years 02 months 26 days,18,Primera División Verano,8/8/2010,20,20,OBOS-ligaen,18,first scrap players
Dominic Gape,226964,https://www.transfermarkt.com/dominic-gape/profil/spieler/226964,20/12/2014,20 years 03 months 11 days,20,Premier League,21/11/2020,26,26,,20,first scrap players
Florin Gardoș,57423,https://www.transfermarkt.com/florin-gardo/profil/spieler/57423,16/08/2010,21 years 09 months 18 days,21,SuperLiga,No second tier career,No second tier career,No second tier career,No second tier career,21,first scrap players
Carles Gil,127987,https://www.transfermarkt.com/carles-gil/profil/spieler/127987,19/08/2013,20 years 08 months 28 days,20,LaLiga,19/08/2012,19,19,Segunda División,19,first scrap players
Bafétimbi Gomis,22388,https://www.transfermarkt.com/baftimbi-gomis/profil/spieler/22388,7/8/2004,19 years 01 day,19,Ligue 1,18/01/2004,18,18,Ligue 2,18,first scrap players
Kenji Gorré,374889,https://www.transfermarkt.com/kenji-gorr/profil/spieler/374889,24/05/2015,20 years 07 months 25 days,20,Premier League,3/2/2019,24,24,Liga Portugal 2 Sabseg,20,first scrap players
Reece Grego-Cox,264199,https://www.transfermarkt.com/reece-grego-cox/profil/spieler/264199,7/3/2015,18 years 03 months 23 days,18,Premier League,7/5/2017,20,20,Championship,18,first scrap players
Matt Grimes,265471,https://www.transfermarkt.com/matt-grimes/profil/spieler/265471,4/4/2015,19 years 08 months 20 days,19,Premier League,24/02/2016,20,20,Championship,19,first scrap players
Ben Hamer,67283,https://www.transfermarkt.com/ben-hamer/profil/spieler/67283,13/09/2014,26 years 09 months 24 days,26,Premier League,18/08/2012,24,24,Championship,24,first scrap players
Dean Hammond,33065,https://www.transfermarkt.com/dean-hammond/profil/spieler/33065,16/08/2014,31 years 05 months 09 days,31,Premier League,14/09/2002,19,19,First Division (until 03/04),19,first scrap players
Tom Heaton,34130,https://www.transfermarkt.com/tom-heaton/profil/spieler/34130,18/08/2014,28 years 04 months 03 days,28,Premier League,9/8/2008,22,22,Championship,22,first scrap players
Rushian Hepburn-Murphy,314237,https://www.transfermarkt.com/rushian-hepburn-murphy/profil/spieler/314237,14/03/2015,16 years 06 months 14 days,16,Premier League,24/09/2016,18,18,Championship,16,first scrap players
Abel Hernández,76608,https://www.transfermarkt.com/abel-hernndez/profil/spieler/76608,22/04/2007,16 years 08 months 14 days,16,,31/08/2013,23,23,Serie B,16,first scrap players
Ander Herrera,99343,https://www.transfermarkt.com/ander-herrera/profil/spieler/99343,29/08/2009,20 years 15 days,20,LaLiga,1/2/2009,19,19,Segunda División,19,first scrap players
Jake Hesketh,315185,https://www.transfermarkt.com/jake-hesketh/profil/spieler/315185,8/12/2014,18 years 08 months 11 days,18,Premier League,No second tier career,No second tier career,No second tier career,No second tier career,18,first scrap players
Brown Ideye,64308,https://www.transfermarkt.com/brown-ideye/profil/spieler/64308,2/3/2008,19 years 04 months 21 days,19,Raiffeisen Super League,No second tier career,No second tier career,No second tier career,No second tier career,19,first scrap players
Danny Ings,134294,https://www.transfermarkt.com/danny-ings/profil/spieler/134294,18/08/2014,22 years 26 days,22,Premier League,14/02/2012,19,19,Championship,19,first scrap players
Lloyd Isgrove,226965,https://www.transfermarkt.com/lloyd-isgrove/profil/spieler/226965,17/08/2014,21 years 07 months 05 days,21,Premier League,21/03/2015,22,22,Championship,21,first scrap players
Mauricio Isla,43722,https://www.transfermarkt.com/mauricio-isla/profil/spieler/43722,17/02/2008,19 years 08 months 05 days,19,Serie A,No second tier career,No second tier career,No second tier career,No second tier career,19,first scrap players
Matty James,73522,https://www.transfermarkt.com/matty-james/profil/spieler/73522,21/09/2014,23 years 01 month 30 days,23,Premier League,9/2/2010,18,18,Championship,18,first scrap players
Daryl Janmaat,60744,https://www.transfermarkt.com/daryl-janmaat/profil/spieler/60744,31/08/2008,19 years 01 month 09 days,19,VriendenLoterij Eredivisie,5/10/2007,18,18,Keuken Kampioen Divisie,18,first scrap players
Siem de Jong,45509,https://www.transfermarkt.com/siem-de-jong/profil/spieler/45509,7/10/2007,18 years 08 months 09 days,18,VriendenLoterij Eredivisie,9/9/2016,27,27,Keuken Kampioen Divisie,18,first scrap players
Lukas Jutkiewicz,33507,https://www.transfermarkt.com/lukas-jutkiewicz/profil/spieler/33507,5/8/2006,17 years 04 months 08 days,17,Raiffeisen Super League,1/1/2008,18,18,Championship,17,first scrap players
Michael Keane,118534,https://www.transfermarkt.com/michael-keane/profil/spieler/118534,24/08/2014,21 years 07 months 13 days,21,Premier League,6/11/2012,19,19,Championship,19,first scrap players
Andy King,56872,https://www.transfermarkt.com/andy-king/profil/spieler/56872,16/08/2014,25 years 09 months 18 days,25,Premier League,2/10/2007,18,18,Championship,18,first scrap players
Anthony Knockaert,149237,https://www.transfermarkt.com/anthony-knockaert/profil/spieler/149237,16/08/2014,22 years 08 months 27 days,22,Premier League,29/07/2011,19,19,Ligue 2,19,first scrap players
Cheikhou Kouyaté,66934,https://www.transfermarkt.com/cheikhou-kouyat/profil/spieler/66934,19/01/2008,18 years 29 days,18,Jupiler Pro League,14/09/2025,35,35,1.Lig,18,first scrap players
Cole Kpekawa,347895,https://www.transfermarkt.com/cole-kpekawa/profil/spieler/347895,24/05/2015,19 years 04 days,19,Premier League,22/08/2015,19,19,Championship,19,first scrap players
Andrej Kramarić,46580,https://www.transfermarkt.com/andrej-kramari/profil/spieler/46580,24/05/2009,17 years 11 months 05 days,17,1.HNL,No second tier career,No second tier career,No second tier career,No second tier career,17,first scrap players
Bojan Krkić,44675,https://www.transfermarkt.com/bojan-krki/profil/spieler/44675,16/09/2007,17 years 19 days,17,LaLiga,5/8/2018,27,27,Championship,17,first scrap players
Daniel Lafferty,85928,https://www.transfermarkt.com/daniel-lafferty/profil/spieler/85928,4/3/2011,21 years 09 months 14 days,21,League of Ireland Premier Division,6/3/2010,20,20,Scottish Championship,20,first scrap players
Jesse Lingard,141660,https://www.transfermarkt.com/jesse-lingard/profil/spieler/141660,16/08/2014,21 years 08 months 01 day,21,Premier League,6/11/2012,19,19,Championship,19,first scrap players
Ruben Loftus-Cheek,202886,https://www.transfermarkt.com/ruben-loftus-cheek/profil/spieler/202886,31/01/2015,19 years 08 days,19,Premier League,No second tier career,No second tier career,No second tier career,No second tier career,19,first scrap players
Kevin Long,111114,https://www.transfermarkt.com/kevin-long/profil/spieler/111114,9/5/2009,18 years 08 months 21 days,18,League of Ireland Premier Division,2/10/2012,22,22,Championship,18,first scrap players
Filipe Luís,21725,https://www.transfermarkt.com/filipe-lus/profil/spieler/21725,30/03/2003,17 years 07 months 21 days,17,Campeonato Brasileiro Série A,27/08/2005,20,20,Segunda División,17,first scrap players
Harry Maguire,177907,https://www.transfermarkt.com/harry-maguire/profil/spieler/177907,20/12/2014,21 years 09 months 15 days,21,Premier League,12/4/2011,18,18,Championship,18,first scrap players
Riyad Mahrez,171424,https://www.transfermarkt.com/riyad-mahrez/profil/spieler/171424,16/08/2014,23 years 05 months 26 days,23,Premier League,29/07/2011,20,20,Ligue 2,20,first scrap players
Ainsley Maitland-Niles,285845,https://www.transfermarkt.com/ainsley-maitland-niles/profil/spieler/285845,13/12/2014,17 years 03 months 14 days,17,Premier League,8/8/2015,17,17,Championship,17,first scrap players
Sadio Mané,200512,https://www.transfermarkt.com/sadio-man/profil/spieler/200512,15/09/2012,20 years 05 months 05 days,20,Bundesliga,14/01/2012,19,19,Ligue 2,19,first scrap players
Eliaquim Mangala,90681,https://www.transfermarkt.com/eliaquim-mangala/profil/spieler/90681,21/12/2008,17 years 10 months 08 days,17,Jupiler Pro League,30/09/2012,21,21,Ledman Liga Pro,17,first scrap players
Javier Manquillo,162029,https://www.transfermarkt.com/javier-manquillo/profil/spieler/162029,9/12/2012,18 years 07 months 04 days,18,LaLiga,No second tier career,No second tier career,No second tier career,No second tier career,18,first scrap players
Lazar Marković,144303,https://www.transfermarkt.com/lazar-markovi/profil/spieler/144303,29/05/2011,17 years 02 months 27 days,17,Linglong Tire Super liga Srbije,No second tier career,No second tier career,No second tier career,No second tier career,17,first scrap players
Dean Marney,4055,https://www.transfermarkt.com/dean-marney/profil/spieler/4055,16/08/2003,19 years 06 months 16 days,19,Premier League,6/11/2004,20,20,Championship,19,first scrap players
Emiliano Martínez,111873,https://www.transfermarkt.com/emiliano-martnez/profil/spieler/111873,22/11/2014,22 years 02 months 20 days,22,Premier League,23/11/2013,21,21,Championship,21,first scrap players
Ryan Mason,61834,https://www.transfermarkt.com/ryan-mason/profil/spieler/61834,27/09/2014,23 years 03 months 14 days,23,Premier League,14/08/2010,19,19,Championship,19,first scrap players
Jason McCarthy,227185,https://www.transfermarkt.com/jason-mccarthy/profil/spieler/227185,26/12/2014,19 years 01 month 19 days,19,Premier League,5/8/2017,21,21,Championship,19,first scrap players
Paddy McNair,167268,https://www.transfermarkt.com/paddy-mcnair/profil/spieler/167268,27/09/2014,19 years 05 months 00 days,19,Premier League,28/10/2017,22,22,Championship,19,first scrap players
Ben Mee,74810,https://www.transfermarkt.com/ben-mee/profil/spieler/74810,18/08/2014,24 years 10 months 28 days,24,Premier League,22/01/2011,21,21,Championship,21,first scrap players
Jefferson Montero,77932,https://www.transfermarkt.com/jefferson-montero/profil/spieler/77932,29/08/2010,20 years 11 months 28 days,20,LaLiga,18/10/2008,19,19,Liga de Expansión MX Apertura,19,first scrap players
Liam Moore,128906,https://www.transfermarkt.com/liam-moore/profil/spieler/128906,16/08/2014,21 years 06 months 16 days,21,Premier League,2/1/2012,18,18,Championship,18,first scrap players
Alberto Moreno,207917,https://www.transfermarkt.com/alberto-moreno/profil/spieler/207917,8/4/2012,19 years 09 months 03 days,19,LaLiga,No second tier career,No second tier career,No second tier career,No second tier career,19,first scrap players
Wes Morgan,10003,https://www.transfermarkt.com/wes-morgan/profil/spieler/10003,16/08/2014,30 years 06 months 26 days,30,Premier League,16/08/2003,19,19,First Division (until 03/04),19,first scrap players
Dame N'Doye,44855,https://www.transfermarkt.com/dame-ndoye/profil/spieler/44855,24/09/2006,21 years 07 months 03 days,21,Liga Portugal,No second tier career,No second tier career,No second tier career,No second tier career,21,first scrap players
David Nugent,33963,https://www.transfermarkt.com/david-nugent/profil/spieler/33963,11/8/2007,22 years 03 months 09 days,22,Premier League,15/01/2005,19,19,Championship,19,first scrap players
Nélson Oliveira,72768,https://www.transfermarkt.com/nlson-oliveira/profil/spieler/72768,7/2/2010,18 years 05 months 30 days,18,Liga Portugal,12/9/2015,24,24,Championship,18,first scrap players
David Ospina,73396,https://www.transfermarkt.com/david-ospina/profil/spieler/73396,18/10/2008,20 years 01 month 17 days,20,Ligue 1,No second tier career,No second tier career,No second tier career,No second tier career,20,first scrap players
Gabriel Paulista,149498,https://www.transfermarkt.com/gabriel-paulista/profil/spieler/149498,15/05/2010,19 years 05 months 19 days,19,Campeonato Brasileiro Série A,25/06/2011,20,20,Campeonato Brasileiro Série B,19,first scrap players
Graziano Pellè,29594,https://www.transfermarkt.com/graziano-pell/profil/spieler/29594,11/1/2004,18 years 05 months 27 days,18,Serie A,30/01/2005,19,19,Serie B,18,first scrap players
Andreas Pereira,203394,https://www.transfermarkt.com/andreas-pereira/profil/spieler/203394,15/03/2015,19 years 02 months 11 days,19,Premier League,No second tier career,No second tier career,No second tier career,No second tier career,19,first scrap players
Ayoze Pérez,246968,https://www.transfermarkt.com/ayoze-prez/profil/spieler/246968,17/08/2014,21 years 19 days,21,Premier League,18/08/2013,20,20,Segunda División,20,first scrap players
Sébastien Pocognoli,17804,https://www.transfermarkt.com/sbastien-pocognoli/profil/spieler/17804,9/4/2004,16 years 08 months 08 days,16,Jupiler Pro League,27/09/2016,29,29,Championship,16,first scrap players
Diego Poyet,183286,https://www.transfermarkt.com/diego-poyet/profil/spieler/183286,23/08/2014,19 years 04 months 15 days,19,Premier League,1/2/2014,18,18,Championship,18,first scrap players
Anthony Réveillère,5668,https://www.transfermarkt.com/anthony-rveillre/profil/spieler/5668,3/2/1998,18 years 02 months 24 days,18,Ligue 1,No second tier career,No second tier career,No second tier career,No second tier career,18,first scrap players
Emmanuel Rivière,61637,https://www.transfermarkt.com/emmanuel-rivire/profil/spieler/61637,1/2/2009,18 years 10 months 29 days,18,Ligue 1,4/2/2013,22,22,Ligue 2,18,first scrap players
Andrew Robertson,234803,https://www.transfermarkt.com/andrew-robertson/profil/spieler/234803,2/8/2013,19 years 04 months 22 days,19,Scottish Premiership,8/8/2015,21,21,Championship,19,first scrap players
Marcos Rojo,93176,https://www.transfermarkt.com/marcos-rojo/profil/spieler/93176,7/12/2008,18 years 08 months 17 days,18,Torneo Inicial,No second tier career,No second tier career,No second tier career,No second tier career,18,first scrap players
Diafra Sakho,120610,https://www.transfermarkt.com/diafra-sakho/profil/spieler/120610,23/08/2014,24 years 07 months 30 days,24,Premier League,19/01/2010,20,20,Ligue 2,20,first scrap players
Georgios Samaras,6855,https://www.transfermarkt.com/georgios-samaras/profil/spieler/6855,26/10/2002,17 years 08 months 05 days,17,Eredivisie,3/4/2016,31,31,NASL Spring Championship,17,first scrap players
Alexis Sánchez,40433,https://www.transfermarkt.com/alexis-snchez/profil/spieler/40433,30/07/2005,16 years 07 months 11 days,16,Torneo Clausura (-2017),No second tier career,No second tier career,No second tier career,No second tier career,16,first scrap players
Jeffrey Schlupp,157506,https://www.transfermarkt.com/jeffrey-schlupp/profil/spieler/157506,16/08/2014,21 years 07 months 24 days,21,Premier League,13/08/2011,18,18,Championship,18,first scrap players
Kasper Schmeichel,16911,https://www.transfermarkt.com/kasper-schmeichel/profil/spieler/16911,11/8/2007,20 years 09 months 06 days,20,Premier League,27/10/2007,20,20,Championship,20,first scrap players
Ryan Seager,247647,https://www.transfermarkt.com/ryan-seager/profil/spieler/247647,1/2/2015,18 years 11 months 27 days,18,Premier League,17/08/2018,22,22,Keuken Kampioen Divisie,18,first scrap players
Jason Shackell,11756,https://www.transfermarkt.com/jason-shackell/profil/spieler/11756,28/02/2005,21 years 05 months 01 day,21,Premier League,5/4/2003,19,19,First Division (until 03/04),19,first scrap players
Ollie Shenton,335541,https://www.transfermarkt.com/ollie-shenton/profil/spieler/335541,11/2/2015,17 years 03 months 05 days,17,Premier League,No second tier career,No second tier career,No second tier career,No second tier career,17,first scrap players
Jerome Sinclair,236513,https://www.transfermarkt.com/jerome-sinclair/profil/spieler/236513,10/5/2015,18 years 07 months 20 days,18,Premier League,17/03/2015,18,18,Championship,18,first scrap players
Pape Souaré,125868,https://www.transfermarkt.com/pape-souar/profil/spieler/125868,20/02/2011,20 years 08 months 14 days,20,Ligue 1,16/08/2019,29,29,Ligue 2,20,first scrap players
Benjamin Stambouli,127160,https://www.transfermarkt.com/benjamin-stambouli/profil/spieler/127160,8/8/2010,19 years 11 months 26 days,19,Ligue 1,24/09/2024,34,34,Ligue 2,19,first scrap players
Jed Steer,110867,https://www.transfermarkt.com/jed-steer/profil/spieler/110867,24/05/2015,22 years 08 months 01 day,22,Premier League,12/9/2015,22,22,Championship,22,first scrap players
Dušan Tadić,36139,https://www.transfermarkt.com/duan-tadi/profil/spieler/36139,5/8/2006,17 years 08 months 16 days,17,Linglong Tire Super liga Srbije,No second tier career,No second tier career,No second tier career,No second tier career,17,first scrap players
Matt Targett,250478,https://www.transfermarkt.com/matt-targett/profil/spieler/250478,27/09/2014,19 years 09 days,19,Premier League,27/01/2018,22,22,Championship,19,first scrap players
Dionatan Teixeira,107617,https://www.transfermarkt.com/dionatan-teixeira/profil/spieler/107617,18/04/2009,16 years 08 months 25 days,16,Nike Liga,25/08/2012,20,20,MONACObet liga,16,first scrap players
Tom Thorpe,128911,https://www.transfermarkt.com/tom-thorpe/profil/spieler/128911,27/09/2014,21 years 08 months 14 days,21,Premier League,1/2/2014,21,21,Championship,21,first scrap players
Kieran Trippier,95810,https://www.transfermarkt.com/kieran-trippier/profil/spieler/95810,18/08/2014,23 years 10 months 30 days,23,Premier League,9/2/2010,19,19,Championship,19,first scrap players
Leonardo Ulloa,54890,https://www.transfermarkt.com/leonardo-ulloa/profil/spieler/54890,2/4/2005,18 years 08 months 07 days,18,Torneo Final,31/08/2008,22,22,Segunda División,18,first scrap players
Fredrik Ulvestad,158022,https://www.transfermarkt.com/fredrik-ulvestad/profil/spieler/158022,31/10/2010,18 years 04 months 14 days,18,Eliteserien,28/12/2015,23,23,Championship,18,first scrap players
Víctor Valdés,7589,https://www.transfermarkt.com/vctor-valds/profil/spieler/7589,1/9/2002,20 years 07 months 18 days,20,LaLiga,No second tier career,No second tier career,No second tier career,No second tier career,20,first scrap players
Enner Valencia,139503,https://www.transfermarkt.com/enner-valencia/profil/spieler/139503,13/02/2012,22 years 03 months 09 days,22,Serie A Primera Etapa,No second tier career,No second tier career,No second tier career,No second tier career,22,first scrap players
Jamie Vardy,197838,https://www.transfermarkt.com/jamie-vardy/profil/spieler/197838,31/08/2014,27 years 07 months 20 days,27,Premier League,18/08/2012,25,25,Championship,25,first scrap players
Silvestre Varela,31316,https://www.transfermarkt.com/silvestre-varela/profil/spieler/31316,19/08/2005,20 years 06 months 17 days,20,Liga Portugal,7/8/2021,36,36,Liga Portugal 2,20,first scrap players
Eduardo Vargas,89718,https://www.transfermarkt.com/eduardo-vargas/profil/spieler/89718,29/04/2007,17 years 05 months 09 days,17,,No second tier career,No second tier career,No second tier career,No second tier career,17,first scrap players
Ross Wallace,9509,https://www.transfermarkt.com/ross-wallace/profil/spieler/9509,1/11/2003,18 years 05 months 09 days,18,Scottish Premiership,9/9/2006,21,21,Championship,18,first scrap players
Marcin Wasilewski,16947,https://www.transfermarkt.com/marcin-wasilewski/profil/spieler/16947,19/08/2000,20 years 02 months 10 days,20,Lotto Ekstraklasa,5/10/2013,33,33,Championship,20,first scrap players
Philipp Wollscheid,53173,https://www.transfermarkt.com/philipp-wollscheid/profil/spieler/53173,20/11/2010,21 years 08 months 14 days,21,1.Bundesliga,No second tier career,No second tier career,No second tier career,No second tier career,21,first scrap players
DeAndre Yedlin,255916,https://www.transfermarkt.com/deandre-yedlin/profil/spieler/255916,3/3/2013,19 years 07 months 22 days,19,Major League Soccer,27/08/2016,23,23,Championship,19,first scrap players
Mauro Zárate,26456,https://www.transfermarkt.com/mauro-zrate/profil/spieler/26456,22/05/2004,17 years 02 months 04 days,17,Torneo Final,4/2/2023,35,35,Serie B,17,first scrap players
Kurt Zouma,157509,https://www.transfermarkt.com/kurt-zouma/profil/spieler/157509,17/09/2011,16 years 10 months 21 days,16,Ligue 1,No second tier career,No second tier career,No second tier career,No second tier career,16,first scrap players
Almen Abdi,9966,https://www.transfermarkt.com/almen-abdi/profil/spieler/9966,16/07/2003,16 years 08 months 25 days,16,Raiffeisen Super League,18/08/2012,25,25,Championship,16,first scrap players
Tammy Abraham,331726,https://www.transfermarkt.com/tammy-abraham/profil/spieler/331726,11/5/2016,18 years 07 months 09 days,18,Premier League,6/8/2016,18,18,Championship,18,first scrap players
Ibrahim Afellay,15760,https://www.transfermarkt.com/ibrahim-afellay/profil/spieler/15760,14/02/2004,17 years 10 months 12 days,17,Eredivisie,No second tier career,No second tier career,No second tier career,No second tier career,17,first scrap players
Benik Afobe,110858,https://www.transfermarkt.com/benik-afobe/profil/spieler/110858,12/1/2016,22 years 11 months 00 days,22,Premier League,24/03/2012,19,19,Championship,19,first scrap players
Dele Alli,207929,https://www.transfermarkt.com/dele-alli/profil/spieler/207929,8/8/2015,19 years 03 months 28 days,19,Premier League,No second tier career,No second tier career,No second tier career,No second tier career,19,first scrap players
Ryan Allsop,111073,https://www.transfermarkt.com/ryan-allsop/profil/spieler/111073,28/11/2015,23 years 05 months 11 days,23,Premier League,3/8/2013,21,21,Championship,21,first scrap players
Daniel Amartey,214056,https://www.transfermarkt.com/daniel-amartey/profil/spieler/214056,31/03/2013,18 years 03 months 10 days,18,Allsvenskan,No second tier career,No second tier career,No second tier career,No second tier career,18,first scrap players
Jordan Amavi,241229,https://www.transfermarkt.com/jordan-amavi/profil/spieler/241229,10/8/2013,19 years 05 months 01 day,19,Ligue 1,20/08/2016,22,22,Championship,19,first scrap players
Nordin Amrabat,55619,https://www.transfermarkt.com/nordin-amrabat/profil/spieler/55619,18/08/2007,20 years 04 months 18 days,20,VriendenLoterij Eredivisie,11/8/2006,19,19,Keuken Kampioen Divisie,19,first scrap players
José Ángel Crespo,37397,https://www.transfermarkt.com/jos-ngel-crespo/profil/spieler/37397,21/12/2005,18 years 10 months 12 days,18,LaLiga,26/08/2007,20,20,Segunda División,18,first scrap players
Michail Antonio,104124,https://www.transfermarkt.com/michail-antonio/profil/spieler/104124,19/09/2015,25 years 05 months 22 days,25,Premier League,29/08/2009,19,19,Championship,19,first scrap players
Ikechi Anya,107427,https://www.transfermarkt.com/ikechi-anya/profil/spieler/107427,8/8/2015,27 years 07 months 05 days,27,Premier League,20/03/2011,23,23,Segunda División,23,first scrap players
Giedrius Arlauskis,69001,https://www.transfermarkt.com/giedrius-arlauskis/profil/spieler/69001,24/03/2008,20 years 03 months 22 days,20,SuperLiga,No second tier career,No second tier career,No second tier career,No second tier career,20,first scrap players
Harry Arter,55742,https://www.transfermarkt.com/harry-arter/profil/spieler/55742,1/11/2015,25 years 10 months 04 days,25,Premier League,3/8/2013,23,23,Championship,23,first scrap players
André Ayew,45403,https://www.transfermarkt.com/andr-ayew/profil/spieler/45403,15/08/2007,17 years 07 months 29 days,17,Ligue 1,11/9/2009,19,19,Ligue 2,17,first scrap players
Jordan Ayew,108354,https://www.transfermarkt.com/jordan-ayew/profil/spieler/108354,16/12/2009,18 years 03 months 05 days,18,Ligue 1,7/8/2016,24,24,Championship,18,first scrap players
Patrick Bamford,183334,https://www.transfermarkt.com/patrick-bamford/profil/spieler/183334,16/08/2015,21 years 11 months 11 days,21,Premier League,31/12/2011,18,18,Championship,18,first scrap players
Yohan Benalouane,50477,https://www.transfermarkt.com/yohan-benalouane/profil/spieler/50477,12/1/2008,20 years 09 months 15 days,20,Ligue 1,19/01/2019,31,31,Championship,20,first scrap players
Steven Berghuis,129554,https://www.transfermarkt.com/steven-berghuis/profil/spieler/129554,19/01/2011,19 years 01 month 00 days,19,VriendenLoterij Eredivisie,No second tier career,No second tier career,No second tier career,No second tier career,19,first scrap players
Hiram Boateng,244125,https://www.transfermarkt.com/hiram-boateng/profil/spieler/244125,6/2/2016,20 years 29 days,20,Premier League,No second tier career,No second tier career,No second tier career,No second tier career,20,first scrap players
Cameron Borthwick-Jackson,258879,https://www.transfermarkt.com/cameron-borthwick-jackson/profil/spieler/258879,7/11/2015,18 years 09 months 05 days,18,Premier League,10/9/2016,19,19,Championship,18,first scrap players
Cameron Brannagan,261357,https://www.transfermarkt.com/cameron-brannagan/profil/spieler/261357,1/5/2016,19 years 11 months 22 days,19,Premier League,10/8/2024,28,28,,19,first scrap players
Miguel Britos,76799,https://www.transfermarkt.com/miguel-britos/profil/spieler/76799,25/08/2007,22 years 01 month 08 days,22,Primera División Apertura,No second tier career,No second tier career,No second tier career,No second tier career,22,first scrap players
Sam Byram,236953,https://www.transfermarkt.com/sam-byram/profil/spieler/236953,23/01/2016,22 years 04 months 07 days,22,Premier League,18/08/2012,18,18,Championship,18,first scrap players
Sergi Canós,251845,https://www.transfermarkt.com/sergi-cans/profil/spieler/251845,15/05/2016,19 years 03 months 13 days,19,Premier League,12/9/2015,18,18,Championship,18,first scrap players
Juan Carlos Paredes,100507,https://www.transfermarkt.com/juan-carlos-paredes/profil/spieler/100507,4/2/2012,24 years 06 months 27 days,24,Serie A Primera Etapa,9/8/2014,27,27,Championship,24,first scrap players
Bersant Celina,229695,https://www.transfermarkt.com/bersant-celina/profil/spieler/229695,6/2/2016,19 years 04 months 28 days,19,Premier League,26/08/2017,20,20,Championship,19,first scrap players
Pedro Chirivella,242273,https://www.transfermarkt.com/pedro-chirivella/profil/spieler/242273,1/5/2016,18 years 11 months 08 days,18,Premier League,No second tier career,No second tier career,No second tier career,No second tier career,18,first scrap players
Jake Clarke-Salter,316551,https://www.transfermarkt.com/jake-clarke-salter/profil/spieler/316551,2/4/2016,18 years 06 months 11 days,18,Premier League,13/01/2018,20,20,Championship,18,first scrap players
Jordy Clasie,104223,https://www.transfermarkt.com/jordy-clasie/profil/spieler/104223,15/08/2010,19 years 01 month 19 days,19,VriendenLoterij Eredivisie,No second tier career,No second tier career,No second tier career,No second tier career,19,first scrap players
Callum Connolly,308632,https://www.transfermarkt.com/callum-connolly/profil/spieler/308632,16/04/2016,18 years 06 months 24 days,18,Premier League,14/01/2017,19,19,Championship,18,first scrap players
Steve Cook,90836,https://www.transfermarkt.com/steve-cook/profil/spieler/90836,8/8/2015,24 years 03 months 20 days,24,Premier League,2/1/2012,20,20,Championship,20,first scrap players
Josh Cullen,242606,https://www.transfermarkt.com/josh-cullen/profil/spieler/242606,29/08/2015,19 years 04 months 22 days,19,Premier League,6/8/2017,21,21,Championship,19,first scrap players
Charlie Daniels,61819,https://www.transfermarkt.com/charlie-daniels/profil/spieler/61819,8/8/2015,28 years 11 months 01 day,28,Premier League,3/8/2013,26,26,Championship,26,first scrap players
Karl Darlow,99397,https://www.transfermarkt.com/karl-darlow/profil/spieler/99397,28/12/2015,25 years 02 months 20 days,25,Premier League,7/5/2011,20,20,Championship,20,first scrap players
Matteo Darmian,54906,https://www.transfermarkt.com/matteo-darmian/profil/spieler/54906,19/05/2007,17 years 05 months 17 days,17,Serie A,28/11/2009,19,19,Serie B,17,first scrap players
Tom Davies,314210,https://www.transfermarkt.com/tom-davies/profil/spieler/314210,16/04/2016,17 years 09 months 17 days,17,Premier League,26/11/2024,26,26,,17,first scrap players
Troy Deeney,65477,https://www.transfermarkt.com/troy-deeney/profil/spieler/65477,8/8/2015,27 years 01 month 10 days,27,Premier League,6/8/2010,22,22,Championship,22,first scrap players
Joe Dodoo,261738,https://www.transfermarkt.com/joe-dodoo/profil/spieler/261738,29/08/2015,20 years 02 months 00 days,20,Premier League,20/09/2020,25,25,1.Lig,20,first scrap players
Seydou Doumbia,75287,https://www.transfermarkt.com/seydou-doumbia/profil/spieler/75287,7/4/2007,19 years 03 months 07 days,19,J1 League,7/6/2006,18,18,J2 League,18,first scrap players
Kieran Dowell,258916,https://www.transfermarkt.com/kieran-dowell/profil/spieler/258916,30/04/2016,18 years 06 months 20 days,18,Premier League,4/8/2017,19,19,Championship,18,first scrap players
Mohamed Elneny,160438,https://www.transfermarkt.com/mohamed-elneny/profil/spieler/160438,27/08/2010,18 years 01 month 16 days,18,Egyptian Premier League,No second tier career,No second tier career,No second tier career,No second tier career,18,first scrap players
Tommy Elphick,37152,https://www.transfermarkt.com/tommy-elphick/profil/spieler/37152,8/8/2015,27 years 11 months 01 day,27,Premier League,10/12/2005,18,18,Championship,18,first scrap players
Emmanuel Emenike,120630,https://www.transfermarkt.com/emmanuel-emenike/profil/spieler/120630,15/08/2010,23 years 03 months 05 days,23,Süper Lig,23/08/2009,22,22,1.Lig,22,first scrap players
Sam Field,387331,https://www.transfermarkt.com/sam-field/profil/spieler/387331,15/05/2016,18 years 07 days,18,Premier League,18/09/2018,20,20,Championship,18,first scrap players
Roberto Firmino,131789,https://www.transfermarkt.com/roberto-firmino/profil/spieler/131789,26/02/2011,19 years 04 months 24 days,19,1.Bundesliga,24/10/2009,18,18,Campeonato Brasileiro Série B,18,first scrap players
Timothy Fosu-Mensah,315131,https://www.transfermarkt.com/timothy-fosu-mensah/profil/spieler/315131,28/02/2016,18 years 01 month 26 days,18,Premier League,No second tier career,No second tier career,No second tier career,No second tier career,18,first scrap players
Simon Francis,13573,https://www.transfermarkt.com/simon-francis/profil/spieler/13573,8/8/2015,30 years 05 months 23 days,30,Premier League,16/11/2002,17,17,First Division (until 03/04),17,first scrap players
Christian Fuchs,6636,https://www.transfermarkt.com/christian-fuchs/profil/spieler/6636,6/12/2003,17 years 07 months 29 days,17,Bundesliga,11/8/2021,35,35,USL Championship,17,first scrap players
Ramiro Funes Mori,11111,https://www.transfermarkt.com/ramiro-funes-mori/profil/spieler/11111,11/8/2012,21 years 05 months 06 days,21,Torneo Inicial,5/11/2011,20,20,Primera Nacional,20,first scrap players
Idrissa Gana Gueye,126665,https://www.transfermarkt.com/idrissa-gana-gueye/profil/spieler/126665,24/10/2010,21 years 28 days,21,Ligue 1,No second tier career,No second tier career,No second tier career,No second tier career,21,first scrap players
Manu García,277118,https://www.transfermarkt.com/manu-garca/profil/spieler/277118,5/3/2016,18 years 02 months 03 days,18,Premier League,16/01/2017,19,19,Keuken Kampioen Divisie,18,first scrap players
Joe Gomez,256178,https://www.transfermarkt.com/joe-gomez/profil/spieler/256178,9/8/2015,18 years 02 months 17 days,18,Premier League,19/08/2014,17,17,Championship,17,first scrap players
Lewis Grabban,35413,https://www.transfermarkt.com/lewis-grabban/profil/spieler/35413,3/9/2007,19 years 07 months 22 days,19,Scottish Premiership,20/02/2007,19,19,Championship,19,first scrap players
Max Gradel,28140,https://www.transfermarkt.com/max-gradel/profil/spieler/28140,10/9/2011,23 years 09 months 11 days,23,Ligue 1,28/08/2010,22,22,Championship,22,first scrap players
Demarai Gray,292417,https://www.transfermarkt.com/demarai-gray/profil/spieler/292417,16/01/2016,19 years 06 months 19 days,19,Premier League,1/10/2013,17,17,Championship,17,first scrap players
André Green,309841,https://www.transfermarkt.com/andr-green/profil/spieler/309841,13/03/2016,17 years 07 months 16 days,17,Premier League,7/8/2016,18,18,Championship,17,first scrap players
Rees Greenwood,320213,https://www.transfermarkt.com/rees-greenwood/profil/spieler/320213,15/05/2016,19 years 05 months 05 days,19,Premier League,4/8/2018,21,21,Scottish Championship,19,first scrap players
Jakob Haugaard,138335,https://www.transfermarkt.com/jakob-haugaard/profil/spieler/138335,27/07/2012,20 years 02 months 26 days,20,Superligaen,14/08/2011,19,19,1.Division,19,first scrap players
José Holebas,41112,https://www.transfermarkt.com/jos-holebas/profil/spieler/41112,28/08/2010,26 years 02 months 01 day,26,Super League 1,21/09/2007,23,23,2.Bundesliga,23,first scrap players
George Honeyman,218140,https://www.transfermarkt.com/george-honeyman/profil/spieler/218140,15/05/2016,21 years 08 months 07 days,21,Premier League,4/8/2017,22,22,Championship,21,first scrap players
Víctor Ibarbo,92141,https://www.transfermarkt.com/vctor-ibarbo/profil/spieler/92141,11/7/2009,19 years 01 month 22 days,19,Liga Águila II,20/07/2019,29,29,J2 League,19,first scrap players
Odion Ighalo,62121,https://www.transfermarkt.com/odion-ighalo/profil/spieler/62121,16/09/2007,18 years 03 months 00 days,18,Eliteserien,7/1/2011,21,21,Segunda División,18,first scrap players
Kelechi Iheanacho,295330,https://www.transfermarkt.com/kelechi-iheanacho/profil/spieler/295330,29/08/2015,18 years 10 months 26 days,18,Premier League,6/8/2023,26,26,,18,first scrap players
Giannelli Imbula,130756,https://www.transfermarkt.com/giannelli-imbula/profil/spieler/130756,11/8/2013,20 years 10 months 30 days,20,Ligue 1,16/10/2009,17,17,Ligue 2,17,first scrap players
Gökhan Inler,19041,https://www.transfermarkt.com/gkhan-inler/profil/spieler/19041,20/03/2005,20 years 08 months 21 days,20,Super League,4/10/2020,36,36,1.Lig,20,first scrap players
Juan Iturbe,81455,https://www.transfermarkt.com/juan-iturbe/profil/spieler/81455,10/12/2011,18 years 06 months 06 days,18,Liga Portugal,30/09/2012,19,19,Ledman Liga Pro,18,first scrap players
Alex Iwobi,242631,https://www.transfermarkt.com/alex-iwobi/profil/spieler/242631,31/10/2015,19 years 05 months 28 days,19,Premier League,No second tier career,No second tier career,No second tier career,No second tier career,19,first scrap players
Joselu,81999,https://www.transfermarkt.com/joselu/profil/spieler/81999,21/05/2011,21 years 01 month 24 days,21,LaLiga,9/5/2009,19,19,Segunda División,19,first scrap players
Juanmi,126737,https://www.transfermarkt.com/juanmi/profil/spieler/126737,17/01/2010,16 years 07 months 28 days,16,LaLiga,19/01/2013,19,19,Segunda División,16,first scrap players
Sullay Kaikai,244130,https://www.transfermarkt.com/sullay-kaikai/profil/spieler/244130,15/05/2016,20 years 08 months 19 days,20,Premier League,10/9/2016,21,21,Championship,20,first scrap players
N'Golo Kanté,225083,https://www.transfermarkt.com/ngolo-kant/profil/spieler/225083,9/8/2014,23 years 04 months 11 days,23,Ligue 1,18/05/2012,21,21,Ligue 2,21,first scrap players
Kenedy,281404,https://www.transfermarkt.com/kenedy/profil/spieler/281404,28/07/2013,17 years 05 months 20 days,17,Campeonato Brasileiro Série A,11/8/2023,27,27,Segunda División,17,first scrap players
Jonjoe Kenny,258883,https://www.transfermarkt.com/jonjoe-kenny/profil/spieler/258883,15/05/2016,19 years 02 months 00 days,19,Premier League,4/8/2023,26,26,2. Bundesliga,19,first scrap players
Yann Kermorgant,57410,https://www.transfermarkt.com/yann-kermorgant/profil/spieler/57410,7/8/2010,28 years 08 months 30 days,28,Ligue 1,29/07/2005,23,23,Ligue 2,23,first scrap players
Wahbi Khazri,103565,https://www.transfermarkt.com/wahbi-khazri/profil/spieler/103565,11/8/2012,21 years 06 months 03 days,21,Ligue 1,13/03/2009,18,18,Ligue 2,18,first scrap players
Joshua King,91059,https://www.transfermarkt.com/joshua-king/profil/spieler/91059,8/8/2015,23 years 06 months 24 days,23,Premier League,7/8/2010,18,18,Championship,18,first scrap players
Stephen Kingsley,184398,https://www.transfermarkt.com/stephen-kingsley/profil/spieler/184398,2/3/2016,21 years 07 months 08 days,21,Premier League,12/4/2011,16,16,Scottish Championship,16,first scrap players
Jan Kirchhoff,49734,https://www.transfermarkt.com/jan-kirchhoff/profil/spieler/49734,4/12/2010,20 years 02 months 03 days,20,1.Bundesliga,2/11/2008,18,18,2.Bundesliga,18,first scrap players
Timm Klose,65255,https://www.transfermarkt.com/timm-klose/profil/spieler/65255,17/07/2010,22 years 02 months 08 days,22,Raiffeisen Super League,26/07/2009,21,21,Brack.ch Challenge League,21,first scrap players
Lamine Koné,57420,https://www.transfermarkt.com/lamine-kon/profil/spieler/57420,14/08/2010,21 years 06 months 13 days,21,Ligue 1,27/04/2007,18,18,Ligue 2,18,first scrap players
Kyle Lafferty,36884,https://www.transfermarkt.com/kyle-lafferty/profil/spieler/36884,9/8/2008,20 years 10 months 24 days,20,Scottish Premiership,6/8/2005,17,17,Championship,17,first scrap players
Manuel Lanzini,135853,https://www.transfermarkt.com/manuel-lanzini/profil/spieler/135853,17/08/2011,18 years 06 months 02 days,18,Campeonato Brasileiro Série A,No second tier career,No second tier career,No second tier career,No second tier career,18,first scrap players
Jamaal Lascelles,183318,https://www.transfermarkt.com/jamaal-lascelles/profil/spieler/183318,3/10/2015,21 years 10 months 22 days,21,Premier League,31/01/2012,18,18,Championship,18,first scrap players
Miguel Layún,58576,https://www.transfermarkt.com/miguel-layn/profil/spieler/58576,29/04/2007,18 years 10 months 04 days,18,Liga MX Clausura,15/10/2006,18,18,Liga de Expansión MX Apertura,18,first scrap players
Jonathan Leko,314266,https://www.transfermarkt.com/jonathan-leko/profil/spieler/314266,2/4/2016,16 years 11 months 09 days,16,Premier League,9/9/2017,18,18,Championship,16,first scrap players
Jeremain Lens,38497,https://www.transfermarkt.com/jeremain-lens/profil/spieler/38497,3/3/2006,18 years 03 months 07 days,18,VriendenLoterij Eredivisie,No second tier career,No second tier career,No second tier career,No second tier career,18,first scrap players
Donald Love,179451,https://www.transfermarkt.com/donald-love/profil/spieler/179451,13/02/2016,21 years 02 months 11 days,21,Premier League,9/12/2017,23,23,Championship,21,first scrap players
Jordan Lyden,251289,https://www.transfermarkt.com/jordan-lyden/profil/spieler/251289,14/02/2016,20 years 15 days,20,Premier League,No second tier career,No second tier career,No second tier career,No second tier career,20,first scrap players
Yann M'Vila,60573,https://www.transfermarkt.com/yann-mvila/profil/spieler/60573,16/08/2009,19 years 01 month 18 days,19,Ligue 1,16/03/2024,33,33,,19,first scrap players
Shaun MacDonald,10375,https://www.transfermarkt.com/shaun-macdonald/profil/spieler/10375,17/10/2015,27 years 04 months 00 days,27,Premier League,20/09/2008,20,20,Championship,20,first scrap players
José Manuel Jurado,28261,https://www.transfermarkt.com/jos-manuel-jurado/profil/spieler/28261,29/10/2005,19 years 04 months 00 days,19,LaLiga,27/08/2005,19,19,Segunda División,19,first scrap players
Anthony Martial,182877,https://www.transfermarkt.com/anthony-martial/profil/spieler/182877,3/2/2013,17 years 01 month 29 days,17,Ligue 1,No second tier career,No second tier career,No second tier career,No second tier career,17,first scrap players
Cuco Martina,91251,https://www.transfermarkt.com/cuco-martina/profil/spieler/91251,19/08/2011,21 years 10 months 25 days,21,VriendenLoterij Eredivisie,24/10/2008,19,19,Keuken Kampioen Divisie,19,first scrap players
Adam Matthews,108878,https://www.transfermarkt.com/adam-matthews/profil/spieler/108878,6/8/2011,19 years 06 months 24 days,19,Scottish Premiership,15/08/2009,17,17,Championship,17,first scrap players
Kevin Mbabu,183321,https://www.transfermarkt.com/kevin-mbabu/profil/spieler/183321,26/09/2012,17 years 05 months 07 days,17,Super League,No second tier career,No second tier career,No second tier career,No second tier career,17,first scrap players
Chancel Mbemba,203348,https://www.transfermarkt.com/chancel-mbemba/profil/spieler/203348,28/07/2013,18 years 11 months 20 days,18,Jupiler Pro League,13/08/2016,22,22,Championship,18,first scrap players
Dieumerci Mbokani,44624,https://www.transfermarkt.com/dieumerci-mbokani/profil/spieler/44624,22/09/2006,20 years 10 months 00 days,20,Jupiler Pro League,14/10/2022,36,36,Challenger Pro League,20,first scrap players
Memphis,167850,https://www.transfermarkt.com/memphis/profil/spieler/167850,26/02/2012,18 years 13 days,18,VriendenLoterij Eredivisie,No second tier career,No second tier career,No second tier career,No second tier career,18,first scrap players
Matt Miazga,245893,https://www.transfermarkt.com/matt-miazga/profil/spieler/245893,8/9/2013,18 years 01 month 20 days,18,Major League Soccer,29/01/2019,23,23,Championship,18,first scrap players
Tyrone Mings,253677,https://www.transfermarkt.com/tyrone-mings/profil/spieler/253677,29/08/2015,22 years 05 months 16 days,22,Premier League,4/5/2013,20,20,Championship,20,first scrap players
Aleksandar Mitrović,51152,https://www.transfermarkt.com/aleksandar-mitrovi/profil/spieler/51152,18/08/2012,17 years 11 months 02 days,17,Linglong Tire Super liga Srbije,27/08/2011,16,16,Prva liga,16,first scrap players
Clinton N'Jie,241119,https://www.transfermarkt.com/clinton-njie/profil/spieler/241119,18/11/2012,19 years 03 months 03 days,19,Ligue 1,No second tier career,No second tier career,No second tier career,No second tier career,19,first scrap players
Oumar Niasse,209781,https://www.transfermarkt.com/oumar-niasse/profil/spieler/209781,30/03/2012,21 years 11 months 12 days,21,Eliteserien,No second tier career,No second tier career,No second tier career,No second tier career,21,first scrap players
Kristoffer Nordfeldt,75890,https://www.transfermarkt.com/kristoffer-nordfeldt/profil/spieler/75890,5/4/2009,19 years 09 months 13 days,19,Allsvenskan,13/04/2008,18,18,Superettan,18,first scrap players
Allan Nyom,111508,https://www.transfermarkt.com/allan-nyom/profil/spieler/111508,27/08/2011,23 years 03 months 17 days,23,LaLiga,29/08/2010,22,22,Segunda División,22,first scrap players
Eunan O'Kane,61583,https://www.transfermarkt.com/eunan-okane/profil/spieler/61583,5/9/2009,19 years 01 month 26 days,19,Danske Bank Premiership,10/8/2013,23,23,Championship,19,first scrap players
Pedro Obiang,101213,https://www.transfermarkt.com/pedro-obiang/profil/spieler/101213,12/9/2010,18 years 05 months 16 days,18,Serie A,25/08/2011,19,19,Serie B,18,first scrap players
Vadis Odjidja-Ofoe,38388,https://www.transfermarkt.com/vadis-odjidja-ofoe/profil/spieler/38388,9/12/2007,18 years 09 months 18 days,18,Jupiler Pro League,16/09/2014,25,25,Championship,18,first scrap players
Angelo Ogbonna,48002,https://www.transfermarkt.com/angelo-ogbonna/profil/spieler/48002,11/2/2007,18 years 08 months 19 days,18,Serie A,12/9/2009,21,21,Serie B,18,first scrap players
Sheyi Ojo,236510,https://www.transfermarkt.com/sheyi-ojo/profil/spieler/236510,20/03/2016,18 years 09 months 01 day,18,Premier League,7/2/2015,17,17,Championship,17,first scrap players
Shinji Okazaki,79642,https://www.transfermarkt.com/shinji-okazaki/profil/spieler/79642,3/12/2005,19 years 07 months 17 days,19,J1 League,8/9/2019,33,33,Segunda División,19,first scrap players
Josh Onomah,243589,https://www.transfermarkt.com/josh-onomah/profil/spieler/243589,2/11/2015,18 years 06 months 06 days,18,Premier League,5/8/2017,20,20,Championship,18,first scrap players
Divock Origi,148368,https://www.transfermarkt.com/divock-origi/profil/spieler/148368,2/2/2013,17 years 09 months 15 days,17,Ligue 1,No second tier career,No second tier career,No second tier career,No second tier career,17,first scrap players
Nicolás Otamendi,54781,https://www.transfermarkt.com/nicols-otamendi/profil/spieler/54781,10/5/2008,20 years 02 months 28 days,20,Torneo Final,No second tier career,No second tier career,No second tier career,No second tier career,20,first scrap players
Obbi Oulare,314959,https://www.transfermarkt.com/obbi-oulare/profil/spieler/314959,14/09/2014,18 years 08 months 06 days,18,Jupiler Pro League,3/4/2022,26,26,Challenger Pro League,18,first scrap players
Reece Oxford,314295,https://www.transfermarkt.com/reece-oxford/profil/spieler/314295,9/8/2015,16 years 07 months 24 days,16,Premier League,11/3/2017,18,18,Championship,16,first scrap players
Alberto Paloschi,68306,https://www.transfermarkt.com/alberto-paloschi/profil/spieler/68306,10/2/2008,18 years 01 month 06 days,18,Serie A,29/08/2008,18,18,Serie B,18,first scrap players
Alexandre Pato,37579,https://www.transfermarkt.com/alexandre-pato/profil/spieler/37579,26/11/2006,17 years 02 months 24 days,17,Campeonato Brasileiro Série A,No second tier career,No second tier career,No second tier career,No second tier career,17,first scrap players
Dimitri Payet,37647,https://www.transfermarkt.com/dimitri-payet/profil/spieler/37647,17/12/2005,18 years 08 months 18 days,18,Ligue 1,No second tier career,No second tier career,No second tier career,No second tier career,18,first scrap players
Pedro,65278,https://www.transfermarkt.com/pedro/profil/spieler/65278,12/1/2008,20 years 05 months 15 days,20,LaLiga,No second tier career,No second tier career,No second tier career,No second tier career,20,first scrap players
Matthew Pennington,220755,https://www.transfermarkt.com/matthew-pennington/profil/spieler/220755,30/04/2016,21 years 06 months 24 days,21,Premier League,6/8/2017,22,22,Championship,21,first scrap players
Ivo Pinto,82281,https://www.transfermarkt.com/ivo-pinto/profil/spieler/82281,13/12/2009,19 years 11 months 06 days,19,Liga Portugal,23/08/2009,19,19,Ledman Liga Pro,19,first scrap players
Sebastian Prödl,37981,https://www.transfermarkt.com/sebastian-prdl/profil/spieler/37981,9/12/2006,19 years 05 months 18 days,19,Bundesliga,No second tier career,No second tier career,No second tier career,No second tier career,19,first scrap players
Marc Pugh,36939,https://www.transfermarkt.com/marc-pugh/profil/spieler/36939,8/8/2015,28 years 04 months 06 days,28,Premier League,3/8/2013,26,26,Championship,26,first scrap players
Baba Rahman,224884,https://www.transfermarkt.com/baba-rahman/profil/spieler/224884,25/09/2012,18 years 02 months 23 days,18,1.Bundesliga,24/08/2013,19,19,2.Bundesliga,18,first scrap players
Connor Randall,262545,https://www.transfermarkt.com/connor-randall/profil/spieler/262545,17/04/2016,20 years 05 months 27 days,20,Premier League,2/8/2025,29,29,,20,first scrap players
Darren Randolph,51321,https://www.transfermarkt.com/darren-randolph/profil/spieler/51321,13/05/2007,20 years 01 day,20,Premier League,12/4/2008,20,20,Championship,20,first scrap players
Tokelo Rantie,198495,https://www.transfermarkt.com/tokelo-rantie/profil/spieler/198495,24/09/2011,21 years 16 days,21,DStv Premiership,17/09/2013,23,23,Championship,21,first scrap players
Marcus Rashford,258923,https://www.transfermarkt.com/marcus-rashford/profil/spieler/258923,28/02/2016,18 years 03 months 28 days,18,Premier League,No second tier career,No second tier career,No second tier career,No second tier career,18,first scrap players
Matt Ritchie,92469,https://www.transfermarkt.com/matt-ritchie/profil/spieler/92469,14/04/2010,20 years 07 months 04 days,20,Premier League,7/8/2010,20,20,Championship,20,first scrap players
Tyler Roberts,296986,https://www.transfermarkt.com/tyler-roberts/profil/spieler/296986,15/05/2016,17 years 04 months 03 days,17,Premier League,15/09/2018,19,19,Championship,17,first scrap players
Thomas Robson,257968,https://www.transfermarkt.com/thomas-robson/profil/spieler/257968,15/05/2016,20 years 08 months 04 days,20,Premier League,2/1/2018,22,22,Scottish Championship,20,first scrap players
Sergio Romero,30690,https://www.transfermarkt.com/sergio-romero/profil/spieler/30690,11/2/2007,19 years 11 months 20 days,19,Torneo Final,25/08/2011,24,24,Serie B,19,first scrap players
Salomón Rondón,80197,https://www.transfermarkt.com/salomn-rondn/profil/spieler/80197,8/10/2006,17 years 22 days,17,Torneo Apertura (till 2020),5/10/2008,19,19,Segunda División,17,first scrap players
Jordan Rossiter,258924,https://www.transfermarkt.com/jordan-rossiter/profil/spieler/258924,24/08/2015,18 years 05 months 00 days,18,Premier League,No second tier career,No second tier career,No second tier career,No second tier career,18,first scrap players
Henri Saivet,51540,https://www.transfermarkt.com/henri-saivet/profil/spieler/51540,17/05/2008,17 years 06 months 21 days,17,Ligue 1,15/01/2011,20,20,Ligue 2,17,first scrap players
Bakary Sako,46791,https://www.transfermarkt.com/bakary-sako/profil/spieler/46791,8/8/2009,21 years 03 months 13 days,21,Ligue 1,12/5/2006,18,18,Ligue 2,18,first scrap players
Bastian Schweinsteiger,2514,https://www.transfermarkt.com/bastian-schweinsteiger/profil/spieler/2514,7/12/2002,18 years 04 months 05 days,18,1.Bundesliga,No second tier career,No second tier career,No second tier career,No second tier career,18,first scrap players
Xherdan Shaqiri,86792,https://www.transfermarkt.com/xherdan-shaqiri/profil/spieler/86792,12/7/2009,17 years 09 months 02 days,17,Raiffeisen Super League,No second tier career,No second tier career,No second tier career,No second tier career,17,first scrap players
Cédric Soares,112988,https://www.transfermarkt.com/cdric-soares/profil/spieler/112988,8/5/2011,19 years 08 months 07 days,19,Liga Portugal,10/2/2013,21,21,Ledman Liga Pro,19,first scrap players
Jamie Sterry,250431,https://www.transfermarkt.com/jamie-sterry/profil/spieler/250431,15/05/2016,20 years 05 months 24 days,20,Premier League,21/01/2017,21,21,Championship,20,first scrap players
Kevin Stewart,200782,https://www.transfermarkt.com/kevin-stewart/profil/spieler/200782,14/02/2016,22 years 05 months 07 days,22,Premier League,19/08/2017,23,23,Championship,22,first scrap players
Mario Suárez,37337,https://www.transfermarkt.com/mario-surez/profil/spieler/37337,6/11/2005,18 years 08 months 13 days,18,LaLiga,17/09/2006,19,19,Segunda División,18,first scrap players
Florian Thauvin,184892,https://www.transfermarkt.com/florian-thauvin/profil/spieler/184892,11/8/2012,19 years 06 months 16 days,19,Ligue 1,11/3/2011,18,18,Ligue 2,18,first scrap players
Ola Toivonen,36500,https://www.transfermarkt.com/ola-toivonen/profil/spieler/36500,1/4/2006,19 years 08 months 29 days,19,Allsvenskan,No second tier career,No second tier career,No second tier career,No second tier career,19,first scrap players
Lee Tomlin,104586,https://www.transfermarkt.com/lee-tomlin/profil/spieler/104586,17/08/2015,26 years 07 months 05 days,26,Premier League,6/8/2011,22,22,Championship,22,first scrap players
Fikayo Tomori,303254,https://www.transfermarkt.com/fikayo-tomori/profil/spieler/303254,15/05/2016,18 years 04 months 26 days,18,Premier League,18/02/2017,19,19,Championship,18,first scrap players
Kevin Toner,265132,https://www.transfermarkt.com/kevin-toner/profil/spieler/265132,23/04/2016,19 years 09 months 05 days,19,Premier League,No second tier career,No second tier career,No second tier career,No second tier career,19,first scrap players
Ivan Toney,251664,https://www.transfermarkt.com/ivan-toney/profil/spieler/251664,26/09/2015,19 years 06 months 10 days,19,Premier League,12/9/2020,24,24,,19,first scrap players
Adama Traoré,204103,https://www.transfermarkt.com/adama-traor/profil/spieler/204103,23/11/2013,17 years 09 months 29 days,17,LaLiga,6/10/2013,17,17,Segunda División,17,first scrap players
Bertrand Traoré,131996,https://www.transfermarkt.com/bertrand-traor/profil/spieler/131996,26/01/2014,18 years 04 months 20 days,18,VriendenLoterij Eredivisie,No second tier career,No second tier career,No second tier career,No second tier career,18,first scrap players
Virgil van Dijk,139208,https://www.transfermarkt.com/virgil-van-dijk/profil/spieler/139208,1/5/2011,19 years 09 months 23 days,19,VriendenLoterij Eredivisie,No second tier career,No second tier career,No second tier career,No second tier career,19,first scrap players
Guillermo Varela,188862,https://www.transfermarkt.com/guillermo-varela/profil/spieler/188862,5/6/2011,18 years 02 months 12 days,18,Primera Division Clausura,No second tier career,No second tier career,No second tier career,No second tier career,18,first scrap players
Jordan Veretout,164771,https://www.transfermarkt.com/jordan-veretout/profil/spieler/164771,10/8/2013,20 years 05 months 12 days,20,Ligue 1,13/05/2011,18,18,Ligue 2,18,first scrap players
Danny Ward,203026,https://www.transfermarkt.com/danny-ward/profil/spieler/203026,17/04/2016,22 years 09 months 26 days,22,Premier League,6/8/2016,23,23,Championship,22,first scrap players
Duncan Watmore,248045,https://www.transfermarkt.com/duncan-watmore/profil/spieler/248045,12/3/2014,20 years 04 days,20,Scottish Premiership,30/09/2017,23,23,Championship,20,first scrap players
James Weir,251058,https://www.transfermarkt.com/james-weir/profil/spieler/251058,28/02/2016,20 years 06 months 24 days,20,Premier League,3/2/2017,21,21,Championship,20,first scrap players
Georginio Wijnaldum,49499,https://www.transfermarkt.com/georginio-wijnaldum/profil/spieler/49499,8/4/2007,16 years 04 months 28 days,16,VriendenLoterij Eredivisie,10/2/2014,23,23,Keuken Kampioen Divisie,16,first scrap players
Callum Wilson,123682,https://www.transfermarkt.com/callum-wilson/profil/spieler/123682,8/8/2015,23 years 05 months 12 days,23,Premier League,28/12/2010,18,18,Championship,18,first scrap players
Kevin Wimmer,122675,https://www.transfermarkt.com/kevin-wimmer/profil/spieler/122675,24/07/2021,28 years 08 months 09 days,28,Bundesliga,29/07/2011,18,18,Erste Liga,18,first scrap players
