player_name,player_url,season,squad,competition,age,matches_played,minutes,goals,assists
Éder,https://fbref.com/en/players/f0fc9d0e/Eder,2014,pt Portugal,1. World Cup,26,3,206,0,0
Éder,https://fbref.com/en/players/f0fc9d0e/Eder,2014,pt Portugal,WCQ,26,4,48,0,0
Éder,https://fbref.com/en/players/f0fc9d0e/Eder,2014,pt Portugal,Friendlies (M),26,2,68,0,0
Éder,https://fbref.com/en/players/f0fc9d0e/Eder,2015,pt Portugal,Friendlies (M),27,3,207,1,0
Éder,https://fbref.com/en/players/f0fc9d0e/Eder,2016,pt Portugal,Friendlies (M),28,5,176,1,0
Éder,https://fbref.com/en/players/f0fc9d0e/Eder,2016,pt Portugal,UEFA Euro,28,3,57,1,0
Éder,https://fbref.com/en/players/f0fc9d0e/Eder,2016,pt Portugal,UEFA Euro Qualifying,28,5,188,0,0
Éder,https://fbref.com/en/players/f0fc9d0e/Eder,2017,pt Portugal,Friendlies (M),29,1,44,0,0
Éder,https://fbref.com/en/players/f0fc9d0e/Eder,2018,pt Portugal,WCQ,30,2,57,0,0
Éder,https://fbref.com/en/players/f0fc9d0e/Eder,2018,pt Portugal,Friendlies (M),30,1,90,1,0
Éder,https://fbref.com/en/players/f0fc9d0e/Eder,2018-2019,pt Portugal,UEFA Nations League,30,1,4,0,0
Éder,https://fbref.com/en/players/f0fc9d0e/Eder,2021,pt Portugal,UEFA Euro Qualifying,33,0,,,
Érik Lamela,https://fbref.com/en/players/abe66106/Erik-Lamela,2014,ar Argentina,WCQ,21,2,85,0,0
Érik Lamela,https://fbref.com/en/players/abe66106/Erik-Lamela,2014,ar Argentina,Friendlies (M),21,3,111,1,0
Érik Lamela,https://fbref.com/en/players/abe66106/Erik-Lamela,2015,ar Argentina,Friendlies (M),22,2,106,0,0
Érik Lamela,https://fbref.com/en/players/abe66106/Erik-Lamela,2016,ar Argentina,Friendlies (M),23,1,63,0,0
Érik Lamela,https://fbref.com/en/players/abe66106/Erik-Lamela,2018,ar Argentina,WCQ,25,4,110,0,0
Érik Lamela,https://fbref.com/en/players/abe66106/Erik-Lamela,2018,ar Argentina,Friendlies (M),25,2,60,0,1
Érik Lamela,https://fbref.com/en/players/abe66106/Erik-Lamela,2019,ar Argentina,Friendlies (M),26,0,,,
Étienne Capoue,https://fbref.com/en/players/5acc4a10/Etienne-Capoue,2014,fr France,WCQ,25,1,90,1,0
Ádám Bogdán,https://fbref.com/en/players/56f99ec7/Adam-Bogdan,2012,hu Hungary,UEFA Euro Qualifying,24,0,,,
Ádám Bogdán,https://fbref.com/en/players/56f99ec7/Adam-Bogdan,2014,hu Hungary,WCQ,26,7,630,0,0
Ádám Bogdán,https://fbref.com/en/players/56f99ec7/Adam-Bogdan,2014,hu Hungary,Friendlies (M),26,1,90,0,0
Ádám Bogdán,https://fbref.com/en/players/56f99ec7/Adam-Bogdan,2015,hu Hungary,Friendlies (M),27,0,,,
Ádám Bogdán,https://fbref.com/en/players/56f99ec7/Adam-Bogdan,2016,hu Hungary,Friendlies (M),28,1,45,0,0
Ádám Bogdán,https://fbref.com/en/players/56f99ec7/Adam-Bogdan,2016,hu Hungary,UEFA Euro Qualifying,28,0,,,
Ádám Bogdán,https://fbref.com/en/players/56f99ec7/Adam-Bogdan,2021,hu Hungary,Friendlies (M),33,1,28,0,0
Ádám Bogdán,https://fbref.com/en/players/56f99ec7/Adam-Bogdan,2021,hu Hungary,UEFA Euro,33,0,,,
Ádám Bogdán,https://fbref.com/en/players/56f99ec7/Adam-Bogdan,2022,hu Hungary,WCQ,34,0,,,
Ákos Buzsáky,https://fbref.com/en/players/3fe9ae90/Akos-Buzsaky,2006,hu Hungary,WCQ,23,3,107,0,
Ákos Buzsáky,https://fbref.com/en/players/3fe9ae90/Akos-Buzsaky,2008,hu Hungary,UEFA Euro Qualifying,25,4,241,1,
Ákos Buzsáky,https://fbref.com/en/players/3fe9ae90/Akos-Buzsaky,2010,hu Hungary,WCQ,27,6,165,1,
Álvaro Negredo,https://fbref.com/en/players/63b0ca6b/Alvaro-Negredo,2010,es Spain,WCQ,24,2,126,2,
Álvaro Negredo,https://fbref.com/en/players/63b0ca6b/Alvaro-Negredo,2012,es Spain,UEFA Euro,26,2,55,0,0
Álvaro Negredo,https://fbref.com/en/players/63b0ca6b/Alvaro-Negredo,2012,es Spain,UEFA Euro Qualifying,26,1,60,2,
Álvaro Negredo,https://fbref.com/en/players/63b0ca6b/Alvaro-Negredo,2014,es Spain,WCQ,28,4,170,3,0
Álvaro Negredo,https://fbref.com/en/players/63b0ca6b/Alvaro-Negredo,2014,es Spain,Friendlies (M),28,0,,,
Ángel Di María,https://fbref.com/en/players/19cda00b/Angel-Di-Maria,2010,ar Argentina,1. World Cup,22,5,354,0,
Ángel Di María,https://fbref.com/en/players/19cda00b/Angel-Di-Maria,2014,ar Argentina,1. World Cup,26,5,426,1,0
Ángel Di María,https://fbref.com/en/players/19cda00b/Angel-Di-Maria,2014,ar Argentina,WCQ,25,12,1028,3,0
Ángel Di María,https://fbref.com/en/players/19cda00b/Angel-Di-Maria,2014,ar Argentina,Friendlies (M),25,6,390,1,4
Ángel Di María,https://fbref.com/en/players/19cda00b/Angel-Di-Maria,2015,ar Argentina,Friendlies (M),26,3,240,2,1
Ángel Di María,https://fbref.com/en/players/19cda00b/Angel-Di-Maria,2016,ar Argentina,Friendlies (M),27,1,90,0,0
Ángel Di María,https://fbref.com/en/players/19cda00b/Angel-Di-Maria,2017,ar Argentina,Friendlies (M),28,3,239,1,1
Ángel Di María,https://fbref.com/en/players/19cda00b/Angel-Di-Maria,2018,ar Argentina,Friendlies (M),29,2,121,0,0
Ángel Di María,https://fbref.com/en/players/19cda00b/Angel-Di-Maria,2018,ar Argentina,WCQ,29,18,1395,2,2
Ángel Di María,https://fbref.com/en/players/19cda00b/Angel-Di-Maria,2018,ar Argentina,1. World Cup,30,3,235,1,0
Ángel Di María,https://fbref.com/en/players/19cda00b/Angel-Di-Maria,2019,ar Argentina,Friendlies (M),30,0,,,
Ángel Di María,https://fbref.com/en/players/19cda00b/Angel-Di-Maria,2022,ar Argentina,1. World Cup,34,5,288,1,1
Ángel Di María,https://fbref.com/en/players/19cda00b/Angel-Di-Maria,2022,ar Argentina,WCQ,33,13,708,3,1
Ángel Di María,https://fbref.com/en/players/19cda00b/Angel-Di-Maria,2022,ar Argentina,Friendlies (M),33,2,122,2,1
Ángel Di María,https://fbref.com/en/players/19cda00b/Angel-Di-Maria,2023,ar Argentina,Friendlies (M),34,3,141,1,0
Ángel Di María,https://fbref.com/en/players/19cda00b/Angel-Di-Maria,2024,ar Argentina,Friendlies (M),35,4,255,2,2
Ángel Di María,https://fbref.com/en/players/19cda00b/Angel-Di-Maria,2026,ar Argentina,WCQ,37,4,170,0,2
Ángelo Henríquez,https://fbref.com/en/players/6f3a433e/Angelo-Henriquez,2014,cl Chile,WCQ,19,0,,,
Ángelo Henríquez,https://fbref.com/en/players/6f3a433e/Angelo-Henriquez,2015,cl Chile,Friendlies (M),20,2,51,0,0
Ángelo Henríquez,https://fbref.com/en/players/6f3a433e/Angelo-Henriquez,2018,cl Chile,WCQ,23,0,,,
Ángelo Henríquez,https://fbref.com/en/players/6f3a433e/Angelo-Henriquez,2018,cl Chile,Friendlies (M),23,3,100,0,0
Ángelo Henríquez,https://fbref.com/en/players/6f3a433e/Angelo-Henriquez,2021,cl Chile,Friendlies (M),26,1,18,0,0
Ángelo Henríquez,https://fbref.com/en/players/6f3a433e/Angelo-Henriquez,2022,cl Chile,Friendlies (M),27,1,68,0,0
Łukasz Fabiański,https://fbref.com/en/players/9328b835/Lukasz-Fabianski,2006,pl Poland,1. World Cup,21,0,,,
Łukasz Fabiański,https://fbref.com/en/players/9328b835/Lukasz-Fabianski,2008,pl Poland,UEFA Euro,22,0,,,
Łukasz Fabiański,https://fbref.com/en/players/9328b835/Lukasz-Fabianski,2008,pl Poland,UEFA Euro Qualifying,22,1,90,0,
Łukasz Fabiański,https://fbref.com/en/players/9328b835/Lukasz-Fabianski,2010,pl Poland,WCQ,24,3,270,0,
Łukasz Fabiański,https://fbref.com/en/players/9328b835/Lukasz-Fabianski,2014,pl Poland,WCQ,28,0,,,
Łukasz Fabiański,https://fbref.com/en/players/9328b835/Lukasz-Fabianski,2014,pl Poland,Friendlies (M),28,1,45,0,0
Łukasz Fabiański,https://fbref.com/en/players/9328b835/Lukasz-Fabianski,2015,pl Poland,Friendlies (M),29,0,,,
Łukasz Fabiański,https://fbref.com/en/players/9328b835/Lukasz-Fabianski,2016,pl Poland,Friendlies (M),30,2,90,0,0
Łukasz Fabiański,https://fbref.com/en/players/9328b835/Lukasz-Fabianski,2016,pl Poland,UEFA Euro,30,4,420,0,0
Łukasz Fabiański,https://fbref.com/en/players/9328b835/Lukasz-Fabianski,2016,pl Poland,UEFA Euro Qualifying,30,6,540,0,0
Łukasz Fabiański,https://fbref.com/en/players/9328b835/Lukasz-Fabianski,2017,pl Poland,Friendlies (M),31,1,46,0,0
Łukasz Fabiański,https://fbref.com/en/players/9328b835/Lukasz-Fabianski,2018,pl Poland,1. World Cup,33,1,90,0,0
Łukasz Fabiański,https://fbref.com/en/players/9328b835/Lukasz-Fabianski,2018,pl Poland,WCQ,32,7,630,0,0
Łukasz Fabiański,https://fbref.com/en/players/9328b835/Lukasz-Fabianski,2018,pl Poland,Friendlies (M),32,3,135,0,0
Łukasz Fabiański,https://fbref.com/en/players/9328b835/Lukasz-Fabianski,2018-2019,pl Poland,UEFA Nations League,33,2,180,0,0
Łukasz Fabiański,https://fbref.com/en/players/9328b835/Lukasz-Fabianski,2020,pl Poland,Friendlies (M),34,0,,,
Łukasz Fabiański,https://fbref.com/en/players/9328b835/Lukasz-Fabianski,2020-2021,pl Poland,UEFA Nations League,35,3,270,0,0
Łukasz Fabiański,https://fbref.com/en/players/9328b835/Lukasz-Fabianski,2021,pl Poland,Friendlies (M),35,1,90,0,0
Łukasz Fabiański,https://fbref.com/en/players/9328b835/Lukasz-Fabianski,2021,pl Poland,UEFA Euro,35,0,,,
Łukasz Fabiański,https://fbref.com/en/players/9328b835/Lukasz-Fabianski,2021,pl Poland,UEFA Euro Qualifying,35,4,360,0,0
Łukasz Fabiański,https://fbref.com/en/players/9328b835/Lukasz-Fabianski,2022,pl Poland,WCQ,36,1,56,0,0
Aaron Cresswell,https://fbref.com/en/players/4f974391/Aaron-Cresswell,2016,eng England,Friendlies (M),26,1,12,0,0
Aaron Cresswell,https://fbref.com/en/players/4f974391/Aaron-Cresswell,2017,eng England,Friendlies (M),27,1,9,0,0
Aaron Cresswell,https://fbref.com/en/players/4f974391/Aaron-Cresswell,2018,eng England,WCQ,28,1,90,0,0
Aaron Hughes,https://fbref.com/en/players/dccccccc/Aaron-Hughes,2006,nir Northern Ireland,WCQ,26,7,630,0,
Aaron Hughes,https://fbref.com/en/players/dccccccc/Aaron-Hughes,2008,nir Northern Ireland,UEFA Euro Qualifying,28,9,810,0,
Aaron Hughes,https://fbref.com/en/players/dccccccc/Aaron-Hughes,2010,nir Northern Ireland,WCQ,30,10,889,0,
Aaron Hughes,https://fbref.com/en/players/dccccccc/Aaron-Hughes,2012,nir Northern Ireland,UEFA Euro Qualifying,32,7,630,1,
Aaron Hughes,https://fbref.com/en/players/dccccccc/Aaron-Hughes,2014,nir Northern Ireland,WCQ,34,6,540,0,0
Aaron Hughes,https://fbref.com/en/players/dccccccc/Aaron-Hughes,2015,nir Northern Ireland,Friendlies (M),35,2,150,0,0
Aaron Hughes,https://fbref.com/en/players/dccccccc/Aaron-Hughes,2016,nir Northern Ireland,Friendlies (M),36,4,133,0,0
Aaron Hughes,https://fbref.com/en/players/dccccccc/Aaron-Hughes,2016,nir Northern Ireland,UEFA Euro,36,3,270,0,0
Aaron Hughes,https://fbref.com/en/players/dccccccc/Aaron-Hughes,2016,nir Northern Ireland,UEFA Euro Qualifying,36,4,360,0,0
Aaron Hughes,https://fbref.com/en/players/dccccccc/Aaron-Hughes,2017,nir Northern Ireland,Friendlies (M),37,1,90,0,0
Aaron Hughes,https://fbref.com/en/players/dccccccc/Aaron-Hughes,2018,nir Northern Ireland,WCQ,38,5,450,0,0
Aaron Hughes,https://fbref.com/en/players/dccccccc/Aaron-Hughes,2018,nir Northern Ireland,Friendlies (M),38,3,197,0,0
Aaron Hughes,https://fbref.com/en/players/dccccccc/Aaron-Hughes,2018-2019,nir Northern Ireland,UEFA Nations League,38,0,,,
Aaron Hughes,https://fbref.com/en/players/dccccccc/Aaron-Hughes,2021,nir Northern Ireland,UEFA Euro Qualifying,41,0,,,
Aaron Lennon,https://fbref.com/en/players/2ff964a0/Aaron-Lennon,2006,eng England,1. World Cup,19,3,104,0,
Aaron Lennon,https://fbref.com/en/players/2ff964a0/Aaron-Lennon,2008,eng England,UEFA Euro Qualifying,20,4,210,0,
Aaron Lennon,https://fbref.com/en/players/2ff964a0/Aaron-Lennon,2010,eng England,1. World Cup,23,2,152,0,
Aaron Lennon,https://fbref.com/en/players/2ff964a0/Aaron-Lennon,2010,eng England,WCQ,22,4,204,0,
Aaron Lennon,https://fbref.com/en/players/2ff964a0/Aaron-Lennon,2014,eng England,WCQ,26,1,81,0,2
Aaron Ramsey,https://fbref.com/en/players/ef619b0b/Aaron-Ramsey,2010,wls Wales,WCQ,19,6,485,1,
Aaron Ramsey,https://fbref.com/en/players/ef619b0b/Aaron-Ramsey,2012,wls Wales,UEFA Euro Qualifying,21,5,423,2,
Aaron Ramsey,https://fbref.com/en/players/ef619b0b/Aaron-Ramsey,2014,wls Wales,WCQ,23,8,719,3,0
Aaron Ramsey,https://fbref.com/en/players/ef619b0b/Aaron-Ramsey,2016,wls Wales,Friendlies (M),25,1,90,0,0
Aaron Ramsey,https://fbref.com/en/players/ef619b0b/Aaron-Ramsey,2016,wls Wales,UEFA Euro,25,5,446,1,4
Aaron Ramsey,https://fbref.com/en/players/ef619b0b/Aaron-Ramsey,2016,wls Wales,UEFA Euro Qualifying,25,8,712,2,2
Aaron Ramsey,https://fbref.com/en/players/ef619b0b/Aaron-Ramsey,2017,wls Wales,Friendlies (M),26,1,90,0,0
Aaron Ramsey,https://fbref.com/en/players/ef619b0b/Aaron-Ramsey,2018,wls Wales,WCQ,27,7,630,2,1
Aaron Ramsey,https://fbref.com/en/players/ef619b0b/Aaron-Ramsey,2018,wls Wales,Friendlies (M),27,3,215,0,0
Aaron Ramsey,https://fbref.com/en/players/ef619b0b/Aaron-Ramsey,2018-2019,wls Wales,UEFA Nations League,27,3,270,1,0
Aaron Ramsey,https://fbref.com/en/players/ef619b0b/Aaron-Ramsey,2020-2021,wls Wales,UEFA Nations League,29,1,90,0,0
Aaron Ramsey,https://fbref.com/en/players/ef619b0b/Aaron-Ramsey,2021,wls Wales,Friendlies (M),30,2,91,0,0
Aaron Ramsey,https://fbref.com/en/players/ef619b0b/Aaron-Ramsey,2021,wls Wales,UEFA Euro,30,4,353,1,0
Aaron Ramsey,https://fbref.com/en/players/ef619b0b/Aaron-Ramsey,2021,wls Wales,UEFA Euro Qualifying,30,2,121,2,0
Aaron Ramsey,https://fbref.com/en/players/ef619b0b/Aaron-Ramsey,2022,wls Wales,1. World Cup,31,3,266,0,0
Aaron Ramsey,https://fbref.com/en/players/ef619b0b/Aaron-Ramsey,2022,wls Wales,WCQ,31,6,508,3,0
Aaron Ramsey,https://fbref.com/en/players/ef619b0b/Aaron-Ramsey,2022-2023,wls Wales,UEFA Nations League,31,2,81,0,1
Aaron Ramsey,https://fbref.com/en/players/ef619b0b/Aaron-Ramsey,2023,wls Wales,Friendlies (M),32,1,31,0,0
Aaron Ramsey,https://fbref.com/en/players/ef619b0b/Aaron-Ramsey,2024,wls Wales,UEFA Euro Qualifying,33,5,349,1,0
Aaron Ramsey,https://fbref.com/en/players/ef619b0b/Aaron-Ramsey,2024-2025,wls Wales,UEFA Nations League,33,2,82,0,0
Abdoulaye Méïté,https://fbref.com/en/players/2b548af1/Abdoulaye-Meite,2006,ci Côte d'Ivoire,1. World Cup,25,2,180,0,
Abdoulaye Méïté,https://fbref.com/en/players/2b548af1/Abdoulaye-Meite,2010,ci Côte d'Ivoire,Africa Cup of Nations,29,0,,,
Abdul Razak,https://fbref.com/en/players/5e61927c/Abdul-Razak,2013,ci Côte d'Ivoire,Africa Cup of Nations,20,1,89,0,0
Abdul Razak,https://fbref.com/en/players/5e61927c/Abdul-Razak,2014,ci Côte d'Ivoire,WCQ,21,0,,,
Abel Hernández,https://fbref.com/en/players/a36da810/Abel-Hernandez,2013,uy Uruguay,FIFA Confederations Cup,22,1,90,4,1
Abel Hernández,https://fbref.com/en/players/a36da810/Abel-Hernandez,2014,uy Uruguay,1. World Cup,23,2,39,0,0
Abel Hernández,https://fbref.com/en/players/a36da810/Abel-Hernandez,2014,uy Uruguay,WCQ,23,0,,,
Abel Hernández,https://fbref.com/en/players/a36da810/Abel-Hernandez,2014,uy Uruguay,Friendlies (M),23,3,124,1,0
Abel Hernández,https://fbref.com/en/players/a36da810/Abel-Hernandez,2015,uy Uruguay,Friendlies (M),24,1,45,1,0
Abel Hernández,https://fbref.com/en/players/a36da810/Abel-Hernandez,2018,uy Uruguay,WCQ,27,5,194,1,0
Abou Diaby,https://fbref.com/en/players/8c8b5071/Abou-Diaby,2008,fr France,UEFA Euro Qualifying,21,1,2,0,
Abou Diaby,https://fbref.com/en/players/8c8b5071/Abou-Diaby,2010,fr France,1. World Cup,24,3,270,0,
Abou Diaby,https://fbref.com/en/players/8c8b5071/Abou-Diaby,2012,fr France,UEFA Euro Qualifying,25,4,342,0,
Abou Diaby,https://fbref.com/en/players/8c8b5071/Abou-Diaby,2014,fr France,WCQ,27,1,90,1,0
Adam Federici,https://fbref.com/en/players/e5ea8be7/Adam-Federici,2010,au Australia,1. World Cup,25,0,,,
Adam Federici,https://fbref.com/en/players/e5ea8be7/Adam-Federici,2014,au Australia,WCQ,29,1,90,0,
Adam Federici,https://fbref.com/en/players/e5ea8be7/Adam-Federici,2014,au Australia,Friendlies (M),29,1,45,0,0
Adam Federici,https://fbref.com/en/players/e5ea8be7/Adam-Federici,2015,au Australia,Friendlies (M),30,1,61,0,0
Adam Federici,https://fbref.com/en/players/e5ea8be7/Adam-Federici,2016,au Australia,Friendlies (M),31,0,,,
Adam Federici,https://fbref.com/en/players/e5ea8be7/Adam-Federici,2018,au Australia,WCQ,33,5,450,0,0
Adam Federici,https://fbref.com/en/players/e5ea8be7/Adam-Federici,2022,au Australia,WCQ,37,0,,,
Adam Henley,https://fbref.com/en/players/f50cf139/Adam-Henley,2015,wls Wales,Friendlies (M),20,1,25,0,0
Adam Henley,https://fbref.com/en/players/f50cf139/Adam-Henley,2016,wls Wales,Friendlies (M),21,1,19,0,0
Adam Henley,https://fbref.com/en/players/f50cf139/Adam-Henley,2016,wls Wales,UEFA Euro Qualifying,21,0,,,
Adam Johnson,https://fbref.com/en/players/1ba61951/Adam-Johnson,2012,eng England,UEFA Euro Qualifying,24,5,205,2,
Adam Johnson,https://fbref.com/en/players/1ba61951/Adam-Johnson,2014,eng England,WCQ,26,0,,,
Adam Lallana,https://fbref.com/en/players/99813635/Adam-Lallana,2014,eng England,1. World Cup,26,3,92,0,0
Adam Lallana,https://fbref.com/en/players/99813635/Adam-Lallana,2014,eng England,WCQ,25,0,,,
Adam Lallana,https://fbref.com/en/players/99813635/Adam-Lallana,2014,eng England,Friendlies (M),25,5,243,0,2
Adam Lallana,https://fbref.com/en/players/99813635/Adam-Lallana,2015,eng England,Friendlies (M),26,3,166,0,0
Adam Lallana,https://fbref.com/en/players/99813635/Adam-Lallana,2016,eng England,Friendlies (M),27,5,223,1,0
Adam Lallana,https://fbref.com/en/players/99813635/Adam-Lallana,2016,eng England,UEFA Euro,27,3,222,0,0
Adam Lallana,https://fbref.com/en/players/99813635/Adam-Lallana,2016,eng England,UEFA Euro Qualifying,27,6,397,0,2
Adam Lallana,https://fbref.com/en/players/99813635/Adam-Lallana,2017,eng England,Friendlies (M),28,2,80,0,0
Adam Lallana,https://fbref.com/en/players/99813635/Adam-Lallana,2018,eng England,WCQ,29,4,360,2,1
Adam Lallana,https://fbref.com/en/players/99813635/Adam-Lallana,2018,eng England,Friendlies (M),29,1,31,0,0
Adam Matthews,https://fbref.com/en/players/d8bffa70/Adam-Matthews,2012,wls Wales,UEFA Euro Qualifying,20,1,50,0,
Adam Matthews,https://fbref.com/en/players/d8bffa70/Adam-Matthews,2014,wls Wales,WCQ,22,4,237,0,0
Adam Matthews,https://fbref.com/en/players/d8bffa70/Adam-Matthews,2014,wls Wales,Friendlies (M),22,0,,,
Adam Matthews,https://fbref.com/en/players/d8bffa70/Adam-Matthews,2016,wls Wales,Friendlies (M),24,1,90,0,0
Adam Matthews,https://fbref.com/en/players/d8bffa70/Adam-Matthews,2016,wls Wales,UEFA Euro Qualifying,24,0,,,
Adam Matthews,https://fbref.com/en/players/d8bffa70/Adam-Matthews,2018,wls Wales,WCQ,26,0,,,
Adama Traoré,https://fbref.com/en/players/9a28eba4/Adama-Traore,2020,es Spain,Friendlies (M),24,2,59,0,0
Adama Traoré,https://fbref.com/en/players/9a28eba4/Adama-Traore,2020-2021,es Spain,UEFA Nations League,24,3,142,0,0
Adama Traoré,https://fbref.com/en/players/9a28eba4/Adama-Traore,2021,es Spain,UEFA Euro,25,1,14,0,0
Adama Traoré,https://fbref.com/en/players/9a28eba4/Adama-Traore,2022,es Spain,WCQ,26,2,60,0,0
Adel Taarabt,https://fbref.com/en/players/47dc80f5/Adel-Taarabt,2012,ma Morocco,Africa Cup of Nations,22,2,69,0,0
Adel Taarabt,https://fbref.com/en/players/47dc80f5/Adel-Taarabt,2014,ma Morocco,Friendlies (M),24,1,89,0,0
Adel Taarabt,https://fbref.com/en/players/47dc80f5/Adel-Taarabt,2019,ma Morocco,Friendlies (M),29,3,193,0,0
Adel Taarabt,https://fbref.com/en/players/47dc80f5/Adel-Taarabt,2021,ma Morocco,Friendlies (M),31,2,155,0,0
Adel Taarabt,https://fbref.com/en/players/47dc80f5/Adel-Taarabt,2021,ma Morocco,Africa Cup of Nations qualification,31,4,310,0,1
Adel Taarabt,https://fbref.com/en/players/47dc80f5/Adel-Taarabt,2022,ma Morocco,WCQ,32,1,69,0,0
Adel Taarabt,https://fbref.com/en/players/47dc80f5/Adel-Taarabt,2022,ma Morocco,Friendlies (M),32,1,64,0,0
Adlène Guedioura,https://fbref.com/en/players/f75825e3/Adlene-Guedioura,2010,dz Algeria,1. World Cup,24,3,41,0,
Adlène Guedioura,https://fbref.com/en/players/f75825e3/Adlene-Guedioura,2013,dz Algeria,Africa Cup of Nations,27,3,265,0,0
Adlène Guedioura,https://fbref.com/en/players/f75825e3/Adlene-Guedioura,2014,dz Algeria,WCQ,28,6,384,0,
Adlène Guedioura,https://fbref.com/en/players/f75825e3/Adlene-Guedioura,2014,dz Algeria,Friendlies (M),28,0,,,
Adlène Guedioura,https://fbref.com/en/players/f75825e3/Adlene-Guedioura,2017,dz Algeria,Friendlies (M),31,1,90,0,0
Adlène Guedioura,https://fbref.com/en/players/f75825e3/Adlene-Guedioura,2017,dz Algeria,Africa Cup of Nations,31,3,269,0,1
Adlène Guedioura,https://fbref.com/en/players/f75825e3/Adlene-Guedioura,2018,dz Algeria,WCQ,32,3,235,0,0
Adlène Guedioura,https://fbref.com/en/players/f75825e3/Adlene-Guedioura,2019,dz Algeria,Friendlies (M),33,5,347,0,0
Adlène Guedioura,https://fbref.com/en/players/f75825e3/Adlene-Guedioura,2019,dz Algeria,Africa Cup of Nations,33,7,575,0,0
Adlène Guedioura,https://fbref.com/en/players/f75825e3/Adlene-Guedioura,2019,dz Algeria,Africa Cup of Nations qualification,33,2,180,0,0
Adlène Guedioura,https://fbref.com/en/players/f75825e3/Adlene-Guedioura,2020,dz Algeria,Friendlies (M),34,1,54,0,0
Adlène Guedioura,https://fbref.com/en/players/f75825e3/Adlene-Guedioura,2021,dz Algeria,Friendlies (M),35,2,74,0,0
Adlène Guedioura,https://fbref.com/en/players/f75825e3/Adlene-Guedioura,2021,dz Algeria,Africa Cup of Nations qualification,35,5,324,0,0
Adlène Guedioura,https://fbref.com/en/players/f75825e3/Adlene-Guedioura,2022,dz Algeria,WCQ,36,1,5,0,0
Adnan Januzaj,https://fbref.com/en/players/4737cebe/Adnan-Januzaj,2014,be Belgium,1. World Cup,19,1,59,0,0
Adnan Januzaj,https://fbref.com/en/players/4737cebe/Adnan-Januzaj,2014,be Belgium,Friendlies (M),18,4,153,0,1
Adnan Januzaj,https://fbref.com/en/players/4737cebe/Adnan-Januzaj,2016,be Belgium,UEFA Euro Qualifying,20,1,2,0,0
Adnan Januzaj,https://fbref.com/en/players/4737cebe/Adnan-Januzaj,2017,be Belgium,Friendlies (M),21,0,,,
Adnan Januzaj,https://fbref.com/en/players/4737cebe/Adnan-Januzaj,2018,be Belgium,1. World Cup,23,1,85,1,0
Adnan Januzaj,https://fbref.com/en/players/4737cebe/Adnan-Januzaj,2018,be Belgium,Friendlies (M),22,2,90,0,0
Adnan Januzaj,https://fbref.com/en/players/4737cebe/Adnan-Januzaj,2018-2019,be Belgium,UEFA Nations League,23,1,16,0,0
Adnan Januzaj,https://fbref.com/en/players/4737cebe/Adnan-Januzaj,2021,be Belgium,UEFA Euro Qualifying,25,2,90,0,0
Adnan Januzaj,https://fbref.com/en/players/4737cebe/Adnan-Januzaj,2022,be Belgium,WCQ,26,1,14,0,1
Adnan Januzaj,https://fbref.com/en/players/4737cebe/Adnan-Januzaj,2022,be Belgium,Friendlies (M),26,2,67,0,0
Adnan Januzaj,https://fbref.com/en/players/4737cebe/Adnan-Januzaj,2022-2023,be Belgium,UEFA Nations League,27,0,,,
Adrian Mariappa,https://fbref.com/en/players/8aa5f52c/Adrian-Mariappa,2014,jm Jamaica,WCQ,27,13,1155,0,0
Adrian Mariappa,https://fbref.com/en/players/8aa5f52c/Adrian-Mariappa,2014,jm Jamaica,Friendlies (M),27,4,360,0,0
Adrian Mariappa,https://fbref.com/en/players/8aa5f52c/Adrian-Mariappa,2015,jm Jamaica,Friendlies (M),28,3,270,0,0
Adrian Mariappa,https://fbref.com/en/players/8aa5f52c/Adrian-Mariappa,2015,jm Jamaica,Gold Cup,28,6,540,0,1
Adrian Mariappa,https://fbref.com/en/players/8aa5f52c/Adrian-Mariappa,2016,jm Jamaica,Friendlies (M),29,1,90,0,0
Adrian Mariappa,https://fbref.com/en/players/8aa5f52c/Adrian-Mariappa,2018,jm Jamaica,WCQ,31,7,630,1,0
Adrian Mariappa,https://fbref.com/en/players/8aa5f52c/Adrian-Mariappa,2018,jm Jamaica,Friendlies (M),31,0,,,
Adrian Mariappa,https://fbref.com/en/players/8aa5f52c/Adrian-Mariappa,2021,jm Jamaica,Friendlies (M),34,2,180,0,0
Adrian Mariappa,https://fbref.com/en/players/8aa5f52c/Adrian-Mariappa,2021,jm Jamaica,Gold Cup,34,1,90,0,0
Adrian Mariappa,https://fbref.com/en/players/8aa5f52c/Adrian-Mariappa,2022,jm Jamaica,WCQ,35,11,990,0,0
Adrian Mariappa,https://fbref.com/en/players/8aa5f52c/Adrian-Mariappa,2022,jm Jamaica,Friendlies (M),35,2,180,0,0
Adrian Mariappa,https://fbref.com/en/players/8aa5f52c/Adrian-Mariappa,2023,jm Jamaica,Friendlies (M),36,1,90,0,0
Adrian Mariappa,https://fbref.com/en/players/8aa5f52c/Adrian-Mariappa,2023,jm Jamaica,Gold Cup,36,2,180,0,0
Ahmed Elmohamady,https://fbref.com/en/players/615ef733/Ahmed-Elmohamady,2009,eg Egypt,FIFA Confederations Cup,21,2,104,0,0
Ahmed Elmohamady,https://fbref.com/en/players/615ef733/Ahmed-Elmohamady,2010,eg Egypt,Africa Cup of Nations,22,6,468,1,0
Ahmed Elmohamady,https://fbref.com/en/players/615ef733/Ahmed-Elmohamady,2014,eg Egypt,WCQ,26,6,289,0,
Ahmed Elmohamady,https://fbref.com/en/players/615ef733/Ahmed-Elmohamady,2014,eg Egypt,Friendlies (M),26,2,172,0,0
Ahmed Elmohamady,https://fbref.com/en/players/615ef733/Ahmed-Elmohamady,2015,eg Egypt,Friendlies (M),27,1,56,0,0
Ahmed Elmohamady,https://fbref.com/en/players/615ef733/Ahmed-Elmohamady,2015,eg Egypt,Africa Cup of Nations qualification,27,2,148,0,
Ahmed Elmohamady,https://fbref.com/en/players/615ef733/Ahmed-Elmohamady,2016,eg Egypt,Friendlies (M),28,1,45,0,0
Ahmed Elmohamady,https://fbref.com/en/players/615ef733/Ahmed-Elmohamady,2017,eg Egypt,Friendlies (M),29,2,120,0,0
Ahmed Elmohamady,https://fbref.com/en/players/615ef733/Ahmed-Elmohamady,2017,eg Egypt,Africa Cup of Nations,29,4,375,0,0
Ahmed Elmohamady,https://fbref.com/en/players/615ef733/Ahmed-Elmohamady,2018,eg Egypt,1. World Cup,30,0,,,
Ahmed Elmohamady,https://fbref.com/en/players/615ef733/Ahmed-Elmohamady,2018,eg Egypt,WCQ,30,2,93,0,0
Ahmed Elmohamady,https://fbref.com/en/players/615ef733/Ahmed-Elmohamady,2018,eg Egypt,Friendlies (M),30,3,144,0,0
Ahmed Elmohamady,https://fbref.com/en/players/615ef733/Ahmed-Elmohamady,2019,eg Egypt,Friendlies (M),31,1,90,1,0
Ahmed Elmohamady,https://fbref.com/en/players/615ef733/Ahmed-Elmohamady,2019,eg Egypt,Africa Cup of Nations,31,4,359,2,0
Ahmed Elmohamady,https://fbref.com/en/players/615ef733/Ahmed-Elmohamady,2019,eg Egypt,Africa Cup of Nations qualification,31,4,360,1,3
Aiden McGeady,https://fbref.com/en/players/c7df693b/Aiden-McGeady,2008,ie Rep. of Ireland,UEFA Euro Qualifying,21,10,459,0,
Aiden McGeady,https://fbref.com/en/players/c7df693b/Aiden-McGeady,2010,ie Rep. of Ireland,WCQ,23,10,595,0,
Aiden McGeady,https://fbref.com/en/players/c7df693b/Aiden-McGeady,2012,ie Rep. of Ireland,UEFA Euro,25,3,207,0,1
Aiden McGeady,https://fbref.com/en/players/c7df693b/Aiden-McGeady,2012,ie Rep. of Ireland,UEFA Euro Qualifying,25,12,969,2,
Aiden McGeady,https://fbref.com/en/players/c7df693b/Aiden-McGeady,2014,ie Rep. of Ireland,WCQ,27,5,339,0,3
Aiden McGeady,https://fbref.com/en/players/c7df693b/Aiden-McGeady,2014,ie Rep. of Ireland,Friendlies (M),27,7,388,0,0
Aiden McGeady,https://fbref.com/en/players/c7df693b/Aiden-McGeady,2015,ie Rep. of Ireland,Friendlies (M),28,1,90,0,0
Aiden McGeady,https://fbref.com/en/players/c7df693b/Aiden-McGeady,2016,ie Rep. of Ireland,Friendlies (M),29,3,152,0,0
Aiden McGeady,https://fbref.com/en/players/c7df693b/Aiden-McGeady,2016,ie Rep. of Ireland,UEFA Euro,29,3,47,0,0
Aiden McGeady,https://fbref.com/en/players/c7df693b/Aiden-McGeady,2016,ie Rep. of Ireland,UEFA Euro Qualifying,29,8,479,2,1
Aiden McGeady,https://fbref.com/en/players/c7df693b/Aiden-McGeady,2017,ie Rep. of Ireland,Friendlies (M),30,2,103,0,0
Aiden McGeady,https://fbref.com/en/players/c7df693b/Aiden-McGeady,2018,ie Rep. of Ireland,WCQ,31,6,118,0,0
Ainsley Maitland-Niles,https://fbref.com/en/players/e3a5814e/Ainsley-Maitland-Niles,2020,eng England,Friendlies (M),22,2,42,0,0
Ainsley Maitland-Niles,https://fbref.com/en/players/e3a5814e/Ainsley-Maitland-Niles,2020-2021,eng England,UEFA Nations League,22,3,46,0,0
Alan Hutton,https://fbref.com/en/players/688ae34c/Alan-Hutton,2008,sct Scotland,UEFA Euro Qualifying,23,4,360,0,
Alan Hutton,https://fbref.com/en/players/688ae34c/Alan-Hutton,2010,sct Scotland,WCQ,25,5,378,0,
Alan Hutton,https://fbref.com/en/players/688ae34c/Alan-Hutton,2012,sct Scotland,UEFA Euro Qualifying,27,6,540,0,
Alan Hutton,https://fbref.com/en/players/688ae34c/Alan-Hutton,2014,sct Scotland,WCQ,29,10,900,0,0
Alan Hutton,https://fbref.com/en/players/688ae34c/Alan-Hutton,2014,sct Scotland,Friendlies (M),29,1,66,0,0
Alan Hutton,https://fbref.com/en/players/688ae34c/Alan-Hutton,2015,sct Scotland,Friendlies (M),30,0,,,
Alan Hutton,https://fbref.com/en/players/688ae34c/Alan-Hutton,2016,sct Scotland,Friendlies (M),31,1,90,0,0
Alan Hutton,https://fbref.com/en/players/688ae34c/Alan-Hutton,2016,sct Scotland,UEFA Euro Qualifying,31,9,810,0,1
Alan Hutton,https://fbref.com/en/players/688ae34c/Alan-Hutton,2018,sct Scotland,WCQ,33,0,,,
Alan Smith,https://fbref.com/en/players/fdac06ea/Alan-Smith,2006,eng England,WCQ,25,4,136,0,
Alan Smith,https://fbref.com/en/players/fdac06ea/Alan-Smith,2008,eng England,UEFA Euro Qualifying,27,0,,,
Alberto Moreno,https://fbref.com/en/players/11b9265b/Alberto-Moreno,2014,es Spain,WCQ,21,1,90,0,0
Alberto Moreno,https://fbref.com/en/players/11b9265b/Alberto-Moreno,2014,es Spain,Friendlies (M),21,1,90,0,0
Alberto Moreno,https://fbref.com/en/players/11b9265b/Alberto-Moreno,2017,es Spain,Friendlies (M),24,1,45,0,0
Aleksandar Kolarov,https://fbref.com/en/players/eda40760/Aleksandar-Kolarov,2010,rs Serbia,1. World Cup,24,2,180,0,
Aleksandar Kolarov,https://fbref.com/en/players/eda40760/Aleksandar-Kolarov,2010,rs Serbia,WCQ,24,2,180,0,
Aleksandar Kolarov,https://fbref.com/en/players/eda40760/Aleksandar-Kolarov,2012,rs Serbia,UEFA Euro Qualifying,26,6,540,0,
Aleksandar Kolarov,https://fbref.com/en/players/eda40760/Aleksandar-Kolarov,2014,rs Serbia,WCQ,28,9,810,4,1
Aleksandar Kolarov,https://fbref.com/en/players/eda40760/Aleksandar-Kolarov,2014,rs Serbia,Friendlies (M),28,5,450,2,0
Aleksandar Kolarov,https://fbref.com/en/players/eda40760/Aleksandar-Kolarov,2015,rs Serbia,Friendlies (M),29,2,180,0,1
Aleksandar Kolarov,https://fbref.com/en/players/eda40760/Aleksandar-Kolarov,2016,rs Serbia,Friendlies (M),30,5,360,1,1
Aleksandar Kolarov,https://fbref.com/en/players/eda40760/Aleksandar-Kolarov,2016,rs Serbia,UEFA Euro Qualifying,30,7,616,1,1
Aleksandar Kolarov,https://fbref.com/en/players/eda40760/Aleksandar-Kolarov,2017,rs Serbia,Friendlies (M),31,0,,,
Aleksandar Kolarov,https://fbref.com/en/players/eda40760/Aleksandar-Kolarov,2018,rs Serbia,1. World Cup,32,3,270,1,0
Aleksandar Kolarov,https://fbref.com/en/players/eda40760/Aleksandar-Kolarov,2018,rs Serbia,WCQ,32,8,720,2,1
Aleksandar Kolarov,https://fbref.com/en/players/eda40760/Aleksandar-Kolarov,2018,rs Serbia,Friendlies (M),32,4,336,0,0
Aleksandar Kolarov,https://fbref.com/en/players/eda40760/Aleksandar-Kolarov,2018-2019,rs Serbia,UEFA Nations League,32,3,194,0,1
Aleksandar Kolarov,https://fbref.com/en/players/eda40760/Aleksandar-Kolarov,2019,rs Serbia,Friendlies (M),33,1,66,0,0
Aleksandar Kolarov,https://fbref.com/en/players/eda40760/Aleksandar-Kolarov,2020-2021,rs Serbia,UEFA Nations League,34,3,164,0,0
Aleksandar Kolarov,https://fbref.com/en/players/eda40760/Aleksandar-Kolarov,2021,rs Serbia,UEFA Euro Qualifying,35,8,750,0,1
Aleksandar Mitrović,https://fbref.com/en/players/3925dbd6/Aleksandar-Mitrovic,2014,rs Serbia,Friendlies (M),19,5,279,0,0
Aleksandar Mitrović,https://fbref.com/en/players/3925dbd6/Aleksandar-Mitrovic,2014,rs Serbia,WCQ,19,2,158,1,0
Aleksandar Mitrović,https://fbref.com/en/players/3925dbd6/Aleksandar-Mitrovic,2015,rs Serbia,Friendlies (M),20,3,215,1,0
Aleksandar Mitrović,https://fbref.com/en/players/3925dbd6/Aleksandar-Mitrovic,2016,rs Serbia,Friendlies (M),21,5,256,2,0
Aleksandar Mitrović,https://fbref.com/en/players/3925dbd6/Aleksandar-Mitrovic,2016,rs Serbia,UEFA Euro Qualifying,21,7,485,0,0
Aleksandar Mitrović,https://fbref.com/en/players/3925dbd6/Aleksandar-Mitrovic,2017,rs Serbia,Friendlies (M),22,1,84,1,0
Aleksandar Mitrović,https://fbref.com/en/players/3925dbd6/Aleksandar-Mitrovic,2018,rs Serbia,1. World Cup,23,3,266,1,0
Aleksandar Mitrović,https://fbref.com/en/players/3925dbd6/Aleksandar-Mitrovic,2018,rs Serbia,WCQ,23,9,707,6,1
Aleksandar Mitrović,https://fbref.com/en/players/3925dbd6/Aleksandar-Mitrovic,2018,rs Serbia,Friendlies (M),23,4,332,5,1
Aleksandar Mitrović,https://fbref.com/en/players/3925dbd6/Aleksandar-Mitrovic,2018-2019,rs Serbia,UEFA Nations League,23,6,531,6,0
Aleksandar Mitrović,https://fbref.com/en/players/3925dbd6/Aleksandar-Mitrovic,2019,rs Serbia,Friendlies (M),24,1,90,1,0
Aleksandar Mitrović,https://fbref.com/en/players/3925dbd6/Aleksandar-Mitrovic,2020-2021,rs Serbia,UEFA Nations League,25,4,360,2,0
Aleksandar Mitrović,https://fbref.com/en/players/3925dbd6/Aleksandar-Mitrovic,2021,rs Serbia,UEFA Euro Qualifying,26,10,908,10,1
Aleksandar Mitrović,https://fbref.com/en/players/3925dbd6/Aleksandar-Mitrovic,2022,rs Serbia,1. World Cup,27,3,262,2,0
Aleksandar Mitrović,https://fbref.com/en/players/3925dbd6/Aleksandar-Mitrovic,2022,rs Serbia,WCQ,27,8,528,8,0
Aleksandar Mitrović,https://fbref.com/en/players/3925dbd6/Aleksandar-Mitrovic,2022,rs Serbia,Friendlies (M),27,2,151,0,0
Aleksandar Mitrović,https://fbref.com/en/players/3925dbd6/Aleksandar-Mitrovic,2022-2023,rs Serbia,UEFA Nations League,27,5,420,6,0
Aleksandar Mitrović,https://fbref.com/en/players/3925dbd6/Aleksandar-Mitrovic,2023,rs Serbia,Friendlies (M),28,1,24,0,0
Aleksandar Mitrović,https://fbref.com/en/players/3925dbd6/Aleksandar-Mitrovic,2024,rs Serbia,Friendlies (M),29,3,168,1,0
Aleksandar Mitrović,https://fbref.com/en/players/3925dbd6/Aleksandar-Mitrovic,2024,rs Serbia,UEFA Euro,29,3,240,0,0
Aleksandar Mitrović,https://fbref.com/en/players/3925dbd6/Aleksandar-Mitrovic,2024,rs Serbia,UEFA Euro Qualifying,29,7,589,5,1
Aleksandar Mitrović,https://fbref.com/en/players/3925dbd6/Aleksandar-Mitrovic,2024-2025,rs Serbia,UEFA Nations League,29,4,330,1,0
Aleksandar Mitrović,https://fbref.com/en/players/3925dbd6/Aleksandar-Mitrovic,2026,rs Serbia,WCQ,31,6,338,4,0
Aleksandar Tonev,https://fbref.com/en/players/c15d1af9/Aleksandar-Tonev,2012,bg Bulgaria,UEFA Euro Qualifying,21,1,90,0,
Aleksandar Tonev,https://fbref.com/en/players/c15d1af9/Aleksandar-Tonev,2014,bg Bulgaria,WCQ,23,7,327,3,1
Aleksandar Tonev,https://fbref.com/en/players/c15d1af9/Aleksandar-Tonev,2015,bg Bulgaria,Friendlies (M),24,1,30,0,0
Aleksandar Tonev,https://fbref.com/en/players/c15d1af9/Aleksandar-Tonev,2016,bg Bulgaria,Friendlies (M),25,2,13,1,0
Aleksandar Tonev,https://fbref.com/en/players/c15d1af9/Aleksandar-Tonev,2016,bg Bulgaria,UEFA Euro Qualifying,25,5,253,0,0
Aleksandar Tonev,https://fbref.com/en/players/c15d1af9/Aleksandar-Tonev,2017,bg Bulgaria,Friendlies (M),26,1,15,0,0
Aleksandar Tonev,https://fbref.com/en/players/c15d1af9/Aleksandar-Tonev,2018,bg Bulgaria,WCQ,27,5,295,1,0
Aleksandar Tonev,https://fbref.com/en/players/c15d1af9/Aleksandar-Tonev,2020,bg Bulgaria,Friendlies (M),29,1,82,0,0
Alessandro Diamanti,https://fbref.com/en/players/cb5af1af/Alessandro-Diamanti,2012,it Italy,UEFA Euro,28,3,104,0,1
Alessandro Diamanti,https://fbref.com/en/players/cb5af1af/Alessandro-Diamanti,2013,it Italy,FIFA Confederations Cup,29,2,153,1,0
Alessandro Diamanti,https://fbref.com/en/players/cb5af1af/Alessandro-Diamanti,2014,it Italy,WCQ,30,3,148,0,0
Alex Bruce,https://fbref.com/en/players/102ed2b2/Alex-Bruce,2008,ie Rep. of Ireland,UEFA Euro Qualifying,23,0,,,
Alex Bruce,https://fbref.com/en/players/102ed2b2/Alex-Bruce,2014,nir Northern Ireland,WCQ,29,0,,,
Alex Bruce,https://fbref.com/en/players/102ed2b2/Alex-Bruce,2014,nir Northern Ireland,Friendlies (M),29,1,90,0,0
Alex Iwobi,https://fbref.com/en/players/6ca5ec4b/Alex-Iwobi,2015,ng Nigeria,Friendlies (M),18,2,46,0,0
Alex Iwobi,https://fbref.com/en/players/6ca5ec4b/Alex-Iwobi,2016,ng Nigeria,Friendlies (M),19,2,128,0,0
Alex Iwobi,https://fbref.com/en/players/6ca5ec4b/Alex-Iwobi,2017,ng Nigeria,Friendlies (M),20,3,212,2,1
Alex Iwobi,https://fbref.com/en/players/6ca5ec4b/Alex-Iwobi,2017,ng Nigeria,Africa Cup of Nations qualification,20,2,27,0,0
Alex Iwobi,https://fbref.com/en/players/6ca5ec4b/Alex-Iwobi,2018,ng Nigeria,1. World Cup,22,3,63,0,0
Alex Iwobi,https://fbref.com/en/players/6ca5ec4b/Alex-Iwobi,2018,ng Nigeria,WCQ,21,4,269,2,0
Alex Iwobi,https://fbref.com/en/players/6ca5ec4b/Alex-Iwobi,2018,ng Nigeria,Friendlies (M),21,6,444,1,0
Alex Iwobi,https://fbref.com/en/players/6ca5ec4b/Alex-Iwobi,2019,ng Nigeria,Friendlies (M),22,4,314,0,1
Alex Iwobi,https://fbref.com/en/players/6ca5ec4b/Alex-Iwobi,2019,ng Nigeria,Africa Cup of Nations,22,7,557,1,0
Alex Iwobi,https://fbref.com/en/players/6ca5ec4b/Alex-Iwobi,2019,ng Nigeria,Africa Cup of Nations qualification,22,5,397,0,1
Alex Iwobi,https://fbref.com/en/players/6ca5ec4b/Alex-Iwobi,2020,ng Nigeria,Friendlies (M),23,2,174,0,0
Alex Iwobi,https://fbref.com/en/players/6ca5ec4b/Alex-Iwobi,2021,ng Nigeria,Friendlies (M),24,2,176,0,0
Alex Iwobi,https://fbref.com/en/players/6ca5ec4b/Alex-Iwobi,2021,ng Nigeria,Africa Cup of Nations qualification,24,5,434,3,0
Alex Iwobi,https://fbref.com/en/players/6ca5ec4b/Alex-Iwobi,2021,ng Nigeria,Africa Cup of Nations,24,4,141,0,0
Alex Iwobi,https://fbref.com/en/players/6ca5ec4b/Alex-Iwobi,2022,ng Nigeria,WCQ,25,3,235,0,2
Alex Iwobi,https://fbref.com/en/players/6ca5ec4b/Alex-Iwobi,2022,ng Nigeria,Friendlies (M),25,4,360,0,0
Alex Iwobi,https://fbref.com/en/players/6ca5ec4b/Alex-Iwobi,2023,ng Nigeria,Friendlies (M),26,1,77,0,0
Alex Iwobi,https://fbref.com/en/players/6ca5ec4b/Alex-Iwobi,2023,ng Nigeria,Africa Cup of Nations,26,7,516,0,0
Alex Iwobi,https://fbref.com/en/players/6ca5ec4b/Alex-Iwobi,2023,ng Nigeria,Africa Cup of Nations qualification,26,5,450,1,0
Alex Iwobi,https://fbref.com/en/players/6ca5ec4b/Alex-Iwobi,2024,ng Nigeria,Friendlies (M),27,2,180,0,1
Alex Iwobi,https://fbref.com/en/players/6ca5ec4b/Alex-Iwobi,2025,ng Nigeria,Africa Cup of Nations qualification,28,3,206,0,0
Alex Iwobi,https://fbref.com/en/players/6ca5ec4b/Alex-Iwobi,2026,ng Nigeria,WCQ,29,12,1028,0,1
Alex McCarthy,https://fbref.com/en/players/36c2ca73/Alex-McCarthy,2018,eng England,WCQ,28,0,,,
Alex McCarthy,https://fbref.com/en/players/36c2ca73/Alex-McCarthy,2018,eng England,Friendlies (M),28,1,45,0,0
Alex McCarthy,https://fbref.com/en/players/36c2ca73/Alex-McCarthy,2018-2019,eng England,UEFA Nations League,28,0,,,
Alex Oxlade-Chamberlain,https://fbref.com/en/players/38c7feef/Alex-Oxlade-Chamberlain,2012,eng England,UEFA Euro,18,3,81,0,0
Alex Oxlade-Chamberlain,https://fbref.com/en/players/38c7feef/Alex-Oxlade-Chamberlain,2014,eng England,1. World Cup,20,0,,,
Alex Oxlade-Chamberlain,https://fbref.com/en/players/38c7feef/Alex-Oxlade-Chamberlain,2014,eng England,WCQ,20,5,323,2,2
Alex Oxlade-Chamberlain,https://fbref.com/en/players/38c7feef/Alex-Oxlade-Chamberlain,2014,eng England,Friendlies (M),20,4,223,1,0
Alex Oxlade-Chamberlain,https://fbref.com/en/players/38c7feef/Alex-Oxlade-Chamberlain,2016,eng England,UEFA Euro Qualifying,22,7,345,1,3
Alex Oxlade-Chamberlain,https://fbref.com/en/players/38c7feef/Alex-Oxlade-Chamberlain,2017,eng England,Friendlies (M),23,1,90,0,0
Alex Oxlade-Chamberlain,https://fbref.com/en/players/38c7feef/Alex-Oxlade-Chamberlain,2018,eng England,WCQ,24,5,336,1,0
Alex Oxlade-Chamberlain,https://fbref.com/en/players/38c7feef/Alex-Oxlade-Chamberlain,2018,eng England,Friendlies (M),24,2,149,0,0
Alex Oxlade-Chamberlain,https://fbref.com/en/players/38c7feef/Alex-Oxlade-Chamberlain,2021,eng England,UEFA Euro Qualifying,27,3,140,1,1
Alex Pearce,https://fbref.com/en/players/66e0514a/Alex-Pearce,2014,ie Rep. of Ireland,Friendlies (M),25,4,360,1,0
Alex Pearce,https://fbref.com/en/players/66e0514a/Alex-Pearce,2015,ie Rep. of Ireland,Friendlies (M),26,0,,,
Alex Pearce,https://fbref.com/en/players/66e0514a/Alex-Pearce,2016,ie Rep. of Ireland,Friendlies (M),27,1,45,0,0
Alex Pearce,https://fbref.com/en/players/66e0514a/Alex-Pearce,2016,ie Rep. of Ireland,UEFA Euro Qualifying,27,0,,,
Alex Pearce,https://fbref.com/en/players/66e0514a/Alex-Pearce,2017,ie Rep. of Ireland,Friendlies (M),28,2,120,0,0
Alex Pearce,https://fbref.com/en/players/66e0514a/Alex-Pearce,2018,ie Rep. of Ireland,WCQ,29,0,,,
Alex Pearce,https://fbref.com/en/players/66e0514a/Alex-Pearce,2018,ie Rep. of Ireland,Friendlies (M),29,0,,,
Alexander Hleb,https://fbref.com/en/players/35cf43aa/Alexander-Hleb,2006,by Belarus,WCQ,24,6,540,0,
Alexander Hleb,https://fbref.com/en/players/35cf43aa/Alexander-Hleb,2008,by Belarus,UEFA Euro Qualifying,26,12,1035,0,
Alexander Hleb,https://fbref.com/en/players/35cf43aa/Alexander-Hleb,2010,by Belarus,WCQ,28,6,540,1,
Alexander Hleb,https://fbref.com/en/players/35cf43aa/Alexander-Hleb,2012,by Belarus,UEFA Euro Qualifying,30,2,162,0,
Alexander Hleb,https://fbref.com/en/players/35cf43aa/Alexander-Hleb,2014,by Belarus,WCQ,32,5,450,0,0
Alexander Hleb,https://fbref.com/en/players/35cf43aa/Alexander-Hleb,2014,by Belarus,Friendlies (M),32,2,90,0,0
Alexander Hleb,https://fbref.com/en/players/35cf43aa/Alexander-Hleb,2015,by Belarus,Friendlies (M),33,1,90,0,0
Alexander Hleb,https://fbref.com/en/players/35cf43aa/Alexander-Hleb,2016,by Belarus,Friendlies (M),34,3,175,0,0
Alexander Hleb,https://fbref.com/en/players/35cf43aa/Alexander-Hleb,2016,by Belarus,UEFA Euro Qualifying,34,4,316,0,1
Alexander Hleb,https://fbref.com/en/players/35cf43aa/Alexander-Hleb,2018,by Belarus,WCQ,36,3,224,0,0
Alexander Hleb,https://fbref.com/en/players/35cf43aa/Alexander-Hleb,2018-2019,by Belarus,UEFA Nations League,37,2,141,0,0
Alexander Hleb,https://fbref.com/en/players/35cf43aa/Alexander-Hleb,2021,by Belarus,UEFA Euro Qualifying,39,1,66,0,1
Alexander Kačaniklić,https://fbref.com/en/players/8ba3a754/Alexander-Kacaniklic,2014,se Sweden,WCQ,22,11,857,2,1
Alexander Kačaniklić,https://fbref.com/en/players/8ba3a754/Alexander-Kacaniklic,2014,se Sweden,Friendlies (M),22,2,175,0,0
Alexander Kačaniklić,https://fbref.com/en/players/8ba3a754/Alexander-Kacaniklic,2016,se Sweden,UEFA Euro Qualifying,24,1,12,0,0
Alexander Tettey,https://fbref.com/en/players/75566759/Alexander-Tettey,2008,no Norway,UEFA Euro Qualifying,21,1,90,0,
Alexander Tettey,https://fbref.com/en/players/75566759/Alexander-Tettey,2010,no Norway,WCQ,23,1,12,0,
Alexander Tettey,https://fbref.com/en/players/75566759/Alexander-Tettey,2012,no Norway,UEFA Euro Qualifying,25,3,261,0,
Alexander Tettey,https://fbref.com/en/players/75566759/Alexander-Tettey,2014,no Norway,WCQ,27,1,90,0,0
Alexander Tettey,https://fbref.com/en/players/75566759/Alexander-Tettey,2014,no Norway,Friendlies (M),27,2,116,0,0
Alexander Tettey,https://fbref.com/en/players/75566759/Alexander-Tettey,2015,no Norway,Friendlies (M),28,1,45,0,0
Alexander Tettey,https://fbref.com/en/players/75566759/Alexander-Tettey,2016,no Norway,Friendlies (M),29,1,45,0,0
Alexander Tettey,https://fbref.com/en/players/75566759/Alexander-Tettey,2016,no Norway,UEFA Euro Qualifying,29,11,908,3,0
Alexander Tettey,https://fbref.com/en/players/75566759/Alexander-Tettey,2018,no Norway,WCQ,31,3,246,0,0
Alexandre Pato,https://fbref.com/en/players/7dd83c7d/Alexandre-Pato,2009,br Brazil,FIFA Confederations Cup,19,1,29,0,0
Alexandre Song,https://fbref.com/en/players/1c32281d/Alexandre-Song,2010,cm Cameroon,1. World Cup,22,1,90,0,
Alexandre Song,https://fbref.com/en/players/1c32281d/Alexandre-Song,2010,cm Cameroon,Africa Cup of Nations,22,4,390,0,0
Alexandre Song,https://fbref.com/en/players/1c32281d/Alexandre-Song,2014,cm Cameroon,1. World Cup,26,2,117,0,0
Alexandre Song,https://fbref.com/en/players/1c32281d/Alexandre-Song,2014,cm Cameroon,WCQ,26,8,630,0,
Alexandre Song,https://fbref.com/en/players/1c32281d/Alexandre-Song,2014,cm Cameroon,Friendlies (M),26,3,270,0,1
Alexis Sánchez,https://fbref.com/en/players/2c0f8e9e/Alexis-Sanchez,2010,cl Chile,1. World Cup,21,4,334,0,
Alexis Sánchez,https://fbref.com/en/players/2c0f8e9e/Alexis-Sanchez,2014,cl Chile,1. World Cup,25,4,390,2,1
Alexis Sánchez,https://fbref.com/en/players/2c0f8e9e/Alexis-Sanchez,2014,cl Chile,WCQ,25,5,450,1,1
Alexis Sánchez,https://fbref.com/en/players/2c0f8e9e/Alexis-Sanchez,2014,cl Chile,Friendlies (M),25,5,433,2,0
Alexis Sánchez,https://fbref.com/en/players/2c0f8e9e/Alexis-Sanchez,2015,cl Chile,Friendlies (M),26,4,315,1,0
Alexis Sánchez,https://fbref.com/en/players/2c0f8e9e/Alexis-Sanchez,2016,cl Chile,Friendlies (M),27,2,171,0,0
Alexis Sánchez,https://fbref.com/en/players/2c0f8e9e/Alexis-Sanchez,2017,cl Chile,Friendlies (M),28,2,126,0,2
Alexis Sánchez,https://fbref.com/en/players/2c0f8e9e/Alexis-Sanchez,2017,cl Chile,FIFA Confederations Cup,28,5,423,1,1
Alexis Sánchez,https://fbref.com/en/players/2c0f8e9e/Alexis-Sanchez,2018,cl Chile,WCQ,29,17,1523,7,4
Alexis Sánchez,https://fbref.com/en/players/2c0f8e9e/Alexis-Sanchez,2018,cl Chile,Friendlies (M),29,5,434,2,0
Alexis Sánchez,https://fbref.com/en/players/2c0f8e9e/Alexis-Sanchez,2019,cl Chile,Friendlies (M),30,2,177,0,0
Alexis Sánchez,https://fbref.com/en/players/2c0f8e9e/Alexis-Sanchez,2022,cl Chile,WCQ,33,15,1211,5,3
Alexis Sánchez,https://fbref.com/en/players/2c0f8e9e/Alexis-Sanchez,2022,cl Chile,Friendlies (M),33,4,360,1,0
Alexis Sánchez,https://fbref.com/en/players/2c0f8e9e/Alexis-Sanchez,2023,cl Chile,Friendlies (M),34,3,180,1,0
Alexis Sánchez,https://fbref.com/en/players/2c0f8e9e/Alexis-Sanchez,2024,cl Chile,Friendlies (M),35,3,248,0,0
Alexis Sánchez,https://fbref.com/en/players/2c0f8e9e/Alexis-Sanchez,2026,cl Chile,WCQ,37,7,626,0,0
Alfred N'Diaye,https://fbref.com/en/players/7789bf63/Alfred-NDiaye,2014,sn Senegal,WCQ,23,1,45,0,
Alfred N'Diaye,https://fbref.com/en/players/7789bf63/Alfred-NDiaye,2014,sn Senegal,Friendlies (M),23,2,60,0,0
Alfred N'Diaye,https://fbref.com/en/players/7789bf63/Alfred-NDiaye,2015,sn Senegal,Friendlies (M),24,1,45,1,0
Alfred N'Diaye,https://fbref.com/en/players/7789bf63/Alfred-NDiaye,2015,sn Senegal,Africa Cup of Nations,24,1,83,0,0
Alfred N'Diaye,https://fbref.com/en/players/7789bf63/Alfred-NDiaye,2015,sn Senegal,Africa Cup of Nations qualification,24,5,130,0,
Alfred N'Diaye,https://fbref.com/en/players/7789bf63/Alfred-NDiaye,2017,sn Senegal,Friendlies (M),26,0,,,
Alfred N'Diaye,https://fbref.com/en/players/7789bf63/Alfred-NDiaye,2017,sn Senegal,Africa Cup of Nations qualification,26,0,,,
Alfred N'Diaye,https://fbref.com/en/players/7789bf63/Alfred-NDiaye,2018,sn Senegal,1. World Cup,28,2,149,0,0
Alfred N'Diaye,https://fbref.com/en/players/7789bf63/Alfred-NDiaye,2018,sn Senegal,WCQ,27,2,92,0,0
Alfred N'Diaye,https://fbref.com/en/players/7789bf63/Alfred-NDiaye,2018,sn Senegal,Friendlies (M),27,5,331,0,1
Alfred N'Diaye,https://fbref.com/en/players/7789bf63/Alfred-NDiaye,2019,sn Senegal,Friendlies (M),28,1,45,0,0
Alfred N'Diaye,https://fbref.com/en/players/7789bf63/Alfred-NDiaye,2019,sn Senegal,Africa Cup of Nations,28,1,86,0,0
Alfred N'Diaye,https://fbref.com/en/players/7789bf63/Alfred-NDiaye,2019,sn Senegal,Africa Cup of Nations qualification,28,4,286,0,0
Ali Al-Habsi,https://fbref.com/en/players/032f766b/Ali-Al-Habsi,2004,om Oman,Asian Cup,22,3,270,0,
Ali Al-Habsi,https://fbref.com/en/players/032f766b/Ali-Al-Habsi,2004,om Oman,Asian Cup qualification,22,5,450,0,
Ali Al-Habsi,https://fbref.com/en/players/032f766b/Ali-Al-Habsi,2006,om Oman,WCQ,24,4,360,0,
Ali Al-Habsi,https://fbref.com/en/players/032f766b/Ali-Al-Habsi,2007,om Oman,Asian Cup,25,3,270,0,
Ali Al-Habsi,https://fbref.com/en/players/032f766b/Ali-Al-Habsi,2007,om Oman,Asian Cup qualification,25,4,360,0,
Ali Al-Habsi,https://fbref.com/en/players/032f766b/Ali-Al-Habsi,2010,om Oman,WCQ,28,8,720,0,
Ali Al-Habsi,https://fbref.com/en/players/032f766b/Ali-Al-Habsi,2011,om Oman,Asian Cup qualification,29,4,360,0,
Ali Al-Habsi,https://fbref.com/en/players/032f766b/Ali-Al-Habsi,2014,om Oman,WCQ,32,14,1260,0,
Ali Al-Habsi,https://fbref.com/en/players/032f766b/Ali-Al-Habsi,2014,om Oman,Friendlies (M),32,1,90,0,0
Ali Al-Habsi,https://fbref.com/en/players/032f766b/Ali-Al-Habsi,2015,om Oman,Friendlies (M),33,4,360,0,0
Ali Al-Habsi,https://fbref.com/en/players/032f766b/Ali-Al-Habsi,2015,om Oman,Asian Cup,33,3,270,0,0
Ali Al-Habsi,https://fbref.com/en/players/032f766b/Ali-Al-Habsi,2015,om Oman,Asian Cup qualification,33,2,180,0,
Ali Al-Habsi,https://fbref.com/en/players/032f766b/Ali-Al-Habsi,2018,om Oman,WCQ,36,8,697,0,0
Ali Al-Habsi,https://fbref.com/en/players/032f766b/Ali-Al-Habsi,2018,om Oman,Friendlies (M),36,3,270,0,0
Ali Al-Habsi,https://fbref.com/en/players/032f766b/Ali-Al-Habsi,2019,om Oman,Asian Cup qualification,37,4,360,0,0
Ali Al-Habsi,https://fbref.com/en/players/032f766b/Ali-Al-Habsi,2022,om Oman,WCQ,40,2,180,0,0
Allan McGregor,https://fbref.com/en/players/f3a97d02/Allan-McGregor,2008,sct Scotland,UEFA Euro Qualifying,26,0,,,
Allan McGregor,https://fbref.com/en/players/f3a97d02/Allan-McGregor,2010,sct Scotland,WCQ,28,1,90,0,
Allan McGregor,https://fbref.com/en/players/f3a97d02/Allan-McGregor,2012,sct Scotland,UEFA Euro Qualifying,30,8,720,0,
Allan McGregor,https://fbref.com/en/players/f3a97d02/Allan-McGregor,2014,sct Scotland,WCQ,32,7,630,0,0
Allan McGregor,https://fbref.com/en/players/f3a97d02/Allan-McGregor,2014,sct Scotland,Friendlies (M),32,0,,,
Allan McGregor,https://fbref.com/en/players/f3a97d02/Allan-McGregor,2015,sct Scotland,Friendlies (M),33,1,45,0,0
Allan McGregor,https://fbref.com/en/players/f3a97d02/Allan-McGregor,2016,sct Scotland,Friendlies (M),34,1,90,0,0
Allan McGregor,https://fbref.com/en/players/f3a97d02/Allan-McGregor,2016,sct Scotland,UEFA Euro Qualifying,34,1,90,0,0
Allan McGregor,https://fbref.com/en/players/f3a97d02/Allan-McGregor,2017,sct Scotland,Friendlies (M),35,1,90,0,0
Allan McGregor,https://fbref.com/en/players/f3a97d02/Allan-McGregor,2018,sct Scotland,WCQ,36,0,,,
Allan McGregor,https://fbref.com/en/players/f3a97d02/Allan-McGregor,2018,sct Scotland,Friendlies (M),36,2,180,0,0
Allan McGregor,https://fbref.com/en/players/f3a97d02/Allan-McGregor,2018-2019,sct Scotland,UEFA Nations League,36,4,360,0,0
Allan Nyom,https://fbref.com/en/players/97572117/Allan-Nyom,2014,cm Cameroon,1. World Cup,26,1,90,0,1
Allan Nyom,https://fbref.com/en/players/97572117/Allan-Nyom,2014,cm Cameroon,WCQ,25,1,67,0,
Allan Nyom,https://fbref.com/en/players/97572117/Allan-Nyom,2014,cm Cameroon,Friendlies (M),25,3,115,0,0
Allan Nyom,https://fbref.com/en/players/97572117/Allan-Nyom,2016,cm Cameroon,Friendlies (M),27,1,90,0,1
Allan Nyom,https://fbref.com/en/players/97572117/Allan-Nyom,2017,cm Cameroon,Africa Cup of Nations qualification,28,2,180,0,0
Allan Nyom,https://fbref.com/en/players/97572117/Allan-Nyom,2018,cm Cameroon,WCQ,29,2,180,0,0
Allan Nyom,https://fbref.com/en/players/97572117/Allan-Nyom,2018,cm Cameroon,Friendlies (M),29,1,45,0,0
Allan Nyom,https://fbref.com/en/players/97572117/Allan-Nyom,2019,cm Cameroon,Friendlies (M),30,1,45,0,0
Allan Nyom,https://fbref.com/en/players/97572117/Allan-Nyom,2019,cm Cameroon,Africa Cup of Nations qualification,30,0,,,
Almen Abdi,https://fbref.com/en/players/8d425d84/Almen-Abdi,2010,ch Switzerland,WCQ,23,3,47,0,
Alou Diarra,https://fbref.com/en/players/9b74ce00/Alou-Diarra,2006,fr France,1. World Cup,24,2,75,0,
Alou Diarra,https://fbref.com/en/players/9b74ce00/Alou-Diarra,2006,fr France,WCQ,24,4,186,0,
Alou Diarra,https://fbref.com/en/players/9b74ce00/Alou-Diarra,2008,fr France,UEFA Euro Qualifying,26,0,,,
Alou Diarra,https://fbref.com/en/players/9b74ce00/Alou-Diarra,2010,fr France,1. World Cup,28,1,81,0,
Alou Diarra,https://fbref.com/en/players/9b74ce00/Alou-Diarra,2010,fr France,WCQ,28,7,495,0,
Alou Diarra,https://fbref.com/en/players/9b74ce00/Alou-Diarra,2012,fr France,UEFA Euro,30,3,270,0,0
Alou Diarra,https://fbref.com/en/players/9b74ce00/Alou-Diarra,2012,fr France,UEFA Euro Qualifying,30,6,459,0,
Ander Herrera,https://fbref.com/en/players/436a9dd0/Ander-Herrera,2016,es Spain,Friendlies (M),26,1,35,0,0
Ander Herrera,https://fbref.com/en/players/436a9dd0/Ander-Herrera,2017,es Spain,Friendlies (M),27,1,17,0,0
Ander Herrera,https://fbref.com/en/players/436a9dd0/Ander-Herrera,2018,es Spain,WCQ,28,0,,,
Anders Lindegaard,https://fbref.com/en/players/636f1a28/Anders-Lindegaard,2012,dk Denmark,UEFA Euro,27,0,,,
Anders Lindegaard,https://fbref.com/en/players/636f1a28/Anders-Lindegaard,2012,dk Denmark,UEFA Euro Qualifying,27,3,239,0,
Anders Lindegaard,https://fbref.com/en/players/636f1a28/Anders-Lindegaard,2014,dk Denmark,WCQ,29,0,,,
Anders Lindegaard,https://fbref.com/en/players/636f1a28/Anders-Lindegaard,2016,dk Denmark,Friendlies (M),31,0,,,
André Ayew,https://fbref.com/en/players/5dbefa9d/Andre-Ayew,2010,gh Ghana,Africa Cup of Nations,20,5,404,1,0
André Ayew,https://fbref.com/en/players/5dbefa9d/Andre-Ayew,2010,gh Ghana,1. World Cup,20,4,389,0,
André Ayew,https://fbref.com/en/players/5dbefa9d/Andre-Ayew,2012,gh Ghana,Africa Cup of Nations,22,6,558,2,0
André Ayew,https://fbref.com/en/players/5dbefa9d/Andre-Ayew,2014,gh Ghana,1. World Cup,24,3,261,2,0
André Ayew,https://fbref.com/en/players/5dbefa9d/Andre-Ayew,2014,gh Ghana,WCQ,24,3,228,0,
André Ayew,https://fbref.com/en/players/5dbefa9d/Andre-Ayew,2014,gh Ghana,Friendlies (M),24,0,,,
André Ayew,https://fbref.com/en/players/5dbefa9d/Andre-Ayew,2015,gh Ghana,Friendlies (M),25,3,165,0,0
André Ayew,https://fbref.com/en/players/5dbefa9d/Andre-Ayew,2015,gh Ghana,Africa Cup of Nations,25,6,549,3,1
André Ayew,https://fbref.com/en/players/5dbefa9d/Andre-Ayew,2017,gh Ghana,Africa Cup of Nations,27,6,469,2,0
André Ayew,https://fbref.com/en/players/5dbefa9d/Andre-Ayew,2017,gh Ghana,Africa Cup of Nations qualification,27,2,180,1,0
André Ayew,https://fbref.com/en/players/5dbefa9d/Andre-Ayew,2018,gh Ghana,WCQ,28,4,337,0,0
André Ayew,https://fbref.com/en/players/5dbefa9d/Andre-Ayew,2019,gh Ghana,Africa Cup of Nations,29,4,348,1,0
André Ayew,https://fbref.com/en/players/5dbefa9d/Andre-Ayew,2019,gh Ghana,Africa Cup of Nations qualification,29,3,252,0,0
André Ayew,https://fbref.com/en/players/5dbefa9d/Andre-Ayew,2019,gh Ghana,Friendlies (M),29,0,,,
André Ayew,https://fbref.com/en/players/5dbefa9d/Andre-Ayew,2020,gh Ghana,Friendlies (M),30,2,180,2,0
André Ayew,https://fbref.com/en/players/5dbefa9d/Andre-Ayew,2021,gh Ghana,Friendlies (M),31,2,84,0,0
André Ayew,https://fbref.com/en/players/5dbefa9d/Andre-Ayew,2021,gh Ghana,Africa Cup of Nations,31,3,203,1,0
André Ayew,https://fbref.com/en/players/5dbefa9d/Andre-Ayew,2021,gh Ghana,Africa Cup of Nations qualification,31,4,360,2,0
André Ayew,https://fbref.com/en/players/5dbefa9d/Andre-Ayew,2022,gh Ghana,1. World Cup,32,3,198,1,0
André Ayew,https://fbref.com/en/players/5dbefa9d/Andre-Ayew,2022,gh Ghana,WCQ,32,6,420,3,0
André Ayew,https://fbref.com/en/players/5dbefa9d/Andre-Ayew,2022,gh Ghana,Friendlies (M),32,3,170,0,0
André Ayew,https://fbref.com/en/players/5dbefa9d/Andre-Ayew,2023,gh Ghana,Africa Cup of Nations,33,2,74,0,0
André Ayew,https://fbref.com/en/players/5dbefa9d/Andre-Ayew,2023,gh Ghana,Africa Cup of Nations qualification,33,3,167,0,0
André Ayew,https://fbref.com/en/players/5dbefa9d/Andre-Ayew,2024,gh Ghana,Friendlies (M),34,1,12,0,0
André Ayew,https://fbref.com/en/players/5dbefa9d/Andre-Ayew,2026,gh Ghana,WCQ,36,1,45,0,0
André Santos,https://fbref.com/en/players/2ee47557/Andre-Santos,2009,br Brazil,FIFA Confederations Cup,25,5,334,0,0
André Schürrle,https://fbref.com/en/players/ecbb3fdf/Andre-Schurrle,2012,de Germany,UEFA Euro,21,2,93,0,0
André Schürrle,https://fbref.com/en/players/ecbb3fdf/Andre-Schurrle,2012,de Germany,UEFA Euro Qualifying,21,5,177,3,
André Schürrle,https://fbref.com/en/players/ecbb3fdf/Andre-Schurrle,2014,de Germany,1. World Cup,23,6,249,3,1
André Schürrle,https://fbref.com/en/players/ecbb3fdf/Andre-Schurrle,2014,de Germany,WCQ,23,6,243,4,0
André Schürrle,https://fbref.com/en/players/ecbb3fdf/Andre-Schurrle,2014,de Germany,Friendlies (M),23,4,209,3,0
André Schürrle,https://fbref.com/en/players/ecbb3fdf/Andre-Schurrle,2015,de Germany,Friendlies (M),24,2,73,0,1
André Schürrle,https://fbref.com/en/players/ecbb3fdf/Andre-Schurrle,2016,de Germany,Friendlies (M),25,3,74,0,0
André Schürrle,https://fbref.com/en/players/ecbb3fdf/Andre-Schurrle,2016,de Germany,UEFA Euro,25,3,74,0,0
André Schürrle,https://fbref.com/en/players/ecbb3fdf/Andre-Schurrle,2016,de Germany,UEFA Euro Qualifying,25,7,391,3,1
André Schürrle,https://fbref.com/en/players/ecbb3fdf/Andre-Schurrle,2017,de Germany,Friendlies (M),26,1,32,0,1
André Schürrle,https://fbref.com/en/players/ecbb3fdf/Andre-Schurrle,2018,de Germany,WCQ,27,1,90,2,1
Andrea Dossena,https://fbref.com/en/players/3ae59b9c/Andrea-Dossena,2009,it Italy,FIFA Confederations Cup,27,1,90,0,0
Andrea Dossena,https://fbref.com/en/players/3ae59b9c/Andrea-Dossena,2010,it Italy,WCQ,28,4,274,0,
Andreas Christensen,https://fbref.com/en/players/1cb49278/Andreas-Christensen,2016,dk Denmark,UEFA Euro Qualifying,19,1,14,0,0
Andreas Christensen,https://fbref.com/en/players/1cb49278/Andreas-Christensen,2016,dk Denmark,Friendlies (M),19,3,270,0,0
Andreas Christensen,https://fbref.com/en/players/1cb49278/Andreas-Christensen,2017,dk Denmark,Friendlies (M),20,1,45,0,0
Andreas Christensen,https://fbref.com/en/players/1cb49278/Andreas-Christensen,2018,dk Denmark,1. World Cup,22,4,305,0,0
Andreas Christensen,https://fbref.com/en/players/1cb49278/Andreas-Christensen,2018,dk Denmark,WCQ,21,6,540,0,0
Andreas Christensen,https://fbref.com/en/players/1cb49278/Andreas-Christensen,2018,dk Denmark,Friendlies (M),21,3,242,0,0
Andreas Christensen,https://fbref.com/en/players/1cb49278/Andreas-Christensen,2018-2019,dk Denmark,UEFA Nations League,22,2,102,0,0
Andreas Christensen,https://fbref.com/en/players/1cb49278/Andreas-Christensen,2019,dk Denmark,Friendlies (M),22,1,59,0,0
Andreas Christensen,https://fbref.com/en/players/1cb49278/Andreas-Christensen,2020,dk Denmark,Friendlies (M),23,1,19,0,0
Andreas Christensen,https://fbref.com/en/players/1cb49278/Andreas-Christensen,2020-2021,dk Denmark,UEFA Nations League,24,6,495,0,0
Andreas Christensen,https://fbref.com/en/players/1cb49278/Andreas-Christensen,2021,dk Denmark,Friendlies (M),24,1,90,0,0
Andreas Christensen,https://fbref.com/en/players/1cb49278/Andreas-Christensen,2021,dk Denmark,UEFA Euro Qualifying,24,7,466,0,0
Andreas Christensen,https://fbref.com/en/players/1cb49278/Andreas-Christensen,2021,dk Denmark,UEFA Euro,24,6,518,1,0
Andreas Christensen,https://fbref.com/en/players/1cb49278/Andreas-Christensen,2022,dk Denmark,1. World Cup,26,3,270,1,0
Andreas Christensen,https://fbref.com/en/players/1cb49278/Andreas-Christensen,2022,dk Denmark,WCQ,25,9,810,0,0
Andreas Christensen,https://fbref.com/en/players/1cb49278/Andreas-Christensen,2022-2023,dk Denmark,UEFA Nations League,26,4,360,0,0
Andreas Christensen,https://fbref.com/en/players/1cb49278/Andreas-Christensen,2024,dk Denmark,Friendlies (M),27,1,62,0,0
Andreas Christensen,https://fbref.com/en/players/1cb49278/Andreas-Christensen,2024,dk Denmark,UEFA Euro,27,4,350,0,0
Andreas Christensen,https://fbref.com/en/players/1cb49278/Andreas-Christensen,2024,dk Denmark,UEFA Euro Qualifying,27,7,557,0,0
Andreas Christensen,https://fbref.com/en/players/1cb49278/Andreas-Christensen,2026,dk Denmark,WCQ,29,6,540,1,2
Andreas Cornelius,https://fbref.com/en/players/c693347d/Andreas-Cornelius,2014,dk Denmark,Friendlies (M),20,1,28,0,0
Andreas Cornelius,https://fbref.com/en/players/c693347d/Andreas-Cornelius,2014,dk Denmark,WCQ,20,5,345,1,0
Andreas Cornelius,https://fbref.com/en/players/c693347d/Andreas-Cornelius,2016,dk Denmark,Friendlies (M),22,1,45,1,0
Andreas Cornelius,https://fbref.com/en/players/c693347d/Andreas-Cornelius,2016,dk Denmark,UEFA Euro Qualifying,22,0,,,
Andreas Cornelius,https://fbref.com/en/players/c693347d/Andreas-Cornelius,2018,dk Denmark,1. World Cup,25,3,162,0,0
Andreas Cornelius,https://fbref.com/en/players/c693347d/Andreas-Cornelius,2018,dk Denmark,WCQ,24,8,490,2,0
Andreas Cornelius,https://fbref.com/en/players/c693347d/Andreas-Cornelius,2018,dk Denmark,Friendlies (M),24,1,90,0,0
Andreas Cornelius,https://fbref.com/en/players/c693347d/Andreas-Cornelius,2018-2019,dk Denmark,UEFA Nations League,25,2,18,0,0
Andreas Cornelius,https://fbref.com/en/players/c693347d/Andreas-Cornelius,2019,dk Denmark,Friendlies (M),25,0,,,
Andreas Cornelius,https://fbref.com/en/players/c693347d/Andreas-Cornelius,2020,dk Denmark,Friendlies (M),26,1,45,1,0
Andreas Cornelius,https://fbref.com/en/players/c693347d/Andreas-Cornelius,2020-2021,dk Denmark,UEFA Nations League,27,1,8,0,0
Andreas Cornelius,https://fbref.com/en/players/c693347d/Andreas-Cornelius,2021,dk Denmark,Friendlies (M),27,1,20,1,0
Andreas Cornelius,https://fbref.com/en/players/c693347d/Andreas-Cornelius,2021,dk Denmark,UEFA Euro,27,4,61,0,1
Andreas Cornelius,https://fbref.com/en/players/c693347d/Andreas-Cornelius,2021,dk Denmark,UEFA Euro Qualifying,27,2,122,0,0
Andreas Cornelius,https://fbref.com/en/players/c693347d/Andreas-Cornelius,2022,dk Denmark,1. World Cup,29,3,92,0,0
Andreas Cornelius,https://fbref.com/en/players/c693347d/Andreas-Cornelius,2022,dk Denmark,WCQ,28,4,114,1,0
Andreas Cornelius,https://fbref.com/en/players/c693347d/Andreas-Cornelius,2022,dk Denmark,Friendlies (M),28,1,35,0,0
Andreas Cornelius,https://fbref.com/en/players/c693347d/Andreas-Cornelius,2022-2023,dk Denmark,UEFA Nations League,29,4,177,2,0
Andreas Pereira,https://fbref.com/en/players/6639e500/Andreas-Pereira,2018,br Brazil,Friendlies (M),22,1,21,0,0
Andreas Pereira,https://fbref.com/en/players/6639e500/Andreas-Pereira,2024,br Brazil,Friendlies (M),28,4,151,1,0
Andreas Pereira,https://fbref.com/en/players/6639e500/Andreas-Pereira,2026,br Brazil,WCQ,30,2,23,1,0
Andreas Weimann,https://fbref.com/en/players/5996ffd9/Andreas-Weimann,2014,at Austria,WCQ,22,7,281,0,2
Andreas Weimann,https://fbref.com/en/players/5996ffd9/Andreas-Weimann,2014,at Austria,Friendlies (M),22,1,20,0,0
Andreas Weimann,https://fbref.com/en/players/5996ffd9/Andreas-Weimann,2015,at Austria,Friendlies (M),23,1,2,0,0
Andreas Weimann,https://fbref.com/en/players/5996ffd9/Andreas-Weimann,2016,at Austria,UEFA Euro Qualifying,24,0,,,
Andreas Weimann,https://fbref.com/en/players/5996ffd9/Andreas-Weimann,2022,at Austria,WCQ,30,1,14,0,0
Andreas Weimann,https://fbref.com/en/players/5996ffd9/Andreas-Weimann,2022,at Austria,Friendlies (M),30,2,62,0,0
Andreas Weimann,https://fbref.com/en/players/5996ffd9/Andreas-Weimann,2022-2023,at Austria,UEFA Nations League,30,4,247,1,0
Andreas Weimann,https://fbref.com/en/players/5996ffd9/Andreas-Weimann,2024,at Austria,Friendlies (M),32,3,60,1,0
Andreas Weimann,https://fbref.com/en/players/5996ffd9/Andreas-Weimann,2024,at Austria,UEFA Euro,32,1,1,0,0
Andreas Weimann,https://fbref.com/en/players/5996ffd9/Andreas-Weimann,2024,at Austria,UEFA Euro Qualifying,32,0,,,
Andreas Weimann,https://fbref.com/en/players/5996ffd9/Andreas-Weimann,2024-2025,at Austria,UEFA Nations League,32,1,14,0,0
Andreas Weimann,https://fbref.com/en/players/5996ffd9/Andreas-Weimann,2026,at Austria,WCQ,34,0,,,
Andrej Kramarić,https://fbref.com/en/players/603cb947/Andrej-Kramaric,2014,hr Croatia,Friendlies (M),22,1,90,0,1
Andrej Kramarić,https://fbref.com/en/players/603cb947/Andrej-Kramaric,2015,hr Croatia,Friendlies (M),23,2,49,1,0
Andrej Kramarić,https://fbref.com/en/players/603cb947/Andrej-Kramaric,2016,hr Croatia,Friendlies (M),24,3,170,2,0
Andrej Kramarić,https://fbref.com/en/players/603cb947/Andrej-Kramaric,2016,hr Croatia,UEFA Euro,24,3,6,0,0
Andrej Kramarić,https://fbref.com/en/players/603cb947/Andrej-Kramaric,2016,hr Croatia,UEFA Euro Qualifying,24,6,180,2,0
Andrej Kramarić,https://fbref.com/en/players/603cb947/Andrej-Kramaric,2017,hr Croatia,Friendlies (M),25,1,90,0,0
Andrej Kramarić,https://fbref.com/en/players/603cb947/Andrej-Kramaric,2018,hr Croatia,1. World Cup,26,7,334,1,0
Andrej Kramarić,https://fbref.com/en/players/603cb947/Andrej-Kramaric,2018,hr Croatia,WCQ,26,11,485,3,2
Andrej Kramarić,https://fbref.com/en/players/603cb947/Andrej-Kramaric,2018,hr Croatia,Friendlies (M),26,5,318,1,0
Andrej Kramarić,https://fbref.com/en/players/603cb947/Andrej-Kramaric,2018-2019,hr Croatia,UEFA Nations League,27,3,268,2,0
Andrej Kramarić,https://fbref.com/en/players/603cb947/Andrej-Kramaric,2019,hr Croatia,Friendlies (M),27,1,62,0,0
Andrej Kramarić,https://fbref.com/en/players/603cb947/Andrej-Kramaric,2020-2021,hr Croatia,UEFA Nations League,29,4,191,1,0
Andrej Kramarić,https://fbref.com/en/players/603cb947/Andrej-Kramaric,2021,hr Croatia,Friendlies (M),29,2,119,0,0
Andrej Kramarić,https://fbref.com/en/players/603cb947/Andrej-Kramaric,2021,hr Croatia,UEFA Euro Qualifying,29,3,270,1,1
Andrej Kramarić,https://fbref.com/en/players/603cb947/Andrej-Kramaric,2021,hr Croatia,UEFA Euro,29,4,226,0,1
Andrej Kramarić,https://fbref.com/en/players/603cb947/Andrej-Kramaric,2022,hr Croatia,1. World Cup,30,7,474,2,0
Andrej Kramarić,https://fbref.com/en/players/603cb947/Andrej-Kramaric,2022,hr Croatia,WCQ,30,9,564,2,3
Andrej Kramarić,https://fbref.com/en/players/603cb947/Andrej-Kramaric,2022,hr Croatia,Friendlies (M),30,3,136,3,0
Andrej Kramarić,https://fbref.com/en/players/603cb947/Andrej-Kramaric,2022-2023,hr Croatia,UEFA Nations League,31,8,429,2,0
Andrej Kramarić,https://fbref.com/en/players/603cb947/Andrej-Kramaric,2024,hr Croatia,Friendlies (M),32,2,107,0,0
Andrej Kramarić,https://fbref.com/en/players/603cb947/Andrej-Kramaric,2024,hr Croatia,UEFA Euro,32,3,243,1,0
Andrej Kramarić,https://fbref.com/en/players/603cb947/Andrej-Kramaric,2024,hr Croatia,UEFA Euro Qualifying,32,6,463,4,0
Andrej Kramarić,https://fbref.com/en/players/603cb947/Andrej-Kramaric,2024-2025,hr Croatia,UEFA Nations League,33,8,560,1,0
Andrej Kramarić,https://fbref.com/en/players/603cb947/Andrej-Kramaric,2026,hr Croatia,WCQ,34,8,521,6,1
Andrew Crofts,https://fbref.com/en/players/5ba16a76/Andrew-Crofts,2006,wls Wales,WCQ,21,1,23,0,
Andrew Crofts,https://fbref.com/en/players/5ba16a76/Andrew-Crofts,2008,wls Wales,UEFA Euro Qualifying,23,2,13,0,
Andrew Crofts,https://fbref.com/en/players/5ba16a76/Andrew-Crofts,2012,wls Wales,UEFA Euro Qualifying,27,6,467,0,
Andrew Crofts,https://fbref.com/en/players/5ba16a76/Andrew-Crofts,2014,wls Wales,WCQ,29,2,86,0,0
Andrew Crofts,https://fbref.com/en/players/5ba16a76/Andrew-Crofts,2016,wls Wales,Friendlies (M),31,1,45,0,0
Andrew Crofts,https://fbref.com/en/players/5ba16a76/Andrew-Crofts,2017,wls Wales,Friendlies (M),32,1,24,0,0
Andrew Crofts,https://fbref.com/en/players/5ba16a76/Andrew-Crofts,2018,wls Wales,WCQ,33,0,,,
Andrew Johnson,https://fbref.com/en/players/facd1b3e/Andrew-Johnson,2008,eng England,UEFA Euro Qualifying,26,5,198,0,
Andrew Robertson,https://fbref.com/en/players/2e4f5f03/Andrew-Robertson,2014,sct Scotland,Friendlies (M),19,2,114,1,0
Andrew Robertson,https://fbref.com/en/players/2e4f5f03/Andrew-Robertson,2015,sct Scotland,Friendlies (M),20,0,,,
Andrew Robertson,https://fbref.com/en/players/2e4f5f03/Andrew-Robertson,2016,sct Scotland,Friendlies (M),21,2,102,0,0
Andrew Robertson,https://fbref.com/en/players/2e4f5f03/Andrew-Robertson,2016,sct Scotland,UEFA Euro Qualifying,21,5,418,0,0
Andrew Robertson,https://fbref.com/en/players/2e4f5f03/Andrew-Robertson,2017,sct Scotland,Friendlies (M),22,2,135,0,0
Andrew Robertson,https://fbref.com/en/players/2e4f5f03/Andrew-Robertson,2018,sct Scotland,WCQ,23,8,720,1,0
Andrew Robertson,https://fbref.com/en/players/2e4f5f03/Andrew-Robertson,2018,sct Scotland,Friendlies (M),23,4,336,0,0
Andrew Robertson,https://fbref.com/en/players/2e4f5f03/Andrew-Robertson,2018-2019,sct Scotland,UEFA Nations League,24,4,360,0,0
Andrew Robertson,https://fbref.com/en/players/2e4f5f03/Andrew-Robertson,2020-2021,sct Scotland,UEFA Nations League,26,4,360,0,0
Andrew Robertson,https://fbref.com/en/players/2e4f5f03/Andrew-Robertson,2021,sct Scotland,UEFA Euro Qualifying,26,8,780,1,0
Andrew Robertson,https://fbref.com/en/players/2e4f5f03/Andrew-Robertson,2021,sct Scotland,UEFA Euro,26,3,270,0,0
Andrew Robertson,https://fbref.com/en/players/2e4f5f03/Andrew-Robertson,2021,sct Scotland,Friendlies (M),26,2,131,0,1
Andrew Robertson,https://fbref.com/en/players/2e4f5f03/Andrew-Robertson,2022,sct Scotland,WCQ,27,11,961,0,2
Andrew Robertson,https://fbref.com/en/players/2e4f5f03/Andrew-Robertson,2022,sct Scotland,Friendlies (M),27,2,147,0,1
Andrew Robertson,https://fbref.com/en/players/2e4f5f03/Andrew-Robertson,2022-2023,sct Scotland,UEFA Nations League,28,2,165,0,0
Andrew Robertson,https://fbref.com/en/players/2e4f5f03/Andrew-Robertson,2023,sct Scotland,Friendlies (M),28,1,90,0,0
Andrew Robertson,https://fbref.com/en/players/2e4f5f03/Andrew-Robertson,2024,sct Scotland,Friendlies (M),29,4,253,0,1
Andrew Robertson,https://fbref.com/en/players/2e4f5f03/Andrew-Robertson,2024,sct Scotland,UEFA Euro,29,3,268,0,0
Andrew Robertson,https://fbref.com/en/players/2e4f5f03/Andrew-Robertson,2024,sct Scotland,UEFA Euro Qualifying,29,6,493,0,3
Andrew Robertson,https://fbref.com/en/players/2e4f5f03/Andrew-Robertson,2024-2025,sct Scotland,UEFA Nations League,30,6,540,1,0
Andrew Robertson,https://fbref.com/en/players/2e4f5f03/Andrew-Robertson,2025,sct Scotland,Friendlies (M),30,2,148,0,0
Andrew Robertson,https://fbref.com/en/players/2e4f5f03/Andrew-Robertson,2026,sct Scotland,WCQ,31,6,539,0,2
Andrey Arshavin,https://fbref.com/en/players/8fd1ea1f/Andrey-Arshavin,2006,ru Russia,WCQ,24,10,779,5,
Andrey Arshavin,https://fbref.com/en/players/8fd1ea1f/Andrey-Arshavin,2008,ru Russia,UEFA Euro,26,3,300,2,
Andrey Arshavin,https://fbref.com/en/players/8fd1ea1f/Andrey-Arshavin,2008,ru Russia,UEFA Euro Qualifying,26,12,1071,3,
Andrey Arshavin,https://fbref.com/en/players/8fd1ea1f/Andrey-Arshavin,2010,ru Russia,WCQ,28,11,989,3,
Andrey Arshavin,https://fbref.com/en/players/8fd1ea1f/Andrey-Arshavin,2012,ru Russia,UEFA Euro,30,3,270,0,3
Andrey Arshavin,https://fbref.com/en/players/8fd1ea1f/Andrey-Arshavin,2012,ru Russia,UEFA Euro Qualifying,30,10,889,0,
Andros Townsend,https://fbref.com/en/players/b28bbd58/Andros-Townsend,2014,eng England,WCQ,22,2,164,1,0
Andros Townsend,https://fbref.com/en/players/b28bbd58/Andros-Townsend,2014,eng England,Friendlies (M),22,1,5,0,0
Andros Townsend,https://fbref.com/en/players/b28bbd58/Andros-Townsend,2015,eng England,Friendlies (M),23,2,46,1,0
Andros Townsend,https://fbref.com/en/players/b28bbd58/Andros-Townsend,2016,eng England,Friendlies (M),24,2,41,0,0
Andros Townsend,https://fbref.com/en/players/b28bbd58/Andros-Townsend,2016,eng England,UEFA Euro Qualifying,24,3,116,1,0
Andros Townsend,https://fbref.com/en/players/b28bbd58/Andros-Townsend,2018,eng England,WCQ,26,1,29,0,0
Andy Carroll,https://fbref.com/en/players/b581987a/Andy-Carroll,2012,eng England,UEFA Euro,23,3,160,1,0
Andy Carroll,https://fbref.com/en/players/b581987a/Andy-Carroll,2012,eng England,UEFA Euro Qualifying,23,1,2,0,
Andy Carroll,https://fbref.com/en/players/b581987a/Andy-Carroll,2014,eng England,WCQ,25,1,18,0,0
Andy Keogh,https://fbref.com/en/players/c7e84594/Andy-Keogh,2008,ie Rep. of Ireland,UEFA Euro Qualifying,21,3,150,0,
Andy Keogh,https://fbref.com/en/players/c7e84594/Andy-Keogh,2010,ie Rep. of Ireland,WCQ,23,4,29,0,
Andy Keogh,https://fbref.com/en/players/c7e84594/Andy-Keogh,2012,ie Rep. of Ireland,UEFA Euro Qualifying,25,3,35,0,
Andy Keogh,https://fbref.com/en/players/c7e84594/Andy-Keogh,2014,ie Rep. of Ireland,WCQ,27,2,31,1,0
Andy King,https://fbref.com/en/players/d790907f/Andy-King,2010,wls Wales,WCQ,21,1,11,0,
Andy King,https://fbref.com/en/players/d790907f/Andy-King,2012,wls Wales,UEFA Euro Qualifying,23,4,192,0,
Andy King,https://fbref.com/en/players/d790907f/Andy-King,2014,wls Wales,WCQ,25,8,464,0,1
Andy King,https://fbref.com/en/players/d790907f/Andy-King,2014,wls Wales,Friendlies (M),25,1,75,0,0
Andy King,https://fbref.com/en/players/d790907f/Andy-King,2015,wls Wales,Friendlies (M),26,1,90,0,0
Andy King,https://fbref.com/en/players/d790907f/Andy-King,2016,wls Wales,Friendlies (M),27,1,63,0,0
Andy King,https://fbref.com/en/players/d790907f/Andy-King,2016,wls Wales,UEFA Euro,27,3,118,0,0
Andy King,https://fbref.com/en/players/d790907f/Andy-King,2016,wls Wales,UEFA Euro Qualifying,27,6,388,0,1
Andy King,https://fbref.com/en/players/d790907f/Andy-King,2017,wls Wales,Friendlies (M),28,1,63,0,0
Andy King,https://fbref.com/en/players/d790907f/Andy-King,2018,wls Wales,WCQ,29,7,505,0,0
Andy King,https://fbref.com/en/players/d790907f/Andy-King,2018,wls Wales,Friendlies (M),29,3,221,0,0
Andy King,https://fbref.com/en/players/d790907f/Andy-King,2018-2019,wls Wales,UEFA Nations League,29,1,4,0,0
Andy O'Brien,https://fbref.com/en/players/1719f6b2/Andy-OBrien,2002,ie Rep. of Ireland,1. World Cup,22,0,,,
Andy O'Brien,https://fbref.com/en/players/1719f6b2/Andy-OBrien,2006,ie Rep. of Ireland,WCQ,26,6,540,0,
Andy O'Brien,https://fbref.com/en/players/1719f6b2/Andy-OBrien,2008,ie Rep. of Ireland,UEFA Euro Qualifying,28,3,173,0,
Andy Reid,https://fbref.com/en/players/8c4c0cf8/Andy-Reid,2006,ie Rep. of Ireland,WCQ,23,8,609,1,
Andy Reid,https://fbref.com/en/players/8c4c0cf8/Andy-Reid,2008,ie Rep. of Ireland,UEFA Euro Qualifying,25,6,515,1,
Andy Reid,https://fbref.com/en/players/8c4c0cf8/Andy-Reid,2010,ie Rep. of Ireland,WCQ,27,0,,,
Andy Reid,https://fbref.com/en/players/8c4c0cf8/Andy-Reid,2014,ie Rep. of Ireland,WCQ,31,1,74,0,0
Angelo Ogbonna,https://fbref.com/en/players/74b2cd7e/Angelo-Ogbonna,2012,it Italy,UEFA Euro,23,0,,,
Angelo Ogbonna,https://fbref.com/en/players/74b2cd7e/Angelo-Ogbonna,2014,it Italy,WCQ,25,2,81,0,0
Angelo Ogbonna,https://fbref.com/en/players/74b2cd7e/Angelo-Ogbonna,2014,it Italy,Friendlies (M),25,0,,,
Angelo Ogbonna,https://fbref.com/en/players/74b2cd7e/Angelo-Ogbonna,2016,it Italy,Friendlies (M),27,1,6,0,0
Angelo Ogbonna,https://fbref.com/en/players/74b2cd7e/Angelo-Ogbonna,2016,it Italy,UEFA Euro,27,1,90,0,0
Angelo Ogbonna,https://fbref.com/en/players/74b2cd7e/Angelo-Ogbonna,2016,it Italy,UEFA Euro Qualifying,27,1,16,0,0
Angelo Ogbonna,https://fbref.com/en/players/74b2cd7e/Angelo-Ogbonna,2018,it Italy,WCQ,29,1,28,0,0
Angelo Ogbonna,https://fbref.com/en/players/74b2cd7e/Angelo-Ogbonna,2018,it Italy,Friendlies (M),29,0,,,
Angelo Ogbonna,https://fbref.com/en/players/74b2cd7e/Angelo-Ogbonna,2020,it Italy,Friendlies (M),31,0,,,
Anthony Martial,https://fbref.com/en/players/8b788c01/Anthony-Martial,2015,fr France,Friendlies (M),19,6,281,0,3
Anthony Martial,https://fbref.com/en/players/8b788c01/Anthony-Martial,2016,fr France,Friendlies (M),20,4,180,1,1
Anthony Martial,https://fbref.com/en/players/8b788c01/Anthony-Martial,2016,fr France,UEFA Euro,20,3,70,0,0
Anthony Martial,https://fbref.com/en/players/8b788c01/Anthony-Martial,2017,fr France,Friendlies (M),21,2,107,0,1
Anthony Martial,https://fbref.com/en/players/8b788c01/Anthony-Martial,2018,fr France,WCQ,22,2,80,0,0
Anthony Martial,https://fbref.com/en/players/8b788c01/Anthony-Martial,2018,fr France,Friendlies (M),22,1,57,0,0
Anthony Martial,https://fbref.com/en/players/8b788c01/Anthony-Martial,2020,fr France,Friendlies (M),24,2,79,0,0
Anthony Martial,https://fbref.com/en/players/8b788c01/Anthony-Martial,2020-2021,fr France,UEFA Nations League,24,5,260,0,1
Anthony Martial,https://fbref.com/en/players/8b788c01/Anthony-Martial,2022,fr France,WCQ,26,5,229,1,1
Anthony Pilkington,https://fbref.com/en/players/b31af577/Anthony-Pilkington,2014,ie Rep. of Ireland,WCQ,25,2,89,0,0
Anthony Pilkington,https://fbref.com/en/players/b31af577/Anthony-Pilkington,2014,ie Rep. of Ireland,Friendlies (M),25,6,299,1,0
Anthony Pilkington,https://fbref.com/en/players/b31af577/Anthony-Pilkington,2016,ie Rep. of Ireland,Friendlies (M),27,1,24,0,0
Anthony Pilkington,https://fbref.com/en/players/b31af577/Anthony-Pilkington,2016,ie Rep. of Ireland,UEFA Euro Qualifying,27,0,,,
Anthony Réveillère,https://fbref.com/en/players/8ad24039/Anthony-Reveillere,2006,fr France,WCQ,26,1,90,0,
Anthony Réveillère,https://fbref.com/en/players/8ad24039/Anthony-Reveillere,2010,fr France,1. World Cup,30,0,,,
Anthony Réveillère,https://fbref.com/en/players/8ad24039/Anthony-Reveillere,2012,fr France,UEFA Euro,32,1,90,0,0
Anthony Réveillère,https://fbref.com/en/players/8ad24039/Anthony-Reveillere,2012,fr France,UEFA Euro Qualifying,32,5,405,1,
Anthony Réveillère,https://fbref.com/en/players/8ad24039/Anthony-Reveillere,2014,fr France,WCQ,34,1,90,0,0
Antolín Alcaraz,https://fbref.com/en/players/cee38e27/Antolin-Alcaraz,2010,py Paraguay,1. World Cup,27,4,390,1,
Antolín Alcaraz,https://fbref.com/en/players/cee38e27/Antolin-Alcaraz,2014,py Paraguay,WCQ,31,1,90,0,0
Antonio Nocerino,https://fbref.com/en/players/07cf67f3/Antonio-Nocerino,2012,it Italy,UEFA Euro,26,2,42,0,0
Antonio Nocerino,https://fbref.com/en/players/07cf67f3/Antonio-Nocerino,2012,it Italy,UEFA Euro Qualifying,26,4,139,0,
Antonio Nocerino,https://fbref.com/en/players/07cf67f3/Antonio-Nocerino,2014,it Italy,WCQ,28,1,90,0,0
Antonio Valencia,https://fbref.com/en/players/08aa17d0/Antonio-Valencia,2006,ec Ecuador,1. World Cup,20,4,314,0,
Antonio Valencia,https://fbref.com/en/players/08aa17d0/Antonio-Valencia,2014,ec Ecuador,1. World Cup,28,3,229,0,0
Antonio Valencia,https://fbref.com/en/players/08aa17d0/Antonio-Valencia,2014,ec Ecuador,WCQ,28,11,949,0,2
Antonio Valencia,https://fbref.com/en/players/08aa17d0/Antonio-Valencia,2014,ec Ecuador,Friendlies (M),28,3,258,0,2
Antonio Valencia,https://fbref.com/en/players/08aa17d0/Antonio-Valencia,2015,ec Ecuador,Friendlies (M),29,2,180,0,0
Antonio Valencia,https://fbref.com/en/players/08aa17d0/Antonio-Valencia,2018,ec Ecuador,WCQ,32,12,1080,1,2
Antonio Valencia,https://fbref.com/en/players/08aa17d0/Antonio-Valencia,2018,ec Ecuador,Friendlies (M),32,1,80,1,0
Antonio Valencia,https://fbref.com/en/players/08aa17d0/Antonio-Valencia,2019,ec Ecuador,Friendlies (M),33,3,203,0,0
Apostolos Vellios,https://fbref.com/en/players/44918bf5/Apostolos-Vellios,2016,gr Greece,Friendlies (M),24,4,302,0,0
Apostolos Vellios,https://fbref.com/en/players/44918bf5/Apostolos-Vellios,2018,gr Greece,WCQ,26,4,90,0,0
Armand Traoré,https://fbref.com/en/players/021ea92d/Armand-Traore,2012,sn Senegal,Africa Cup of Nations,22,0,,,
Armand Traoré,https://fbref.com/en/players/021ea92d/Armand-Traore,2014,sn Senegal,WCQ,24,0,,,
Armand Traoré,https://fbref.com/en/players/021ea92d/Armand-Traore,2018,sn Senegal,Friendlies (M),28,2,98,0,0
Aron Gunnarsson,https://fbref.com/en/players/e2533c20/Aron-Gunnarsson,2010,is Iceland,WCQ,20,7,392,0,
Aron Gunnarsson,https://fbref.com/en/players/e2533c20/Aron-Gunnarsson,2012,is Iceland,UEFA Euro Qualifying,22,5,450,0,
Aron Gunnarsson,https://fbref.com/en/players/e2533c20/Aron-Gunnarsson,2014,is Iceland,WCQ,24,11,921,0,1
Aron Gunnarsson,https://fbref.com/en/players/e2533c20/Aron-Gunnarsson,2014,is Iceland,Friendlies (M),24,3,180,0,0
Aron Gunnarsson,https://fbref.com/en/players/e2533c20/Aron-Gunnarsson,2015,is Iceland,Friendlies (M),25,1,45,0,0
Aron Gunnarsson,https://fbref.com/en/players/e2533c20/Aron-Gunnarsson,2016,is Iceland,Friendlies (M),26,5,327,0,0
Aron Gunnarsson,https://fbref.com/en/players/e2533c20/Aron-Gunnarsson,2016,is Iceland,UEFA Euro,26,5,424,0,0
Aron Gunnarsson,https://fbref.com/en/players/e2533c20/Aron-Gunnarsson,2016,is Iceland,UEFA Euro Qualifying,26,9,785,2,1
Aron Gunnarsson,https://fbref.com/en/players/e2533c20/Aron-Gunnarsson,2017,is Iceland,Friendlies (M),27,2,102,0,0
Aron Gunnarsson,https://fbref.com/en/players/e2533c20/Aron-Gunnarsson,2018,is Iceland,Friendlies (M),28,1,90,0,0
Aron Gunnarsson,https://fbref.com/en/players/e2533c20/Aron-Gunnarsson,2018,is Iceland,WCQ,28,9,772,0,1
Aron Gunnarsson,https://fbref.com/en/players/e2533c20/Aron-Gunnarsson,2018,is Iceland,1. World Cup,29,3,251,0,0
Aron Gunnarsson,https://fbref.com/en/players/e2533c20/Aron-Gunnarsson,2018-2019,is Iceland,UEFA Nations League,29,1,90,0,0
Aron Gunnarsson,https://fbref.com/en/players/e2533c20/Aron-Gunnarsson,2020-2021,is Iceland,UEFA Nations League,31,2,66,0,0
Aron Gunnarsson,https://fbref.com/en/players/e2533c20/Aron-Gunnarsson,2021,is Iceland,Friendlies (M),31,3,222,0,0
Aron Gunnarsson,https://fbref.com/en/players/e2533c20/Aron-Gunnarsson,2021,is Iceland,UEFA Euro Qualifying,31,8,685,0,0
Aron Gunnarsson,https://fbref.com/en/players/e2533c20/Aron-Gunnarsson,2022,is Iceland,WCQ,32,3,225,0,0
Aron Gunnarsson,https://fbref.com/en/players/e2533c20/Aron-Gunnarsson,2022,is Iceland,Friendlies (M),32,2,173,0,0
Aron Gunnarsson,https://fbref.com/en/players/e2533c20/Aron-Gunnarsson,2022-2023,is Iceland,UEFA Nations League,33,1,10,0,0
Aron Gunnarsson,https://fbref.com/en/players/e2533c20/Aron-Gunnarsson,2024,is Iceland,UEFA Euro Qualifying,34,3,114,3,1
Aron Gunnarsson,https://fbref.com/en/players/e2533c20/Aron-Gunnarsson,2024-2025,is Iceland,UEFA Nations League,35,1,19,0,0
Aron Gunnarsson,https://fbref.com/en/players/e2533c20/Aron-Gunnarsson,2025,is Iceland,Friendlies (M),35,1,14,0,0
Aron Gunnarsson,https://fbref.com/en/players/e2533c20/Aron-Gunnarsson,2026,is Iceland,WCQ,36,0,,,
Arouna Koné,https://fbref.com/en/players/f9a72ca4/Arouna-Kone,2006,ci Côte d'Ivoire,1. World Cup,22,3,176,0,
Arouna Koné,https://fbref.com/en/players/f9a72ca4/Arouna-Kone,2013,ci Côte d'Ivoire,Africa Cup of Nations,29,1,90,0,0
Arouna Koné,https://fbref.com/en/players/f9a72ca4/Arouna-Kone,2014,ci Côte d'Ivoire,WCQ,30,1,16,0,
Artur Boruc,https://fbref.com/en/players/34ccf6fa/Artur-Boruc,2006,pl Poland,1. World Cup,26,3,270,0,
Artur Boruc,https://fbref.com/en/players/34ccf6fa/Artur-Boruc,2006,pl Poland,WCQ,25,3,270,0,
Artur Boruc,https://fbref.com/en/players/34ccf6fa/Artur-Boruc,2008,pl Poland,UEFA Euro,27,3,270,0,
Artur Boruc,https://fbref.com/en/players/34ccf6fa/Artur-Boruc,2008,pl Poland,UEFA Euro Qualifying,27,9,810,0,
Artur Boruc,https://fbref.com/en/players/34ccf6fa/Artur-Boruc,2010,pl Poland,WCQ,29,5,450,0,
Artur Boruc,https://fbref.com/en/players/34ccf6fa/Artur-Boruc,2014,pl Poland,WCQ,33,6,540,0,0
Artur Boruc,https://fbref.com/en/players/34ccf6fa/Artur-Boruc,2014,pl Poland,Friendlies (M),33,2,135,0,0
Artur Boruc,https://fbref.com/en/players/34ccf6fa/Artur-Boruc,2015,pl Poland,Friendlies (M),34,2,135,0,0
Artur Boruc,https://fbref.com/en/players/34ccf6fa/Artur-Boruc,2016,pl Poland,Friendlies (M),35,3,135,0,0
Artur Boruc,https://fbref.com/en/players/34ccf6fa/Artur-Boruc,2016,pl Poland,UEFA Euro,35,0,,,
Artur Boruc,https://fbref.com/en/players/34ccf6fa/Artur-Boruc,2016,pl Poland,UEFA Euro Qualifying,35,0,,,
Artur Boruc,https://fbref.com/en/players/34ccf6fa/Artur-Boruc,2017,pl Poland,Friendlies (M),36,1,44,0,0
Artur Boruc,https://fbref.com/en/players/34ccf6fa/Artur-Boruc,2018,pl Poland,WCQ,37,0,,,
Asamoah Gyan,https://fbref.com/en/players/7f7bbbc2/Asamoah-Gyan,2006,gh Ghana,1. World Cup,20,3,262,1,
Asamoah Gyan,https://fbref.com/en/players/7f7bbbc2/Asamoah-Gyan,2010,gh Ghana,1. World Cup,24,5,500,3,
Asamoah Gyan,https://fbref.com/en/players/7f7bbbc2/Asamoah-Gyan,2010,gh Ghana,Africa Cup of Nations,24,5,360,3,0
Asamoah Gyan,https://fbref.com/en/players/7f7bbbc2/Asamoah-Gyan,2012,gh Ghana,Africa Cup of Nations,26,5,426,1,2
Asamoah Gyan,https://fbref.com/en/players/7f7bbbc2/Asamoah-Gyan,2013,gh Ghana,Africa Cup of Nations,27,6,541,1,1
Asamoah Gyan,https://fbref.com/en/players/7f7bbbc2/Asamoah-Gyan,2014,gh Ghana,1. World Cup,28,3,270,2,1
Asamoah Gyan,https://fbref.com/en/players/7f7bbbc2/Asamoah-Gyan,2014,gh Ghana,WCQ,28,6,479,6,
Asamoah Gyan,https://fbref.com/en/players/7f7bbbc2/Asamoah-Gyan,2014,gh Ghana,Friendlies (M),28,1,15,0,0
Asamoah Gyan,https://fbref.com/en/players/7f7bbbc2/Asamoah-Gyan,2015,gh Ghana,Friendlies (M),29,2,43,0,0
Asamoah Gyan,https://fbref.com/en/players/7f7bbbc2/Asamoah-Gyan,2015,gh Ghana,Africa Cup of Nations,29,4,384,1,1
Asamoah Gyan,https://fbref.com/en/players/7f7bbbc2/Asamoah-Gyan,2016,gh Ghana,Friendlies (M),30,1,8,0,0
Asamoah Gyan,https://fbref.com/en/players/7f7bbbc2/Asamoah-Gyan,2017,gh Ghana,Friendlies (M),31,2,96,1,0
Asamoah Gyan,https://fbref.com/en/players/7f7bbbc2/Asamoah-Gyan,2017,gh Ghana,Africa Cup of Nations,31,5,234,1,0
Asamoah Gyan,https://fbref.com/en/players/7f7bbbc2/Asamoah-Gyan,2017,gh Ghana,Africa Cup of Nations qualification,31,1,90,2,1
Asamoah Gyan,https://fbref.com/en/players/7f7bbbc2/Asamoah-Gyan,2018,gh Ghana,WCQ,32,4,248,0,0
Asamoah Gyan,https://fbref.com/en/players/7f7bbbc2/Asamoah-Gyan,2019,gh Ghana,Africa Cup of Nations,33,2,50,0,0
Asamoah Gyan,https://fbref.com/en/players/7f7bbbc2/Asamoah-Gyan,2019,gh Ghana,Africa Cup of Nations qualification,33,1,64,0,0
Ashkan Dejagah,https://fbref.com/en/players/5171db60/Ashkan-Dejagah,2014,ir IR Iran,1. World Cup,27,3,228,0,0
Ashkan Dejagah,https://fbref.com/en/players/5171db60/Ashkan-Dejagah,2014,ir IR Iran,WCQ,27,4,307,2,
Ashkan Dejagah,https://fbref.com/en/players/5171db60/Ashkan-Dejagah,2014,ir IR Iran,Friendlies (M),27,5,359,0,1
Ashkan Dejagah,https://fbref.com/en/players/5171db60/Ashkan-Dejagah,2015,ir IR Iran,Friendlies (M),28,3,243,0,0
Ashkan Dejagah,https://fbref.com/en/players/5171db60/Ashkan-Dejagah,2015,ir IR Iran,Asian Cup,28,4,288,0,1
Ashkan Dejagah,https://fbref.com/en/players/5171db60/Ashkan-Dejagah,2015,ir IR Iran,Asian Cup qualification,28,5,393,2,
Ashkan Dejagah,https://fbref.com/en/players/5171db60/Ashkan-Dejagah,2016,ir IR Iran,Friendlies (M),29,3,187,1,0
Ashkan Dejagah,https://fbref.com/en/players/5171db60/Ashkan-Dejagah,2017,ir IR Iran,Friendlies (M),30,3,156,1,0
Ashkan Dejagah,https://fbref.com/en/players/5171db60/Ashkan-Dejagah,2018,ir IR Iran,1. World Cup,31,0,,,
Ashkan Dejagah,https://fbref.com/en/players/5171db60/Ashkan-Dejagah,2018,ir IR Iran,WCQ,31,12,888,2,0
Ashkan Dejagah,https://fbref.com/en/players/5171db60/Ashkan-Dejagah,2018,ir IR Iran,Friendlies (M),31,8,258,1,0
Ashkan Dejagah,https://fbref.com/en/players/5171db60/Ashkan-Dejagah,2019,ir IR Iran,Asian Cup,32,6,413,2,0
Ashkan Dejagah,https://fbref.com/en/players/5171db60/Ashkan-Dejagah,2022,ir IR Iran,WCQ,35,1,4,0,0
Ashley Cole,https://fbref.com/en/players/be091289/Ashley-Cole,2002,eng England,1. World Cup,21,3,270,0,
Ashley Cole,https://fbref.com/en/players/be091289/Ashley-Cole,2004,eng England,UEFA Euro,23,4,390,0,
Ashley Cole,https://fbref.com/en/players/be091289/Ashley-Cole,2006,eng England,1. World Cup,25,5,480,0,
Ashley Cole,https://fbref.com/en/players/be091289/Ashley-Cole,2006,eng England,WCQ,25,8,720,0,
Ashley Cole,https://fbref.com/en/players/be091289/Ashley-Cole,2008,eng England,UEFA Euro Qualifying,27,8,678,0,
Ashley Cole,https://fbref.com/en/players/be091289/Ashley-Cole,2010,eng England,1. World Cup,29,4,360,0,
Ashley Cole,https://fbref.com/en/players/be091289/Ashley-Cole,2010,eng England,WCQ,29,8,693,0,
Ashley Cole,https://fbref.com/en/players/be091289/Ashley-Cole,2012,eng England,UEFA Euro,31,4,390,0,0
Ashley Cole,https://fbref.com/en/players/be091289/Ashley-Cole,2012,eng England,UEFA Euro Qualifying,31,8,660,0,
Ashley Cole,https://fbref.com/en/players/be091289/Ashley-Cole,2014,eng England,WCQ,33,4,315,0,0
Ashley Cole,https://fbref.com/en/players/be091289/Ashley-Cole,2014,eng England,Friendlies (M),33,1,45,0,0
Ashley Williams,https://fbref.com/en/players/a498e276/Ashley-Williams,2010,wls Wales,WCQ,25,9,810,0,
Ashley Williams,https://fbref.com/en/players/a498e276/Ashley-Williams,2012,wls Wales,UEFA Euro Qualifying,27,8,720,0,
Ashley Williams,https://fbref.com/en/players/a498e276/Ashley-Williams,2014,wls Wales,WCQ,29,7,630,0,0
Ashley Williams,https://fbref.com/en/players/a498e276/Ashley-Williams,2014,wls Wales,Friendlies (M),29,1,63,0,0
Ashley Williams,https://fbref.com/en/players/a498e276/Ashley-Williams,2015,wls Wales,Friendlies (M),30,1,45,0,0
Ashley Williams,https://fbref.com/en/players/a498e276/Ashley-Williams,2016,wls Wales,Friendlies (M),31,3,244,0,0
Ashley Williams,https://fbref.com/en/players/a498e276/Ashley-Williams,2016,wls Wales,UEFA Euro,31,6,540,1,0
Ashley Williams,https://fbref.com/en/players/a498e276/Ashley-Williams,2016,wls Wales,UEFA Euro Qualifying,31,10,900,0,0
Ashley Williams,https://fbref.com/en/players/a498e276/Ashley-Williams,2017,wls Wales,Friendlies (M),32,1,90,0,0
Ashley Williams,https://fbref.com/en/players/a498e276/Ashley-Williams,2018,wls Wales,WCQ,33,10,891,0,0
Ashley Williams,https://fbref.com/en/players/a498e276/Ashley-Williams,2018,wls Wales,Friendlies (M),33,2,65,0,0
Ashley Williams,https://fbref.com/en/players/a498e276/Ashley-Williams,2018-2019,wls Wales,UEFA Nations League,33,3,270,0,1
Ashley Williams,https://fbref.com/en/players/a498e276/Ashley-Williams,2019,wls Wales,Friendlies (M),34,1,60,0,0
Ashley Williams,https://fbref.com/en/players/a498e276/Ashley-Williams,2021,wls Wales,UEFA Euro Qualifying,36,2,109,0,0
Ashley Young,https://fbref.com/en/players/be927d03/Ashley-Young,2010,eng England,WCQ,24,1,45,0,
Ashley Young,https://fbref.com/en/players/be927d03/Ashley-Young,2012,eng England,UEFA Euro,26,4,390,0,0
Ashley Young,https://fbref.com/en/players/be927d03/Ashley-Young,2012,eng England,UEFA Euro Qualifying,26,7,422,3,
Ashley Young,https://fbref.com/en/players/be927d03/Ashley-Young,2014,eng England,WCQ,28,3,129,1,1
Ashley Young,https://fbref.com/en/players/be927d03/Ashley-Young,2017,eng England,Friendlies (M),31,1,11,0,0
Ashley Young,https://fbref.com/en/players/be927d03/Ashley-Young,2018,eng England,1. World Cup,32,5,461,0,1
Ashley Young,https://fbref.com/en/players/be927d03/Ashley-Young,2018,eng England,Friendlies (M),32,3,177,0,0
Asmir Begović,https://fbref.com/en/players/7b4de647/Asmir-Begovic,2010,ba Bosnia & Herz'na,WCQ,22,1,1,0,
Asmir Begović,https://fbref.com/en/players/7b4de647/Asmir-Begovic,2010,ca Canada,WCQ,22,0,,,
Asmir Begović,https://fbref.com/en/players/7b4de647/Asmir-Begovic,2012,ba Bosnia & Herz'na,UEFA Euro Qualifying,24,6,450,0,
Asmir Begović,https://fbref.com/en/players/7b4de647/Asmir-Begovic,2014,ba Bosnia & Herz'na,1. World Cup,26,3,270,0,0
Asmir Begović,https://fbref.com/en/players/7b4de647/Asmir-Begovic,2014,ba Bosnia & Herz'na,WCQ,26,10,900,0,0
Asmir Begović,https://fbref.com/en/players/7b4de647/Asmir-Begovic,2014,ba Bosnia & Herz'na,Friendlies (M),26,1,90,0,0
Asmir Begović,https://fbref.com/en/players/7b4de647/Asmir-Begovic,2015,ba Bosnia & Herz'na,Friendlies (M),27,1,90,0,0
Asmir Begović,https://fbref.com/en/players/7b4de647/Asmir-Begovic,2016,ba Bosnia & Herz'na,Friendlies (M),28,3,196,0,0
Asmir Begović,https://fbref.com/en/players/7b4de647/Asmir-Begovic,2016,ba Bosnia & Herz'na,UEFA Euro Qualifying,28,12,1080,0,0
Asmir Begović,https://fbref.com/en/players/7b4de647/Asmir-Begovic,2017,ba Bosnia & Herz'na,Friendlies (M),29,1,90,0,0
Asmir Begović,https://fbref.com/en/players/7b4de647/Asmir-Begovic,2018,ba Bosnia & Herz'na,WCQ,30,10,900,0,1
Asmir Begović,https://fbref.com/en/players/7b4de647/Asmir-Begovic,2018,ba Bosnia & Herz'na,Friendlies (M),30,1,45,0,0
Asmir Begović,https://fbref.com/en/players/7b4de647/Asmir-Begovic,2018-2019,ba Bosnia & Herz'na,UEFA Nations League,31,0,,,
Asmir Begović,https://fbref.com/en/players/7b4de647/Asmir-Begovic,2020-2021,ba Bosnia & Herz'na,UEFA Nations League,33,1,90,0,0
Asmir Begović,https://fbref.com/en/players/7b4de647/Asmir-Begovic,2021,ba Bosnia & Herz'na,UEFA Euro Qualifying,33,0,,,
Ayoze Pérez,https://fbref.com/en/players/819aa8e7/Ayoze-Perez,2024,es Spain,Friendlies (M),30,1,90,1,1
Ayoze Pérez,https://fbref.com/en/players/819aa8e7/Ayoze-Perez,2024,es Spain,UEFA Euro,30,1,13,0,0
Ayoze Pérez,https://fbref.com/en/players/819aa8e7/Ayoze-Perez,2024-2025,es Spain,UEFA Nations League,31,3,149,1,1
Baba Rahman,https://fbref.com/en/players/e4086af3/Baba-Rahman,2014,gh Ghana,WCQ,19,0,,,
Baba Rahman,https://fbref.com/en/players/e4086af3/Baba-Rahman,2015,gh Ghana,Friendlies (M),20,2,180,0,0
Baba Rahman,https://fbref.com/en/players/e4086af3/Baba-Rahman,2015,gh Ghana,Africa Cup of Nations,20,6,570,0,1
Baba Rahman,https://fbref.com/en/players/e4086af3/Baba-Rahman,2016,gh Ghana,Friendlies (M),21,2,180,0,0
Baba Rahman,https://fbref.com/en/players/e4086af3/Baba-Rahman,2017,gh Ghana,Africa Cup of Nations,22,1,38,0,0
Baba Rahman,https://fbref.com/en/players/e4086af3/Baba-Rahman,2017,gh Ghana,Africa Cup of Nations qualification,22,6,540,0,1
Baba Rahman,https://fbref.com/en/players/e4086af3/Baba-Rahman,2018,gh Ghana,WCQ,23,4,360,0,0
Baba Rahman,https://fbref.com/en/players/e4086af3/Baba-Rahman,2019,gh Ghana,Africa Cup of Nations,24,3,295,0,2
Baba Rahman,https://fbref.com/en/players/e4086af3/Baba-Rahman,2021,gh Ghana,Friendlies (M),26,1,90,0,0
Baba Rahman,https://fbref.com/en/players/e4086af3/Baba-Rahman,2021,gh Ghana,Africa Cup of Nations,26,3,225,0,0
Baba Rahman,https://fbref.com/en/players/e4086af3/Baba-Rahman,2021,gh Ghana,Africa Cup of Nations qualification,26,4,339,1,0
Baba Rahman,https://fbref.com/en/players/e4086af3/Baba-Rahman,2022,gh Ghana,1. World Cup,27,3,183,0,0
Baba Rahman,https://fbref.com/en/players/e4086af3/Baba-Rahman,2022,gh Ghana,WCQ,27,5,450,0,1
Baba Rahman,https://fbref.com/en/players/e4086af3/Baba-Rahman,2022,gh Ghana,Friendlies (M),27,2,180,0,0
Baba Rahman,https://fbref.com/en/players/e4086af3/Baba-Rahman,2023,gh Ghana,Africa Cup of Nations qualification,28,2,158,0,0
Bacary Sagna,https://fbref.com/en/players/6ef56efd/Bacary-Sagna,2008,fr France,UEFA Euro Qualifying,24,1,90,0,
Bacary Sagna,https://fbref.com/en/players/6ef56efd/Bacary-Sagna,2010,fr France,1. World Cup,27,3,270,0,
Bacary Sagna,https://fbref.com/en/players/6ef56efd/Bacary-Sagna,2010,fr France,WCQ,26,11,1000,0,
Bacary Sagna,https://fbref.com/en/players/6ef56efd/Bacary-Sagna,2012,fr France,UEFA Euro Qualifying,28,5,450,0,
Bacary Sagna,https://fbref.com/en/players/6ef56efd/Bacary-Sagna,2014,fr France,1. World Cup,31,1,90,0,0
Bacary Sagna,https://fbref.com/en/players/6ef56efd/Bacary-Sagna,2014,fr France,WCQ,30,3,193,0,0
Bacary Sagna,https://fbref.com/en/players/6ef56efd/Bacary-Sagna,2014,fr France,Friendlies (M),30,6,409,0,0
Bacary Sagna,https://fbref.com/en/players/6ef56efd/Bacary-Sagna,2015,fr France,Friendlies (M),31,9,605,0,1
Bacary Sagna,https://fbref.com/en/players/6ef56efd/Bacary-Sagna,2016,fr France,Friendlies (M),32,3,270,0,1
Bacary Sagna,https://fbref.com/en/players/6ef56efd/Bacary-Sagna,2016,fr France,UEFA Euro,32,7,660,0,1
Bacary Sagna,https://fbref.com/en/players/6ef56efd/Bacary-Sagna,2018,fr France,WCQ,34,1,26,0,1
Bafétimbi Gomis,https://fbref.com/en/players/3d6686f9/Bafetimbi-Gomis,2008,fr France,UEFA Euro,22,2,50,0,
Bafétimbi Gomis,https://fbref.com/en/players/3d6686f9/Bafetimbi-Gomis,2010,fr France,WCQ,24,1,12,0,
Bafétimbi Gomis,https://fbref.com/en/players/3d6686f9/Bafetimbi-Gomis,2012,fr France,UEFA Euro Qualifying,26,1,79,0,
Bafétimbi Gomis,https://fbref.com/en/players/3d6686f9/Bafetimbi-Gomis,2014,fr France,WCQ,28,1,2,0,0
Bakary Sako,https://fbref.com/en/players/381d7d54/Bakary-Sako,2014,ml Mali,Friendlies (M),25,2,165,0,0
Bakary Sako,https://fbref.com/en/players/381d7d54/Bakary-Sako,2015,ml Mali,Friendlies (M),26,4,274,4,0
Bakary Sako,https://fbref.com/en/players/381d7d54/Bakary-Sako,2015,ml Mali,Africa Cup of Nations,26,3,182,1,0
Bakary Sako,https://fbref.com/en/players/381d7d54/Bakary-Sako,2017,ml Mali,Africa Cup of Nations,28,2,180,0,0
Bakary Sako,https://fbref.com/en/players/381d7d54/Bakary-Sako,2017,ml Mali,Africa Cup of Nations qualification,28,1,87,0,0
Bakary Sako,https://fbref.com/en/players/381d7d54/Bakary-Sako,2018,ml Mali,WCQ,29,2,180,1,0
Barry Bannan,https://fbref.com/en/players/9469fb13/Barry-Bannan,2012,sct Scotland,UEFA Euro Qualifying,22,3,217,0,
Barry Bannan,https://fbref.com/en/players/9469fb13/Barry-Bannan,2014,sct Scotland,WCQ,24,3,229,0,1
Barry Bannan,https://fbref.com/en/players/9469fb13/Barry-Bannan,2014,sct Scotland,Friendlies (M),24,2,96,0,0
Barry Bannan,https://fbref.com/en/players/9469fb13/Barry-Bannan,2015,sct Scotland,Friendlies (M),25,0,,,
Barry Bannan,https://fbref.com/en/players/9469fb13/Barry-Bannan,2016,sct Scotland,Friendlies (M),26,1,33,0,0
Barry Bannan,https://fbref.com/en/players/9469fb13/Barry-Bannan,2016,sct Scotland,UEFA Euro Qualifying,26,2,74,0,1
Barry Bannan,https://fbref.com/en/players/9469fb13/Barry-Bannan,2017,sct Scotland,Friendlies (M),27,1,45,0,0
Barry Bannan,https://fbref.com/en/players/9469fb13/Barry-Bannan,2018,sct Scotland,WCQ,28,5,450,0,0
Barry Ferguson,https://fbref.com/en/players/43420ade/Barry-Ferguson,2006,sct Scotland,WCQ,27,9,810,0,
Barry Ferguson,https://fbref.com/en/players/43420ade/Barry-Ferguson,2008,sct Scotland,UEFA Euro Qualifying,29,9,810,1,
Barry Ferguson,https://fbref.com/en/players/43420ade/Barry-Ferguson,2010,sct Scotland,WCQ,31,1,90,0,
Bastian Schweinsteiger,https://fbref.com/en/players/ccc22fea/Bastian-Schweinsteiger,2004,de Germany,UEFA Euro,19,3,153,0,
Bastian Schweinsteiger,https://fbref.com/en/players/ccc22fea/Bastian-Schweinsteiger,2005,de Germany,FIFA Confederations Cup,20,4,323,2,
Bastian Schweinsteiger,https://fbref.com/en/players/ccc22fea/Bastian-Schweinsteiger,2006,de Germany,1. World Cup,21,7,526,2,
Bastian Schweinsteiger,https://fbref.com/en/players/ccc22fea/Bastian-Schweinsteiger,2008,de Germany,UEFA Euro,23,5,323,2,
Bastian Schweinsteiger,https://fbref.com/en/players/ccc22fea/Bastian-Schweinsteiger,2008,de Germany,UEFA Euro Qualifying,23,8,606,3,
Bastian Schweinsteiger,https://fbref.com/en/players/ccc22fea/Bastian-Schweinsteiger,2010,de Germany,1. World Cup,25,7,620,0,
Bastian Schweinsteiger,https://fbref.com/en/players/ccc22fea/Bastian-Schweinsteiger,2010,de Germany,WCQ,25,9,776,3,
Bastian Schweinsteiger,https://fbref.com/en/players/ccc22fea/Bastian-Schweinsteiger,2012,de Germany,UEFA Euro,27,5,450,0,2
Bastian Schweinsteiger,https://fbref.com/en/players/ccc22fea/Bastian-Schweinsteiger,2012,de Germany,UEFA Euro Qualifying,27,5,423,1,
Bastian Schweinsteiger,https://fbref.com/en/players/ccc22fea/Bastian-Schweinsteiger,2014,de Germany,1. World Cup,29,6,505,0,0
Bastian Schweinsteiger,https://fbref.com/en/players/ccc22fea/Bastian-Schweinsteiger,2014,de Germany,WCQ,29,5,450,0,2
Bastian Schweinsteiger,https://fbref.com/en/players/ccc22fea/Bastian-Schweinsteiger,2014,de Germany,Friendlies (M),29,2,122,0,0
Bastian Schweinsteiger,https://fbref.com/en/players/ccc22fea/Bastian-Schweinsteiger,2015,de Germany,Friendlies (M),30,2,135,0,0
Bastian Schweinsteiger,https://fbref.com/en/players/ccc22fea/Bastian-Schweinsteiger,2016,de Germany,Friendlies (M),31,2,90,0,0
Bastian Schweinsteiger,https://fbref.com/en/players/ccc22fea/Bastian-Schweinsteiger,2016,de Germany,UEFA Euro,31,5,221,1,0
Bastian Schweinsteiger,https://fbref.com/en/players/ccc22fea/Bastian-Schweinsteiger,2016,de Germany,UEFA Euro Qualifying,31,4,360,0,0
Bebé,https://fbref.com/en/players/d8712bf9/Bebe,2022,cv Cape Verde,Friendlies (M),31,3,191,2,1
Bebé,https://fbref.com/en/players/d8712bf9/Bebe,2023,cv Cape Verde,Friendlies (M),32,2,78,1,0
Bebé,https://fbref.com/en/players/d8712bf9/Bebe,2023,cv Cape Verde,Africa Cup of Nations,32,4,250,1,0
Bebé,https://fbref.com/en/players/d8712bf9/Bebe,2023,cv Cape Verde,Africa Cup of Nations qualification,32,5,336,1,0
Bebé,https://fbref.com/en/players/d8712bf9/Bebe,2025,cv Cape Verde,Africa Cup of Nations qualification,34,4,95,0,0
Bebé,https://fbref.com/en/players/d8712bf9/Bebe,2026,cv Cape Verde,WCQ,35,4,294,0,1
Ben Davies,https://fbref.com/en/players/44781702/Ben-Davies,2014,wls Wales,Friendlies (M),20,1,3,0,0
Ben Davies,https://fbref.com/en/players/44781702/Ben-Davies,2014,wls Wales,WCQ,20,6,540,0,0
Ben Davies,https://fbref.com/en/players/44781702/Ben-Davies,2015,wls Wales,Friendlies (M),21,1,90,0,0
Ben Davies,https://fbref.com/en/players/44781702/Ben-Davies,2016,wls Wales,Friendlies (M),22,2,180,0,0
Ben Davies,https://fbref.com/en/players/44781702/Ben-Davies,2016,wls Wales,UEFA Euro,22,5,450,0,0
Ben Davies,https://fbref.com/en/players/44781702/Ben-Davies,2016,wls Wales,UEFA Euro Qualifying,22,7,630,0,1
Ben Davies,https://fbref.com/en/players/44781702/Ben-Davies,2017,wls Wales,Friendlies (M),23,2,108,0,0
Ben Davies,https://fbref.com/en/players/44781702/Ben-Davies,2018,wls Wales,WCQ,24,9,810,0,0
Ben Davies,https://fbref.com/en/players/44781702/Ben-Davies,2018,wls Wales,Friendlies (M),24,2,151,0,0
Ben Davies,https://fbref.com/en/players/44781702/Ben-Davies,2018-2019,wls Wales,UEFA Nations League,25,3,260,0,0
Ben Davies,https://fbref.com/en/players/44781702/Ben-Davies,2019,wls Wales,Friendlies (M),25,1,89,0,0
Ben Davies,https://fbref.com/en/players/44781702/Ben-Davies,2020,wls Wales,Friendlies (M),26,1,90,0,0
Ben Davies,https://fbref.com/en/players/44781702/Ben-Davies,2020-2021,wls Wales,UEFA Nations League,27,5,450,0,0
Ben Davies,https://fbref.com/en/players/44781702/Ben-Davies,2021,wls Wales,Friendlies (M),27,3,136,0,0
Ben Davies,https://fbref.com/en/players/44781702/Ben-Davies,2021,wls Wales,UEFA Euro,27,4,275,0,0
Ben Davies,https://fbref.com/en/players/44781702/Ben-Davies,2021,wls Wales,UEFA Euro Qualifying,27,8,641,0,1
Ben Davies,https://fbref.com/en/players/44781702/Ben-Davies,2022,wls Wales,1. World Cup,29,3,238,0,0
Ben Davies,https://fbref.com/en/players/44781702/Ben-Davies,2022,wls Wales,WCQ,28,6,540,1,2
Ben Davies,https://fbref.com/en/players/44781702/Ben-Davies,2022-2023,wls Wales,UEFA Nations League,29,3,252,0,0
Ben Davies,https://fbref.com/en/players/44781702/Ben-Davies,2023,wls Wales,Friendlies (M),29,2,135,1,0
Ben Davies,https://fbref.com/en/players/44781702/Ben-Davies,2024,wls Wales,UEFA Euro Qualifying,30,7,660,0,0
Ben Davies,https://fbref.com/en/players/44781702/Ben-Davies,2024-2025,wls Wales,UEFA Nations League,31,6,540,0,0
Ben Davies,https://fbref.com/en/players/44781702/Ben-Davies,2025,wls Wales,Friendlies (M),31,2,153,0,0
Ben Davies,https://fbref.com/en/players/44781702/Ben-Davies,2026,wls Wales,WCQ,32,6,520,1,1
Ben Foster,https://fbref.com/en/players/d0b3ceb9/Ben-Foster,2008,eng England,UEFA Euro Qualifying,24,0,,,
Ben Foster,https://fbref.com/en/players/d0b3ceb9/Ben-Foster,2010,eng England,WCQ,26,1,90,0,
Ben Foster,https://fbref.com/en/players/d0b3ceb9/Ben-Foster,2012,eng England,UEFA Euro Qualifying,28,0,,,
Ben Foster,https://fbref.com/en/players/d0b3ceb9/Ben-Foster,2014,eng England,1. World Cup,31,1,90,0,0
Ben Foster,https://fbref.com/en/players/d0b3ceb9/Ben-Foster,2014,eng England,WCQ,30,0,,,
Ben Foster,https://fbref.com/en/players/d0b3ceb9/Ben-Foster,2014,eng England,Friendlies (M),30,1,90,0,0
Ben Foster,https://fbref.com/en/players/d0b3ceb9/Ben-Foster,2016,eng England,UEFA Euro Qualifying,32,0,,,
Ben Reeves,https://fbref.com/en/players/4db1f85d/Ben-Reeves,2014,nir Northern Ireland,Friendlies (M),22,0,,,
Ben Reeves,https://fbref.com/en/players/4db1f85d/Ben-Reeves,2015,nir Northern Ireland,Friendlies (M),23,1,68,0,0
Ben Reeves,https://fbref.com/en/players/4db1f85d/Ben-Reeves,2016,nir Northern Ireland,UEFA Euro Qualifying,24,1,13,0,0
Benik Afobe,https://fbref.com/en/players/b63f4077/Benik-Afobe,2018,cd Congo DR,WCQ,24,1,30,0,0
Benik Afobe,https://fbref.com/en/players/b63f4077/Benik-Afobe,2018,cd Congo DR,Friendlies (M),24,2,135,0,0
Benik Afobe,https://fbref.com/en/players/b63f4077/Benik-Afobe,2019,cd Congo DR,Africa Cup of Nations qualification,25,3,179,0,0
Benni McCarthy,https://fbref.com/en/players/a6f401c6/Benni-McCarthy,1998,za South Africa,1. World Cup,20,3,223,1,0
Benni McCarthy,https://fbref.com/en/players/a6f401c6/Benni-McCarthy,2002,za South Africa,1. World Cup,24,3,246,1,
Benoît Assou-Ekotto,https://fbref.com/en/players/a557e6b0/Benoit-Assou-Ekotto,2010,cm Cameroon,1. World Cup,26,3,270,0,
Benoît Assou-Ekotto,https://fbref.com/en/players/a557e6b0/Benoit-Assou-Ekotto,2014,cm Cameroon,1. World Cup,30,2,180,0,0
Benoît Assou-Ekotto,https://fbref.com/en/players/a557e6b0/Benoit-Assou-Ekotto,2014,cm Cameroon,WCQ,29,2,180,0,
Benoît Assou-Ekotto,https://fbref.com/en/players/a557e6b0/Benoit-Assou-Ekotto,2014,cm Cameroon,Friendlies (M),29,2,123,0,0
Bersant Celina,https://fbref.com/en/players/3043d33f/Bersant-Celina,2016,xk Kosovo,Friendlies (M),19,1,36,0,0
Bersant Celina,https://fbref.com/en/players/3043d33f/Bersant-Celina,2018,xk Kosovo,WCQ,21,5,299,0,0
Bersant Celina,https://fbref.com/en/players/3043d33f/Bersant-Celina,2018,xk Kosovo,Friendlies (M),21,2,104,0,0
Bersant Celina,https://fbref.com/en/players/3043d33f/Bersant-Celina,2018-2019,xk Kosovo,UEFA Nations League,21,1,68,0,0
Bersant Celina,https://fbref.com/en/players/3043d33f/Bersant-Celina,2019,xk Kosovo,Friendlies (M),22,1,70,1,0
Bersant Celina,https://fbref.com/en/players/3043d33f/Bersant-Celina,2020,xk Kosovo,Friendlies (M),23,1,45,0,0
Bersant Celina,https://fbref.com/en/players/3043d33f/Bersant-Celina,2020-2021,xk Kosovo,UEFA Nations League,23,5,361,0,0
Bersant Celina,https://fbref.com/en/players/3043d33f/Bersant-Celina,2021,xk Kosovo,Friendlies (M),24,1,45,0,0
Bersant Celina,https://fbref.com/en/players/3043d33f/Bersant-Celina,2021,xk Kosovo,UEFA Euro Qualifying,24,9,742,0,2
Bersant Celina,https://fbref.com/en/players/3043d33f/Bersant-Celina,2022,xk Kosovo,WCQ,25,3,265,0,0
Bersant Celina,https://fbref.com/en/players/3043d33f/Bersant-Celina,2022-2023,xk Kosovo,UEFA Nations League,25,2,180,0,0
Bersant Celina,https://fbref.com/en/players/3043d33f/Bersant-Celina,2024,xk Kosovo,Friendlies (M),27,1,27,0,0
Bersant Celina,https://fbref.com/en/players/3043d33f/Bersant-Celina,2024,xk Kosovo,UEFA Euro Qualifying,27,4,332,0,0
Bertrand Traoré,https://fbref.com/en/players/c47541e0/Bertrand-Traore,2012,bf Burkina Faso,Africa Cup of Nations,16,1,25,0,0
Bertrand Traoré,https://fbref.com/en/players/c47541e0/Bertrand-Traore,2014,bf Burkina Faso,WCQ,18,3,64,0,
Bertrand Traoré,https://fbref.com/en/players/c47541e0/Bertrand-Traore,2014,bf Burkina Faso,Friendlies (M),18,2,180,0,0
Bertrand Traoré,https://fbref.com/en/players/c47541e0/Bertrand-Traore,2015,bf Burkina Faso,Friendlies (M),19,3,207,1,0
Bertrand Traoré,https://fbref.com/en/players/c47541e0/Bertrand-Traore,2015,bf Burkina Faso,Africa Cup of Nations,19,3,200,0,0
Bertrand Traoré,https://fbref.com/en/players/c47541e0/Bertrand-Traore,2015,bf Burkina Faso,Africa Cup of Nations qualification,19,4,222,0,
Bertrand Traoré,https://fbref.com/en/players/c47541e0/Bertrand-Traore,2017,bf Burkina Faso,Friendlies (M),21,1,90,0,0
Bertrand Traoré,https://fbref.com/en/players/c47541e0/Bertrand-Traore,2017,bf Burkina Faso,Africa Cup of Nations,21,5,436,1,1
Bertrand Traoré,https://fbref.com/en/players/c47541e0/Bertrand-Traore,2017,bf Burkina Faso,Africa Cup of Nations qualification,21,4,357,0,1
Bertrand Traoré,https://fbref.com/en/players/c47541e0/Bertrand-Traore,2018,bf Burkina Faso,WCQ,22,7,571,2,0
Bertrand Traoré,https://fbref.com/en/players/c47541e0/Bertrand-Traore,2018,bf Burkina Faso,Friendlies (M),22,3,175,1,0
Bertrand Traoré,https://fbref.com/en/players/c47541e0/Bertrand-Traore,2019,bf Burkina Faso,Friendlies (M),23,3,270,0,0
Bertrand Traoré,https://fbref.com/en/players/c47541e0/Bertrand-Traore,2019,bf Burkina Faso,Africa Cup of Nations qualification,23,5,428,2,2
Bertrand Traoré,https://fbref.com/en/players/c47541e0/Bertrand-Traore,2020,bf Burkina Faso,Friendlies (M),24,2,171,2,0
Bertrand Traoré,https://fbref.com/en/players/c47541e0/Bertrand-Traore,2021,bf Burkina Faso,Friendlies (M),25,1,89,0,0
Bertrand Traoré,https://fbref.com/en/players/c47541e0/Bertrand-Traore,2021,bf Burkina Faso,Africa Cup of Nations,25,5,430,1,2
Bertrand Traoré,https://fbref.com/en/players/c47541e0/Bertrand-Traore,2021,bf Burkina Faso,Africa Cup of Nations qualification,25,3,270,1,0
Bertrand Traoré,https://fbref.com/en/players/c47541e0/Bertrand-Traore,2022,bf Burkina Faso,Friendlies (M),26,3,253,1,1
Bertrand Traoré,https://fbref.com/en/players/c47541e0/Bertrand-Traore,2023,bf Burkina Faso,Africa Cup of Nations,27,4,196,3,0
Bertrand Traoré,https://fbref.com/en/players/c47541e0/Bertrand-Traore,2023,bf Burkina Faso,Africa Cup of Nations qualification,27,3,221,0,0
Bertrand Traoré,https://fbref.com/en/players/c47541e0/Bertrand-Traore,2025,bf Burkina Faso,Friendlies (M),29,1,22,0,0
Bertrand Traoré,https://fbref.com/en/players/c47541e0/Bertrand-Traore,2025,bf Burkina Faso,Africa Cup of Nations qualification,29,2,104,1,1
Bertrand Traoré,https://fbref.com/en/players/c47541e0/Bertrand-Traore,2026,bf Burkina Faso,WCQ,30,7,495,3,2
Bjørn Helge Riise,https://fbref.com/en/players/831674a5/Bjorn-Helge-Riise,2008,no Norway,UEFA Euro Qualifying,24,7,612,1,
Bjørn Helge Riise,https://fbref.com/en/players/831674a5/Bjorn-Helge-Riise,2010,no Norway,WCQ,26,6,327,0,
Bjørn Helge Riise,https://fbref.com/en/players/831674a5/Bjorn-Helge-Riise,2012,no Norway,UEFA Euro Qualifying,28,5,399,0,
Bjørn Helge Riise,https://fbref.com/en/players/831674a5/Bjorn-Helge-Riise,2014,no Norway,WCQ,30,2,128,0,0
Boaz Myhill,https://fbref.com/en/players/7ca2d989/Boaz-Myhill,2010,wls Wales,WCQ,27,1,90,0,
Boaz Myhill,https://fbref.com/en/players/7ca2d989/Boaz-Myhill,2012,wls Wales,UEFA Euro Qualifying,29,0,,,
Boaz Myhill,https://fbref.com/en/players/7ca2d989/Boaz-Myhill,2014,wls Wales,WCQ,31,6,540,0,0
Boaz Myhill,https://fbref.com/en/players/7ca2d989/Boaz-Myhill,2014,wls Wales,Friendlies (M),31,0,,,
Bojan Krkić,https://fbref.com/en/players/9fa0a0b8/Bojan-Krkic,2010,es Spain,WCQ,19,1,26,0,
Boudewijn Zenden,https://fbref.com/en/players/4e27a622/Boudewijn-Zenden,1998,nl Netherlands,1. World Cup,21,4,197,1,0
Boudewijn Zenden,https://fbref.com/en/players/4e27a622/Boudewijn-Zenden,2000,nl Netherlands,UEFA Euro,23,5,418,2,
Boudewijn Zenden,https://fbref.com/en/players/4e27a622/Boudewijn-Zenden,2004,nl Netherlands,UEFA Euro,27,1,45,0,
Brad Friedel,https://fbref.com/en/players/b8c0a975/Brad-Friedel,1994,us United States,1. World Cup,23,0,,,
Brad Friedel,https://fbref.com/en/players/b8c0a975/Brad-Friedel,1998,us United States,1. World Cup,27,1,90,0,0
Brad Friedel,https://fbref.com/en/players/b8c0a975/Brad-Friedel,1998,us United States,WCQ,26,7,585,0,
Brad Friedel,https://fbref.com/en/players/b8c0a975/Brad-Friedel,2002,us United States,1. World Cup,31,5,450,0,
Brad Friedel,https://fbref.com/en/players/b8c0a975/Brad-Friedel,2002,us United States,WCQ,30,6,540,0,
Brad Guzan,https://fbref.com/en/players/d899e3bf/Brad-Guzan,2009,us United States,FIFA Confederations Cup,24,1,90,0,0
Brad Guzan,https://fbref.com/en/players/d899e3bf/Brad-Guzan,2010,us United States,1. World Cup,25,0,,,
Brad Guzan,https://fbref.com/en/players/d899e3bf/Brad-Guzan,2010,us United States,WCQ,25,5,450,0,
Brad Guzan,https://fbref.com/en/players/d899e3bf/Brad-Guzan,2014,us United States,1. World Cup,29,0,,,
Brad Guzan,https://fbref.com/en/players/d899e3bf/Brad-Guzan,2014,us United States,WCQ,29,3,270,0,0
Brad Guzan,https://fbref.com/en/players/d899e3bf/Brad-Guzan,2014,us United States,Friendlies (M),29,4,270,0,0
Brad Guzan,https://fbref.com/en/players/d899e3bf/Brad-Guzan,2015,us United States,Friendlies (M),30,5,450,0,0
Brad Guzan,https://fbref.com/en/players/d899e3bf/Brad-Guzan,2015,us United States,Gold Cup,30,6,570,0,0
Brad Guzan,https://fbref.com/en/players/d899e3bf/Brad-Guzan,2016,us United States,Friendlies (M),31,3,225,0,0
Brad Guzan,https://fbref.com/en/players/d899e3bf/Brad-Guzan,2017,us United States,Friendlies (M),32,1,90,0,0
Brad Guzan,https://fbref.com/en/players/d899e3bf/Brad-Guzan,2017,us United States,Gold Cup,32,2,180,0,0
Brad Guzan,https://fbref.com/en/players/d899e3bf/Brad-Guzan,2018,us United States,WCQ,33,7,591,0,0
Brad Guzan,https://fbref.com/en/players/d899e3bf/Brad-Guzan,2018,us United States,Friendlies (M),33,2,180,0,0
Brad Guzan,https://fbref.com/en/players/d899e3bf/Brad-Guzan,2019,us United States,Friendlies (M),34,1,90,0,0
Brad Guzan,https://fbref.com/en/players/d899e3bf/Brad-Guzan,2021,us United States,Gold Cup,36,0,,,
Brad Jones,https://fbref.com/en/players/ffc1c226/Brad-Jones,2007,au Australia,Asian Cup,24,0,,,
Brad Jones,https://fbref.com/en/players/ffc1c226/Brad-Jones,2011,au Australia,Asian Cup,28,0,,,
Brad Jones,https://fbref.com/en/players/ffc1c226/Brad-Jones,2011,au Australia,Asian Cup qualification,28,0,,,
Brad Jones,https://fbref.com/en/players/ffc1c226/Brad-Jones,2014,au Australia,WCQ,31,0,,,
Brad Jones,https://fbref.com/en/players/ffc1c226/Brad-Jones,2014,au Australia,Friendlies (M),31,1,31,0,0
Brad Jones,https://fbref.com/en/players/ffc1c226/Brad-Jones,2018,au Australia,1. World Cup,36,0,,,
Brad Jones,https://fbref.com/en/players/ffc1c226/Brad-Jones,2018,au Australia,Friendlies (M),35,1,45,0,0
Brad Smith,https://fbref.com/en/players/c76c717c/Brad-Smith,2014,au Australia,Friendlies (M),19,4,96,0,0
Brad Smith,https://fbref.com/en/players/c76c717c/Brad-Smith,2016,au Australia,Friendlies (M),21,3,196,0,0
Brad Smith,https://fbref.com/en/players/c76c717c/Brad-Smith,2018,au Australia,WCQ,23,12,894,0,1
Brad Smith,https://fbref.com/en/players/c76c717c/Brad-Smith,2019,au Australia,Friendlies (M),24,1,14,0,0
Brad Smith,https://fbref.com/en/players/c76c717c/Brad-Smith,2022,au Australia,WCQ,27,3,235,0,1
Brandon Comley,https://fbref.com/en/players/caf7a176/Brandon-Comley,2022,ms Montserrat,WCQ,26,3,225,0,0
Brandon Comley,https://fbref.com/en/players/caf7a176/Brandon-Comley,2026,ms Montserrat,WCQ,30,4,360,0,0
Branislav Ivanović,https://fbref.com/en/players/85f8571a/Branislav-Ivanovic,2008,rs Serbia,UEFA Euro Qualifying,23,6,540,1,
Branislav Ivanović,https://fbref.com/en/players/85f8571a/Branislav-Ivanovic,2010,rs Serbia,1. World Cup,26,3,270,0,
Branislav Ivanović,https://fbref.com/en/players/85f8571a/Branislav-Ivanovic,2010,rs Serbia,WCQ,25,9,776,3,
Branislav Ivanović,https://fbref.com/en/players/85f8571a/Branislav-Ivanovic,2012,rs Serbia,UEFA Euro Qualifying,27,7,630,1,
Branislav Ivanović,https://fbref.com/en/players/85f8571a/Branislav-Ivanovic,2014,rs Serbia,WCQ,29,10,833,1,1
Branislav Ivanović,https://fbref.com/en/players/85f8571a/Branislav-Ivanovic,2014,rs Serbia,Friendlies (M),29,6,540,1,1
Branislav Ivanović,https://fbref.com/en/players/85f8571a/Branislav-Ivanovic,2015,rs Serbia,Friendlies (M),30,3,255,2,0
Branislav Ivanović,https://fbref.com/en/players/85f8571a/Branislav-Ivanovic,2016,rs Serbia,Friendlies (M),31,5,329,1,0
Branislav Ivanović,https://fbref.com/en/players/85f8571a/Branislav-Ivanovic,2016,rs Serbia,UEFA Euro Qualifying,31,7,604,0,0
Branislav Ivanović,https://fbref.com/en/players/85f8571a/Branislav-Ivanovic,2017,rs Serbia,Friendlies (M),32,2,139,0,0
Branislav Ivanović,https://fbref.com/en/players/85f8571a/Branislav-Ivanovic,2018,rs Serbia,1. World Cup,34,2,180,0,0
Branislav Ivanović,https://fbref.com/en/players/85f8571a/Branislav-Ivanovic,2018,rs Serbia,WCQ,33,10,900,1,0
Branislav Ivanović,https://fbref.com/en/players/85f8571a/Branislav-Ivanovic,2018,rs Serbia,Friendlies (M),33,3,198,1,0
Brede Hangeland,https://fbref.com/en/players/7cbeb80c/Brede-Hangeland,2006,no Norway,WCQ,24,4,360,0,
Brede Hangeland,https://fbref.com/en/players/7cbeb80c/Brede-Hangeland,2008,no Norway,UEFA Euro Qualifying,26,12,1080,0,
Brede Hangeland,https://fbref.com/en/players/7cbeb80c/Brede-Hangeland,2010,no Norway,WCQ,28,7,630,0,
Brede Hangeland,https://fbref.com/en/players/7cbeb80c/Brede-Hangeland,2012,no Norway,UEFA Euro Qualifying,30,7,630,1,
Brede Hangeland,https://fbref.com/en/players/7cbeb80c/Brede-Hangeland,2014,no Norway,WCQ,32,10,900,2,0
Brede Hangeland,https://fbref.com/en/players/7cbeb80c/Brede-Hangeland,2014,no Norway,Friendlies (M),32,2,180,0,1
Brek Shea,https://fbref.com/en/players/adb6ae24/Brek-Shea,2010,us United States,WCQ,19,0,,,
Brek Shea,https://fbref.com/en/players/adb6ae24/Brek-Shea,2014,us United States,WCQ,23,3,54,0,0
Brek Shea,https://fbref.com/en/players/adb6ae24/Brek-Shea,2014,us United States,Friendlies (M),23,2,56,0,0
Brek Shea,https://fbref.com/en/players/adb6ae24/Brek-Shea,2015,us United States,Friendlies (M),24,7,487,2,0
Brek Shea,https://fbref.com/en/players/adb6ae24/Brek-Shea,2018,us United States,WCQ,27,0,,,
Brendan Galloway,https://fbref.com/en/players/321506b3/Brendan-Galloway,2022,zw Zimbabwe,WCQ,25,2,180,0,0
Brendan Galloway,https://fbref.com/en/players/321506b3/Brendan-Galloway,2025,zw Zimbabwe,Friendlies (M),28,1,83,0,0
Brendan Galloway,https://fbref.com/en/players/321506b3/Brendan-Galloway,2025,zw Zimbabwe,Africa Cup of Nations qualification,28,2,115,0,0
Brendan Galloway,https://fbref.com/en/players/321506b3/Brendan-Galloway,2026,zw Zimbabwe,WCQ,29,1,90,0,0
Brett Emerton,https://fbref.com/en/players/a1866af0/Brett-Emerton,2001,au Australia,FIFA Confederations Cup,21,2,180,0,
Brett Emerton,https://fbref.com/en/players/a1866af0/Brett-Emerton,2005,au Australia,FIFA Confederations Cup,25,2,180,0,
Brett Emerton,https://fbref.com/en/players/a1866af0/Brett-Emerton,2006,au Australia,1. World Cup,27,3,266,0,
Brett Emerton,https://fbref.com/en/players/a1866af0/Brett-Emerton,2007,au Australia,Asian Cup,27,4,390,0,
Brett Emerton,https://fbref.com/en/players/a1866af0/Brett-Emerton,2007,au Australia,Asian Cup qualification,27,1,90,0,
Brett Emerton,https://fbref.com/en/players/a1866af0/Brett-Emerton,2010,au Australia,1. World Cup,31,3,253,0,
Brett Emerton,https://fbref.com/en/players/a1866af0/Brett-Emerton,2010,au Australia,WCQ,30,6,535,4,
Brett Emerton,https://fbref.com/en/players/a1866af0/Brett-Emerton,2011,au Australia,Asian Cup,31,5,342,1,2
Brett Emerton,https://fbref.com/en/players/a1866af0/Brett-Emerton,2011,au Australia,Asian Cup qualification,31,2,180,1,
Brett Emerton,https://fbref.com/en/players/a1866af0/Brett-Emerton,2014,au Australia,WCQ,34,5,365,1,
Brett Holman,https://fbref.com/en/players/4f0d1bbe/Brett-Holman,2007,au Australia,Asian Cup,22,3,65,0,
Brett Holman,https://fbref.com/en/players/4f0d1bbe/Brett-Holman,2007,au Australia,Asian Cup qualification,22,2,135,0,
Brett Holman,https://fbref.com/en/players/4f0d1bbe/Brett-Holman,2010,au Australia,1. World Cup,26,3,137,2,
Brett Holman,https://fbref.com/en/players/4f0d1bbe/Brett-Holman,2010,au Australia,WCQ,25,12,551,0,
Brett Holman,https://fbref.com/en/players/4f0d1bbe/Brett-Holman,2011,au Australia,Asian Cup,26,6,493,1,0
Brett Holman,https://fbref.com/en/players/4f0d1bbe/Brett-Holman,2011,au Australia,Asian Cup qualification,26,1,24,0,
Brett Holman,https://fbref.com/en/players/4f0d1bbe/Brett-Holman,2014,au Australia,WCQ,29,11,899,3,
Brett Holman,https://fbref.com/en/players/4f0d1bbe/Brett-Holman,2014,au Australia,Friendlies (M),29,0,,,
Brown Ideye,https://fbref.com/en/players/f519b556/Brown-Ideye,2010,ng Nigeria,1. World Cup,21,0,,,
Brown Ideye,https://fbref.com/en/players/f519b556/Brown-Ideye,2013,ng Nigeria,Africa Cup of Nations,24,6,356,1,1
Brown Ideye,https://fbref.com/en/players/f519b556/Brown-Ideye,2013,ng Nigeria,FIFA Confederations Cup,24,3,201,0,2
Brown Ideye,https://fbref.com/en/players/f519b556/Brown-Ideye,2014,ng Nigeria,WCQ,25,4,240,0,
Brown Ideye,https://fbref.com/en/players/f519b556/Brown-Ideye,2016,ng Nigeria,Friendlies (M),27,2,100,1,0
Brown Ideye,https://fbref.com/en/players/f519b556/Brown-Ideye,2017,ng Nigeria,Africa Cup of Nations qualification,28,1,18,0,0
Brown Ideye,https://fbref.com/en/players/f519b556/Brown-Ideye,2018,ng Nigeria,WCQ,29,1,72,0,1
Bryan Oviedo,https://fbref.com/en/players/31faf295/Bryan-Oviedo,2014,cr Costa Rica,WCQ,23,9,791,0,0
Bryan Oviedo,https://fbref.com/en/players/31faf295/Bryan-Oviedo,2015,cr Costa Rica,Friendlies (M),24,1,53,0,0
Bryan Oviedo,https://fbref.com/en/players/31faf295/Bryan-Oviedo,2016,cr Costa Rica,Friendlies (M),25,1,16,0,0
Bryan Oviedo,https://fbref.com/en/players/31faf295/Bryan-Oviedo,2017,cr Costa Rica,Friendlies (M),26,2,97,0,0
Bryan Oviedo,https://fbref.com/en/players/31faf295/Bryan-Oviedo,2017,cr Costa Rica,Gold Cup,26,0,,,
Bryan Oviedo,https://fbref.com/en/players/31faf295/Bryan-Oviedo,2018,cr Costa Rica,1. World Cup,28,2,180,0,0
Bryan Oviedo,https://fbref.com/en/players/31faf295/Bryan-Oviedo,2018,cr Costa Rica,WCQ,27,7,585,0,0
Bryan Oviedo,https://fbref.com/en/players/31faf295/Bryan-Oviedo,2018,cr Costa Rica,Friendlies (M),27,9,567,0,2
Bryan Oviedo,https://fbref.com/en/players/31faf295/Bryan-Oviedo,2019,cr Costa Rica,Friendlies (M),28,1,90,0,0
Bryan Oviedo,https://fbref.com/en/players/31faf295/Bryan-Oviedo,2019,cr Costa Rica,Gold Cup,28,3,278,1,1
Bryan Oviedo,https://fbref.com/en/players/31faf295/Bryan-Oviedo,2021,cr Costa Rica,Friendlies (M),30,4,241,0,0
Bryan Oviedo,https://fbref.com/en/players/31faf295/Bryan-Oviedo,2022,cr Costa Rica,1. World Cup,32,3,260,0,0
Bryan Oviedo,https://fbref.com/en/players/31faf295/Bryan-Oviedo,2022,cr Costa Rica,WCQ,31,9,609,0,0
Bryan Oviedo,https://fbref.com/en/players/31faf295/Bryan-Oviedo,2022,cr Costa Rica,Friendlies (M),31,3,245,0,0
Bryan Oviedo,https://fbref.com/en/players/31faf295/Bryan-Oviedo,2022,cr Costa Rica,WCQ Play-offs,31,1,90,0,0
Bryan Ruiz,https://fbref.com/en/players/fa6292e2/Bryan-Ruiz,2010,cr Costa Rica,WCQ,24,15,1026,6,
Bryan Ruiz,https://fbref.com/en/players/fa6292e2/Bryan-Ruiz,2014,cr Costa Rica,1. World Cup,28,5,492,2,0
Bryan Ruiz,https://fbref.com/en/players/fa6292e2/Bryan-Ruiz,2014,cr Costa Rica,WCQ,28,11,835,3,1
Bryan Ruiz,https://fbref.com/en/players/fa6292e2/Bryan-Ruiz,2014,cr Costa Rica,Friendlies (M),28,4,359,2,1
Bryan Ruiz,https://fbref.com/en/players/fa6292e2/Bryan-Ruiz,2015,cr Costa Rica,Friendlies (M),29,7,577,1,0
Bryan Ruiz,https://fbref.com/en/players/fa6292e2/Bryan-Ruiz,2015,cr Costa Rica,Gold Cup,29,4,326,1,0
Bryan Ruiz,https://fbref.com/en/players/fa6292e2/Bryan-Ruiz,2016,cr Costa Rica,Friendlies (M),30,2,159,1,1
Bryan Ruiz,https://fbref.com/en/players/fa6292e2/Bryan-Ruiz,2017,cr Costa Rica,Gold Cup,31,5,450,0,1
Bryan Ruiz,https://fbref.com/en/players/fa6292e2/Bryan-Ruiz,2018,cr Costa Rica,WCQ,32,15,1278,3,3
Bryan Ruiz,https://fbref.com/en/players/fa6292e2/Bryan-Ruiz,2018,cr Costa Rica,Friendlies (M),32,7,512,2,0
Bryan Ruiz,https://fbref.com/en/players/fa6292e2/Bryan-Ruiz,2018,cr Costa Rica,1. World Cup,32,3,270,0,0
Bryan Ruiz,https://fbref.com/en/players/fa6292e2/Bryan-Ruiz,2019,cr Costa Rica,Friendlies (M),33,3,190,0,0
Bryan Ruiz,https://fbref.com/en/players/fa6292e2/Bryan-Ruiz,2019,cr Costa Rica,Gold Cup,33,4,255,1,1
Bryan Ruiz,https://fbref.com/en/players/fa6292e2/Bryan-Ruiz,2021,cr Costa Rica,Friendlies (M),35,2,142,0,0
Bryan Ruiz,https://fbref.com/en/players/fa6292e2/Bryan-Ruiz,2021,cr Costa Rica,Gold Cup,35,3,171,1,0
Bryan Ruiz,https://fbref.com/en/players/fa6292e2/Bryan-Ruiz,2022,cr Costa Rica,1. World Cup,36,1,30,0,0
Bryan Ruiz,https://fbref.com/en/players/fa6292e2/Bryan-Ruiz,2022,cr Costa Rica,WCQ,36,11,592,2,0
Bryan Ruiz,https://fbref.com/en/players/fa6292e2/Bryan-Ruiz,2022,cr Costa Rica,Friendlies (M),36,2,112,0,0
Bryan Ruiz,https://fbref.com/en/players/fa6292e2/Bryan-Ruiz,2022,cr Costa Rica,WCQ Play-offs,36,1,45,0,0
Cédric Soares,https://fbref.com/en/players/839c14e1/Cedric-Soares,2014,pt Portugal,WCQ,22,0,,,
Cédric Soares,https://fbref.com/en/players/839c14e1/Cedric-Soares,2014,pt Portugal,Friendlies (M),22,1,90,0,0
Cédric Soares,https://fbref.com/en/players/839c14e1/Cedric-Soares,2015,pt Portugal,Friendlies (M),23,4,255,0,0
Cédric Soares,https://fbref.com/en/players/839c14e1/Cedric-Soares,2016,pt Portugal,Friendlies (M),24,3,225,0,0
Cédric Soares,https://fbref.com/en/players/839c14e1/Cedric-Soares,2016,pt Portugal,UEFA Euro,24,4,450,0,0
Cédric Soares,https://fbref.com/en/players/839c14e1/Cedric-Soares,2016,pt Portugal,UEFA Euro Qualifying,24,3,217,0,0
Cédric Soares,https://fbref.com/en/players/839c14e1/Cedric-Soares,2017,pt Portugal,Friendlies (M),25,1,67,0,0
Cédric Soares,https://fbref.com/en/players/839c14e1/Cedric-Soares,2017,pt Portugal,FIFA Confederations Cup,25,3,300,1,0
Cédric Soares,https://fbref.com/en/players/839c14e1/Cedric-Soares,2018,pt Portugal,1. World Cup,26,3,270,0,0
Cédric Soares,https://fbref.com/en/players/839c14e1/Cedric-Soares,2018,pt Portugal,WCQ,26,6,520,0,0
Cédric Soares,https://fbref.com/en/players/839c14e1/Cedric-Soares,2018,pt Portugal,Friendlies (M),26,5,379,0,0
Cédric Soares,https://fbref.com/en/players/839c14e1/Cedric-Soares,2018-2019,pt Portugal,UEFA Nations League,26,0,,,
Cédric Soares,https://fbref.com/en/players/839c14e1/Cedric-Soares,2022,pt Portugal,WCQ,30,1,90,0,1
César Azpilicueta,https://fbref.com/en/players/53cad200/Cesar-Azpilicueta,2013,es Spain,FIFA Confederations Cup,23,2,135,0,0
César Azpilicueta,https://fbref.com/en/players/53cad200/Cesar-Azpilicueta,2014,es Spain,1. World Cup,24,2,180,0,0
César Azpilicueta,https://fbref.com/en/players/53cad200/Cesar-Azpilicueta,2014,es Spain,WCQ,24,0,,,
César Azpilicueta,https://fbref.com/en/players/53cad200/Cesar-Azpilicueta,2014,es Spain,Friendlies (M),24,4,360,0,0
César Azpilicueta,https://fbref.com/en/players/53cad200/Cesar-Azpilicueta,2015,es Spain,Friendlies (M),25,1,9,0,0
César Azpilicueta,https://fbref.com/en/players/53cad200/Cesar-Azpilicueta,2016,es Spain,Friendlies (M),26,5,347,0,1
César Azpilicueta,https://fbref.com/en/players/53cad200/Cesar-Azpilicueta,2016,es Spain,UEFA Euro,26,1,10,0,0
César Azpilicueta,https://fbref.com/en/players/53cad200/Cesar-Azpilicueta,2016,es Spain,UEFA Euro Qualifying,26,1,90,0,0
César Azpilicueta,https://fbref.com/en/players/53cad200/Cesar-Azpilicueta,2017,es Spain,Friendlies (M),27,1,90,0,0
César Azpilicueta,https://fbref.com/en/players/53cad200/Cesar-Azpilicueta,2018,es Spain,WCQ,28,1,90,0,0
César Azpilicueta,https://fbref.com/en/players/53cad200/Cesar-Azpilicueta,2018,es Spain,Friendlies (M),28,4,211,0,0
César Azpilicueta,https://fbref.com/en/players/53cad200/Cesar-Azpilicueta,2018,es Spain,1. World Cup,28,0,,,
César Azpilicueta,https://fbref.com/en/players/53cad200/Cesar-Azpilicueta,2018-2019,es Spain,UEFA Nations League,28,1,16,0,0
César Azpilicueta,https://fbref.com/en/players/53cad200/Cesar-Azpilicueta,2020-2021,es Spain,UEFA Nations League,30,2,180,0,0
César Azpilicueta,https://fbref.com/en/players/53cad200/Cesar-Azpilicueta,2021,es Spain,Friendlies (M),31,0,,,
César Azpilicueta,https://fbref.com/en/players/53cad200/Cesar-Azpilicueta,2021,es Spain,UEFA Euro,31,4,400,1,0
César Azpilicueta,https://fbref.com/en/players/53cad200/Cesar-Azpilicueta,2022,es Spain,1. World Cup,32,2,135,0,1
César Azpilicueta,https://fbref.com/en/players/53cad200/Cesar-Azpilicueta,2022,es Spain,WCQ,32,5,305,0,0
César Azpilicueta,https://fbref.com/en/players/53cad200/Cesar-Azpilicueta,2022,es Spain,Friendlies (M),32,2,100,0,0
César Azpilicueta,https://fbref.com/en/players/53cad200/Cesar-Azpilicueta,2022-2023,es Spain,UEFA Nations League,32,3,266,0,0
César Azpilicueta,https://fbref.com/en/players/53cad200/Cesar-Azpilicueta,2024,es Spain,UEFA Euro Qualifying,34,0,,,
Callum Robinson,https://fbref.com/en/players/e75750a3/Callum-Robinson,2018,ie Rep. of Ireland,Friendlies (M),22,2,127,0,0
Callum Robinson,https://fbref.com/en/players/e75750a3/Callum-Robinson,2018-2019,ie Rep. of Ireland,UEFA Nations League,23,4,187,0,0
Callum Robinson,https://fbref.com/en/players/e75750a3/Callum-Robinson,2019,ie Rep. of Ireland,Friendlies (M),23,1,29,1,0
Callum Robinson,https://fbref.com/en/players/e75750a3/Callum-Robinson,2020-2021,ie Rep. of Ireland,UEFA Nations League,25,2,49,0,0
Callum Robinson,https://fbref.com/en/players/e75750a3/Callum-Robinson,2021,ie Rep. of Ireland,Friendlies (M),25,2,110,3,0
Callum Robinson,https://fbref.com/en/players/e75750a3/Callum-Robinson,2021,ie Rep. of Ireland,UEFA Euro Qualifying,25,6,326,0,0
Callum Robinson,https://fbref.com/en/players/e75750a3/Callum-Robinson,2022,ie Rep. of Ireland,WCQ,26,7,479,3,1
Callum Robinson,https://fbref.com/en/players/e75750a3/Callum-Robinson,2022,ie Rep. of Ireland,Friendlies (M),26,4,339,1,0
Callum Robinson,https://fbref.com/en/players/e75750a3/Callum-Robinson,2022-2023,ie Rep. of Ireland,UEFA Nations League,27,6,213,0,0
Callum Robinson,https://fbref.com/en/players/e75750a3/Callum-Robinson,2023,ie Rep. of Ireland,Friendlies (M),27,0,,,
Callum Robinson,https://fbref.com/en/players/e75750a3/Callum-Robinson,2024,ie Rep. of Ireland,UEFA Euro Qualifying,28,3,91,1,0
Callum Robinson,https://fbref.com/en/players/e75750a3/Callum-Robinson,2024-2025,ie Rep. of Ireland,UEFA Nations League,29,1,7,0,0
Callum Wilson,https://fbref.com/en/players/c596fcb0/Callum-Wilson,2018,eng England,Friendlies (M),25,1,78,1,0
Callum Wilson,https://fbref.com/en/players/c596fcb0/Callum-Wilson,2018-2019,eng England,UEFA Nations League,26,1,46,0,0
Callum Wilson,https://fbref.com/en/players/c596fcb0/Callum-Wilson,2021,eng England,UEFA Euro Qualifying,28,2,23,0,0
Callum Wilson,https://fbref.com/en/players/c596fcb0/Callum-Wilson,2022,eng England,1. World Cup,30,2,48,0,1
Callum Wilson,https://fbref.com/en/players/c596fcb0/Callum-Wilson,2023,eng England,Friendlies (M),30,1,7,0,0
Callum Wilson,https://fbref.com/en/players/c596fcb0/Callum-Wilson,2024,eng England,UEFA Euro Qualifying,31,2,48,1,0
Calum Chambers,https://fbref.com/en/players/dc6f5bdd/Calum-Chambers,2014,eng England,Friendlies (M),19,1,10,0,0
Calum Chambers,https://fbref.com/en/players/dc6f5bdd/Calum-Chambers,2016,eng England,UEFA Euro Qualifying,21,2,180,0,0
Carl Ikeme,https://fbref.com/en/players/8646429b/Carl-Ikeme,2015,ng Nigeria,Friendlies (M),28,3,259,0,0
Carl Ikeme,https://fbref.com/en/players/8646429b/Carl-Ikeme,2016,ng Nigeria,Friendlies (M),29,1,90,0,0
Carl Ikeme,https://fbref.com/en/players/8646429b/Carl-Ikeme,2017,ng Nigeria,Africa Cup of Nations qualification,30,3,270,0,0
Carl Ikeme,https://fbref.com/en/players/8646429b/Carl-Ikeme,2018,ng Nigeria,WCQ,31,3,270,0,0
Carlos Sánchez,https://fbref.com/en/players/50b51fac/Carlos-Sanchez,2014,co Colombia,1. World Cup,28,4,360,0,0
Carlos Sánchez,https://fbref.com/en/players/50b51fac/Carlos-Sanchez,2014,co Colombia,WCQ,27,7,625,0,0
Carlos Sánchez,https://fbref.com/en/players/50b51fac/Carlos-Sanchez,2014,co Colombia,Friendlies (M),27,4,183,0,0
Carlos Sánchez,https://fbref.com/en/players/50b51fac/Carlos-Sanchez,2015,co Colombia,Friendlies (M),28,4,360,0,0
Carlos Sánchez,https://fbref.com/en/players/50b51fac/Carlos-Sanchez,2016,co Colombia,Friendlies (M),29,1,45,0,0
Carlos Sánchez,https://fbref.com/en/players/50b51fac/Carlos-Sanchez,2017,co Colombia,Friendlies (M),30,4,315,0,0
Carlos Sánchez,https://fbref.com/en/players/50b51fac/Carlos-Sanchez,2018,co Colombia,1. World Cup,32,3,170,0,0
Carlos Sánchez,https://fbref.com/en/players/50b51fac/Carlos-Sanchez,2018,co Colombia,WCQ,31,15,1299,0,0
Carlos Sánchez,https://fbref.com/en/players/50b51fac/Carlos-Sanchez,2018,co Colombia,Friendlies (M),31,2,180,0,0
Carlos Salcido,https://fbref.com/en/players/190bc058/Carlos-Salcido,2005,mx Mexico,FIFA Confederations Cup,24,5,510,1,
Carlos Salcido,https://fbref.com/en/players/190bc058/Carlos-Salcido,2006,mx Mexico,1. World Cup,26,4,390,0,
Carlos Salcido,https://fbref.com/en/players/190bc058/Carlos-Salcido,2006,mx Mexico,WCQ,25,12,1063,0,
Carlos Salcido,https://fbref.com/en/players/190bc058/Carlos-Salcido,2010,mx Mexico,1. World Cup,30,4,360,0,
Carlos Salcido,https://fbref.com/en/players/190bc058/Carlos-Salcido,2010,mx Mexico,WCQ,29,15,1347,2,
Carlos Salcido,https://fbref.com/en/players/190bc058/Carlos-Salcido,2013,mx Mexico,FIFA Confederations Cup,32,3,200,0,0
Carlos Salcido,https://fbref.com/en/players/190bc058/Carlos-Salcido,2014,mx Mexico,1. World Cup,34,2,91,0,0
Carlos Salcido,https://fbref.com/en/players/190bc058/Carlos-Salcido,2014,mx Mexico,WCQ,33,12,1066,2,2
Carlos Tevez,https://fbref.com/en/players/c1a26d43/Carlos-Tevez,2005,ar Argentina,FIFA Confederations Cup,20,3,123,0,
Carlos Tevez,https://fbref.com/en/players/c1a26d43/Carlos-Tevez,2006,ar Argentina,1. World Cup,22,4,288,1,
Carlos Tevez,https://fbref.com/en/players/c1a26d43/Carlos-Tevez,2010,ar Argentina,1. World Cup,26,4,322,2,
Carlos Tevez,https://fbref.com/en/players/c1a26d43/Carlos-Tevez,2014,ar Argentina,Friendlies (M),29,2,59,0,0
Carlos Tevez,https://fbref.com/en/players/c1a26d43/Carlos-Tevez,2015,ar Argentina,Friendlies (M),30,4,176,0,0
Carlos Tevez,https://fbref.com/en/players/c1a26d43/Carlos-Tevez,2018,ar Argentina,WCQ,33,2,140,0,0
Carlos Vela,https://fbref.com/en/players/e0cd04e0/Carlos-Vela,2010,mx Mexico,1. World Cup,21,2,98,0,
Carlos Vela,https://fbref.com/en/players/e0cd04e0/Carlos-Vela,2010,mx Mexico,WCQ,20,12,867,3,
Carlos Vela,https://fbref.com/en/players/e0cd04e0/Carlos-Vela,2014,mx Mexico,Friendlies (M),24,2,96,2,0
Carlos Vela,https://fbref.com/en/players/e0cd04e0/Carlos-Vela,2015,mx Mexico,Friendlies (M),25,4,206,0,0
Carlos Vela,https://fbref.com/en/players/e0cd04e0/Carlos-Vela,2015,mx Mexico,Gold Cup,25,5,455,2,1
Carlos Vela,https://fbref.com/en/players/e0cd04e0/Carlos-Vela,2017,mx Mexico,Friendlies (M),27,4,190,1,0
Carlos Vela,https://fbref.com/en/players/e0cd04e0/Carlos-Vela,2017,mx Mexico,FIFA Confederations Cup,27,3,221,0,1
Carlos Vela,https://fbref.com/en/players/e0cd04e0/Carlos-Vela,2018,mx Mexico,1. World Cup,29,4,313,1,0
Carlos Vela,https://fbref.com/en/players/e0cd04e0/Carlos-Vela,2018,mx Mexico,WCQ,28,10,655,3,2
Carlos Vela,https://fbref.com/en/players/e0cd04e0/Carlos-Vela,2018,mx Mexico,Friendlies (M),28,4,274,0,1
Carlton Cole,https://fbref.com/en/players/51b2effb/Carlton-Cole,2010,eng England,WCQ,26,2,44,0,
Cesc Fàbregas,https://fbref.com/en/players/33508c78/Cesc-Fabregas,2006,es Spain,1. World Cup,19,4,214,0,
Cesc Fàbregas,https://fbref.com/en/players/33508c78/Cesc-Fabregas,2008,es Spain,UEFA Euro,20,6,340,1,
Cesc Fàbregas,https://fbref.com/en/players/33508c78/Cesc-Fabregas,2008,es Spain,UEFA Euro Qualifying,20,8,470,0,
Cesc Fàbregas,https://fbref.com/en/players/33508c78/Cesc-Fabregas,2009,es Spain,FIFA Confederations Cup,21,3,247,1,2
Cesc Fàbregas,https://fbref.com/en/players/33508c78/Cesc-Fabregas,2010,es Spain,1. World Cup,23,4,130,0,
Cesc Fàbregas,https://fbref.com/en/players/33508c78/Cesc-Fabregas,2010,es Spain,WCQ,22,7,378,2,
Cesc Fàbregas,https://fbref.com/en/players/33508c78/Cesc-Fabregas,2012,es Spain,UEFA Euro,24,6,315,2,1
Cesc Fàbregas,https://fbref.com/en/players/33508c78/Cesc-Fabregas,2012,es Spain,UEFA Euro Qualifying,24,2,90,0,
Cesc Fàbregas,https://fbref.com/en/players/33508c78/Cesc-Fabregas,2013,es Spain,FIFA Confederations Cup,25,3,139,0,1
Cesc Fàbregas,https://fbref.com/en/players/33508c78/Cesc-Fabregas,2014,es Spain,1. World Cup,27,2,36,0,1
Cesc Fàbregas,https://fbref.com/en/players/33508c78/Cesc-Fabregas,2014,es Spain,WCQ,26,7,434,0,3
Cesc Fàbregas,https://fbref.com/en/players/33508c78/Cesc-Fabregas,2014,es Spain,Friendlies (M),26,4,186,0,0
Cesc Fàbregas,https://fbref.com/en/players/33508c78/Cesc-Fabregas,2015,es Spain,Friendlies (M),27,3,262,1,2
Cesc Fàbregas,https://fbref.com/en/players/33508c78/Cesc-Fabregas,2016,es Spain,Friendlies (M),28,5,270,1,1
Cesc Fàbregas,https://fbref.com/en/players/33508c78/Cesc-Fabregas,2016,es Spain,UEFA Euro,28,4,312,0,2
Cesc Fàbregas,https://fbref.com/en/players/33508c78/Cesc-Fabregas,2016,es Spain,UEFA Euro Qualifying,28,6,473,0,2
Chancel Mbemba,https://fbref.com/en/players/e76cb9cc/Chancel-Mbemba,2013,cd Congo DR,Africa Cup of Nations,18,0,,,
Chancel Mbemba,https://fbref.com/en/players/e76cb9cc/Chancel-Mbemba,2014,cd Congo DR,WCQ,19,2,103,0,
Chancel Mbemba,https://fbref.com/en/players/e76cb9cc/Chancel-Mbemba,2015,cd Congo DR,Friendlies (M),20,4,315,1,0
Chancel Mbemba,https://fbref.com/en/players/e76cb9cc/Chancel-Mbemba,2015,cd Congo DR,Africa Cup of Nations,20,6,570,0,0
Chancel Mbemba,https://fbref.com/en/players/e76cb9cc/Chancel-Mbemba,2016,cd Congo DR,Friendlies (M),21,1,90,0,0
Chancel Mbemba,https://fbref.com/en/players/e76cb9cc/Chancel-Mbemba,2017,cd Congo DR,Friendlies (M),22,1,90,0,0
Chancel Mbemba,https://fbref.com/en/players/e76cb9cc/Chancel-Mbemba,2017,cd Congo DR,Africa Cup of Nations,22,4,360,0,1
Chancel Mbemba,https://fbref.com/en/players/e76cb9cc/Chancel-Mbemba,2017,cd Congo DR,Africa Cup of Nations qualification,22,6,540,0,0
Chancel Mbemba,https://fbref.com/en/players/e76cb9cc/Chancel-Mbemba,2018,cd Congo DR,Friendlies (M),23,1,90,0,0
Chancel Mbemba,https://fbref.com/en/players/e76cb9cc/Chancel-Mbemba,2018,cd Congo DR,WCQ,23,8,688,1,1
Chancel Mbemba,https://fbref.com/en/players/e76cb9cc/Chancel-Mbemba,2019,cd Congo DR,Friendlies (M),24,4,353,0,0
Chancel Mbemba,https://fbref.com/en/players/e76cb9cc/Chancel-Mbemba,2019,cd Congo DR,Africa Cup of Nations,24,3,269,1,0
Chancel Mbemba,https://fbref.com/en/players/e76cb9cc/Chancel-Mbemba,2019,cd Congo DR,Africa Cup of Nations qualification,24,5,450,1,1
Chancel Mbemba,https://fbref.com/en/players/e76cb9cc/Chancel-Mbemba,2021,cd Congo DR,Africa Cup of Nations qualification,26,6,516,0,0
Chancel Mbemba,https://fbref.com/en/players/e76cb9cc/Chancel-Mbemba,2022,cd Congo DR,WCQ,27,8,645,0,0
Chancel Mbemba,https://fbref.com/en/players/e76cb9cc/Chancel-Mbemba,2023,cd Congo DR,Africa Cup of Nations,28,7,660,1,0
Chancel Mbemba,https://fbref.com/en/players/e76cb9cc/Chancel-Mbemba,2023,cd Congo DR,Africa Cup of Nations qualification,28,4,360,0,0
Chancel Mbemba,https://fbref.com/en/players/e76cb9cc/Chancel-Mbemba,2025,cd Congo DR,Africa Cup of Nations qualification,30,5,450,0,0
Chancel Mbemba,https://fbref.com/en/players/e76cb9cc/Chancel-Mbemba,2026,cd Congo DR,WCQ,31,12,1110,1,1
Charalampos Mavrias,https://fbref.com/en/players/1cfd188f/Charalampos-Mavrias,2014,gr Greece,WCQ,19,1,12,0,0
Charalampos Mavrias,https://fbref.com/en/players/1cfd188f/Charalampos-Mavrias,2014,gr Greece,Friendlies (M),19,1,70,0,0
Charalampos Mavrias,https://fbref.com/en/players/1cfd188f/Charalampos-Mavrias,2016,gr Greece,UEFA Euro Qualifying,21,2,98,0,0
Charalampos Mavrias,https://fbref.com/en/players/1cfd188f/Charalampos-Mavrias,2019,gr Greece,Friendlies (M),24,1,72,0,0
Charalampos Mavrias,https://fbref.com/en/players/1cfd188f/Charalampos-Mavrias,2020,gr Greece,Friendlies (M),25,1,67,0,0
Charalampos Mavrias,https://fbref.com/en/players/1cfd188f/Charalampos-Mavrias,2020-2021,gr Greece,UEFA Nations League,26,2,180,0,0
Charalampos Mavrias,https://fbref.com/en/players/1cfd188f/Charalampos-Mavrias,2021,gr Greece,Friendlies (M),26,1,90,0,0
Charalampos Mavrias,https://fbref.com/en/players/1cfd188f/Charalampos-Mavrias,2021,gr Greece,UEFA Euro Qualifying,26,2,61,0,0
Charalampos Mavrias,https://fbref.com/en/players/1cfd188f/Charalampos-Mavrias,2022,gr Greece,WCQ,27,1,49,0,0
Charlie Adam,https://fbref.com/en/players/aff418dc/Charlie-Adam,2008,sct Scotland,UEFA Euro Qualifying,22,1,14,0,
Charlie Adam,https://fbref.com/en/players/aff418dc/Charlie-Adam,2012,sct Scotland,UEFA Euro Qualifying,26,4,260,0,
Charlie Adam,https://fbref.com/en/players/aff418dc/Charlie-Adam,2014,sct Scotland,WCQ,28,5,241,0,0
Charlie Adam,https://fbref.com/en/players/aff418dc/Charlie-Adam,2014,sct Scotland,Friendlies (M),28,1,14,0,0
Charlie Adam,https://fbref.com/en/players/aff418dc/Charlie-Adam,2015,sct Scotland,Friendlies (M),29,1,32,0,0
Charlie Adam,https://fbref.com/en/players/aff418dc/Charlie-Adam,2016,sct Scotland,UEFA Euro Qualifying,30,0,,,
Cheick Tioté,https://fbref.com/en/players/e1270968/Cheick-Tiote,2010,ci Côte d'Ivoire,1. World Cup,23,3,270,0,
Cheick Tioté,https://fbref.com/en/players/e1270968/Cheick-Tiote,2010,ci Côte d'Ivoire,Africa Cup of Nations,23,3,241,0,0
Cheick Tioté,https://fbref.com/en/players/e1270968/Cheick-Tiote,2012,ci Côte d'Ivoire,Africa Cup of Nations,25,4,379,0,0
Cheick Tioté,https://fbref.com/en/players/e1270968/Cheick-Tiote,2013,ci Côte d'Ivoire,Africa Cup of Nations,26,3,208,1,0
Cheick Tioté,https://fbref.com/en/players/e1270968/Cheick-Tiote,2014,ci Côte d'Ivoire,1. World Cup,27,3,240,0,0
Cheick Tioté,https://fbref.com/en/players/e1270968/Cheick-Tiote,2014,ci Côte d'Ivoire,WCQ,27,6,493,0,
Cheick Tioté,https://fbref.com/en/players/e1270968/Cheick-Tiote,2014,ci Côte d'Ivoire,Friendlies (M),27,1,90,0,0
Cheick Tioté,https://fbref.com/en/players/e1270968/Cheick-Tiote,2015,ci Côte d'Ivoire,Friendlies (M),28,2,161,0,1
Cheick Tioté,https://fbref.com/en/players/e1270968/Cheick-Tiote,2015,ci Côte d'Ivoire,Africa Cup of Nations,28,2,180,0,0
Cheikhou Kouyaté,https://fbref.com/en/players/8d3c902d/Cheikhou-Kouyate,2014,sn Senegal,Friendlies (M),24,1,90,0,0
Cheikhou Kouyaté,https://fbref.com/en/players/8d3c902d/Cheikhou-Kouyate,2014,sn Senegal,WCQ,24,3,191,0,
Cheikhou Kouyaté,https://fbref.com/en/players/8d3c902d/Cheikhou-Kouyate,2015,sn Senegal,Friendlies (M),25,2,135,0,0
Cheikhou Kouyaté,https://fbref.com/en/players/8d3c902d/Cheikhou-Kouyate,2015,sn Senegal,Africa Cup of Nations,25,3,187,0,0
Cheikhou Kouyaté,https://fbref.com/en/players/8d3c902d/Cheikhou-Kouyate,2015,sn Senegal,Africa Cup of Nations qualification,25,4,346,0,
Cheikhou Kouyaté,https://fbref.com/en/players/8d3c902d/Cheikhou-Kouyate,2016,sn Senegal,Friendlies (M),26,1,75,0,0
Cheikhou Kouyaté,https://fbref.com/en/players/8d3c902d/Cheikhou-Kouyate,2017,sn Senegal,Friendlies (M),27,2,151,0,0
Cheikhou Kouyaté,https://fbref.com/en/players/8d3c902d/Cheikhou-Kouyate,2017,sn Senegal,Africa Cup of Nations,27,3,279,0,0
Cheikhou Kouyaté,https://fbref.com/en/players/8d3c902d/Cheikhou-Kouyate,2017,sn Senegal,Africa Cup of Nations qualification,27,5,442,1,0
Cheikhou Kouyaté,https://fbref.com/en/players/8d3c902d/Cheikhou-Kouyate,2018,sn Senegal,1. World Cup,28,3,121,0,0
Cheikhou Kouyaté,https://fbref.com/en/players/8d3c902d/Cheikhou-Kouyate,2018,sn Senegal,WCQ,28,8,605,1,0
Cheikhou Kouyaté,https://fbref.com/en/players/8d3c902d/Cheikhou-Kouyate,2018,sn Senegal,Friendlies (M),28,2,152,0,0
Cheikhou Kouyaté,https://fbref.com/en/players/8d3c902d/Cheikhou-Kouyate,2019,sn Senegal,Africa Cup of Nations,29,7,637,0,0
Cheikhou Kouyaté,https://fbref.com/en/players/8d3c902d/Cheikhou-Kouyate,2019,sn Senegal,Africa Cup of Nations qualification,29,4,360,0,0
Cheikhou Kouyaté,https://fbref.com/en/players/8d3c902d/Cheikhou-Kouyate,2019,sn Senegal,Friendlies (M),29,2,142,0,0
Cheikhou Kouyaté,https://fbref.com/en/players/8d3c902d/Cheikhou-Kouyate,2020,sn Senegal,Friendlies (M),30,1,79,0,0
Cheikhou Kouyaté,https://fbref.com/en/players/8d3c902d/Cheikhou-Kouyate,2021,sn Senegal,Friendlies (M),31,2,16,0,0
Cheikhou Kouyaté,https://fbref.com/en/players/8d3c902d/Cheikhou-Kouyate,2021,sn Senegal,Africa Cup of Nations,31,6,425,1,0
Cheikhou Kouyaté,https://fbref.com/en/players/8d3c902d/Cheikhou-Kouyate,2021,sn Senegal,Africa Cup of Nations qualification,31,6,540,1,0
Cheikhou Kouyaté,https://fbref.com/en/players/8d3c902d/Cheikhou-Kouyate,2022,sn Senegal,1. World Cup,32,1,72,0,0
Cheikhou Kouyaté,https://fbref.com/en/players/8d3c902d/Cheikhou-Kouyate,2022,sn Senegal,WCQ,32,6,449,0,0
Cheikhou Kouyaté,https://fbref.com/en/players/8d3c902d/Cheikhou-Kouyate,2022,sn Senegal,Friendlies (M),32,1,28,0,0
Cheikhou Kouyaté,https://fbref.com/en/players/8d3c902d/Cheikhou-Kouyate,2023,sn Senegal,Friendlies (M),33,3,102,0,0
Cheikhou Kouyaté,https://fbref.com/en/players/8d3c902d/Cheikhou-Kouyate,2023,sn Senegal,Africa Cup of Nations,33,1,20,0,0
Cheikhou Kouyaté,https://fbref.com/en/players/8d3c902d/Cheikhou-Kouyate,2023,sn Senegal,Africa Cup of Nations qualification,33,2,36,0,0
Cheikhou Kouyaté,https://fbref.com/en/players/8d3c902d/Cheikhou-Kouyate,2024,sn Senegal,Friendlies (M),34,1,13,0,0
Cheikhou Kouyaté,https://fbref.com/en/players/8d3c902d/Cheikhou-Kouyate,2026,sn Senegal,WCQ,36,1,64,0,0
Chris Baird,https://fbref.com/en/players/55fd8c81/Chris-Baird,2006,nir Northern Ireland,WCQ,23,6,540,0,
Chris Baird,https://fbref.com/en/players/55fd8c81/Chris-Baird,2008,nir Northern Ireland,UEFA Euro Qualifying,25,9,726,0,
Chris Baird,https://fbref.com/en/players/55fd8c81/Chris-Baird,2010,nir Northern Ireland,WCQ,27,8,547,0,
Chris Baird,https://fbref.com/en/players/55fd8c81/Chris-Baird,2012,nir Northern Ireland,UEFA Euro Qualifying,29,10,900,0,
Chris Baird,https://fbref.com/en/players/55fd8c81/Chris-Baird,2014,nir Northern Ireland,WCQ,31,6,465,0,0
Chris Baird,https://fbref.com/en/players/55fd8c81/Chris-Baird,2015,nir Northern Ireland,Friendlies (M),32,2,102,0,0
Chris Baird,https://fbref.com/en/players/55fd8c81/Chris-Baird,2016,nir Northern Ireland,Friendlies (M),33,2,180,0,0
Chris Baird,https://fbref.com/en/players/55fd8c81/Chris-Baird,2016,nir Northern Ireland,UEFA Euro,33,1,75,0,0
Chris Baird,https://fbref.com/en/players/55fd8c81/Chris-Baird,2016,nir Northern Ireland,UEFA Euro Qualifying,33,9,800,0,1
Chris Brunt,https://fbref.com/en/players/ec7e6ad1/Chris-Brunt,2006,nir Northern Ireland,WCQ,21,2,100,0,
Chris Brunt,https://fbref.com/en/players/ec7e6ad1/Chris-Brunt,2008,nir Northern Ireland,UEFA Euro Qualifying,23,8,562,0,
Chris Brunt,https://fbref.com/en/players/ec7e6ad1/Chris-Brunt,2010,nir Northern Ireland,WCQ,25,5,256,1,
Chris Brunt,https://fbref.com/en/players/ec7e6ad1/Chris-Brunt,2012,nir Northern Ireland,UEFA Euro Qualifying,27,8,698,0,
Chris Brunt,https://fbref.com/en/players/ec7e6ad1/Chris-Brunt,2014,nir Northern Ireland,WCQ,29,7,495,0,0
Chris Brunt,https://fbref.com/en/players/ec7e6ad1/Chris-Brunt,2014,nir Northern Ireland,Friendlies (M),29,1,90,0,0
Chris Brunt,https://fbref.com/en/players/ec7e6ad1/Chris-Brunt,2015,nir Northern Ireland,Friendlies (M),30,0,,,
Chris Brunt,https://fbref.com/en/players/ec7e6ad1/Chris-Brunt,2016,nir Northern Ireland,Friendlies (M),31,1,45,0,0
Chris Brunt,https://fbref.com/en/players/ec7e6ad1/Chris-Brunt,2016,nir Northern Ireland,UEFA Euro Qualifying,31,8,712,0,1
Chris Brunt,https://fbref.com/en/players/ec7e6ad1/Chris-Brunt,2017,nir Northern Ireland,Friendlies (M),32,1,45,0,0
Chris Brunt,https://fbref.com/en/players/ec7e6ad1/Chris-Brunt,2018,nir Northern Ireland,WCQ,33,9,810,2,2
Chris Gunter,https://fbref.com/en/players/303a53e1/Chris-Gunter,2008,wls Wales,UEFA Euro Qualifying,18,2,180,0,
Chris Gunter,https://fbref.com/en/players/303a53e1/Chris-Gunter,2010,wls Wales,WCQ,20,10,840,0,
Chris Gunter,https://fbref.com/en/players/303a53e1/Chris-Gunter,2012,wls Wales,UEFA Euro Qualifying,22,7,629,0,
Chris Gunter,https://fbref.com/en/players/303a53e1/Chris-Gunter,2014,wls Wales,WCQ,24,10,900,0,0
Chris Gunter,https://fbref.com/en/players/303a53e1/Chris-Gunter,2014,wls Wales,Friendlies (M),24,1,90,0,0
Chris Gunter,https://fbref.com/en/players/303a53e1/Chris-Gunter,2015,wls Wales,Friendlies (M),25,1,65,0,0
Chris Gunter,https://fbref.com/en/players/303a53e1/Chris-Gunter,2016,wls Wales,Friendlies (M),26,3,270,0,0
Chris Gunter,https://fbref.com/en/players/303a53e1/Chris-Gunter,2016,wls Wales,UEFA Euro,26,6,540,0,1
Chris Gunter,https://fbref.com/en/players/303a53e1/Chris-Gunter,2016,wls Wales,UEFA Euro Qualifying,26,10,900,0,0
Chris Gunter,https://fbref.com/en/players/303a53e1/Chris-Gunter,2017,wls Wales,Friendlies (M),27,2,180,0,0
Chris Gunter,https://fbref.com/en/players/303a53e1/Chris-Gunter,2018,wls Wales,Friendlies (M),28,3,225,0,0
Chris Gunter,https://fbref.com/en/players/303a53e1/Chris-Gunter,2018,wls Wales,WCQ,28,10,900,0,1
Chris Gunter,https://fbref.com/en/players/303a53e1/Chris-Gunter,2018-2019,wls Wales,UEFA Nations League,29,3,149,0,0
Chris Gunter,https://fbref.com/en/players/303a53e1/Chris-Gunter,2019,wls Wales,Friendlies (M),29,2,91,0,0
Chris Gunter,https://fbref.com/en/players/303a53e1/Chris-Gunter,2020,wls Wales,Friendlies (M),30,2,108,0,0
Chris Gunter,https://fbref.com/en/players/303a53e1/Chris-Gunter,2020-2021,wls Wales,UEFA Nations League,31,1,1,0,0
Chris Gunter,https://fbref.com/en/players/303a53e1/Chris-Gunter,2021,wls Wales,Friendlies (M),31,2,180,0,0
Chris Gunter,https://fbref.com/en/players/303a53e1/Chris-Gunter,2021,wls Wales,UEFA Euro,31,1,90,0,0
Chris Gunter,https://fbref.com/en/players/303a53e1/Chris-Gunter,2021,wls Wales,UEFA Euro Qualifying,31,1,90,0,0
Chris Gunter,https://fbref.com/en/players/303a53e1/Chris-Gunter,2022,wls Wales,1. World Cup,32,0,,,
Chris Gunter,https://fbref.com/en/players/303a53e1/Chris-Gunter,2022,wls Wales,WCQ,32,4,247,0,0
Chris Gunter,https://fbref.com/en/players/303a53e1/Chris-Gunter,2022,wls Wales,Friendlies (M),32,1,60,0,0
Chris Gunter,https://fbref.com/en/players/303a53e1/Chris-Gunter,2022-2023,wls Wales,UEFA Nations League,33,2,114,0,0
Chris Herd,https://fbref.com/en/players/3d5db1eb/Chris-Herd,2014,au Australia,Friendlies (M),24,3,165,0,0
Chris Herd,https://fbref.com/en/players/3d5db1eb/Chris-Herd,2015,au Australia,Asian Cup,25,0,,,
Chris Martin,https://fbref.com/en/players/c21e39f9/Chris-Martin,2014,sct Scotland,Friendlies (M),25,1,45,0,0
Chris Martin,https://fbref.com/en/players/c21e39f9/Chris-Martin,2016,sct Scotland,Friendlies (M),27,2,121,0,0
Chris Martin,https://fbref.com/en/players/c21e39f9/Chris-Martin,2016,sct Scotland,UEFA Euro Qualifying,27,5,141,1,1
Chris Martin,https://fbref.com/en/players/c21e39f9/Chris-Martin,2017,sct Scotland,Friendlies (M),28,1,61,0,0
Chris Martin,https://fbref.com/en/players/c21e39f9/Chris-Martin,2018,sct Scotland,WCQ,29,8,290,2,0
Chris Smalling,https://fbref.com/en/players/b6964eb6/Chris-Smalling,2012,eng England,UEFA Euro Qualifying,22,2,180,0,
Chris Smalling,https://fbref.com/en/players/b6964eb6/Chris-Smalling,2014,eng England,1. World Cup,24,1,90,0,0
Chris Smalling,https://fbref.com/en/players/b6964eb6/Chris-Smalling,2014,eng England,WCQ,24,3,270,0,0
Chris Smalling,https://fbref.com/en/players/b6964eb6/Chris-Smalling,2014,eng England,Friendlies (M),24,4,288,0,0
Chris Smalling,https://fbref.com/en/players/b6964eb6/Chris-Smalling,2015,eng England,Friendlies (M),25,3,216,0,0
Chris Smalling,https://fbref.com/en/players/b6964eb6/Chris-Smalling,2016,eng England,Friendlies (M),26,4,321,1,0
Chris Smalling,https://fbref.com/en/players/b6964eb6/Chris-Smalling,2016,eng England,UEFA Euro,26,4,360,0,0
Chris Smalling,https://fbref.com/en/players/b6964eb6/Chris-Smalling,2016,eng England,UEFA Euro Qualifying,26,4,272,0,0
Chris Smalling,https://fbref.com/en/players/b6964eb6/Chris-Smalling,2017,eng England,Friendlies (M),27,1,83,0,0
Chris Smalling,https://fbref.com/en/players/b6964eb6/Chris-Smalling,2018,eng England,WCQ,28,1,90,0,0
Chris Wood,https://fbref.com/en/players/4e9a0555/Chris-Wood,2009,nz New Zealand,FIFA Confederations Cup,17,1,16,0,0
Chris Wood,https://fbref.com/en/players/4e9a0555/Chris-Wood,2010,nz New Zealand,1. World Cup,18,3,69,0,
Chris Wood,https://fbref.com/en/players/4e9a0555/Chris-Wood,2014,nz New Zealand,Friendlies (M),22,3,270,3,0
Chris Wood,https://fbref.com/en/players/4e9a0555/Chris-Wood,2015,nz New Zealand,Friendlies (M),23,1,90,0,0
Chris Wood,https://fbref.com/en/players/4e9a0555/Chris-Wood,2016,nz New Zealand,Friendlies (M),24,2,180,0,0
Chris Wood,https://fbref.com/en/players/4e9a0555/Chris-Wood,2017,nz New Zealand,Friendlies (M),25,3,270,1,0
Chris Wood,https://fbref.com/en/players/4e9a0555/Chris-Wood,2017,nz New Zealand,FIFA Confederations Cup,25,3,270,1,0
Chris Wood,https://fbref.com/en/players/4e9a0555/Chris-Wood,2018,nz New Zealand,WCQ,26,6,464,7,0
Chris Wood,https://fbref.com/en/players/4e9a0555/Chris-Wood,2019,nz New Zealand,Friendlies (M),27,1,75,0,0
Chris Wood,https://fbref.com/en/players/4e9a0555/Chris-Wood,2021,nz New Zealand,Friendlies (M),29,3,270,3,0
Chris Wood,https://fbref.com/en/players/4e9a0555/Chris-Wood,2022,nz New Zealand,WCQ,30,4,266,5,0
Chris Wood,https://fbref.com/en/players/4e9a0555/Chris-Wood,2022,nz New Zealand,Friendlies (M),30,5,274,1,0
Chris Wood,https://fbref.com/en/players/4e9a0555/Chris-Wood,2022,nz New Zealand,WCQ Play-offs,30,1,90,0,0
Chris Wood,https://fbref.com/en/players/4e9a0555/Chris-Wood,2023,nz New Zealand,Friendlies (M),31,3,184,0,0
Chris Wood,https://fbref.com/en/players/4e9a0555/Chris-Wood,2024,nz New Zealand,Friendlies (M),32,3,171,1,0
Chris Wood,https://fbref.com/en/players/4e9a0555/Chris-Wood,2025,nz New Zealand,Friendlies (M),33,2,68,0,0
Chris Wood,https://fbref.com/en/players/4e9a0555/Chris-Wood,2026,nz New Zealand,WCQ,34,5,326,9,0
Christian Atsu,https://fbref.com/en/players/8816329f/Christian-Atsu,2013,gh Ghana,Africa Cup of Nations,21,6,431,1,0
Christian Atsu,https://fbref.com/en/players/8816329f/Christian-Atsu,2014,gh Ghana,1. World Cup,22,3,238,0,0
Christian Atsu,https://fbref.com/en/players/8816329f/Christian-Atsu,2014,gh Ghana,WCQ,22,5,203,2,
Christian Atsu,https://fbref.com/en/players/8816329f/Christian-Atsu,2014,gh Ghana,Friendlies (M),22,1,75,0,0
Christian Atsu,https://fbref.com/en/players/8816329f/Christian-Atsu,2015,gh Ghana,Friendlies (M),23,4,303,0,0
Christian Atsu,https://fbref.com/en/players/8816329f/Christian-Atsu,2015,gh Ghana,Africa Cup of Nations,23,6,529,2,1
Christian Atsu,https://fbref.com/en/players/8816329f/Christian-Atsu,2016,gh Ghana,Friendlies (M),24,2,172,0,0
Christian Atsu,https://fbref.com/en/players/8816329f/Christian-Atsu,2017,gh Ghana,Africa Cup of Nations,25,6,466,0,0
Christian Atsu,https://fbref.com/en/players/8816329f/Christian-Atsu,2017,gh Ghana,Africa Cup of Nations qualification,25,4,353,2,1
Christian Atsu,https://fbref.com/en/players/8816329f/Christian-Atsu,2018,gh Ghana,WCQ,26,4,351,0,1
Christian Atsu,https://fbref.com/en/players/8816329f/Christian-Atsu,2019,gh Ghana,Friendlies (M),27,1,45,0,0
Christian Atsu,https://fbref.com/en/players/8816329f/Christian-Atsu,2019,gh Ghana,Africa Cup of Nations,27,2,104,0,0
Christian Atsu,https://fbref.com/en/players/8816329f/Christian-Atsu,2019,gh Ghana,Africa Cup of Nations qualification,27,3,252,0,0
Christian Benteke,https://fbref.com/en/players/ab070c55/Christian-Benteke,2012,be Belgium,UEFA Euro Qualifying,21,1,18,0,
Christian Benteke,https://fbref.com/en/players/ab070c55/Christian-Benteke,2014,be Belgium,WCQ,23,7,620,2,1
Christian Benteke,https://fbref.com/en/players/ab070c55/Christian-Benteke,2014,be Belgium,Friendlies (M),23,2,147,0,1
Christian Benteke,https://fbref.com/en/players/ab070c55/Christian-Benteke,2015,be Belgium,Friendlies (M),24,1,58,0,0
Christian Benteke,https://fbref.com/en/players/ab070c55/Christian-Benteke,2016,be Belgium,Friendlies (M),25,2,40,0,0
Christian Benteke,https://fbref.com/en/players/ab070c55/Christian-Benteke,2016,be Belgium,UEFA Euro,25,2,12,0,0
Christian Benteke,https://fbref.com/en/players/ab070c55/Christian-Benteke,2016,be Belgium,UEFA Euro Qualifying,25,5,292,1,0
Christian Benteke,https://fbref.com/en/players/ab070c55/Christian-Benteke,2017,be Belgium,Friendlies (M),26,2,121,2,0
Christian Benteke,https://fbref.com/en/players/ab070c55/Christian-Benteke,2018,be Belgium,WCQ,27,2,88,3,1
Christian Benteke,https://fbref.com/en/players/ab070c55/Christian-Benteke,2018,be Belgium,Friendlies (M),27,1,45,0,0
Christian Benteke,https://fbref.com/en/players/ab070c55/Christian-Benteke,2020,be Belgium,Friendlies (M),29,1,23,0,0
Christian Benteke,https://fbref.com/en/players/ab070c55/Christian-Benteke,2020-2021,be Belgium,UEFA Nations League,29,0,,,
Christian Benteke,https://fbref.com/en/players/ab070c55/Christian-Benteke,2021,be Belgium,Friendlies (M),30,0,,,
Christian Benteke,https://fbref.com/en/players/ab070c55/Christian-Benteke,2021,be Belgium,UEFA Euro,30,1,7,0,0
Christian Benteke,https://fbref.com/en/players/ab070c55/Christian-Benteke,2021,be Belgium,UEFA Euro Qualifying,30,3,107,3,0
Christian Benteke,https://fbref.com/en/players/ab070c55/Christian-Benteke,2022,be Belgium,WCQ,31,4,141,2,1
Christian Benteke,https://fbref.com/en/players/ab070c55/Christian-Benteke,2022,be Belgium,Friendlies (M),31,2,30,1,0
Christian Eriksen,https://fbref.com/en/players/980522ec/Christian-Eriksen,2010,dk Denmark,1. World Cup,18,2,46,0,
Christian Eriksen,https://fbref.com/en/players/980522ec/Christian-Eriksen,2012,dk Denmark,UEFA Euro,19,3,253,0,0
Christian Eriksen,https://fbref.com/en/players/980522ec/Christian-Eriksen,2012,dk Denmark,UEFA Euro Qualifying,19,8,564,1,
Christian Eriksen,https://fbref.com/en/players/980522ec/Christian-Eriksen,2014,dk Denmark,WCQ,21,10,861,0,1
Christian Eriksen,https://fbref.com/en/players/980522ec/Christian-Eriksen,2014,dk Denmark,Friendlies (M),21,1,45,0,0
Christian Eriksen,https://fbref.com/en/players/980522ec/Christian-Eriksen,2015,dk Denmark,Friendlies (M),22,4,312,1,1
Christian Eriksen,https://fbref.com/en/players/980522ec/Christian-Eriksen,2016,dk Denmark,Friendlies (M),23,3,231,0,1
Christian Eriksen,https://fbref.com/en/players/980522ec/Christian-Eriksen,2016,dk Denmark,UEFA Euro Qualifying,23,8,704,0,1
Christian Eriksen,https://fbref.com/en/players/980522ec/Christian-Eriksen,2017,dk Denmark,Friendlies (M),24,1,64,1,0
Christian Eriksen,https://fbref.com/en/players/980522ec/Christian-Eriksen,2018,dk Denmark,1. World Cup,26,4,390,1,1
Christian Eriksen,https://fbref.com/en/players/980522ec/Christian-Eriksen,2018,dk Denmark,WCQ,25,12,1080,11,2
Christian Eriksen,https://fbref.com/en/players/980522ec/Christian-Eriksen,2018,dk Denmark,Friendlies (M),25,3,215,1,1
Christian Eriksen,https://fbref.com/en/players/980522ec/Christian-Eriksen,2018-2019,dk Denmark,UEFA Nations League,26,3,225,2,0
Christian Eriksen,https://fbref.com/en/players/980522ec/Christian-Eriksen,2019,dk Denmark,Friendlies (M),26,2,76,1,0
Christian Eriksen,https://fbref.com/en/players/980522ec/Christian-Eriksen,2020,dk Denmark,Friendlies (M),27,2,116,1,0
Christian Eriksen,https://fbref.com/en/players/980522ec/Christian-Eriksen,2020-2021,dk Denmark,UEFA Nations League,28,6,540,4,0
Christian Eriksen,https://fbref.com/en/players/980522ec/Christian-Eriksen,2021,dk Denmark,Friendlies (M),28,2,148,0,0
Christian Eriksen,https://fbref.com/en/players/980522ec/Christian-Eriksen,2021,dk Denmark,UEFA Euro,28,1,42,0,0
Christian Eriksen,https://fbref.com/en/players/980522ec/Christian-Eriksen,2021,dk Denmark,UEFA Euro Qualifying,28,8,720,5,4
Christian Eriksen,https://fbref.com/en/players/980522ec/Christian-Eriksen,2022,dk Denmark,1. World Cup,30,3,270,0,0
Christian Eriksen,https://fbref.com/en/players/980522ec/Christian-Eriksen,2022,dk Denmark,WCQ,29,3,194,0,1
Christian Eriksen,https://fbref.com/en/players/980522ec/Christian-Eriksen,2022,dk Denmark,Friendlies (M),29,2,124,2,0
Christian Eriksen,https://fbref.com/en/players/980522ec/Christian-Eriksen,2022-2023,dk Denmark,UEFA Nations League,30,6,465,1,1
Christian Eriksen,https://fbref.com/en/players/980522ec/Christian-Eriksen,2024,dk Denmark,Friendlies (M),31,4,253,1,2
Christian Eriksen,https://fbref.com/en/players/980522ec/Christian-Eriksen,2024,dk Denmark,UEFA Euro,31,4,348,1,0
Christian Eriksen,https://fbref.com/en/players/980522ec/Christian-Eriksen,2024,dk Denmark,UEFA Euro Qualifying,31,6,540,1,3
Christian Eriksen,https://fbref.com/en/players/980522ec/Christian-Eriksen,2024-2025,dk Denmark,UEFA Nations League,32,8,625,2,2
Christian Eriksen,https://fbref.com/en/players/980522ec/Christian-Eriksen,2025,dk Denmark,Friendlies (M),32,2,169,2,1
Christian Eriksen,https://fbref.com/en/players/980522ec/Christian-Eriksen,2026,dk Denmark,WCQ,33,3,134,0,0
Christian Fuchs,https://fbref.com/en/players/a67a09fb/Christian-Fuchs,2008,at Austria,UEFA Euro,21,1,90,0,
Christian Fuchs,https://fbref.com/en/players/a67a09fb/Christian-Fuchs,2010,at Austria,WCQ,23,7,619,0,
Christian Fuchs,https://fbref.com/en/players/a67a09fb/Christian-Fuchs,2012,at Austria,UEFA Euro Qualifying,25,10,900,0,
Christian Fuchs,https://fbref.com/en/players/a67a09fb/Christian-Fuchs,2014,at Austria,WCQ,27,10,861,0,1
Christian Fuchs,https://fbref.com/en/players/a67a09fb/Christian-Fuchs,2014,at Austria,Friendlies (M),27,1,90,0,0
Christian Fuchs,https://fbref.com/en/players/a67a09fb/Christian-Fuchs,2015,at Austria,Friendlies (M),28,1,90,0,0
Christian Fuchs,https://fbref.com/en/players/a67a09fb/Christian-Fuchs,2016,at Austria,Friendlies (M),29,3,225,0,0
Christian Fuchs,https://fbref.com/en/players/a67a09fb/Christian-Fuchs,2016,at Austria,UEFA Euro,29,3,270,0,0
Christian Fuchs,https://fbref.com/en/players/a67a09fb/Christian-Fuchs,2016,at Austria,UEFA Euro Qualifying,29,10,900,0,2
Christian Poulsen,https://fbref.com/en/players/4b83b362/Christian-Poulsen,2002,dk Denmark,1. World Cup,22,3,106,0,
Christian Poulsen,https://fbref.com/en/players/4b83b362/Christian-Poulsen,2004,dk Denmark,UEFA Euro,23,3,191,0,
Christian Poulsen,https://fbref.com/en/players/4b83b362/Christian-Poulsen,2006,dk Denmark,WCQ,25,12,1023,2,
Christian Poulsen,https://fbref.com/en/players/4b83b362/Christian-Poulsen,2008,dk Denmark,UEFA Euro Qualifying,27,5,430,0,
Christian Poulsen,https://fbref.com/en/players/4b83b362/Christian-Poulsen,2010,dk Denmark,1. World Cup,30,3,270,0,
Christian Poulsen,https://fbref.com/en/players/4b83b362/Christian-Poulsen,2010,dk Denmark,WCQ,29,5,431,1,
Christian Poulsen,https://fbref.com/en/players/4b83b362/Christian-Poulsen,2012,dk Denmark,UEFA Euro,31,1,12,0,0
Christian Poulsen,https://fbref.com/en/players/4b83b362/Christian-Poulsen,2012,dk Denmark,UEFA Euro Qualifying,31,7,411,0,
Christophe Berra,https://fbref.com/en/players/8455984a/Christophe-Berra,2010,sct Scotland,WCQ,25,2,132,0,
Christophe Berra,https://fbref.com/en/players/8455984a/Christophe-Berra,2012,sct Scotland,UEFA Euro Qualifying,27,5,361,0,
Christophe Berra,https://fbref.com/en/players/8455984a/Christophe-Berra,2014,sct Scotland,WCQ,29,4,360,0,0
Christophe Berra,https://fbref.com/en/players/8455984a/Christophe-Berra,2014,sct Scotland,Friendlies (M),29,0,,,
Christophe Berra,https://fbref.com/en/players/8455984a/Christophe-Berra,2015,sct Scotland,Friendlies (M),30,1,45,1,0
Christophe Berra,https://fbref.com/en/players/8455984a/Christophe-Berra,2016,sct Scotland,Friendlies (M),31,2,135,0,0
Christophe Berra,https://fbref.com/en/players/8455984a/Christophe-Berra,2016,sct Scotland,UEFA Euro Qualifying,31,2,91,0,0
Christophe Berra,https://fbref.com/en/players/8455984a/Christophe-Berra,2017,sct Scotland,Friendlies (M),32,2,135,0,0
Christophe Berra,https://fbref.com/en/players/8455984a/Christophe-Berra,2018,sct Scotland,WCQ,33,6,540,1,0
Christopher Samba,https://fbref.com/en/players/e43cada1/Christopher-Samba,2014,cg Congo,WCQ,29,2,180,2,
Ciaran Clark,https://fbref.com/en/players/2b91cf8e/Ciaran-Clark,2012,ie Rep. of Ireland,UEFA Euro Qualifying,22,0,,,
Ciaran Clark,https://fbref.com/en/players/2b91cf8e/Ciaran-Clark,2014,ie Rep. of Ireland,WCQ,24,4,294,0,0
Ciaran Clark,https://fbref.com/en/players/2b91cf8e/Ciaran-Clark,2014,ie Rep. of Ireland,Friendlies (M),24,2,117,0,0
Ciaran Clark,https://fbref.com/en/players/2b91cf8e/Ciaran-Clark,2016,ie Rep. of Ireland,Friendlies (M),26,3,270,1,0
Ciaran Clark,https://fbref.com/en/players/2b91cf8e/Ciaran-Clark,2016,ie Rep. of Ireland,UEFA Euro,26,2,180,0,0
Ciaran Clark,https://fbref.com/en/players/2b91cf8e/Ciaran-Clark,2016,ie Rep. of Ireland,UEFA Euro Qualifying,26,4,360,0,0
Ciaran Clark,https://fbref.com/en/players/2b91cf8e/Ciaran-Clark,2018,ie Rep. of Ireland,WCQ,28,10,791,0,0
Ciaran Clark,https://fbref.com/en/players/2b91cf8e/Ciaran-Clark,2018,ie Rep. of Ireland,Friendlies (M),28,1,22,0,0
Ciaran Clark,https://fbref.com/en/players/2b91cf8e/Ciaran-Clark,2018-2019,ie Rep. of Ireland,UEFA Nations League,28,1,90,0,0
Ciaran Clark,https://fbref.com/en/players/2b91cf8e/Ciaran-Clark,2019,ie Rep. of Ireland,Friendlies (M),29,1,90,0,0
Ciaran Clark,https://fbref.com/en/players/2b91cf8e/Ciaran-Clark,2020-2021,ie Rep. of Ireland,UEFA Nations League,30,0,,,
Ciaran Clark,https://fbref.com/en/players/2b91cf8e/Ciaran-Clark,2021,ie Rep. of Ireland,Friendlies (M),31,0,,,
Ciaran Clark,https://fbref.com/en/players/2b91cf8e/Ciaran-Clark,2021,ie Rep. of Ireland,UEFA Euro Qualifying,31,1,45,0,0
Ciaran Clark,https://fbref.com/en/players/2b91cf8e/Ciaran-Clark,2022,ie Rep. of Ireland,WCQ,32,2,138,0,0
Clint Dempsey,https://fbref.com/en/players/523d9de6/Clint-Dempsey,2006,us United States,1. World Cup,23,2,151,1,
Clint Dempsey,https://fbref.com/en/players/523d9de6/Clint-Dempsey,2006,us United States,WCQ,22,7,259,0,
Clint Dempsey,https://fbref.com/en/players/523d9de6/Clint-Dempsey,2009,us United States,FIFA Confederations Cup,25,5,447,3,0
Clint Dempsey,https://fbref.com/en/players/523d9de6/Clint-Dempsey,2010,us United States,1. World Cup,27,4,390,1,
Clint Dempsey,https://fbref.com/en/players/523d9de6/Clint-Dempsey,2010,us United States,WCQ,26,13,1065,5,
Clint Dempsey,https://fbref.com/en/players/523d9de6/Clint-Dempsey,2014,us United States,1. World Cup,31,4,386,2,0
Clint Dempsey,https://fbref.com/en/players/523d9de6/Clint-Dempsey,2014,us United States,WCQ,30,14,1259,8,0
Clint Dempsey,https://fbref.com/en/players/523d9de6/Clint-Dempsey,2014,us United States,Friendlies (M),30,5,419,1,0
Clint Dempsey,https://fbref.com/en/players/523d9de6/Clint-Dempsey,2015,us United States,Friendlies (M),31,3,237,2,0
Clint Dempsey,https://fbref.com/en/players/523d9de6/Clint-Dempsey,2015,us United States,Gold Cup,31,6,466,7,1
Clint Dempsey,https://fbref.com/en/players/523d9de6/Clint-Dempsey,2016,us United States,Friendlies (M),32,2,135,0,0
Clint Dempsey,https://fbref.com/en/players/523d9de6/Clint-Dempsey,2017,us United States,Friendlies (M),33,1,62,0,0
Clint Dempsey,https://fbref.com/en/players/523d9de6/Clint-Dempsey,2017,us United States,Gold Cup,33,3,151,1,3
Clint Dempsey,https://fbref.com/en/players/523d9de6/Clint-Dempsey,2018,us United States,WCQ,34,9,601,5,1
Clinton N'Jie,https://fbref.com/en/players/77f278a0/Clinton-NJie,2015,cm Cameroon,Friendlies (M),21,3,269,1,0
Clinton N'Jie,https://fbref.com/en/players/77f278a0/Clinton-NJie,2015,cm Cameroon,Africa Cup of Nations,21,1,25,0,0
Clinton N'Jie,https://fbref.com/en/players/77f278a0/Clinton-NJie,2016,cm Cameroon,Friendlies (M),22,1,21,0,0
Clinton N'Jie,https://fbref.com/en/players/77f278a0/Clinton-NJie,2017,cm Cameroon,Africa Cup of Nations,23,2,121,0,0
Clinton N'Jie,https://fbref.com/en/players/77f278a0/Clinton-NJie,2017,cm Cameroon,Africa Cup of Nations qualification,23,1,77,0,0
Clinton N'Jie,https://fbref.com/en/players/77f278a0/Clinton-NJie,2018,cm Cameroon,WCQ,24,5,363,1,0
Clinton N'Jie,https://fbref.com/en/players/77f278a0/Clinton-NJie,2018,cm Cameroon,Friendlies (M),24,3,120,0,0
Clinton N'Jie,https://fbref.com/en/players/77f278a0/Clinton-NJie,2019,cm Cameroon,Friendlies (M),25,1,90,0,1
Clinton N'Jie,https://fbref.com/en/players/77f278a0/Clinton-NJie,2019,cm Cameroon,Africa Cup of Nations,25,4,227,1,0
Clinton N'Jie,https://fbref.com/en/players/77f278a0/Clinton-NJie,2019,cm Cameroon,Africa Cup of Nations qualification,25,2,40,1,0
Clinton N'Jie,https://fbref.com/en/players/77f278a0/Clinton-NJie,2021,cm Cameroon,Africa Cup of Nations,27,6,138,0,0
Clinton N'Jie,https://fbref.com/en/players/77f278a0/Clinton-NJie,2021,cm Cameroon,Africa Cup of Nations qualification,27,4,179,1,0
Clinton N'Jie,https://fbref.com/en/players/77f278a0/Clinton-NJie,2023,cm Cameroon,Africa Cup of Nations,29,0,,,
Clinton N'Jie,https://fbref.com/en/players/77f278a0/Clinton-NJie,2023,cm Cameroon,Africa Cup of Nations qualification,29,1,1,0,0
Clinton N'Jie,https://fbref.com/en/players/77f278a0/Clinton-NJie,2026,cm Cameroon,WCQ,32,1,69,0,0
Colin Doyle,https://fbref.com/en/players/93b41c46/Colin-Doyle,2017,ie Rep. of Ireland,Friendlies (M),31,0,,,
Colin Doyle,https://fbref.com/en/players/93b41c46/Colin-Doyle,2018,ie Rep. of Ireland,WCQ,32,0,,,
Colin Doyle,https://fbref.com/en/players/93b41c46/Colin-Doyle,2018,ie Rep. of Ireland,Friendlies (M),32,3,270,0,0
Colin Doyle,https://fbref.com/en/players/93b41c46/Colin-Doyle,2018-2019,ie Rep. of Ireland,UEFA Nations League,33,0,,,
Conor Coady,https://fbref.com/en/players/2928dca2/Conor-Coady,2020,eng England,Friendlies (M),26,1,90,1,0
Conor Coady,https://fbref.com/en/players/2928dca2/Conor-Coady,2020-2021,eng England,UEFA Nations League,27,2,180,0,0
Conor Coady,https://fbref.com/en/players/2928dca2/Conor-Coady,2021,eng England,Friendlies (M),27,1,90,0,0
Conor Coady,https://fbref.com/en/players/2928dca2/Conor-Coady,2021,eng England,UEFA Euro,27,0,,,
Conor Coady,https://fbref.com/en/players/2928dca2/Conor-Coady,2022,eng England,1. World Cup,29,0,,,
Conor Coady,https://fbref.com/en/players/2928dca2/Conor-Coady,2022,eng England,WCQ,28,4,360,0,0
Conor Coady,https://fbref.com/en/players/2928dca2/Conor-Coady,2022,eng England,Friendlies (M),28,1,90,0,0
Conor Coady,https://fbref.com/en/players/2928dca2/Conor-Coady,2022-2023,eng England,UEFA Nations League,29,1,78,0,0
Conor Sammon,https://fbref.com/en/players/70c3608c/Conor-Sammon,2014,ie Rep. of Ireland,WCQ,27,4,121,0,1
Conor Sammon,https://fbref.com/en/players/70c3608c/Conor-Sammon,2014,ie Rep. of Ireland,Friendlies (M),27,0,,,
Costel Pantilimon,https://fbref.com/en/players/d24e154c/Costel-Pantilimon,2010,ro Romania,WCQ,22,1,90,0,
Costel Pantilimon,https://fbref.com/en/players/d24e154c/Costel-Pantilimon,2012,ro Romania,UEFA Euro Qualifying,24,4,360,0,
Costel Pantilimon,https://fbref.com/en/players/d24e154c/Costel-Pantilimon,2014,ro Romania,WCQ,26,1,90,0,0
Costel Pantilimon,https://fbref.com/en/players/d24e154c/Costel-Pantilimon,2014,ro Romania,Friendlies (M),26,2,135,0,0
Costel Pantilimon,https://fbref.com/en/players/d24e154c/Costel-Pantilimon,2015,ro Romania,Friendlies (M),27,0,,,
Costel Pantilimon,https://fbref.com/en/players/d24e154c/Costel-Pantilimon,2016,ro Romania,Friendlies (M),28,3,270,0,0
Costel Pantilimon,https://fbref.com/en/players/d24e154c/Costel-Pantilimon,2016,ro Romania,UEFA Euro,28,0,,,
Costel Pantilimon,https://fbref.com/en/players/d24e154c/Costel-Pantilimon,2016,ro Romania,UEFA Euro Qualifying,28,1,90,0,0
Costel Pantilimon,https://fbref.com/en/players/d24e154c/Costel-Pantilimon,2017,ro Romania,Friendlies (M),29,3,250,0,0
Costel Pantilimon,https://fbref.com/en/players/d24e154c/Costel-Pantilimon,2018,ro Romania,WCQ,30,1,90,0,0
Costel Pantilimon,https://fbref.com/en/players/d24e154c/Costel-Pantilimon,2018-2019,ro Romania,UEFA Nations League,31,0,,,
Costel Pantilimon,https://fbref.com/en/players/d24e154c/Costel-Pantilimon,2021,ro Romania,UEFA Euro Qualifying,33,0,,,
Craig Bellamy,https://fbref.com/en/players/b9eae55b/Craig-Bellamy,2006,wls Wales,WCQ,26,6,540,0,
Craig Bellamy,https://fbref.com/en/players/b9eae55b/Craig-Bellamy,2008,wls Wales,UEFA Euro Qualifying,28,9,809,3,
Craig Bellamy,https://fbref.com/en/players/b9eae55b/Craig-Bellamy,2010,wls Wales,WCQ,30,5,439,1,
Craig Bellamy,https://fbref.com/en/players/b9eae55b/Craig-Bellamy,2012,wls Wales,UEFA Euro Qualifying,32,5,450,0,
Craig Bellamy,https://fbref.com/en/players/b9eae55b/Craig-Bellamy,2014,wls Wales,WCQ,34,6,540,0,2
Craig Cathcart,https://fbref.com/en/players/89e4b358/Craig-Cathcart,2012,nir Northern Ireland,UEFA Euro Qualifying,22,7,585,0,
Craig Cathcart,https://fbref.com/en/players/89e4b358/Craig-Cathcart,2014,nir Northern Ireland,WCQ,24,6,531,0,0
Craig Cathcart,https://fbref.com/en/players/89e4b358/Craig-Cathcart,2014,nir Northern Ireland,Friendlies (M),24,1,90,0,0
Craig Cathcart,https://fbref.com/en/players/89e4b358/Craig-Cathcart,2015,nir Northern Ireland,Friendlies (M),25,2,180,0,0
Craig Cathcart,https://fbref.com/en/players/89e4b358/Craig-Cathcart,2016,nir Northern Ireland,Friendlies (M),26,4,299,1,0
Craig Cathcart,https://fbref.com/en/players/89e4b358/Craig-Cathcart,2016,nir Northern Ireland,UEFA Euro,26,4,360,0,0
Craig Cathcart,https://fbref.com/en/players/89e4b358/Craig-Cathcart,2016,nir Northern Ireland,UEFA Euro Qualifying,26,4,211,1,0
Craig Cathcart,https://fbref.com/en/players/89e4b358/Craig-Cathcart,2018,nir Northern Ireland,Friendlies (M),28,5,365,0,0
Craig Cathcart,https://fbref.com/en/players/89e4b358/Craig-Cathcart,2018,nir Northern Ireland,WCQ,28,1,90,0,0
Craig Cathcart,https://fbref.com/en/players/89e4b358/Craig-Cathcart,2018-2019,nir Northern Ireland,UEFA Nations League,29,3,270,0,0
Craig Cathcart,https://fbref.com/en/players/89e4b358/Craig-Cathcart,2019,nir Northern Ireland,Friendlies (M),29,1,90,0,0
Craig Cathcart,https://fbref.com/en/players/89e4b358/Craig-Cathcart,2020-2021,nir Northern Ireland,UEFA Nations League,31,5,368,0,0
Craig Cathcart,https://fbref.com/en/players/89e4b358/Craig-Cathcart,2021,nir Northern Ireland,Friendlies (M),31,2,180,0,0
Craig Cathcart,https://fbref.com/en/players/89e4b358/Craig-Cathcart,2021,nir Northern Ireland,UEFA Euro Qualifying,31,10,938,0,0
Craig Cathcart,https://fbref.com/en/players/89e4b358/Craig-Cathcart,2022,nir Northern Ireland,WCQ,32,8,720,0,0
Craig Cathcart,https://fbref.com/en/players/89e4b358/Craig-Cathcart,2022,nir Northern Ireland,Friendlies (M),32,2,180,0,0
Craig Cathcart,https://fbref.com/en/players/89e4b358/Craig-Cathcart,2024,nir Northern Ireland,UEFA Euro Qualifying,34,4,326,0,0
Craig Gordon,https://fbref.com/en/players/b15780e3/Craig-Gordon,2006,sct Scotland,WCQ,23,10,862,0,
Craig Gordon,https://fbref.com/en/players/b15780e3/Craig-Gordon,2008,sct Scotland,UEFA Euro Qualifying,25,12,1080,0,
Craig Gordon,https://fbref.com/en/players/b15780e3/Craig-Gordon,2010,sct Scotland,WCQ,27,5,450,0,
Craig Gordon,https://fbref.com/en/players/b15780e3/Craig-Gordon,2012,sct Scotland,UEFA Euro Qualifying,29,0,,,
Craig Gordon,https://fbref.com/en/players/b15780e3/Craig-Gordon,2014,sct Scotland,Friendlies (M),31,1,45,0,0
Craig Gordon,https://fbref.com/en/players/b15780e3/Craig-Gordon,2015,sct Scotland,Friendlies (M),32,2,90,0,0
Craig Gordon,https://fbref.com/en/players/b15780e3/Craig-Gordon,2016,sct Scotland,Friendlies (M),33,1,90,0,0
Craig Gordon,https://fbref.com/en/players/b15780e3/Craig-Gordon,2016,sct Scotland,UEFA Euro Qualifying,33,0,,,
Craig Gordon,https://fbref.com/en/players/b15780e3/Craig-Gordon,2017,sct Scotland,Friendlies (M),34,1,90,0,0
Craig Gordon,https://fbref.com/en/players/b15780e3/Craig-Gordon,2018,sct Scotland,WCQ,35,7,630,0,0
Craig Gordon,https://fbref.com/en/players/b15780e3/Craig-Gordon,2018,sct Scotland,Friendlies (M),35,2,180,0,0
Craig Gordon,https://fbref.com/en/players/b15780e3/Craig-Gordon,2018-2019,sct Scotland,UEFA Nations League,35,0,,,
Craig Gordon,https://fbref.com/en/players/b15780e3/Craig-Gordon,2020-2021,sct Scotland,UEFA Nations League,37,1,90,0,0
Craig Gordon,https://fbref.com/en/players/b15780e3/Craig-Gordon,2021,sct Scotland,Friendlies (M),38,1,90,0,0
Craig Gordon,https://fbref.com/en/players/b15780e3/Craig-Gordon,2021,sct Scotland,UEFA Euro,38,0,,,
Craig Gordon,https://fbref.com/en/players/b15780e3/Craig-Gordon,2021,sct Scotland,UEFA Euro Qualifying,38,0,,,
Craig Gordon,https://fbref.com/en/players/b15780e3/Craig-Gordon,2022,sct Scotland,WCQ,39,9,810,0,0
Craig Gordon,https://fbref.com/en/players/b15780e3/Craig-Gordon,2022,sct Scotland,Friendlies (M),39,3,270,0,0
Craig Gordon,https://fbref.com/en/players/b15780e3/Craig-Gordon,2022-2023,sct Scotland,UEFA Nations League,39,6,540,0,0
Craig Gordon,https://fbref.com/en/players/b15780e3/Craig-Gordon,2024,sct Scotland,Friendlies (M),41,1,22,0,0
Craig Gordon,https://fbref.com/en/players/b15780e3/Craig-Gordon,2024-2025,sct Scotland,UEFA Nations League,41,4,360,0,0
Craig Gordon,https://fbref.com/en/players/b15780e3/Craig-Gordon,2026,sct Scotland,WCQ,43,2,180,0,0
Cristian Gamboa,https://fbref.com/en/players/f27680d9/Cristian-Gamboa,2014,cr Costa Rica,1. World Cup,24,5,424,0,0
Cristian Gamboa,https://fbref.com/en/players/f27680d9/Cristian-Gamboa,2014,cr Costa Rica,WCQ,24,12,1001,1,1
Cristian Gamboa,https://fbref.com/en/players/f27680d9/Cristian-Gamboa,2014,cr Costa Rica,Friendlies (M),24,3,300,0,0
Cristian Gamboa,https://fbref.com/en/players/f27680d9/Cristian-Gamboa,2015,cr Costa Rica,Friendlies (M),25,6,476,0,0
Cristian Gamboa,https://fbref.com/en/players/f27680d9/Cristian-Gamboa,2015,cr Costa Rica,Gold Cup,25,3,276,0,0
Cristian Gamboa,https://fbref.com/en/players/f27680d9/Cristian-Gamboa,2016,cr Costa Rica,Friendlies (M),26,1,90,1,0
Cristian Gamboa,https://fbref.com/en/players/f27680d9/Cristian-Gamboa,2017,cr Costa Rica,Friendlies (M),27,2,149,0,0
Cristian Gamboa,https://fbref.com/en/players/f27680d9/Cristian-Gamboa,2017,cr Costa Rica,Gold Cup,27,2,162,0,0
Cristian Gamboa,https://fbref.com/en/players/f27680d9/Cristian-Gamboa,2018,cr Costa Rica,1. World Cup,28,3,253,0,0
Cristian Gamboa,https://fbref.com/en/players/f27680d9/Cristian-Gamboa,2018,cr Costa Rica,WCQ,28,13,1150,1,1
Cristian Gamboa,https://fbref.com/en/players/f27680d9/Cristian-Gamboa,2018,cr Costa Rica,Friendlies (M),28,8,604,0,1
Cristian Gamboa,https://fbref.com/en/players/f27680d9/Cristian-Gamboa,2019,cr Costa Rica,Friendlies (M),29,1,90,0,0
Cristian Gamboa,https://fbref.com/en/players/f27680d9/Cristian-Gamboa,2019,cr Costa Rica,Gold Cup,29,3,199,0,0
Cristian Gamboa,https://fbref.com/en/players/f27680d9/Cristian-Gamboa,2020,cr Costa Rica,Friendlies (M),30,1,90,0,0
Cristian Riveros,https://fbref.com/en/players/49ad3514/Cristian-Riveros,2006,py Paraguay,1. World Cup,23,2,151,0,
Cristian Riveros,https://fbref.com/en/players/49ad3514/Cristian-Riveros,2010,py Paraguay,1. World Cup,27,5,480,1,
Cristian Riveros,https://fbref.com/en/players/49ad3514/Cristian-Riveros,2014,py Paraguay,WCQ,31,7,630,1,0
Cristian Riveros,https://fbref.com/en/players/49ad3514/Cristian-Riveros,2014,py Paraguay,Friendlies (M),31,3,219,0,1
Cristian Riveros,https://fbref.com/en/players/49ad3514/Cristian-Riveros,2017,py Paraguay,Friendlies (M),34,1,90,0,0
Cristian Riveros,https://fbref.com/en/players/49ad3514/Cristian-Riveros,2018,py Paraguay,WCQ,35,9,753,1,0
Cristian Riveros,https://fbref.com/en/players/49ad3514/Cristian-Riveros,2018,py Paraguay,Friendlies (M),35,1,65,0,0
Cuco Martina,https://fbref.com/en/players/22551915/Cuco-Martina,2014,cw Curaçao,WCQ,24,6,540,0,0
Cuco Martina,https://fbref.com/en/players/22551915/Cuco-Martina,2017,cw Curaçao,Friendlies (M),27,3,270,0,0
Cuco Martina,https://fbref.com/en/players/22551915/Cuco-Martina,2017,cw Curaçao,Gold Cup,27,1,90,0,0
Cuco Martina,https://fbref.com/en/players/22551915/Cuco-Martina,2018,cw Curaçao,WCQ,28,6,540,0,0
Cuco Martina,https://fbref.com/en/players/22551915/Cuco-Martina,2018,cw Curaçao,Friendlies (M),28,2,180,0,0
Cuco Martina,https://fbref.com/en/players/22551915/Cuco-Martina,2019,cw Curaçao,Gold Cup,29,4,360,0,0
Cuco Martina,https://fbref.com/en/players/22551915/Cuco-Martina,2021,cw Curaçao,Friendlies (M),31,2,180,0,0
Cuco Martina,https://fbref.com/en/players/22551915/Cuco-Martina,2022,cw Curaçao,WCQ,32,6,540,0,0
Cuco Martina,https://fbref.com/en/players/22551915/Cuco-Martina,2022,cw Curaçao,Friendlies (M),32,2,180,0,0
Cuco Martina,https://fbref.com/en/players/22551915/Cuco-Martina,2023,cw Curaçao,Friendlies (M),33,1,90,0,0
Cuco Martina,https://fbref.com/en/players/22551915/Cuco-Martina,2025,cw Curaçao,Gold Cup,35,1,90,0,0
Cuco Martina,https://fbref.com/en/players/22551915/Cuco-Martina,2026,cw Curaçao,WCQ,36,3,112,0,0
Curtis Davies,https://fbref.com/en/players/607fb965/Curtis-Davies,2026,sl Sierra Leone,WCQ,40,2,180,1,0
Daley Blind,https://fbref.com/en/players/691bef82/Daley-Blind,2014,nl Netherlands,WCQ,23,4,360,0,0
Daley Blind,https://fbref.com/en/players/691bef82/Daley-Blind,2014,nl Netherlands,Friendlies (M),23,4,321,1,0
Daley Blind,https://fbref.com/en/players/691bef82/Daley-Blind,2014,nl Netherlands,1. World Cup,24,7,669,1,3
Daley Blind,https://fbref.com/en/players/691bef82/Daley-Blind,2015,nl Netherlands,Friendlies (M),24,3,252,0,0
Daley Blind,https://fbref.com/en/players/691bef82/Daley-Blind,2016,nl Netherlands,Friendlies (M),25,4,360,0,0
Daley Blind,https://fbref.com/en/players/691bef82/Daley-Blind,2016,nl Netherlands,UEFA Euro Qualifying,25,10,812,0,1
Daley Blind,https://fbref.com/en/players/691bef82/Daley-Blind,2017,nl Netherlands,Friendlies (M),26,4,348,0,0
Daley Blind,https://fbref.com/en/players/691bef82/Daley-Blind,2018,nl Netherlands,WCQ,27,10,900,0,3
Daley Blind,https://fbref.com/en/players/691bef82/Daley-Blind,2018,nl Netherlands,Friendlies (M),27,4,321,0,0
Daley Blind,https://fbref.com/en/players/691bef82/Daley-Blind,2018-2019,nl Netherlands,UEFA Nations League,28,6,570,0,0
Daley Blind,https://fbref.com/en/players/691bef82/Daley-Blind,2020,nl Netherlands,Friendlies (M),29,1,85,0,0
Daley Blind,https://fbref.com/en/players/691bef82/Daley-Blind,2020-2021,nl Netherlands,UEFA Nations League,30,4,334,0,0
Daley Blind,https://fbref.com/en/players/691bef82/Daley-Blind,2021,nl Netherlands,Friendlies (M),30,1,45,0,0
Daley Blind,https://fbref.com/en/players/691bef82/Daley-Blind,2021,nl Netherlands,UEFA Euro,30,4,296,0,0
Daley Blind,https://fbref.com/en/players/691bef82/Daley-Blind,2021,nl Netherlands,UEFA Euro Qualifying,30,7,630,0,1
Daley Blind,https://fbref.com/en/players/691bef82/Daley-Blind,2022,nl Netherlands,1. World Cup,32,5,423,1,1
Daley Blind,https://fbref.com/en/players/691bef82/Daley-Blind,2022,nl Netherlands,WCQ,31,9,764,0,0
Daley Blind,https://fbref.com/en/players/691bef82/Daley-Blind,2022,nl Netherlands,Friendlies (M),31,2,180,0,1
Daley Blind,https://fbref.com/en/players/691bef82/Daley-Blind,2022-2023,nl Netherlands,UEFA Nations League,32,4,360,0,3
Daley Blind,https://fbref.com/en/players/691bef82/Daley-Blind,2024,nl Netherlands,Friendlies (M),33,3,168,0,0
Daley Blind,https://fbref.com/en/players/691bef82/Daley-Blind,2024,nl Netherlands,UEFA Euro,33,1,1,0,0
Daley Blind,https://fbref.com/en/players/691bef82/Daley-Blind,2024,nl Netherlands,UEFA Euro Qualifying,33,5,277,0,1
Dame N'Doye,https://fbref.com/en/players/4574720b/Dame-NDoye,2012,sn Senegal,Africa Cup of Nations,26,2,153,1,0
Dame N'Doye,https://fbref.com/en/players/4574720b/Dame-NDoye,2014,sn Senegal,WCQ,28,5,303,1,
Dame N'Doye,https://fbref.com/en/players/4574720b/Dame-NDoye,2014,sn Senegal,Friendlies (M),28,2,51,0,0
Dame N'Doye,https://fbref.com/en/players/4574720b/Dame-NDoye,2015,sn Senegal,Friendlies (M),29,2,180,2,0
Dame N'Doye,https://fbref.com/en/players/4574720b/Dame-NDoye,2015,sn Senegal,Africa Cup of Nations,29,3,115,0,1
Dame N'Doye,https://fbref.com/en/players/4574720b/Dame-NDoye,2015,sn Senegal,Africa Cup of Nations qualification,29,5,362,1,
Damien Delaney,https://fbref.com/en/players/210d9ecb/Damien-Delaney,2010,ie Rep. of Ireland,WCQ,28,0,,,
Damien Delaney,https://fbref.com/en/players/210d9ecb/Damien-Delaney,2012,ie Rep. of Ireland,UEFA Euro Qualifying,30,0,,,
Damien Delaney,https://fbref.com/en/players/210d9ecb/Damien-Delaney,2014,ie Rep. of Ireland,WCQ,32,1,90,0,0
Damien Delaney,https://fbref.com/en/players/210d9ecb/Damien-Delaney,2014,ie Rep. of Ireland,Friendlies (M),32,1,65,0,0
Damien Duff,https://fbref.com/en/players/057a6936/Damien-Duff,2002,ie Rep. of Ireland,1. World Cup,23,4,390,1,
Damien Duff,https://fbref.com/en/players/057a6936/Damien-Duff,2006,ie Rep. of Ireland,WCQ,26,9,779,0,
Damien Duff,https://fbref.com/en/players/057a6936/Damien-Duff,2008,ie Rep. of Ireland,UEFA Euro Qualifying,28,7,615,0,
Damien Duff,https://fbref.com/en/players/057a6936/Damien-Duff,2010,ie Rep. of Ireland,WCQ,30,7,634,0,
Damien Duff,https://fbref.com/en/players/057a6936/Damien-Duff,2012,ie Rep. of Ireland,UEFA Euro,32,3,255,0,0
Damien Duff,https://fbref.com/en/players/057a6936/Damien-Duff,2012,ie Rep. of Ireland,UEFA Euro Qualifying,32,7,560,0,
Dan Burn,https://fbref.com/en/players/b2d31e83/Dan-Burn,2025,eng England,Friendlies (M),32,0,,,
Dan Burn,https://fbref.com/en/players/b2d31e83/Dan-Burn,2026,eng England,WCQ,33,5,380,0,0
Dani Osvaldo,https://fbref.com/en/players/3f0eba4f/Dani-Osvaldo,2012,it Italy,UEFA Euro Qualifying,26,1,35,0,
Dani Osvaldo,https://fbref.com/en/players/3f0eba4f/Dani-Osvaldo,2014,it Italy,WCQ,28,7,481,4,1
Dani Osvaldo,https://fbref.com/en/players/3f0eba4f/Dani-Osvaldo,2014,it Italy,Friendlies (M),28,1,68,0,0
Daniel Agger,https://fbref.com/en/players/f1ea4af0/Daniel-Agger,2006,dk Denmark,WCQ,21,2,180,1,
Daniel Agger,https://fbref.com/en/players/f1ea4af0/Daniel-Agger,2008,dk Denmark,UEFA Euro Qualifying,23,7,567,0,
Daniel Agger,https://fbref.com/en/players/f1ea4af0/Daniel-Agger,2010,dk Denmark,1. World Cup,25,3,270,0,
Daniel Agger,https://fbref.com/en/players/f1ea4af0/Daniel-Agger,2010,dk Denmark,WCQ,25,8,720,1,
Daniel Agger,https://fbref.com/en/players/f1ea4af0/Daniel-Agger,2012,dk Denmark,UEFA Euro,27,3,270,0,0
Daniel Agger,https://fbref.com/en/players/f1ea4af0/Daniel-Agger,2012,dk Denmark,UEFA Euro Qualifying,27,4,308,0,
Daniel Agger,https://fbref.com/en/players/f1ea4af0/Daniel-Agger,2014,dk Denmark,WCQ,29,9,773,4,0
Daniel Agger,https://fbref.com/en/players/f1ea4af0/Daniel-Agger,2014,dk Denmark,Friendlies (M),29,2,135,1,0
Daniel Agger,https://fbref.com/en/players/f1ea4af0/Daniel-Agger,2015,dk Denmark,Friendlies (M),30,1,84,0,0
Daniel Agger,https://fbref.com/en/players/f1ea4af0/Daniel-Agger,2016,dk Denmark,Friendlies (M),31,2,124,0,0
Daniel Agger,https://fbref.com/en/players/f1ea4af0/Daniel-Agger,2016,dk Denmark,UEFA Euro Qualifying,31,7,630,0,0
Daniel Amartey,https://fbref.com/en/players/1a4ef233/Daniel-Amartey,2015,gh Ghana,Friendlies (M),20,2,146,0,0
Daniel Amartey,https://fbref.com/en/players/1a4ef233/Daniel-Amartey,2015,gh Ghana,Africa Cup of Nations,20,3,214,0,0
Daniel Amartey,https://fbref.com/en/players/1a4ef233/Daniel-Amartey,2016,gh Ghana,Friendlies (M),21,1,90,0,0
Daniel Amartey,https://fbref.com/en/players/1a4ef233/Daniel-Amartey,2017,gh Ghana,Africa Cup of Nations,22,6,540,0,0
Daniel Amartey,https://fbref.com/en/players/1a4ef233/Daniel-Amartey,2017,gh Ghana,Africa Cup of Nations qualification,22,4,202,0,0
Daniel Amartey,https://fbref.com/en/players/1a4ef233/Daniel-Amartey,2018,gh Ghana,WCQ,23,7,605,0,0
Daniel Amartey,https://fbref.com/en/players/1a4ef233/Daniel-Amartey,2019,gh Ghana,Africa Cup of Nations qualification,24,2,180,0,0
Daniel Amartey,https://fbref.com/en/players/1a4ef233/Daniel-Amartey,2021,gh Ghana,Friendlies (M),26,2,180,0,0
Daniel Amartey,https://fbref.com/en/players/1a4ef233/Daniel-Amartey,2021,gh Ghana,Africa Cup of Nations,26,3,270,0,0
Daniel Amartey,https://fbref.com/en/players/1a4ef233/Daniel-Amartey,2022,gh Ghana,1. World Cup,27,3,251,0,0
Daniel Amartey,https://fbref.com/en/players/1a4ef233/Daniel-Amartey,2022,gh Ghana,WCQ,27,7,630,0,0
Daniel Amartey,https://fbref.com/en/players/1a4ef233/Daniel-Amartey,2022,gh Ghana,Friendlies (M),27,4,360,0,0
Daniel Amartey,https://fbref.com/en/players/1a4ef233/Daniel-Amartey,2023,gh Ghana,Africa Cup of Nations,28,1,19,0,0
Daniel Amartey,https://fbref.com/en/players/1a4ef233/Daniel-Amartey,2023,gh Ghana,Africa Cup of Nations qualification,28,5,450,0,0
Daniel Amartey,https://fbref.com/en/players/1a4ef233/Daniel-Amartey,2026,gh Ghana,WCQ,31,1,62,0,0
Daniel Carriço,https://fbref.com/en/players/e1deea75/Daniel-Carrico,2015,pt Portugal,Friendlies (M),26,1,32,0,0
Daniel Carriço,https://fbref.com/en/players/e1deea75/Daniel-Carrico,2016,pt Portugal,UEFA Euro Qualifying,27,0,,,
Daniel Carriço,https://fbref.com/en/players/e1deea75/Daniel-Carrico,2021,pt Portugal,UEFA Euro Qualifying,32,0,,,
Daniel Lafferty,https://fbref.com/en/players/cfc41f7a/Daniel-Lafferty,2014,nir Northern Ireland,WCQ,24,5,427,0,0
Daniel Lafferty,https://fbref.com/en/players/cfc41f7a/Daniel-Lafferty,2014,nir Northern Ireland,Friendlies (M),24,0,,,
Daniel Lafferty,https://fbref.com/en/players/cfc41f7a/Daniel-Lafferty,2015,nir Northern Ireland,Friendlies (M),25,2,180,0,0
Daniel Lafferty,https://fbref.com/en/players/cfc41f7a/Daniel-Lafferty,2016,nir Northern Ireland,Friendlies (M),26,1,18,0,0
Daniel Lafferty,https://fbref.com/en/players/cfc41f7a/Daniel-Lafferty,2016,nir Northern Ireland,UEFA Euro Qualifying,26,0,,,
Daniel Lafferty,https://fbref.com/en/players/cfc41f7a/Daniel-Lafferty,2017,nir Northern Ireland,Friendlies (M),27,0,,,
Daniel Lafferty,https://fbref.com/en/players/cfc41f7a/Daniel-Lafferty,2018,nir Northern Ireland,WCQ,28,0,,,
Daniel Sturridge,https://fbref.com/en/players/1b7ec703/Daniel-Sturridge,2014,eng England,1. World Cup,24,3,259,1,0
Daniel Sturridge,https://fbref.com/en/players/1b7ec703/Daniel-Sturridge,2014,eng England,WCQ,24,4,229,2,0
Daniel Sturridge,https://fbref.com/en/players/1b7ec703/Daniel-Sturridge,2014,eng England,Friendlies (M),24,4,345,2,0
Daniel Sturridge,https://fbref.com/en/players/1b7ec703/Daniel-Sturridge,2016,eng England,Friendlies (M),26,2,69,0,0
Daniel Sturridge,https://fbref.com/en/players/1b7ec703/Daniel-Sturridge,2016,eng England,UEFA Euro,26,3,210,1,0
Daniel Sturridge,https://fbref.com/en/players/1b7ec703/Daniel-Sturridge,2018,eng England,WCQ,28,5,256,2,0
Danny Collins,https://fbref.com/en/players/b89cd819/Danny-Collins,2006,wls Wales,WCQ,25,2,56,0,
Danny Collins,https://fbref.com/en/players/b89cd819/Danny-Collins,2008,wls Wales,UEFA Euro Qualifying,27,1,17,0,
Danny Collins,https://fbref.com/en/players/b89cd819/Danny-Collins,2012,wls Wales,UEFA Euro Qualifying,31,3,270,0,
Danny Drinkwater,https://fbref.com/en/players/2649ff32/Danny-Drinkwater,2016,eng England,Friendlies (M),25,3,191,0,0
Danny Drinkwater,https://fbref.com/en/players/2649ff32/Danny-Drinkwater,2018,eng England,WCQ,27,0,,,
Danny Fox,https://fbref.com/en/players/857ec97f/Danny-Fox,2014,sct Scotland,WCQ,27,2,180,0,0
Danny Gabbidon,https://fbref.com/en/players/90148433/Danny-Gabbidon,2006,wls Wales,WCQ,26,9,810,0,
Danny Gabbidon,https://fbref.com/en/players/90148433/Danny-Gabbidon,2008,wls Wales,UEFA Euro Qualifying,28,10,900,0,
Danny Gabbidon,https://fbref.com/en/players/90148433/Danny-Gabbidon,2010,wls Wales,WCQ,30,1,73,0,
Danny Gabbidon,https://fbref.com/en/players/90148433/Danny-Gabbidon,2012,wls Wales,UEFA Euro Qualifying,32,0,,,
Danny Gabbidon,https://fbref.com/en/players/90148433/Danny-Gabbidon,2014,wls Wales,WCQ,34,1,90,0,0
Danny Gabbidon,https://fbref.com/en/players/90148433/Danny-Gabbidon,2014,wls Wales,Friendlies (M),34,1,45,0,0
Danny Gabbidon,https://fbref.com/en/players/90148433/Danny-Gabbidon,2016,wls Wales,UEFA Euro Qualifying,36,0,,,
Danny Ings,https://fbref.com/en/players/07802f7f/Danny-Ings,2016,eng England,UEFA Euro Qualifying,23,1,32,0,0
Danny Ings,https://fbref.com/en/players/07802f7f/Danny-Ings,2020,eng England,Friendlies (M),27,1,90,1,0
Danny Ings,https://fbref.com/en/players/07802f7f/Danny-Ings,2020-2021,eng England,UEFA Nations League,28,1,23,0,0
Danny Rose,https://fbref.com/en/players/89d10e53/Danny-Rose,2014,eng England,Friendlies (M),23,0,,,
Danny Rose,https://fbref.com/en/players/89d10e53/Danny-Rose,2016,eng England,Friendlies (M),25,5,404,0,0
Danny Rose,https://fbref.com/en/players/89d10e53/Danny-Rose,2016,eng England,UEFA Euro,25,3,270,0,0
Danny Rose,https://fbref.com/en/players/89d10e53/Danny-Rose,2016,eng England,UEFA Euro Qualifying,25,0,,,
Danny Rose,https://fbref.com/en/players/89d10e53/Danny-Rose,2017,eng England,Friendlies (M),26,2,71,0,0
Danny Rose,https://fbref.com/en/players/89d10e53/Danny-Rose,2018,eng England,1. World Cup,27,5,205,0,0
Danny Rose,https://fbref.com/en/players/89d10e53/Danny-Rose,2018,eng England,WCQ,27,4,342,0,1
Danny Rose,https://fbref.com/en/players/89d10e53/Danny-Rose,2018,eng England,Friendlies (M),27,5,292,0,0
Danny Rose,https://fbref.com/en/players/89d10e53/Danny-Rose,2018-2019,eng England,UEFA Nations League,28,2,107,0,0
Danny Rose,https://fbref.com/en/players/89d10e53/Danny-Rose,2021,eng England,UEFA Euro Qualifying,30,3,270,0,0
Danny Ward,https://fbref.com/en/players/d3ce0e89/Danny-Ward,2015,wls Wales,Friendlies (M),21,0,,,
Danny Ward,https://fbref.com/en/players/d3ce0e89/Danny-Ward,2016,wls Wales,Friendlies (M),22,2,90,0,0
Danny Ward,https://fbref.com/en/players/d3ce0e89/Danny-Ward,2016,wls Wales,UEFA Euro,22,1,90,0,0
Danny Ward,https://fbref.com/en/players/d3ce0e89/Danny-Ward,2016,wls Wales,UEFA Euro Qualifying,22,0,,,
Danny Ward,https://fbref.com/en/players/d3ce0e89/Danny-Ward,2017,wls Wales,Friendlies (M),23,1,90,0,0
Danny Ward,https://fbref.com/en/players/d3ce0e89/Danny-Ward,2018,wls Wales,WCQ,24,0,,,
Danny Ward,https://fbref.com/en/players/d3ce0e89/Danny-Ward,2018,wls Wales,Friendlies (M),24,1,90,0,0
Danny Ward,https://fbref.com/en/players/d3ce0e89/Danny-Ward,2018-2019,wls Wales,UEFA Nations League,25,0,,,
Danny Ward,https://fbref.com/en/players/d3ce0e89/Danny-Ward,2019,wls Wales,Friendlies (M),25,2,135,0,0
Danny Ward,https://fbref.com/en/players/d3ce0e89/Danny-Ward,2020,wls Wales,Friendlies (M),26,1,90,0,0
Danny Ward,https://fbref.com/en/players/d3ce0e89/Danny-Ward,2020-2021,wls Wales,UEFA Nations League,27,2,180,0,0
Danny Ward,https://fbref.com/en/players/d3ce0e89/Danny-Ward,2021,wls Wales,Friendlies (M),27,2,135,0,0
Danny Ward,https://fbref.com/en/players/d3ce0e89/Danny-Ward,2021,wls Wales,UEFA Euro Qualifying,27,0,,,
Danny Ward,https://fbref.com/en/players/d3ce0e89/Danny-Ward,2021,wls Wales,UEFA Euro,27,4,360,0,0
Danny Ward,https://fbref.com/en/players/d3ce0e89/Danny-Ward,2022,wls Wales,1. World Cup,28,2,94,0,0
Danny Ward,https://fbref.com/en/players/d3ce0e89/Danny-Ward,2022,wls Wales,WCQ,28,8,719,0,0
Danny Ward,https://fbref.com/en/players/d3ce0e89/Danny-Ward,2022-2023,wls Wales,UEFA Nations League,29,2,90,0,0
Danny Ward,https://fbref.com/en/players/d3ce0e89/Danny-Ward,2023,wls Wales,Friendlies (M),29,2,135,0,0
Danny Ward,https://fbref.com/en/players/d3ce0e89/Danny-Ward,2024,wls Wales,Friendlies (M),30,1,90,0,0
Danny Ward,https://fbref.com/en/players/d3ce0e89/Danny-Ward,2024,wls Wales,UEFA Euro Qualifying,30,10,930,0,0
Danny Ward,https://fbref.com/en/players/d3ce0e89/Danny-Ward,2024-2025,wls Wales,UEFA Nations League,31,3,270,0,0
Danny Ward,https://fbref.com/en/players/d3ce0e89/Danny-Ward,2026,wls Wales,WCQ,32,0,,,
Danny Welbeck,https://fbref.com/en/players/ce5143da/Danny-Welbeck,2012,eng England,UEFA Euro,21,4,318,1,0
Danny Welbeck,https://fbref.com/en/players/ce5143da/Danny-Welbeck,2012,eng England,UEFA Euro Qualifying,21,1,15,0,
Danny Welbeck,https://fbref.com/en/players/ce5143da/Danny-Welbeck,2014,eng England,1. World Cup,23,2,130,0,0
Danny Welbeck,https://fbref.com/en/players/ce5143da/Danny-Welbeck,2014,eng England,WCQ,23,8,526,4,0
Danny Welbeck,https://fbref.com/en/players/ce5143da/Danny-Welbeck,2014,eng England,Friendlies (M),23,6,293,0,0
Danny Welbeck,https://fbref.com/en/players/ce5143da/Danny-Welbeck,2016,eng England,Friendlies (M),25,1,70,0,0
Danny Welbeck,https://fbref.com/en/players/ce5143da/Danny-Welbeck,2016,eng England,UEFA Euro Qualifying,25,5,400,6,0
Danny Welbeck,https://fbref.com/en/players/ce5143da/Danny-Welbeck,2018,eng England,1. World Cup,27,1,12,0,0
Danny Welbeck,https://fbref.com/en/players/ce5143da/Danny-Welbeck,2018,eng England,WCQ,27,2,22,1,0
Danny Welbeck,https://fbref.com/en/players/ce5143da/Danny-Welbeck,2018,eng England,Friendlies (M),27,4,131,1,0
Danny Welbeck,https://fbref.com/en/players/ce5143da/Danny-Welbeck,2018-2019,eng England,UEFA Nations League,27,1,1,0,0
Danny Wilson,https://fbref.com/en/players/9cfe9254/Danny-Wilson,2012,sct Scotland,UEFA Euro Qualifying,20,1,15,0,
Darren Bent,https://fbref.com/en/players/fe97f10b/Darren-Bent,2006,eng England,WCQ,21,0,,,
Darren Bent,https://fbref.com/en/players/fe97f10b/Darren-Bent,2008,eng England,UEFA Euro Qualifying,23,1,11,0,
Darren Bent,https://fbref.com/en/players/fe97f10b/Darren-Bent,2012,eng England,UEFA Euro Qualifying,27,4,264,3,
Darren Fletcher,https://fbref.com/en/players/184e4970/Darren-Fletcher,2006,sct Scotland,WCQ,21,9,785,1,
Darren Fletcher,https://fbref.com/en/players/184e4970/Darren-Fletcher,2008,sct Scotland,UEFA Euro Qualifying,23,9,677,1,
Darren Fletcher,https://fbref.com/en/players/184e4970/Darren-Fletcher,2010,sct Scotland,WCQ,25,8,720,0,
Darren Fletcher,https://fbref.com/en/players/184e4970/Darren-Fletcher,2012,sct Scotland,UEFA Euro Qualifying,27,8,714,1,
Darren Fletcher,https://fbref.com/en/players/184e4970/Darren-Fletcher,2014,sct Scotland,WCQ,29,2,180,0,0
Darren Fletcher,https://fbref.com/en/players/184e4970/Darren-Fletcher,2014,sct Scotland,Friendlies (M),29,2,90,0,0
Darren Fletcher,https://fbref.com/en/players/184e4970/Darren-Fletcher,2015,sct Scotland,Friendlies (M),30,2,122,0,0
Darren Fletcher,https://fbref.com/en/players/184e4970/Darren-Fletcher,2016,sct Scotland,Friendlies (M),31,3,270,0,0
Darren Fletcher,https://fbref.com/en/players/184e4970/Darren-Fletcher,2016,sct Scotland,UEFA Euro Qualifying,31,5,181,0,0
Darren Fletcher,https://fbref.com/en/players/184e4970/Darren-Fletcher,2017,sct Scotland,Friendlies (M),32,1,90,0,0
Darren Fletcher,https://fbref.com/en/players/184e4970/Darren-Fletcher,2018,sct Scotland,WCQ,33,6,456,0,1
Darren Randolph,https://fbref.com/en/players/6385ebfb/Darren-Randolph,2014,ie Rep. of Ireland,WCQ,26,0,,,
Darren Randolph,https://fbref.com/en/players/6385ebfb/Darren-Randolph,2014,ie Rep. of Ireland,Friendlies (M),26,0,,,
Darren Randolph,https://fbref.com/en/players/6385ebfb/Darren-Randolph,2015,ie Rep. of Ireland,Friendlies (M),27,0,,,
Darren Randolph,https://fbref.com/en/players/6385ebfb/Darren-Randolph,2016,ie Rep. of Ireland,Friendlies (M),28,4,300,0,0
Darren Randolph,https://fbref.com/en/players/6385ebfb/Darren-Randolph,2016,ie Rep. of Ireland,UEFA Euro,28,4,360,0,0
Darren Randolph,https://fbref.com/en/players/6385ebfb/Darren-Randolph,2016,ie Rep. of Ireland,UEFA Euro Qualifying,28,4,318,0,1
Darren Randolph,https://fbref.com/en/players/6385ebfb/Darren-Randolph,2017,ie Rep. of Ireland,Friendlies (M),29,2,135,0,0
Darren Randolph,https://fbref.com/en/players/6385ebfb/Darren-Randolph,2018,ie Rep. of Ireland,WCQ,30,12,1080,0,0
Darren Randolph,https://fbref.com/en/players/6385ebfb/Darren-Randolph,2018,ie Rep. of Ireland,Friendlies (M),30,2,180,0,0
Darren Randolph,https://fbref.com/en/players/6385ebfb/Darren-Randolph,2018-2019,ie Rep. of Ireland,UEFA Nations League,31,4,360,0,0
Darren Randolph,https://fbref.com/en/players/6385ebfb/Darren-Randolph,2019,ie Rep. of Ireland,Friendlies (M),31,0,,,
Darren Randolph,https://fbref.com/en/players/6385ebfb/Darren-Randolph,2020,ie Rep. of Ireland,Friendlies (M),32,1,90,0,0
Darren Randolph,https://fbref.com/en/players/6385ebfb/Darren-Randolph,2020-2021,ie Rep. of Ireland,UEFA Nations League,33,6,540,0,0
Darren Randolph,https://fbref.com/en/players/6385ebfb/Darren-Randolph,2021,ie Rep. of Ireland,UEFA Euro Qualifying,33,9,840,0,0
Darron Gibson,https://fbref.com/en/players/f0e72e1c/Darron-Gibson,2008,ie Rep. of Ireland,UEFA Euro Qualifying,20,1,30,0,
Darron Gibson,https://fbref.com/en/players/f0e72e1c/Darron-Gibson,2010,ie Rep. of Ireland,WCQ,22,3,185,0,
Darron Gibson,https://fbref.com/en/players/f0e72e1c/Darron-Gibson,2012,ie Rep. of Ireland,UEFA Euro,24,0,,,
Darron Gibson,https://fbref.com/en/players/f0e72e1c/Darron-Gibson,2012,ie Rep. of Ireland,UEFA Euro Qualifying,24,4,180,0,
Darron Gibson,https://fbref.com/en/players/f0e72e1c/Darron-Gibson,2014,ie Rep. of Ireland,WCQ,26,2,166,0,0
Darron Gibson,https://fbref.com/en/players/f0e72e1c/Darron-Gibson,2014,ie Rep. of Ireland,Friendlies (M),26,1,69,0,0
Darron Gibson,https://fbref.com/en/players/f0e72e1c/Darron-Gibson,2016,ie Rep. of Ireland,Friendlies (M),28,2,90,0,0
Darron Gibson,https://fbref.com/en/players/f0e72e1c/Darron-Gibson,2016,ie Rep. of Ireland,UEFA Euro Qualifying,28,3,185,0,0
Daryl Janmaat,https://fbref.com/en/players/45da6694/Daryl-Janmaat,2014,nl Netherlands,1. World Cup,24,5,366,0,2
Daryl Janmaat,https://fbref.com/en/players/45da6694/Daryl-Janmaat,2014,nl Netherlands,WCQ,24,8,675,0,3
Daryl Janmaat,https://fbref.com/en/players/45da6694/Daryl-Janmaat,2014,nl Netherlands,Friendlies (M),24,2,116,0,0
Daryl Janmaat,https://fbref.com/en/players/45da6694/Daryl-Janmaat,2015,nl Netherlands,Friendlies (M),25,3,225,0,1
Daryl Janmaat,https://fbref.com/en/players/45da6694/Daryl-Janmaat,2016,nl Netherlands,Friendlies (M),26,0,,,
Daryl Janmaat,https://fbref.com/en/players/45da6694/Daryl-Janmaat,2016,nl Netherlands,UEFA Euro Qualifying,26,2,104,0,0
Daryl Janmaat,https://fbref.com/en/players/45da6694/Daryl-Janmaat,2018,nl Netherlands,WCQ,28,3,200,0,0
Daryl Janmaat,https://fbref.com/en/players/45da6694/Daryl-Janmaat,2018,nl Netherlands,Friendlies (M),28,3,154,0,0
Daryl Janmaat,https://fbref.com/en/players/45da6694/Daryl-Janmaat,2018-2019,nl Netherlands,UEFA Nations League,29,1,9,0,0
David Bentley,https://fbref.com/en/players/a00fbcec/David-Bentley,2008,eng England,UEFA Euro Qualifying,23,1,9,0,
David Bentley,https://fbref.com/en/players/a00fbcec/David-Bentley,2010,eng England,WCQ,25,0,,,
David Carney,https://fbref.com/en/players/f3041886/David-Carney,2007,au Australia,Asian Cup,23,2,210,0,
David Carney,https://fbref.com/en/players/f3041886/David-Carney,2007,au Australia,Asian Cup qualification,23,2,98,0,
David Carney,https://fbref.com/en/players/f3041886/David-Carney,2010,au Australia,1. World Cup,26,2,180,0,
David Carney,https://fbref.com/en/players/f3041886/David-Carney,2010,au Australia,WCQ,26,10,739,1,
David Carney,https://fbref.com/en/players/f3041886/David-Carney,2011,au Australia,Asian Cup,27,5,498,1,0
David Carney,https://fbref.com/en/players/f3041886/David-Carney,2011,au Australia,Asian Cup qualification,27,2,36,0,
David Carney,https://fbref.com/en/players/f3041886/David-Carney,2014,au Australia,WCQ,30,4,279,0,
David de Gea,https://fbref.com/en/players/7ba6d84e/David-de-Gea,2014,es Spain,WCQ,23,0,,,
David de Gea,https://fbref.com/en/players/7ba6d84e/David-de-Gea,2014,es Spain,Friendlies (M),23,2,98,0,0
David de Gea,https://fbref.com/en/players/7ba6d84e/David-de-Gea,2014,es Spain,1. World Cup,23,0,,,
David de Gea,https://fbref.com/en/players/7ba6d84e/David-de-Gea,2015,es Spain,Friendlies (M),24,2,180,0,0
David de Gea,https://fbref.com/en/players/7ba6d84e/David-de-Gea,2016,es Spain,Friendlies (M),25,3,270,0,0
David de Gea,https://fbref.com/en/players/7ba6d84e/David-de-Gea,2016,es Spain,UEFA Euro,25,4,360,0,0
David de Gea,https://fbref.com/en/players/7ba6d84e/David-de-Gea,2016,es Spain,UEFA Euro Qualifying,25,3,270,0,0
David de Gea,https://fbref.com/en/players/7ba6d84e/David-de-Gea,2017,es Spain,Friendlies (M),26,2,180,0,0
David de Gea,https://fbref.com/en/players/7ba6d84e/David-de-Gea,2018,es Spain,WCQ,27,9,810,0,0
David de Gea,https://fbref.com/en/players/7ba6d84e/David-de-Gea,2018,es Spain,Friendlies (M),27,5,405,0,1
David de Gea,https://fbref.com/en/players/7ba6d84e/David-de-Gea,2018,es Spain,1. World Cup,27,4,390,0,0
David de Gea,https://fbref.com/en/players/7ba6d84e/David-de-Gea,2018-2019,es Spain,UEFA Nations League,27,4,360,0,0
David de Gea,https://fbref.com/en/players/7ba6d84e/David-de-Gea,2020,es Spain,Friendlies (M),29,0,,,
David de Gea,https://fbref.com/en/players/7ba6d84e/David-de-Gea,2020-2021,es Spain,UEFA Nations League,29,4,360,0,0
David de Gea,https://fbref.com/en/players/7ba6d84e/David-de-Gea,2021,es Spain,Friendlies (M),30,0,,,
David de Gea,https://fbref.com/en/players/7ba6d84e/David-de-Gea,2021,es Spain,UEFA Euro,30,0,,,
David de Gea,https://fbref.com/en/players/7ba6d84e/David-de-Gea,2021,es Spain,UEFA Euro Qualifying,30,3,239,0,0
David de Gea,https://fbref.com/en/players/7ba6d84e/David-de-Gea,2022,es Spain,WCQ,31,0,,,
David Edwards,https://fbref.com/en/players/9961eefb/David-Edwards,2008,wls Wales,UEFA Euro Qualifying,21,2,143,0,
David Edwards,https://fbref.com/en/players/9961eefb/David-Edwards,2010,wls Wales,WCQ,23,9,716,2,
David Edwards,https://fbref.com/en/players/9961eefb/David-Edwards,2012,wls Wales,UEFA Euro Qualifying,25,3,211,0,
David Edwards,https://fbref.com/en/players/9961eefb/David-Edwards,2014,wls Wales,WCQ,27,2,123,0,0
David Edwards,https://fbref.com/en/players/9961eefb/David-Edwards,2015,wls Wales,Friendlies (M),28,0,,,
David Edwards,https://fbref.com/en/players/9961eefb/David-Edwards,2016,wls Wales,Friendlies (M),29,1,27,0,0
David Edwards,https://fbref.com/en/players/9961eefb/David-Edwards,2016,wls Wales,UEFA Euro,29,3,109,0,0
David Edwards,https://fbref.com/en/players/9961eefb/David-Edwards,2016,wls Wales,UEFA Euro Qualifying,29,4,209,0,0
David Edwards,https://fbref.com/en/players/9961eefb/David-Edwards,2017,wls Wales,Friendlies (M),30,1,61,0,0
David Edwards,https://fbref.com/en/players/9961eefb/David-Edwards,2018,wls Wales,WCQ,31,7,307,0,0
David Goodwillie,https://fbref.com/en/players/079413e5/David-Goodwillie,2012,sct Scotland,UEFA Euro Qualifying,22,2,118,1,
David Luiz,https://fbref.com/en/players/c0e27d1a/David-Luiz,2013,br Brazil,FIFA Confederations Cup,25,5,393,0,0
David Luiz,https://fbref.com/en/players/c0e27d1a/David-Luiz,2014,br Brazil,1. World Cup,27,7,660,2,1
David Luiz,https://fbref.com/en/players/c0e27d1a/David-Luiz,2014,br Brazil,Friendlies (M),26,6,481,1,0
David Luiz,https://fbref.com/en/players/c0e27d1a/David-Luiz,2015,br Brazil,Friendlies (M),27,4,315,0,0
David Luiz,https://fbref.com/en/players/c0e27d1a/David-Luiz,2017,br Brazil,Friendlies (M),29,1,72,0,0
David Luiz,https://fbref.com/en/players/c0e27d1a/David-Luiz,2018,br Brazil,WCQ,30,3,213,0,0
David Marshall,https://fbref.com/en/players/4d93d433/David-Marshall,2006,sct Scotland,WCQ,20,0,,,
David Marshall,https://fbref.com/en/players/4d93d433/David-Marshall,2008,sct Scotland,UEFA Euro Qualifying,22,0,,,
David Marshall,https://fbref.com/en/players/4d93d433/David-Marshall,2010,sct Scotland,WCQ,24,2,180,0,
David Marshall,https://fbref.com/en/players/4d93d433/David-Marshall,2012,sct Scotland,UEFA Euro Qualifying,26,0,,,
David Marshall,https://fbref.com/en/players/4d93d433/David-Marshall,2014,sct Scotland,WCQ,28,3,225,0,0
David Marshall,https://fbref.com/en/players/4d93d433/David-Marshall,2014,sct Scotland,Friendlies (M),28,2,135,0,0
David Marshall,https://fbref.com/en/players/4d93d433/David-Marshall,2015,sct Scotland,Friendlies (M),29,1,45,0,0
David Marshall,https://fbref.com/en/players/4d93d433/David-Marshall,2016,sct Scotland,Friendlies (M),30,2,180,0,0
David Marshall,https://fbref.com/en/players/4d93d433/David-Marshall,2016,sct Scotland,UEFA Euro Qualifying,30,9,810,0,0
David Marshall,https://fbref.com/en/players/4d93d433/David-Marshall,2017,sct Scotland,Friendlies (M),31,0,,,
David Marshall,https://fbref.com/en/players/4d93d433/David-Marshall,2018,sct Scotland,WCQ,32,3,270,0,0
David Marshall,https://fbref.com/en/players/4d93d433/David-Marshall,2020-2021,sct Scotland,UEFA Nations League,35,5,450,0,0
David Marshall,https://fbref.com/en/players/4d93d433/David-Marshall,2021,sct Scotland,Friendlies (M),35,1,90,0,0
David Marshall,https://fbref.com/en/players/4d93d433/David-Marshall,2021,sct Scotland,UEFA Euro,35,3,270,0,0
David Marshall,https://fbref.com/en/players/4d93d433/David-Marshall,2021,sct Scotland,UEFA Euro Qualifying,35,9,870,0,0
David Marshall,https://fbref.com/en/players/4d93d433/David-Marshall,2022,sct Scotland,WCQ,36,2,180,0,0
David Meyler,https://fbref.com/en/players/8ea6417a/David-Meyler,2014,ie Rep. of Ireland,WCQ,24,1,1,0,0
David Meyler,https://fbref.com/en/players/8ea6417a/David-Meyler,2014,ie Rep. of Ireland,Friendlies (M),24,6,403,0,0
David Meyler,https://fbref.com/en/players/8ea6417a/David-Meyler,2015,ie Rep. of Ireland,Friendlies (M),25,0,,,
David Meyler,https://fbref.com/en/players/8ea6417a/David-Meyler,2016,ie Rep. of Ireland,Friendlies (M),26,2,134,0,0
David Meyler,https://fbref.com/en/players/8ea6417a/David-Meyler,2016,ie Rep. of Ireland,UEFA Euro,26,0,,,
David Meyler,https://fbref.com/en/players/8ea6417a/David-Meyler,2016,ie Rep. of Ireland,UEFA Euro Qualifying,26,4,203,0,0
David Meyler,https://fbref.com/en/players/8ea6417a/David-Meyler,2017,ie Rep. of Ireland,Friendlies (M),27,0,,,
David Meyler,https://fbref.com/en/players/8ea6417a/David-Meyler,2018,ie Rep. of Ireland,WCQ,28,7,461,0,0
David Meyler,https://fbref.com/en/players/8ea6417a/David-Meyler,2018,ie Rep. of Ireland,Friendlies (M),28,3,92,0,0
David Meyler,https://fbref.com/en/players/8ea6417a/David-Meyler,2018-2019,ie Rep. of Ireland,UEFA Nations League,29,0,,,
David Nugent,https://fbref.com/en/players/f9b5e5bd/David-Nugent,2008,eng England,UEFA Euro Qualifying,22,1,12,1,
David Ospina,https://fbref.com/en/players/82b1198a/David-Ospina,2014,co Colombia,WCQ,25,9,810,0,0
David Ospina,https://fbref.com/en/players/82b1198a/David-Ospina,2014,co Colombia,Friendlies (M),25,2,135,0,0
David Ospina,https://fbref.com/en/players/82b1198a/David-Ospina,2014,co Colombia,1. World Cup,25,5,444,0,0
David Ospina,https://fbref.com/en/players/82b1198a/David-Ospina,2015,co Colombia,Friendlies (M),26,4,360,0,0
David Ospina,https://fbref.com/en/players/82b1198a/David-Ospina,2016,co Colombia,Friendlies (M),27,1,90,0,0
David Ospina,https://fbref.com/en/players/82b1198a/David-Ospina,2017,co Colombia,Friendlies (M),28,2,150,0,0
David Ospina,https://fbref.com/en/players/82b1198a/David-Ospina,2018,co Colombia,Friendlies (M),29,7,630,0,0
David Ospina,https://fbref.com/en/players/82b1198a/David-Ospina,2018,co Colombia,WCQ,29,18,1620,0,0
David Ospina,https://fbref.com/en/players/82b1198a/David-Ospina,2018,co Colombia,1. World Cup,29,4,390,0,0
David Ospina,https://fbref.com/en/players/82b1198a/David-Ospina,2019,co Colombia,Friendlies (M),30,7,616,0,0
David Ospina,https://fbref.com/en/players/82b1198a/David-Ospina,2022,co Colombia,WCQ,33,14,1260,0,0
David Ospina,https://fbref.com/en/players/82b1198a/David-Ospina,2022,co Colombia,Friendlies (M),33,3,270,0,0
David Ospina,https://fbref.com/en/players/82b1198a/David-Ospina,2024,co Colombia,Friendlies (M),35,0,,,
David Ospina,https://fbref.com/en/players/82b1198a/David-Ospina,2025,co Colombia,Friendlies (M),36,1,90,0,0
David Ospina,https://fbref.com/en/players/82b1198a/David-Ospina,2026,co Colombia,WCQ,37,0,,,
David Pizarro,https://fbref.com/en/players/8b92c119/David-Pizarro,2014,cl Chile,WCQ,34,0,,,
David Pizarro,https://fbref.com/en/players/8b92c119/David-Pizarro,2015,cl Chile,Friendlies (M),35,2,73,0,0
David Silva,https://fbref.com/en/players/e2716bd0/David-Silva,2008,es Spain,UEFA Euro Qualifying,22,7,569,0,
David Silva,https://fbref.com/en/players/e2716bd0/David-Silva,2008,es Spain,UEFA Euro,22,5,442,1,
David Silva,https://fbref.com/en/players/e2716bd0/David-Silva,2009,es Spain,FIFA Confederations Cup,23,3,109,0,0
David Silva,https://fbref.com/en/players/e2716bd0/David-Silva,2010,es Spain,1. World Cup,24,2,66,0,
David Silva,https://fbref.com/en/players/e2716bd0/David-Silva,2010,es Spain,WCQ,24,5,335,3,
David Silva,https://fbref.com/en/players/e2716bd0/David-Silva,2012,es Spain,UEFA Euro,26,6,407,2,3
David Silva,https://fbref.com/en/players/e2716bd0/David-Silva,2012,es Spain,UEFA Euro Qualifying,26,6,380,4,
David Silva,https://fbref.com/en/players/e2716bd0/David-Silva,2013,es Spain,FIFA Confederations Cup,27,3,179,2,1
David Silva,https://fbref.com/en/players/e2716bd0/David-Silva,2014,es Spain,WCQ,28,5,311,0,2
David Silva,https://fbref.com/en/players/e2716bd0/David-Silva,2014,es Spain,Friendlies (M),28,4,152,0,1
David Silva,https://fbref.com/en/players/e2716bd0/David-Silva,2014,es Spain,1. World Cup,28,3,175,0,0
David Silva,https://fbref.com/en/players/e2716bd0/David-Silva,2015,es Spain,Friendlies (M),29,2,77,0,0
David Silva,https://fbref.com/en/players/e2716bd0/David-Silva,2016,es Spain,Friendlies (M),30,7,355,3,0
David Silva,https://fbref.com/en/players/e2716bd0/David-Silva,2016,es Spain,UEFA Euro,30,4,333,0,0
David Silva,https://fbref.com/en/players/e2716bd0/David-Silva,2016,es Spain,UEFA Euro Qualifying,30,8,592,3,3
David Silva,https://fbref.com/en/players/e2716bd0/David-Silva,2017,es Spain,Friendlies (M),31,4,206,4,1
David Silva,https://fbref.com/en/players/e2716bd0/David-Silva,2018,es Spain,1. World Cup,32,4,324,0,0
David Silva,https://fbref.com/en/players/e2716bd0/David-Silva,2018,es Spain,WCQ,32,9,726,5,5
David Silva,https://fbref.com/en/players/e2716bd0/David-Silva,2018,es Spain,Friendlies (M),32,3,188,0,1
David Vaughan,https://fbref.com/en/players/b950cb68/David-Vaughan,2006,wls Wales,WCQ,22,2,104,0,
David Vaughan,https://fbref.com/en/players/b950cb68/David-Vaughan,2008,wls Wales,UEFA Euro Qualifying,24,2,67,0,
David Vaughan,https://fbref.com/en/players/b950cb68/David-Vaughan,2010,wls Wales,WCQ,26,2,180,1,
David Vaughan,https://fbref.com/en/players/b950cb68/David-Vaughan,2012,wls Wales,UEFA Euro Qualifying,28,6,394,0,
David Vaughan,https://fbref.com/en/players/b950cb68/David-Vaughan,2014,wls Wales,WCQ,30,7,523,0,1
David Vaughan,https://fbref.com/en/players/b950cb68/David-Vaughan,2015,wls Wales,Friendlies (M),31,0,,,
David Vaughan,https://fbref.com/en/players/b950cb68/David-Vaughan,2016,wls Wales,Friendlies (M),32,2,134,0,0
David Vaughan,https://fbref.com/en/players/b950cb68/David-Vaughan,2016,wls Wales,UEFA Euro,32,0,,,
David Vaughan,https://fbref.com/en/players/b950cb68/David-Vaughan,2016,wls Wales,UEFA Euro Qualifying,32,2,134,0,0
Davide Santon,https://fbref.com/en/players/88c89891/Davide-Santon,2009,it Italy,FIFA Confederations Cup,18,0,,,
Davide Santon,https://fbref.com/en/players/88c89891/Davide-Santon,2010,it Italy,WCQ,19,2,110,0,
Davide Santon,https://fbref.com/en/players/88c89891/Davide-Santon,2015,it Italy,Friendlies (M),24,0,,,
Davide Santon,https://fbref.com/en/players/88c89891/Davide-Santon,2016,it Italy,UEFA Euro Qualifying,25,0,,,
DeAndre Yedlin,https://fbref.com/en/players/ae0a7ddf/DeAndre-Yedlin,2014,us United States,1. World Cup,20,3,115,0,0
DeAndre Yedlin,https://fbref.com/en/players/ae0a7ddf/DeAndre-Yedlin,2014,us United States,Friendlies (M),20,7,295,0,1
DeAndre Yedlin,https://fbref.com/en/players/ae0a7ddf/DeAndre-Yedlin,2015,us United States,Friendlies (M),21,11,729,0,2
DeAndre Yedlin,https://fbref.com/en/players/ae0a7ddf/DeAndre-Yedlin,2015,us United States,Gold Cup,21,5,233,0,1
DeAndre Yedlin,https://fbref.com/en/players/ae0a7ddf/DeAndre-Yedlin,2016,us United States,Friendlies (M),22,5,332,0,0
DeAndre Yedlin,https://fbref.com/en/players/ae0a7ddf/DeAndre-Yedlin,2017,us United States,Friendlies (M),23,2,179,0,0
DeAndre Yedlin,https://fbref.com/en/players/ae0a7ddf/DeAndre-Yedlin,2018,us United States,WCQ,24,10,827,0,1
DeAndre Yedlin,https://fbref.com/en/players/ae0a7ddf/DeAndre-Yedlin,2018,us United States,Friendlies (M),24,8,459,0,0
DeAndre Yedlin,https://fbref.com/en/players/ae0a7ddf/DeAndre-Yedlin,2019,us United States,Friendlies (M),25,2,113,0,0
DeAndre Yedlin,https://fbref.com/en/players/ae0a7ddf/DeAndre-Yedlin,2021,us United States,Friendlies (M),27,1,10,0,0
DeAndre Yedlin,https://fbref.com/en/players/ae0a7ddf/DeAndre-Yedlin,2022,us United States,1. World Cup,28,2,33,0,0
DeAndre Yedlin,https://fbref.com/en/players/ae0a7ddf/DeAndre-Yedlin,2022,us United States,WCQ,28,9,502,0,1
DeAndre Yedlin,https://fbref.com/en/players/ae0a7ddf/DeAndre-Yedlin,2022,us United States,Friendlies (M),28,1,58,0,0
DeAndre Yedlin,https://fbref.com/en/players/ae0a7ddf/DeAndre-Yedlin,2023,us United States,Friendlies (M),29,1,90,0,0
DeAndre Yedlin,https://fbref.com/en/players/ae0a7ddf/DeAndre-Yedlin,2023,us United States,Gold Cup,29,3,162,0,0
Declan John,https://fbref.com/en/players/8e42ea27/Declan-John,2014,wls Wales,WCQ,18,1,90,0,0
Declan John,https://fbref.com/en/players/8e42ea27/Declan-John,2016,wls Wales,UEFA Euro Qualifying,20,0,,,
Declan John,https://fbref.com/en/players/8e42ea27/Declan-John,2018,wls Wales,Friendlies (M),22,2,106,0,0
Declan John,https://fbref.com/en/players/8e42ea27/Declan-John,2018-2019,wls Wales,UEFA Nations League,23,0,,,
Declan John,https://fbref.com/en/players/8e42ea27/Declan-John,2019,wls Wales,Friendlies (M),23,1,30,0,0
Declan John,https://fbref.com/en/players/8e42ea27/Declan-John,2021,wls Wales,UEFA Euro Qualifying,25,0,,,
Dedryck Boyata,https://fbref.com/en/players/7c473e12/Dedryck-Boyata,2012,be Belgium,UEFA Euro Qualifying,21,1,45,0,
Dedryck Boyata,https://fbref.com/en/players/7c473e12/Dedryck-Boyata,2016,be Belgium,Friendlies (M),25,1,5,0,0
Dedryck Boyata,https://fbref.com/en/players/7c473e12/Dedryck-Boyata,2016,be Belgium,UEFA Euro Qualifying,25,0,,,
Dedryck Boyata,https://fbref.com/en/players/7c473e12/Dedryck-Boyata,2017,be Belgium,Friendlies (M),26,2,92,0,0
Dedryck Boyata,https://fbref.com/en/players/7c473e12/Dedryck-Boyata,2018,be Belgium,1. World Cup,27,3,270,0,0
Dedryck Boyata,https://fbref.com/en/players/7c473e12/Dedryck-Boyata,2018,be Belgium,WCQ,27,0,,,
Dedryck Boyata,https://fbref.com/en/players/7c473e12/Dedryck-Boyata,2018,be Belgium,Friendlies (M),27,5,291,0,0
Dedryck Boyata,https://fbref.com/en/players/7c473e12/Dedryck-Boyata,2018-2019,be Belgium,UEFA Nations League,27,3,198,0,0
Dedryck Boyata,https://fbref.com/en/players/7c473e12/Dedryck-Boyata,2020,be Belgium,Friendlies (M),29,1,90,0,0
Dedryck Boyata,https://fbref.com/en/players/7c473e12/Dedryck-Boyata,2020-2021,be Belgium,UEFA Nations League,29,3,181,0,0
Dedryck Boyata,https://fbref.com/en/players/7c473e12/Dedryck-Boyata,2021,be Belgium,Friendlies (M),30,1,90,0,0
Dedryck Boyata,https://fbref.com/en/players/7c473e12/Dedryck-Boyata,2021,be Belgium,UEFA Euro,30,2,180,0,0
Dedryck Boyata,https://fbref.com/en/players/7c473e12/Dedryck-Boyata,2021,be Belgium,UEFA Euro Qualifying,30,2,180,0,0
Dedryck Boyata,https://fbref.com/en/players/7c473e12/Dedryck-Boyata,2022,be Belgium,WCQ,31,4,315,0,0
Dedryck Boyata,https://fbref.com/en/players/7c473e12/Dedryck-Boyata,2022,be Belgium,Friendlies (M),31,1,90,0,0
Dedryck Boyata,https://fbref.com/en/players/7c473e12/Dedryck-Boyata,2022-2023,be Belgium,UEFA Nations League,31,2,180,0,0
Dejan Lovren,https://fbref.com/en/players/1a2935f6/Dejan-Lovren,2010,hr Croatia,WCQ,20,1,90,0,
Dejan Lovren,https://fbref.com/en/players/1a2935f6/Dejan-Lovren,2012,hr Croatia,UEFA Euro Qualifying,22,5,450,1,
Dejan Lovren,https://fbref.com/en/players/1a2935f6/Dejan-Lovren,2014,hr Croatia,1. World Cup,24,3,270,0,0
Dejan Lovren,https://fbref.com/en/players/1a2935f6/Dejan-Lovren,2014,hr Croatia,WCQ,24,7,417,1,0
Dejan Lovren,https://fbref.com/en/players/1a2935f6/Dejan-Lovren,2014,hr Croatia,Friendlies (M),24,3,236,0,0
Dejan Lovren,https://fbref.com/en/players/1a2935f6/Dejan-Lovren,2016,hr Croatia,Friendlies (M),26,1,90,0,0
Dejan Lovren,https://fbref.com/en/players/1a2935f6/Dejan-Lovren,2016,hr Croatia,UEFA Euro Qualifying,26,1,90,0,0
Dejan Lovren,https://fbref.com/en/players/1a2935f6/Dejan-Lovren,2018,hr Croatia,1. World Cup,28,7,651,0,0
Dejan Lovren,https://fbref.com/en/players/1a2935f6/Dejan-Lovren,2018,hr Croatia,WCQ,28,6,540,0,0
Dejan Lovren,https://fbref.com/en/players/1a2935f6/Dejan-Lovren,2018,hr Croatia,Friendlies (M),28,3,180,0,0
Dejan Lovren,https://fbref.com/en/players/1a2935f6/Dejan-Lovren,2018-2019,hr Croatia,UEFA Nations League,29,3,270,0,0
Dejan Lovren,https://fbref.com/en/players/1a2935f6/Dejan-Lovren,2019,hr Croatia,Friendlies (M),29,1,45,0,0
Dejan Lovren,https://fbref.com/en/players/1a2935f6/Dejan-Lovren,2020,hr Croatia,Friendlies (M),30,0,,,
Dejan Lovren,https://fbref.com/en/players/1a2935f6/Dejan-Lovren,2020-2021,hr Croatia,UEFA Nations League,31,5,450,1,0
Dejan Lovren,https://fbref.com/en/players/1a2935f6/Dejan-Lovren,2021,hr Croatia,Friendlies (M),31,0,,,
Dejan Lovren,https://fbref.com/en/players/1a2935f6/Dejan-Lovren,2021,hr Croatia,UEFA Euro,31,2,180,0,0
Dejan Lovren,https://fbref.com/en/players/1a2935f6/Dejan-Lovren,2021,hr Croatia,UEFA Euro Qualifying,31,6,540,1,0
Dejan Lovren,https://fbref.com/en/players/1a2935f6/Dejan-Lovren,2022,hr Croatia,1. World Cup,32,6,600,0,1
Dejan Lovren,https://fbref.com/en/players/1a2935f6/Dejan-Lovren,2022,hr Croatia,WCQ,32,6,526,0,0
Dejan Lovren,https://fbref.com/en/players/1a2935f6/Dejan-Lovren,2022,hr Croatia,Friendlies (M),32,1,58,0,0
Dejan Lovren,https://fbref.com/en/players/1a2935f6/Dejan-Lovren,2022-2023,hr Croatia,UEFA Nations League,33,1,90,1,0
Dekel Keinan,https://fbref.com/en/players/8e3c9fb3/Dekel-Keinan,2008,il Israel,UEFA Euro Qualifying,23,3,270,0,
Dekel Keinan,https://fbref.com/en/players/8e3c9fb3/Dekel-Keinan,2010,il Israel,WCQ,25,6,540,0,
Dekel Keinan,https://fbref.com/en/players/8e3c9fb3/Dekel-Keinan,2012,il Israel,UEFA Euro Qualifying,27,5,450,0,
Dekel Keinan,https://fbref.com/en/players/8e3c9fb3/Dekel-Keinan,2014,il Israel,WCQ,29,4,261,0,0
Dekel Keinan,https://fbref.com/en/players/8e3c9fb3/Dekel-Keinan,2016,il Israel,Friendlies (M),31,0,,,
Dele Alli,https://fbref.com/en/players/cea4ee8f/Dele-Alli,2015,eng England,Friendlies (M),18,2,115,1,0
Dele Alli,https://fbref.com/en/players/cea4ee8f/Dele-Alli,2016,eng England,Friendlies (M),19,4,279,0,1
Dele Alli,https://fbref.com/en/players/cea4ee8f/Dele-Alli,2016,eng England,UEFA Euro,19,4,300,0,1
Dele Alli,https://fbref.com/en/players/cea4ee8f/Dele-Alli,2016,eng England,UEFA Euro Qualifying,19,2,27,0,0
Dele Alli,https://fbref.com/en/players/cea4ee8f/Dele-Alli,2017,eng England,Friendlies (M),20,2,160,0,0
Dele Alli,https://fbref.com/en/players/cea4ee8f/Dele-Alli,2018,eng England,1. World Cup,22,5,362,1,0
Dele Alli,https://fbref.com/en/players/cea4ee8f/Dele-Alli,2018,eng England,WCQ,21,8,600,1,1
Dele Alli,https://fbref.com/en/players/cea4ee8f/Dele-Alli,2018,eng England,Friendlies (M),21,4,188,0,2
Dele Alli,https://fbref.com/en/players/cea4ee8f/Dele-Alli,2018-2019,eng England,UEFA Nations League,22,4,252,0,0
Dele Alli,https://fbref.com/en/players/cea4ee8f/Dele-Alli,2021,eng England,UEFA Euro Qualifying,24,2,127,0,0
Demarai Gray,https://fbref.com/en/players/4468ec10/Demarai-Gray,2018,eng England,Friendlies (M),21,0,,,
Demarai Gray,https://fbref.com/en/players/4468ec10/Demarai-Gray,2023,jm Jamaica,Gold Cup,26,5,440,2,2
Demarai Gray,https://fbref.com/en/players/4468ec10/Demarai-Gray,2025,jm Jamaica,Gold Cup,28,3,173,0,1
Demarai Gray,https://fbref.com/en/players/4468ec10/Demarai-Gray,2026,jm Jamaica,WCQ,29,4,289,0,2
Demba Ba,https://fbref.com/en/players/8b683d09/Demba-Ba,2012,sn Senegal,Africa Cup of Nations,26,3,192,0,0
Demba Ba,https://fbref.com/en/players/8b683d09/Demba-Ba,2014,sn Senegal,WCQ,28,1,67,0,
Demba Ba,https://fbref.com/en/players/8b683d09/Demba-Ba,2014,sn Senegal,Friendlies (M),28,2,174,0,0
Demba Ba,https://fbref.com/en/players/8b683d09/Demba-Ba,2015,sn Senegal,Friendlies (M),29,1,60,0,0
Demba Ba,https://fbref.com/en/players/8b683d09/Demba-Ba,2015,sn Senegal,Africa Cup of Nations qualification,29,1,10,0,
Derek Boateng,https://fbref.com/en/players/e9ef3a0d/Derek-Boateng,2006,gh Ghana,1. World Cup,23,3,121,0,
Derek Boateng,https://fbref.com/en/players/e9ef3a0d/Derek-Boateng,2010,gh Ghana,1. World Cup,27,0,,,
Derek Boateng,https://fbref.com/en/players/e9ef3a0d/Derek-Boateng,2012,gh Ghana,Africa Cup of Nations,28,3,98,0,0
Derek Boateng,https://fbref.com/en/players/e9ef3a0d/Derek-Boateng,2013,gh Ghana,Africa Cup of Nations,29,5,185,0,1
Derek Boateng,https://fbref.com/en/players/e9ef3a0d/Derek-Boateng,2014,gh Ghana,WCQ,30,2,125,0,
Derrick Williams,https://fbref.com/en/players/c0a28fbd/Derrick-Williams,2018,ie Rep. of Ireland,Friendlies (M),25,1,81,0,0
Derrick Williams,https://fbref.com/en/players/c0a28fbd/Derrick-Williams,2018-2019,ie Rep. of Ireland,UEFA Nations League,25,0,,,
Derrick Williams,https://fbref.com/en/players/c0a28fbd/Derrick-Williams,2019,ie Rep. of Ireland,Friendlies (M),26,1,55,1,0
Derrick Williams,https://fbref.com/en/players/c0a28fbd/Derrick-Williams,2021,ie Rep. of Ireland,UEFA Euro Qualifying,28,1,1,0,0
Diafra Sakho,https://fbref.com/en/players/57c433c8/Diafra-Sakho,2014,sn Senegal,Friendlies (M),24,1,4,0,0
Diafra Sakho,https://fbref.com/en/players/57c433c8/Diafra-Sakho,2015,sn Senegal,Friendlies (M),25,1,62,0,0
Diafra Sakho,https://fbref.com/en/players/57c433c8/Diafra-Sakho,2015,sn Senegal,Africa Cup of Nations qualification,25,1,12,0,
Diafra Sakho,https://fbref.com/en/players/57c433c8/Diafra-Sakho,2017,sn Senegal,Africa Cup of Nations qualification,27,1,20,0,0
Diafra Sakho,https://fbref.com/en/players/57c433c8/Diafra-Sakho,2018,sn Senegal,1. World Cup,28,1,5,0,0
Diafra Sakho,https://fbref.com/en/players/57c433c8/Diafra-Sakho,2018,sn Senegal,WCQ,28,2,167,2,0
Diafra Sakho,https://fbref.com/en/players/57c433c8/Diafra-Sakho,2018,sn Senegal,Friendlies (M),28,4,162,0,0
Dickson Etuhu,https://fbref.com/en/players/0f04d7b6/Dickson-Etuhu,2010,ng Nigeria,1. World Cup,28,3,270,0,
Dickson Etuhu,https://fbref.com/en/players/0f04d7b6/Dickson-Etuhu,2010,ng Nigeria,Africa Cup of Nations,27,4,312,0,0
Didier Drogba,https://fbref.com/en/players/945dea33/Didier-Drogba,2006,ci Côte d'Ivoire,1. World Cup,28,2,180,1,
Didier Drogba,https://fbref.com/en/players/945dea33/Didier-Drogba,2010,ci Côte d'Ivoire,1. World Cup,32,3,205,1,
Didier Drogba,https://fbref.com/en/players/945dea33/Didier-Drogba,2010,ci Côte d'Ivoire,Africa Cup of Nations,31,3,300,1,0
Didier Drogba,https://fbref.com/en/players/945dea33/Didier-Drogba,2012,ci Côte d'Ivoire,Africa Cup of Nations,33,6,492,3,0
Didier Drogba,https://fbref.com/en/players/945dea33/Didier-Drogba,2013,ci Côte d'Ivoire,Africa Cup of Nations,34,4,276,1,1
Didier Drogba,https://fbref.com/en/players/945dea33/Didier-Drogba,2014,ci Côte d'Ivoire,1. World Cup,36,3,137,0,0
Didier Drogba,https://fbref.com/en/players/945dea33/Didier-Drogba,2014,ci Côte d'Ivoire,WCQ,35,5,427,2,
Didier Drogba,https://fbref.com/en/players/945dea33/Didier-Drogba,2014,ci Côte d'Ivoire,Friendlies (M),35,1,45,1,0
Diego Costa,https://fbref.com/en/players/a190d597/Diego-Costa,2014,es Spain,1. World Cup,25,2,125,0,0
Diego Costa,https://fbref.com/en/players/a190d597/Diego-Costa,2014,es Spain,Friendlies (M),25,3,229,0,0
Diego Costa,https://fbref.com/en/players/a190d597/Diego-Costa,2015,es Spain,Friendlies (M),26,1,63,0,0
Diego Costa,https://fbref.com/en/players/a190d597/Diego-Costa,2016,es Spain,Friendlies (M),27,1,64,0,1
Diego Costa,https://fbref.com/en/players/a190d597/Diego-Costa,2016,es Spain,UEFA Euro Qualifying,27,4,306,1,1
Diego Costa,https://fbref.com/en/players/a190d597/Diego-Costa,2017,es Spain,Friendlies (M),28,0,,,
Diego Costa,https://fbref.com/en/players/a190d597/Diego-Costa,2018,es Spain,1. World Cup,29,4,316,3,0
Diego Costa,https://fbref.com/en/players/a190d597/Diego-Costa,2018,es Spain,WCQ,29,5,404,5,0
Diego Costa,https://fbref.com/en/players/a190d597/Diego-Costa,2018,es Spain,Friendlies (M),29,4,161,1,1
Diego Lugano,https://fbref.com/en/players/303ad7c3/Diego-Lugano,2010,uy Uruguay,1. World Cup,29,6,487,0,
Diego Lugano,https://fbref.com/en/players/303ad7c3/Diego-Lugano,2013,uy Uruguay,FIFA Confederations Cup,32,4,390,1,0
Diego Lugano,https://fbref.com/en/players/303ad7c3/Diego-Lugano,2014,uy Uruguay,1. World Cup,33,1,90,0,0
Diego Lugano,https://fbref.com/en/players/303ad7c3/Diego-Lugano,2014,uy Uruguay,WCQ,33,8,680,2,1
Diego Lugano,https://fbref.com/en/players/303ad7c3/Diego-Lugano,2014,uy Uruguay,Friendlies (M),33,1,29,0,0
Dieumerci Mbokani,https://fbref.com/en/players/d9847696/Dieumerci-Mbokani,2013,cd Congo DR,Africa Cup of Nations,27,3,270,2,0
Dieumerci Mbokani,https://fbref.com/en/players/d9847696/Dieumerci-Mbokani,2014,cd Congo DR,WCQ,28,3,267,1,
Dieumerci Mbokani,https://fbref.com/en/players/d9847696/Dieumerci-Mbokani,2015,cd Congo DR,Friendlies (M),29,3,202,1,0
Dieumerci Mbokani,https://fbref.com/en/players/d9847696/Dieumerci-Mbokani,2015,cd Congo DR,Africa Cup of Nations,29,6,493,3,1
Dieumerci Mbokani,https://fbref.com/en/players/d9847696/Dieumerci-Mbokani,2017,cd Congo DR,Africa Cup of Nations,31,3,194,0,0
Dieumerci Mbokani,https://fbref.com/en/players/d9847696/Dieumerci-Mbokani,2018,cd Congo DR,WCQ,32,4,328,2,0
Dieumerci Mbokani,https://fbref.com/en/players/d9847696/Dieumerci-Mbokani,2022,cd Congo DR,WCQ,36,8,476,4,2
Dimitar Berbatov,https://fbref.com/en/players/f5781978/Dimitar-Berbatov,2004,bg Bulgaria,UEFA Euro,23,3,255,0,
Dimitar Berbatov,https://fbref.com/en/players/f5781978/Dimitar-Berbatov,2006,bg Bulgaria,WCQ,25,9,810,7,
Dimitar Berbatov,https://fbref.com/en/players/f5781978/Dimitar-Berbatov,2008,bg Bulgaria,UEFA Euro Qualifying,27,11,961,6,
Dimitar Berbatov,https://fbref.com/en/players/f5781978/Dimitar-Berbatov,2010,bg Bulgaria,WCQ,29,8,720,5,
Dimitri Payet,https://fbref.com/en/players/58ae47b2/Dimitri-Payet,2012,fr France,UEFA Euro Qualifying,24,2,33,0,
Dimitri Payet,https://fbref.com/en/players/58ae47b2/Dimitri-Payet,2014,fr France,WCQ,26,1,67,0,0
Dimitri Payet,https://fbref.com/en/players/58ae47b2/Dimitri-Payet,2014,fr France,Friendlies (M),26,4,158,0,0
Dimitri Payet,https://fbref.com/en/players/58ae47b2/Dimitri-Payet,2015,fr France,Friendlies (M),27,4,181,1,0
Dimitri Payet,https://fbref.com/en/players/58ae47b2/Dimitri-Payet,2016,fr France,Friendlies (M),28,6,388,2,1
Dimitri Payet,https://fbref.com/en/players/58ae47b2/Dimitri-Payet,2016,fr France,UEFA Euro,28,7,503,3,2
Dimitri Payet,https://fbref.com/en/players/58ae47b2/Dimitri-Payet,2017,fr France,Friendlies (M),29,1,45,0,1
Dimitri Payet,https://fbref.com/en/players/58ae47b2/Dimitri-Payet,2018,fr France,WCQ,30,8,455,2,2
Dimitri Payet,https://fbref.com/en/players/58ae47b2/Dimitri-Payet,2018,fr France,Friendlies (M),30,1,24,0,0
Dimitri Payet,https://fbref.com/en/players/58ae47b2/Dimitri-Payet,2018-2019,fr France,UEFA Nations League,31,0,,,
Diniyar Bilyaletdinov,https://fbref.com/en/players/7e8050c6/Diniyar-Bilyaletdinov,2006,ru Russia,WCQ,20,4,318,0,
Diniyar Bilyaletdinov,https://fbref.com/en/players/7e8050c6/Diniyar-Bilyaletdinov,2008,ru Russia,UEFA Euro,22,5,311,0,
Diniyar Bilyaletdinov,https://fbref.com/en/players/7e8050c6/Diniyar-Bilyaletdinov,2008,ru Russia,UEFA Euro Qualifying,22,10,838,1,
Diniyar Bilyaletdinov,https://fbref.com/en/players/7e8050c6/Diniyar-Bilyaletdinov,2010,ru Russia,WCQ,24,4,346,2,
Diniyar Bilyaletdinov,https://fbref.com/en/players/7e8050c6/Diniyar-Bilyaletdinov,2012,ru Russia,UEFA Euro Qualifying,26,5,135,1,
Diniyar Bilyaletdinov,https://fbref.com/en/players/7e8050c6/Diniyar-Bilyaletdinov,2014,ru Russia,WCQ,28,0,,,
Dirk Kuyt,https://fbref.com/en/players/cd53ecf4/Dirk-Kuyt,2006,nl Netherlands,1. World Cup,25,3,202,0,
Dirk Kuyt,https://fbref.com/en/players/cd53ecf4/Dirk-Kuyt,2006,nl Netherlands,WCQ,25,11,978,3,
Dirk Kuyt,https://fbref.com/en/players/cd53ecf4/Dirk-Kuyt,2008,nl Netherlands,UEFA Euro,27,4,209,1,
Dirk Kuyt,https://fbref.com/en/players/cd53ecf4/Dirk-Kuyt,2008,nl Netherlands,UEFA Euro Qualifying,27,7,389,1,
Dirk Kuyt,https://fbref.com/en/players/cd53ecf4/Dirk-Kuyt,2010,nl Netherlands,1. World Cup,29,7,585,1,
Dirk Kuyt,https://fbref.com/en/players/cd53ecf4/Dirk-Kuyt,2010,nl Netherlands,WCQ,29,8,617,3,
Dirk Kuyt,https://fbref.com/en/players/cd53ecf4/Dirk-Kuyt,2012,nl Netherlands,UEFA Euro,31,2,14,0,0
Dirk Kuyt,https://fbref.com/en/players/cd53ecf4/Dirk-Kuyt,2012,nl Netherlands,UEFA Euro Qualifying,31,9,679,6,
Dirk Kuyt,https://fbref.com/en/players/cd53ecf4/Dirk-Kuyt,2014,nl Netherlands,1. World Cup,33,5,508,0,0
Dirk Kuyt,https://fbref.com/en/players/cd53ecf4/Dirk-Kuyt,2014,nl Netherlands,WCQ,33,5,132,0,1
Dirk Kuyt,https://fbref.com/en/players/cd53ecf4/Dirk-Kuyt,2014,nl Netherlands,Friendlies (M),33,1,90,0,0
Dirk Kuyt,https://fbref.com/en/players/cd53ecf4/Dirk-Kuyt,2016,nl Netherlands,UEFA Euro Qualifying,35,0,,,
Divock Origi,https://fbref.com/en/players/43a166b4/Divock-Origi,2014,be Belgium,1. World Cup,19,5,246,1,0
Divock Origi,https://fbref.com/en/players/43a166b4/Divock-Origi,2014,be Belgium,Friendlies (M),18,5,233,1,0
Divock Origi,https://fbref.com/en/players/43a166b4/Divock-Origi,2015,be Belgium,Friendlies (M),19,0,,,
Divock Origi,https://fbref.com/en/players/43a166b4/Divock-Origi,2016,be Belgium,Friendlies (M),20,4,158,0,0
Divock Origi,https://fbref.com/en/players/43a166b4/Divock-Origi,2016,be Belgium,UEFA Euro,20,2,19,0,0
Divock Origi,https://fbref.com/en/players/43a166b4/Divock-Origi,2016,be Belgium,UEFA Euro Qualifying,20,7,312,1,1
Divock Origi,https://fbref.com/en/players/43a166b4/Divock-Origi,2017,be Belgium,Friendlies (M),21,1,3,0,0
Divock Origi,https://fbref.com/en/players/43a166b4/Divock-Origi,2018,be Belgium,WCQ,22,0,,,
Divock Origi,https://fbref.com/en/players/43a166b4/Divock-Origi,2018,be Belgium,Friendlies (M),22,0,,,
Divock Origi,https://fbref.com/en/players/43a166b4/Divock-Origi,2018-2019,be Belgium,UEFA Nations League,23,1,1,0,0
Divock Origi,https://fbref.com/en/players/43a166b4/Divock-Origi,2020,be Belgium,Friendlies (M),24,1,23,0,0
Divock Origi,https://fbref.com/en/players/43a166b4/Divock-Origi,2020-2021,be Belgium,UEFA Nations League,25,0,,,
Divock Origi,https://fbref.com/en/players/43a166b4/Divock-Origi,2021,be Belgium,UEFA Euro Qualifying,25,2,65,0,0
Divock Origi,https://fbref.com/en/players/43a166b4/Divock-Origi,2022,be Belgium,WCQ,26,2,66,0,0
Divock Origi,https://fbref.com/en/players/43a166b4/Divock-Origi,2022,be Belgium,Friendlies (M),26,1,13,0,0
Djibril Cissé,https://fbref.com/en/players/7e6917be/Djibril-Cisse,2002,fr France,1. World Cup,20,3,57,0,
Djibril Cissé,https://fbref.com/en/players/7e6917be/Djibril-Cisse,2003,fr France,FIFA Confederations Cup,21,4,311,1,
Djibril Cissé,https://fbref.com/en/players/7e6917be/Djibril-Cisse,2006,fr France,WCQ,24,6,403,4,
Djibril Cissé,https://fbref.com/en/players/7e6917be/Djibril-Cisse,2008,fr France,UEFA Euro Qualifying,26,3,69,0,
Djibril Cissé,https://fbref.com/en/players/7e6917be/Djibril-Cisse,2010,fr France,1. World Cup,28,1,54,0,
Djibril Cissé,https://fbref.com/en/players/7e6917be/Djibril-Cisse,2012,fr France,UEFA Euro Qualifying,30,1,11,0,
Don Cowie,https://fbref.com/en/players/c06e8b72/Don-Cowie,2012,sct Scotland,UEFA Euro Qualifying,28,4,123,0,
Don Cowie,https://fbref.com/en/players/c06e8b72/Don-Cowie,2014,sct Scotland,WCQ,30,0,,,
Doni,https://fbref.com/en/players/4b6a7e60/Cristiano-Doni,2002,it Italy,1. World Cup,29,2,141,0,
Dušan Tadić,https://fbref.com/en/players/2475dcc6/Dusan-Tadic,2014,rs Serbia,Friendlies (M),25,5,389,1,2
Dušan Tadić,https://fbref.com/en/players/2475dcc6/Dusan-Tadic,2014,rs Serbia,WCQ,25,10,676,2,1
Dušan Tadić,https://fbref.com/en/players/2475dcc6/Dusan-Tadic,2015,rs Serbia,Friendlies (M),26,2,113,0,0
Dušan Tadić,https://fbref.com/en/players/2475dcc6/Dusan-Tadic,2016,rs Serbia,Friendlies (M),27,3,157,2,2
Dušan Tadić,https://fbref.com/en/players/2475dcc6/Dusan-Tadic,2016,rs Serbia,UEFA Euro Qualifying,27,7,477,0,1
Dušan Tadić,https://fbref.com/en/players/2475dcc6/Dusan-Tadic,2017,rs Serbia,Friendlies (M),28,1,90,0,0
Dušan Tadić,https://fbref.com/en/players/2475dcc6/Dusan-Tadic,2018,rs Serbia,1. World Cup,29,3,261,0,1
Dušan Tadić,https://fbref.com/en/players/2475dcc6/Dusan-Tadic,2018,rs Serbia,WCQ,29,10,864,4,7
Dušan Tadić,https://fbref.com/en/players/2475dcc6/Dusan-Tadic,2018,rs Serbia,Friendlies (M),29,4,269,1,1
Dušan Tadić,https://fbref.com/en/players/2475dcc6/Dusan-Tadic,2018-2019,rs Serbia,UEFA Nations League,29,5,450,1,1
Dušan Tadić,https://fbref.com/en/players/2475dcc6/Dusan-Tadic,2020-2021,rs Serbia,UEFA Nations League,31,4,348,0,0
Dušan Tadić,https://fbref.com/en/players/2475dcc6/Dusan-Tadic,2021,rs Serbia,Friendlies (M),32,1,17,0,0
Dušan Tadić,https://fbref.com/en/players/2475dcc6/Dusan-Tadic,2021,rs Serbia,UEFA Euro Qualifying,32,8,767,2,6
Dušan Tadić,https://fbref.com/en/players/2475dcc6/Dusan-Tadic,2022,rs Serbia,1. World Cup,33,3,257,0,2
Dušan Tadić,https://fbref.com/en/players/2475dcc6/Dusan-Tadic,2022,rs Serbia,WCQ,33,8,607,2,6
Dušan Tadić,https://fbref.com/en/players/2475dcc6/Dusan-Tadic,2022,rs Serbia,Friendlies (M),33,3,239,2,1
Dušan Tadić,https://fbref.com/en/players/2475dcc6/Dusan-Tadic,2022-2023,rs Serbia,UEFA Nations League,33,6,487,0,4
Dušan Tadić,https://fbref.com/en/players/2475dcc6/Dusan-Tadic,2023,rs Serbia,Friendlies (M),34,2,69,0,0
Dušan Tadić,https://fbref.com/en/players/2475dcc6/Dusan-Tadic,2024,rs Serbia,Friendlies (M),35,3,119,1,0
Dušan Tadić,https://fbref.com/en/players/2475dcc6/Dusan-Tadic,2024,rs Serbia,UEFA Euro,35,3,156,0,0
Dušan Tadić,https://fbref.com/en/players/2475dcc6/Dusan-Tadic,2024,rs Serbia,UEFA Euro Qualifying,35,8,644,2,4
Eddie Johnson,https://fbref.com/en/players/3552c7f5/Eddie-Johnson,2006,us United States,1. World Cup,22,2,75,0,
Eddie Johnson,https://fbref.com/en/players/3552c7f5/Eddie-Johnson,2006,us United States,WCQ,21,7,433,7,
Eddie Johnson,https://fbref.com/en/players/3552c7f5/Eddie-Johnson,2010,us United States,WCQ,25,2,35,1,
Eddie Johnson,https://fbref.com/en/players/3552c7f5/Eddie-Johnson,2014,us United States,WCQ,29,10,578,4,0
Eddie Johnson,https://fbref.com/en/players/3552c7f5/Eddie-Johnson,2014,us United States,Friendlies (M),29,2,56,0,0
Eden Hazard,https://fbref.com/en/players/a39bb753/Eden-Hazard,2010,be Belgium,WCQ,19,5,158,0,
Eden Hazard,https://fbref.com/en/players/a39bb753/Eden-Hazard,2012,be Belgium,UEFA Euro Qualifying,21,8,419,1,
Eden Hazard,https://fbref.com/en/players/a39bb753/Eden-Hazard,2014,be Belgium,1. World Cup,23,5,367,0,2
Eden Hazard,https://fbref.com/en/players/a39bb753/Eden-Hazard,2014,be Belgium,WCQ,23,9,608,2,1
Eden Hazard,https://fbref.com/en/players/a39bb753/Eden-Hazard,2014,be Belgium,Friendlies (M),23,5,270,1,0
Eden Hazard,https://fbref.com/en/players/a39bb753/Eden-Hazard,2015,be Belgium,Friendlies (M),24,2,180,1,0
Eden Hazard,https://fbref.com/en/players/a39bb753/Eden-Hazard,2016,be Belgium,Friendlies (M),25,5,443,1,0
Eden Hazard,https://fbref.com/en/players/a39bb753/Eden-Hazard,2016,be Belgium,UEFA Euro,25,5,439,1,4
Eden Hazard,https://fbref.com/en/players/a39bb753/Eden-Hazard,2016,be Belgium,UEFA Euro Qualifying,25,9,749,5,1
Eden Hazard,https://fbref.com/en/players/a39bb753/Eden-Hazard,2017,be Belgium,Friendlies (M),26,1,85,1,0
Eden Hazard,https://fbref.com/en/players/a39bb753/Eden-Hazard,2018,be Belgium,WCQ,27,8,597,6,5
Eden Hazard,https://fbref.com/en/players/a39bb753/Eden-Hazard,2018,be Belgium,Friendlies (M),27,6,351,2,3
Eden Hazard,https://fbref.com/en/players/a39bb753/Eden-Hazard,2018,be Belgium,1. World Cup,27,6,517,3,2
Eden Hazard,https://fbref.com/en/players/a39bb753/Eden-Hazard,2018-2019,be Belgium,UEFA Nations League,27,4,342,1,0
Eden Hazard,https://fbref.com/en/players/a39bb753/Eden-Hazard,2020-2021,be Belgium,UEFA Nations League,29,1,73,0,0
Eden Hazard,https://fbref.com/en/players/a39bb753/Eden-Hazard,2021,be Belgium,Friendlies (M),30,1,10,0,0
Eden Hazard,https://fbref.com/en/players/a39bb753/Eden-Hazard,2021,be Belgium,UEFA Euro,30,4,227,0,1
Eden Hazard,https://fbref.com/en/players/a39bb753/Eden-Hazard,2021,be Belgium,UEFA Euro Qualifying,30,8,665,5,7
Eden Hazard,https://fbref.com/en/players/a39bb753/Eden-Hazard,2022,be Belgium,1. World Cup,31,3,124,0,0
Eden Hazard,https://fbref.com/en/players/a39bb753/Eden-Hazard,2022,be Belgium,WCQ,31,4,237,1,1
Eden Hazard,https://fbref.com/en/players/a39bb753/Eden-Hazard,2022,be Belgium,Friendlies (M),31,1,70,0,0
Eden Hazard,https://fbref.com/en/players/a39bb753/Eden-Hazard,2022-2023,be Belgium,UEFA Nations League,31,6,322,0,1
Edin Džeko,https://fbref.com/en/players/3bb7f478/Edin-Dzeko,2008,ba Bosnia & Herz'na,UEFA Euro Qualifying,21,6,358,1,
Edin Džeko,https://fbref.com/en/players/3bb7f478/Edin-Dzeko,2010,ba Bosnia & Herz'na,WCQ,23,12,1067,9,
Edin Džeko,https://fbref.com/en/players/3bb7f478/Edin-Dzeko,2012,ba Bosnia & Herz'na,UEFA Euro Qualifying,25,12,1051,4,
Edin Džeko,https://fbref.com/en/players/3bb7f478/Edin-Dzeko,2014,ba Bosnia & Herz'na,1. World Cup,28,3,263,1,0
Edin Džeko,https://fbref.com/en/players/3bb7f478/Edin-Dzeko,2014,ba Bosnia & Herz'na,WCQ,27,10,900,10,4
Edin Džeko,https://fbref.com/en/players/3bb7f478/Edin-Dzeko,2014,ba Bosnia & Herz'na,Friendlies (M),27,1,90,0,0
Edin Džeko,https://fbref.com/en/players/3bb7f478/Edin-Dzeko,2015,ba Bosnia & Herz'na,Friendlies (M),28,1,90,0,0
Edin Džeko,https://fbref.com/en/players/3bb7f478/Edin-Dzeko,2016,ba Bosnia & Herz'na,Friendlies (M),29,3,156,1,1
Edin Džeko,https://fbref.com/en/players/3bb7f478/Edin-Dzeko,2016,ba Bosnia & Herz'na,UEFA Euro Qualifying,29,9,787,8,0
Edin Džeko,https://fbref.com/en/players/3bb7f478/Edin-Dzeko,2017,ba Bosnia & Herz'na,Friendlies (M),30,1,58,1,0
Edin Džeko,https://fbref.com/en/players/3bb7f478/Edin-Dzeko,2018,ba Bosnia & Herz'na,Friendlies (M),31,6,421,0,0
Edin Džeko,https://fbref.com/en/players/3bb7f478/Edin-Dzeko,2018,ba Bosnia & Herz'na,WCQ,31,9,725,5,1
Edin Džeko,https://fbref.com/en/players/3bb7f478/Edin-Dzeko,2018-2019,ba Bosnia & Herz'na,UEFA Nations League,32,4,360,3,0
Edin Džeko,https://fbref.com/en/players/3bb7f478/Edin-Dzeko,2020-2021,ba Bosnia & Herz'na,UEFA Nations League,34,4,208,1,0
Edin Džeko,https://fbref.com/en/players/3bb7f478/Edin-Dzeko,2021,ba Bosnia & Herz'na,UEFA Euro Qualifying,34,9,767,3,1
Edin Džeko,https://fbref.com/en/players/3bb7f478/Edin-Dzeko,2022,ba Bosnia & Herz'na,WCQ,35,6,540,1,1
Edin Džeko,https://fbref.com/en/players/3bb7f478/Edin-Dzeko,2022,ba Bosnia & Herz'na,Friendlies (M),35,2,115,1,0
Edin Džeko,https://fbref.com/en/players/3bb7f478/Edin-Dzeko,2022-2023,ba Bosnia & Herz'na,UEFA Nations League,36,6,412,3,2
Edin Džeko,https://fbref.com/en/players/3bb7f478/Edin-Dzeko,2024,ba Bosnia & Herz'na,Friendlies (M),37,0,,,
Edin Džeko,https://fbref.com/en/players/3bb7f478/Edin-Dzeko,2024,ba Bosnia & Herz'na,UEFA Euro Qualifying,37,8,642,1,1
Edin Džeko,https://fbref.com/en/players/3bb7f478/Edin-Dzeko,2024-2025,ba Bosnia & Herz'na,UEFA Nations League,38,5,449,2,0
Edin Džeko,https://fbref.com/en/players/3bb7f478/Edin-Dzeko,2025,ba Bosnia & Herz'na,Friendlies (M),38,0,,,
Edin Džeko,https://fbref.com/en/players/3bb7f478/Edin-Dzeko,2026,ba Bosnia & Herz'na,WCQ,39,7,505,5,0
Eduardo Vargas,https://fbref.com/en/players/bd603c00/Eduardo-Vargas,2014,cl Chile,WCQ,24,8,473,1,0
Eduardo Vargas,https://fbref.com/en/players/bd603c00/Eduardo-Vargas,2014,cl Chile,Friendlies (M),24,4,266,1,0
Eduardo Vargas,https://fbref.com/en/players/bd603c00/Eduardo-Vargas,2014,cl Chile,1. World Cup,24,4,307,1,1
Eduardo Vargas,https://fbref.com/en/players/bd603c00/Eduardo-Vargas,2015,cl Chile,Friendlies (M),25,3,173,0,0
Eduardo Vargas,https://fbref.com/en/players/bd603c00/Eduardo-Vargas,2016,cl Chile,Friendlies (M),26,2,85,0,0
Eduardo Vargas,https://fbref.com/en/players/bd603c00/Eduardo-Vargas,2017,cl Chile,Friendlies (M),27,2,143,1,1
Eduardo Vargas,https://fbref.com/en/players/bd603c00/Eduardo-Vargas,2017,cl Chile,FIFA Confederations Cup,27,5,417,1,1
Eduardo Vargas,https://fbref.com/en/players/bd603c00/Eduardo-Vargas,2018,cl Chile,WCQ,28,16,1359,5,0
Eduardo Vargas,https://fbref.com/en/players/bd603c00/Eduardo-Vargas,2018,cl Chile,Friendlies (M),28,1,60,0,0
Eduardo Vargas,https://fbref.com/en/players/bd603c00/Eduardo-Vargas,2019,cl Chile,Friendlies (M),29,3,234,1,0
Eduardo Vargas,https://fbref.com/en/players/bd603c00/Eduardo-Vargas,2022,cl Chile,WCQ,32,10,736,0,0
Eduardo Vargas,https://fbref.com/en/players/bd603c00/Eduardo-Vargas,2024,cl Chile,Friendlies (M),34,3,208,2,0
Eduardo Vargas,https://fbref.com/en/players/bd603c00/Eduardo-Vargas,2026,cl Chile,WCQ,36,8,617,3,1
Edwin van der Sar,https://fbref.com/en/players/98ee8a67/Edwin-van-der-Sar,1994,nl Netherlands,1. World Cup,23,0,,,
Edwin van der Sar,https://fbref.com/en/players/98ee8a67/Edwin-van-der-Sar,1998,nl Netherlands,1. World Cup,27,7,660,0,0
Edwin van der Sar,https://fbref.com/en/players/98ee8a67/Edwin-van-der-Sar,2000,nl Netherlands,UEFA Euro,29,4,362,0,
Edwin van der Sar,https://fbref.com/en/players/98ee8a67/Edwin-van-der-Sar,2004,nl Netherlands,UEFA Euro,33,5,480,0,
Edwin van der Sar,https://fbref.com/en/players/98ee8a67/Edwin-van-der-Sar,2006,nl Netherlands,1. World Cup,35,4,360,0,
Edwin van der Sar,https://fbref.com/en/players/98ee8a67/Edwin-van-der-Sar,2006,nl Netherlands,WCQ,35,12,1080,0,
Edwin van der Sar,https://fbref.com/en/players/98ee8a67/Edwin-van-der-Sar,2008,nl Netherlands,UEFA Euro,37,3,300,0,
Edwin van der Sar,https://fbref.com/en/players/98ee8a67/Edwin-van-der-Sar,2008,nl Netherlands,UEFA Euro Qualifying,37,8,720,0,
Edwin van der Sar,https://fbref.com/en/players/98ee8a67/Edwin-van-der-Sar,2010,nl Netherlands,WCQ,39,2,180,0,
Eggert Jónsson,https://fbref.com/en/players/a9c05804/Eggert-Jonsson,2008,is Iceland,UEFA Euro Qualifying,19,1,18,0,
Eggert Jónsson,https://fbref.com/en/players/a9c05804/Eggert-Jonsson,2010,is Iceland,WCQ,21,2,81,0,
Eggert Jónsson,https://fbref.com/en/players/a9c05804/Eggert-Jonsson,2012,is Iceland,UEFA Euro Qualifying,23,5,450,0,
Eggert Jónsson,https://fbref.com/en/players/a9c05804/Eggert-Jonsson,2014,is Iceland,WCQ,25,3,82,0,0
Eggert Jónsson,https://fbref.com/en/players/a9c05804/Eggert-Jonsson,2014,is Iceland,Friendlies (M),25,0,,,
Eggert Jónsson,https://fbref.com/en/players/a9c05804/Eggert-Jonsson,2018,is Iceland,Friendlies (M),29,1,61,0,0
Eggert Jónsson,https://fbref.com/en/players/a9c05804/Eggert-Jonsson,2018-2019,is Iceland,UEFA Nations League,29,0,,,
Eiður Guðjohnsen,https://fbref.com/en/players/32fc9ff2/Eidur-Gudjohnsen,2006,is Iceland,WCQ,27,7,615,5,
Eiður Guðjohnsen,https://fbref.com/en/players/32fc9ff2/Eidur-Gudjohnsen,2008,is Iceland,UEFA Euro Qualifying,29,9,758,3,
Eiður Guðjohnsen,https://fbref.com/en/players/32fc9ff2/Eidur-Gudjohnsen,2010,is Iceland,WCQ,31,7,619,3,
Eiður Guðjohnsen,https://fbref.com/en/players/32fc9ff2/Eidur-Gudjohnsen,2012,is Iceland,UEFA Euro Qualifying,33,4,360,0,
Eiður Guðjohnsen,https://fbref.com/en/players/32fc9ff2/Eidur-Gudjohnsen,2014,is Iceland,WCQ,35,8,403,0,1
Eiður Guðjohnsen,https://fbref.com/en/players/32fc9ff2/Eidur-Gudjohnsen,2016,is Iceland,Friendlies (M),37,5,310,1,1
Eiður Guðjohnsen,https://fbref.com/en/players/32fc9ff2/Eidur-Gudjohnsen,2016,is Iceland,UEFA Euro,37,2,15,0,0
Eiður Guðjohnsen,https://fbref.com/en/players/32fc9ff2/Eidur-Gudjohnsen,2016,is Iceland,UEFA Euro Qualifying,37,3,135,1,0
El Hadji Diouf,https://fbref.com/en/players/1a4542c8/El-Hadji-Diouf,2002,sn Senegal,1. World Cup,21,5,510,0,
El-Hadji Ba,https://fbref.com/en/players/db89826f/El-Hadji-Ba,2023,mr Mauritania,Africa Cup of Nations,29,2,44,0,0
El-Hadji Ba,https://fbref.com/en/players/db89826f/El-Hadji-Ba,2023,mr Mauritania,Africa Cup of Nations qualification,29,3,216,0,0
Eliaquim Mangala,https://fbref.com/en/players/f520049f/Eliaquim-Mangala,2014,fr France,1. World Cup,23,0,,,
Eliaquim Mangala,https://fbref.com/en/players/f520049f/Eliaquim-Mangala,2014,fr France,WCQ,22,0,,,
Eliaquim Mangala,https://fbref.com/en/players/f520049f/Eliaquim-Mangala,2014,fr France,Friendlies (M),22,4,315,0,0
Eliaquim Mangala,https://fbref.com/en/players/f520049f/Eliaquim-Mangala,2015,fr France,Friendlies (M),23,2,180,0,0
Eliaquim Mangala,https://fbref.com/en/players/f520049f/Eliaquim-Mangala,2016,fr France,Friendlies (M),24,0,,,
Eliaquim Mangala,https://fbref.com/en/players/f520049f/Eliaquim-Mangala,2016,fr France,UEFA Euro,24,1,19,0,0
Eliaquim Mangala,https://fbref.com/en/players/f520049f/Eliaquim-Mangala,2018,fr France,WCQ,26,0,,,
Eljero Elia,https://fbref.com/en/players/05cb19c5/Eljero-Elia,2010,nl Netherlands,1. World Cup,23,6,140,0,
Eljero Elia,https://fbref.com/en/players/05cb19c5/Eljero-Elia,2010,nl Netherlands,WCQ,22,1,19,1,
Eljero Elia,https://fbref.com/en/players/05cb19c5/Eljero-Elia,2012,nl Netherlands,UEFA Euro Qualifying,24,8,185,0,
Eljero Elia,https://fbref.com/en/players/05cb19c5/Eljero-Elia,2014,nl Netherlands,WCQ,26,1,3,0,0
Eljero Elia,https://fbref.com/en/players/05cb19c5/Eljero-Elia,2015,nl Netherlands,Friendlies (M),27,0,,,
Eljero Elia,https://fbref.com/en/players/05cb19c5/Eljero-Elia,2016,nl Netherlands,UEFA Euro Qualifying,28,0,,,
Eljero Elia,https://fbref.com/en/players/05cb19c5/Eljero-Elia,2018,nl Netherlands,Friendlies (M),30,2,25,0,0
Elsad Zverotić,https://fbref.com/en/players/e7fd18a4/Elsad-Zverotic,2010,me Montenegro,WCQ,23,7,517,0,
Elsad Zverotić,https://fbref.com/en/players/e7fd18a4/Elsad-Zverotic,2012,me Montenegro,UEFA Euro Qualifying,25,10,779,2,
Elsad Zverotić,https://fbref.com/en/players/e7fd18a4/Elsad-Zverotic,2014,me Montenegro,WCQ,27,10,832,2,0
Elsad Zverotić,https://fbref.com/en/players/e7fd18a4/Elsad-Zverotic,2014,me Montenegro,Friendlies (M),27,2,126,0,0
Elsad Zverotić,https://fbref.com/en/players/e7fd18a4/Elsad-Zverotic,2015,me Montenegro,Friendlies (M),28,1,45,0,0
Elsad Zverotić,https://fbref.com/en/players/e7fd18a4/Elsad-Zverotic,2016,me Montenegro,Friendlies (M),29,2,29,0,0
Elsad Zverotić,https://fbref.com/en/players/e7fd18a4/Elsad-Zverotic,2016,me Montenegro,UEFA Euro Qualifying,29,8,544,0,0
Elsad Zverotić,https://fbref.com/en/players/e7fd18a4/Elsad-Zverotic,2018,me Montenegro,WCQ,31,3,48,0,0
Emanuel Pogatetz,https://fbref.com/en/players/6b08d120/Emanuel-Pogatetz,2006,at Austria,WCQ,23,8,703,0,
Emanuel Pogatetz,https://fbref.com/en/players/6b08d120/Emanuel-Pogatetz,2008,at Austria,UEFA Euro,25,3,270,0,
Emanuel Pogatetz,https://fbref.com/en/players/6b08d120/Emanuel-Pogatetz,2010,at Austria,WCQ,27,5,450,0,
Emanuel Pogatetz,https://fbref.com/en/players/6b08d120/Emanuel-Pogatetz,2012,at Austria,UEFA Euro Qualifying,29,6,540,0,
Emanuel Pogatetz,https://fbref.com/en/players/6b08d120/Emanuel-Pogatetz,2014,at Austria,WCQ,31,9,792,0,0
Emanuel Pogatetz,https://fbref.com/en/players/6b08d120/Emanuel-Pogatetz,2014,at Austria,Friendlies (M),31,0,,,
Emanuele Giaccherini,https://fbref.com/en/players/1c50f354/Emanuele-Giaccherini,2012,it Italy,UEFA Euro,26,2,180,0,0
Emanuele Giaccherini,https://fbref.com/en/players/1c50f354/Emanuele-Giaccherini,2013,it Italy,FIFA Confederations Cup,27,5,377,1,0
Emanuele Giaccherini,https://fbref.com/en/players/1c50f354/Emanuele-Giaccherini,2014,it Italy,WCQ,28,6,218,0,1
Emanuele Giaccherini,https://fbref.com/en/players/1c50f354/Emanuele-Giaccherini,2014,it Italy,Friendlies (M),28,2,119,0,0
Emanuele Giaccherini,https://fbref.com/en/players/1c50f354/Emanuele-Giaccherini,2015,it Italy,Friendlies (M),29,0,,,
Emanuele Giaccherini,https://fbref.com/en/players/1c50f354/Emanuele-Giaccherini,2016,it Italy,Friendlies (M),30,4,287,0,1
Emanuele Giaccherini,https://fbref.com/en/players/1c50f354/Emanuele-Giaccherini,2016,it Italy,UEFA Euro,30,4,390,1,1
Emanuele Giaccherini,https://fbref.com/en/players/1c50f354/Emanuele-Giaccherini,2016,it Italy,UEFA Euro Qualifying,30,1,90,0,0
Emile Heskey,https://fbref.com/en/players/30184789/Emile-Heskey,2000,eng England,UEFA Euro,22,2,70,0,
Emile Heskey,https://fbref.com/en/players/30184789/Emile-Heskey,2002,eng England,1. World Cup,24,5,369,1,
Emile Heskey,https://fbref.com/en/players/30184789/Emile-Heskey,2004,eng England,UEFA Euro,26,1,15,0,
Emile Heskey,https://fbref.com/en/players/30184789/Emile-Heskey,2006,eng England,WCQ,28,0,,,
Emile Heskey,https://fbref.com/en/players/30184789/Emile-Heskey,2008,eng England,UEFA Euro Qualifying,30,2,148,0,
Emile Heskey,https://fbref.com/en/players/30184789/Emile-Heskey,2010,eng England,1. World Cup,32,4,176,0,
Emile Heskey,https://fbref.com/en/players/30184789/Emile-Heskey,2010,eng England,WCQ,32,7,502,1,
Emiliano Martínez,https://fbref.com/en/players/7956236f/Emiliano-Martinez,2019,ar Argentina,Friendlies (M),26,0,,,
Emiliano Martínez,https://fbref.com/en/players/7956236f/Emiliano-Martinez,2022,ar Argentina,1. World Cup,29,7,690,0,0
Emiliano Martínez,https://fbref.com/en/players/7956236f/Emiliano-Martinez,2022,ar Argentina,WCQ,29,10,849,0,0
Emiliano Martínez,https://fbref.com/en/players/7956236f/Emiliano-Martinez,2022,ar Argentina,Friendlies (M),29,2,180,0,0
Emiliano Martínez,https://fbref.com/en/players/7956236f/Emiliano-Martinez,2023,ar Argentina,Friendlies (M),30,4,349,0,0
Emiliano Martínez,https://fbref.com/en/players/7956236f/Emiliano-Martinez,2024,ar Argentina,Friendlies (M),31,3,270,0,0
Emiliano Martínez,https://fbref.com/en/players/7956236f/Emiliano-Martinez,2025,ar Argentina,Friendlies (M),32,2,165,0,0
Emiliano Martínez,https://fbref.com/en/players/7956236f/Emiliano-Martinez,2026,ar Argentina,WCQ,33,16,1440,0,0
Emmanuel Adebayor,https://fbref.com/en/players/936d9e3e/Emmanuel-Adebayor,2006,tg Togo,1. World Cup,22,3,254,0,
Emmanuel Adebayor,https://fbref.com/en/players/936d9e3e/Emmanuel-Adebayor,2013,tg Togo,Africa Cup of Nations,28,4,389,1,2
Emmanuel Adebayor,https://fbref.com/en/players/936d9e3e/Emmanuel-Adebayor,2014,tg Togo,WCQ,29,1,90,0,
Emmanuel Adebayor,https://fbref.com/en/players/936d9e3e/Emmanuel-Adebayor,2016,tg Togo,Friendlies (M),31,5,364,0,1
Emmanuel Adebayor,https://fbref.com/en/players/936d9e3e/Emmanuel-Adebayor,2017,tg Togo,Friendlies (M),32,4,315,1,0
Emmanuel Adebayor,https://fbref.com/en/players/936d9e3e/Emmanuel-Adebayor,2017,tg Togo,Africa Cup of Nations,32,3,268,0,0
Emmanuel Adebayor,https://fbref.com/en/players/936d9e3e/Emmanuel-Adebayor,2017,tg Togo,Africa Cup of Nations qualification,32,4,360,1,0
Emmanuel Adebayor,https://fbref.com/en/players/936d9e3e/Emmanuel-Adebayor,2018,tg Togo,Friendlies (M),33,2,114,0,1
Emmanuel Adebayor,https://fbref.com/en/players/936d9e3e/Emmanuel-Adebayor,2019,tg Togo,Africa Cup of Nations qualification,34,4,337,1,0
Emmanuel Eboué,https://fbref.com/en/players/1bfae04c/Emmanuel-Eboue,2006,ci Côte d'Ivoire,1. World Cup,23,3,270,0,
Emmanuel Eboué,https://fbref.com/en/players/1bfae04c/Emmanuel-Eboue,2010,ci Côte d'Ivoire,1. World Cup,27,3,249,0,
Emmanuel Eboué,https://fbref.com/en/players/1bfae04c/Emmanuel-Eboue,2010,ci Côte d'Ivoire,Africa Cup of Nations,26,2,145,0,0
Emmanuel Eboué,https://fbref.com/en/players/1bfae04c/Emmanuel-Eboue,2012,ci Côte d'Ivoire,Africa Cup of Nations,28,2,62,1,0
Emmanuel Eboué,https://fbref.com/en/players/1bfae04c/Emmanuel-Eboue,2013,ci Côte d'Ivoire,Africa Cup of Nations,29,4,276,0,0
Emmanuel Eboué,https://fbref.com/en/players/1bfae04c/Emmanuel-Eboue,2014,ci Côte d'Ivoire,WCQ,30,1,90,0,
Emmanuel Emenike,https://fbref.com/en/players/df6bcd09/Emmanuel-Emenike,2013,ng Nigeria,Africa Cup of Nations,25,5,401,4,1
Emmanuel Emenike,https://fbref.com/en/players/df6bcd09/Emmanuel-Emenike,2014,ng Nigeria,1. World Cup,27,4,360,0,2
Emmanuel Emenike,https://fbref.com/en/players/df6bcd09/Emmanuel-Emenike,2014,ng Nigeria,WCQ,26,3,261,3,
Emmanuel Emenike,https://fbref.com/en/players/df6bcd09/Emmanuel-Emenike,2014,ng Nigeria,Friendlies (M),26,3,192,0,0
Emmanuel Emenike,https://fbref.com/en/players/df6bcd09/Emmanuel-Emenike,2015,ng Nigeria,Friendlies (M),27,3,154,0,1
Emmanuel Emenike,https://fbref.com/en/players/df6bcd09/Emmanuel-Emenike,2017,ng Nigeria,Africa Cup of Nations qualification,29,1,60,0,0
Emmanuel Frimpong,https://fbref.com/en/players/524617b5/Emmanuel-Frimpong,2014,gh Ghana,WCQ,22,1,25,0,
Emmanuel Mayuka,https://fbref.com/en/players/126fd532/Emmanuel-Mayuka,2010,zm Zambia,Africa Cup of Nations,19,3,75,0,0
Emmanuel Mayuka,https://fbref.com/en/players/126fd532/Emmanuel-Mayuka,2012,zm Zambia,Africa Cup of Nations,21,6,479,3,1
Emmanuel Mayuka,https://fbref.com/en/players/126fd532/Emmanuel-Mayuka,2013,zm Zambia,Africa Cup of Nations,22,3,187,0,0
Emmanuel Mayuka,https://fbref.com/en/players/126fd532/Emmanuel-Mayuka,2014,zm Zambia,WCQ,23,4,248,0,
Emmanuel Mayuka,https://fbref.com/en/players/126fd532/Emmanuel-Mayuka,2014,zm Zambia,Friendlies (M),23,2,129,0,1
Emmanuel Mayuka,https://fbref.com/en/players/126fd532/Emmanuel-Mayuka,2015,zm Zambia,Friendlies (M),24,1,44,0,0
Emmanuel Mayuka,https://fbref.com/en/players/126fd532/Emmanuel-Mayuka,2015,zm Zambia,Africa Cup of Nations,24,2,135,1,0
Emmanuel Rivière,https://fbref.com/en/players/2bae5658/Emmanuel-Riviere,2021,mq Martinique,Gold Cup,30,3,164,2,0
Emmerson Boyce,https://fbref.com/en/players/84bfbd38/Emmerson-Boyce,2010,bb Barbados,WCQ,30,2,180,0,
Emmerson Boyce,https://fbref.com/en/players/84bfbd38/Emmerson-Boyce,2014,bb Barbados,WCQ,34,2,180,0,0
Emmerson Boyce,https://fbref.com/en/players/84bfbd38/Emmerson-Boyce,2018,bb Barbados,WCQ,38,3,270,2,0
Emre Can,https://fbref.com/en/players/a65ce836/Emre-Can,2015,de Germany,Friendlies (M),21,1,57,0,0
Emre Can,https://fbref.com/en/players/a65ce836/Emre-Can,2016,de Germany,Friendlies (M),22,3,157,0,0
Emre Can,https://fbref.com/en/players/a65ce836/Emre-Can,2016,de Germany,UEFA Euro,22,1,66,0,0
Emre Can,https://fbref.com/en/players/a65ce836/Emre-Can,2016,de Germany,UEFA Euro Qualifying,22,2,180,0,0
Emre Can,https://fbref.com/en/players/a65ce836/Emre-Can,2017,de Germany,Friendlies (M),23,4,163,0,0
Emre Can,https://fbref.com/en/players/a65ce836/Emre-Can,2017,de Germany,FIFA Confederations Cup,23,5,229,0,1
Emre Can,https://fbref.com/en/players/a65ce836/Emre-Can,2018,de Germany,WCQ,24,4,217,1,0
Emre Can,https://fbref.com/en/players/a65ce836/Emre-Can,2018-2019,de Germany,UEFA Nations League,24,1,56,0,0
Emre Can,https://fbref.com/en/players/a65ce836/Emre-Can,2019,de Germany,Friendlies (M),25,1,90,0,0
Emre Can,https://fbref.com/en/players/a65ce836/Emre-Can,2020,de Germany,Friendlies (M),26,1,90,0,0
Emre Can,https://fbref.com/en/players/a65ce836/Emre-Can,2020-2021,de Germany,UEFA Nations League,26,4,118,0,0
Emre Can,https://fbref.com/en/players/a65ce836/Emre-Can,2021,de Germany,Friendlies (M),27,1,30,0,0
Emre Can,https://fbref.com/en/players/a65ce836/Emre-Can,2021,de Germany,UEFA Euro,27,3,35,0,0
Emre Can,https://fbref.com/en/players/a65ce836/Emre-Can,2021,de Germany,UEFA Euro Qualifying,27,3,109,0,0
Emre Can,https://fbref.com/en/players/a65ce836/Emre-Can,2022,de Germany,WCQ,28,3,270,0,0
Emre Can,https://fbref.com/en/players/a65ce836/Emre-Can,2023,de Germany,Friendlies (M),29,6,412,0,0
Emre Can,https://fbref.com/en/players/a65ce836/Emre-Can,2024,de Germany,UEFA Euro,30,4,102,1,0
Emre Can,https://fbref.com/en/players/a65ce836/Emre-Can,2024-2025,de Germany,UEFA Nations League,30,1,27,0,0
Enda Stevens,https://fbref.com/en/players/17d4507a/Enda-Stevens,2018,ie Rep. of Ireland,Friendlies (M),27,3,129,0,0
Enda Stevens,https://fbref.com/en/players/17d4507a/Enda-Stevens,2018-2019,ie Rep. of Ireland,UEFA Nations League,28,3,165,0,0
Enda Stevens,https://fbref.com/en/players/17d4507a/Enda-Stevens,2019,ie Rep. of Ireland,Friendlies (M),28,1,15,0,1
Enda Stevens,https://fbref.com/en/players/17d4507a/Enda-Stevens,2020-2021,ie Rep. of Ireland,UEFA Nations League,30,4,360,0,0
Enda Stevens,https://fbref.com/en/players/17d4507a/Enda-Stevens,2021,ie Rep. of Ireland,Friendlies (M),30,1,90,0,0
Enda Stevens,https://fbref.com/en/players/17d4507a/Enda-Stevens,2021,ie Rep. of Ireland,UEFA Euro Qualifying,30,8,750,0,1
Enda Stevens,https://fbref.com/en/players/17d4507a/Enda-Stevens,2022,ie Rep. of Ireland,WCQ,31,3,257,0,0
Enda Stevens,https://fbref.com/en/players/17d4507a/Enda-Stevens,2022-2023,ie Rep. of Ireland,UEFA Nations League,32,2,142,0,0
Enda Stevens,https://fbref.com/en/players/17d4507a/Enda-Stevens,2024,ie Rep. of Ireland,Friendlies (M),33,0,,,
Enda Stevens,https://fbref.com/en/players/17d4507a/Enda-Stevens,2024,ie Rep. of Ireland,UEFA Euro Qualifying,33,1,45,0,0
Enner Valencia,https://fbref.com/en/players/fb485406/Enner-Valencia,2014,ec Ecuador,WCQ,24,2,140,0,0
Enner Valencia,https://fbref.com/en/players/fb485406/Enner-Valencia,2014,ec Ecuador,Friendlies (M),24,4,351,3,1
Enner Valencia,https://fbref.com/en/players/fb485406/Enner-Valencia,2014,ec Ecuador,1. World Cup,24,3,270,3,0
Enner Valencia,https://fbref.com/en/players/fb485406/Enner-Valencia,2015,ec Ecuador,Friendlies (M),25,2,120,0,1
Enner Valencia,https://fbref.com/en/players/fb485406/Enner-Valencia,2016,ec Ecuador,Friendlies (M),26,1,90,0,0
Enner Valencia,https://fbref.com/en/players/fb485406/Enner-Valencia,2017,ec Ecuador,Friendlies (M),27,2,178,1,0
Enner Valencia,https://fbref.com/en/players/fb485406/Enner-Valencia,2018,ec Ecuador,WCQ,28,12,981,5,2
Enner Valencia,https://fbref.com/en/players/fb485406/Enner-Valencia,2018,ec Ecuador,Friendlies (M),28,5,360,6,1
Enner Valencia,https://fbref.com/en/players/fb485406/Enner-Valencia,2019,ec Ecuador,Friendlies (M),29,5,279,3,0
Enner Valencia,https://fbref.com/en/players/fb485406/Enner-Valencia,2022,ec Ecuador,1. World Cup,32,3,255,3,0
Enner Valencia,https://fbref.com/en/players/fb485406/Enner-Valencia,2022,ec Ecuador,WCQ,32,12,758,4,1
Enner Valencia,https://fbref.com/en/players/fb485406/Enner-Valencia,2022,ec Ecuador,Friendlies (M),32,4,220,0,0
Enner Valencia,https://fbref.com/en/players/fb485406/Enner-Valencia,2023,ec Ecuador,Friendlies (M),33,2,115,2,0
Enner Valencia,https://fbref.com/en/players/fb485406/Enner-Valencia,2024,ec Ecuador,Friendlies (M),34,3,166,1,0
Enner Valencia,https://fbref.com/en/players/fb485406/Enner-Valencia,2025,ec Ecuador,Friendlies (M),35,3,229,1,0
Enner Valencia,https://fbref.com/en/players/fb485406/Enner-Valencia,2026,ec Ecuador,WCQ,36,15,1057,6,2
Eric Dier,https://fbref.com/en/players/ac861941/Eric-Dier,2015,eng England,Friendlies (M),21,2,118,0,0
Eric Dier,https://fbref.com/en/players/ac861941/Eric-Dier,2016,eng England,Friendlies (M),22,6,385,1,0
Eric Dier,https://fbref.com/en/players/ac861941/Eric-Dier,2016,eng England,UEFA Euro,22,4,315,1,0
Eric Dier,https://fbref.com/en/players/ac861941/Eric-Dier,2017,eng England,Friendlies (M),23,4,360,0,0
Eric Dier,https://fbref.com/en/players/ac861941/Eric-Dier,2018,eng England,1. World Cup,24,6,251,0,0
Eric Dier,https://fbref.com/en/players/ac861941/Eric-Dier,2018,eng England,WCQ,24,7,630,1,0
Eric Dier,https://fbref.com/en/players/ac861941/Eric-Dier,2018,eng England,Friendlies (M),24,5,305,0,0
Eric Dier,https://fbref.com/en/players/ac861941/Eric-Dier,2018-2019,eng England,UEFA Nations League,24,5,417,0,0
Eric Dier,https://fbref.com/en/players/ac861941/Eric-Dier,2020,eng England,Friendlies (M),26,0,,,
Eric Dier,https://fbref.com/en/players/ac861941/Eric-Dier,2020-2021,eng England,UEFA Nations League,26,5,450,0,0
Eric Dier,https://fbref.com/en/players/ac861941/Eric-Dier,2021,eng England,UEFA Euro Qualifying,27,1,17,0,0
Eric Dier,https://fbref.com/en/players/ac861941/Eric-Dier,2022,eng England,1. World Cup,28,2,36,0,0
Eric Dier,https://fbref.com/en/players/ac861941/Eric-Dier,2022,eng England,WCQ,28,0,,,
Eric Dier,https://fbref.com/en/players/ac861941/Eric-Dier,2022-2023,eng England,UEFA Nations League,28,2,180,0,0
Eric Dier,https://fbref.com/en/players/ac861941/Eric-Dier,2024,eng England,UEFA Euro Qualifying,30,0,,,
Eric Lichaj,https://fbref.com/en/players/7636a420/Eric-Lichaj,2016,us United States,Friendlies (M),27,1,28,0,0
Eric Lichaj,https://fbref.com/en/players/7636a420/Eric-Lichaj,2017,us United States,Friendlies (M),28,1,58,0,0
Eric Lichaj,https://fbref.com/en/players/7636a420/Eric-Lichaj,2017,us United States,Gold Cup,28,2,180,1,1
Eric Lichaj,https://fbref.com/en/players/7636a420/Eric-Lichaj,2018,us United States,WCQ,29,0,,,
Eric Lichaj,https://fbref.com/en/players/7636a420/Eric-Lichaj,2018,us United States,Friendlies (M),29,2,128,0,0
Erik Pieters,https://fbref.com/en/players/1ef37668/Erik-Pieters,2012,nl Netherlands,UEFA Euro Qualifying,23,9,783,0,
Erik Pieters,https://fbref.com/en/players/1ef37668/Erik-Pieters,2014,nl Netherlands,Friendlies (M),25,1,28,0,0
Erik Pieters,https://fbref.com/en/players/1ef37668/Erik-Pieters,2015,nl Netherlands,Friendlies (M),26,0,,,
Erik Pieters,https://fbref.com/en/players/1ef37668/Erik-Pieters,2016,nl Netherlands,UEFA Euro Qualifying,27,0,,,
Esteban Cambiasso,https://fbref.com/en/players/4d801075/Esteban-Cambiasso,2005,ar Argentina,FIFA Confederations Cup,24,4,290,1,
Esteban Cambiasso,https://fbref.com/en/players/4d801075/Esteban-Cambiasso,2006,ar Argentina,1. World Cup,25,5,378,1,
Eunan O'Kane,https://fbref.com/en/players/b7f8b1fc/Eunan-OKane,2016,ie Rep. of Ireland,Friendlies (M),25,4,120,0,0
Eunan O'Kane,https://fbref.com/en/players/b7f8b1fc/Eunan-OKane,2016,ie Rep. of Ireland,UEFA Euro Qualifying,25,0,,,
Eunan O'Kane,https://fbref.com/en/players/b7f8b1fc/Eunan-OKane,2017,ie Rep. of Ireland,Friendlies (M),26,2,55,0,0
Eunan O'Kane,https://fbref.com/en/players/b7f8b1fc/Eunan-OKane,2018,ie Rep. of Ireland,WCQ,27,1,5,0,0
Eunan O'Kane,https://fbref.com/en/players/b7f8b1fc/Eunan-OKane,2018,ie Rep. of Ireland,Friendlies (M),27,0,,,
Eyong Enoh,https://fbref.com/en/players/d3dcab48/Eyong-Enoh,2010,cm Cameroon,1. World Cup,24,2,135,0,
Eyong Enoh,https://fbref.com/en/players/d3dcab48/Eyong-Enoh,2010,cm Cameroon,Africa Cup of Nations,23,3,225,0,0
Eyong Enoh,https://fbref.com/en/players/d3dcab48/Eyong-Enoh,2014,cm Cameroon,1. World Cup,28,3,270,0,0
Eyong Enoh,https://fbref.com/en/players/d3dcab48/Eyong-Enoh,2014,cm Cameroon,WCQ,27,5,450,0,
Eyong Enoh,https://fbref.com/en/players/d3dcab48/Eyong-Enoh,2014,cm Cameroon,Friendlies (M),27,3,265,0,1
Eyong Enoh,https://fbref.com/en/players/d3dcab48/Eyong-Enoh,2015,cm Cameroon,Friendlies (M),28,4,331,0,0
Eyong Enoh,https://fbref.com/en/players/d3dcab48/Eyong-Enoh,2015,cm Cameroon,Africa Cup of Nations,28,1,15,0,0
Eyong Enoh,https://fbref.com/en/players/d3dcab48/Eyong-Enoh,2016,cm Cameroon,Friendlies (M),29,1,45,0,0
Eyong Enoh,https://fbref.com/en/players/d3dcab48/Eyong-Enoh,2017,cm Cameroon,Africa Cup of Nations qualification,30,3,270,0,0
Fabian Delph,https://fbref.com/en/players/111c3236/Fabian-Delph,2014,eng England,Friendlies (M),24,1,22,0,0
Fabian Delph,https://fbref.com/en/players/111c3236/Fabian-Delph,2015,eng England,Friendlies (M),25,2,131,0,0
Fabian Delph,https://fbref.com/en/players/111c3236/Fabian-Delph,2016,eng England,Friendlies (M),26,0,,,
Fabian Delph,https://fbref.com/en/players/111c3236/Fabian-Delph,2016,eng England,UEFA Euro Qualifying,26,6,359,0,0
Fabian Delph,https://fbref.com/en/players/111c3236/Fabian-Delph,2018,eng England,1. World Cup,28,4,222,0,0
Fabian Delph,https://fbref.com/en/players/111c3236/Fabian-Delph,2018,eng England,Friendlies (M),28,4,256,0,1
Fabian Delph,https://fbref.com/en/players/111c3236/Fabian-Delph,2018-2019,eng England,UEFA Nations League,28,3,253,0,0
Fabricio Coloccini,https://fbref.com/en/players/78b3399f/Fabricio-Coloccini,2005,ar Argentina,FIFA Confederations Cup,23,5,475,0,
Fabricio Coloccini,https://fbref.com/en/players/78b3399f/Fabricio-Coloccini,2006,ar Argentina,1. World Cup,24,2,187,0,
Fabricio Coloccini,https://fbref.com/en/players/78b3399f/Fabricio-Coloccini,2014,ar Argentina,WCQ,32,1,90,0,0
Federico Fazio,https://fbref.com/en/players/4e358a2d/Federico-Fazio,2014,ar Argentina,Friendlies (M),26,1,90,0,0
Federico Fazio,https://fbref.com/en/players/4e358a2d/Federico-Fazio,2017,ar Argentina,Friendlies (M),29,1,90,1,0
Federico Fazio,https://fbref.com/en/players/4e358a2d/Federico-Fazio,2018,ar Argentina,1. World Cup,31,1,45,0,0
Federico Fazio,https://fbref.com/en/players/4e358a2d/Federico-Fazio,2018,ar Argentina,WCQ,30,3,181,0,0
Federico Fazio,https://fbref.com/en/players/4e358a2d/Federico-Fazio,2018,ar Argentina,Friendlies (M),30,2,135,0,0
Federico Fernández,https://fbref.com/en/players/f25b010f/Federico-Fernandez,2014,ar Argentina,1. World Cup,25,4,390,0,0
Federico Fernández,https://fbref.com/en/players/f25b010f/Federico-Fernandez,2014,ar Argentina,WCQ,24,11,990,0,0
Federico Fernández,https://fbref.com/en/players/f25b010f/Federico-Fernandez,2014,ar Argentina,Friendlies (M),24,3,270,1,0
Fernandinho,https://fbref.com/en/players/101da2b5/Fernandinho,2014,br Brazil,1. World Cup,29,5,296,1,0
Fernandinho,https://fbref.com/en/players/101da2b5/Fernandinho,2014,br Brazil,Friendlies (M),28,6,331,1,1
Fernandinho,https://fbref.com/en/players/101da2b5/Fernandinho,2015,br Brazil,Friendlies (M),29,6,370,0,0
Fernandinho,https://fbref.com/en/players/101da2b5/Fernandinho,2017,br Brazil,Friendlies (M),31,3,131,0,0
Fernandinho,https://fbref.com/en/players/101da2b5/Fernandinho,2018,br Brazil,1. World Cup,33,5,158,0,0
Fernandinho,https://fbref.com/en/players/101da2b5/Fernandinho,2018,br Brazil,WCQ,32,11,601,0,0
Fernandinho,https://fbref.com/en/players/101da2b5/Fernandinho,2018,br Brazil,Friendlies (M),32,3,166,0,0
Fernandinho,https://fbref.com/en/players/101da2b5/Fernandinho,2019,br Brazil,Friendlies (M),33,2,70,0,0
Fernando Amorebieta,https://fbref.com/en/players/b2bbc0ec/Fernando-Amorebieta,2014,ve Venezuela,WCQ,28,5,450,1,0
Fernando Amorebieta,https://fbref.com/en/players/b2bbc0ec/Fernando-Amorebieta,2015,ve Venezuela,Friendlies (M),29,2,180,0,0
Fernando Amorebieta,https://fbref.com/en/players/b2bbc0ec/Fernando-Amorebieta,2018,ve Venezuela,WCQ,32,1,90,0,0
Fernando Torres,https://fbref.com/en/players/bdf7b97d/Fernando-Torres,2004,es Spain,UEFA Euro,19,3,114,0,
Fernando Torres,https://fbref.com/en/players/bdf7b97d/Fernando-Torres,2006,es Spain,1. World Cup,22,4,291,3,
Fernando Torres,https://fbref.com/en/players/bdf7b97d/Fernando-Torres,2006,es Spain,WCQ,21,11,695,7,
Fernando Torres,https://fbref.com/en/players/bdf7b97d/Fernando-Torres,2008,es Spain,UEFA Euro,23,5,373,2,
Fernando Torres,https://fbref.com/en/players/bdf7b97d/Fernando-Torres,2008,es Spain,UEFA Euro Qualifying,23,7,462,2,
Fernando Torres,https://fbref.com/en/players/bdf7b97d/Fernando-Torres,2009,es Spain,FIFA Confederations Cup,24,5,364,3,1
Fernando Torres,https://fbref.com/en/players/bdf7b97d/Fernando-Torres,2010,es Spain,1. World Cup,26,7,290,0,
Fernando Torres,https://fbref.com/en/players/bdf7b97d/Fernando-Torres,2010,es Spain,WCQ,25,7,452,0,
Fernando Torres,https://fbref.com/en/players/bdf7b97d/Fernando-Torres,2012,es Spain,UEFA Euro,27,5,190,3,1
Fernando Torres,https://fbref.com/en/players/bdf7b97d/Fernando-Torres,2012,es Spain,UEFA Euro Qualifying,27,3,161,2,
Fernando Torres,https://fbref.com/en/players/bdf7b97d/Fernando-Torres,2013,es Spain,FIFA Confederations Cup,28,4,272,5,1
Fernando Torres,https://fbref.com/en/players/bdf7b97d/Fernando-Torres,2014,es Spain,1. World Cup,30,3,145,1,0
Fernando Torres,https://fbref.com/en/players/bdf7b97d/Fernando-Torres,2014,es Spain,WCQ,29,1,17,0,0
Fernando Torres,https://fbref.com/en/players/bdf7b97d/Fernando-Torres,2014,es Spain,Friendlies (M),29,1,61,1,0
Fikayo Tomori,https://fbref.com/en/players/7edfbb8a/Fikayo-Tomori,2021,eng England,UEFA Euro Qualifying,23,1,7,0,0
Fikayo Tomori,https://fbref.com/en/players/7edfbb8a/Fikayo-Tomori,2022,eng England,WCQ,24,1,31,0,0
Fikayo Tomori,https://fbref.com/en/players/7edfbb8a/Fikayo-Tomori,2022-2023,eng England,UEFA Nations League,24,1,87,0,0
Fikayo Tomori,https://fbref.com/en/players/7edfbb8a/Fikayo-Tomori,2023,eng England,Friendlies (M),25,1,61,0,0
Fikayo Tomori,https://fbref.com/en/players/7edfbb8a/Fikayo-Tomori,2024,eng England,UEFA Euro Qualifying,26,1,45,0,0
Filip Đuričić,https://fbref.com/en/players/eccbe56a/Filip-Djuricic,2014,rs Serbia,WCQ,22,8,601,3,0
Filip Đuričić,https://fbref.com/en/players/eccbe56a/Filip-Djuricic,2014,rs Serbia,Friendlies (M),22,2,55,0,0
Filip Đuričić,https://fbref.com/en/players/eccbe56a/Filip-Djuricic,2015,rs Serbia,Friendlies (M),23,1,35,0,0
Filip Đuričić,https://fbref.com/en/players/eccbe56a/Filip-Djuricic,2016,rs Serbia,Friendlies (M),24,2,51,0,0
Filip Đuričić,https://fbref.com/en/players/eccbe56a/Filip-Djuricic,2016,rs Serbia,UEFA Euro Qualifying,24,3,81,0,0
Filip Đuričić,https://fbref.com/en/players/eccbe56a/Filip-Djuricic,2020-2021,rs Serbia,UEFA Nations League,28,3,104,0,0
Filip Đuričić,https://fbref.com/en/players/eccbe56a/Filip-Djuricic,2021,rs Serbia,Friendlies (M),29,1,90,0,1
Filip Đuričić,https://fbref.com/en/players/eccbe56a/Filip-Djuricic,2021,rs Serbia,UEFA Euro Qualifying,29,2,91,0,0
Filip Đuričić,https://fbref.com/en/players/eccbe56a/Filip-Djuricic,2022,rs Serbia,1. World Cup,30,2,14,0,0
Filip Đuričić,https://fbref.com/en/players/eccbe56a/Filip-Djuricic,2022,rs Serbia,WCQ,30,4,186,0,0
Filip Đuričić,https://fbref.com/en/players/eccbe56a/Filip-Djuricic,2022,rs Serbia,Friendlies (M),30,1,31,1,0
Filip Đuričić,https://fbref.com/en/players/eccbe56a/Filip-Djuricic,2022-2023,rs Serbia,UEFA Nations League,30,2,70,0,0
Filip Đuričić,https://fbref.com/en/players/eccbe56a/Filip-Djuricic,2023,rs Serbia,Friendlies (M),31,2,152,0,0
Filip Đuričić,https://fbref.com/en/players/eccbe56a/Filip-Djuricic,2024,rs Serbia,UEFA Euro Qualifying,32,3,130,0,0
Filipe Luís,https://fbref.com/en/players/e4ed2628/Filipe-Luis,2013,br Brazil,FIFA Confederations Cup,27,0,,,
Filipe Luís,https://fbref.com/en/players/e4ed2628/Filipe-Luis,2014,br Brazil,Friendlies (M),28,5,450,0,1
Filipe Luís,https://fbref.com/en/players/e4ed2628/Filipe-Luis,2015,br Brazil,Friendlies (M),29,4,285,1,2
Filipe Luís,https://fbref.com/en/players/e4ed2628/Filipe-Luis,2017,br Brazil,Friendlies (M),31,0,,,
Filipe Luís,https://fbref.com/en/players/e4ed2628/Filipe-Luis,2018,br Brazil,1. World Cup,32,2,171,0,0
Filipe Luís,https://fbref.com/en/players/e4ed2628/Filipe-Luis,2018,br Brazil,WCQ,32,9,810,2,1
Filipe Luís,https://fbref.com/en/players/e4ed2628/Filipe-Luis,2018,br Brazil,Friendlies (M),32,4,235,0,0
Filipe Luís,https://fbref.com/en/players/e4ed2628/Filipe-Luis,2019,br Brazil,Friendlies (M),33,2,165,0,1
Florent Malouda,https://fbref.com/en/players/6fe6d820/Florent-Malouda,2006,fr France,1. World Cup,26,6,501,0,
Florent Malouda,https://fbref.com/en/players/6fe6d820/Florent-Malouda,2006,fr France,WCQ,25,5,291,0,
Florent Malouda,https://fbref.com/en/players/6fe6d820/Florent-Malouda,2008,fr France,UEFA Euro,27,2,149,0,
Florent Malouda,https://fbref.com/en/players/6fe6d820/Florent-Malouda,2008,fr France,UEFA Euro Qualifying,27,10,872,1,
Florent Malouda,https://fbref.com/en/players/6fe6d820/Florent-Malouda,2010,fr France,1. World Cup,30,3,151,1,
Florent Malouda,https://fbref.com/en/players/6fe6d820/Florent-Malouda,2010,fr France,WCQ,29,6,253,0,
Florent Malouda,https://fbref.com/en/players/6fe6d820/Florent-Malouda,2012,fr France,UEFA Euro,31,3,180,0,0
Florent Malouda,https://fbref.com/en/players/6fe6d820/Florent-Malouda,2012,fr France,UEFA Euro Qualifying,31,9,732,3,
Florent Malouda,https://fbref.com/en/players/6fe6d820/Florent-Malouda,2017,French Guiana,Gold Cup,36,1,90,0,0
Florian Thauvin,https://fbref.com/en/players/2b9fdeea/Florian-Thauvin,2017,fr France,Friendlies (M),24,2,18,0,0
Florian Thauvin,https://fbref.com/en/players/2b9fdeea/Florian-Thauvin,2018,fr France,1. World Cup,25,1,2,0,0
Florian Thauvin,https://fbref.com/en/players/2b9fdeea/Florian-Thauvin,2018,fr France,WCQ,25,0,,,
Florian Thauvin,https://fbref.com/en/players/2b9fdeea/Florian-Thauvin,2018,fr France,Friendlies (M),25,4,129,0,0
Florian Thauvin,https://fbref.com/en/players/2b9fdeea/Florian-Thauvin,2018-2019,fr France,UEFA Nations League,25,0,,,
Florian Thauvin,https://fbref.com/en/players/2b9fdeea/Florian-Thauvin,2019,fr France,Friendlies (M),26,1,90,0,0
Florian Thauvin,https://fbref.com/en/players/2b9fdeea/Florian-Thauvin,2021,fr France,UEFA Euro Qualifying,28,2,98,1,1
Florian Thauvin,https://fbref.com/en/players/2b9fdeea/Florian-Thauvin,2026,fr France,WCQ,33,3,100,1,0
Florin Gardoș,https://fbref.com/en/players/70eb7e9d/Florin-Gardos,2012,ro Romania,UEFA Euro Qualifying,23,1,90,0,
Florin Gardoș,https://fbref.com/en/players/70eb7e9d/Florin-Gardos,2014,ro Romania,WCQ,25,3,270,0,0
Florin Gardoș,https://fbref.com/en/players/70eb7e9d/Florin-Gardos,2014,ro Romania,Friendlies (M),25,2,180,0,0
Florin Gardoș,https://fbref.com/en/players/70eb7e9d/Florin-Gardos,2016,ro Romania,UEFA Euro Qualifying,27,1,86,0,0
Florin Gardoș,https://fbref.com/en/players/70eb7e9d/Florin-Gardos,2017,ro Romania,Friendlies (M),28,0,,,
Florin Gardoș,https://fbref.com/en/players/70eb7e9d/Florin-Gardos,2018,ro Romania,WCQ,29,0,,,
Franco Di Santo,https://fbref.com/en/players/549c6ba7/Franco-Di-Santo,2014,ar Argentina,WCQ,24,1,6,0,0
Frank Lampard,https://fbref.com/en/players/268df6b1/Frank-Lampard,2004,eng England,UEFA Euro,25,4,383,3,
Frank Lampard,https://fbref.com/en/players/268df6b1/Frank-Lampard,2006,eng England,1. World Cup,27,5,480,0,
Frank Lampard,https://fbref.com/en/players/268df6b1/Frank-Lampard,2006,eng England,WCQ,27,10,889,5,
Frank Lampard,https://fbref.com/en/players/268df6b1/Frank-Lampard,2008,eng England,UEFA Euro Qualifying,29,9,656,1,
Frank Lampard,https://fbref.com/en/players/268df6b1/Frank-Lampard,2010,eng England,1. World Cup,31,4,360,0,
Frank Lampard,https://fbref.com/en/players/268df6b1/Frank-Lampard,2010,eng England,WCQ,31,10,889,4,
Frank Lampard,https://fbref.com/en/players/268df6b1/Frank-Lampard,2012,eng England,UEFA Euro Qualifying,33,5,244,2,
Frank Lampard,https://fbref.com/en/players/268df6b1/Frank-Lampard,2014,eng England,1. World Cup,35,1,90,0,0
Frank Lampard,https://fbref.com/en/players/268df6b1/Frank-Lampard,2014,eng England,WCQ,35,7,518,4,1
Frank Lampard,https://fbref.com/en/players/268df6b1/Frank-Lampard,2014,eng England,Friendlies (M),35,2,98,0,0
Fraser Forster,https://fbref.com/en/players/c3e39f12/Fraser-Forster,2014,eng England,1. World Cup,26,0,,,
Fraser Forster,https://fbref.com/en/players/c3e39f12/Fraser-Forster,2014,eng England,WCQ,25,0,,,
Fraser Forster,https://fbref.com/en/players/c3e39f12/Fraser-Forster,2014,eng England,Friendlies (M),25,2,106,0,0
Fraser Forster,https://fbref.com/en/players/c3e39f12/Fraser-Forster,2016,eng England,Friendlies (M),27,3,222,0,0
Fraser Forster,https://fbref.com/en/players/c3e39f12/Fraser-Forster,2016,eng England,UEFA Euro,27,0,,,
Fraser Forster,https://fbref.com/en/players/c3e39f12/Fraser-Forster,2016,eng England,UEFA Euro Qualifying,27,0,,,
Fraser Forster,https://fbref.com/en/players/c3e39f12/Fraser-Forster,2017,eng England,Friendlies (M),28,0,,,
Fraser Forster,https://fbref.com/en/players/c3e39f12/Fraser-Forster,2018,eng England,WCQ,29,0,,,
Fraser Forster,https://fbref.com/en/players/c3e39f12/Fraser-Forster,2022,eng England,Friendlies (M),33,0,,,
Fraser Forster,https://fbref.com/en/players/c3e39f12/Fraser-Forster,2024,eng England,UEFA Euro Qualifying,35,0,,,
Fredrik Ulvestad,https://fbref.com/en/players/8f160d73/Fredrik-Ulvestad,2020-2021,no Norway,UEFA Nations League,28,1,90,0,0
Fredrik Ulvestad,https://fbref.com/en/players/8f160d73/Fredrik-Ulvestad,2021,no Norway,UEFA Euro Qualifying,28,2,9,0,0
Gökhan Inler,https://fbref.com/en/players/3200c583/Gokhan-Inler,2008,ch Switzerland,UEFA Euro,23,3,270,0,
Gökhan Inler,https://fbref.com/en/players/3200c583/Gokhan-Inler,2010,ch Switzerland,1. World Cup,25,3,270,0,
Gökhan Inler,https://fbref.com/en/players/3200c583/Gokhan-Inler,2010,ch Switzerland,WCQ,25,7,630,0,
Gökhan Inler,https://fbref.com/en/players/3200c583/Gokhan-Inler,2012,ch Switzerland,UEFA Euro Qualifying,27,8,720,1,
Gökhan Inler,https://fbref.com/en/players/3200c583/Gokhan-Inler,2014,ch Switzerland,1. World Cup,29,4,390,0,1
Gökhan Inler,https://fbref.com/en/players/3200c583/Gokhan-Inler,2014,ch Switzerland,WCQ,29,9,810,2,2
Gökhan Inler,https://fbref.com/en/players/3200c583/Gokhan-Inler,2014,ch Switzerland,Friendlies (M),29,3,151,0,0
Gökhan Inler,https://fbref.com/en/players/3200c583/Gokhan-Inler,2015,ch Switzerland,Friendlies (M),30,4,222,0,0
Gökhan Inler,https://fbref.com/en/players/3200c583/Gokhan-Inler,2016,ch Switzerland,UEFA Euro Qualifying,31,8,677,1,0
Gaël Bigirimana,https://fbref.com/en/players/b48778f2/Gael-Bigirimana,2018,bi Burundi,WCQ,24,1,61,0,0
Gaël Bigirimana,https://fbref.com/en/players/b48778f2/Gael-Bigirimana,2019,bi Burundi,Friendlies (M),25,2,177,0,0
Gaël Bigirimana,https://fbref.com/en/players/b48778f2/Gael-Bigirimana,2019,bi Burundi,Africa Cup of Nations,25,3,270,0,0
Gaël Bigirimana,https://fbref.com/en/players/b48778f2/Gael-Bigirimana,2019,bi Burundi,Africa Cup of Nations qualification,25,5,450,0,0
Gaël Bigirimana,https://fbref.com/en/players/b48778f2/Gael-Bigirimana,2021,bi Burundi,Friendlies (M),27,1,90,0,0
Gaël Bigirimana,https://fbref.com/en/players/b48778f2/Gael-Bigirimana,2021,bi Burundi,Africa Cup of Nations qualification,27,3,270,0,1
Gaël Bigirimana,https://fbref.com/en/players/b48778f2/Gael-Bigirimana,2022,bi Burundi,WCQ,28,1,120,0,0
Gaël Bigirimana,https://fbref.com/en/players/b48778f2/Gael-Bigirimana,2022,bi Burundi,Friendlies (M),28,1,49,0,0
Gaël Bigirimana,https://fbref.com/en/players/b48778f2/Gael-Bigirimana,2023,bi Burundi,Africa Cup of Nations qualification,29,2,180,0,0
Gaël Bigirimana,https://fbref.com/en/players/b48778f2/Gael-Bigirimana,2026,bi Burundi,WCQ,32,2,130,0,0
Gaël Clichy,https://fbref.com/en/players/450ad405/Gael-Clichy,2010,fr France,1. World Cup,24,1,90,0,
Gaël Clichy,https://fbref.com/en/players/450ad405/Gael-Clichy,2010,fr France,WCQ,24,2,180,0,
Gaël Clichy,https://fbref.com/en/players/450ad405/Gael-Clichy,2012,fr France,UEFA Euro,26,3,270,0,0
Gaël Clichy,https://fbref.com/en/players/450ad405/Gael-Clichy,2012,fr France,UEFA Euro Qualifying,26,4,360,0,
Gaël Clichy,https://fbref.com/en/players/450ad405/Gael-Clichy,2014,fr France,WCQ,28,2,180,0,0
Gaël Givet,https://fbref.com/en/players/6d28f149/Gael-Givet,2006,fr France,1. World Cup,24,0,,,
Gaël Givet,https://fbref.com/en/players/6d28f149/Gael-Givet,2006,fr France,WCQ,24,7,541,0,
Gaël Givet,https://fbref.com/en/players/6d28f149/Gael-Givet,2008,fr France,UEFA Euro Qualifying,26,0,,,
Gaël Kakuta,https://fbref.com/en/players/5b1bf5e3/Gael-Kakuta,2017,cd Congo DR,Friendlies (M),25,1,90,1,0
Gaël Kakuta,https://fbref.com/en/players/5b1bf5e3/Gael-Kakuta,2018,cd Congo DR,WCQ,26,2,163,0,0
Gaël Kakuta,https://fbref.com/en/players/5b1bf5e3/Gael-Kakuta,2019,cd Congo DR,Friendlies (M),27,2,102,0,0
Gaël Kakuta,https://fbref.com/en/players/5b1bf5e3/Gael-Kakuta,2019,cd Congo DR,Africa Cup of Nations qualification,27,2,143,0,0
Gaël Kakuta,https://fbref.com/en/players/5b1bf5e3/Gael-Kakuta,2021,cd Congo DR,Friendlies (M),29,1,54,0,0
Gaël Kakuta,https://fbref.com/en/players/5b1bf5e3/Gael-Kakuta,2021,cd Congo DR,Africa Cup of Nations qualification,29,2,124,0,0
Gaël Kakuta,https://fbref.com/en/players/5b1bf5e3/Gael-Kakuta,2022,cd Congo DR,WCQ,30,3,151,1,0
Gaël Kakuta,https://fbref.com/en/players/5b1bf5e3/Gael-Kakuta,2023,cd Congo DR,Africa Cup of Nations,31,4,264,0,0
Gaël Kakuta,https://fbref.com/en/players/5b1bf5e3/Gael-Kakuta,2023,cd Congo DR,Africa Cup of Nations qualification,31,3,215,1,0
Gaël Kakuta,https://fbref.com/en/players/5b1bf5e3/Gael-Kakuta,2025,cd Congo DR,Africa Cup of Nations qualification,33,1,45,0,0
Gaël Kakuta,https://fbref.com/en/players/5b1bf5e3/Gael-Kakuta,2026,cd Congo DR,WCQ,34,4,245,0,0
Gabriel Agbonlahor,https://fbref.com/en/players/db80f5f1/Gabriel-Agbonlahor,2010,eng England,WCQ,23,1,65,0,
Gabriel Tamaș,https://fbref.com/en/players/5d2c2f2b/Gabriel-Tamas,2006,ro Romania,WCQ,22,5,450,0,
Gabriel Tamaș,https://fbref.com/en/players/5d2c2f2b/Gabriel-Tamas,2008,ro Romania,UEFA Euro,24,3,270,0,
Gabriel Tamaș,https://fbref.com/en/players/5d2c2f2b/Gabriel-Tamas,2008,ro Romania,UEFA Euro Qualifying,24,10,849,2,
Gabriel Tamaș,https://fbref.com/en/players/5d2c2f2b/Gabriel-Tamas,2010,ro Romania,WCQ,26,4,360,0,
Gabriel Tamaș,https://fbref.com/en/players/5d2c2f2b/Gabriel-Tamas,2012,ro Romania,UEFA Euro Qualifying,28,8,694,0,
Gabriel Tamaș,https://fbref.com/en/players/5d2c2f2b/Gabriel-Tamas,2014,ro Romania,WCQ,30,4,360,0,0
Gabriel Tamaș,https://fbref.com/en/players/5d2c2f2b/Gabriel-Tamas,2016,ro Romania,UEFA Euro Qualifying,32,2,91,0,0
Gabriel Tamaș,https://fbref.com/en/players/5d2c2f2b/Gabriel-Tamas,2018-2019,ro Romania,UEFA Nations League,34,2,133,0,0
Garath McCleary,https://fbref.com/en/players/3d383df8/Garath-McCleary,2014,jm Jamaica,WCQ,26,7,596,0,0
Garath McCleary,https://fbref.com/en/players/3d383df8/Garath-McCleary,2014,jm Jamaica,Friendlies (M),26,1,90,1,0
Garath McCleary,https://fbref.com/en/players/3d383df8/Garath-McCleary,2015,jm Jamaica,Friendlies (M),27,1,89,0,0
Garath McCleary,https://fbref.com/en/players/3d383df8/Garath-McCleary,2015,jm Jamaica,Gold Cup,27,6,508,2,1
Garath McCleary,https://fbref.com/en/players/3d383df8/Garath-McCleary,2016,jm Jamaica,Friendlies (M),28,1,90,0,1
Garath McCleary,https://fbref.com/en/players/3d383df8/Garath-McCleary,2018,jm Jamaica,WCQ,30,2,141,0,0
Gareth Bale,https://fbref.com/en/players/a58bb1e1/Gareth-Bale,2008,wls Wales,UEFA Euro Qualifying,18,8,703,2,
Gareth Bale,https://fbref.com/en/players/a58bb1e1/Gareth-Bale,2010,wls Wales,WCQ,20,8,713,0,
Gareth Bale,https://fbref.com/en/players/a58bb1e1/Gareth-Bale,2012,wls Wales,UEFA Euro Qualifying,22,7,629,2,
Gareth Bale,https://fbref.com/en/players/a58bb1e1/Gareth-Bale,2014,wls Wales,WCQ,24,7,528,4,0
Gareth Bale,https://fbref.com/en/players/a58bb1e1/Gareth-Bale,2014,wls Wales,Friendlies (M),24,1,71,1,1
Gareth Bale,https://fbref.com/en/players/a58bb1e1/Gareth-Bale,2016,wls Wales,Friendlies (M),26,1,27,0,0
Gareth Bale,https://fbref.com/en/players/a58bb1e1/Gareth-Bale,2016,wls Wales,UEFA Euro,26,6,532,3,0
Gareth Bale,https://fbref.com/en/players/a58bb1e1/Gareth-Bale,2016,wls Wales,UEFA Euro Qualifying,26,10,895,7,2
Gareth Bale,https://fbref.com/en/players/a58bb1e1/Gareth-Bale,2018,wls Wales,WCQ,28,7,630,4,1
Gareth Bale,https://fbref.com/en/players/a58bb1e1/Gareth-Bale,2018,wls Wales,Friendlies (M),28,1,32,0,0
Gareth Bale,https://fbref.com/en/players/a58bb1e1/Gareth-Bale,2018-2019,wls Wales,UEFA Nations League,29,3,254,2,0
Gareth Bale,https://fbref.com/en/players/a58bb1e1/Gareth-Bale,2019,wls Wales,Friendlies (M),29,1,41,0,0
Gareth Bale,https://fbref.com/en/players/a58bb1e1/Gareth-Bale,2020-2021,wls Wales,UEFA Nations League,31,4,285,0,2
Gareth Bale,https://fbref.com/en/players/a58bb1e1/Gareth-Bale,2021,wls Wales,Friendlies (M),31,4,96,0,0
Gareth Bale,https://fbref.com/en/players/a58bb1e1/Gareth-Bale,2021,wls Wales,UEFA Euro,31,4,355,0,2
Gareth Bale,https://fbref.com/en/players/a58bb1e1/Gareth-Bale,2021,wls Wales,UEFA Euro Qualifying,31,8,686,2,1
Gareth Bale,https://fbref.com/en/players/a58bb1e1/Gareth-Bale,2022,wls Wales,1. World Cup,32,3,225,1,0
Gareth Bale,https://fbref.com/en/players/a58bb1e1/Gareth-Bale,2022,wls Wales,WCQ,32,7,569,5,3
Gareth Bale,https://fbref.com/en/players/a58bb1e1/Gareth-Bale,2022,wls Wales,Friendlies (M),32,1,10,0,0
Gareth Bale,https://fbref.com/en/players/a58bb1e1/Gareth-Bale,2022-2023,wls Wales,UEFA Nations League,33,5,222,1,0
Gareth Barry,https://fbref.com/en/players/7dbbe367/Gareth-Barry,2000,eng England,UEFA Euro,18,0,,,
Gareth Barry,https://fbref.com/en/players/7dbbe367/Gareth-Barry,2008,eng England,UEFA Euro Qualifying,26,5,405,0,
Gareth Barry,https://fbref.com/en/players/7dbbe367/Gareth-Barry,2010,eng England,1. World Cup,29,3,263,0,
Gareth Barry,https://fbref.com/en/players/7dbbe367/Gareth-Barry,2010,eng England,WCQ,28,8,675,1,
Gareth Barry,https://fbref.com/en/players/7dbbe367/Gareth-Barry,2012,eng England,UEFA Euro Qualifying,30,6,529,0,
Gareth McAuley,https://fbref.com/en/players/ac7d7378/Gareth-McAuley,2006,nir Northern Ireland,WCQ,26,0,,,
Gareth McAuley,https://fbref.com/en/players/ac7d7378/Gareth-McAuley,2008,nir Northern Ireland,UEFA Euro Qualifying,28,3,270,0,
Gareth McAuley,https://fbref.com/en/players/ac7d7378/Gareth-McAuley,2010,nir Northern Ireland,WCQ,30,8,614,1,
Gareth McAuley,https://fbref.com/en/players/ac7d7378/Gareth-McAuley,2012,nir Northern Ireland,UEFA Euro Qualifying,32,10,855,1,
Gareth McAuley,https://fbref.com/en/players/ac7d7378/Gareth-McAuley,2014,nir Northern Ireland,WCQ,34,8,720,2,0
Gareth McAuley,https://fbref.com/en/players/ac7d7378/Gareth-McAuley,2014,nir Northern Ireland,Friendlies (M),34,1,75,0,0
Gareth McAuley,https://fbref.com/en/players/ac7d7378/Gareth-McAuley,2015,nir Northern Ireland,Friendlies (M),35,1,90,0,0
Gareth McAuley,https://fbref.com/en/players/ac7d7378/Gareth-McAuley,2016,nir Northern Ireland,Friendlies (M),36,4,270,0,0
Gareth McAuley,https://fbref.com/en/players/ac7d7378/Gareth-McAuley,2016,nir Northern Ireland,UEFA Euro,36,4,353,1,0
Gareth McAuley,https://fbref.com/en/players/ac7d7378/Gareth-McAuley,2016,nir Northern Ireland,UEFA Euro Qualifying,36,10,846,3,0
Gareth McAuley,https://fbref.com/en/players/ac7d7378/Gareth-McAuley,2018,nir Northern Ireland,WCQ,38,10,834,1,1
Gareth McAuley,https://fbref.com/en/players/ac7d7378/Gareth-McAuley,2018,nir Northern Ireland,Friendlies (M),38,3,251,0,0
Gareth McAuley,https://fbref.com/en/players/ac7d7378/Gareth-McAuley,2018-2019,nir Northern Ireland,UEFA Nations League,38,1,90,0,0
Gareth McAuley,https://fbref.com/en/players/ac7d7378/Gareth-McAuley,2021,nir Northern Ireland,UEFA Euro Qualifying,41,0,,,
Garry O'Connor,https://fbref.com/en/players/07fffbc5/Garry-OConnor,2006,sct Scotland,WCQ,22,2,49,0,
Garry O'Connor,https://fbref.com/en/players/07fffbc5/Garry-OConnor,2008,sct Scotland,UEFA Euro Qualifying,24,6,239,2,
Garry O'Connor,https://fbref.com/en/players/07fffbc5/Garry-OConnor,2010,sct Scotland,WCQ,26,1,10,0,
Gary Cahill,https://fbref.com/en/players/7914b9fe/Gary-Cahill,2012,eng England,UEFA Euro Qualifying,26,4,304,1,
Gary Cahill,https://fbref.com/en/players/7914b9fe/Gary-Cahill,2014,eng England,1. World Cup,28,3,270,0,0
Gary Cahill,https://fbref.com/en/players/7914b9fe/Gary-Cahill,2014,eng England,WCQ,28,5,450,0,0
Gary Cahill,https://fbref.com/en/players/7914b9fe/Gary-Cahill,2014,eng England,Friendlies (M),28,5,398,1,1
Gary Cahill,https://fbref.com/en/players/7914b9fe/Gary-Cahill,2015,eng England,Friendlies (M),29,3,170,0,0
Gary Cahill,https://fbref.com/en/players/7914b9fe/Gary-Cahill,2016,eng England,Friendlies (M),30,4,315,0,0
Gary Cahill,https://fbref.com/en/players/7914b9fe/Gary-Cahill,2016,eng England,UEFA Euro,30,4,360,0,0
Gary Cahill,https://fbref.com/en/players/7914b9fe/Gary-Cahill,2016,eng England,UEFA Euro Qualifying,30,8,720,0,0
Gary Cahill,https://fbref.com/en/players/7914b9fe/Gary-Cahill,2017,eng England,Friendlies (M),31,2,180,0,0
Gary Cahill,https://fbref.com/en/players/7914b9fe/Gary-Cahill,2018,eng England,1. World Cup,32,1,90,0,0
Gary Cahill,https://fbref.com/en/players/7914b9fe/Gary-Cahill,2018,eng England,WCQ,32,8,720,1,0
Gary Cahill,https://fbref.com/en/players/7914b9fe/Gary-Cahill,2018,eng England,Friendlies (M),32,2,116,1,0
Gary Caldwell,https://fbref.com/en/players/5dc37f4a/Gary-Caldwell,2006,sct Scotland,WCQ,23,6,495,0,
Gary Caldwell,https://fbref.com/en/players/5dc37f4a/Gary-Caldwell,2008,sct Scotland,UEFA Euro Qualifying,25,3,270,1,
Gary Caldwell,https://fbref.com/en/players/5dc37f4a/Gary-Caldwell,2010,sct Scotland,WCQ,27,6,483,0,
Gary Caldwell,https://fbref.com/en/players/5dc37f4a/Gary-Caldwell,2012,sct Scotland,UEFA Euro Qualifying,29,5,435,0,
Gary Caldwell,https://fbref.com/en/players/5dc37f4a/Gary-Caldwell,2014,sct Scotland,WCQ,31,6,540,0,0
Gary Medel,https://fbref.com/en/players/563a68ad/Gary-Medel,2010,cl Chile,1. World Cup,22,3,270,0,
Gary Medel,https://fbref.com/en/players/563a68ad/Gary-Medel,2014,cl Chile,1. World Cup,26,4,377,0,0
Gary Medel,https://fbref.com/en/players/563a68ad/Gary-Medel,2014,cl Chile,WCQ,26,6,540,2,0
Gary Medel,https://fbref.com/en/players/563a68ad/Gary-Medel,2014,cl Chile,Friendlies (M),26,5,450,0,0
Gary Medel,https://fbref.com/en/players/563a68ad/Gary-Medel,2015,cl Chile,Friendlies (M),27,4,299,0,0
Gary Medel,https://fbref.com/en/players/563a68ad/Gary-Medel,2016,cl Chile,Friendlies (M),28,2,158,0,0
Gary Medel,https://fbref.com/en/players/563a68ad/Gary-Medel,2017,cl Chile,Friendlies (M),29,2,94,0,0
Gary Medel,https://fbref.com/en/players/563a68ad/Gary-Medel,2017,cl Chile,FIFA Confederations Cup,29,4,370,0,0
Gary Medel,https://fbref.com/en/players/563a68ad/Gary-Medel,2018,cl Chile,WCQ,30,14,1259,0,0
Gary Medel,https://fbref.com/en/players/563a68ad/Gary-Medel,2018,cl Chile,Friendlies (M),30,7,602,0,0
Gary Medel,https://fbref.com/en/players/563a68ad/Gary-Medel,2019,cl Chile,Friendlies (M),31,4,290,0,0
Gary Medel,https://fbref.com/en/players/563a68ad/Gary-Medel,2021,cl Chile,Friendlies (M),33,1,90,0,0
Gary Medel,https://fbref.com/en/players/563a68ad/Gary-Medel,2022,cl Chile,WCQ,34,13,1142,0,1
Gary Medel,https://fbref.com/en/players/563a68ad/Gary-Medel,2022,cl Chile,Friendlies (M),34,5,442,0,0
Gary Medel,https://fbref.com/en/players/563a68ad/Gary-Medel,2023,cl Chile,Friendlies (M),35,4,293,0,0
Gary Medel,https://fbref.com/en/players/563a68ad/Gary-Medel,2026,cl Chile,WCQ,38,5,450,0,0
Gary Neville,https://fbref.com/en/players/1b013e33/Gary-Neville,1998,eng England,1. World Cup,23,3,300,0,0
Gary Neville,https://fbref.com/en/players/1b013e33/Gary-Neville,2000,eng England,UEFA Euro,24,3,270,0,
Gary Neville,https://fbref.com/en/players/1b013e33/Gary-Neville,2004,eng England,UEFA Euro,28,4,390,0,
Gary Neville,https://fbref.com/en/players/1b013e33/Gary-Neville,2006,eng England,1. World Cup,31,2,210,0,
Gary Neville,https://fbref.com/en/players/1b013e33/Gary-Neville,2006,eng England,WCQ,30,6,479,0,
Gary Neville,https://fbref.com/en/players/1b013e33/Gary-Neville,2008,eng England,UEFA Euro Qualifying,32,2,180,0,
Gary Neville,https://fbref.com/en/players/1b013e33/Gary-Neville,2010,eng England,WCQ,34,0,,,
Gastón Ramírez,https://fbref.com/en/players/2c851997/Gaston-Ramirez,2013,uy Uruguay,FIFA Confederations Cup,22,2,113,0,0
Gastón Ramírez,https://fbref.com/en/players/2c851997/Gaston-Ramirez,2014,uy Uruguay,1. World Cup,23,2,51,0,1
Gastón Ramírez,https://fbref.com/en/players/2c851997/Gaston-Ramirez,2014,uy Uruguay,WCQ,23,4,135,0,1
Gastón Ramírez,https://fbref.com/en/players/2c851997/Gaston-Ramirez,2014,uy Uruguay,Friendlies (M),23,3,114,0,0
Gastón Ramírez,https://fbref.com/en/players/2c851997/Gaston-Ramirez,2016,uy Uruguay,Friendlies (M),25,1,45,0,0
Gastón Ramírez,https://fbref.com/en/players/2c851997/Gaston-Ramirez,2018,uy Uruguay,WCQ,27,4,163,0,1
Geoff Cameron,https://fbref.com/en/players/1a160ea3/Geoff-Cameron,2014,us United States,1. World Cup,28,3,300,0,0
Geoff Cameron,https://fbref.com/en/players/1a160ea3/Geoff-Cameron,2014,us United States,WCQ,28,13,994,0,1
Geoff Cameron,https://fbref.com/en/players/1a160ea3/Geoff-Cameron,2014,us United States,Friendlies (M),28,5,360,0,0
Geoff Cameron,https://fbref.com/en/players/1a160ea3/Geoff-Cameron,2015,us United States,Friendlies (M),29,3,162,0,0
Geoff Cameron,https://fbref.com/en/players/1a160ea3/Geoff-Cameron,2016,us United States,Friendlies (M),30,2,180,0,0
Geoff Cameron,https://fbref.com/en/players/1a160ea3/Geoff-Cameron,2017,us United States,Friendlies (M),31,1,45,0,0
Geoff Cameron,https://fbref.com/en/players/1a160ea3/Geoff-Cameron,2018,us United States,WCQ,32,11,869,2,0
George Boyd,https://fbref.com/en/players/0a9048ce/George-Boyd,2014,sct Scotland,WCQ,28,1,90,0,0
George McCartney,https://fbref.com/en/players/f6c4946d/George-McCartney,2006,nir Northern Ireland,WCQ,24,2,91,0,
George McCartney,https://fbref.com/en/players/f6c4946d/George-McCartney,2008,nir Northern Ireland,UEFA Euro Qualifying,26,4,356,0,
George McCartney,https://fbref.com/en/players/f6c4946d/George-McCartney,2010,nir Northern Ireland,WCQ,28,6,495,0,
Georginio Wijnaldum,https://fbref.com/en/players/eb58eef0/Georginio-Wijnaldum,2012,nl Netherlands,UEFA Euro Qualifying,21,1,5,1,
Georginio Wijnaldum,https://fbref.com/en/players/eb58eef0/Georginio-Wijnaldum,2014,nl Netherlands,1. World Cup,23,7,552,1,0
Georginio Wijnaldum,https://fbref.com/en/players/eb58eef0/Georginio-Wijnaldum,2014,nl Netherlands,Friendlies (M),23,3,199,0,0
Georginio Wijnaldum,https://fbref.com/en/players/eb58eef0/Georginio-Wijnaldum,2015,nl Netherlands,Friendlies (M),24,3,120,0,0
Georginio Wijnaldum,https://fbref.com/en/players/eb58eef0/Georginio-Wijnaldum,2016,nl Netherlands,Friendlies (M),25,7,525,3,0
Georginio Wijnaldum,https://fbref.com/en/players/eb58eef0/Georginio-Wijnaldum,2016,nl Netherlands,UEFA Euro Qualifying,25,8,479,2,1
Georginio Wijnaldum,https://fbref.com/en/players/eb58eef0/Georginio-Wijnaldum,2017,nl Netherlands,Friendlies (M),26,3,193,0,0
Georginio Wijnaldum,https://fbref.com/en/players/eb58eef0/Georginio-Wijnaldum,2018,nl Netherlands,WCQ,27,10,781,1,0
Georginio Wijnaldum,https://fbref.com/en/players/eb58eef0/Georginio-Wijnaldum,2018,nl Netherlands,Friendlies (M),27,4,292,0,0
Georginio Wijnaldum,https://fbref.com/en/players/eb58eef0/Georginio-Wijnaldum,2018-2019,nl Netherlands,UEFA Nations League,27,6,537,2,0
Georginio Wijnaldum,https://fbref.com/en/players/eb58eef0/Georginio-Wijnaldum,2020,nl Netherlands,Friendlies (M),29,2,107,0,0
Georginio Wijnaldum,https://fbref.com/en/players/eb58eef0/Georginio-Wijnaldum,2020-2021,nl Netherlands,UEFA Nations League,29,6,513,3,0
Georginio Wijnaldum,https://fbref.com/en/players/eb58eef0/Georginio-Wijnaldum,2021,nl Netherlands,Friendlies (M),30,2,95,0,1
Georginio Wijnaldum,https://fbref.com/en/players/eb58eef0/Georginio-Wijnaldum,2021,nl Netherlands,UEFA Euro,30,4,360,3,0
Georginio Wijnaldum,https://fbref.com/en/players/eb58eef0/Georginio-Wijnaldum,2021,nl Netherlands,UEFA Euro Qualifying,30,7,630,8,2
Georginio Wijnaldum,https://fbref.com/en/players/eb58eef0/Georginio-Wijnaldum,2022,nl Netherlands,WCQ,31,9,725,2,2
Georginio Wijnaldum,https://fbref.com/en/players/eb58eef0/Georginio-Wijnaldum,2022,nl Netherlands,Friendlies (M),31,1,45,0,0
Georginio Wijnaldum,https://fbref.com/en/players/eb58eef0/Georginio-Wijnaldum,2022-2023,nl Netherlands,UEFA Nations League,31,2,91,1,0
Georginio Wijnaldum,https://fbref.com/en/players/eb58eef0/Georginio-Wijnaldum,2024,nl Netherlands,Friendlies (M),33,3,196,1,0
Georginio Wijnaldum,https://fbref.com/en/players/eb58eef0/Georginio-Wijnaldum,2024,nl Netherlands,UEFA Euro,33,3,73,0,0
Georginio Wijnaldum,https://fbref.com/en/players/eb58eef0/Georginio-Wijnaldum,2024,nl Netherlands,UEFA Euro Qualifying,33,2,135,0,0
Georgios Samaras,https://fbref.com/en/players/1b77cb6a/Georgios-Samaras,2008,gr Greece,UEFA Euro,22,1,45,0,
Georgios Samaras,https://fbref.com/en/players/1b77cb6a/Georgios-Samaras,2008,gr Greece,UEFA Euro Qualifying,22,8,383,1,
Georgios Samaras,https://fbref.com/en/players/1b77cb6a/Georgios-Samaras,2010,gr Greece,1. World Cup,25,3,202,0,
Georgios Samaras,https://fbref.com/en/players/1b77cb6a/Georgios-Samaras,2010,gr Greece,WCQ,24,10,652,2,
Georgios Samaras,https://fbref.com/en/players/1b77cb6a/Georgios-Samaras,2012,gr Greece,UEFA Euro,26,4,360,1,0
Georgios Samaras,https://fbref.com/en/players/1b77cb6a/Georgios-Samaras,2012,gr Greece,UEFA Euro Qualifying,26,8,678,1,
Georgios Samaras,https://fbref.com/en/players/1b77cb6a/Georgios-Samaras,2014,gr Greece,1. World Cup,29,4,390,1,1
Georgios Samaras,https://fbref.com/en/players/1b77cb6a/Georgios-Samaras,2014,gr Greece,WCQ,28,10,806,0,2
Georgios Samaras,https://fbref.com/en/players/1b77cb6a/Georgios-Samaras,2014,gr Greece,Friendlies (M),28,2,107,0,0
Georgios Samaras,https://fbref.com/en/players/1b77cb6a/Georgios-Samaras,2016,gr Greece,UEFA Euro Qualifying,30,3,121,0,0
Gerard Deulofeu,https://fbref.com/en/players/39583cfd/Gerard-Deulofeu,2014,es Spain,Friendlies (M),19,1,11,0,0
Gerard Deulofeu,https://fbref.com/en/players/39583cfd/Gerard-Deulofeu,2017,es Spain,Friendlies (M),22,2,59,1,0
Gerard Deulofeu,https://fbref.com/en/players/39583cfd/Gerard-Deulofeu,2018,es Spain,WCQ,23,1,35,0,0
Gervinho,https://fbref.com/en/players/e468c053/Gervinho,2010,ci Côte d'Ivoire,1. World Cup,23,3,181,0,
Gervinho,https://fbref.com/en/players/e468c053/Gervinho,2010,ci Côte d'Ivoire,Africa Cup of Nations,22,3,251,1,0
Gervinho,https://fbref.com/en/players/e468c053/Gervinho,2012,ci Côte d'Ivoire,Africa Cup of Nations,24,5,478,1,0
Gervinho,https://fbref.com/en/players/e468c053/Gervinho,2013,ci Côte d'Ivoire,Africa Cup of Nations,25,3,270,2,1
Gervinho,https://fbref.com/en/players/e468c053/Gervinho,2014,ci Côte d'Ivoire,1. World Cup,27,3,262,2,1
Gervinho,https://fbref.com/en/players/e468c053/Gervinho,2014,ci Côte d'Ivoire,WCQ,26,7,552,0,
Gervinho,https://fbref.com/en/players/e468c053/Gervinho,2014,ci Côte d'Ivoire,Friendlies (M),26,1,63,0,0
Gervinho,https://fbref.com/en/players/e468c053/Gervinho,2015,ci Côte d'Ivoire,Friendlies (M),27,5,381,0,0
Gervinho,https://fbref.com/en/players/e468c053/Gervinho,2015,ci Côte d'Ivoire,Africa Cup of Nations,27,4,354,2,0
Gervinho,https://fbref.com/en/players/e468c053/Gervinho,2016,ci Côte d'Ivoire,Friendlies (M),28,1,90,0,0
Gervinho,https://fbref.com/en/players/e468c053/Gervinho,2017,ci Côte d'Ivoire,Friendlies (M),29,1,25,0,0
Gervinho,https://fbref.com/en/players/e468c053/Gervinho,2017,ci Côte d'Ivoire,Africa Cup of Nations qualification,29,4,360,1,0
Gervinho,https://fbref.com/en/players/e468c053/Gervinho,2018,ci Côte d'Ivoire,WCQ,30,6,498,1,2
Gervinho,https://fbref.com/en/players/e468c053/Gervinho,2020,ci Côte d'Ivoire,Friendlies (M),32,1,79,0,0
Gervinho,https://fbref.com/en/players/e468c053/Gervinho,2021,ci Côte d'Ivoire,Africa Cup of Nations qualification,33,1,67,1,0
Gervinho,https://fbref.com/en/players/e468c053/Gervinho,2022,ci Côte d'Ivoire,WCQ,34,2,93,0,1
Giannelli Imbula,https://fbref.com/en/players/b86fe156/Giannelli-Imbula,2021,cd Congo DR,Friendlies (M),28,0,,,
Giannelli Imbula,https://fbref.com/en/players/b86fe156/Giannelli-Imbula,2021,cd Congo DR,Africa Cup of Nations qualification,28,2,148,0,0
Giedrius Arlauskis,https://fbref.com/en/players/1858bbf7/Giedrius-Arlauskis,2010,lt Lithuania,WCQ,22,0,,,
Giedrius Arlauskis,https://fbref.com/en/players/1858bbf7/Giedrius-Arlauskis,2012,lt Lithuania,UEFA Euro Qualifying,24,0,,,
Giedrius Arlauskis,https://fbref.com/en/players/1858bbf7/Giedrius-Arlauskis,2014,lt Lithuania,WCQ,26,3,225,0,0
Giedrius Arlauskis,https://fbref.com/en/players/1858bbf7/Giedrius-Arlauskis,2014,lt Lithuania,Friendlies (M),26,1,90,0,0
Giedrius Arlauskis,https://fbref.com/en/players/1858bbf7/Giedrius-Arlauskis,2016,lt Lithuania,UEFA Euro Qualifying,28,8,679,0,0
Giles Barnes,https://fbref.com/en/players/e663724a/Giles-Barnes,2015,jm Jamaica,Friendlies (M),26,3,263,1,0
Giles Barnes,https://fbref.com/en/players/e663724a/Giles-Barnes,2015,jm Jamaica,Gold Cup,26,6,482,2,0
Giles Barnes,https://fbref.com/en/players/e663724a/Giles-Barnes,2016,jm Jamaica,Friendlies (M),27,1,86,0,1
Giles Barnes,https://fbref.com/en/players/e663724a/Giles-Barnes,2018,jm Jamaica,WCQ,29,3,270,0,0
Giorgos Karagounis,https://fbref.com/en/players/ed2192d0/Giorgos-Karagounis,2004,gr Greece,UEFA Euro,26,4,306,1,
Giorgos Karagounis,https://fbref.com/en/players/ed2192d0/Giorgos-Karagounis,2005,gr Greece,FIFA Confederations Cup,27,2,180,0,
Giorgos Karagounis,https://fbref.com/en/players/ed2192d0/Giorgos-Karagounis,2006,gr Greece,WCQ,28,11,904,1,
Giorgos Karagounis,https://fbref.com/en/players/ed2192d0/Giorgos-Karagounis,2008,gr Greece,UEFA Euro,30,3,214,0,
Giorgos Karagounis,https://fbref.com/en/players/ed2192d0/Giorgos-Karagounis,2008,gr Greece,UEFA Euro Qualifying,30,12,1005,0,
Giorgos Karagounis,https://fbref.com/en/players/ed2192d0/Giorgos-Karagounis,2010,gr Greece,1. World Cup,33,3,180,0,
Giorgos Karagounis,https://fbref.com/en/players/ed2192d0/Giorgos-Karagounis,2010,gr Greece,WCQ,32,10,769,0,
Giorgos Karagounis,https://fbref.com/en/players/ed2192d0/Giorgos-Karagounis,2012,gr Greece,UEFA Euro,34,3,246,1,0
Giorgos Karagounis,https://fbref.com/en/players/ed2192d0/Giorgos-Karagounis,2012,gr Greece,UEFA Euro Qualifying,34,10,853,1,
Giorgos Karagounis,https://fbref.com/en/players/ed2192d0/Giorgos-Karagounis,2014,gr Greece,1. World Cup,37,4,260,0,0
Giorgos Karagounis,https://fbref.com/en/players/ed2192d0/Giorgos-Karagounis,2014,gr Greece,WCQ,36,10,464,1,0
Giorgos Karagounis,https://fbref.com/en/players/ed2192d0/Giorgos-Karagounis,2014,gr Greece,Friendlies (M),36,2,90,0,0
Giovani dos Santos,https://fbref.com/en/players/7dba6233/Giovani-dos-Santos,2010,mx Mexico,1. World Cup,21,4,360,0,
Giovani dos Santos,https://fbref.com/en/players/7dba6233/Giovani-dos-Santos,2010,mx Mexico,WCQ,20,10,696,1,
Giovani dos Santos,https://fbref.com/en/players/7dba6233/Giovani-dos-Santos,2013,mx Mexico,FIFA Confederations Cup,23,3,257,0,0
Giovani dos Santos,https://fbref.com/en/players/7dba6233/Giovani-dos-Santos,2014,mx Mexico,1. World Cup,25,4,294,1,0
Giovani dos Santos,https://fbref.com/en/players/7dba6233/Giovani-dos-Santos,2014,mx Mexico,WCQ,24,12,718,1,1
Giovani dos Santos,https://fbref.com/en/players/7dba6233/Giovani-dos-Santos,2014,mx Mexico,Friendlies (M),24,3,170,0,1
Giovani dos Santos,https://fbref.com/en/players/7dba6233/Giovani-dos-Santos,2015,mx Mexico,Friendlies (M),25,4,200,1,0
Giovani dos Santos,https://fbref.com/en/players/7dba6233/Giovani-dos-Santos,2015,mx Mexico,Gold Cup,25,3,88,1,1
Giovani dos Santos,https://fbref.com/en/players/7dba6233/Giovani-dos-Santos,2016,mx Mexico,Friendlies (M),26,2,180,1,1
Giovani dos Santos,https://fbref.com/en/players/7dba6233/Giovani-dos-Santos,2017,mx Mexico,Friendlies (M),27,2,77,0,1
Giovani dos Santos,https://fbref.com/en/players/7dba6233/Giovani-dos-Santos,2017,mx Mexico,FIFA Confederations Cup,27,3,186,0,0
Giovani dos Santos,https://fbref.com/en/players/7dba6233/Giovani-dos-Santos,2018,mx Mexico,1. World Cup,29,1,14,0,0
Giovani dos Santos,https://fbref.com/en/players/7dba6233/Giovani-dos-Santos,2018,mx Mexico,WCQ,28,5,335,0,0
Giovani dos Santos,https://fbref.com/en/players/7dba6233/Giovani-dos-Santos,2018,mx Mexico,Friendlies (M),28,4,179,1,0
Glen Johnson,https://fbref.com/en/players/8cceca90/Glen-Johnson,2010,eng England,1. World Cup,25,4,356,0,
Glen Johnson,https://fbref.com/en/players/8cceca90/Glen-Johnson,2010,eng England,WCQ,25,7,614,0,
Glen Johnson,https://fbref.com/en/players/8cceca90/Glen-Johnson,2012,eng England,UEFA Euro,27,4,390,0,0
Glen Johnson,https://fbref.com/en/players/8cceca90/Glen-Johnson,2012,eng England,UEFA Euro Qualifying,27,5,450,0,
Glen Johnson,https://fbref.com/en/players/8cceca90/Glen-Johnson,2014,eng England,1. World Cup,29,2,180,0,1
Glen Johnson,https://fbref.com/en/players/8cceca90/Glen-Johnson,2014,eng England,WCQ,29,4,360,0,1
Glen Johnson,https://fbref.com/en/players/8cceca90/Glen-Johnson,2014,eng England,Friendlies (M),29,3,270,0,1
Glenn Whelan,https://fbref.com/en/players/d5bd56a5/Glenn-Whelan,2010,ie Rep. of Ireland,WCQ,26,11,941,2,
Glenn Whelan,https://fbref.com/en/players/d5bd56a5/Glenn-Whelan,2012,ie Rep. of Ireland,UEFA Euro,28,3,259,0,0
Glenn Whelan,https://fbref.com/en/players/d5bd56a5/Glenn-Whelan,2012,ie Rep. of Ireland,UEFA Euro Qualifying,28,12,971,0,
Glenn Whelan,https://fbref.com/en/players/d5bd56a5/Glenn-Whelan,2014,ie Rep. of Ireland,WCQ,30,6,464,0,1
Glenn Whelan,https://fbref.com/en/players/d5bd56a5/Glenn-Whelan,2014,ie Rep. of Ireland,Friendlies (M),30,4,271,0,0
Glenn Whelan,https://fbref.com/en/players/d5bd56a5/Glenn-Whelan,2015,ie Rep. of Ireland,Friendlies (M),31,1,62,0,0
Glenn Whelan,https://fbref.com/en/players/d5bd56a5/Glenn-Whelan,2016,ie Rep. of Ireland,Friendlies (M),32,3,202,0,0
Glenn Whelan,https://fbref.com/en/players/d5bd56a5/Glenn-Whelan,2016,ie Rep. of Ireland,UEFA Euro,32,2,180,0,0
Glenn Whelan,https://fbref.com/en/players/d5bd56a5/Glenn-Whelan,2016,ie Rep. of Ireland,UEFA Euro Qualifying,32,9,707,0,0
Glenn Whelan,https://fbref.com/en/players/d5bd56a5/Glenn-Whelan,2017,ie Rep. of Ireland,Friendlies (M),33,1,45,0,0
Glenn Whelan,https://fbref.com/en/players/d5bd56a5/Glenn-Whelan,2018,ie Rep. of Ireland,WCQ,34,9,476,0,0
Glenn Whelan,https://fbref.com/en/players/d5bd56a5/Glenn-Whelan,2018,ie Rep. of Ireland,Friendlies (M),34,1,35,0,0
Glenn Whelan,https://fbref.com/en/players/d5bd56a5/Glenn-Whelan,2019,ie Rep. of Ireland,Friendlies (M),35,0,,,
Glenn Whelan,https://fbref.com/en/players/d5bd56a5/Glenn-Whelan,2021,ie Rep. of Ireland,UEFA Euro Qualifying,37,6,531,0,0
Gonzalo Jara,https://fbref.com/en/players/9b1b4782/Gonzalo-Jara,2010,cl Chile,1. World Cup,24,4,309,0,
Gonzalo Jara,https://fbref.com/en/players/9b1b4782/Gonzalo-Jara,2014,cl Chile,1. World Cup,28,4,390,0,0
Gonzalo Jara,https://fbref.com/en/players/9b1b4782/Gonzalo-Jara,2014,cl Chile,WCQ,28,3,270,0,0
Gonzalo Jara,https://fbref.com/en/players/9b1b4782/Gonzalo-Jara,2014,cl Chile,Friendlies (M),28,3,270,0,0
Gonzalo Jara,https://fbref.com/en/players/9b1b4782/Gonzalo-Jara,2015,cl Chile,Friendlies (M),29,4,360,0,0
Gonzalo Jara,https://fbref.com/en/players/9b1b4782/Gonzalo-Jara,2016,cl Chile,Friendlies (M),30,2,112,0,0
Gonzalo Jara,https://fbref.com/en/players/9b1b4782/Gonzalo-Jara,2017,cl Chile,Friendlies (M),31,1,90,0,0
Gonzalo Jara,https://fbref.com/en/players/9b1b4782/Gonzalo-Jara,2017,cl Chile,FIFA Confederations Cup,31,5,480,0,0
Gonzalo Jara,https://fbref.com/en/players/9b1b4782/Gonzalo-Jara,2018,cl Chile,WCQ,32,15,1338,0,0
Gonzalo Jara,https://fbref.com/en/players/9b1b4782/Gonzalo-Jara,2019,cl Chile,Friendlies (M),33,2,109,0,0
Goran Popov,https://fbref.com/en/players/4b7fd1e2/Goran-Popov,2006,mk N. Macedonia,WCQ,21,7,480,0,
Goran Popov,https://fbref.com/en/players/4b7fd1e2/Goran-Popov,2008,mk N. Macedonia,UEFA Euro Qualifying,23,4,360,0,
Goran Popov,https://fbref.com/en/players/4b7fd1e2/Goran-Popov,2010,mk N. Macedonia,WCQ,25,5,450,0,
Goran Popov,https://fbref.com/en/players/4b7fd1e2/Goran-Popov,2012,mk N. Macedonia,UEFA Euro Qualifying,27,7,630,0,
Goran Popov,https://fbref.com/en/players/4b7fd1e2/Goran-Popov,2014,mk N. Macedonia,WCQ,29,3,261,0,0
Goran Popov,https://fbref.com/en/players/4b7fd1e2/Goran-Popov,2014,mk N. Macedonia,Friendlies (M),29,2,115,0,0
Grétar Steinsson,https://fbref.com/en/players/a79e86c4/Gretar-Steinsson,2006,is Iceland,WCQ,24,6,449,1,
Grétar Steinsson,https://fbref.com/en/players/a79e86c4/Gretar-Steinsson,2008,is Iceland,UEFA Euro Qualifying,26,11,923,0,
Grétar Steinsson,https://fbref.com/en/players/a79e86c4/Gretar-Steinsson,2010,is Iceland,WCQ,28,7,630,0,
Grétar Steinsson,https://fbref.com/en/players/a79e86c4/Gretar-Steinsson,2012,is Iceland,UEFA Euro Qualifying,30,2,165,0,
Grétar Steinsson,https://fbref.com/en/players/a79e86c4/Gretar-Steinsson,2014,is Iceland,WCQ,32,3,270,0,0
Graham Dorrans,https://fbref.com/en/players/eeb032db/Graham-Dorrans,2012,sct Scotland,UEFA Euro Qualifying,24,3,181,0,
Graham Dorrans,https://fbref.com/en/players/eeb032db/Graham-Dorrans,2014,sct Scotland,WCQ,26,2,76,0,0
Graham Dorrans,https://fbref.com/en/players/eeb032db/Graham-Dorrans,2014,sct Scotland,Friendlies (M),26,0,,,
Graham Dorrans,https://fbref.com/en/players/eeb032db/Graham-Dorrans,2016,sct Scotland,UEFA Euro Qualifying,28,2,97,0,0
Grant Hanley,https://fbref.com/en/players/e9254eec/Grant-Hanley,2012,sct Scotland,UEFA Euro Qualifying,20,0,,,
Grant Hanley,https://fbref.com/en/players/e9254eec/Grant-Hanley,2014,sct Scotland,WCQ,22,6,540,1,0
Grant Hanley,https://fbref.com/en/players/e9254eec/Grant-Hanley,2014,sct Scotland,Friendlies (M),22,1,66,0,0
Grant Hanley,https://fbref.com/en/players/e9254eec/Grant-Hanley,2016,sct Scotland,Friendlies (M),24,3,270,0,0
Grant Hanley,https://fbref.com/en/players/e9254eec/Grant-Hanley,2016,sct Scotland,UEFA Euro Qualifying,24,6,482,0,0
Grant Hanley,https://fbref.com/en/players/e9254eec/Grant-Hanley,2018,sct Scotland,WCQ,26,5,395,0,2
Grant Hanley,https://fbref.com/en/players/e9254eec/Grant-Hanley,2018,sct Scotland,Friendlies (M),26,1,90,0,0
Grant Hanley,https://fbref.com/en/players/e9254eec/Grant-Hanley,2021,sct Scotland,Friendlies (M),29,1,90,0,0
Grant Hanley,https://fbref.com/en/players/e9254eec/Grant-Hanley,2021,sct Scotland,UEFA Euro,29,3,212,0,0
Grant Hanley,https://fbref.com/en/players/e9254eec/Grant-Hanley,2022,sct Scotland,WCQ,30,8,720,1,0
Grant Hanley,https://fbref.com/en/players/e9254eec/Grant-Hanley,2022,sct Scotland,Friendlies (M),30,3,225,0,0
Grant Hanley,https://fbref.com/en/players/e9254eec/Grant-Hanley,2022-2023,sct Scotland,UEFA Nations League,30,2,175,0,0
Grant Hanley,https://fbref.com/en/players/e9254eec/Grant-Hanley,2024,sct Scotland,Friendlies (M),32,2,123,0,0
Grant Hanley,https://fbref.com/en/players/e9254eec/Grant-Hanley,2024,sct Scotland,UEFA Euro,32,3,225,0,0
Grant Hanley,https://fbref.com/en/players/e9254eec/Grant-Hanley,2024,sct Scotland,UEFA Euro Qualifying,32,2,180,0,0
Grant Hanley,https://fbref.com/en/players/e9254eec/Grant-Hanley,2024-2025,sct Scotland,UEFA Nations League,32,6,495,0,0
Grant Hanley,https://fbref.com/en/players/e9254eec/Grant-Hanley,2025,sct Scotland,Friendlies (M),33,1,67,0,0
Grant Hanley,https://fbref.com/en/players/e9254eec/Grant-Hanley,2026,sct Scotland,WCQ,34,4,344,0,0
Graziano Pellè,https://fbref.com/en/players/9654d8de/Graziano-Pelle,2015,it Italy,Friendlies (M),29,3,197,1,0
Graziano Pellè,https://fbref.com/en/players/9654d8de/Graziano-Pelle,2016,it Italy,Friendlies (M),30,4,225,2,0
Graziano Pellè,https://fbref.com/en/players/9654d8de/Graziano-Pelle,2016,it Italy,UEFA Euro,30,4,358,2,0
Graziano Pellè,https://fbref.com/en/players/9654d8de/Graziano-Pelle,2016,it Italy,UEFA Euro Qualifying,30,7,532,3,0
Graziano Pellè,https://fbref.com/en/players/9654d8de/Graziano-Pelle,2018,it Italy,WCQ,32,2,148,1,1
Guillermo Varela,https://fbref.com/en/players/5c961282/Guillermo-Varela,2017,uy Uruguay,Friendlies (M),23,1,90,0,0
Guillermo Varela,https://fbref.com/en/players/5c961282/Guillermo-Varela,2018,uy Uruguay,1. World Cup,25,2,180,0,0
Guillermo Varela,https://fbref.com/en/players/5c961282/Guillermo-Varela,2018,uy Uruguay,WCQ,24,0,,,
Guillermo Varela,https://fbref.com/en/players/5c961282/Guillermo-Varela,2022,uy Uruguay,1. World Cup,29,3,183,0,0
Guillermo Varela,https://fbref.com/en/players/5c961282/Guillermo-Varela,2022,uy Uruguay,Friendlies (M),28,2,109,0,0
Guillermo Varela,https://fbref.com/en/players/5c961282/Guillermo-Varela,2023,uy Uruguay,Friendlies (M),29,2,135,0,0
Guillermo Varela,https://fbref.com/en/players/5c961282/Guillermo-Varela,2025,uy Uruguay,Friendlies (M),31,1,90,0,0
Guillermo Varela,https://fbref.com/en/players/5c961282/Guillermo-Varela,2026,uy Uruguay,WCQ,32,8,498,0,1
Guy Demel,https://fbref.com/en/players/605bba68/Guy-Demel,2006,ci Côte d'Ivoire,1. World Cup,25,0,,,
Guy Demel,https://fbref.com/en/players/605bba68/Guy-Demel,2010,ci Côte d'Ivoire,1. World Cup,29,2,180,0,
Guy Demel,https://fbref.com/en/players/605bba68/Guy-Demel,2010,ci Côte d'Ivoire,Africa Cup of Nations,28,2,151,0,0
Gylfi Sigurðsson,https://fbref.com/en/players/76dd1480/Gylfi-Sigurdsson,2012,is Iceland,UEFA Euro Qualifying,22,5,449,1,
Gylfi Sigurðsson,https://fbref.com/en/players/76dd1480/Gylfi-Sigurdsson,2014,is Iceland,WCQ,24,11,981,4,4
Gylfi Sigurðsson,https://fbref.com/en/players/76dd1480/Gylfi-Sigurdsson,2014,is Iceland,Friendlies (M),24,2,173,0,0
Gylfi Sigurðsson,https://fbref.com/en/players/76dd1480/Gylfi-Sigurdsson,2015,is Iceland,Friendlies (M),25,1,90,1,0
Gylfi Sigurðsson,https://fbref.com/en/players/76dd1480/Gylfi-Sigurdsson,2016,is Iceland,Friendlies (M),26,4,268,1,1
Gylfi Sigurðsson,https://fbref.com/en/players/76dd1480/Gylfi-Sigurdsson,2016,is Iceland,UEFA Euro,26,5,450,1,1
Gylfi Sigurðsson,https://fbref.com/en/players/76dd1480/Gylfi-Sigurdsson,2016,is Iceland,UEFA Euro Qualifying,26,10,887,6,2
Gylfi Sigurðsson,https://fbref.com/en/players/76dd1480/Gylfi-Sigurdsson,2017,is Iceland,Friendlies (M),27,1,90,0,0
Gylfi Sigurðsson,https://fbref.com/en/players/76dd1480/Gylfi-Sigurdsson,2018,is Iceland,1. World Cup,28,3,270,1,0
Gylfi Sigurðsson,https://fbref.com/en/players/76dd1480/Gylfi-Sigurdsson,2018,is Iceland,WCQ,28,10,899,4,4
Gylfi Sigurðsson,https://fbref.com/en/players/76dd1480/Gylfi-Sigurdsson,2018,is Iceland,Friendlies (M),28,3,173,1,1
Gylfi Sigurðsson,https://fbref.com/en/players/76dd1480/Gylfi-Sigurdsson,2018-2019,is Iceland,UEFA Nations League,28,3,270,0,0
Gylfi Sigurðsson,https://fbref.com/en/players/76dd1480/Gylfi-Sigurdsson,2020-2021,is Iceland,UEFA Nations League,30,2,180,0,0
Gylfi Sigurðsson,https://fbref.com/en/players/76dd1480/Gylfi-Sigurdsson,2021,is Iceland,UEFA Euro Qualifying,31,12,1080,5,0
Gylfi Sigurðsson,https://fbref.com/en/players/76dd1480/Gylfi-Sigurdsson,2024,is Iceland,UEFA Euro Qualifying,34,2,77,2,0
Gylfi Sigurðsson,https://fbref.com/en/players/76dd1480/Gylfi-Sigurdsson,2024-2025,is Iceland,UEFA Nations League,34,3,129,0,1
Héctor Bellerín,https://fbref.com/en/players/f874dd44/Hector-Bellerin,2016,es Spain,Friendlies (M),20,3,225,0,1
Héctor Bellerín,https://fbref.com/en/players/f874dd44/Hector-Bellerin,2016,es Spain,UEFA Euro,20,0,,,
Héctor Bellerín,https://fbref.com/en/players/f874dd44/Hector-Bellerin,2020,es Spain,Friendlies (M),24,1,90,0,0
Héctor Bellerín,https://fbref.com/en/players/f874dd44/Hector-Bellerin,2020-2021,es Spain,UEFA Nations League,25,0,,,
Habib Beye,https://fbref.com/en/players/459b0b19/Habib-Beye,2002,sn Senegal,1. World Cup,24,3,91,0,
Hal Robson-Kanu,https://fbref.com/en/players/fb2dec57/Hal-Robson-Kanu,2012,wls Wales,UEFA Euro Qualifying,22,2,17,0,
Hal Robson-Kanu,https://fbref.com/en/players/fb2dec57/Hal-Robson-Kanu,2014,wls Wales,WCQ,24,8,398,1,0
Hal Robson-Kanu,https://fbref.com/en/players/fb2dec57/Hal-Robson-Kanu,2014,wls Wales,Friendlies (M),24,1,87,0,0
Hal Robson-Kanu,https://fbref.com/en/players/fb2dec57/Hal-Robson-Kanu,2016,wls Wales,Friendlies (M),26,0,,,
Hal Robson-Kanu,https://fbref.com/en/players/fb2dec57/Hal-Robson-Kanu,2016,wls Wales,UEFA Euro,26,5,268,2,0
Hal Robson-Kanu,https://fbref.com/en/players/fb2dec57/Hal-Robson-Kanu,2016,wls Wales,UEFA Euro Qualifying,26,9,605,1,0
Hal Robson-Kanu,https://fbref.com/en/players/fb2dec57/Hal-Robson-Kanu,2018,wls Wales,WCQ,28,9,368,1,1
Hal Robson-Kanu,https://fbref.com/en/players/fb2dec57/Hal-Robson-Kanu,2020-2021,wls Wales,UEFA Nations League,31,1,30,0,0
Hal Robson-Kanu,https://fbref.com/en/players/fb2dec57/Hal-Robson-Kanu,2021,wls Wales,Friendlies (M),31,1,45,0,0
Hal Robson-Kanu,https://fbref.com/en/players/fb2dec57/Hal-Robson-Kanu,2022,wls Wales,WCQ,32,0,,,
Haris Vučkić,https://fbref.com/en/players/a8f4dfb9/Haris-Vuckic,2020,si Slovenia,Friendlies (M),27,1,45,1,0
Haris Vučkić,https://fbref.com/en/players/a8f4dfb9/Haris-Vuckic,2020-2021,si Slovenia,UEFA Nations League,27,6,429,4,0
Haris Vučkić,https://fbref.com/en/players/a8f4dfb9/Haris-Vuckic,2021,si Slovenia,UEFA Euro Qualifying,28,2,63,0,0
Haris Vučkić,https://fbref.com/en/players/a8f4dfb9/Haris-Vuckic,2022,si Slovenia,WCQ,29,2,49,0,0
Harry Arter,https://fbref.com/en/players/2f4c5a52/Harry-Arter,2015,ie Rep. of Ireland,Friendlies (M),25,1,28,0,0
Harry Arter,https://fbref.com/en/players/2f4c5a52/Harry-Arter,2016,ie Rep. of Ireland,Friendlies (M),26,2,172,0,1
Harry Arter,https://fbref.com/en/players/2f4c5a52/Harry-Arter,2016,ie Rep. of Ireland,UEFA Euro Qualifying,26,0,,,
Harry Arter,https://fbref.com/en/players/2f4c5a52/Harry-Arter,2017,ie Rep. of Ireland,Friendlies (M),27,1,90,0,0
Harry Arter,https://fbref.com/en/players/2f4c5a52/Harry-Arter,2018,ie Rep. of Ireland,WCQ,28,7,440,0,0
Harry Arter,https://fbref.com/en/players/2f4c5a52/Harry-Arter,2018,ie Rep. of Ireland,Friendlies (M),28,2,41,0,0
Harry Arter,https://fbref.com/en/players/2f4c5a52/Harry-Arter,2018-2019,ie Rep. of Ireland,UEFA Nations League,28,2,154,0,0
Harry Arter,https://fbref.com/en/players/2f4c5a52/Harry-Arter,2020-2021,ie Rep. of Ireland,UEFA Nations League,30,1,90,0,0
Harry Arter,https://fbref.com/en/players/2f4c5a52/Harry-Arter,2021,ie Rep. of Ireland,Friendlies (M),31,2,7,0,0
Harry Arter,https://fbref.com/en/players/2f4c5a52/Harry-Arter,2021,ie Rep. of Ireland,UEFA Euro Qualifying,31,1,19,0,0
Harry Arter,https://fbref.com/en/players/2f4c5a52/Harry-Arter,2022,ie Rep. of Ireland,WCQ,32,0,,,
Harry Kane,https://fbref.com/en/players/21a66f6a/Harry-Kane,2015,eng England,Friendlies (M),21,3,259,0,0
Harry Kane,https://fbref.com/en/players/21a66f6a/Harry-Kane,2016,eng England,Friendlies (M),22,4,278,2,0
Harry Kane,https://fbref.com/en/players/21a66f6a/Harry-Kane,2016,eng England,UEFA Euro,22,4,240,0,0
Harry Kane,https://fbref.com/en/players/21a66f6a/Harry-Kane,2016,eng England,UEFA Euro Qualifying,22,5,233,3,1
Harry Kane,https://fbref.com/en/players/21a66f6a/Harry-Kane,2017,eng England,Friendlies (M),23,1,90,2,0
Harry Kane,https://fbref.com/en/players/21a66f6a/Harry-Kane,2018,eng England,1. World Cup,24,6,572,6,0
Harry Kane,https://fbref.com/en/players/21a66f6a/Harry-Kane,2018,eng England,WCQ,24,6,531,5,1
Harry Kane,https://fbref.com/en/players/21a66f6a/Harry-Kane,2018,eng England,Friendlies (M),24,2,102,1,0
Harry Kane,https://fbref.com/en/players/21a66f6a/Harry-Kane,2018-2019,eng England,UEFA Nations League,25,6,509,1,1
Harry Kane,https://fbref.com/en/players/21a66f6a/Harry-Kane,2020,eng England,Friendlies (M),26,0,,,
Harry Kane,https://fbref.com/en/players/21a66f6a/Harry-Kane,2020-2021,eng England,UEFA Nations League,27,6,448,0,0
Harry Kane,https://fbref.com/en/players/21a66f6a/Harry-Kane,2021,eng England,UEFA Euro,27,7,646,4,0
Harry Kane,https://fbref.com/en/players/21a66f6a/Harry-Kane,2021,eng England,UEFA Euro Qualifying,27,8,665,12,5
Harry Kane,https://fbref.com/en/players/21a66f6a/Harry-Kane,2021,eng England,Friendlies (M),27,1,60,0,0
Harry Kane,https://fbref.com/en/players/21a66f6a/Harry-Kane,2022,eng England,1. World Cup,28,5,402,2,3
Harry Kane,https://fbref.com/en/players/21a66f6a/Harry-Kane,2022,eng England,WCQ,28,8,585,12,2
Harry Kane,https://fbref.com/en/players/21a66f6a/Harry-Kane,2022,eng England,Friendlies (M),28,2,117,1,0
Harry Kane,https://fbref.com/en/players/21a66f6a/Harry-Kane,2022-2023,eng England,UEFA Nations League,29,6,476,2,0
Harry Kane,https://fbref.com/en/players/21a66f6a/Harry-Kane,2023,eng England,Friendlies (M),29,1,83,1,0
Harry Kane,https://fbref.com/en/players/21a66f6a/Harry-Kane,2024,eng England,Friendlies (M),30,2,92,1,0
Harry Kane,https://fbref.com/en/players/21a66f6a/Harry-Kane,2024,eng England,UEFA Euro,30,7,601,3,0
Harry Kane,https://fbref.com/en/players/21a66f6a/Harry-Kane,2024,eng England,UEFA Euro Qualifying,30,8,605,8,2
Harry Kane,https://fbref.com/en/players/21a66f6a/Harry-Kane,2024-2025,eng England,UEFA Nations League,31,5,345,3,0
Harry Kane,https://fbref.com/en/players/21a66f6a/Harry-Kane,2025,eng England,Friendlies (M),31,1,58,1,0
Harry Kane,https://fbref.com/en/players/21a66f6a/Harry-Kane,2026,eng England,WCQ,32,8,679,8,0
Harry Maguire,https://fbref.com/en/players/d8931174/Harry-Maguire,2017,eng England,Friendlies (M),23,2,180,0,0
Harry Maguire,https://fbref.com/en/players/d8931174/Harry-Maguire,2018,eng England,1. World Cup,25,7,645,1,1
Harry Maguire,https://fbref.com/en/players/d8931174/Harry-Maguire,2018,eng England,WCQ,24,1,90,0,0
Harry Maguire,https://fbref.com/en/players/d8931174/Harry-Maguire,2018,eng England,Friendlies (M),24,3,259,0,0
Harry Maguire,https://fbref.com/en/players/d8931174/Harry-Maguire,2018-2019,eng England,UEFA Nations League,25,5,510,0,0
Harry Maguire,https://fbref.com/en/players/d8931174/Harry-Maguire,2020,eng England,Friendlies (M),26,1,90,1,0
Harry Maguire,https://fbref.com/en/players/d8931174/Harry-Maguire,2020-2021,eng England,UEFA Nations League,27,3,211,0,0
Harry Maguire,https://fbref.com/en/players/d8931174/Harry-Maguire,2021,eng England,UEFA Euro Qualifying,27,8,720,0,1
Harry Maguire,https://fbref.com/en/players/d8931174/Harry-Maguire,2021,eng England,UEFA Euro,27,5,510,1,0
Harry Maguire,https://fbref.com/en/players/d8931174/Harry-Maguire,2022,eng England,1. World Cup,29,5,429,0,1
Harry Maguire,https://fbref.com/en/players/d8931174/Harry-Maguire,2022,eng England,WCQ,28,6,495,4,0
Harry Maguire,https://fbref.com/en/players/d8931174/Harry-Maguire,2022,eng England,Friendlies (M),28,1,90,0,0
Harry Maguire,https://fbref.com/en/players/d8931174/Harry-Maguire,2022-2023,eng England,UEFA Nations League,29,6,456,0,0
Harry Maguire,https://fbref.com/en/players/d8931174/Harry-Maguire,2023,eng England,Friendlies (M),29,1,45,0,0
Harry Maguire,https://fbref.com/en/players/d8931174/Harry-Maguire,2024,eng England,Friendlies (M),30,1,66,0,0
Harry Maguire,https://fbref.com/en/players/d8931174/Harry-Maguire,2024,eng England,UEFA Euro Qualifying,30,8,720,0,0
Harry Maguire,https://fbref.com/en/players/d8931174/Harry-Maguire,2024-2025,eng England,UEFA Nations League,31,1,84,0,0
Hatem Ben Arfa,https://fbref.com/en/players/74dc806c/Hatem-Ben-Arfa,2008,fr France,UEFA Euro Qualifying,20,3,51,1,
Hatem Ben Arfa,https://fbref.com/en/players/74dc806c/Hatem-Ben-Arfa,2010,fr France,WCQ,22,0,,,
Hatem Ben Arfa,https://fbref.com/en/players/74dc806c/Hatem-Ben-Arfa,2012,fr France,UEFA Euro,24,2,65,0,0
Hatem Ben Arfa,https://fbref.com/en/players/74dc806c/Hatem-Ben-Arfa,2015,fr France,Friendlies (M),27,2,56,0,0
Heiðar Helguson,https://fbref.com/en/players/5491eca5/Heidar-Helguson,2006,is Iceland,WCQ,28,7,543,0,
Heiðar Helguson,https://fbref.com/en/players/5491eca5/Heidar-Helguson,2008,is Iceland,UEFA Euro Qualifying,30,0,,,
Heiðar Helguson,https://fbref.com/en/players/5491eca5/Heidar-Helguson,2010,is Iceland,WCQ,32,3,264,1,
Heiðar Helguson,https://fbref.com/en/players/5491eca5/Heidar-Helguson,2012,is Iceland,UEFA Euro Qualifying,34,5,422,2,
Hendry Thomas,https://fbref.com/en/players/bf53ebe9/Hendry-Thomas,2010,hn Honduras,1. World Cup,25,2,115,0,
Hendry Thomas,https://fbref.com/en/players/bf53ebe9/Hendry-Thomas,2010,hn Honduras,WCQ,24,15,869,1,
Henri Saivet,https://fbref.com/en/players/f3709655/Henri-Saivet,2014,sn Senegal,WCQ,23,3,113,0,
Henri Saivet,https://fbref.com/en/players/f3709655/Henri-Saivet,2014,sn Senegal,Friendlies (M),23,1,45,0,1
Henri Saivet,https://fbref.com/en/players/f3709655/Henri-Saivet,2015,sn Senegal,Friendlies (M),24,2,90,0,0
Henri Saivet,https://fbref.com/en/players/f3709655/Henri-Saivet,2015,sn Senegal,Africa Cup of Nations,24,2,9,0,0
Henri Saivet,https://fbref.com/en/players/f3709655/Henri-Saivet,2017,sn Senegal,Friendlies (M),26,3,157,0,0
Henri Saivet,https://fbref.com/en/players/f3709655/Henri-Saivet,2017,sn Senegal,Africa Cup of Nations,26,3,229,1,0
Henri Saivet,https://fbref.com/en/players/f3709655/Henri-Saivet,2017,sn Senegal,Africa Cup of Nations qualification,26,2,143,0,0
Henri Saivet,https://fbref.com/en/players/f3709655/Henri-Saivet,2018,sn Senegal,WCQ,27,2,180,0,0
Henri Saivet,https://fbref.com/en/players/f3709655/Henri-Saivet,2018,sn Senegal,Friendlies (M),27,2,95,0,0
Henri Saivet,https://fbref.com/en/players/f3709655/Henri-Saivet,2019,sn Senegal,Africa Cup of Nations,28,6,446,0,1
Henri Saivet,https://fbref.com/en/players/f3709655/Henri-Saivet,2019,sn Senegal,Africa Cup of Nations qualification,28,1,90,0,1
Hope Akpan,https://fbref.com/en/players/1ccbca79/Hope-Akpan,2015,ng Nigeria,Friendlies (M),23,2,135,0,0
Hugo Lloris,https://fbref.com/en/players/8f62b6ee/Hugo-Lloris,2010,fr France,WCQ,23,6,488,0,
Hugo Lloris,https://fbref.com/en/players/8f62b6ee/Hugo-Lloris,2010,fr France,1. World Cup,23,3,270,0,
Hugo Lloris,https://fbref.com/en/players/8f62b6ee/Hugo-Lloris,2012,fr France,UEFA Euro,25,4,360,0,0
Hugo Lloris,https://fbref.com/en/players/8f62b6ee/Hugo-Lloris,2012,fr France,UEFA Euro Qualifying,25,10,900,0,
Hugo Lloris,https://fbref.com/en/players/8f62b6ee/Hugo-Lloris,2014,fr France,1. World Cup,27,5,450,0,0
Hugo Lloris,https://fbref.com/en/players/8f62b6ee/Hugo-Lloris,2014,fr France,WCQ,27,10,900,0,0
Hugo Lloris,https://fbref.com/en/players/8f62b6ee/Hugo-Lloris,2014,fr France,Friendlies (M),27,6,540,0,0
Hugo Lloris,https://fbref.com/en/players/8f62b6ee/Hugo-Lloris,2015,fr France,Friendlies (M),28,7,630,0,0
Hugo Lloris,https://fbref.com/en/players/8f62b6ee/Hugo-Lloris,2016,fr France,Friendlies (M),29,3,270,0,0
Hugo Lloris,https://fbref.com/en/players/8f62b6ee/Hugo-Lloris,2016,fr France,UEFA Euro,29,7,660,0,0
Hugo Lloris,https://fbref.com/en/players/8f62b6ee/Hugo-Lloris,2017,fr France,Friendlies (M),30,3,270,0,0
Hugo Lloris,https://fbref.com/en/players/8f62b6ee/Hugo-Lloris,2018,fr France,WCQ,31,9,810,0,0
Hugo Lloris,https://fbref.com/en/players/8f62b6ee/Hugo-Lloris,2018,fr France,Friendlies (M),31,6,540,0,0
Hugo Lloris,https://fbref.com/en/players/8f62b6ee/Hugo-Lloris,2018,fr France,1. World Cup,31,6,540,0,0
Hugo Lloris,https://fbref.com/en/players/8f62b6ee/Hugo-Lloris,2018-2019,fr France,UEFA Nations League,31,2,180,0,0
Hugo Lloris,https://fbref.com/en/players/8f62b6ee/Hugo-Lloris,2020,fr France,Friendlies (M),33,0,,,
Hugo Lloris,https://fbref.com/en/players/8f62b6ee/Hugo-Lloris,2020-2021,fr France,UEFA Nations League,33,8,720,0,0
Hugo Lloris,https://fbref.com/en/players/8f62b6ee/Hugo-Lloris,2021,fr France,Friendlies (M),34,2,180,0,0
Hugo Lloris,https://fbref.com/en/players/8f62b6ee/Hugo-Lloris,2021,fr France,UEFA Euro,34,4,390,0,0
Hugo Lloris,https://fbref.com/en/players/8f62b6ee/Hugo-Lloris,2021,fr France,UEFA Euro Qualifying,34,6,540,0,0
Hugo Lloris,https://fbref.com/en/players/8f62b6ee/Hugo-Lloris,2022,fr France,1. World Cup,35,6,570,0,0
Hugo Lloris,https://fbref.com/en/players/8f62b6ee/Hugo-Lloris,2022,fr France,WCQ,35,8,720,0,0
Hugo Lloris,https://fbref.com/en/players/8f62b6ee/Hugo-Lloris,2022,fr France,Friendlies (M),35,1,90,0,0
Hugo Lloris,https://fbref.com/en/players/8f62b6ee/Hugo-Lloris,2022-2023,fr France,UEFA Nations League,35,2,180,0,0
Iago Aspas,https://fbref.com/en/players/7dcf86f6/Iago-Aspas,2016,es Spain,Friendlies (M),28,1,45,1,0
Iago Aspas,https://fbref.com/en/players/7dcf86f6/Iago-Aspas,2017,es Spain,Friendlies (M),29,3,107,0,1
Iago Aspas,https://fbref.com/en/players/7dcf86f6/Iago-Aspas,2018,es Spain,1. World Cup,30,3,72,1,0
Iago Aspas,https://fbref.com/en/players/7dcf86f6/Iago-Aspas,2018,es Spain,WCQ,30,3,97,2,2
Iago Aspas,https://fbref.com/en/players/7dcf86f6/Iago-Aspas,2018,es Spain,Friendlies (M),30,4,123,2,2
Iago Aspas,https://fbref.com/en/players/7dcf86f6/Iago-Aspas,2018-2019,es Spain,UEFA Nations League,30,3,186,0,0
Iago Aspas,https://fbref.com/en/players/7dcf86f6/Iago-Aspas,2021,es Spain,UEFA Euro Qualifying,33,1,55,0,1
Iago Aspas,https://fbref.com/en/players/7dcf86f6/Iago-Aspas,2024,es Spain,UEFA Euro Qualifying,36,2,91,0,0
Ian Harte,https://fbref.com/en/players/fd4fa092/Ian-Harte,2002,ie Rep. of Ireland,1. World Cup,24,4,274,0,
Ian Harte,https://fbref.com/en/players/fd4fa092/Ian-Harte,2006,ie Rep. of Ireland,WCQ,28,4,281,2,
Ian Harte,https://fbref.com/en/players/fd4fa092/Ian-Harte,2008,ie Rep. of Ireland,UEFA Euro Qualifying,30,1,73,0,
Ibrahim Afellay,https://fbref.com/en/players/9a8c6673/Ibrahim-Afellay,2008,nl Netherlands,UEFA Euro,21,3,159,0,
Ibrahim Afellay,https://fbref.com/en/players/9a8c6673/Ibrahim-Afellay,2008,nl Netherlands,UEFA Euro Qualifying,21,1,84,0,
Ibrahim Afellay,https://fbref.com/en/players/9a8c6673/Ibrahim-Afellay,2010,nl Netherlands,1. World Cup,24,3,23,0,
Ibrahim Afellay,https://fbref.com/en/players/9a8c6673/Ibrahim-Afellay,2010,nl Netherlands,WCQ,23,5,118,0,
Ibrahim Afellay,https://fbref.com/en/players/9a8c6673/Ibrahim-Afellay,2012,nl Netherlands,UEFA Euro,25,3,139,0,0
Ibrahim Afellay,https://fbref.com/en/players/9a8c6673/Ibrahim-Afellay,2012,nl Netherlands,UEFA Euro Qualifying,25,6,436,3,
Ibrahim Afellay,https://fbref.com/en/players/9a8c6673/Ibrahim-Afellay,2014,nl Netherlands,WCQ,27,2,34,0,0
Ibrahim Afellay,https://fbref.com/en/players/9a8c6673/Ibrahim-Afellay,2014,nl Netherlands,Friendlies (M),27,1,66,0,0
Ibrahim Afellay,https://fbref.com/en/players/9a8c6673/Ibrahim-Afellay,2015,nl Netherlands,Friendlies (M),28,1,6,0,0
Ibrahim Afellay,https://fbref.com/en/players/9a8c6673/Ibrahim-Afellay,2016,nl Netherlands,Friendlies (M),29,2,135,1,0
Ibrahim Afellay,https://fbref.com/en/players/9a8c6673/Ibrahim-Afellay,2016,nl Netherlands,UEFA Euro Qualifying,29,5,336,1,2
Idrissa Gana Gueye,https://fbref.com/en/players/72c812f3/Idrissa-Gana-Gueye,2014,sn Senegal,Friendlies (M),24,1,47,0,0
Idrissa Gana Gueye,https://fbref.com/en/players/72c812f3/Idrissa-Gana-Gueye,2014,sn Senegal,WCQ,24,8,720,0,
Idrissa Gana Gueye,https://fbref.com/en/players/72c812f3/Idrissa-Gana-Gueye,2015,sn Senegal,Friendlies (M),25,3,225,0,0
Idrissa Gana Gueye,https://fbref.com/en/players/72c812f3/Idrissa-Gana-Gueye,2015,sn Senegal,Africa Cup of Nations,25,3,270,0,0
Idrissa Gana Gueye,https://fbref.com/en/players/72c812f3/Idrissa-Gana-Gueye,2015,sn Senegal,Africa Cup of Nations qualification,25,5,450,0,
Idrissa Gana Gueye,https://fbref.com/en/players/72c812f3/Idrissa-Gana-Gueye,2016,sn Senegal,Friendlies (M),26,1,56,0,0
Idrissa Gana Gueye,https://fbref.com/en/players/72c812f3/Idrissa-Gana-Gueye,2017,sn Senegal,Friendlies (M),27,3,270,0,1
Idrissa Gana Gueye,https://fbref.com/en/players/72c812f3/Idrissa-Gana-Gueye,2017,sn Senegal,Africa Cup of Nations,27,4,312,0,0
Idrissa Gana Gueye,https://fbref.com/en/players/72c812f3/Idrissa-Gana-Gueye,2017,sn Senegal,Africa Cup of Nations qualification,27,6,512,0,1
Idrissa Gana Gueye,https://fbref.com/en/players/72c812f3/Idrissa-Gana-Gueye,2018,sn Senegal,1. World Cup,28,3,270,0,0
Idrissa Gana Gueye,https://fbref.com/en/players/72c812f3/Idrissa-Gana-Gueye,2018,sn Senegal,WCQ,28,8,720,0,0
Idrissa Gana Gueye,https://fbref.com/en/players/72c812f3/Idrissa-Gana-Gueye,2018,sn Senegal,Friendlies (M),28,3,160,0,0
Idrissa Gana Gueye,https://fbref.com/en/players/72c812f3/Idrissa-Gana-Gueye,2019,sn Senegal,Africa Cup of Nations qualification,29,4,313,2,0
Idrissa Gana Gueye,https://fbref.com/en/players/72c812f3/Idrissa-Gana-Gueye,2019,sn Senegal,Africa Cup of Nations,29,6,557,1,1
Idrissa Gana Gueye,https://fbref.com/en/players/72c812f3/Idrissa-Gana-Gueye,2019,sn Senegal,Friendlies (M),29,1,78,0,0
Idrissa Gana Gueye,https://fbref.com/en/players/72c812f3/Idrissa-Gana-Gueye,2020,sn Senegal,Friendlies (M),30,1,90,0,0
Idrissa Gana Gueye,https://fbref.com/en/players/72c812f3/Idrissa-Gana-Gueye,2021,sn Senegal,Friendlies (M),31,2,180,1,0
Idrissa Gana Gueye,https://fbref.com/en/players/72c812f3/Idrissa-Gana-Gueye,2021,sn Senegal,Africa Cup of Nations,31,6,570,1,0
Idrissa Gana Gueye,https://fbref.com/en/players/72c812f3/Idrissa-Gana-Gueye,2021,sn Senegal,Africa Cup of Nations qualification,31,4,229,0,0
Idrissa Gana Gueye,https://fbref.com/en/players/72c812f3/Idrissa-Gana-Gueye,2022,sn Senegal,1. World Cup,32,3,270,0,0
Idrissa Gana Gueye,https://fbref.com/en/players/72c812f3/Idrissa-Gana-Gueye,2022,sn Senegal,WCQ,32,8,711,1,0
Idrissa Gana Gueye,https://fbref.com/en/players/72c812f3/Idrissa-Gana-Gueye,2022,sn Senegal,Friendlies (M),32,2,106,0,0
Idrissa Gana Gueye,https://fbref.com/en/players/72c812f3/Idrissa-Gana-Gueye,2023,sn Senegal,Friendlies (M),33,2,103,0,0
Idrissa Gana Gueye,https://fbref.com/en/players/72c812f3/Idrissa-Gana-Gueye,2023,sn Senegal,Africa Cup of Nations,33,3,71,0,1
Idrissa Gana Gueye,https://fbref.com/en/players/72c812f3/Idrissa-Gana-Gueye,2023,sn Senegal,Africa Cup of Nations qualification,33,5,289,0,0
Idrissa Gana Gueye,https://fbref.com/en/players/72c812f3/Idrissa-Gana-Gueye,2024,sn Senegal,Friendlies (M),34,1,63,0,0
Idrissa Gana Gueye,https://fbref.com/en/players/72c812f3/Idrissa-Gana-Gueye,2025,sn Senegal,Friendlies (M),35,3,208,0,0
Idrissa Gana Gueye,https://fbref.com/en/players/72c812f3/Idrissa-Gana-Gueye,2025,sn Senegal,Africa Cup of Nations qualification,35,6,405,0,1
Idrissa Gana Gueye,https://fbref.com/en/players/72c812f3/Idrissa-Gana-Gueye,2026,sn Senegal,WCQ,36,9,757,0,1
Ikechi Anya,https://fbref.com/en/players/c55e973d/Ikechi-Anya,2014,sct Scotland,WCQ,26,3,200,1,0
Ikechi Anya,https://fbref.com/en/players/c55e973d/Ikechi-Anya,2014,sct Scotland,Friendlies (M),26,2,149,0,0
Ikechi Anya,https://fbref.com/en/players/c55e973d/Ikechi-Anya,2015,sct Scotland,Friendlies (M),27,2,180,0,0
Ikechi Anya,https://fbref.com/en/players/c55e973d/Ikechi-Anya,2016,sct Scotland,Friendlies (M),28,4,246,1,0
Ikechi Anya,https://fbref.com/en/players/c55e973d/Ikechi-Anya,2016,sct Scotland,UEFA Euro Qualifying,28,8,580,1,3
Ikechi Anya,https://fbref.com/en/players/c55e973d/Ikechi-Anya,2017,sct Scotland,Friendlies (M),29,1,90,0,0
Ikechi Anya,https://fbref.com/en/players/c55e973d/Ikechi-Anya,2018,sct Scotland,WCQ,30,7,253,0,0
Itay Shechter,https://fbref.com/en/players/adfc4cc1/Itay-Shechter,2010,il Israel,WCQ,22,2,104,0,
Itay Shechter,https://fbref.com/en/players/adfc4cc1/Itay-Shechter,2012,il Israel,UEFA Euro Qualifying,24,4,257,1,
Itay Shechter,https://fbref.com/en/players/adfc4cc1/Itay-Shechter,2014,il Israel,WCQ,26,6,331,1,2
Itay Shechter,https://fbref.com/en/players/adfc4cc1/Itay-Shechter,2016,il Israel,UEFA Euro Qualifying,28,2,47,0,0
Itay Shechter,https://fbref.com/en/players/adfc4cc1/Itay-Shechter,2017,il Israel,Friendlies (M),29,1,28,0,0
Itay Shechter,https://fbref.com/en/players/adfc4cc1/Itay-Shechter,2018,il Israel,WCQ,30,2,106,0,0
Itay Shechter,https://fbref.com/en/players/adfc4cc1/Itay-Shechter,2018-2019,il Israel,UEFA Nations League,31,0,,,
Ivan Klasnić,https://fbref.com/en/players/214ed478/Ivan-Klasnic,2004,hr Croatia,UEFA Euro,24,0,,,
Ivan Klasnić,https://fbref.com/en/players/214ed478/Ivan-Klasnic,2006,hr Croatia,1. World Cup,26,3,153,0,
Ivan Klasnić,https://fbref.com/en/players/214ed478/Ivan-Klasnic,2006,hr Croatia,WCQ,26,8,486,0,
Ivan Klasnić,https://fbref.com/en/players/214ed478/Ivan-Klasnic,2008,hr Croatia,UEFA Euro,28,2,97,2,
Ivan Klasnić,https://fbref.com/en/players/214ed478/Ivan-Klasnic,2008,hr Croatia,UEFA Euro Qualifying,28,2,177,1,
Ivan Klasnić,https://fbref.com/en/players/214ed478/Ivan-Klasnic,2010,hr Croatia,WCQ,30,5,322,1,
Ivan Klasnić,https://fbref.com/en/players/214ed478/Ivan-Klasnic,2012,hr Croatia,UEFA Euro Qualifying,32,2,65,0,
Ivan Toney,https://fbref.com/en/players/e09f279b/Ivan-Toney,2022-2023,eng England,UEFA Nations League,26,0,,,
Ivan Toney,https://fbref.com/en/players/e09f279b/Ivan-Toney,2024,eng England,Friendlies (M),27,2,106,1,0
Ivan Toney,https://fbref.com/en/players/e09f279b/Ivan-Toney,2024,eng England,UEFA Euro,27,3,45,0,1
Ivan Toney,https://fbref.com/en/players/e09f279b/Ivan-Toney,2024,eng England,UEFA Euro Qualifying,27,1,10,0,0
Ivan Toney,https://fbref.com/en/players/e09f279b/Ivan-Toney,2025,eng England,Friendlies (M),28,1,3,0,0
Ivan Toney,https://fbref.com/en/players/e09f279b/Ivan-Toney,2026,eng England,WCQ,29,0,,,
Ján Mucha,https://fbref.com/en/players/1fa82e32/Jan-Mucha,2010,sk Slovakia,1. World Cup,27,4,360,0,
Ján Mucha,https://fbref.com/en/players/1fa82e32/Jan-Mucha,2010,sk Slovakia,WCQ,27,6,540,0,
Ján Mucha,https://fbref.com/en/players/1fa82e32/Jan-Mucha,2012,sk Slovakia,UEFA Euro Qualifying,29,9,810,0,
Ján Mucha,https://fbref.com/en/players/1fa82e32/Jan-Mucha,2014,sk Slovakia,WCQ,31,4,360,0,0
Ján Mucha,https://fbref.com/en/players/1fa82e32/Jan-Mucha,2014,sk Slovakia,Friendlies (M),31,2,180,0,0
Ján Mucha,https://fbref.com/en/players/1fa82e32/Jan-Mucha,2015,sk Slovakia,Friendlies (M),32,2,180,0,0
Ján Mucha,https://fbref.com/en/players/1fa82e32/Jan-Mucha,2016,sk Slovakia,Friendlies (M),33,2,152,0,0
Ján Mucha,https://fbref.com/en/players/1fa82e32/Jan-Mucha,2016,sk Slovakia,UEFA Euro,33,0,,,
Ján Mucha,https://fbref.com/en/players/1fa82e32/Jan-Mucha,2016,sk Slovakia,UEFA Euro Qualifying,33,0,,,
Jô,https://fbref.com/en/players/e47d11f8/Jo,2013,br Brazil,FIFA Confederations Cup,25,3,30,2,0
Jô,https://fbref.com/en/players/e47d11f8/Jo,2014,br Brazil,1. World Cup,27,3,168,0,0
Jô,https://fbref.com/en/players/e47d11f8/Jo,2014,br Brazil,Friendlies (M),26,3,75,0,1
Jérôme Boateng,https://fbref.com/en/players/2db2fd7b/Jerome-Boateng,2010,de Germany,1. World Cup,21,5,374,0,
Jérôme Boateng,https://fbref.com/en/players/2db2fd7b/Jerome-Boateng,2010,de Germany,WCQ,21,1,68,0,
Jérôme Boateng,https://fbref.com/en/players/2db2fd7b/Jerome-Boateng,2012,de Germany,UEFA Euro,23,4,340,0,1
Jérôme Boateng,https://fbref.com/en/players/2db2fd7b/Jerome-Boateng,2012,de Germany,UEFA Euro Qualifying,23,2,117,0,
Jérôme Boateng,https://fbref.com/en/players/2db2fd7b/Jerome-Boateng,2014,de Germany,1. World Cup,25,7,645,0,0
Jérôme Boateng,https://fbref.com/en/players/2db2fd7b/Jerome-Boateng,2014,de Germany,WCQ,25,7,630,0,2
Jérôme Boateng,https://fbref.com/en/players/2db2fd7b/Jerome-Boateng,2014,de Germany,Friendlies (M),25,3,246,0,1
Jérôme Boateng,https://fbref.com/en/players/2db2fd7b/Jerome-Boateng,2015,de Germany,Friendlies (M),26,1,45,0,0
Jérôme Boateng,https://fbref.com/en/players/2db2fd7b/Jerome-Boateng,2016,de Germany,Friendlies (M),27,2,153,0,0
Jérôme Boateng,https://fbref.com/en/players/2db2fd7b/Jerome-Boateng,2016,de Germany,UEFA Euro,27,6,506,1,0
Jérôme Boateng,https://fbref.com/en/players/2db2fd7b/Jerome-Boateng,2016,de Germany,UEFA Euro Qualifying,27,10,900,0,0
Jérôme Boateng,https://fbref.com/en/players/2db2fd7b/Jerome-Boateng,2017,de Germany,Friendlies (M),28,0,,,
Jérôme Boateng,https://fbref.com/en/players/2db2fd7b/Jerome-Boateng,2018,de Germany,1. World Cup,29,2,171,0,0
Jérôme Boateng,https://fbref.com/en/players/2db2fd7b/Jerome-Boateng,2018,de Germany,WCQ,29,3,248,0,0
Jérôme Boateng,https://fbref.com/en/players/2db2fd7b/Jerome-Boateng,2018,de Germany,Friendlies (M),29,4,247,0,0
Jérôme Boateng,https://fbref.com/en/players/2db2fd7b/Jerome-Boateng,2018-2019,de Germany,UEFA Nations League,29,2,180,0,0
Jack Butland,https://fbref.com/en/players/cc70a1d5/Jack-Butland,2012,eng England,UEFA Euro,18,0,,,
Jack Butland,https://fbref.com/en/players/cc70a1d5/Jack-Butland,2014,eng England,WCQ,20,0,,,
Jack Butland,https://fbref.com/en/players/cc70a1d5/Jack-Butland,2015,eng England,Friendlies (M),21,1,45,0,0
Jack Butland,https://fbref.com/en/players/cc70a1d5/Jack-Butland,2016,eng England,Friendlies (M),22,1,44,0,0
Jack Butland,https://fbref.com/en/players/cc70a1d5/Jack-Butland,2016,eng England,UEFA Euro Qualifying,22,1,90,0,0
Jack Butland,https://fbref.com/en/players/cc70a1d5/Jack-Butland,2017,eng England,Friendlies (M),23,1,45,0,0
Jack Butland,https://fbref.com/en/players/cc70a1d5/Jack-Butland,2018,eng England,1. World Cup,25,0,,,
Jack Butland,https://fbref.com/en/players/cc70a1d5/Jack-Butland,2018,eng England,WCQ,24,1,90,0,0
Jack Butland,https://fbref.com/en/players/cc70a1d5/Jack-Butland,2018,eng England,Friendlies (M),24,3,244,0,0
Jack Butland,https://fbref.com/en/players/cc70a1d5/Jack-Butland,2018-2019,eng England,UEFA Nations League,25,0,,,
Jack Butland,https://fbref.com/en/players/cc70a1d5/Jack-Butland,2021,eng England,UEFA Euro Qualifying,27,0,,,
Jack Collison,https://fbref.com/en/players/0566f8a9/Jack-Collison,2012,wls Wales,UEFA Euro Qualifying,23,1,84,0,
Jack Collison,https://fbref.com/en/players/0566f8a9/Jack-Collison,2014,wls Wales,WCQ,25,2,135,0,0
Jack Collison,https://fbref.com/en/players/0566f8a9/Jack-Collison,2014,wls Wales,Friendlies (M),25,1,15,0,0
Jack Cork,https://fbref.com/en/players/74e12f1e/Jack-Cork,2017,eng England,Friendlies (M),27,1,5,0,0
Jack Grealish,https://fbref.com/en/players/b0b4fd3e/Jack-Grealish,2020,eng England,Friendlies (M),24,2,136,0,2
Jack Grealish,https://fbref.com/en/players/b0b4fd3e/Jack-Grealish,2020-2021,eng England,UEFA Nations League,24,3,180,0,0
Jack Grealish,https://fbref.com/en/players/b0b4fd3e/Jack-Grealish,2021,eng England,Friendlies (M),25,2,160,0,0
Jack Grealish,https://fbref.com/en/players/b0b4fd3e/Jack-Grealish,2021,eng England,UEFA Euro,25,5,176,0,2
Jack Grealish,https://fbref.com/en/players/b0b4fd3e/Jack-Grealish,2022,eng England,1. World Cup,26,5,86,1,0
Jack Grealish,https://fbref.com/en/players/b0b4fd3e/Jack-Grealish,2022,eng England,WCQ,26,6,313,1,1
Jack Grealish,https://fbref.com/en/players/b0b4fd3e/Jack-Grealish,2022,eng England,Friendlies (M),26,2,90,0,1
Jack Grealish,https://fbref.com/en/players/b0b4fd3e/Jack-Grealish,2022-2023,eng England,UEFA Nations League,26,4,157,0,0
Jack Grealish,https://fbref.com/en/players/b0b4fd3e/Jack-Grealish,2023,eng England,Friendlies (M),27,1,60,0,1
Jack Grealish,https://fbref.com/en/players/b0b4fd3e/Jack-Grealish,2024,eng England,Friendlies (M),28,1,28,0,1
Jack Grealish,https://fbref.com/en/players/b0b4fd3e/Jack-Grealish,2024,eng England,UEFA Euro Qualifying,28,5,196,0,0
Jack Grealish,https://fbref.com/en/players/b0b4fd3e/Jack-Grealish,2024-2025,eng England,UEFA Nations League,28,3,255,2,0
Jack Wilshere,https://fbref.com/en/players/9c318325/Jack-Wilshere,2012,eng England,UEFA Euro Qualifying,20,2,171,0,
Jack Wilshere,https://fbref.com/en/players/9c318325/Jack-Wilshere,2014,eng England,1. World Cup,22,2,90,0,0
Jack Wilshere,https://fbref.com/en/players/9c318325/Jack-Wilshere,2014,eng England,WCQ,22,4,169,0,0
Jack Wilshere,https://fbref.com/en/players/9c318325/Jack-Wilshere,2014,eng England,Friendlies (M),22,6,370,0,1
Jack Wilshere,https://fbref.com/en/players/9c318325/Jack-Wilshere,2015,eng England,Friendlies (M),23,1,65,0,0
Jack Wilshere,https://fbref.com/en/players/9c318325/Jack-Wilshere,2016,eng England,Friendlies (M),24,3,135,0,0
Jack Wilshere,https://fbref.com/en/players/9c318325/Jack-Wilshere,2016,eng England,UEFA Euro,24,3,113,0,0
Jack Wilshere,https://fbref.com/en/players/9c318325/Jack-Wilshere,2016,eng England,UEFA Euro Qualifying,24,5,432,2,0
Jack Wilshere,https://fbref.com/en/players/9c318325/Jack-Wilshere,2018,eng England,WCQ,26,0,,,
Jake Livermore,https://fbref.com/en/players/b98570d1/Jake-Livermore,2014,eng England,WCQ,24,0,,,
Jake Livermore,https://fbref.com/en/players/b98570d1/Jake-Livermore,2017,eng England,Friendlies (M),27,3,255,0,0
Jake Livermore,https://fbref.com/en/players/b98570d1/Jake-Livermore,2018,eng England,WCQ,28,3,180,0,0
Jake Livermore,https://fbref.com/en/players/b98570d1/Jake-Livermore,2018,eng England,Friendlies (M),28,0,,,
Jamar Loza,https://fbref.com/en/players/e8f3848e/Jamar-Loza,2014,jm Jamaica,Friendlies (M),19,3,97,0,0
James Chester,https://fbref.com/en/players/a772eba6/James-Chester,2015,wls Wales,Friendlies (M),26,1,90,0,0
James Chester,https://fbref.com/en/players/a772eba6/James-Chester,2016,wls Wales,Friendlies (M),27,3,243,0,0
James Chester,https://fbref.com/en/players/a772eba6/James-Chester,2016,wls Wales,UEFA Euro,27,6,540,0,0
James Chester,https://fbref.com/en/players/a772eba6/James-Chester,2016,wls Wales,UEFA Euro Qualifying,27,6,540,0,0
James Chester,https://fbref.com/en/players/a772eba6/James-Chester,2017,wls Wales,Friendlies (M),28,2,180,0,0
James Chester,https://fbref.com/en/players/a772eba6/James-Chester,2018,wls Wales,WCQ,29,10,900,0,0
James Chester,https://fbref.com/en/players/a772eba6/James-Chester,2018,wls Wales,Friendlies (M),29,1,45,0,0
James Chester,https://fbref.com/en/players/a772eba6/James-Chester,2018-2019,wls Wales,UEFA Nations League,29,3,229,0,0
James Collins,https://fbref.com/en/players/c61f1719/James-Collins,2006,wls Wales,WCQ,22,7,492,0,
James Collins,https://fbref.com/en/players/c61f1719/James-Collins,2008,wls Wales,UEFA Euro Qualifying,24,9,763,1,
James Collins,https://fbref.com/en/players/c61f1719/James-Collins,2010,wls Wales,WCQ,26,7,551,1,
James Collins,https://fbref.com/en/players/c61f1719/James-Collins,2012,wls Wales,UEFA Euro Qualifying,28,4,344,0,
James Collins,https://fbref.com/en/players/c61f1719/James-Collins,2014,wls Wales,WCQ,30,4,261,0,0
James Collins,https://fbref.com/en/players/c61f1719/James-Collins,2014,wls Wales,Friendlies (M),30,1,45,1,0
James Collins,https://fbref.com/en/players/c61f1719/James-Collins,2015,wls Wales,Friendlies (M),31,1,45,0,0
James Collins,https://fbref.com/en/players/c61f1719/James-Collins,2016,wls Wales,Friendlies (M),32,1,27,0,0
James Collins,https://fbref.com/en/players/c61f1719/James-Collins,2016,wls Wales,UEFA Euro,32,2,66,0,0
James Collins,https://fbref.com/en/players/c61f1719/James-Collins,2016,wls Wales,UEFA Euro Qualifying,32,1,90,0,0
James Collins,https://fbref.com/en/players/c61f1719/James-Collins,2018,wls Wales,WCQ,34,1,9,0,0
James McArthur,https://fbref.com/en/players/cee31595/James-McArthur,2014,sct Scotland,WCQ,26,6,336,0,0
James McArthur,https://fbref.com/en/players/cee31595/James-McArthur,2015,sct Scotland,Friendlies (M),27,2,107,0,0
James McArthur,https://fbref.com/en/players/cee31595/James-McArthur,2016,sct Scotland,Friendlies (M),28,2,165,0,0
James McArthur,https://fbref.com/en/players/cee31595/James-McArthur,2016,sct Scotland,UEFA Euro Qualifying,28,5,157,1,0
James McArthur,https://fbref.com/en/players/cee31595/James-McArthur,2018,sct Scotland,WCQ,30,8,430,2,1
James McCarthy,https://fbref.com/en/players/64b08de7/James-McCarthy,2012,ie Rep. of Ireland,UEFA Euro Qualifying,21,1,4,0,
James McCarthy,https://fbref.com/en/players/64b08de7/James-McCarthy,2014,ie Rep. of Ireland,WCQ,23,9,810,0,0
James McCarthy,https://fbref.com/en/players/64b08de7/James-McCarthy,2014,ie Rep. of Ireland,Friendlies (M),23,1,60,0,0
James McCarthy,https://fbref.com/en/players/64b08de7/James-McCarthy,2015,ie Rep. of Ireland,Friendlies (M),24,1,45,0,0
James McCarthy,https://fbref.com/en/players/64b08de7/James-McCarthy,2016,ie Rep. of Ireland,Friendlies (M),25,2,120,0,0
James McCarthy,https://fbref.com/en/players/64b08de7/James-McCarthy,2016,ie Rep. of Ireland,UEFA Euro,25,4,292,0,0
James McCarthy,https://fbref.com/en/players/64b08de7/James-McCarthy,2016,ie Rep. of Ireland,UEFA Euro Qualifying,25,9,788,0,1
James McCarthy,https://fbref.com/en/players/64b08de7/James-McCarthy,2018,ie Rep. of Ireland,WCQ,27,2,169,0,0
James McCarthy,https://fbref.com/en/players/64b08de7/James-McCarthy,2020-2021,ie Rep. of Ireland,UEFA Nations League,29,1,69,0,0
James McCarthy,https://fbref.com/en/players/64b08de7/James-McCarthy,2021,ie Rep. of Ireland,UEFA Euro Qualifying,30,1,59,0,0
James McClean,https://fbref.com/en/players/53538b39/James-McClean,2012,ie Rep. of Ireland,UEFA Euro,22,1,15,0,0
James McClean,https://fbref.com/en/players/53538b39/James-McClean,2014,ie Rep. of Ireland,WCQ,24,5,277,0,0
James McClean,https://fbref.com/en/players/53538b39/James-McClean,2014,ie Rep. of Ireland,Friendlies (M),24,6,357,2,0
James McClean,https://fbref.com/en/players/53538b39/James-McClean,2015,ie Rep. of Ireland,Friendlies (M),25,1,45,0,0
James McClean,https://fbref.com/en/players/53538b39/James-McClean,2016,ie Rep. of Ireland,Friendlies (M),26,5,244,1,0
James McClean,https://fbref.com/en/players/53538b39/James-McClean,2016,ie Rep. of Ireland,UEFA Euro,26,4,213,0,0
James McClean,https://fbref.com/en/players/53538b39/James-McClean,2016,ie Rep. of Ireland,UEFA Euro Qualifying,26,9,472,2,0
James McClean,https://fbref.com/en/players/53538b39/James-McClean,2017,ie Rep. of Ireland,Friendlies (M),27,3,179,1,0
James McClean,https://fbref.com/en/players/53538b39/James-McClean,2018,ie Rep. of Ireland,WCQ,28,11,984,4,0
James McClean,https://fbref.com/en/players/53538b39/James-McClean,2018,ie Rep. of Ireland,Friendlies (M),28,4,335,0,1
James McClean,https://fbref.com/en/players/53538b39/James-McClean,2018-2019,ie Rep. of Ireland,UEFA Nations League,29,2,180,0,0
James McClean,https://fbref.com/en/players/53538b39/James-McClean,2019,ie Rep. of Ireland,Friendlies (M),29,1,22,0,0
James McClean,https://fbref.com/en/players/53538b39/James-McClean,2020,ie Rep. of Ireland,Friendlies (M),30,1,30,0,0
James McClean,https://fbref.com/en/players/53538b39/James-McClean,2020-2021,ie Rep. of Ireland,UEFA Nations League,31,3,187,0,0
James McClean,https://fbref.com/en/players/53538b39/James-McClean,2021,ie Rep. of Ireland,Friendlies (M),31,3,252,1,0
James McClean,https://fbref.com/en/players/53538b39/James-McClean,2021,ie Rep. of Ireland,UEFA Euro Qualifying,31,9,779,0,1
James McClean,https://fbref.com/en/players/53538b39/James-McClean,2022,ie Rep. of Ireland,WCQ,32,8,434,0,0
James McClean,https://fbref.com/en/players/53538b39/James-McClean,2022,ie Rep. of Ireland,Friendlies (M),32,3,172,0,0
James McClean,https://fbref.com/en/players/53538b39/James-McClean,2022-2023,ie Rep. of Ireland,UEFA Nations League,33,5,300,0,0
James McClean,https://fbref.com/en/players/53538b39/James-McClean,2023,ie Rep. of Ireland,Friendlies (M),33,2,80,0,0
James McClean,https://fbref.com/en/players/53538b39/James-McClean,2024,ie Rep. of Ireland,UEFA Euro Qualifying,34,5,250,0,2
James McFadden,https://fbref.com/en/players/2cfdae75/James-McFadden,2006,sct Scotland,WCQ,22,6,335,2,
James McFadden,https://fbref.com/en/players/2cfdae75/James-McFadden,2008,sct Scotland,UEFA Euro Qualifying,24,9,612,4,
James McFadden,https://fbref.com/en/players/2cfdae75/James-McFadden,2010,sct Scotland,WCQ,26,5,356,2,
James McFadden,https://fbref.com/en/players/2cfdae75/James-McFadden,2012,sct Scotland,UEFA Euro Qualifying,28,2,67,0,
James Milner,https://fbref.com/en/players/2f90f6b8/James-Milner,2010,eng England,1. World Cup,24,3,183,0,
James Milner,https://fbref.com/en/players/2f90f6b8/James-Milner,2010,eng England,WCQ,24,3,68,0,
James Milner,https://fbref.com/en/players/2f90f6b8/James-Milner,2012,eng England,UEFA Euro,26,4,279,0,0
James Milner,https://fbref.com/en/players/2f90f6b8/James-Milner,2012,eng England,UEFA Euro Qualifying,26,6,410,0,
James Milner,https://fbref.com/en/players/2f90f6b8/James-Milner,2014,eng England,1. World Cup,28,1,75,0,0
James Milner,https://fbref.com/en/players/2f90f6b8/James-Milner,2014,eng England,WCQ,28,8,455,1,0
James Milner,https://fbref.com/en/players/2f90f6b8/James-Milner,2014,eng England,Friendlies (M),28,5,224,0,0
James Milner,https://fbref.com/en/players/2f90f6b8/James-Milner,2015,eng England,Friendlies (M),29,1,90,0,0
James Milner,https://fbref.com/en/players/2f90f6b8/James-Milner,2016,eng England,Friendlies (M),30,3,190,0,0
James Milner,https://fbref.com/en/players/2f90f6b8/James-Milner,2016,eng England,UEFA Euro,30,1,4,0,0
James Milner,https://fbref.com/en/players/2f90f6b8/James-Milner,2016,eng England,UEFA Euro Qualifying,30,6,356,0,1
James Morrison,https://fbref.com/en/players/21a66e33/James-Morrison,2010,sct Scotland,WCQ,23,3,150,0,
James Morrison,https://fbref.com/en/players/21a66e33/James-Morrison,2012,sct Scotland,UEFA Euro Qualifying,25,8,578,0,
James Morrison,https://fbref.com/en/players/21a66e33/James-Morrison,2014,sct Scotland,WCQ,27,6,487,1,0
James Morrison,https://fbref.com/en/players/21a66e33/James-Morrison,2014,sct Scotland,Friendlies (M),27,2,90,0,0
James Morrison,https://fbref.com/en/players/21a66e33/James-Morrison,2015,sct Scotland,Friendlies (M),28,2,73,0,0
James Morrison,https://fbref.com/en/players/21a66e33/James-Morrison,2016,sct Scotland,UEFA Euro Qualifying,29,7,630,0,1
James Morrison,https://fbref.com/en/players/21a66e33/James-Morrison,2018,sct Scotland,WCQ,31,5,326,0,0
James Ward-Prowse,https://fbref.com/en/players/3515d404/James-Ward-Prowse,2017,eng England,Friendlies (M),22,1,9,0,0
James Ward-Prowse,https://fbref.com/en/players/3515d404/James-Ward-Prowse,2018,eng England,WCQ,23,0,,,
James Ward-Prowse,https://fbref.com/en/players/3515d404/James-Ward-Prowse,2020,eng England,Friendlies (M),25,1,15,0,0
James Ward-Prowse,https://fbref.com/en/players/3515d404/James-Ward-Prowse,2020-2021,eng England,UEFA Nations League,25,1,90,0,0
James Ward-Prowse,https://fbref.com/en/players/3515d404/James-Ward-Prowse,2021,eng England,Friendlies (M),26,2,93,0,0
James Ward-Prowse,https://fbref.com/en/players/3515d404/James-Ward-Prowse,2021,eng England,UEFA Euro Qualifying,26,1,10,0,0
James Ward-Prowse,https://fbref.com/en/players/3515d404/James-Ward-Prowse,2022,eng England,WCQ,27,3,200,2,0
James Ward-Prowse,https://fbref.com/en/players/3515d404/James-Ward-Prowse,2022,eng England,Friendlies (M),27,1,79,0,0
James Ward-Prowse,https://fbref.com/en/players/3515d404/James-Ward-Prowse,2022-2023,eng England,UEFA Nations League,27,1,90,0,0
James Wilson,https://fbref.com/en/players/77621175/James-Wilson,2014,wls Wales,WCQ,24,1,34,0,0
Jamie Carragher,https://fbref.com/en/players/d0ebce19/Jamie-Carragher,2004,eng England,UEFA Euro,26,0,,,
Jamie Carragher,https://fbref.com/en/players/d0ebce19/Jamie-Carragher,2006,eng England,1. World Cup,28,4,163,0,
Jamie Carragher,https://fbref.com/en/players/d0ebce19/Jamie-Carragher,2006,eng England,WCQ,28,7,440,0,
Jamie Carragher,https://fbref.com/en/players/d0ebce19/Jamie-Carragher,2008,eng England,UEFA Euro Qualifying,30,2,162,0,
Jamie Carragher,https://fbref.com/en/players/d0ebce19/Jamie-Carragher,2010,eng England,1. World Cup,32,2,135,0,
Jamie Mackie,https://fbref.com/en/players/d0de6b37/Jamie-Mackie,2012,sct Scotland,UEFA Euro Qualifying,26,2,86,0,
Jamie Mackie,https://fbref.com/en/players/d0de6b37/Jamie-Mackie,2014,sct Scotland,WCQ,28,4,138,0,1
Jamie Vardy,https://fbref.com/en/players/45963054/Jamie-Vardy,2015,eng England,Friendlies (M),28,1,16,0,0
Jamie Vardy,https://fbref.com/en/players/45963054/Jamie-Vardy,2016,eng England,Friendlies (M),29,5,332,4,0
Jamie Vardy,https://fbref.com/en/players/45963054/Jamie-Vardy,2016,eng England,UEFA Euro,29,3,166,1,0
Jamie Vardy,https://fbref.com/en/players/45963054/Jamie-Vardy,2016,eng England,UEFA Euro Qualifying,29,3,188,0,1
Jamie Vardy,https://fbref.com/en/players/45963054/Jamie-Vardy,2017,eng England,Friendlies (M),30,3,228,0,0
Jamie Vardy,https://fbref.com/en/players/45963054/Jamie-Vardy,2018,eng England,1. World Cup,31,4,160,0,0
Jamie Vardy,https://fbref.com/en/players/45963054/Jamie-Vardy,2018,eng England,WCQ,31,4,85,1,0
Jamie Vardy,https://fbref.com/en/players/45963054/Jamie-Vardy,2018,eng England,Friendlies (M),31,3,152,1,0
Jan Vertonghen,https://fbref.com/en/players/ba23a904/Jan-Vertonghen,2008,be Belgium,UEFA Euro Qualifying,20,6,396,0,
Jan Vertonghen,https://fbref.com/en/players/ba23a904/Jan-Vertonghen,2010,be Belgium,WCQ,22,7,568,0,
Jan Vertonghen,https://fbref.com/en/players/ba23a904/Jan-Vertonghen,2012,be Belgium,UEFA Euro Qualifying,24,9,765,1,
Jan Vertonghen,https://fbref.com/en/players/ba23a904/Jan-Vertonghen,2014,be Belgium,1. World Cup,27,5,450,1,0
Jan Vertonghen,https://fbref.com/en/players/ba23a904/Jan-Vertonghen,2014,be Belgium,WCQ,26,10,829,1,2
Jan Vertonghen,https://fbref.com/en/players/ba23a904/Jan-Vertonghen,2014,be Belgium,Friendlies (M),26,5,425,0,0
Jan Vertonghen,https://fbref.com/en/players/ba23a904/Jan-Vertonghen,2015,be Belgium,Friendlies (M),27,2,180,1,0
Jan Vertonghen,https://fbref.com/en/players/ba23a904/Jan-Vertonghen,2016,be Belgium,Friendlies (M),28,5,450,0,0
Jan Vertonghen,https://fbref.com/en/players/ba23a904/Jan-Vertonghen,2016,be Belgium,UEFA Euro,28,4,360,0,0
Jan Vertonghen,https://fbref.com/en/players/ba23a904/Jan-Vertonghen,2016,be Belgium,UEFA Euro Qualifying,28,10,900,0,1
Jan Vertonghen,https://fbref.com/en/players/ba23a904/Jan-Vertonghen,2017,be Belgium,Friendlies (M),29,3,225,0,0
Jan Vertonghen,https://fbref.com/en/players/ba23a904/Jan-Vertonghen,2018,be Belgium,1. World Cup,31,6,540,1,0
Jan Vertonghen,https://fbref.com/en/players/ba23a904/Jan-Vertonghen,2018,be Belgium,WCQ,30,10,900,2,0
Jan Vertonghen,https://fbref.com/en/players/ba23a904/Jan-Vertonghen,2018,be Belgium,Friendlies (M),30,5,440,0,0
Jan Vertonghen,https://fbref.com/en/players/ba23a904/Jan-Vertonghen,2018-2019,be Belgium,UEFA Nations League,31,1,90,0,0
Jan Vertonghen,https://fbref.com/en/players/ba23a904/Jan-Vertonghen,2020,be Belgium,Friendlies (M),32,1,57,0,0
Jan Vertonghen,https://fbref.com/en/players/ba23a904/Jan-Vertonghen,2020-2021,be Belgium,UEFA Nations League,33,6,539,0,0
Jan Vertonghen,https://fbref.com/en/players/ba23a904/Jan-Vertonghen,2021,be Belgium,Friendlies (M),33,1,45,0,0
Jan Vertonghen,https://fbref.com/en/players/ba23a904/Jan-Vertonghen,2021,be Belgium,UEFA Euro,33,4,346,0,0
Jan Vertonghen,https://fbref.com/en/players/ba23a904/Jan-Vertonghen,2021,be Belgium,UEFA Euro Qualifying,33,8,720,0,0
Jan Vertonghen,https://fbref.com/en/players/ba23a904/Jan-Vertonghen,2022,be Belgium,1. World Cup,35,3,270,0,0
Jan Vertonghen,https://fbref.com/en/players/ba23a904/Jan-Vertonghen,2022,be Belgium,WCQ,34,6,429,0,0
Jan Vertonghen,https://fbref.com/en/players/ba23a904/Jan-Vertonghen,2022,be Belgium,Friendlies (M),34,1,20,0,0
Jan Vertonghen,https://fbref.com/en/players/ba23a904/Jan-Vertonghen,2022-2023,be Belgium,UEFA Nations League,35,5,450,0,0
Jan Vertonghen,https://fbref.com/en/players/ba23a904/Jan-Vertonghen,2023,be Belgium,Friendlies (M),35,1,45,0,0
Jan Vertonghen,https://fbref.com/en/players/ba23a904/Jan-Vertonghen,2024,be Belgium,Friendlies (M),36,1,90,0,0
Jan Vertonghen,https://fbref.com/en/players/ba23a904/Jan-Vertonghen,2024,be Belgium,UEFA Euro,36,3,270,0,0
Jan Vertonghen,https://fbref.com/en/players/ba23a904/Jan-Vertonghen,2024,be Belgium,UEFA Euro Qualifying,36,7,583,1,0
Júlio César,https://fbref.com/en/players/f619413f/Julio-Cesar,2003,br Brazil,FIFA Confederations Cup,23,0,,,
Júlio César,https://fbref.com/en/players/f619413f/Julio-Cesar,2006,br Brazil,1. World Cup,26,0,,,
Júlio César,https://fbref.com/en/players/f619413f/Julio-Cesar,2009,br Brazil,FIFA Confederations Cup,29,5,450,0,0
Júlio César,https://fbref.com/en/players/f619413f/Julio-Cesar,2010,br Brazil,1. World Cup,30,5,450,0,
Júlio César,https://fbref.com/en/players/f619413f/Julio-Cesar,2013,br Brazil,FIFA Confederations Cup,33,5,450,0,0
Júlio César,https://fbref.com/en/players/f619413f/Julio-Cesar,2014,br Brazil,1. World Cup,34,7,660,0,0
Júlio César,https://fbref.com/en/players/f619413f/Julio-Cesar,2014,br Brazil,Friendlies (M),34,3,270,0,0
Jason Davidson,https://fbref.com/en/players/46bcd68d/Jason-Davidson,2014,au Australia,1. World Cup,22,3,270,0,0
Jason Davidson,https://fbref.com/en/players/46bcd68d/Jason-Davidson,2014,au Australia,WCQ,22,0,,,
Jason Davidson,https://fbref.com/en/players/46bcd68d/Jason-Davidson,2014,au Australia,Friendlies (M),22,6,504,0,0
Jason Davidson,https://fbref.com/en/players/46bcd68d/Jason-Davidson,2015,au Australia,Friendlies (M),23,1,90,0,0
Jason Davidson,https://fbref.com/en/players/46bcd68d/Jason-Davidson,2015,au Australia,Asian Cup,23,4,390,1,1
Jason Davidson,https://fbref.com/en/players/46bcd68d/Jason-Davidson,2018,au Australia,WCQ,26,4,303,0,0
Jason Davidson,https://fbref.com/en/players/46bcd68d/Jason-Davidson,2022,au Australia,Friendlies (M),30,1,45,0,0
Jason Davidson,https://fbref.com/en/players/46bcd68d/Jason-Davidson,2026,au Australia,WCQ,34,0,,,
Jason Euell,https://fbref.com/en/players/d97fe8bd/Jason-Euell,2006,jm Jamaica,WCQ,28,1,19,0,
Jason Roberts,https://fbref.com/en/players/62487637/Jason-Roberts,2002,gd Grenada,WCQ,24,2,210,0,
Jason Roberts,https://fbref.com/en/players/62487637/Jason-Roberts,2006,gd Grenada,WCQ,28,3,270,2,
Jason Roberts,https://fbref.com/en/players/62487637/Jason-Roberts,2010,gd Grenada,WCQ,32,3,254,3,
Javier Hernández,https://fbref.com/en/players/189cee7b/Javier-Hernandez,2010,mx Mexico,1. World Cup,22,4,172,2,
Javier Hernández,https://fbref.com/en/players/189cee7b/Javier-Hernandez,2013,mx Mexico,FIFA Confederations Cup,24,3,270,3,0
Javier Hernández,https://fbref.com/en/players/189cee7b/Javier-Hernandez,2014,mx Mexico,1. World Cup,26,4,79,1,0
Javier Hernández,https://fbref.com/en/players/189cee7b/Javier-Hernandez,2014,mx Mexico,WCQ,25,16,1224,5,1
Javier Hernández,https://fbref.com/en/players/189cee7b/Javier-Hernandez,2014,mx Mexico,Friendlies (M),25,4,211,1,0
Javier Hernández,https://fbref.com/en/players/189cee7b/Javier-Hernandez,2015,mx Mexico,Friendlies (M),26,5,327,3,0
Javier Hernández,https://fbref.com/en/players/189cee7b/Javier-Hernandez,2016,mx Mexico,Friendlies (M),27,2,68,1,0
Javier Hernández,https://fbref.com/en/players/189cee7b/Javier-Hernandez,2017,mx Mexico,Friendlies (M),28,2,75,1,0
Javier Hernández,https://fbref.com/en/players/189cee7b/Javier-Hernandez,2017,mx Mexico,FIFA Confederations Cup,28,4,354,1,0
Javier Hernández,https://fbref.com/en/players/189cee7b/Javier-Hernandez,2018,mx Mexico,1. World Cup,30,4,329,1,1
Javier Hernández,https://fbref.com/en/players/189cee7b/Javier-Hernandez,2018,mx Mexico,WCQ,29,11,829,3,1
Javier Hernández,https://fbref.com/en/players/189cee7b/Javier-Hernandez,2018,mx Mexico,Friendlies (M),29,3,179,0,0
Javier Hernández,https://fbref.com/en/players/189cee7b/Javier-Hernandez,2019,mx Mexico,Friendlies (M),30,3,179,2,0
Javier Mascherano,https://fbref.com/en/players/5070881b/Javier-Mascherano,2006,ar Argentina,1. World Cup,22,5,510,0,
Javier Mascherano,https://fbref.com/en/players/5070881b/Javier-Mascherano,2010,ar Argentina,1. World Cup,26,4,360,0,
Javier Mascherano,https://fbref.com/en/players/5070881b/Javier-Mascherano,2014,ar Argentina,1. World Cup,30,7,720,0,0
Javier Mascherano,https://fbref.com/en/players/5070881b/Javier-Mascherano,2014,ar Argentina,WCQ,29,11,967,0,0
Javier Mascherano,https://fbref.com/en/players/5070881b/Javier-Mascherano,2014,ar Argentina,Friendlies (M),29,6,447,1,0
Javier Mascherano,https://fbref.com/en/players/5070881b/Javier-Mascherano,2015,ar Argentina,Friendlies (M),30,2,180,0,0
Javier Mascherano,https://fbref.com/en/players/5070881b/Javier-Mascherano,2016,ar Argentina,Friendlies (M),31,1,90,0,0
Javier Mascherano,https://fbref.com/en/players/5070881b/Javier-Mascherano,2017,ar Argentina,Friendlies (M),32,2,180,0,0
Javier Mascherano,https://fbref.com/en/players/5070881b/Javier-Mascherano,2018,ar Argentina,1. World Cup,34,4,360,0,0
Javier Mascherano,https://fbref.com/en/players/5070881b/Javier-Mascherano,2018,ar Argentina,WCQ,33,15,1350,0,0
Javier Mascherano,https://fbref.com/en/players/5070881b/Javier-Mascherano,2018,ar Argentina,Friendlies (M),33,2,145,0,0
Jazz Richards,https://fbref.com/en/players/afef14da/Jazz-Richards,2014,wls Wales,WCQ,22,2,115,0,0
Jazz Richards,https://fbref.com/en/players/afef14da/Jazz-Richards,2014,wls Wales,Friendlies (M),22,0,,,
Jazz Richards,https://fbref.com/en/players/afef14da/Jazz-Richards,2016,wls Wales,Friendlies (M),24,1,26,0,0
Jazz Richards,https://fbref.com/en/players/afef14da/Jazz-Richards,2016,wls Wales,UEFA Euro,24,1,3,0,0
Jazz Richards,https://fbref.com/en/players/afef14da/Jazz-Richards,2016,wls Wales,UEFA Euro Qualifying,24,4,360,0,1
Jazz Richards,https://fbref.com/en/players/afef14da/Jazz-Richards,2018,wls Wales,WCQ,26,3,154,0,0
Jazz Richards,https://fbref.com/en/players/afef14da/Jazz-Richards,2018,wls Wales,Friendlies (M),26,1,29,0,0
Jazz Richards,https://fbref.com/en/players/afef14da/Jazz-Richards,2018-2019,wls Wales,UEFA Nations League,27,0,,,
Jean Beausejour,https://fbref.com/en/players/c8404849/Jean-Beausejour,2010,cl Chile,1. World Cup,26,4,360,1,
Jean Beausejour,https://fbref.com/en/players/c8404849/Jean-Beausejour,2014,cl Chile,1. World Cup,30,2,68,1,0
Jean Beausejour,https://fbref.com/en/players/c8404849/Jean-Beausejour,2014,cl Chile,WCQ,29,5,308,0,0
Jean Beausejour,https://fbref.com/en/players/c8404849/Jean-Beausejour,2014,cl Chile,Friendlies (M),29,3,103,0,0
Jean Beausejour,https://fbref.com/en/players/c8404849/Jean-Beausejour,2015,cl Chile,Friendlies (M),30,1,64,0,1
Jean Beausejour,https://fbref.com/en/players/c8404849/Jean-Beausejour,2016,cl Chile,Friendlies (M),31,1,63,0,0
Jean Beausejour,https://fbref.com/en/players/c8404849/Jean-Beausejour,2017,cl Chile,Friendlies (M),32,2,150,0,0
Jean Beausejour,https://fbref.com/en/players/c8404849/Jean-Beausejour,2017,cl Chile,FIFA Confederations Cup,32,4,390,0,0
Jean Beausejour,https://fbref.com/en/players/c8404849/Jean-Beausejour,2018,cl Chile,WCQ,33,13,1105,0,3
Jean Beausejour,https://fbref.com/en/players/c8404849/Jean-Beausejour,2018,cl Chile,Friendlies (M),33,3,198,0,0
Jean Beausejour,https://fbref.com/en/players/c8404849/Jean-Beausejour,2019,cl Chile,Friendlies (M),34,1,90,0,0
Jean Beausejour,https://fbref.com/en/players/c8404849/Jean-Beausejour,2021,cl Chile,Friendlies (M),36,0,,,
Jean Beausejour,https://fbref.com/en/players/c8404849/Jean-Beausejour,2022,cl Chile,WCQ,37,2,180,0,0
Jean Makoun,https://fbref.com/en/players/728c9139/Jean-Makoun,2010,cm Cameroon,1. World Cup,27,3,209,0,
Jean Makoun,https://fbref.com/en/players/728c9139/Jean-Makoun,2010,cm Cameroon,Africa Cup of Nations,26,3,225,0,0
Jean Makoun,https://fbref.com/en/players/728c9139/Jean-Makoun,2014,cm Cameroon,1. World Cup,31,1,10,0,0
Jean Makoun,https://fbref.com/en/players/728c9139/Jean-Makoun,2014,cm Cameroon,WCQ,30,6,344,2,
Jean Makoun,https://fbref.com/en/players/728c9139/Jean-Makoun,2014,cm Cameroon,Friendlies (M),30,1,71,0,1
Jefferson Montero,https://fbref.com/en/players/fa6561bf/Jefferson-Montero,2014,ec Ecuador,1. World Cup,24,3,226,0,0
Jefferson Montero,https://fbref.com/en/players/fa6561bf/Jefferson-Montero,2014,ec Ecuador,WCQ,24,9,632,1,0
Jefferson Montero,https://fbref.com/en/players/fa6561bf/Jefferson-Montero,2014,ec Ecuador,Friendlies (M),24,3,176,1,0
Jefferson Montero,https://fbref.com/en/players/fa6561bf/Jefferson-Montero,2015,ec Ecuador,Friendlies (M),25,3,177,1,1
Jefferson Montero,https://fbref.com/en/players/fa6561bf/Jefferson-Montero,2016,ec Ecuador,Friendlies (M),26,1,63,0,0
Jefferson Montero,https://fbref.com/en/players/fa6561bf/Jefferson-Montero,2018,ec Ecuador,WCQ,28,9,642,1,0
Jefferson Montero,https://fbref.com/en/players/fa6561bf/Jefferson-Montero,2018,ec Ecuador,Friendlies (M),28,1,35,0,0
Jeffrey Bruma,https://fbref.com/en/players/fbffc4b1/Jeffrey-Bruma,2012,nl Netherlands,UEFA Euro Qualifying,20,2,180,0,
Jeffrey Bruma,https://fbref.com/en/players/fbffc4b1/Jeffrey-Bruma,2014,nl Netherlands,WCQ,22,3,160,0,0
Jeffrey Bruma,https://fbref.com/en/players/fbffc4b1/Jeffrey-Bruma,2014,nl Netherlands,Friendlies (M),22,0,,,
Jeffrey Bruma,https://fbref.com/en/players/fbffc4b1/Jeffrey-Bruma,2015,nl Netherlands,Friendlies (M),23,2,180,0,0
Jeffrey Bruma,https://fbref.com/en/players/fbffc4b1/Jeffrey-Bruma,2016,nl Netherlands,Friendlies (M),24,7,630,0,0
Jeffrey Bruma,https://fbref.com/en/players/fbffc4b1/Jeffrey-Bruma,2016,nl Netherlands,UEFA Euro Qualifying,24,5,410,1,0
Jeffrey Bruma,https://fbref.com/en/players/fbffc4b1/Jeffrey-Bruma,2018,nl Netherlands,WCQ,26,4,360,0,0
Jeffrey Schlupp,https://fbref.com/en/players/3312f911/Jeffrey-Schlupp,2015,gh Ghana,Friendlies (M),22,4,251,0,0
Jeffrey Schlupp,https://fbref.com/en/players/3312f911/Jeffrey-Schlupp,2017,gh Ghana,Africa Cup of Nations qualification,24,5,212,1,0
Jeffrey Schlupp,https://fbref.com/en/players/3312f911/Jeffrey-Schlupp,2018,gh Ghana,WCQ,25,5,199,0,0
Jeffrey Schlupp,https://fbref.com/en/players/3312f911/Jeffrey-Schlupp,2019,gh Ghana,Friendlies (M),26,1,56,0,0
Jeffrey Schlupp,https://fbref.com/en/players/3312f911/Jeffrey-Schlupp,2019,gh Ghana,Africa Cup of Nations qualification,26,0,,,
Jeffrey Schlupp,https://fbref.com/en/players/3312f911/Jeffrey-Schlupp,2021,gh Ghana,Africa Cup of Nations qualification,28,1,66,0,0
Jeffrey Schlupp,https://fbref.com/en/players/3312f911/Jeffrey-Schlupp,2022,gh Ghana,WCQ,29,1,27,0,0
Jelle Van Damme,https://fbref.com/en/players/406eb232/Jelle-Van-Damme,2006,be Belgium,WCQ,22,1,77,0,
Jelle Van Damme,https://fbref.com/en/players/406eb232/Jelle-Van-Damme,2008,be Belgium,UEFA Euro Qualifying,24,5,339,0,
Jelle Van Damme,https://fbref.com/en/players/406eb232/Jelle-Van-Damme,2010,be Belgium,WCQ,26,3,129,0,
Jelle Van Damme,https://fbref.com/en/players/406eb232/Jelle-Van-Damme,2012,be Belgium,UEFA Euro Qualifying,28,2,89,0,
Jelle Van Damme,https://fbref.com/en/players/406eb232/Jelle-Van-Damme,2014,be Belgium,WCQ,30,0,,,
Jelle Van Damme,https://fbref.com/en/players/406eb232/Jelle-Van-Damme,2016,be Belgium,UEFA Euro Qualifying,32,0,,,
Jens Lehmann,https://fbref.com/en/players/d1ca1129/Jens-Lehmann,1998,de Germany,1. World Cup,28,0,,,
Jens Lehmann,https://fbref.com/en/players/d1ca1129/Jens-Lehmann,2000,de Germany,UEFA Euro,30,0,,,
Jens Lehmann,https://fbref.com/en/players/d1ca1129/Jens-Lehmann,2002,de Germany,1. World Cup,32,0,,,
Jens Lehmann,https://fbref.com/en/players/d1ca1129/Jens-Lehmann,2004,de Germany,UEFA Euro,34,0,,,
Jens Lehmann,https://fbref.com/en/players/d1ca1129/Jens-Lehmann,2005,de Germany,FIFA Confederations Cup,35,2,180,0,
Jens Lehmann,https://fbref.com/en/players/d1ca1129/Jens-Lehmann,2006,de Germany,1. World Cup,36,6,600,0,
Jens Lehmann,https://fbref.com/en/players/d1ca1129/Jens-Lehmann,2008,de Germany,UEFA Euro,38,6,540,0,
Jens Lehmann,https://fbref.com/en/players/d1ca1129/Jens-Lehmann,2008,de Germany,UEFA Euro Qualifying,38,10,900,0,
Jeremain Lens,https://fbref.com/en/players/6f1721f0/Jeremain-Lens,2012,nl Netherlands,UEFA Euro Qualifying,24,2,79,0,
Jeremain Lens,https://fbref.com/en/players/6f1721f0/Jeremain-Lens,2014,nl Netherlands,1. World Cup,26,4,129,0,0
Jeremain Lens,https://fbref.com/en/players/6f1721f0/Jeremain-Lens,2014,nl Netherlands,WCQ,26,9,742,5,3
Jeremain Lens,https://fbref.com/en/players/6f1721f0/Jeremain-Lens,2014,nl Netherlands,Friendlies (M),26,1,11,0,0
Jeremain Lens,https://fbref.com/en/players/6f1721f0/Jeremain-Lens,2016,nl Netherlands,Friendlies (M),28,1,66,0,0
Jeremain Lens,https://fbref.com/en/players/6f1721f0/Jeremain-Lens,2016,nl Netherlands,UEFA Euro Qualifying,28,4,183,0,0
Jeremain Lens,https://fbref.com/en/players/6f1721f0/Jeremain-Lens,2017,nl Netherlands,Friendlies (M),29,1,90,0,0
Jeremain Lens,https://fbref.com/en/players/6f1721f0/Jeremain-Lens,2018,nl Netherlands,WCQ,30,1,18,0,0
Jermain Defoe,https://fbref.com/en/players/f1e8372d/Jermain-Defoe,2006,eng England,WCQ,23,7,270,1,
Jermain Defoe,https://fbref.com/en/players/f1e8372d/Jermain-Defoe,2008,eng England,UEFA Euro Qualifying,25,7,268,2,
Jermain Defoe,https://fbref.com/en/players/f1e8372d/Jermain-Defoe,2010,eng England,1. World Cup,27,3,172,1,
Jermain Defoe,https://fbref.com/en/players/f1e8372d/Jermain-Defoe,2010,eng England,WCQ,27,4,93,1,
Jermain Defoe,https://fbref.com/en/players/f1e8372d/Jermain-Defoe,2012,eng England,UEFA Euro,29,1,14,0,0
Jermain Defoe,https://fbref.com/en/players/f1e8372d/Jermain-Defoe,2012,eng England,UEFA Euro Qualifying,29,2,156,3,
Jermain Defoe,https://fbref.com/en/players/f1e8372d/Jermain-Defoe,2014,eng England,WCQ,31,4,313,3,0
Jermain Defoe,https://fbref.com/en/players/f1e8372d/Jermain-Defoe,2014,eng England,Friendlies (M),31,0,,,
Jermain Defoe,https://fbref.com/en/players/f1e8372d/Jermain-Defoe,2017,eng England,Friendlies (M),34,0,,,
Jermain Defoe,https://fbref.com/en/players/f1e8372d/Jermain-Defoe,2018,eng England,WCQ,35,2,60,1,0
Jermaine Beckford,https://fbref.com/en/players/393303c7/Jermaine-Beckford,2014,jm Jamaica,WCQ,30,6,309,1,0
Jermaine Jenas,https://fbref.com/en/players/3149f712/Jermaine-Jenas,2006,eng England,1. World Cup,23,0,,,
Jermaine Jenas,https://fbref.com/en/players/3149f712/Jermaine-Jenas,2006,eng England,WCQ,22,2,78,0,
Jermaine Jenas,https://fbref.com/en/players/3149f712/Jermaine-Jenas,2008,eng England,UEFA Euro Qualifying,24,1,3,0,
Jermaine Jenas,https://fbref.com/en/players/3149f712/Jermaine-Jenas,2010,eng England,WCQ,26,1,36,0,
Jermaine Jones,https://fbref.com/en/players/0c577541/Jermaine-Jones,2014,us United States,1. World Cup,32,4,390,1,1
Jermaine Jones,https://fbref.com/en/players/0c577541/Jermaine-Jones,2014,us United States,WCQ,32,12,931,0,1
Jermaine Jones,https://fbref.com/en/players/0c577541/Jermaine-Jones,2014,us United States,Friendlies (M),32,6,484,0,0
Jermaine Jones,https://fbref.com/en/players/0c577541/Jermaine-Jones,2015,us United States,Friendlies (M),33,5,367,0,0
Jermaine Jones,https://fbref.com/en/players/0c577541/Jermaine-Jones,2016,us United States,Friendlies (M),34,4,313,0,0
Jermaine Jones,https://fbref.com/en/players/0c577541/Jermaine-Jones,2017,us United States,Friendlies (M),35,1,45,0,0
Jermaine Jones,https://fbref.com/en/players/0c577541/Jermaine-Jones,2018,us United States,WCQ,36,5,414,0,0
Jesús Navas,https://fbref.com/en/players/3f10bd22/Jesus-Navas,2010,es Spain,1. World Cup,24,3,180,0,
Jesús Navas,https://fbref.com/en/players/3f10bd22/Jesus-Navas,2012,es Spain,UEFA Euro,26,3,117,1,0
Jesús Navas,https://fbref.com/en/players/3f10bd22/Jesus-Navas,2012,es Spain,UEFA Euro Qualifying,26,1,85,0,
Jesús Navas,https://fbref.com/en/players/3f10bd22/Jesus-Navas,2013,es Spain,FIFA Confederations Cup,27,3,152,0,1
Jesús Navas,https://fbref.com/en/players/3f10bd22/Jesus-Navas,2014,es Spain,WCQ,28,3,156,0,1
Jesús Navas,https://fbref.com/en/players/3f10bd22/Jesus-Navas,2014,es Spain,Friendlies (M),28,1,25,0,0
Jesús Navas,https://fbref.com/en/players/3f10bd22/Jesus-Navas,2020,es Spain,Friendlies (M),34,0,,,
Jesús Navas,https://fbref.com/en/players/3f10bd22/Jesus-Navas,2020-2021,es Spain,UEFA Nations League,34,4,315,0,0
Jesús Navas,https://fbref.com/en/players/3f10bd22/Jesus-Navas,2021,es Spain,UEFA Euro Qualifying,35,7,486,2,1
Jesús Navas,https://fbref.com/en/players/3f10bd22/Jesus-Navas,2022-2023,es Spain,UEFA Nations League,36,2,186,0,0
Jesús Navas,https://fbref.com/en/players/3f10bd22/Jesus-Navas,2024,es Spain,Friendlies (M),38,3,91,0,1
Jesús Navas,https://fbref.com/en/players/3f10bd22/Jesus-Navas,2024,es Spain,UEFA Euro,38,3,157,0,0
Jesús Navas,https://fbref.com/en/players/3f10bd22/Jesus-Navas,2024,es Spain,UEFA Euro Qualifying,38,2,89,0,1
Jesse Lingard,https://fbref.com/en/players/810e3c74/Jesse-Lingard,2015,eng England,Friendlies (M),22,0,,,
Jesse Lingard,https://fbref.com/en/players/810e3c74/Jesse-Lingard,2016,eng England,Friendlies (M),23,1,90,0,0
Jesse Lingard,https://fbref.com/en/players/810e3c74/Jesse-Lingard,2017,eng England,Friendlies (M),24,3,81,0,0
Jesse Lingard,https://fbref.com/en/players/810e3c74/Jesse-Lingard,2018,eng England,1. World Cup,25,6,526,1,1
Jesse Lingard,https://fbref.com/en/players/810e3c74/Jesse-Lingard,2018,eng England,WCQ,25,4,217,0,0
Jesse Lingard,https://fbref.com/en/players/810e3c74/Jesse-Lingard,2018,eng England,Friendlies (M),25,6,302,2,1
Jesse Lingard,https://fbref.com/en/players/810e3c74/Jesse-Lingard,2018-2019,eng England,UEFA Nations League,25,4,273,1,0
Jesse Lingard,https://fbref.com/en/players/810e3c74/Jesse-Lingard,2021,eng England,Friendlies (M),28,2,76,0,0
Jesse Lingard,https://fbref.com/en/players/810e3c74/Jesse-Lingard,2022,eng England,WCQ,29,6,270,2,2
Ji Dong-won,https://fbref.com/en/players/7d841904/Ji-Dong-won,2011,kr Korea Republic,Asian Cup,19,6,498,4,2
Ji Dong-won,https://fbref.com/en/players/7d841904/Ji-Dong-won,2014,kr Korea Republic,1. World Cup,23,2,31,0,0
Ji Dong-won,https://fbref.com/en/players/7d841904/Ji-Dong-won,2014,kr Korea Republic,WCQ,22,11,491,2,
Ji Dong-won,https://fbref.com/en/players/7d841904/Ji-Dong-won,2014,kr Korea Republic,Friendlies (M),22,1,9,0,0
Ji Dong-won,https://fbref.com/en/players/7d841904/Ji-Dong-won,2015,kr Korea Republic,Friendlies (M),23,2,147,1,1
Ji Dong-won,https://fbref.com/en/players/7d841904/Ji-Dong-won,2016,kr Korea Republic,Friendlies (M),24,3,224,0,0
Ji Dong-won,https://fbref.com/en/players/7d841904/Ji-Dong-won,2017,kr Korea Republic,Friendlies (M),25,3,180,1,0
Ji Dong-won,https://fbref.com/en/players/7d841904/Ji-Dong-won,2018,kr Korea Republic,WCQ,26,9,669,1,2
Ji Dong-won,https://fbref.com/en/players/7d841904/Ji-Dong-won,2018,kr Korea Republic,Friendlies (M),26,3,130,0,0
Ji Dong-won,https://fbref.com/en/players/7d841904/Ji-Dong-won,2019,kr Korea Republic,Friendlies (M),27,1,62,0,0
Ji Dong-won,https://fbref.com/en/players/7d841904/Ji-Dong-won,2019,kr Korea Republic,Asian Cup,27,4,80,0,0
Jo Inge Berget,https://fbref.com/en/players/f512a009/Jo-Inge-Berget,2014,no Norway,Friendlies (M),23,1,90,0,1
Jo Inge Berget,https://fbref.com/en/players/f512a009/Jo-Inge-Berget,2016,no Norway,Friendlies (M),25,3,197,1,0
Jo Inge Berget,https://fbref.com/en/players/f512a009/Jo-Inge-Berget,2016,no Norway,UEFA Euro Qualifying,25,6,424,1,0
Jo Inge Berget,https://fbref.com/en/players/f512a009/Jo-Inge-Berget,2017,no Norway,Friendlies (M),26,1,69,0,0
Jo Inge Berget,https://fbref.com/en/players/f512a009/Jo-Inge-Berget,2018,no Norway,WCQ,27,6,321,0,0
Jobi McAnuff,https://fbref.com/en/players/0f602616/Jobi-McAnuff,2014,jm Jamaica,WCQ,32,7,617,0,0
Jobi McAnuff,https://fbref.com/en/players/0f602616/Jobi-McAnuff,2015,jm Jamaica,Friendlies (M),33,1,90,0,0
Jobi McAnuff,https://fbref.com/en/players/0f602616/Jobi-McAnuff,2015,jm Jamaica,Gold Cup,33,6,529,1,2
Jobi McAnuff,https://fbref.com/en/players/0f602616/Jobi-McAnuff,2016,jm Jamaica,Friendlies (M),34,1,45,0,0
Jobi McAnuff,https://fbref.com/en/players/0f602616/Jobi-McAnuff,2018,jm Jamaica,WCQ,36,6,478,0,0
Joe Allen,https://fbref.com/en/players/9feb8f24/Joe-Allen,2010,wls Wales,WCQ,19,0,,,
Joe Allen,https://fbref.com/en/players/9feb8f24/Joe-Allen,2012,wls Wales,UEFA Euro Qualifying,21,2,180,0,
Joe Allen,https://fbref.com/en/players/9feb8f24/Joe-Allen,2014,wls Wales,WCQ,23,3,249,0,0
Joe Allen,https://fbref.com/en/players/9feb8f24/Joe-Allen,2014,wls Wales,Friendlies (M),23,1,90,0,0
Joe Allen,https://fbref.com/en/players/9feb8f24/Joe-Allen,2015,wls Wales,Friendlies (M),24,1,90,0,1
Joe Allen,https://fbref.com/en/players/9feb8f24/Joe-Allen,2016,wls Wales,Friendlies (M),25,2,109,0,0
Joe Allen,https://fbref.com/en/players/9feb8f24/Joe-Allen,2016,wls Wales,UEFA Euro,25,6,523,0,1
Joe Allen,https://fbref.com/en/players/9feb8f24/Joe-Allen,2016,wls Wales,UEFA Euro Qualifying,25,5,444,0,0
Joe Allen,https://fbref.com/en/players/9feb8f24/Joe-Allen,2017,wls Wales,Friendlies (M),26,1,90,0,0
Joe Allen,https://fbref.com/en/players/9feb8f24/Joe-Allen,2018,wls Wales,Friendlies (M),27,2,116,0,0
Joe Allen,https://fbref.com/en/players/9feb8f24/Joe-Allen,2018,wls Wales,WCQ,27,8,631,2,0
Joe Allen,https://fbref.com/en/players/9feb8f24/Joe-Allen,2018-2019,wls Wales,UEFA Nations League,28,4,360,0,0
Joe Allen,https://fbref.com/en/players/9feb8f24/Joe-Allen,2019,wls Wales,Friendlies (M),28,1,90,0,0
Joe Allen,https://fbref.com/en/players/9feb8f24/Joe-Allen,2021,wls Wales,Friendlies (M),30,2,118,0,0
Joe Allen,https://fbref.com/en/players/9feb8f24/Joe-Allen,2021,wls Wales,UEFA Euro,30,4,337,0,0
Joe Allen,https://fbref.com/en/players/9feb8f24/Joe-Allen,2021,wls Wales,UEFA Euro Qualifying,30,7,630,0,0
Joe Allen,https://fbref.com/en/players/9feb8f24/Joe-Allen,2022,wls Wales,1. World Cup,32,2,94,0,0
Joe Allen,https://fbref.com/en/players/9feb8f24/Joe-Allen,2022,wls Wales,WCQ,31,9,727,0,0
Joe Allen,https://fbref.com/en/players/9feb8f24/Joe-Allen,2022-2023,wls Wales,UEFA Nations League,32,1,37,0,0
Joe Allen,https://fbref.com/en/players/9feb8f24/Joe-Allen,2024-2025,wls Wales,UEFA Nations League,34,2,58,0,0
Joe Allen,https://fbref.com/en/players/9feb8f24/Joe-Allen,2026,wls Wales,WCQ,35,1,7,0,0
Joe Cole,https://fbref.com/en/players/2c2f117b/Joe-Cole,2002,eng England,1. World Cup,20,1,17,0,
Joe Cole,https://fbref.com/en/players/2c2f117b/Joe-Cole,2004,eng England,UEFA Euro,22,0,,,
Joe Cole,https://fbref.com/en/players/2c2f117b/Joe-Cole,2006,eng England,1. World Cup,24,5,386,1,
Joe Cole,https://fbref.com/en/players/2c2f117b/Joe-Cole,2006,eng England,WCQ,24,8,454,2,
Joe Cole,https://fbref.com/en/players/2c2f117b/Joe-Cole,2008,eng England,UEFA Euro Qualifying,26,6,499,1,
Joe Cole,https://fbref.com/en/players/2c2f117b/Joe-Cole,2010,eng England,1. World Cup,28,2,46,0,
Joe Cole,https://fbref.com/en/players/2c2f117b/Joe-Cole,2010,eng England,WCQ,28,2,99,2,
Joe Gomez,https://fbref.com/en/players/7a11550b/Joe-Gomez,2017,eng England,Friendlies (M),19,2,156,0,0
Joe Gomez,https://fbref.com/en/players/7a11550b/Joe-Gomez,2018,eng England,Friendlies (M),20,1,9,0,0
Joe Gomez,https://fbref.com/en/players/7a11550b/Joe-Gomez,2018-2019,eng England,UEFA Nations League,21,4,390,0,0
Joe Gomez,https://fbref.com/en/players/7a11550b/Joe-Gomez,2020,eng England,Friendlies (M),22,1,57,0,0
Joe Gomez,https://fbref.com/en/players/7a11550b/Joe-Gomez,2020-2021,eng England,UEFA Nations League,23,2,180,0,0
Joe Gomez,https://fbref.com/en/players/7a11550b/Joe-Gomez,2021,eng England,UEFA Euro Qualifying,23,1,21,0,0
Joe Gomez,https://fbref.com/en/players/7a11550b/Joe-Gomez,2024,eng England,Friendlies (M),26,4,150,0,0
Joe Gomez,https://fbref.com/en/players/7a11550b/Joe-Gomez,2024,eng England,UEFA Euro,26,0,,,
Joe Hart,https://fbref.com/en/players/cb4f24c6/Joe-Hart,2010,eng England,1. World Cup,23,0,,,
Joe Hart,https://fbref.com/en/players/cb4f24c6/Joe-Hart,2010,eng England,WCQ,22,0,,,
Joe Hart,https://fbref.com/en/players/cb4f24c6/Joe-Hart,2012,eng England,UEFA Euro,24,4,390,0,0
Joe Hart,https://fbref.com/en/players/cb4f24c6/Joe-Hart,2012,eng England,UEFA Euro Qualifying,24,8,720,0,
Joe Hart,https://fbref.com/en/players/cb4f24c6/Joe-Hart,2014,eng England,1. World Cup,27,2,180,0,0
Joe Hart,https://fbref.com/en/players/cb4f24c6/Joe-Hart,2014,eng England,WCQ,26,10,900,0,0
Joe Hart,https://fbref.com/en/players/cb4f24c6/Joe-Hart,2014,eng England,Friendlies (M),26,4,344,0,0
Joe Hart,https://fbref.com/en/players/cb4f24c6/Joe-Hart,2015,eng England,Friendlies (M),27,4,315,0,0
Joe Hart,https://fbref.com/en/players/cb4f24c6/Joe-Hart,2016,eng England,Friendlies (M),28,3,225,0,0
Joe Hart,https://fbref.com/en/players/cb4f24c6/Joe-Hart,2016,eng England,UEFA Euro,28,4,360,0,0
Joe Hart,https://fbref.com/en/players/cb4f24c6/Joe-Hart,2016,eng England,UEFA Euro Qualifying,28,9,810,0,0
Joe Hart,https://fbref.com/en/players/cb4f24c6/Joe-Hart,2017,eng England,Friendlies (M),29,2,180,0,0
Joe Hart,https://fbref.com/en/players/cb4f24c6/Joe-Hart,2018,eng England,WCQ,30,9,810,0,0
Joe Hart,https://fbref.com/en/players/cb4f24c6/Joe-Hart,2018,eng England,Friendlies (M),30,0,,,
Joe Ledley,https://fbref.com/en/players/c221f149/Joe-Ledley,2006,wls Wales,WCQ,19,1,9,0,
Joe Ledley,https://fbref.com/en/players/c221f149/Joe-Ledley,2008,wls Wales,UEFA Euro Qualifying,21,11,717,1,
Joe Ledley,https://fbref.com/en/players/c221f149/Joe-Ledley,2010,wls Wales,WCQ,23,6,520,1,
Joe Ledley,https://fbref.com/en/players/c221f149/Joe-Ledley,2012,wls Wales,UEFA Euro Qualifying,25,5,418,0,
Joe Ledley,https://fbref.com/en/players/c221f149/Joe-Ledley,2014,wls Wales,WCQ,27,6,491,0,0
Joe Ledley,https://fbref.com/en/players/c221f149/Joe-Ledley,2015,wls Wales,Friendlies (M),28,1,55,1,0
Joe Ledley,https://fbref.com/en/players/c221f149/Joe-Ledley,2016,wls Wales,Friendlies (M),29,2,57,0,0
Joe Ledley,https://fbref.com/en/players/c221f149/Joe-Ledley,2016,wls Wales,UEFA Euro,29,6,359,0,0
Joe Ledley,https://fbref.com/en/players/c221f149/Joe-Ledley,2016,wls Wales,UEFA Euro Qualifying,29,7,509,0,0
Joe Ledley,https://fbref.com/en/players/c221f149/Joe-Ledley,2017,wls Wales,Friendlies (M),30,1,63,0,0
Joe Ledley,https://fbref.com/en/players/c221f149/Joe-Ledley,2018,wls Wales,WCQ,31,8,642,0,1
Joe Ledley,https://fbref.com/en/players/c221f149/Joe-Ledley,2018,wls Wales,Friendlies (M),31,1,45,0,0
Joe Ledley,https://fbref.com/en/players/c221f149/Joe-Ledley,2018-2019,wls Wales,UEFA Nations League,31,0,,,
Joel Campbell,https://fbref.com/en/players/895ff3ca/Joel-Campbell,2014,cr Costa Rica,WCQ,21,15,1022,3,1
Joel Campbell,https://fbref.com/en/players/895ff3ca/Joel-Campbell,2014,cr Costa Rica,Friendlies (M),21,4,298,1,2
Joel Campbell,https://fbref.com/en/players/895ff3ca/Joel-Campbell,2014,cr Costa Rica,1. World Cup,21,5,412,1,1
Joel Campbell,https://fbref.com/en/players/895ff3ca/Joel-Campbell,2015,cr Costa Rica,Friendlies (M),22,8,553,1,2
Joel Campbell,https://fbref.com/en/players/895ff3ca/Joel-Campbell,2015,cr Costa Rica,Gold Cup,22,4,277,0,0
Joel Campbell,https://fbref.com/en/players/895ff3ca/Joel-Campbell,2016,cr Costa Rica,Friendlies (M),23,2,111,1,1
Joel Campbell,https://fbref.com/en/players/895ff3ca/Joel-Campbell,2017,cr Costa Rica,Gold Cup,24,2,79,0,0
Joel Campbell,https://fbref.com/en/players/895ff3ca/Joel-Campbell,2018,cr Costa Rica,1. World Cup,25,2,115,0,1
Joel Campbell,https://fbref.com/en/players/895ff3ca/Joel-Campbell,2018,cr Costa Rica,WCQ,25,12,722,2,1
Joel Campbell,https://fbref.com/en/players/895ff3ca/Joel-Campbell,2018,cr Costa Rica,Friendlies (M),25,7,468,3,3
Joel Campbell,https://fbref.com/en/players/895ff3ca/Joel-Campbell,2019,cr Costa Rica,Gold Cup,26,4,339,0,0
Joel Campbell,https://fbref.com/en/players/895ff3ca/Joel-Campbell,2019,cr Costa Rica,Friendlies (M),26,4,297,0,1
Joel Campbell,https://fbref.com/en/players/895ff3ca/Joel-Campbell,2020,cr Costa Rica,Friendlies (M),27,1,80,1,0
Joel Campbell,https://fbref.com/en/players/895ff3ca/Joel-Campbell,2021,cr Costa Rica,Friendlies (M),28,3,240,0,0
Joel Campbell,https://fbref.com/en/players/895ff3ca/Joel-Campbell,2021,cr Costa Rica,Gold Cup,28,4,356,2,1
Joel Campbell,https://fbref.com/en/players/895ff3ca/Joel-Campbell,2022,cr Costa Rica,1. World Cup,29,3,269,0,0
Joel Campbell,https://fbref.com/en/players/895ff3ca/Joel-Campbell,2022,cr Costa Rica,WCQ,29,11,933,2,1
Joel Campbell,https://fbref.com/en/players/895ff3ca/Joel-Campbell,2022,cr Costa Rica,Friendlies (M),29,2,173,0,2
Joel Campbell,https://fbref.com/en/players/895ff3ca/Joel-Campbell,2022,cr Costa Rica,WCQ Play-offs,29,1,89,1,0
Joel Campbell,https://fbref.com/en/players/895ff3ca/Joel-Campbell,2023,cr Costa Rica,Friendlies (M),30,4,261,1,1
Joel Campbell,https://fbref.com/en/players/895ff3ca/Joel-Campbell,2023,cr Costa Rica,Gold Cup,30,4,360,1,3
Joel Campbell,https://fbref.com/en/players/895ff3ca/Joel-Campbell,2024,cr Costa Rica,Friendlies (M),31,0,,,
Joel Campbell,https://fbref.com/en/players/895ff3ca/Joel-Campbell,2026,cr Costa Rica,WCQ,33,4,65,0,1
Joey O'Brien,https://fbref.com/en/players/ce46f501/Joey-OBrien,2008,ie Rep. of Ireland,UEFA Euro Qualifying,21,2,135,0,
Joey O'Brien,https://fbref.com/en/players/ce46f501/Joey-OBrien,2014,ie Rep. of Ireland,WCQ,27,0,,,
Johan Djourou,https://fbref.com/en/players/b8673e18/Johan-Djourou,2006,ch Switzerland,1. World Cup,19,3,87,0,
Johan Djourou,https://fbref.com/en/players/b8673e18/Johan-Djourou,2008,ch Switzerland,UEFA Euro,21,0,,,
Johan Djourou,https://fbref.com/en/players/b8673e18/Johan-Djourou,2010,ch Switzerland,WCQ,23,4,226,0,
Johan Djourou,https://fbref.com/en/players/b8673e18/Johan-Djourou,2012,ch Switzerland,UEFA Euro Qualifying,25,3,270,0,
Johan Djourou,https://fbref.com/en/players/b8673e18/Johan-Djourou,2014,ch Switzerland,1. World Cup,27,4,390,0,0
Johan Djourou,https://fbref.com/en/players/b8673e18/Johan-Djourou,2014,ch Switzerland,WCQ,27,7,592,0,0
Johan Djourou,https://fbref.com/en/players/b8673e18/Johan-Djourou,2014,ch Switzerland,Friendlies (M),27,2,180,0,0
Johan Djourou,https://fbref.com/en/players/b8673e18/Johan-Djourou,2015,ch Switzerland,Friendlies (M),28,3,225,0,0
Johan Djourou,https://fbref.com/en/players/b8673e18/Johan-Djourou,2016,ch Switzerland,Friendlies (M),29,1,84,0,0
Johan Djourou,https://fbref.com/en/players/b8673e18/Johan-Djourou,2016,ch Switzerland,UEFA Euro,29,4,390,0,1
Johan Djourou,https://fbref.com/en/players/b8673e18/Johan-Djourou,2016,ch Switzerland,UEFA Euro Qualifying,29,8,720,1,1
Johan Djourou,https://fbref.com/en/players/b8673e18/Johan-Djourou,2017,ch Switzerland,Friendlies (M),30,1,63,0,0
Johan Djourou,https://fbref.com/en/players/b8673e18/Johan-Djourou,2018,ch Switzerland,1. World Cup,31,1,90,0,0
Johan Djourou,https://fbref.com/en/players/b8673e18/Johan-Djourou,2018,ch Switzerland,WCQ,31,7,630,0,0
Johan Djourou,https://fbref.com/en/players/b8673e18/Johan-Djourou,2018,ch Switzerland,Friendlies (M),31,3,225,0,0
Johan Djourou,https://fbref.com/en/players/b8673e18/Johan-Djourou,2018-2019,ch Switzerland,UEFA Nations League,31,0,,,
Johan Elmander,https://fbref.com/en/players/3438cef9/Johan-Elmander,2006,se Sweden,1. World Cup,25,2,21,0,
Johan Elmander,https://fbref.com/en/players/3438cef9/Johan-Elmander,2006,se Sweden,WCQ,24,2,38,1,
Johan Elmander,https://fbref.com/en/players/3438cef9/Johan-Elmander,2008,se Sweden,UEFA Euro,26,3,188,0,
Johan Elmander,https://fbref.com/en/players/3438cef9/Johan-Elmander,2008,se Sweden,UEFA Euro Qualifying,26,8,637,2,
Johan Elmander,https://fbref.com/en/players/3438cef9/Johan-Elmander,2010,se Sweden,WCQ,28,6,400,0,
Johan Elmander,https://fbref.com/en/players/3438cef9/Johan-Elmander,2012,se Sweden,UEFA Euro,30,2,98,0,0
Johan Elmander,https://fbref.com/en/players/3438cef9/Johan-Elmander,2012,se Sweden,UEFA Euro Qualifying,30,10,739,2,
Johan Elmander,https://fbref.com/en/players/3438cef9/Johan-Elmander,2014,se Sweden,WCQ,32,8,688,3,0
Johan Elmander,https://fbref.com/en/players/3438cef9/Johan-Elmander,2014,se Sweden,Friendlies (M),32,2,64,0,0
Johan Elmander,https://fbref.com/en/players/3438cef9/Johan-Elmander,2015,se Sweden,Friendlies (M),33,3,134,0,0
Johan Elmander,https://fbref.com/en/players/3438cef9/Johan-Elmander,2016,se Sweden,UEFA Euro Qualifying,34,3,131,0,0
John Arne Riise,https://fbref.com/en/players/9bf988c2/John-Arne-Riise,2000,no Norway,UEFA Euro,19,0,,,
John Arne Riise,https://fbref.com/en/players/9bf988c2/John-Arne-Riise,2006,no Norway,WCQ,25,11,987,0,
John Arne Riise,https://fbref.com/en/players/9bf988c2/John-Arne-Riise,2008,no Norway,UEFA Euro Qualifying,27,10,900,2,
John Arne Riise,https://fbref.com/en/players/9bf988c2/John-Arne-Riise,2010,no Norway,WCQ,29,8,720,3,
John Arne Riise,https://fbref.com/en/players/9bf988c2/John-Arne-Riise,2012,no Norway,UEFA Euro Qualifying,31,6,510,1,
John Arne Riise,https://fbref.com/en/players/9bf988c2/John-Arne-Riise,2014,no Norway,WCQ,33,5,450,1,1
John Carew,https://fbref.com/en/players/91ef929d/John-Carew,2000,no Norway,UEFA Euro,20,3,100,0,
John Carew,https://fbref.com/en/players/91ef929d/John-Carew,2006,no Norway,WCQ,26,10,730,3,
John Carew,https://fbref.com/en/players/91ef929d/John-Carew,2008,no Norway,UEFA Euro Qualifying,28,10,843,4,
John Carew,https://fbref.com/en/players/91ef929d/John-Carew,2010,no Norway,WCQ,30,8,680,0,
John Carew,https://fbref.com/en/players/91ef929d/John-Carew,2012,no Norway,UEFA Euro Qualifying,32,6,301,2,
John Guidetti,https://fbref.com/en/players/99bebd12/John-Guidetti,2014,se Sweden,Friendlies (M),21,1,24,0,0
John Guidetti,https://fbref.com/en/players/99bebd12/John-Guidetti,2016,se Sweden,Friendlies (M),23,5,229,1,0
John Guidetti,https://fbref.com/en/players/99bebd12/John-Guidetti,2016,se Sweden,UEFA Euro,23,3,144,0,0
John Guidetti,https://fbref.com/en/players/99bebd12/John-Guidetti,2016,se Sweden,UEFA Euro Qualifying,23,3,128,0,1
John Guidetti,https://fbref.com/en/players/99bebd12/John-Guidetti,2017,se Sweden,Friendlies (M),24,1,68,0,0
John Guidetti,https://fbref.com/en/players/99bebd12/John-Guidetti,2018,se Sweden,1. World Cup,26,2,39,0,0
John Guidetti,https://fbref.com/en/players/99bebd12/John-Guidetti,2018,se Sweden,WCQ,25,5,212,0,0
John Guidetti,https://fbref.com/en/players/99bebd12/John-Guidetti,2018,se Sweden,Friendlies (M),25,3,221,1,0
John Guidetti,https://fbref.com/en/players/99bebd12/John-Guidetti,2018-2019,se Sweden,UEFA Nations League,26,2,22,0,0
John Guidetti,https://fbref.com/en/players/99bebd12/John-Guidetti,2020-2021,se Sweden,UEFA Nations League,28,1,14,0,0
John Guidetti,https://fbref.com/en/players/99bebd12/John-Guidetti,2021,se Sweden,UEFA Euro Qualifying,28,2,32,1,0
John Heitinga,https://fbref.com/en/players/2661360d/John-Heitinga,2004,nl Netherlands,UEFA Euro,20,3,207,0,
John Heitinga,https://fbref.com/en/players/2661360d/John-Heitinga,2006,nl Netherlands,1. World Cup,22,3,159,0,
John Heitinga,https://fbref.com/en/players/2661360d/John-Heitinga,2006,nl Netherlands,WCQ,22,4,360,0,
John Heitinga,https://fbref.com/en/players/2661360d/John-Heitinga,2008,nl Netherlands,UEFA Euro,24,3,171,0,
John Heitinga,https://fbref.com/en/players/2661360d/John-Heitinga,2008,nl Netherlands,UEFA Euro Qualifying,24,6,477,0,
John Heitinga,https://fbref.com/en/players/2661360d/John-Heitinga,2010,nl Netherlands,1. World Cup,26,7,648,0,
John Heitinga,https://fbref.com/en/players/2661360d/John-Heitinga,2010,nl Netherlands,WCQ,26,3,270,1,
John Heitinga,https://fbref.com/en/players/2661360d/John-Heitinga,2012,nl Netherlands,UEFA Euro,28,2,180,0,0
John Heitinga,https://fbref.com/en/players/2661360d/John-Heitinga,2012,nl Netherlands,UEFA Euro Qualifying,28,7,630,1,
John Heitinga,https://fbref.com/en/players/2661360d/John-Heitinga,2014,nl Netherlands,WCQ,30,3,265,0,0
John Mensah,https://fbref.com/en/players/142ed694/John-Mensah,2006,gh Ghana,1. World Cup,23,4,360,0,
John Mensah,https://fbref.com/en/players/142ed694/John-Mensah,2010,gh Ghana,1. World Cup,27,4,420,0,
John Mensah,https://fbref.com/en/players/142ed694/John-Mensah,2012,gh Ghana,Africa Cup of Nations,29,3,188,2,0
John Obi Mikel,https://fbref.com/en/players/424d5f72/John-Obi-Mikel,2010,ng Nigeria,Africa Cup of Nations,22,6,481,0,1
John Obi Mikel,https://fbref.com/en/players/424d5f72/John-Obi-Mikel,2013,ng Nigeria,Africa Cup of Nations,25,6,539,0,3
John Obi Mikel,https://fbref.com/en/players/424d5f72/John-Obi-Mikel,2013,ng Nigeria,FIFA Confederations Cup,25,3,270,1,0
John Obi Mikel,https://fbref.com/en/players/424d5f72/John-Obi-Mikel,2014,ng Nigeria,1. World Cup,27,4,360,0,0
John Obi Mikel,https://fbref.com/en/players/424d5f72/John-Obi-Mikel,2014,ng Nigeria,WCQ,26,6,540,0,
John Obi Mikel,https://fbref.com/en/players/424d5f72/John-Obi-Mikel,2014,ng Nigeria,Friendlies (M),26,3,225,0,0
John Obi Mikel,https://fbref.com/en/players/424d5f72/John-Obi-Mikel,2015,ng Nigeria,Friendlies (M),27,2,162,0,1
John Obi Mikel,https://fbref.com/en/players/424d5f72/John-Obi-Mikel,2017,ng Nigeria,Friendlies (M),29,1,90,0,0
John Obi Mikel,https://fbref.com/en/players/424d5f72/John-Obi-Mikel,2017,ng Nigeria,Africa Cup of Nations qualification,29,3,242,0,0
John Obi Mikel,https://fbref.com/en/players/424d5f72/John-Obi-Mikel,2018,ng Nigeria,1. World Cup,31,3,267,0,0
John Obi Mikel,https://fbref.com/en/players/424d5f72/John-Obi-Mikel,2018,ng Nigeria,WCQ,30,6,463,2,1
John Obi Mikel,https://fbref.com/en/players/424d5f72/John-Obi-Mikel,2018,ng Nigeria,Friendlies (M),30,2,169,0,0
John Obi Mikel,https://fbref.com/en/players/424d5f72/John-Obi-Mikel,2019,ng Nigeria,Friendlies (M),31,1,85,0,0
John Obi Mikel,https://fbref.com/en/players/424d5f72/John-Obi-Mikel,2019,ng Nigeria,Africa Cup of Nations,31,2,115,0,0
John O'Shea,https://fbref.com/en/players/7c1f4685/John-OShea,2006,ie Rep. of Ireland,WCQ,24,9,768,0,
John O'Shea,https://fbref.com/en/players/7c1f4685/John-OShea,2008,ie Rep. of Ireland,UEFA Euro Qualifying,26,11,892,0,
John O'Shea,https://fbref.com/en/players/7c1f4685/John-OShea,2010,ie Rep. of Ireland,WCQ,28,12,1008,0,
John O'Shea,https://fbref.com/en/players/7c1f4685/John-OShea,2012,ie Rep. of Ireland,UEFA Euro,30,3,270,0,0
John O'Shea,https://fbref.com/en/players/7c1f4685/John-OShea,2012,ie Rep. of Ireland,UEFA Euro Qualifying,30,9,794,0,
John O'Shea,https://fbref.com/en/players/7c1f4685/John-OShea,2014,ie Rep. of Ireland,WCQ,32,9,768,1,0
John O'Shea,https://fbref.com/en/players/7c1f4685/John-OShea,2014,ie Rep. of Ireland,Friendlies (M),32,2,180,0,0
John O'Shea,https://fbref.com/en/players/7c1f4685/John-OShea,2015,ie Rep. of Ireland,Friendlies (M),33,1,70,0,0
John O'Shea,https://fbref.com/en/players/7c1f4685/John-OShea,2016,ie Rep. of Ireland,Friendlies (M),34,2,135,0,0
John O'Shea,https://fbref.com/en/players/7c1f4685/John-OShea,2016,ie Rep. of Ireland,UEFA Euro,34,3,203,0,0
John O'Shea,https://fbref.com/en/players/7c1f4685/John-OShea,2016,ie Rep. of Ireland,UEFA Euro Qualifying,34,11,900,1,0
John O'Shea,https://fbref.com/en/players/7c1f4685/John-OShea,2017,ie Rep. of Ireland,Friendlies (M),35,0,,,
John O'Shea,https://fbref.com/en/players/7c1f4685/John-OShea,2018,ie Rep. of Ireland,WCQ,36,3,181,0,0
John O'Shea,https://fbref.com/en/players/7c1f4685/John-OShea,2018,ie Rep. of Ireland,Friendlies (M),36,1,33,0,0
John Paintsil,https://fbref.com/en/players/2def72a3/John-Paintsil,2006,gh Ghana,1. World Cup,24,4,360,0,
John Paintsil,https://fbref.com/en/players/2def72a3/John-Paintsil,2010,gh Ghana,1. World Cup,28,5,510,0,
John Paintsil,https://fbref.com/en/players/2def72a3/John-Paintsil,2012,gh Ghana,Africa Cup of Nations,30,4,360,0,0
John Paintsil,https://fbref.com/en/players/2def72a3/John-Paintsil,2013,gh Ghana,Africa Cup of Nations,31,5,369,0,0
John Stones,https://fbref.com/en/players/5eecec3d/John-Stones,2014,eng England,Friendlies (M),19,3,113,0,0
John Stones,https://fbref.com/en/players/5eecec3d/John-Stones,2015,eng England,Friendlies (M),20,1,90,0,0
John Stones,https://fbref.com/en/players/5eecec3d/John-Stones,2016,eng England,Friendlies (M),21,4,360,0,0
John Stones,https://fbref.com/en/players/5eecec3d/John-Stones,2016,eng England,UEFA Euro,21,0,,,
John Stones,https://fbref.com/en/players/5eecec3d/John-Stones,2016,eng England,UEFA Euro Qualifying,21,3,203,0,0
John Stones,https://fbref.com/en/players/5eecec3d/John-Stones,2017,eng England,Friendlies (M),22,4,277,0,0
John Stones,https://fbref.com/en/players/5eecec3d/John-Stones,2018,eng England,1. World Cup,24,7,645,2,0
John Stones,https://fbref.com/en/players/5eecec3d/John-Stones,2018,eng England,WCQ,23,7,630,0,0
John Stones,https://fbref.com/en/players/5eecec3d/John-Stones,2018,eng England,Friendlies (M),23,5,346,0,0
John Stones,https://fbref.com/en/players/5eecec3d/John-Stones,2018-2019,eng England,UEFA Nations League,24,4,390,0,0
John Stones,https://fbref.com/en/players/5eecec3d/John-Stones,2021,eng England,UEFA Euro Qualifying,26,1,90,0,0
John Stones,https://fbref.com/en/players/5eecec3d/John-Stones,2021,eng England,UEFA Euro,26,7,678,0,0
John Stones,https://fbref.com/en/players/5eecec3d/John-Stones,2022,eng England,1. World Cup,28,5,434,0,0
John Stones,https://fbref.com/en/players/5eecec3d/John-Stones,2022,eng England,WCQ,27,9,662,1,1
John Stones,https://fbref.com/en/players/5eecec3d/John-Stones,2022-2023,eng England,UEFA Nations League,28,4,236,0,0
John Stones,https://fbref.com/en/players/5eecec3d/John-Stones,2023,eng England,Friendlies (M),28,1,29,0,0
John Stones,https://fbref.com/en/players/5eecec3d/John-Stones,2024,eng England,Friendlies (M),29,3,144,0,0
John Stones,https://fbref.com/en/players/5eecec3d/John-Stones,2024,eng England,UEFA Euro,29,7,690,0,0
John Stones,https://fbref.com/en/players/5eecec3d/John-Stones,2024,eng England,UEFA Euro Qualifying,29,4,332,0,0
John Stones,https://fbref.com/en/players/5eecec3d/John-Stones,2024-2025,eng England,UEFA Nations League,30,4,265,0,0
John Stones,https://fbref.com/en/players/5eecec3d/John-Stones,2025,eng England,Friendlies (M),30,1,79,0,0
John Stones,https://fbref.com/en/players/5eecec3d/John-Stones,2026,eng England,WCQ,31,3,250,0,1
John Terry,https://fbref.com/en/players/68517cfd/John-Terry,2004,eng England,UEFA Euro,23,3,300,0,
John Terry,https://fbref.com/en/players/68517cfd/John-Terry,2006,eng England,1. World Cup,25,5,480,0,
John Terry,https://fbref.com/en/players/68517cfd/John-Terry,2006,eng England,WCQ,25,6,540,0,
John Terry,https://fbref.com/en/players/68517cfd/John-Terry,2008,eng England,UEFA Euro Qualifying,27,9,810,0,
John Terry,https://fbref.com/en/players/68517cfd/John-Terry,2010,eng England,1. World Cup,29,4,360,0,
John Terry,https://fbref.com/en/players/68517cfd/John-Terry,2010,eng England,WCQ,29,8,718,1,
John Terry,https://fbref.com/en/players/68517cfd/John-Terry,2012,eng England,UEFA Euro,31,4,390,0,0
John Terry,https://fbref.com/en/players/68517cfd/John-Terry,2012,eng England,UEFA Euro Qualifying,31,5,450,0,
John Terry,https://fbref.com/en/players/68517cfd/John-Terry,2014,eng England,WCQ,33,1,90,0,0
Johnny Gorman,https://fbref.com/en/players/0dcc8a9f/Johnny-Gorman,2012,nir Northern Ireland,UEFA Euro Qualifying,19,3,155,0,
Joleon Lescott,https://fbref.com/en/players/62393d3b/Joleon-Lescott,2008,eng England,UEFA Euro Qualifying,25,3,213,0,
Joleon Lescott,https://fbref.com/en/players/62393d3b/Joleon-Lescott,2010,eng England,WCQ,27,2,180,0,
Joleon Lescott,https://fbref.com/en/players/62393d3b/Joleon-Lescott,2012,eng England,UEFA Euro,29,4,390,1,0
Joleon Lescott,https://fbref.com/en/players/62393d3b/Joleon-Lescott,2012,eng England,UEFA Euro Qualifying,29,2,180,0,
Joleon Lescott,https://fbref.com/en/players/62393d3b/Joleon-Lescott,2014,eng England,WCQ,31,5,450,0,0
Jon Flanagan,https://fbref.com/en/players/f2428fd4/Jon-Flanagan,2014,eng England,Friendlies (M),21,1,28,0,0
Jonás Gutiérrez,https://fbref.com/en/players/816fd91c/Jonas-Gutierrez,2010,ar Argentina,1. World Cup,26,3,192,0,
Jonás Gutiérrez,https://fbref.com/en/players/816fd91c/Jonas-Gutierrez,2014,ar Argentina,WCQ,30,1,6,0,0
Jonas Olsson,https://fbref.com/en/players/48844a9b/Jonas-Olsson,2012,se Sweden,UEFA Euro,28,2,180,0,0
Jonas Olsson,https://fbref.com/en/players/48844a9b/Jonas-Olsson,2012,se Sweden,UEFA Euro Qualifying,28,0,,,
Jonas Olsson,https://fbref.com/en/players/48844a9b/Jonas-Olsson,2014,se Sweden,WCQ,30,7,460,0,0
Jonas Olsson,https://fbref.com/en/players/48844a9b/Jonas-Olsson,2014,se Sweden,Friendlies (M),30,0,,,
Jonas Olsson,https://fbref.com/en/players/48844a9b/Jonas-Olsson,2015,se Sweden,Friendlies (M),31,1,90,0,0
Jonas Olsson,https://fbref.com/en/players/48844a9b/Jonas-Olsson,2016,se Sweden,UEFA Euro Qualifying,32,0,,,
Jonathan de Guzmán,https://fbref.com/en/players/1bcca8b8/Jonathan-de-Guzman,2014,nl Netherlands,1. World Cup,26,3,228,0,1
Jonathan de Guzmán,https://fbref.com/en/players/1bcca8b8/Jonathan-de-Guzman,2014,nl Netherlands,WCQ,26,3,173,0,0
Jonathan de Guzmán,https://fbref.com/en/players/1bcca8b8/Jonathan-de-Guzman,2014,nl Netherlands,Friendlies (M),26,1,45,0,0
Jonathan de Guzmán,https://fbref.com/en/players/1bcca8b8/Jonathan-de-Guzman,2015,nl Netherlands,Friendlies (M),27,1,18,0,0
Jonathan Parr,https://fbref.com/en/players/62110c96/Jonathan-Parr,2012,no Norway,UEFA Euro Qualifying,23,2,112,0,
Jonathan Parr,https://fbref.com/en/players/62110c96/Jonathan-Parr,2014,no Norway,WCQ,25,1,1,0,0
Jonathan Parr,https://fbref.com/en/players/62110c96/Jonathan-Parr,2014,no Norway,Friendlies (M),25,0,,,
Jonathan Parr,https://fbref.com/en/players/62110c96/Jonathan-Parr,2018,no Norway,WCQ,29,0,,,
Jonathan Spector,https://fbref.com/en/players/3670bd5c/Jonathan-Spector,2006,us United States,WCQ,19,2,104,0,
Jonathan Spector,https://fbref.com/en/players/3670bd5c/Jonathan-Spector,2009,us United States,FIFA Confederations Cup,22,5,450,0,2
Jonathan Spector,https://fbref.com/en/players/3670bd5c/Jonathan-Spector,2010,us United States,1. World Cup,24,0,,,
Jonathan Spector,https://fbref.com/en/players/3670bd5c/Jonathan-Spector,2010,us United States,WCQ,23,4,360,0,
Jonathan Spector,https://fbref.com/en/players/3670bd5c/Jonathan-Spector,2014,us United States,WCQ,27,0,,,
Jonathan Spector,https://fbref.com/en/players/3670bd5c/Jonathan-Spector,2014,us United States,Friendlies (M),27,0,,,
Jonathan Spector,https://fbref.com/en/players/3670bd5c/Jonathan-Spector,2015,us United States,Friendlies (M),28,2,46,0,0
Jonathan Walters,https://fbref.com/en/players/0356cf4f/Jonathan-Walters,2012,ie Rep. of Ireland,UEFA Euro,28,3,98,0,0
Jonathan Walters,https://fbref.com/en/players/0356cf4f/Jonathan-Walters,2012,ie Rep. of Ireland,UEFA Euro Qualifying,28,2,93,1,
Jonathan Walters,https://fbref.com/en/players/0356cf4f/Jonathan-Walters,2014,ie Rep. of Ireland,WCQ,30,8,659,3,0
Jonathan Walters,https://fbref.com/en/players/0356cf4f/Jonathan-Walters,2014,ie Rep. of Ireland,Friendlies (M),30,3,106,1,0
Jonathan Walters,https://fbref.com/en/players/0356cf4f/Jonathan-Walters,2015,ie Rep. of Ireland,Friendlies (M),31,1,35,0,0
Jonathan Walters,https://fbref.com/en/players/0356cf4f/Jonathan-Walters,2016,ie Rep. of Ireland,Friendlies (M),32,2,180,2,1
Jonathan Walters,https://fbref.com/en/players/0356cf4f/Jonathan-Walters,2016,ie Rep. of Ireland,UEFA Euro,32,2,88,0,0
Jonathan Walters,https://fbref.com/en/players/0356cf4f/Jonathan-Walters,2016,ie Rep. of Ireland,UEFA Euro Qualifying,32,10,900,5,0
Jonathan Walters,https://fbref.com/en/players/0356cf4f/Jonathan-Walters,2017,ie Rep. of Ireland,Friendlies (M),33,1,60,1,0
Jonathan Walters,https://fbref.com/en/players/0356cf4f/Jonathan-Walters,2018,ie Rep. of Ireland,WCQ,34,8,720,1,1
Jonathan Walters,https://fbref.com/en/players/0356cf4f/Jonathan-Walters,2018,ie Rep. of Ireland,Friendlies (M),34,2,148,0,0
Jonathan Walters,https://fbref.com/en/players/0356cf4f/Jonathan-Walters,2018-2019,ie Rep. of Ireland,UEFA Nations League,34,1,90,0,0
Jonjo Shelvey,https://fbref.com/en/players/3727dd3c/Jonjo-Shelvey,2014,eng England,WCQ,21,1,25,0,0
Jonjo Shelvey,https://fbref.com/en/players/3727dd3c/Jonjo-Shelvey,2015,eng England,Friendlies (M),22,2,13,0,0
Jonjo Shelvey,https://fbref.com/en/players/3727dd3c/Jonjo-Shelvey,2016,eng England,UEFA Euro Qualifying,23,3,236,0,1
Jonny Evans,https://fbref.com/en/players/f8fcd2a5/Jonny-Evans,2008,nir Northern Ireland,UEFA Euro Qualifying,20,8,720,0,
Jonny Evans,https://fbref.com/en/players/f8fcd2a5/Jonny-Evans,2010,nir Northern Ireland,WCQ,22,7,630,1,
Jonny Evans,https://fbref.com/en/players/f8fcd2a5/Jonny-Evans,2012,nir Northern Ireland,UEFA Euro Qualifying,24,6,535,0,
Jonny Evans,https://fbref.com/en/players/f8fcd2a5/Jonny-Evans,2014,nir Northern Ireland,WCQ,26,7,629,0,2
Jonny Evans,https://fbref.com/en/players/f8fcd2a5/Jonny-Evans,2015,nir Northern Ireland,Friendlies (M),27,3,200,0,0
Jonny Evans,https://fbref.com/en/players/f8fcd2a5/Jonny-Evans,2016,nir Northern Ireland,Friendlies (M),28,5,432,0,0
Jonny Evans,https://fbref.com/en/players/f8fcd2a5/Jonny-Evans,2016,nir Northern Ireland,UEFA Euro,28,4,360,0,0
Jonny Evans,https://fbref.com/en/players/f8fcd2a5/Jonny-Evans,2016,nir Northern Ireland,UEFA Euro Qualifying,28,4,348,0,0
Jonny Evans,https://fbref.com/en/players/f8fcd2a5/Jonny-Evans,2017,nir Northern Ireland,Friendlies (M),29,1,90,0,0
Jonny Evans,https://fbref.com/en/players/f8fcd2a5/Jonny-Evans,2018,nir Northern Ireland,Friendlies (M),30,5,427,0,0
Jonny Evans,https://fbref.com/en/players/f8fcd2a5/Jonny-Evans,2018,nir Northern Ireland,WCQ,30,12,1080,1,2
Jonny Evans,https://fbref.com/en/players/f8fcd2a5/Jonny-Evans,2018-2019,nir Northern Ireland,UEFA Nations League,30,4,360,0,0
Jonny Evans,https://fbref.com/en/players/f8fcd2a5/Jonny-Evans,2019,nir Northern Ireland,Friendlies (M),31,1,90,1,0
Jonny Evans,https://fbref.com/en/players/f8fcd2a5/Jonny-Evans,2020-2021,nir Northern Ireland,UEFA Nations League,32,3,225,0,0
Jonny Evans,https://fbref.com/en/players/f8fcd2a5/Jonny-Evans,2021,nir Northern Ireland,UEFA Euro Qualifying,33,9,870,1,0
Jonny Evans,https://fbref.com/en/players/f8fcd2a5/Jonny-Evans,2022,nir Northern Ireland,WCQ,34,4,360,0,0
Jonny Evans,https://fbref.com/en/players/f8fcd2a5/Jonny-Evans,2022,nir Northern Ireland,Friendlies (M),34,1,62,0,0
Jonny Evans,https://fbref.com/en/players/f8fcd2a5/Jonny-Evans,2022-2023,nir Northern Ireland,UEFA Nations League,34,6,540,1,0
Jonny Evans,https://fbref.com/en/players/f8fcd2a5/Jonny-Evans,2024,nir Northern Ireland,Friendlies (M),36,1,90,0,0
Jonny Evans,https://fbref.com/en/players/f8fcd2a5/Jonny-Evans,2024,nir Northern Ireland,UEFA Euro Qualifying,36,6,485,1,0
Jonny Williams,https://fbref.com/en/players/49b8432c/Jonny-Williams,2014,wls Wales,Friendlies (M),20,1,19,0,0
Jonny Williams,https://fbref.com/en/players/49b8432c/Jonny-Williams,2014,wls Wales,WCQ,20,3,188,0,0
Jonny Williams,https://fbref.com/en/players/49b8432c/Jonny-Williams,2015,wls Wales,Friendlies (M),21,1,58,0,0
Jonny Williams,https://fbref.com/en/players/49b8432c/Jonny-Williams,2016,wls Wales,Friendlies (M),22,3,162,0,0
Jonny Williams,https://fbref.com/en/players/49b8432c/Jonny-Williams,2016,wls Wales,UEFA Euro,22,4,142,0,0
Jonny Williams,https://fbref.com/en/players/49b8432c/Jonny-Williams,2016,wls Wales,UEFA Euro Qualifying,22,2,167,0,0
Jonny Williams,https://fbref.com/en/players/49b8432c/Jonny-Williams,2018,wls Wales,WCQ,24,1,54,0,0
Jonny Williams,https://fbref.com/en/players/49b8432c/Jonny-Williams,2019,wls Wales,Friendlies (M),25,1,90,0,1
Jonny Williams,https://fbref.com/en/players/49b8432c/Jonny-Williams,2020,wls Wales,Friendlies (M),26,1,72,0,0
Jonny Williams,https://fbref.com/en/players/49b8432c/Jonny-Williams,2020-2021,wls Wales,UEFA Nations League,26,3,93,1,1
Jonny Williams,https://fbref.com/en/players/49b8432c/Jonny-Williams,2021,wls Wales,Friendlies (M),27,3,162,0,1
Jonny Williams,https://fbref.com/en/players/49b8432c/Jonny-Williams,2021,wls Wales,UEFA Euro,27,0,,,
Jonny Williams,https://fbref.com/en/players/49b8432c/Jonny-Williams,2021,wls Wales,UEFA Euro Qualifying,27,3,160,0,0
Jonny Williams,https://fbref.com/en/players/49b8432c/Jonny-Williams,2022,wls Wales,1. World Cup,28,0,,,
Jonny Williams,https://fbref.com/en/players/49b8432c/Jonny-Williams,2022,wls Wales,WCQ,28,3,98,0,0
Jonny Williams,https://fbref.com/en/players/49b8432c/Jonny-Williams,2022,wls Wales,Friendlies (M),28,1,20,0,0
Jonny Williams,https://fbref.com/en/players/49b8432c/Jonny-Williams,2022-2023,wls Wales,UEFA Nations League,28,1,76,1,0
Jordan Ayew,https://fbref.com/en/players/da052c14/Jordan-Ayew,2012,gh Ghana,Africa Cup of Nations,20,4,296,0,0
Jordan Ayew,https://fbref.com/en/players/da052c14/Jordan-Ayew,2014,gh Ghana,1. World Cup,22,3,117,0,0
Jordan Ayew,https://fbref.com/en/players/da052c14/Jordan-Ayew,2014,gh Ghana,WCQ,22,2,180,2,
Jordan Ayew,https://fbref.com/en/players/da052c14/Jordan-Ayew,2014,gh Ghana,Friendlies (M),22,1,57,0,0
Jordan Ayew,https://fbref.com/en/players/da052c14/Jordan-Ayew,2015,gh Ghana,Friendlies (M),23,5,271,1,1
Jordan Ayew,https://fbref.com/en/players/da052c14/Jordan-Ayew,2015,gh Ghana,Africa Cup of Nations,23,5,347,1,0
Jordan Ayew,https://fbref.com/en/players/da052c14/Jordan-Ayew,2016,gh Ghana,Friendlies (M),24,1,90,0,0
Jordan Ayew,https://fbref.com/en/players/da052c14/Jordan-Ayew,2017,gh Ghana,Africa Cup of Nations,25,6,479,1,1
Jordan Ayew,https://fbref.com/en/players/da052c14/Jordan-Ayew,2017,gh Ghana,Africa Cup of Nations qualification,25,6,455,3,1
Jordan Ayew,https://fbref.com/en/players/da052c14/Jordan-Ayew,2018,gh Ghana,WCQ,26,5,450,1,0
Jordan Ayew,https://fbref.com/en/players/da052c14/Jordan-Ayew,2019,gh Ghana,Friendlies (M),27,1,34,0,0
Jordan Ayew,https://fbref.com/en/players/da052c14/Jordan-Ayew,2019,gh Ghana,Africa Cup of Nations,27,4,390,2,1
Jordan Ayew,https://fbref.com/en/players/da052c14/Jordan-Ayew,2019,gh Ghana,Africa Cup of Nations qualification,27,3,176,2,0
Jordan Ayew,https://fbref.com/en/players/da052c14/Jordan-Ayew,2020,gh Ghana,Friendlies (M),28,2,173,0,1
Jordan Ayew,https://fbref.com/en/players/da052c14/Jordan-Ayew,2021,gh Ghana,Friendlies (M),29,2,180,0,0
Jordan Ayew,https://fbref.com/en/players/da052c14/Jordan-Ayew,2021,gh Ghana,Africa Cup of Nations,29,3,264,0,0
Jordan Ayew,https://fbref.com/en/players/da052c14/Jordan-Ayew,2021,gh Ghana,Africa Cup of Nations qualification,29,5,429,2,1
Jordan Ayew,https://fbref.com/en/players/da052c14/Jordan-Ayew,2022,gh Ghana,1. World Cup,30,3,136,0,1
Jordan Ayew,https://fbref.com/en/players/da052c14/Jordan-Ayew,2022,gh Ghana,WCQ,30,7,538,0,1
Jordan Ayew,https://fbref.com/en/players/da052c14/Jordan-Ayew,2022,gh Ghana,Friendlies (M),30,3,152,0,0
Jordan Ayew,https://fbref.com/en/players/da052c14/Jordan-Ayew,2023,gh Ghana,Friendlies (M),31,2,110,0,0
Jordan Ayew,https://fbref.com/en/players/da052c14/Jordan-Ayew,2023,gh Ghana,Africa Cup of Nations,31,3,269,2,1
Jordan Ayew,https://fbref.com/en/players/da052c14/Jordan-Ayew,2023,gh Ghana,Africa Cup of Nations qualification,31,5,417,0,0
Jordan Ayew,https://fbref.com/en/players/da052c14/Jordan-Ayew,2024,gh Ghana,Friendlies (M),32,2,167,2,1
Jordan Ayew,https://fbref.com/en/players/da052c14/Jordan-Ayew,2025,gh Ghana,Africa Cup of Nations qualification,33,5,298,1,0
Jordan Ayew,https://fbref.com/en/players/da052c14/Jordan-Ayew,2026,gh Ghana,WCQ,34,10,760,7,7
Jordan Bowery,https://fbref.com/en/players/8f5a4e15/Jordan-Bowery,2026,kn St. Kitts & Nevis,WCQ,34,2,180,0,0
Jordan Henderson,https://fbref.com/en/players/935e6b8f/Jordan-Henderson,2012,eng England,UEFA Euro,21,2,40,0,0
Jordan Henderson,https://fbref.com/en/players/935e6b8f/Jordan-Henderson,2014,eng England,1. World Cup,23,2,160,0,0
Jordan Henderson,https://fbref.com/en/players/935e6b8f/Jordan-Henderson,2014,eng England,Friendlies (M),23,5,345,0,0
Jordan Henderson,https://fbref.com/en/players/935e6b8f/Jordan-Henderson,2015,eng England,Friendlies (M),24,2,163,0,0
Jordan Henderson,https://fbref.com/en/players/935e6b8f/Jordan-Henderson,2016,eng England,Friendlies (M),25,5,296,0,2
Jordan Henderson,https://fbref.com/en/players/935e6b8f/Jordan-Henderson,2016,eng England,UEFA Euro,25,1,90,0,0
Jordan Henderson,https://fbref.com/en/players/935e6b8f/Jordan-Henderson,2016,eng England,UEFA Euro Qualifying,25,6,448,0,1
Jordan Henderson,https://fbref.com/en/players/935e6b8f/Jordan-Henderson,2018,eng England,1. World Cup,27,5,480,0,0
Jordan Henderson,https://fbref.com/en/players/935e6b8f/Jordan-Henderson,2018,eng England,WCQ,27,8,693,0,3
Jordan Henderson,https://fbref.com/en/players/935e6b8f/Jordan-Henderson,2018,eng England,Friendlies (M),27,5,227,0,0
Jordan Henderson,https://fbref.com/en/players/935e6b8f/Jordan-Henderson,2018-2019,eng England,UEFA Nations League,28,3,197,0,0
Jordan Henderson,https://fbref.com/en/players/935e6b8f/Jordan-Henderson,2020,eng England,Friendlies (M),29,0,,,
Jordan Henderson,https://fbref.com/en/players/935e6b8f/Jordan-Henderson,2020-2021,eng England,UEFA Nations League,30,3,124,0,0
Jordan Henderson,https://fbref.com/en/players/935e6b8f/Jordan-Henderson,2021,eng England,Friendlies (M),30,1,45,0,0
Jordan Henderson,https://fbref.com/en/players/935e6b8f/Jordan-Henderson,2021,eng England,UEFA Euro,30,5,154,1,0
Jordan Henderson,https://fbref.com/en/players/935e6b8f/Jordan-Henderson,2021,eng England,UEFA Euro Qualifying,30,6,453,0,1
Jordan Henderson,https://fbref.com/en/players/935e6b8f/Jordan-Henderson,2022,eng England,1. World Cup,31,4,271,1,0
Jordan Henderson,https://fbref.com/en/players/935e6b8f/Jordan-Henderson,2022,eng England,WCQ,31,4,198,1,1
Jordan Henderson,https://fbref.com/en/players/935e6b8f/Jordan-Henderson,2022,eng England,Friendlies (M),31,1,90,0,0
Jordan Henderson,https://fbref.com/en/players/935e6b8f/Jordan-Henderson,2022-2023,eng England,UEFA Nations League,32,1,1,0,0
Jordan Henderson,https://fbref.com/en/players/935e6b8f/Jordan-Henderson,2023,eng England,Friendlies (M),32,1,61,0,0
Jordan Henderson,https://fbref.com/en/players/935e6b8f/Jordan-Henderson,2024,eng England,Friendlies (M),33,0,,,
Jordan Henderson,https://fbref.com/en/players/935e6b8f/Jordan-Henderson,2024,eng England,UEFA Euro Qualifying,33,6,377,0,2
Jordan Henderson,https://fbref.com/en/players/935e6b8f/Jordan-Henderson,2025,eng England,Friendlies (M),34,1,22,0,0
Jordan Henderson,https://fbref.com/en/players/935e6b8f/Jordan-Henderson,2026,eng England,WCQ,35,6,152,0,0
Jordan Pickford,https://fbref.com/en/players/4806ec67/Jordan-Pickford,2016,eng England,Friendlies (M),21,0,,,
Jordan Pickford,https://fbref.com/en/players/4806ec67/Jordan-Pickford,2017,eng England,Friendlies (M),22,1,90,0,0
Jordan Pickford,https://fbref.com/en/players/4806ec67/Jordan-Pickford,2018,eng England,1. World Cup,24,7,690,0,0
Jordan Pickford,https://fbref.com/en/players/4806ec67/Jordan-Pickford,2018,eng England,WCQ,23,0,,,
Jordan Pickford,https://fbref.com/en/players/4806ec67/Jordan-Pickford,2018,eng England,Friendlies (M),23,3,225,0,0
Jordan Pickford,https://fbref.com/en/players/4806ec67/Jordan-Pickford,2018-2019,eng England,UEFA Nations League,24,6,600,0,0
Jordan Pickford,https://fbref.com/en/players/4806ec67/Jordan-Pickford,2020,eng England,Friendlies (M),25,0,,,
Jordan Pickford,https://fbref.com/en/players/4806ec67/Jordan-Pickford,2020-2021,eng England,UEFA Nations League,26,6,540,0,0
Jordan Pickford,https://fbref.com/en/players/4806ec67/Jordan-Pickford,2021,eng England,Friendlies (M),26,1,90,0,0
Jordan Pickford,https://fbref.com/en/players/4806ec67/Jordan-Pickford,2021,eng England,UEFA Euro,26,7,690,0,0
Jordan Pickford,https://fbref.com/en/players/4806ec67/Jordan-Pickford,2021,eng England,UEFA Euro Qualifying,26,7,630,0,0
Jordan Pickford,https://fbref.com/en/players/4806ec67/Jordan-Pickford,2022,eng England,1. World Cup,28,5,450,0,0
Jordan Pickford,https://fbref.com/en/players/4806ec67/Jordan-Pickford,2022,eng England,Friendlies (M),27,1,90,0,0
Jordan Pickford,https://fbref.com/en/players/4806ec67/Jordan-Pickford,2022,eng England,WCQ,27,4,360,0,0
Jordan Pickford,https://fbref.com/en/players/4806ec67/Jordan-Pickford,2022-2023,eng England,UEFA Nations League,28,2,180,0,0
Jordan Pickford,https://fbref.com/en/players/4806ec67/Jordan-Pickford,2023,eng England,Friendlies (M),28,0,,,
Jordan Pickford,https://fbref.com/en/players/4806ec67/Jordan-Pickford,2024,eng England,Friendlies (M),29,3,270,0,0
Jordan Pickford,https://fbref.com/en/players/4806ec67/Jordan-Pickford,2024,eng England,UEFA Euro,29,7,690,0,0
Jordan Pickford,https://fbref.com/en/players/4806ec67/Jordan-Pickford,2024,eng England,UEFA Euro Qualifying,29,8,720,0,0
Jordan Pickford,https://fbref.com/en/players/4806ec67/Jordan-Pickford,2024-2025,eng England,UEFA Nations League,30,5,450,0,0
Jordan Pickford,https://fbref.com/en/players/4806ec67/Jordan-Pickford,2025,eng England,Friendlies (M),30,1,90,0,0
Jordan Pickford,https://fbref.com/en/players/4806ec67/Jordan-Pickford,2026,eng England,WCQ,31,7,630,0,0
Jordan Veretout,https://fbref.com/en/players/4a56052c/Jordan-Veretout,2020-2021,fr France,UEFA Nations League,27,2,2,0,0
Jordan Veretout,https://fbref.com/en/players/4a56052c/Jordan-Veretout,2022,fr France,1. World Cup,29,1,62,0,0
Jordan Veretout,https://fbref.com/en/players/4a56052c/Jordan-Veretout,2022,fr France,WCQ,28,3,65,0,0
Jordan Veretout,https://fbref.com/en/players/4a56052c/Jordan-Veretout,2022-2023,fr France,UEFA Nations League,29,0,,,
Jordan Veretout,https://fbref.com/en/players/4a56052c/Jordan-Veretout,2024,fr France,UEFA Euro Qualifying,30,0,,,
Jordi Amat,https://fbref.com/en/players/d70a2141/Jordi-Amat,2023,id Indonesia,Friendlies (M),30,3,270,1,0
Jordi Amat,https://fbref.com/en/players/d70a2141/Jordi-Amat,2023,id Indonesia,Asian Cup,30,4,339,0,0
Jordi Amat,https://fbref.com/en/players/d70a2141/Jordi-Amat,2025,id Indonesia,Friendlies (M),32,1,90,1,0
Jordi Amat,https://fbref.com/en/players/d70a2141/Jordi-Amat,2026,id Indonesia,WCQ,33,5,297,0,0
Jordy Clasie,https://fbref.com/en/players/31c01b85/Jordy-Clasie,2014,nl Netherlands,1. World Cup,22,2,148,0,0
Jordy Clasie,https://fbref.com/en/players/31c01b85/Jordy-Clasie,2014,nl Netherlands,WCQ,22,5,246,0,0
Jordy Clasie,https://fbref.com/en/players/31c01b85/Jordy-Clasie,2014,nl Netherlands,Friendlies (M),22,2,135,0,1
Jordy Clasie,https://fbref.com/en/players/31c01b85/Jordy-Clasie,2015,nl Netherlands,Friendlies (M),23,2,163,0,0
Jordy Clasie,https://fbref.com/en/players/31c01b85/Jordy-Clasie,2016,nl Netherlands,Friendlies (M),24,3,122,0,0
Jordy Clasie,https://fbref.com/en/players/31c01b85/Jordy-Clasie,2016,nl Netherlands,UEFA Euro Qualifying,24,1,71,0,1
Jordy Clasie,https://fbref.com/en/players/31c01b85/Jordy-Clasie,2018,nl Netherlands,WCQ,26,1,12,0,0
Jordy Clasie,https://fbref.com/en/players/31c01b85/Jordy-Clasie,2022,nl Netherlands,Friendlies (M),30,0,,,
Jores Okore,https://fbref.com/en/players/bd7138e5/Jores-Okore,2012,dk Denmark,UEFA Euro,19,0,,,
Jores Okore,https://fbref.com/en/players/bd7138e5/Jores-Okore,2014,dk Denmark,WCQ,21,1,45,0,0
Jores Okore,https://fbref.com/en/players/bd7138e5/Jores-Okore,2016,dk Denmark,Friendlies (M),23,0,,,
Jores Okore,https://fbref.com/en/players/bd7138e5/Jores-Okore,2016,dk Denmark,UEFA Euro Qualifying,23,1,34,0,0
José Bosingwa,https://fbref.com/en/players/13dd442f/Jose-Bosingwa,2008,pt Portugal,UEFA Euro,25,3,270,0,
José Bosingwa,https://fbref.com/en/players/13dd442f/Jose-Bosingwa,2008,pt Portugal,UEFA Euro Qualifying,25,5,398,0,
José Bosingwa,https://fbref.com/en/players/13dd442f/Jose-Bosingwa,2010,pt Portugal,WCQ,27,9,764,0,
José Bosingwa,https://fbref.com/en/players/13dd442f/Jose-Bosingwa,2014,pt Portugal,Friendlies (M),31,1,90,0,0
José Bosingwa,https://fbref.com/en/players/13dd442f/Jose-Bosingwa,2016,pt Portugal,UEFA Euro Qualifying,33,2,180,0,0
José Campaña,https://fbref.com/en/players/61220da2/Jose-Campana,2020,es Spain,Friendlies (M),26,1,45,0,0
José Campaña,https://fbref.com/en/players/61220da2/Jose-Campana,2020-2021,es Spain,UEFA Nations League,27,0,,,
José Fonte,https://fbref.com/en/players/90f87966/Jose-Fonte,2014,pt Portugal,Friendlies (M),30,1,45,0,0
José Fonte,https://fbref.com/en/players/90f87966/Jose-Fonte,2015,pt Portugal,Friendlies (M),31,3,244,0,0
José Fonte,https://fbref.com/en/players/90f87966/Jose-Fonte,2016,pt Portugal,Friendlies (M),32,4,323,0,0
José Fonte,https://fbref.com/en/players/90f87966/Jose-Fonte,2016,pt Portugal,UEFA Euro,32,4,450,0,0
José Fonte,https://fbref.com/en/players/90f87966/Jose-Fonte,2016,pt Portugal,UEFA Euro Qualifying,32,4,178,0,0
José Fonte,https://fbref.com/en/players/90f87966/Jose-Fonte,2017,pt Portugal,Friendlies (M),33,1,90,0,0
José Fonte,https://fbref.com/en/players/90f87966/Jose-Fonte,2017,pt Portugal,FIFA Confederations Cup,33,2,210,0,0
José Fonte,https://fbref.com/en/players/90f87966/Jose-Fonte,2018,pt Portugal,WCQ,34,8,720,0,2
José Fonte,https://fbref.com/en/players/90f87966/Jose-Fonte,2018,pt Portugal,Friendlies (M),34,4,243,0,0
José Fonte,https://fbref.com/en/players/90f87966/Jose-Fonte,2018,pt Portugal,1. World Cup,34,4,360,0,0
José Fonte,https://fbref.com/en/players/90f87966/Jose-Fonte,2018-2019,pt Portugal,UEFA Nations League,34,3,208,0,0
José Fonte,https://fbref.com/en/players/90f87966/Jose-Fonte,2020,pt Portugal,Friendlies (M),36,0,,,
José Fonte,https://fbref.com/en/players/90f87966/Jose-Fonte,2020-2021,pt Portugal,UEFA Nations League,36,1,90,0,0
José Fonte,https://fbref.com/en/players/90f87966/Jose-Fonte,2021,pt Portugal,Friendlies (M),37,2,180,1,0
José Fonte,https://fbref.com/en/players/90f87966/Jose-Fonte,2021,pt Portugal,UEFA Euro,37,0,,,
José Fonte,https://fbref.com/en/players/90f87966/Jose-Fonte,2021,pt Portugal,UEFA Euro Qualifying,37,4,360,0,0
José Fonte,https://fbref.com/en/players/90f87966/Jose-Fonte,2022,pt Portugal,WCQ,38,5,368,0,0
José Holebas,https://fbref.com/en/players/12aa7661/Jose-Holebas,2012,gr Greece,UEFA Euro,27,3,207,0,0
José Holebas,https://fbref.com/en/players/12aa7661/Jose-Holebas,2014,gr Greece,1. World Cup,29,4,390,0,0
José Holebas,https://fbref.com/en/players/12aa7661/Jose-Holebas,2014,gr Greece,WCQ,29,9,586,0,2
José Holebas,https://fbref.com/en/players/12aa7661/Jose-Holebas,2014,gr Greece,Friendlies (M),29,1,90,0,0
José Holebas,https://fbref.com/en/players/12aa7661/Jose-Holebas,2015,gr Greece,Friendlies (M),30,2,158,0,0
José Holebas,https://fbref.com/en/players/12aa7661/Jose-Holebas,2016,gr Greece,Friendlies (M),31,4,244,0,0
José Holebas,https://fbref.com/en/players/12aa7661/Jose-Holebas,2016,gr Greece,UEFA Euro Qualifying,31,5,416,0,1
José Holebas,https://fbref.com/en/players/12aa7661/Jose-Holebas,2018,gr Greece,WCQ,33,1,14,0,0
Joselu,https://fbref.com/en/players/6265208f/Joselu,2022-2023,es Spain,UEFA Nations League,32,2,62,1,0
Joselu,https://fbref.com/en/players/6265208f/Joselu,2024,es Spain,Friendlies (M),33,2,79,0,0
Joselu,https://fbref.com/en/players/6265208f/Joselu,2024,es Spain,UEFA Euro,33,2,90,0,0
Joselu,https://fbref.com/en/players/6265208f/Joselu,2024,es Spain,UEFA Euro Qualifying,33,7,237,4,2
Joselu,https://fbref.com/en/players/6265208f/Joselu,2024-2025,es Spain,UEFA Nations League,34,4,125,1,1
Joseph Yobo,https://fbref.com/en/players/acd633df/Joseph-Yobo,2002,ng Nigeria,1. World Cup,21,3,270,0,
Joseph Yobo,https://fbref.com/en/players/acd633df/Joseph-Yobo,2010,ng Nigeria,1. World Cup,29,3,225,0,
Joseph Yobo,https://fbref.com/en/players/acd633df/Joseph-Yobo,2010,ng Nigeria,Africa Cup of Nations,29,2,144,0,0
Joseph Yobo,https://fbref.com/en/players/acd633df/Joseph-Yobo,2013,ng Nigeria,Africa Cup of Nations,32,5,104,0,0
Joseph Yobo,https://fbref.com/en/players/acd633df/Joseph-Yobo,2014,ng Nigeria,1. World Cup,33,4,332,0,0
Joseph Yobo,https://fbref.com/en/players/acd633df/Joseph-Yobo,2014,ng Nigeria,Friendlies (M),33,2,135,0,0
Josh Cullen,https://fbref.com/en/players/f6d7d690/Josh-Cullen,2019,ie Rep. of Ireland,Friendlies (M),22,2,180,0,0
Josh Cullen,https://fbref.com/en/players/f6d7d690/Josh-Cullen,2020-2021,ie Rep. of Ireland,UEFA Nations League,24,2,26,0,0
Josh Cullen,https://fbref.com/en/players/f6d7d690/Josh-Cullen,2021,ie Rep. of Ireland,Friendlies (M),24,3,187,0,0
Josh Cullen,https://fbref.com/en/players/f6d7d690/Josh-Cullen,2021,ie Rep. of Ireland,UEFA Euro Qualifying,24,0,,,
Josh Cullen,https://fbref.com/en/players/f6d7d690/Josh-Cullen,2022,ie Rep. of Ireland,WCQ,25,8,687,0,2
Josh Cullen,https://fbref.com/en/players/f6d7d690/Josh-Cullen,2022,ie Rep. of Ireland,Friendlies (M),25,3,270,0,0
Josh Cullen,https://fbref.com/en/players/f6d7d690/Josh-Cullen,2022-2023,ie Rep. of Ireland,UEFA Nations League,26,5,440,0,0
Josh Cullen,https://fbref.com/en/players/f6d7d690/Josh-Cullen,2023,ie Rep. of Ireland,Friendlies (M),26,1,37,0,0
Josh Cullen,https://fbref.com/en/players/f6d7d690/Josh-Cullen,2024,ie Rep. of Ireland,Friendlies (M),27,4,344,0,0
Josh Cullen,https://fbref.com/en/players/f6d7d690/Josh-Cullen,2024,ie Rep. of Ireland,UEFA Euro Qualifying,27,8,703,0,0
Josh Cullen,https://fbref.com/en/players/f6d7d690/Josh-Cullen,2024-2025,ie Rep. of Ireland,UEFA Nations League,28,4,345,0,0
Josh Cullen,https://fbref.com/en/players/f6d7d690/Josh-Cullen,2026,ie Rep. of Ireland,WCQ,29,5,393,0,0
Joshua King,https://fbref.com/en/players/43458538/Joshua-King,2014,no Norway,WCQ,22,8,346,2,0
Joshua King,https://fbref.com/en/players/43458538/Joshua-King,2014,no Norway,Friendlies (M),22,2,137,0,0
Joshua King,https://fbref.com/en/players/43458538/Joshua-King,2015,no Norway,Friendlies (M),23,1,45,0,0
Joshua King,https://fbref.com/en/players/43458538/Joshua-King,2016,no Norway,Friendlies (M),24,4,262,1,0
Joshua King,https://fbref.com/en/players/43458538/Joshua-King,2016,no Norway,UEFA Euro Qualifying,24,6,345,2,1
Joshua King,https://fbref.com/en/players/43458538/Joshua-King,2018,no Norway,WCQ,26,8,642,5,1
Joshua King,https://fbref.com/en/players/43458538/Joshua-King,2018,no Norway,Friendlies (M),26,2,65,2,1
Joshua King,https://fbref.com/en/players/43458538/Joshua-King,2018-2019,no Norway,UEFA Nations League,26,4,358,0,0
Joshua King,https://fbref.com/en/players/43458538/Joshua-King,2020-2021,no Norway,UEFA Nations League,28,4,159,0,0
Joshua King,https://fbref.com/en/players/43458538/Joshua-King,2021,no Norway,UEFA Euro Qualifying,29,10,817,5,3
Joshua King,https://fbref.com/en/players/43458538/Joshua-King,2022,no Norway,WCQ,30,7,158,0,0
Joshua King,https://fbref.com/en/players/43458538/Joshua-King,2022,no Norway,Friendlies (M),30,1,90,3,1
Joshua King,https://fbref.com/en/players/43458538/Joshua-King,2022-2023,no Norway,UEFA Nations League,30,3,106,0,0
Jozy Altidore,https://fbref.com/en/players/8db8ad1e/Jozy-Altidore,2009,us United States,FIFA Confederations Cup,19,5,348,1,1
Jozy Altidore,https://fbref.com/en/players/8db8ad1e/Jozy-Altidore,2010,us United States,1. World Cup,20,4,355,0,
Jozy Altidore,https://fbref.com/en/players/8db8ad1e/Jozy-Altidore,2010,us United States,WCQ,20,13,757,6,
Jozy Altidore,https://fbref.com/en/players/8db8ad1e/Jozy-Altidore,2014,us United States,1. World Cup,24,1,22,0,0
Jozy Altidore,https://fbref.com/en/players/8db8ad1e/Jozy-Altidore,2014,us United States,WCQ,24,13,800,4,0
Jozy Altidore,https://fbref.com/en/players/8db8ad1e/Jozy-Altidore,2014,us United States,Friendlies (M),24,9,778,4,0
Jozy Altidore,https://fbref.com/en/players/8db8ad1e/Jozy-Altidore,2015,us United States,Friendlies (M),25,8,534,4,1
Jozy Altidore,https://fbref.com/en/players/8db8ad1e/Jozy-Altidore,2015,us United States,Gold Cup,25,2,102,0,0
Jozy Altidore,https://fbref.com/en/players/8db8ad1e/Jozy-Altidore,2016,us United States,Friendlies (M),26,4,318,2,1
Jozy Altidore,https://fbref.com/en/players/8db8ad1e/Jozy-Altidore,2017,us United States,Friendlies (M),27,1,73,0,0
Jozy Altidore,https://fbref.com/en/players/8db8ad1e/Jozy-Altidore,2017,us United States,Gold Cup,27,3,262,2,0
Jozy Altidore,https://fbref.com/en/players/8db8ad1e/Jozy-Altidore,2018,us United States,WCQ,28,15,1085,8,4
Jozy Altidore,https://fbref.com/en/players/8db8ad1e/Jozy-Altidore,2019,us United States,Friendlies (M),29,1,45,0,0
Jozy Altidore,https://fbref.com/en/players/8db8ad1e/Jozy-Altidore,2019,us United States,Gold Cup,29,4,217,1,1
Juan Carlos Paredes,https://fbref.com/en/players/5d8c6afd/Juan-Carlos-Paredes,2014,ec Ecuador,1. World Cup,26,3,270,0,0
Juan Carlos Paredes,https://fbref.com/en/players/5d8c6afd/Juan-Carlos-Paredes,2014,ec Ecuador,WCQ,26,9,773,0,0
Juan Carlos Paredes,https://fbref.com/en/players/5d8c6afd/Juan-Carlos-Paredes,2014,ec Ecuador,Friendlies (M),26,5,403,0,0
Juan Carlos Paredes,https://fbref.com/en/players/5d8c6afd/Juan-Carlos-Paredes,2015,ec Ecuador,Friendlies (M),27,5,396,0,0
Juan Carlos Paredes,https://fbref.com/en/players/5d8c6afd/Juan-Carlos-Paredes,2016,ec Ecuador,Friendlies (M),28,1,90,0,0
Juan Carlos Paredes,https://fbref.com/en/players/5d8c6afd/Juan-Carlos-Paredes,2018,ec Ecuador,WCQ,30,11,936,0,1
Juan Carlos Paredes,https://fbref.com/en/players/5d8c6afd/Juan-Carlos-Paredes,2018,ec Ecuador,Friendlies (M),30,4,331,0,1
Juan Carlos Paredes,https://fbref.com/en/players/5d8c6afd/Juan-Carlos-Paredes,2019,ec Ecuador,Friendlies (M),31,2,180,0,0
Juan Cuadrado,https://fbref.com/en/players/0ab1f153/Juan-Cuadrado,2014,co Colombia,WCQ,25,5,270,0,0
Juan Cuadrado,https://fbref.com/en/players/0ab1f153/Juan-Cuadrado,2014,co Colombia,Friendlies (M),25,5,377,0,0
Juan Cuadrado,https://fbref.com/en/players/0ab1f153/Juan-Cuadrado,2014,co Colombia,1. World Cup,26,5,384,1,4
Juan Cuadrado,https://fbref.com/en/players/0ab1f153/Juan-Cuadrado,2015,co Colombia,Friendlies (M),26,1,76,0,1
Juan Cuadrado,https://fbref.com/en/players/0ab1f153/Juan-Cuadrado,2016,co Colombia,Friendlies (M),27,1,65,1,1
Juan Cuadrado,https://fbref.com/en/players/0ab1f153/Juan-Cuadrado,2017,co Colombia,Friendlies (M),28,2,163,0,1
Juan Cuadrado,https://fbref.com/en/players/0ab1f153/Juan-Cuadrado,2018,co Colombia,WCQ,29,15,1133,1,2
Juan Cuadrado,https://fbref.com/en/players/0ab1f153/Juan-Cuadrado,2018,co Colombia,Friendlies (M),29,5,277,0,1
Juan Cuadrado,https://fbref.com/en/players/0ab1f153/Juan-Cuadrado,2018,co Colombia,1. World Cup,30,4,330,1,1
Juan Cuadrado,https://fbref.com/en/players/0ab1f153/Juan-Cuadrado,2019,co Colombia,Friendlies (M),30,8,466,0,1
Juan Cuadrado,https://fbref.com/en/players/0ab1f153/Juan-Cuadrado,2022,co Colombia,WCQ,33,16,1380,1,3
Juan Cuadrado,https://fbref.com/en/players/0ab1f153/Juan-Cuadrado,2022,co Colombia,Friendlies (M),33,2,135,0,1
Juan Cuadrado,https://fbref.com/en/players/0ab1f153/Juan-Cuadrado,2023,co Colombia,Friendlies (M),34,2,147,1,1
Juan Cuadrado,https://fbref.com/en/players/0ab1f153/Juan-Cuadrado,2026,co Colombia,WCQ,37,1,45,0,0
Juan Iturbe,https://fbref.com/en/players/2c0fbaf5/Juan-Iturbe,2016,py Paraguay,Friendlies (M),22,1,10,0,0
Juan Iturbe,https://fbref.com/en/players/2c0fbaf5/Juan-Iturbe,2017,py Paraguay,Friendlies (M),23,2,67,0,0
Juan Iturbe,https://fbref.com/en/players/2c0fbaf5/Juan-Iturbe,2018,py Paraguay,WCQ,24,3,181,0,0
Juan Iturbe,https://fbref.com/en/players/2c0fbaf5/Juan-Iturbe,2019,py Paraguay,Friendlies (M),25,1,45,0,0
Juan Mata,https://fbref.com/en/players/29733c72/Juan-Mata,2009,es Spain,FIFA Confederations Cup,20,2,103,0,0
Juan Mata,https://fbref.com/en/players/29733c72/Juan-Mata,2010,es Spain,1. World Cup,22,1,21,0,
Juan Mata,https://fbref.com/en/players/29733c72/Juan-Mata,2010,es Spain,WCQ,21,4,114,3,
Juan Mata,https://fbref.com/en/players/29733c72/Juan-Mata,2012,es Spain,UEFA Euro,23,1,4,1,0
Juan Mata,https://fbref.com/en/players/29733c72/Juan-Mata,2012,es Spain,UEFA Euro Qualifying,23,3,204,2,
Juan Mata,https://fbref.com/en/players/29733c72/Juan-Mata,2013,es Spain,FIFA Confederations Cup,24,4,171,1,1
Juan Mata,https://fbref.com/en/players/29733c72/Juan-Mata,2014,es Spain,1. World Cup,26,1,35,1,0
Juan Mata,https://fbref.com/en/players/29733c72/Juan-Mata,2014,es Spain,WCQ,25,3,50,1,0
Juan Mata,https://fbref.com/en/players/29733c72/Juan-Mata,2014,es Spain,Friendlies (M),25,1,45,0,0
Juan Mata,https://fbref.com/en/players/29733c72/Juan-Mata,2015,es Spain,Friendlies (M),26,1,27,0,0
Juan Mata,https://fbref.com/en/players/29733c72/Juan-Mata,2016,es Spain,Friendlies (M),27,3,114,0,0
Juan Mata,https://fbref.com/en/players/29733c72/Juan-Mata,2016,es Spain,UEFA Euro Qualifying,27,3,198,1,0
Juan Mata,https://fbref.com/en/players/29733c72/Juan-Mata,2018,es Spain,WCQ,29,0,,,
Juanmi,https://fbref.com/en/players/84399660/Juanmi,2015,es Spain,Friendlies (M),21,1,61,0,0
Juanmi,https://fbref.com/en/players/84399660/Juanmi,2016,es Spain,UEFA Euro Qualifying,22,0,,,
Junior Hoilett,https://fbref.com/en/players/33af5b9e/Junior-Hoilett,2015,ca Canada,Friendlies (M),24,1,86,0,0
Junior Hoilett,https://fbref.com/en/players/33af5b9e/Junior-Hoilett,2016,ca Canada,Friendlies (M),25,3,200,0,1
Junior Hoilett,https://fbref.com/en/players/33af5b9e/Junior-Hoilett,2017,ca Canada,Friendlies (M),26,3,270,0,1
Junior Hoilett,https://fbref.com/en/players/33af5b9e/Junior-Hoilett,2017,ca Canada,Gold Cup,26,4,328,1,0
Junior Hoilett,https://fbref.com/en/players/33af5b9e/Junior-Hoilett,2018,ca Canada,WCQ,27,6,490,0,0
Junior Hoilett,https://fbref.com/en/players/33af5b9e/Junior-Hoilett,2019,ca Canada,Gold Cup,28,3,243,2,2
Junior Hoilett,https://fbref.com/en/players/33af5b9e/Junior-Hoilett,2021,ca Canada,Gold Cup,30,5,321,2,2
Junior Hoilett,https://fbref.com/en/players/33af5b9e/Junior-Hoilett,2022,ca Canada,1. World Cup,32,3,161,0,0
Junior Hoilett,https://fbref.com/en/players/33af5b9e/Junior-Hoilett,2022,ca Canada,WCQ,31,13,591,3,1
Junior Hoilett,https://fbref.com/en/players/33af5b9e/Junior-Hoilett,2022,ca Canada,Friendlies (M),31,3,225,0,0
Junior Hoilett,https://fbref.com/en/players/33af5b9e/Junior-Hoilett,2023,ca Canada,Friendlies (M),32,1,30,1,0
Junior Hoilett,https://fbref.com/en/players/33af5b9e/Junior-Hoilett,2023,ca Canada,Gold Cup,32,4,281,1,2
Junior Hoilett,https://fbref.com/en/players/33af5b9e/Junior-Hoilett,2024,ca Canada,Friendlies (M),33,1,20,0,0
Junior Hoilett,https://fbref.com/en/players/33af5b9e/Junior-Hoilett,2025,ca Canada,Friendlies (M),34,3,50,0,0
Jussi Jääskeläinen,https://fbref.com/en/players/340d2a24/Jussi-Jaaskelainen,2006,fi Finland,WCQ,30,5,450,0,
Jussi Jääskeläinen,https://fbref.com/en/players/340d2a24/Jussi-Jaaskelainen,2008,fi Finland,UEFA Euro Qualifying,32,14,1260,0,
Jussi Jääskeläinen,https://fbref.com/en/players/340d2a24/Jussi-Jaaskelainen,2010,fi Finland,WCQ,34,10,900,0,
Jussi Jääskeläinen,https://fbref.com/en/players/340d2a24/Jussi-Jaaskelainen,2012,fi Finland,UEFA Euro Qualifying,36,1,90,0,
Kader Mangane,https://fbref.com/en/players/dbb10755/Kader-Mangane,2012,sn Senegal,Africa Cup of Nations,28,3,270,0,0
Kagisho Dikgacoi,https://fbref.com/en/players/701d7cac/Kagisho-Dikgacoi,2009,za South Africa,FIFA Confederations Cup,24,5,480,0,0
Kagisho Dikgacoi,https://fbref.com/en/players/701d7cac/Kagisho-Dikgacoi,2010,za South Africa,1. World Cup,25,2,180,0,
Kagisho Dikgacoi,https://fbref.com/en/players/701d7cac/Kagisho-Dikgacoi,2013,za South Africa,Africa Cup of Nations,28,2,46,0,0
Kagisho Dikgacoi,https://fbref.com/en/players/701d7cac/Kagisho-Dikgacoi,2014,za South Africa,WCQ,29,2,112,0,
Karim El Ahmadi,https://fbref.com/en/players/0ff9eabc/Karim-El-Ahmadi,2012,ma Morocco,Africa Cup of Nations,27,1,90,0,0
Karim El Ahmadi,https://fbref.com/en/players/0ff9eabc/Karim-El-Ahmadi,2013,ma Morocco,Africa Cup of Nations,28,2,171,0,0
Karim El Ahmadi,https://fbref.com/en/players/0ff9eabc/Karim-El-Ahmadi,2014,ma Morocco,Friendlies (M),29,3,185,0,0
Karim El Ahmadi,https://fbref.com/en/players/0ff9eabc/Karim-El-Ahmadi,2015,ma Morocco,Friendlies (M),30,3,239,0,0
Karim El Ahmadi,https://fbref.com/en/players/0ff9eabc/Karim-El-Ahmadi,2016,ma Morocco,Friendlies (M),31,3,270,0,0
Karim El Ahmadi,https://fbref.com/en/players/0ff9eabc/Karim-El-Ahmadi,2017,ma Morocco,Friendlies (M),32,2,153,0,0
Karim El Ahmadi,https://fbref.com/en/players/0ff9eabc/Karim-El-Ahmadi,2017,ma Morocco,Africa Cup of Nations,32,4,360,0,1
Karim El Ahmadi,https://fbref.com/en/players/0ff9eabc/Karim-El-Ahmadi,2017,ma Morocco,Africa Cup of Nations qualification,32,4,360,0,0
Karim El Ahmadi,https://fbref.com/en/players/0ff9eabc/Karim-El-Ahmadi,2018,ma Morocco,1. World Cup,33,3,265,0,0
Karim El Ahmadi,https://fbref.com/en/players/0ff9eabc/Karim-El-Ahmadi,2018,ma Morocco,WCQ,33,5,444,0,1
Karim El Ahmadi,https://fbref.com/en/players/0ff9eabc/Karim-El-Ahmadi,2018,ma Morocco,Friendlies (M),33,5,299,0,0
Karim El Ahmadi,https://fbref.com/en/players/0ff9eabc/Karim-El-Ahmadi,2019,ma Morocco,Friendlies (M),34,2,106,0,0
Karim El Ahmadi,https://fbref.com/en/players/0ff9eabc/Karim-El-Ahmadi,2019,ma Morocco,Africa Cup of Nations,34,4,270,0,0
Karim El Ahmadi,https://fbref.com/en/players/0ff9eabc/Karim-El-Ahmadi,2019,ma Morocco,Africa Cup of Nations qualification,34,4,360,0,0
Karim Rekik,https://fbref.com/en/players/3376a776/Karim-Rekik,2014,nl Netherlands,Friendlies (M),19,1,39,0,0
Karim Rekik,https://fbref.com/en/players/3376a776/Karim-Rekik,2015,nl Netherlands,Friendlies (M),20,0,,,
Karim Rekik,https://fbref.com/en/players/3376a776/Karim-Rekik,2016,nl Netherlands,UEFA Euro Qualifying,21,0,,,
Karim Rekik,https://fbref.com/en/players/3376a776/Karim-Rekik,2017,nl Netherlands,Friendlies (M),22,1,90,0,0
Karim Rekik,https://fbref.com/en/players/3376a776/Karim-Rekik,2018,nl Netherlands,WCQ,23,2,180,0,0
Karl Darlow,https://fbref.com/en/players/cde3309f/Karl-Darlow,2024-2025,wls Wales,UEFA Nations League,33,3,270,0,0
Karl Darlow,https://fbref.com/en/players/cde3309f/Karl-Darlow,2025,wls Wales,Friendlies (M),34,1,90,0,0
Karl Darlow,https://fbref.com/en/players/cde3309f/Karl-Darlow,2026,wls Wales,WCQ,35,8,720,0,0
Kaspars Gorkšs,https://fbref.com/en/players/a340b996/Kaspars-Gorkss,2008,lv Latvia,UEFA Euro Qualifying,26,8,663,1,
Kaspars Gorkšs,https://fbref.com/en/players/a340b996/Kaspars-Gorkss,2010,lv Latvia,WCQ,28,10,900,1,
Kaspars Gorkšs,https://fbref.com/en/players/a340b996/Kaspars-Gorkss,2012,lv Latvia,UEFA Euro Qualifying,30,9,810,2,
Kaspars Gorkšs,https://fbref.com/en/players/a340b996/Kaspars-Gorkss,2014,lv Latvia,WCQ,32,10,900,1,1
Kaspars Gorkšs,https://fbref.com/en/players/a340b996/Kaspars-Gorkss,2014,lv Latvia,Friendlies (M),32,2,180,0,1
Kaspars Gorkšs,https://fbref.com/en/players/a340b996/Kaspars-Gorkss,2015,lv Latvia,Friendlies (M),33,2,180,0,0
Kaspars Gorkšs,https://fbref.com/en/players/a340b996/Kaspars-Gorkss,2016,lv Latvia,Friendlies (M),34,2,180,0,0
Kaspars Gorkšs,https://fbref.com/en/players/a340b996/Kaspars-Gorkss,2016,lv Latvia,UEFA Euro Qualifying,34,9,810,0,0
Kaspars Gorkšs,https://fbref.com/en/players/a340b996/Kaspars-Gorkss,2017,lv Latvia,Friendlies (M),35,2,180,0,0
Kaspars Gorkšs,https://fbref.com/en/players/a340b996/Kaspars-Gorkss,2018,lv Latvia,WCQ,36,9,810,0,0
Kasper Schmeichel,https://fbref.com/en/players/53af52f3/Kasper-Schmeichel,2012,dk Denmark,UEFA Euro,25,0,,,
Kasper Schmeichel,https://fbref.com/en/players/53af52f3/Kasper-Schmeichel,2014,dk Denmark,WCQ,27,1,90,0,0
Kasper Schmeichel,https://fbref.com/en/players/53af52f3/Kasper-Schmeichel,2014,dk Denmark,Friendlies (M),27,2,180,0,0
Kasper Schmeichel,https://fbref.com/en/players/53af52f3/Kasper-Schmeichel,2015,dk Denmark,Friendlies (M),28,3,270,0,0
Kasper Schmeichel,https://fbref.com/en/players/53af52f3/Kasper-Schmeichel,2016,dk Denmark,Friendlies (M),29,2,135,0,0
Kasper Schmeichel,https://fbref.com/en/players/53af52f3/Kasper-Schmeichel,2016,dk Denmark,UEFA Euro Qualifying,29,10,900,0,0
Kasper Schmeichel,https://fbref.com/en/players/53af52f3/Kasper-Schmeichel,2018,dk Denmark,1. World Cup,31,4,390,0,0
Kasper Schmeichel,https://fbref.com/en/players/53af52f3/Kasper-Schmeichel,2018,dk Denmark,WCQ,31,9,810,0,0
Kasper Schmeichel,https://fbref.com/en/players/53af52f3/Kasper-Schmeichel,2018,dk Denmark,Friendlies (M),31,5,450,0,0
Kasper Schmeichel,https://fbref.com/en/players/53af52f3/Kasper-Schmeichel,2018-2019,dk Denmark,UEFA Nations League,31,3,270,0,0
Kasper Schmeichel,https://fbref.com/en/players/53af52f3/Kasper-Schmeichel,2019,dk Denmark,Friendlies (M),32,2,180,0,0
Kasper Schmeichel,https://fbref.com/en/players/53af52f3/Kasper-Schmeichel,2020,dk Denmark,Friendlies (M),33,1,90,0,0
Kasper Schmeichel,https://fbref.com/en/players/53af52f3/Kasper-Schmeichel,2020-2021,dk Denmark,UEFA Nations League,33,6,495,0,0
Kasper Schmeichel,https://fbref.com/en/players/53af52f3/Kasper-Schmeichel,2021,dk Denmark,Friendlies (M),34,2,180,0,0
Kasper Schmeichel,https://fbref.com/en/players/53af52f3/Kasper-Schmeichel,2021,dk Denmark,UEFA Euro Qualifying,34,8,720,0,0
Kasper Schmeichel,https://fbref.com/en/players/53af52f3/Kasper-Schmeichel,2021,dk Denmark,UEFA Euro,34,6,570,0,0
Kasper Schmeichel,https://fbref.com/en/players/53af52f3/Kasper-Schmeichel,2022,dk Denmark,1. World Cup,35,3,270,0,0
Kasper Schmeichel,https://fbref.com/en/players/53af52f3/Kasper-Schmeichel,2022,dk Denmark,WCQ,35,10,900,0,0
Kasper Schmeichel,https://fbref.com/en/players/53af52f3/Kasper-Schmeichel,2022,dk Denmark,Friendlies (M),35,2,180,0,0
Kasper Schmeichel,https://fbref.com/en/players/53af52f3/Kasper-Schmeichel,2022-2023,dk Denmark,UEFA Nations League,35,6,540,0,0
Kasper Schmeichel,https://fbref.com/en/players/53af52f3/Kasper-Schmeichel,2024,dk Denmark,Friendlies (M),37,2,180,0,0
Kasper Schmeichel,https://fbref.com/en/players/53af52f3/Kasper-Schmeichel,2024,dk Denmark,UEFA Euro,37,4,360,0,0
Kasper Schmeichel,https://fbref.com/en/players/53af52f3/Kasper-Schmeichel,2024,dk Denmark,UEFA Euro Qualifying,37,10,900,0,0
Kasper Schmeichel,https://fbref.com/en/players/53af52f3/Kasper-Schmeichel,2024-2025,dk Denmark,UEFA Nations League,37,8,750,0,0
Kasper Schmeichel,https://fbref.com/en/players/53af52f3/Kasper-Schmeichel,2025,dk Denmark,Friendlies (M),38,1,90,0,1
Kasper Schmeichel,https://fbref.com/en/players/53af52f3/Kasper-Schmeichel,2026,dk Denmark,WCQ,39,6,540,0,0
Kei Kamara,https://fbref.com/en/players/6e3f3809/Kei-Kamara,2014,sl Sierra Leone,WCQ,29,5,389,1,
Kei Kamara,https://fbref.com/en/players/6e3f3809/Kei-Kamara,2015,sl Sierra Leone,Africa Cup of Nations qualification,30,3,270,0,
Kei Kamara,https://fbref.com/en/players/6e3f3809/Kei-Kamara,2017,sl Sierra Leone,Africa Cup of Nations qualification,32,2,180,1,0
Kei Kamara,https://fbref.com/en/players/6e3f3809/Kei-Kamara,2021,sl Sierra Leone,Friendlies (M),36,3,210,1,0
Kei Kamara,https://fbref.com/en/players/6e3f3809/Kei-Kamara,2021,sl Sierra Leone,Africa Cup of Nations,36,3,262,0,0
Kei Kamara,https://fbref.com/en/players/6e3f3809/Kei-Kamara,2021,sl Sierra Leone,Africa Cup of Nations qualification,36,3,270,0,0
Kei Kamara,https://fbref.com/en/players/6e3f3809/Kei-Kamara,2025,sl Sierra Leone,Africa Cup of Nations qualification,40,1,75,0,0
Kei Kamara,https://fbref.com/en/players/6e3f3809/Kei-Kamara,2026,sl Sierra Leone,WCQ,41,5,293,1,1
Keiren Westwood,https://fbref.com/en/players/674ef042/Keiren-Westwood,2010,ie Rep. of Ireland,WCQ,25,0,,,
Keiren Westwood,https://fbref.com/en/players/674ef042/Keiren-Westwood,2012,ie Rep. of Ireland,UEFA Euro,27,0,,,
Keiren Westwood,https://fbref.com/en/players/674ef042/Keiren-Westwood,2012,ie Rep. of Ireland,UEFA Euro Qualifying,27,1,90,0,
Keiren Westwood,https://fbref.com/en/players/674ef042/Keiren-Westwood,2014,ie Rep. of Ireland,WCQ,29,3,270,0,0
Keiren Westwood,https://fbref.com/en/players/674ef042/Keiren-Westwood,2015,ie Rep. of Ireland,Friendlies (M),30,1,60,0,0
Keiren Westwood,https://fbref.com/en/players/674ef042/Keiren-Westwood,2016,ie Rep. of Ireland,Friendlies (M),31,1,45,0,0
Keiren Westwood,https://fbref.com/en/players/674ef042/Keiren-Westwood,2016,ie Rep. of Ireland,UEFA Euro,31,0,,,
Keiren Westwood,https://fbref.com/en/players/674ef042/Keiren-Westwood,2016,ie Rep. of Ireland,UEFA Euro Qualifying,31,0,,,
Keiren Westwood,https://fbref.com/en/players/674ef042/Keiren-Westwood,2017,ie Rep. of Ireland,Friendlies (M),32,2,135,0,0
Keiren Westwood,https://fbref.com/en/players/674ef042/Keiren-Westwood,2018,ie Rep. of Ireland,WCQ,33,0,,,
Keiren Westwood,https://fbref.com/en/players/674ef042/Keiren-Westwood,2021,ie Rep. of Ireland,UEFA Euro Qualifying,36,0,,,
Keith Andrews,https://fbref.com/en/players/5bca867f/Keith-Andrews,2010,ie Rep. of Ireland,WCQ,29,8,713,0,
Keith Andrews,https://fbref.com/en/players/5bca867f/Keith-Andrews,2012,ie Rep. of Ireland,UEFA Euro,31,3,268,0,0
Keith Andrews,https://fbref.com/en/players/5bca867f/Keith-Andrews,2012,ie Rep. of Ireland,UEFA Euro Qualifying,31,7,630,1,
Keith Andrews,https://fbref.com/en/players/5bca867f/Keith-Andrews,2014,ie Rep. of Ireland,WCQ,33,2,179,0,0
Keith Fahey,https://fbref.com/en/players/e4def09b/Keith-Fahey,2012,ie Rep. of Ireland,UEFA Euro Qualifying,29,8,193,1,
Keith Fahey,https://fbref.com/en/players/e4def09b/Keith-Fahey,2014,ie Rep. of Ireland,WCQ,31,1,50,0,0
Kelechi Iheanacho,https://fbref.com/en/players/c92e1a31/Kelechi-Iheanacho,2016,ng Nigeria,Friendlies (M),19,2,107,2,1
Kelechi Iheanacho,https://fbref.com/en/players/c92e1a31/Kelechi-Iheanacho,2017,ng Nigeria,Friendlies (M),20,3,228,3,2
Kelechi Iheanacho,https://fbref.com/en/players/c92e1a31/Kelechi-Iheanacho,2017,ng Nigeria,Africa Cup of Nations qualification,20,2,151,1,0
Kelechi Iheanacho,https://fbref.com/en/players/c92e1a31/Kelechi-Iheanacho,2018,ng Nigeria,1. World Cup,21,3,148,0,0
Kelechi Iheanacho,https://fbref.com/en/players/c92e1a31/Kelechi-Iheanacho,2018,ng Nigeria,WCQ,21,6,336,2,0
Kelechi Iheanacho,https://fbref.com/en/players/c92e1a31/Kelechi-Iheanacho,2018,ng Nigeria,Friendlies (M),21,6,198,0,0
Kelechi Iheanacho,https://fbref.com/en/players/c92e1a31/Kelechi-Iheanacho,2019,ng Nigeria,Friendlies (M),22,0,,,
Kelechi Iheanacho,https://fbref.com/en/players/c92e1a31/Kelechi-Iheanacho,2019,ng Nigeria,Africa Cup of Nations qualification,22,3,201,0,0
Kelechi Iheanacho,https://fbref.com/en/players/c92e1a31/Kelechi-Iheanacho,2020,ng Nigeria,Friendlies (M),23,2,114,1,0
Kelechi Iheanacho,https://fbref.com/en/players/c92e1a31/Kelechi-Iheanacho,2021,ng Nigeria,Africa Cup of Nations,24,4,285,1,1
Kelechi Iheanacho,https://fbref.com/en/players/c92e1a31/Kelechi-Iheanacho,2021,ng Nigeria,Africa Cup of Nations qualification,24,4,268,0,1
Kelechi Iheanacho,https://fbref.com/en/players/c92e1a31/Kelechi-Iheanacho,2021,ng Nigeria,Friendlies (M),24,2,156,0,0
Kelechi Iheanacho,https://fbref.com/en/players/c92e1a31/Kelechi-Iheanacho,2022,ng Nigeria,WCQ,25,6,391,2,0
Kelechi Iheanacho,https://fbref.com/en/players/c92e1a31/Kelechi-Iheanacho,2022,ng Nigeria,Friendlies (M),25,1,84,0,0
Kelechi Iheanacho,https://fbref.com/en/players/c92e1a31/Kelechi-Iheanacho,2023,ng Nigeria,Friendlies (M),26,1,26,1,0
Kelechi Iheanacho,https://fbref.com/en/players/c92e1a31/Kelechi-Iheanacho,2023,ng Nigeria,Africa Cup of Nations,26,2,31,0,0
Kelechi Iheanacho,https://fbref.com/en/players/c92e1a31/Kelechi-Iheanacho,2023,ng Nigeria,Africa Cup of Nations qualification,26,3,137,1,1
Kelechi Iheanacho,https://fbref.com/en/players/c92e1a31/Kelechi-Iheanacho,2024,ng Nigeria,Friendlies (M),27,2,180,0,0
Kelechi Iheanacho,https://fbref.com/en/players/c92e1a31/Kelechi-Iheanacho,2025,ng Nigeria,Africa Cup of Nations qualification,28,2,90,0,0
Kelechi Iheanacho,https://fbref.com/en/players/c92e1a31/Kelechi-Iheanacho,2026,ng Nigeria,WCQ,29,3,201,1,1
Kemy Agustien,https://fbref.com/en/players/027a5151/Kemy-Agustien,2017,cw Curaçao,Friendlies (M),30,1,20,0,0
Kemy Agustien,https://fbref.com/en/players/027a5151/Kemy-Agustien,2017,cw Curaçao,Gold Cup,30,0,,,
Kemy Agustien,https://fbref.com/en/players/027a5151/Kemy-Agustien,2018,cw Curaçao,WCQ,31,4,241,0,0
Kenji Gorré,https://fbref.com/en/players/52d1a4c6/Kenji-Gorre,2019,cw Curaçao,Gold Cup,24,2,95,0,0
Kenji Gorré,https://fbref.com/en/players/52d1a4c6/Kenji-Gorre,2021,cw Curaçao,Friendlies (M),26,1,45,0,0
Kenji Gorré,https://fbref.com/en/players/52d1a4c6/Kenji-Gorre,2022,cw Curaçao,WCQ,27,2,105,2,0
Kenji Gorré,https://fbref.com/en/players/52d1a4c6/Kenji-Gorre,2022,cw Curaçao,Friendlies (M),27,2,147,0,1
Kenji Gorré,https://fbref.com/en/players/52d1a4c6/Kenji-Gorre,2023,cw Curaçao,Friendlies (M),28,1,57,0,0
Kenji Gorré,https://fbref.com/en/players/52d1a4c6/Kenji-Gorre,2025,cw Curaçao,Gold Cup,30,3,225,0,0
Kenji Gorré,https://fbref.com/en/players/52d1a4c6/Kenji-Gorre,2026,cw Curaçao,WCQ,31,8,630,3,3
Kenwyne Jones,https://fbref.com/en/players/5f3b634e/Kenwyne-Jones,2006,tt Trin & Tobago,1. World Cup,21,2,129,0,
Kenwyne Jones,https://fbref.com/en/players/5f3b634e/Kenwyne-Jones,2006,tt Trin & Tobago,WCQ,21,12,812,0,
Kenwyne Jones,https://fbref.com/en/players/5f3b634e/Kenwyne-Jones,2010,tt Trin & Tobago,WCQ,25,11,804,1,
Kenwyne Jones,https://fbref.com/en/players/5f3b634e/Kenwyne-Jones,2014,tt Trin & Tobago,WCQ,29,4,341,3,0
Kenwyne Jones,https://fbref.com/en/players/5f3b634e/Kenwyne-Jones,2014,tt Trin & Tobago,Friendlies (M),29,2,151,0,0
Kenwyne Jones,https://fbref.com/en/players/5f3b634e/Kenwyne-Jones,2015,tt Trin & Tobago,Friendlies (M),30,3,230,1,0
Kenwyne Jones,https://fbref.com/en/players/5f3b634e/Kenwyne-Jones,2015,tt Trin & Tobago,Gold Cup,30,4,390,2,3
Kenwyne Jones,https://fbref.com/en/players/5f3b634e/Kenwyne-Jones,2018,tt Trin & Tobago,WCQ,33,11,890,2,0
Kerim Frei,https://fbref.com/en/players/729e3e14/Kerim-Frei,2014,tr Türkiye,WCQ,20,2,7,0,0
Kerim Frei,https://fbref.com/en/players/729e3e14/Kerim-Frei,2016,tr Türkiye,Friendlies (M),22,1,26,0,0
Kevin Davies,https://fbref.com/en/players/2f726a89/Kevin-Davies,2012,eng England,UEFA Euro Qualifying,34,1,21,0,
Kevin De Bruyne,https://fbref.com/en/players/e46012d4/Kevin-De-Bruyne,2014,be Belgium,WCQ,22,10,729,4,4
Kevin De Bruyne,https://fbref.com/en/players/e46012d4/Kevin-De-Bruyne,2014,be Belgium,Friendlies (M),22,4,360,1,3
Kevin De Bruyne,https://fbref.com/en/players/e46012d4/Kevin-De-Bruyne,2014,be Belgium,1. World Cup,22,4,390,1,2
Kevin De Bruyne,https://fbref.com/en/players/e46012d4/Kevin-De-Bruyne,2015,be Belgium,Friendlies (M),23,1,90,1,1
Kevin De Bruyne,https://fbref.com/en/players/e46012d4/Kevin-De-Bruyne,2016,be Belgium,Friendlies (M),24,5,419,1,1
Kevin De Bruyne,https://fbref.com/en/players/e46012d4/Kevin-De-Bruyne,2016,be Belgium,UEFA Euro,24,5,450,0,2
Kevin De Bruyne,https://fbref.com/en/players/e46012d4/Kevin-De-Bruyne,2016,be Belgium,UEFA Euro Qualifying,24,10,898,5,3
Kevin De Bruyne,https://fbref.com/en/players/e46012d4/Kevin-De-Bruyne,2017,be Belgium,Friendlies (M),25,3,196,0,0
Kevin De Bruyne,https://fbref.com/en/players/e46012d4/Kevin-De-Bruyne,2018,be Belgium,1. World Cup,26,6,540,1,2
Kevin De Bruyne,https://fbref.com/en/players/e46012d4/Kevin-De-Bruyne,2018,be Belgium,WCQ,26,7,547,0,4
Kevin De Bruyne,https://fbref.com/en/players/e46012d4/Kevin-De-Bruyne,2018,be Belgium,Friendlies (M),26,4,333,1,2
Kevin De Bruyne,https://fbref.com/en/players/e46012d4/Kevin-De-Bruyne,2020-2021,be Belgium,UEFA Nations League,29,6,453,1,4
Kevin De Bruyne,https://fbref.com/en/players/e46012d4/Kevin-De-Bruyne,2021,be Belgium,UEFA Euro,29,4,271,1,2
Kevin De Bruyne,https://fbref.com/en/players/e46012d4/Kevin-De-Bruyne,2021,be Belgium,UEFA Euro Qualifying,29,6,478,4,7
Kevin De Bruyne,https://fbref.com/en/players/e46012d4/Kevin-De-Bruyne,2022,be Belgium,1. World Cup,30,3,270,0,0
Kevin De Bruyne,https://fbref.com/en/players/e46012d4/Kevin-De-Bruyne,2022,be Belgium,WCQ,30,4,352,2,2
Kevin De Bruyne,https://fbref.com/en/players/e46012d4/Kevin-De-Bruyne,2022,be Belgium,Friendlies (M),30,1,45,0,0
Kevin De Bruyne,https://fbref.com/en/players/e46012d4/Kevin-De-Bruyne,2022-2023,be Belgium,UEFA Nations League,31,5,414,2,1
Kevin De Bruyne,https://fbref.com/en/players/e46012d4/Kevin-De-Bruyne,2023,be Belgium,Friendlies (M),31,1,79,1,2
Kevin De Bruyne,https://fbref.com/en/players/e46012d4/Kevin-De-Bruyne,2024,be Belgium,Friendlies (M),32,2,117,1,0
Kevin De Bruyne,https://fbref.com/en/players/e46012d4/Kevin-De-Bruyne,2024,be Belgium,UEFA Euro,32,4,360,1,0
Kevin De Bruyne,https://fbref.com/en/players/e46012d4/Kevin-De-Bruyne,2024,be Belgium,UEFA Euro Qualifying,32,1,90,0,0
Kevin De Bruyne,https://fbref.com/en/players/e46012d4/Kevin-De-Bruyne,2024-2025,be Belgium,UEFA Nations League,33,2,180,2,0
Kevin De Bruyne,https://fbref.com/en/players/e46012d4/Kevin-De-Bruyne,2026,be Belgium,WCQ,34,6,463,6,1
Kevin Doyle,https://fbref.com/en/players/c4689de2/Kevin-Doyle,2006,ie Rep. of Ireland,WCQ,22,0,,,
Kevin Doyle,https://fbref.com/en/players/c4689de2/Kevin-Doyle,2008,ie Rep. of Ireland,UEFA Euro Qualifying,24,9,672,4,
Kevin Doyle,https://fbref.com/en/players/c4689de2/Kevin-Doyle,2010,ie Rep. of Ireland,WCQ,26,10,826,2,
Kevin Doyle,https://fbref.com/en/players/c4689de2/Kevin-Doyle,2012,ie Rep. of Ireland,UEFA Euro,28,2,127,0,0
Kevin Doyle,https://fbref.com/en/players/c4689de2/Kevin-Doyle,2012,ie Rep. of Ireland,UEFA Euro Qualifying,28,9,621,2,
Kevin Doyle,https://fbref.com/en/players/c4689de2/Kevin-Doyle,2014,ie Rep. of Ireland,WCQ,30,3,213,1,0
Kevin Doyle,https://fbref.com/en/players/c4689de2/Kevin-Doyle,2014,ie Rep. of Ireland,Friendlies (M),30,3,143,2,0
Kevin Doyle,https://fbref.com/en/players/c4689de2/Kevin-Doyle,2016,ie Rep. of Ireland,Friendlies (M),32,1,26,0,0
Kevin Doyle,https://fbref.com/en/players/c4689de2/Kevin-Doyle,2016,ie Rep. of Ireland,UEFA Euro Qualifying,32,1,27,0,0
Kevin Doyle,https://fbref.com/en/players/c4689de2/Kevin-Doyle,2017,ie Rep. of Ireland,Friendlies (M),33,1,90,0,0
Kevin Doyle,https://fbref.com/en/players/c4689de2/Kevin-Doyle,2018,ie Rep. of Ireland,WCQ,34,0,,,
Kevin Foley,https://fbref.com/en/players/11b3d067/Kevin-Foley,2008,ie Rep. of Ireland,UEFA Euro Qualifying,23,0,,,
Kevin Foley,https://fbref.com/en/players/11b3d067/Kevin-Foley,2010,ie Rep. of Ireland,WCQ,25,0,,,
Kevin Foley,https://fbref.com/en/players/11b3d067/Kevin-Foley,2012,ie Rep. of Ireland,UEFA Euro Qualifying,27,1,90,0,
Kevin Long,https://fbref.com/en/players/5a4280b1/Kevin-Long,2017,ie Rep. of Ireland,Friendlies (M),26,2,117,0,0
Kevin Long,https://fbref.com/en/players/5a4280b1/Kevin-Long,2018,ie Rep. of Ireland,WCQ,27,2,91,0,0
Kevin Long,https://fbref.com/en/players/5a4280b1/Kevin-Long,2018,ie Rep. of Ireland,Friendlies (M),27,4,349,0,1
Kevin Long,https://fbref.com/en/players/5a4280b1/Kevin-Long,2018-2019,ie Rep. of Ireland,UEFA Nations League,27,3,254,0,0
Kevin Long,https://fbref.com/en/players/5a4280b1/Kevin-Long,2019,ie Rep. of Ireland,Friendlies (M),28,2,180,1,0
Kevin Long,https://fbref.com/en/players/5a4280b1/Kevin-Long,2020,ie Rep. of Ireland,Friendlies (M),29,1,30,0,0
Kevin Long,https://fbref.com/en/players/5a4280b1/Kevin-Long,2020-2021,ie Rep. of Ireland,UEFA Nations League,29,3,204,0,0
Kevin Long,https://fbref.com/en/players/5a4280b1/Kevin-Long,2021,ie Rep. of Ireland,UEFA Euro Qualifying,30,0,,,
Kevin Mbabu,https://fbref.com/en/players/493924a7/Kevin-Mbabu,2018,ch Switzerland,Friendlies (M),22,1,29,0,0
Kevin Mbabu,https://fbref.com/en/players/493924a7/Kevin-Mbabu,2018-2019,ch Switzerland,UEFA Nations League,23,4,390,0,1
Kevin Mbabu,https://fbref.com/en/players/493924a7/Kevin-Mbabu,2020-2021,ch Switzerland,UEFA Nations League,25,1,90,0,0
Kevin Mbabu,https://fbref.com/en/players/493924a7/Kevin-Mbabu,2021,ch Switzerland,Friendlies (M),25,2,112,0,0
Kevin Mbabu,https://fbref.com/en/players/493924a7/Kevin-Mbabu,2021,ch Switzerland,UEFA Euro,25,5,216,0,1
Kevin Mbabu,https://fbref.com/en/players/493924a7/Kevin-Mbabu,2021,ch Switzerland,UEFA Euro Qualifying,25,3,202,0,0
Kevin Mbabu,https://fbref.com/en/players/493924a7/Kevin-Mbabu,2022,ch Switzerland,WCQ,26,3,260,0,0
Kevin Mbabu,https://fbref.com/en/players/493924a7/Kevin-Mbabu,2022,ch Switzerland,Friendlies (M),26,2,116,0,1
Kevin Mbabu,https://fbref.com/en/players/493924a7/Kevin-Mbabu,2022-2023,ch Switzerland,UEFA Nations League,27,1,90,0,0
Kevin Mbabu,https://fbref.com/en/players/493924a7/Kevin-Mbabu,2024,ch Switzerland,Friendlies (M),28,2,33,0,0
Kevin Mbabu,https://fbref.com/en/players/493924a7/Kevin-Mbabu,2024-2025,ch Switzerland,UEFA Nations League,29,1,8,0,0
Kevin Mirallas,https://fbref.com/en/players/aa51343f/Kevin-Mirallas,2008,be Belgium,UEFA Euro Qualifying,20,6,341,2,
Kevin Mirallas,https://fbref.com/en/players/aa51343f/Kevin-Mirallas,2010,be Belgium,WCQ,22,6,413,0,
Kevin Mirallas,https://fbref.com/en/players/aa51343f/Kevin-Mirallas,2012,be Belgium,UEFA Euro Qualifying,24,2,38,0,
Kevin Mirallas,https://fbref.com/en/players/aa51343f/Kevin-Mirallas,2014,be Belgium,1. World Cup,26,4,222,0,0
Kevin Mirallas,https://fbref.com/en/players/aa51343f/Kevin-Mirallas,2014,be Belgium,WCQ,26,9,327,2,0
Kevin Mirallas,https://fbref.com/en/players/aa51343f/Kevin-Mirallas,2014,be Belgium,Friendlies (M),26,4,228,0,0
Kevin Mirallas,https://fbref.com/en/players/aa51343f/Kevin-Mirallas,2015,be Belgium,Friendlies (M),27,1,4,0,0
Kevin Mirallas,https://fbref.com/en/players/aa51343f/Kevin-Mirallas,2016,be Belgium,Friendlies (M),28,1,14,0,0
Kevin Mirallas,https://fbref.com/en/players/aa51343f/Kevin-Mirallas,2016,be Belgium,UEFA Euro Qualifying,28,0,,,
Kevin Mirallas,https://fbref.com/en/players/aa51343f/Kevin-Mirallas,2017,be Belgium,Friendlies (M),29,2,96,1,0
Kevin Mirallas,https://fbref.com/en/players/aa51343f/Kevin-Mirallas,2018,be Belgium,WCQ,30,4,56,0,0
Kevin Mirallas,https://fbref.com/en/players/aa51343f/Kevin-Mirallas,2018,be Belgium,Friendlies (M),30,1,12,0,0
Kevin Stewart,https://fbref.com/en/players/ff674795/Kevin-Stewart,2022,jm Jamaica,WCQ,28,2,59,0,0
Kevin Wimmer,https://fbref.com/en/players/faf55ce4/Kevin-Wimmer,2014,at Austria,Friendlies (M),21,0,,,
Kevin Wimmer,https://fbref.com/en/players/faf55ce4/Kevin-Wimmer,2015,at Austria,Friendlies (M),22,1,90,0,0
Kevin Wimmer,https://fbref.com/en/players/faf55ce4/Kevin-Wimmer,2016,at Austria,Friendlies (M),23,2,52,0,0
Kevin Wimmer,https://fbref.com/en/players/faf55ce4/Kevin-Wimmer,2016,at Austria,UEFA Euro,23,1,4,0,0
Kevin Wimmer,https://fbref.com/en/players/faf55ce4/Kevin-Wimmer,2016,at Austria,UEFA Euro Qualifying,23,0,,,
Kevin Wimmer,https://fbref.com/en/players/faf55ce4/Kevin-Wimmer,2017,at Austria,Friendlies (M),24,0,,,
Kevin Wimmer,https://fbref.com/en/players/faf55ce4/Kevin-Wimmer,2018,at Austria,WCQ,25,3,257,0,0
Kevin Wimmer,https://fbref.com/en/players/faf55ce4/Kevin-Wimmer,2018,at Austria,Friendlies (M),25,1,45,0,0
Kevin Wimmer,https://fbref.com/en/players/faf55ce4/Kevin-Wimmer,2018-2019,at Austria,UEFA Nations League,25,0,,,
Ki Sung-yueng,https://fbref.com/en/players/1d8c99b0/Ki-Sung-yueng,2010,kr Korea Republic,1. World Cup,21,4,288,0,
Ki Sung-yueng,https://fbref.com/en/players/1d8c99b0/Ki-Sung-yueng,2010,kr Korea Republic,WCQ,21,8,693,2,
Ki Sung-yueng,https://fbref.com/en/players/1d8c99b0/Ki-Sung-yueng,2011,kr Korea Republic,Asian Cup,22,6,545,1,1
Ki Sung-yueng,https://fbref.com/en/players/1d8c99b0/Ki-Sung-yueng,2014,kr Korea Republic,1. World Cup,25,3,270,0,1
Ki Sung-yueng,https://fbref.com/en/players/1d8c99b0/Ki-Sung-yueng,2014,kr Korea Republic,WCQ,25,9,688,0,
Ki Sung-yueng,https://fbref.com/en/players/1d8c99b0/Ki-Sung-yueng,2014,kr Korea Republic,Friendlies (M),25,4,341,0,0
Ki Sung-yueng,https://fbref.com/en/players/1d8c99b0/Ki-Sung-yueng,2015,kr Korea Republic,Friendlies (M),26,3,236,1,0
Ki Sung-yueng,https://fbref.com/en/players/1d8c99b0/Ki-Sung-yueng,2015,kr Korea Republic,Asian Cup,26,6,599,0,1
Ki Sung-yueng,https://fbref.com/en/players/1d8c99b0/Ki-Sung-yueng,2016,kr Korea Republic,Friendlies (M),27,3,156,0,0
Ki Sung-yueng,https://fbref.com/en/players/1d8c99b0/Ki-Sung-yueng,2017,kr Korea Republic,Friendlies (M),28,5,307,0,0
Ki Sung-yueng,https://fbref.com/en/players/1d8c99b0/Ki-Sung-yueng,2018,kr Korea Republic,1. World Cup,29,2,180,0,0
Ki Sung-yueng,https://fbref.com/en/players/1d8c99b0/Ki-Sung-yueng,2018,kr Korea Republic,WCQ,29,14,1260,4,1
Ki Sung-yueng,https://fbref.com/en/players/1d8c99b0/Ki-Sung-yueng,2018,kr Korea Republic,Friendlies (M),29,10,789,0,0
Ki Sung-yueng,https://fbref.com/en/players/1d8c99b0/Ki-Sung-yueng,2019,kr Korea Republic,Asian Cup,30,1,57,0,0
Kieran Gibbs,https://fbref.com/en/players/46ee5234/Kieran-Gibbs,2012,eng England,UEFA Euro Qualifying,22,0,,,
Kieran Gibbs,https://fbref.com/en/players/46ee5234/Kieran-Gibbs,2014,eng England,WCQ,24,0,,,
Kieran Gibbs,https://fbref.com/en/players/46ee5234/Kieran-Gibbs,2014,eng England,Friendlies (M),24,1,25,0,0
Kieran Gibbs,https://fbref.com/en/players/46ee5234/Kieran-Gibbs,2015,eng England,Friendlies (M),25,2,177,0,0
Kieran Gibbs,https://fbref.com/en/players/46ee5234/Kieran-Gibbs,2016,eng England,UEFA Euro Qualifying,26,4,360,0,0
Kieran Gibbs,https://fbref.com/en/players/46ee5234/Kieran-Gibbs,2018,eng England,WCQ,28,0,,,
Kieran Richardson,https://fbref.com/en/players/d2bf40b4/Kieran-Richardson,2006,eng England,WCQ,21,2,18,0,
Kieran Richardson,https://fbref.com/en/players/d2bf40b4/Kieran-Richardson,2008,eng England,UEFA Euro Qualifying,23,2,41,0,
Kieran Trippier,https://fbref.com/en/players/21512407/Kieran-Trippier,2017,eng England,Friendlies (M),26,2,146,0,0
Kieran Trippier,https://fbref.com/en/players/21512407/Kieran-Trippier,2018,eng England,1. World Cup,27,6,579,1,1
Kieran Trippier,https://fbref.com/en/players/21512407/Kieran-Trippier,2018,eng England,WCQ,27,1,90,0,0
Kieran Trippier,https://fbref.com/en/players/21512407/Kieran-Trippier,2018,eng England,Friendlies (M),27,5,279,0,1
Kieran Trippier,https://fbref.com/en/players/21512407/Kieran-Trippier,2018-2019,eng England,UEFA Nations League,27,2,174,0,0
Kieran Trippier,https://fbref.com/en/players/21512407/Kieran-Trippier,2020,eng England,Friendlies (M),29,1,57,0,1
Kieran Trippier,https://fbref.com/en/players/21512407/Kieran-Trippier,2020-2021,eng England,UEFA Nations League,29,5,423,0,0
Kieran Trippier,https://fbref.com/en/players/21512407/Kieran-Trippier,2021,eng England,UEFA Euro,30,5,291,0,1
Kieran Trippier,https://fbref.com/en/players/21512407/Kieran-Trippier,2021,eng England,UEFA Euro Qualifying,30,3,270,0,0
Kieran Trippier,https://fbref.com/en/players/21512407/Kieran-Trippier,2021,eng England,Friendlies (M),30,2,106,0,0
Kieran Trippier,https://fbref.com/en/players/21512407/Kieran-Trippier,2022,eng England,1. World Cup,31,3,206,0,0
Kieran Trippier,https://fbref.com/en/players/21512407/Kieran-Trippier,2022,eng England,WCQ,31,3,225,0,0
Kieran Trippier,https://fbref.com/en/players/21512407/Kieran-Trippier,2022-2023,eng England,UEFA Nations League,31,2,180,0,0
Kieran Trippier,https://fbref.com/en/players/21512407/Kieran-Trippier,2023,eng England,Friendlies (M),32,2,119,0,0
Kieran Trippier,https://fbref.com/en/players/21512407/Kieran-Trippier,2024,eng England,Friendlies (M),33,2,124,0,0
Kieran Trippier,https://fbref.com/en/players/21512407/Kieran-Trippier,2024,eng England,UEFA Euro,33,6,450,0,0
Kieran Trippier,https://fbref.com/en/players/21512407/Kieran-Trippier,2024,eng England,UEFA Euro Qualifying,33,4,280,0,0
Kieron Dyer,https://fbref.com/en/players/90b5a2f2/Kieron-Dyer,2002,eng England,1. World Cup,23,3,105,0,
Kieron Dyer,https://fbref.com/en/players/90b5a2f2/Kieron-Dyer,2004,eng England,UEFA Euro,25,1,9,0,
Kieron Dyer,https://fbref.com/en/players/90b5a2f2/Kieron-Dyer,2006,eng England,WCQ,27,3,36,0,
Kieron Dyer,https://fbref.com/en/players/90b5a2f2/Kieron-Dyer,2008,eng England,UEFA Euro Qualifying,29,2,53,0,
Kim Bo-kyung,https://fbref.com/en/players/587ddfd6/Kim-Bo-kyung,2010,kr Korea Republic,1. World Cup,20,0,,,
Kim Bo-kyung,https://fbref.com/en/players/587ddfd6/Kim-Bo-kyung,2011,kr Korea Republic,Asian Cup,21,0,,,
Kim Bo-kyung,https://fbref.com/en/players/587ddfd6/Kim-Bo-kyung,2014,kr Korea Republic,1. World Cup,24,2,32,0,0
Kim Bo-kyung,https://fbref.com/en/players/587ddfd6/Kim-Bo-kyung,2014,kr Korea Republic,WCQ,24,6,421,2,
Kim Bo-kyung,https://fbref.com/en/players/587ddfd6/Kim-Bo-kyung,2014,kr Korea Republic,Friendlies (M),24,2,42,0,0
Kim Bo-kyung,https://fbref.com/en/players/587ddfd6/Kim-Bo-kyung,2015,kr Korea Republic,Friendlies (M),25,2,97,0,1
Kim Bo-kyung,https://fbref.com/en/players/587ddfd6/Kim-Bo-kyung,2016,kr Korea Republic,Friendlies (M),26,1,90,1,0
Kim Bo-kyung,https://fbref.com/en/players/587ddfd6/Kim-Bo-kyung,2017,kr Korea Republic,Friendlies (M),27,1,27,0,0
Kim Bo-kyung,https://fbref.com/en/players/587ddfd6/Kim-Bo-kyung,2018,kr Korea Republic,WCQ,28,2,79,0,0
Kim Bo-kyung,https://fbref.com/en/players/587ddfd6/Kim-Bo-kyung,2019,kr Korea Republic,Friendlies (M),29,1,20,0,0
Kim Bo-kyung,https://fbref.com/en/players/587ddfd6/Kim-Bo-kyung,2022,kr Korea Republic,WCQ,32,0,,,
Kim Källström,https://fbref.com/en/players/c9880157/Kim-Kallstrom,2004,se Sweden,UEFA Euro,21,4,162,0,
Kim Källström,https://fbref.com/en/players/c9880157/Kim-Kallstrom,2006,se Sweden,1. World Cup,23,4,226,0,
Kim Källström,https://fbref.com/en/players/c9880157/Kim-Kallstrom,2006,se Sweden,WCQ,23,5,147,1,
Kim Källström,https://fbref.com/en/players/c9880157/Kim-Kallstrom,2008,se Sweden,UEFA Euro,25,2,39,0,
Kim Källström,https://fbref.com/en/players/c9880157/Kim-Kallstrom,2008,se Sweden,UEFA Euro Qualifying,25,10,571,3,
Kim Källström,https://fbref.com/en/players/c9880157/Kim-Kallstrom,2010,se Sweden,WCQ,27,10,822,2,
Kim Källström,https://fbref.com/en/players/c9880157/Kim-Kallstrom,2012,se Sweden,UEFA Euro,29,3,270,0,1
Kim Källström,https://fbref.com/en/players/c9880157/Kim-Kallstrom,2012,se Sweden,UEFA Euro Qualifying,29,10,808,3,
Kim Källström,https://fbref.com/en/players/c9880157/Kim-Kallstrom,2014,se Sweden,WCQ,31,10,597,0,5
Kim Källström,https://fbref.com/en/players/c9880157/Kim-Kallstrom,2014,se Sweden,Friendlies (M),31,3,153,0,0
Kim Källström,https://fbref.com/en/players/c9880157/Kim-Kallstrom,2015,se Sweden,Friendlies (M),32,2,163,0,0
Kim Källström,https://fbref.com/en/players/c9880157/Kim-Kallstrom,2016,se Sweden,Friendlies (M),33,3,204,0,0
Kim Källström,https://fbref.com/en/players/c9880157/Kim-Kallstrom,2016,se Sweden,UEFA Euro,33,3,270,0,0
Kim Källström,https://fbref.com/en/players/c9880157/Kim-Kallstrom,2016,se Sweden,UEFA Euro Qualifying,33,11,904,0,2
Kolo Touré,https://fbref.com/en/players/3301c9f4/Kolo-Toure,2006,ci Côte d'Ivoire,1. World Cup,25,2,180,0,
Kolo Touré,https://fbref.com/en/players/3301c9f4/Kolo-Toure,2010,ci Côte d'Ivoire,1. World Cup,29,3,270,0,
Kolo Touré,https://fbref.com/en/players/3301c9f4/Kolo-Toure,2010,ci Côte d'Ivoire,Africa Cup of Nations,28,3,300,0,0
Kolo Touré,https://fbref.com/en/players/3301c9f4/Kolo-Toure,2012,ci Côte d'Ivoire,Africa Cup of Nations,30,6,570,0,0
Kolo Touré,https://fbref.com/en/players/3301c9f4/Kolo-Toure,2013,ci Côte d'Ivoire,Africa Cup of Nations,31,2,180,0,1
Kolo Touré,https://fbref.com/en/players/3301c9f4/Kolo-Toure,2014,ci Côte d'Ivoire,1. World Cup,33,1,90,0,0
Kolo Touré,https://fbref.com/en/players/3301c9f4/Kolo-Toure,2014,ci Côte d'Ivoire,WCQ,32,4,283,1,
Kolo Touré,https://fbref.com/en/players/3301c9f4/Kolo-Toure,2014,ci Côte d'Ivoire,Friendlies (M),32,1,90,0,0
Kolo Touré,https://fbref.com/en/players/3301c9f4/Kolo-Toure,2015,ci Côte d'Ivoire,Friendlies (M),33,2,121,0,0
Kolo Touré,https://fbref.com/en/players/3301c9f4/Kolo-Toure,2015,ci Côte d'Ivoire,Africa Cup of Nations,33,6,570,0,0
Kostas Mitroglou,https://fbref.com/en/players/c6ac6579/Kostas-Mitroglou,2010,gr Greece,WCQ,21,1,20,0,
Kostas Mitroglou,https://fbref.com/en/players/c6ac6579/Kostas-Mitroglou,2012,gr Greece,UEFA Euro,23,1,20,0,0
Kostas Mitroglou,https://fbref.com/en/players/c6ac6579/Kostas-Mitroglou,2012,gr Greece,UEFA Euro Qualifying,23,5,129,0,
Kostas Mitroglou,https://fbref.com/en/players/c6ac6579/Kostas-Mitroglou,2014,gr Greece,1. World Cup,26,3,124,0,0
Kostas Mitroglou,https://fbref.com/en/players/c6ac6579/Kostas-Mitroglou,2014,gr Greece,WCQ,25,10,655,5,0
Kostas Mitroglou,https://fbref.com/en/players/c6ac6579/Kostas-Mitroglou,2014,gr Greece,Friendlies (M),25,2,88,0,0
Kostas Mitroglou,https://fbref.com/en/players/c6ac6579/Kostas-Mitroglou,2015,gr Greece,Friendlies (M),26,3,189,0,0
Kostas Mitroglou,https://fbref.com/en/players/c6ac6579/Kostas-Mitroglou,2016,gr Greece,Friendlies (M),27,2,179,1,0
Kostas Mitroglou,https://fbref.com/en/players/c6ac6579/Kostas-Mitroglou,2016,gr Greece,UEFA Euro Qualifying,27,8,618,1,0
Kostas Mitroglou,https://fbref.com/en/players/c6ac6579/Kostas-Mitroglou,2018,gr Greece,WCQ,29,10,866,6,1
Kostas Mitroglou,https://fbref.com/en/players/c6ac6579/Kostas-Mitroglou,2018,gr Greece,Friendlies (M),29,1,72,0,0
Kostas Mitroglou,https://fbref.com/en/players/c6ac6579/Kostas-Mitroglou,2018-2019,gr Greece,UEFA Nations League,30,4,296,1,1
Kostas Mitroglou,https://fbref.com/en/players/c6ac6579/Kostas-Mitroglou,2021,gr Greece,UEFA Euro Qualifying,32,1,22,0,0
Kristoffer Nordfeldt,https://fbref.com/en/players/78549904/Kristoffer-Nordfeldt,2014,se Sweden,Friendlies (M),24,1,90,0,0
Kristoffer Nordfeldt,https://fbref.com/en/players/78549904/Kristoffer-Nordfeldt,2014,se Sweden,WCQ,24,0,,,
Kristoffer Nordfeldt,https://fbref.com/en/players/78549904/Kristoffer-Nordfeldt,2015,se Sweden,Friendlies (M),25,1,17,0,0
Kristoffer Nordfeldt,https://fbref.com/en/players/78549904/Kristoffer-Nordfeldt,2016,se Sweden,Friendlies (M),26,1,90,0,0
Kristoffer Nordfeldt,https://fbref.com/en/players/78549904/Kristoffer-Nordfeldt,2016,se Sweden,UEFA Euro Qualifying,26,0,,,
Kristoffer Nordfeldt,https://fbref.com/en/players/78549904/Kristoffer-Nordfeldt,2017,se Sweden,Friendlies (M),27,1,90,0,0
Kristoffer Nordfeldt,https://fbref.com/en/players/78549904/Kristoffer-Nordfeldt,2018,se Sweden,1. World Cup,28,0,,,
Kristoffer Nordfeldt,https://fbref.com/en/players/78549904/Kristoffer-Nordfeldt,2018,se Sweden,WCQ,28,0,,,
Kristoffer Nordfeldt,https://fbref.com/en/players/78549904/Kristoffer-Nordfeldt,2018,se Sweden,Friendlies (M),28,3,180,0,0
Kristoffer Nordfeldt,https://fbref.com/en/players/78549904/Kristoffer-Nordfeldt,2018-2019,se Sweden,UEFA Nations League,29,0,,,
Kristoffer Nordfeldt,https://fbref.com/en/players/78549904/Kristoffer-Nordfeldt,2020,se Sweden,Friendlies (M),30,1,90,0,0
Kristoffer Nordfeldt,https://fbref.com/en/players/78549904/Kristoffer-Nordfeldt,2020-2021,se Sweden,UEFA Nations League,31,0,,,
Kristoffer Nordfeldt,https://fbref.com/en/players/78549904/Kristoffer-Nordfeldt,2021,se Sweden,Friendlies (M),31,1,90,0,0
Kristoffer Nordfeldt,https://fbref.com/en/players/78549904/Kristoffer-Nordfeldt,2021,se Sweden,UEFA Euro Qualifying,31,1,90,0,0
Kristoffer Nordfeldt,https://fbref.com/en/players/78549904/Kristoffer-Nordfeldt,2021,se Sweden,UEFA Euro,31,0,,,
Kristoffer Nordfeldt,https://fbref.com/en/players/78549904/Kristoffer-Nordfeldt,2022,se Sweden,WCQ,32,2,180,0,0
Kristoffer Nordfeldt,https://fbref.com/en/players/78549904/Kristoffer-Nordfeldt,2022,se Sweden,Friendlies (M),32,1,90,0,0
Kristoffer Nordfeldt,https://fbref.com/en/players/78549904/Kristoffer-Nordfeldt,2022-2023,se Sweden,UEFA Nations League,33,0,,,
Kristoffer Nordfeldt,https://fbref.com/en/players/78549904/Kristoffer-Nordfeldt,2023,se Sweden,Friendlies (M),33,2,135,0,0
Kristoffer Nordfeldt,https://fbref.com/en/players/78549904/Kristoffer-Nordfeldt,2024,se Sweden,Friendlies (M),34,0,,,
Kristoffer Nordfeldt,https://fbref.com/en/players/78549904/Kristoffer-Nordfeldt,2024,se Sweden,UEFA Euro Qualifying,34,0,,,
Kristoffer Nordfeldt,https://fbref.com/en/players/78549904/Kristoffer-Nordfeldt,2024-2025,se Sweden,UEFA Nations League,35,0,,,
Kristoffer Nordfeldt,https://fbref.com/en/players/78549904/Kristoffer-Nordfeldt,2025,se Sweden,Friendlies (M),35,0,,,
Kristoffer Nordfeldt,https://fbref.com/en/players/78549904/Kristoffer-Nordfeldt,2026,se Sweden,WCQ,36,0,,,
Kurt Zouma,https://fbref.com/en/players/ce4246f5/Kurt-Zouma,2014,fr France,WCQ,19,0,,,
Kurt Zouma,https://fbref.com/en/players/ce4246f5/Kurt-Zouma,2014,fr France,Friendlies (M),19,0,,,
Kurt Zouma,https://fbref.com/en/players/ce4246f5/Kurt-Zouma,2015,fr France,Friendlies (M),20,2,54,0,0
Kurt Zouma,https://fbref.com/en/players/ce4246f5/Kurt-Zouma,2017,fr France,Friendlies (M),22,0,,,
Kurt Zouma,https://fbref.com/en/players/ce4246f5/Kurt-Zouma,2018,fr France,WCQ,23,0,,,
Kurt Zouma,https://fbref.com/en/players/ce4246f5/Kurt-Zouma,2018,fr France,Friendlies (M),23,1,45,0,0
Kurt Zouma,https://fbref.com/en/players/ce4246f5/Kurt-Zouma,2018-2019,fr France,UEFA Nations League,23,0,,,
Kurt Zouma,https://fbref.com/en/players/ce4246f5/Kurt-Zouma,2019,fr France,Friendlies (M),24,1,2,0,0
Kurt Zouma,https://fbref.com/en/players/ce4246f5/Kurt-Zouma,2020,fr France,Friendlies (M),25,1,90,0,0
Kurt Zouma,https://fbref.com/en/players/ce4246f5/Kurt-Zouma,2020-2021,fr France,UEFA Nations League,25,1,45,0,0
Kurt Zouma,https://fbref.com/en/players/ce4246f5/Kurt-Zouma,2021,fr France,Friendlies (M),26,0,,,
Kurt Zouma,https://fbref.com/en/players/ce4246f5/Kurt-Zouma,2021,fr France,UEFA Euro,26,0,,,
Kurt Zouma,https://fbref.com/en/players/ce4246f5/Kurt-Zouma,2021,fr France,UEFA Euro Qualifying,26,1,90,1,0
Kurt Zouma,https://fbref.com/en/players/ce4246f5/Kurt-Zouma,2022,fr France,WCQ,27,4,360,0,0
Kyle Lafferty,https://fbref.com/en/players/3bf81c50/Kyle-Lafferty,2008,nir Northern Ireland,UEFA Euro Qualifying,20,10,562,2,
Kyle Lafferty,https://fbref.com/en/players/3bf81c50/Kyle-Lafferty,2010,nir Northern Ireland,WCQ,22,4,278,2,
Kyle Lafferty,https://fbref.com/en/players/3bf81c50/Kyle-Lafferty,2012,nir Northern Ireland,UEFA Euro Qualifying,24,5,252,1,
Kyle Lafferty,https://fbref.com/en/players/3bf81c50/Kyle-Lafferty,2014,nir Northern Ireland,WCQ,26,5,373,0,1
Kyle Lafferty,https://fbref.com/en/players/3bf81c50/Kyle-Lafferty,2014,nir Northern Ireland,Friendlies (M),26,1,45,0,0
Kyle Lafferty,https://fbref.com/en/players/3bf81c50/Kyle-Lafferty,2015,nir Northern Ireland,Friendlies (M),27,1,53,0,0
Kyle Lafferty,https://fbref.com/en/players/3bf81c50/Kyle-Lafferty,2016,nir Northern Ireland,Friendlies (M),28,5,260,1,0
Kyle Lafferty,https://fbref.com/en/players/3bf81c50/Kyle-Lafferty,2016,nir Northern Ireland,UEFA Euro,28,3,212,0,0
Kyle Lafferty,https://fbref.com/en/players/3bf81c50/Kyle-Lafferty,2016,nir Northern Ireland,UEFA Euro Qualifying,28,9,747,7,1
Kyle Lafferty,https://fbref.com/en/players/3bf81c50/Kyle-Lafferty,2017,nir Northern Ireland,Friendlies (M),29,1,45,0,0
Kyle Lafferty,https://fbref.com/en/players/3bf81c50/Kyle-Lafferty,2018,nir Northern Ireland,WCQ,30,11,416,3,1
Kyle Lafferty,https://fbref.com/en/players/3bf81c50/Kyle-Lafferty,2018,nir Northern Ireland,Friendlies (M),30,1,20,0,0
Kyle Lafferty,https://fbref.com/en/players/3bf81c50/Kyle-Lafferty,2018-2019,nir Northern Ireland,UEFA Nations League,30,2,85,0,0
Kyle Lafferty,https://fbref.com/en/players/3bf81c50/Kyle-Lafferty,2019,nir Northern Ireland,Friendlies (M),31,1,59,0,0
Kyle Lafferty,https://fbref.com/en/players/3bf81c50/Kyle-Lafferty,2020-2021,nir Northern Ireland,UEFA Nations League,32,2,75,0,1
Kyle Lafferty,https://fbref.com/en/players/3bf81c50/Kyle-Lafferty,2021,nir Northern Ireland,Friendlies (M),33,3,174,0,1
Kyle Lafferty,https://fbref.com/en/players/3bf81c50/Kyle-Lafferty,2021,nir Northern Ireland,UEFA Euro Qualifying,33,6,315,0,1
Kyle Lafferty,https://fbref.com/en/players/3bf81c50/Kyle-Lafferty,2022,nir Northern Ireland,WCQ,34,3,31,0,0
Kyle Lafferty,https://fbref.com/en/players/3bf81c50/Kyle-Lafferty,2022-2023,nir Northern Ireland,UEFA Nations League,34,4,254,0,0
Kyle Walker,https://fbref.com/en/players/86dd77d1/Kyle-Walker,2014,eng England,WCQ,23,5,450,0,1
Kyle Walker,https://fbref.com/en/players/86dd77d1/Kyle-Walker,2015,eng England,Friendlies (M),24,2,135,0,0
Kyle Walker,https://fbref.com/en/players/86dd77d1/Kyle-Walker,2016,eng England,Friendlies (M),25,3,270,0,1
Kyle Walker,https://fbref.com/en/players/86dd77d1/Kyle-Walker,2016,eng England,UEFA Euro,25,3,270,0,0
Kyle Walker,https://fbref.com/en/players/86dd77d1/Kyle-Walker,2016,eng England,UEFA Euro Qualifying,25,1,90,0,1
Kyle Walker,https://fbref.com/en/players/86dd77d1/Kyle-Walker,2017,eng England,Friendlies (M),26,4,245,0,0
Kyle Walker,https://fbref.com/en/players/86dd77d1/Kyle-Walker,2018,eng England,1. World Cup,28,5,493,0,0
Kyle Walker,https://fbref.com/en/players/86dd77d1/Kyle-Walker,2018,eng England,WCQ,27,9,810,0,2
Kyle Walker,https://fbref.com/en/players/86dd77d1/Kyle-Walker,2018,eng England,Friendlies (M),27,4,360,0,1
Kyle Walker,https://fbref.com/en/players/86dd77d1/Kyle-Walker,2018-2019,eng England,UEFA Nations League,28,5,367,0,0
Kyle Walker,https://fbref.com/en/players/86dd77d1/Kyle-Walker,2020-2021,eng England,UEFA Nations League,30,5,402,0,0
Kyle Walker,https://fbref.com/en/players/86dd77d1/Kyle-Walker,2021,eng England,UEFA Euro,30,6,599,0,0
Kyle Walker,https://fbref.com/en/players/86dd77d1/Kyle-Walker,2021,eng England,UEFA Euro Qualifying,30,2,180,0,0
Kyle Walker,https://fbref.com/en/players/86dd77d1/Kyle-Walker,2022,eng England,1. World Cup,32,3,236,0,0
Kyle Walker,https://fbref.com/en/players/86dd77d1/Kyle-Walker,2022,eng England,WCQ,31,6,540,0,1
Kyle Walker,https://fbref.com/en/players/86dd77d1/Kyle-Walker,2022-2023,eng England,UEFA Nations League,32,5,366,0,0
Kyle Walker,https://fbref.com/en/players/86dd77d1/Kyle-Walker,2023,eng England,Friendlies (M),32,1,90,0,1
Kyle Walker,https://fbref.com/en/players/86dd77d1/Kyle-Walker,2024,eng England,Friendlies (M),33,2,82,0,0
Kyle Walker,https://fbref.com/en/players/86dd77d1/Kyle-Walker,2024,eng England,UEFA Euro,33,7,690,0,0
Kyle Walker,https://fbref.com/en/players/86dd77d1/Kyle-Walker,2024,eng England,UEFA Euro Qualifying,33,7,585,1,1
Kyle Walker,https://fbref.com/en/players/86dd77d1/Kyle-Walker,2024-2025,eng England,UEFA Nations League,34,3,241,0,0
Kyle Walker,https://fbref.com/en/players/86dd77d1/Kyle-Walker,2025,eng England,Friendlies (M),34,1,90,0,0
Kyle Walker,https://fbref.com/en/players/86dd77d1/Kyle-Walker,2026,eng England,WCQ,35,2,102,0,0
Lacina Traoré,https://fbref.com/en/players/883f251e/Lacina-Traore,2013,ci Côte d'Ivoire,Africa Cup of Nations,22,2,75,0,1
Lacina Traoré,https://fbref.com/en/players/883f251e/Lacina-Traore,2014,ci Côte d'Ivoire,WCQ,23,3,168,2,
Lacina Traoré,https://fbref.com/en/players/883f251e/Lacina-Traore,2015,ci Côte d'Ivoire,Friendlies (M),24,2,57,0,0
Lacina Traoré,https://fbref.com/en/players/883f251e/Lacina-Traore,2015,ci Côte d'Ivoire,Africa Cup of Nations,24,1,1,0,0
Lamine Koné,https://fbref.com/en/players/a46472d0/Lamine-Kone,2015,ci Côte d'Ivoire,Friendlies (M),25,1,45,0,0
Lamine Koné,https://fbref.com/en/players/a46472d0/Lamine-Kone,2016,ci Côte d'Ivoire,Friendlies (M),26,3,245,0,0
Lamine Koné,https://fbref.com/en/players/a46472d0/Lamine-Kone,2017,ci Côte d'Ivoire,Africa Cup of Nations,27,0,,,
Lamine Koné,https://fbref.com/en/players/a46472d0/Lamine-Kone,2018,ci Côte d'Ivoire,WCQ,28,4,360,0,1
Landon Donovan,https://fbref.com/en/players/594d4046/Landon-Donovan,2002,us United States,1. World Cup,20,5,434,2,
Landon Donovan,https://fbref.com/en/players/594d4046/Landon-Donovan,2002,us United States,WCQ,19,4,273,0,
Landon Donovan,https://fbref.com/en/players/594d4046/Landon-Donovan,2003,us United States,FIFA Confederations Cup,20,3,216,0,
Landon Donovan,https://fbref.com/en/players/594d4046/Landon-Donovan,2006,us United States,1. World Cup,24,3,270,0,
Landon Donovan,https://fbref.com/en/players/594d4046/Landon-Donovan,2006,us United States,WCQ,23,16,1357,7,
Landon Donovan,https://fbref.com/en/players/594d4046/Landon-Donovan,2009,us United States,FIFA Confederations Cup,26,5,450,2,1
Landon Donovan,https://fbref.com/en/players/594d4046/Landon-Donovan,2010,us United States,1. World Cup,28,4,390,3,
Landon Donovan,https://fbref.com/en/players/594d4046/Landon-Donovan,2010,us United States,WCQ,27,15,1339,5,
Landon Donovan,https://fbref.com/en/players/594d4046/Landon-Donovan,2014,us United States,WCQ,31,5,404,1,1
Landon Donovan,https://fbref.com/en/players/594d4046/Landon-Donovan,2014,us United States,Friendlies (M),31,3,162,0,1
Lars Jacobsen,https://fbref.com/en/players/bef72e41/Lars-Jacobsen,2006,dk Denmark,WCQ,26,0,,,
Lars Jacobsen,https://fbref.com/en/players/bef72e41/Lars-Jacobsen,2008,dk Denmark,UEFA Euro Qualifying,28,5,450,0,
Lars Jacobsen,https://fbref.com/en/players/bef72e41/Lars-Jacobsen,2010,dk Denmark,1. World Cup,30,3,270,0,
Lars Jacobsen,https://fbref.com/en/players/bef72e41/Lars-Jacobsen,2010,dk Denmark,WCQ,30,9,765,0,
Lars Jacobsen,https://fbref.com/en/players/bef72e41/Lars-Jacobsen,2012,dk Denmark,UEFA Euro,32,3,270,0,1
Lars Jacobsen,https://fbref.com/en/players/bef72e41/Lars-Jacobsen,2012,dk Denmark,UEFA Euro Qualifying,32,8,711,2,
Lars Jacobsen,https://fbref.com/en/players/bef72e41/Lars-Jacobsen,2014,dk Denmark,WCQ,34,8,720,0,0
Lars Jacobsen,https://fbref.com/en/players/bef72e41/Lars-Jacobsen,2014,dk Denmark,Friendlies (M),34,2,135,0,0
Lars Jacobsen,https://fbref.com/en/players/bef72e41/Lars-Jacobsen,2015,dk Denmark,Friendlies (M),35,3,270,0,1
Lars Jacobsen,https://fbref.com/en/players/bef72e41/Lars-Jacobsen,2016,dk Denmark,UEFA Euro Qualifying,36,8,651,0,0
Laurent Koscielny,https://fbref.com/en/players/f5efb153/Laurent-Koscielny,2012,fr France,UEFA Euro,26,1,90,0,0
Laurent Koscielny,https://fbref.com/en/players/f5efb153/Laurent-Koscielny,2012,fr France,UEFA Euro Qualifying,26,0,,,
Laurent Koscielny,https://fbref.com/en/players/f5efb153/Laurent-Koscielny,2014,fr France,1. World Cup,28,4,224,0,0
Laurent Koscielny,https://fbref.com/en/players/f5efb153/Laurent-Koscielny,2014,fr France,WCQ,28,6,539,0,1
Laurent Koscielny,https://fbref.com/en/players/f5efb153/Laurent-Koscielny,2014,fr France,Friendlies (M),28,2,180,0,1
Laurent Koscielny,https://fbref.com/en/players/f5efb153/Laurent-Koscielny,2015,fr France,Friendlies (M),29,5,450,0,0
Laurent Koscielny,https://fbref.com/en/players/f5efb153/Laurent-Koscielny,2016,fr France,Friendlies (M),30,5,397,1,0
Laurent Koscielny,https://fbref.com/en/players/f5efb153/Laurent-Koscielny,2016,fr France,UEFA Euro,30,7,641,0,0
Laurent Koscielny,https://fbref.com/en/players/f5efb153/Laurent-Koscielny,2017,fr France,Friendlies (M),31,4,309,0,0
Laurent Koscielny,https://fbref.com/en/players/f5efb153/Laurent-Koscielny,2018,fr France,WCQ,32,8,720,0,0
Laurent Koscielny,https://fbref.com/en/players/f5efb153/Laurent-Koscielny,2018,fr France,Friendlies (M),32,1,90,0,0
Lazar Marković,https://fbref.com/en/players/723ba189/Lazar-Markovic,2014,rs Serbia,WCQ,19,6,511,1,1
Lazar Marković,https://fbref.com/en/players/723ba189/Lazar-Markovic,2014,rs Serbia,Friendlies (M),19,6,440,0,0
Lazar Marković,https://fbref.com/en/players/723ba189/Lazar-Markovic,2015,rs Serbia,Friendlies (M),20,2,92,1,1
Lazar Marković,https://fbref.com/en/players/723ba189/Lazar-Markovic,2016,rs Serbia,Friendlies (M),21,1,45,0,0
Lazar Marković,https://fbref.com/en/players/723ba189/Lazar-Markovic,2016,rs Serbia,UEFA Euro Qualifying,21,4,199,0,0
Lazar Marković,https://fbref.com/en/players/723ba189/Lazar-Markovic,2018,rs Serbia,WCQ,23,0,,,
Leandro Bacuna,https://fbref.com/en/players/9dc69d38/Leandro-Bacuna,2017,cw Curaçao,Friendlies (M),25,3,254,1,0
Leandro Bacuna,https://fbref.com/en/players/9dc69d38/Leandro-Bacuna,2017,cw Curaçao,Gold Cup,25,3,270,0,0
Leandro Bacuna,https://fbref.com/en/players/9dc69d38/Leandro-Bacuna,2018,cw Curaçao,Friendlies (M),26,2,179,1,0
Leandro Bacuna,https://fbref.com/en/players/9dc69d38/Leandro-Bacuna,2019,cw Curaçao,Gold Cup,27,4,355,1,1
Leandro Bacuna,https://fbref.com/en/players/9dc69d38/Leandro-Bacuna,2021,cw Curaçao,Friendlies (M),29,2,180,0,0
Leandro Bacuna,https://fbref.com/en/players/9dc69d38/Leandro-Bacuna,2022,cw Curaçao,WCQ,30,6,540,2,1
Leandro Bacuna,https://fbref.com/en/players/9dc69d38/Leandro-Bacuna,2022,cw Curaçao,Friendlies (M),30,2,180,0,0
Leandro Bacuna,https://fbref.com/en/players/9dc69d38/Leandro-Bacuna,2023,cw Curaçao,Friendlies (M),31,1,83,0,0
Leandro Bacuna,https://fbref.com/en/players/9dc69d38/Leandro-Bacuna,2025,cw Curaçao,Gold Cup,33,2,149,0,0
Leandro Bacuna,https://fbref.com/en/players/9dc69d38/Leandro-Bacuna,2026,cw Curaçao,WCQ,34,9,784,1,3
Ledley King,https://fbref.com/en/players/83ca192d/Ledley-King,2004,eng England,UEFA Euro,23,2,111,0,
Ledley King,https://fbref.com/en/players/83ca192d/Ledley-King,2006,eng England,WCQ,25,6,316,0,
Ledley King,https://fbref.com/en/players/83ca192d/Ledley-King,2008,eng England,UEFA Euro Qualifying,27,2,180,0,
Ledley King,https://fbref.com/en/players/83ca192d/Ledley-King,2010,eng England,1. World Cup,29,1,45,0,
Lee Camp,https://fbref.com/en/players/df4b8b69/Lee-Camp,2012,nir Northern Ireland,UEFA Euro Qualifying,27,6,540,0,
Lee Camp,https://fbref.com/en/players/df4b8b69/Lee-Camp,2014,nir Northern Ireland,WCQ,29,0,,,
Lee Chung-yong,https://fbref.com/en/players/49b05a83/Lee-Chung-yong,2010,kr Korea Republic,1. World Cup,21,4,359,2,
Lee Chung-yong,https://fbref.com/en/players/49b05a83/Lee-Chung-yong,2010,kr Korea Republic,WCQ,21,10,703,0,
Lee Chung-yong,https://fbref.com/en/players/49b05a83/Lee-Chung-yong,2011,kr Korea Republic,Asian Cup,22,6,530,0,2
Lee Chung-yong,https://fbref.com/en/players/49b05a83/Lee-Chung-yong,2014,kr Korea Republic,1. World Cup,25,3,243,0,0
Lee Chung-yong,https://fbref.com/en/players/49b05a83/Lee-Chung-yong,2014,kr Korea Republic,WCQ,25,5,345,0,
Lee Chung-yong,https://fbref.com/en/players/49b05a83/Lee-Chung-yong,2014,kr Korea Republic,Friendlies (M),25,5,369,0,0
Lee Chung-yong,https://fbref.com/en/players/49b05a83/Lee-Chung-yong,2015,kr Korea Republic,Friendlies (M),26,1,45,0,0
Lee Chung-yong,https://fbref.com/en/players/49b05a83/Lee-Chung-yong,2015,kr Korea Republic,Asian Cup,26,1,77,0,0
Lee Chung-yong,https://fbref.com/en/players/49b05a83/Lee-Chung-yong,2016,kr Korea Republic,Friendlies (M),27,1,21,0,0
Lee Chung-yong,https://fbref.com/en/players/49b05a83/Lee-Chung-yong,2017,kr Korea Republic,Friendlies (M),28,3,225,0,2
Lee Chung-yong,https://fbref.com/en/players/49b05a83/Lee-Chung-yong,2018,kr Korea Republic,WCQ,29,8,529,2,0
Lee Chung-yong,https://fbref.com/en/players/49b05a83/Lee-Chung-yong,2018,kr Korea Republic,Friendlies (M),29,4,255,0,0
Lee Chung-yong,https://fbref.com/en/players/49b05a83/Lee-Chung-yong,2019,kr Korea Republic,Friendlies (M),30,2,89,1,0
Lee Chung-yong,https://fbref.com/en/players/49b05a83/Lee-Chung-yong,2019,kr Korea Republic,Asian Cup,30,5,347,0,0
Leighton Baines,https://fbref.com/en/players/b18095b6/Leighton-Baines,2012,eng England,UEFA Euro,27,0,,,
Leighton Baines,https://fbref.com/en/players/b18095b6/Leighton-Baines,2012,eng England,UEFA Euro Qualifying,27,1,60,0,
Leighton Baines,https://fbref.com/en/players/b18095b6/Leighton-Baines,2014,eng England,1. World Cup,29,2,180,0,0
Leighton Baines,https://fbref.com/en/players/b18095b6/Leighton-Baines,2014,eng England,WCQ,29,7,567,1,3
Leighton Baines,https://fbref.com/en/players/b18095b6/Leighton-Baines,2014,eng England,Friendlies (M),29,3,254,0,1
Leighton Baines,https://fbref.com/en/players/b18095b6/Leighton-Baines,2016,eng England,UEFA Euro Qualifying,31,3,270,0,0
Leon Best,https://fbref.com/en/players/0780ab75/Leon-Best,2010,ie Rep. of Ireland,WCQ,23,4,84,0,
Leon Osman,https://fbref.com/en/players/a014c247/Leon-Osman,2014,eng England,WCQ,32,1,36,0,0
Leroy Fer,https://fbref.com/en/players/3cefa66a/Leroy-Fer,2014,nl Netherlands,1. World Cup,24,1,16,1,0
Leroy Fer,https://fbref.com/en/players/3cefa66a/Leroy-Fer,2014,nl Netherlands,WCQ,24,3,141,0,0
Leroy Fer,https://fbref.com/en/players/3cefa66a/Leroy-Fer,2014,nl Netherlands,Friendlies (M),24,2,15,0,0
Leroy Fer,https://fbref.com/en/players/3cefa66a/Leroy-Fer,2016,nl Netherlands,UEFA Euro Qualifying,26,2,23,0,0
Leroy Fer,https://fbref.com/en/players/3cefa66a/Leroy-Fer,2018,nl Netherlands,WCQ,28,0,,,
Leroy Fer,https://fbref.com/en/players/3cefa66a/Leroy-Fer,2020-2021,nl Netherlands,UEFA Nations League,30,0,,,
Lewis Holtby,https://fbref.com/en/players/410ab123/Lewis-Holtby,2012,de Germany,UEFA Euro Qualifying,21,1,3,0,
Liam Bridcutt,https://fbref.com/en/players/d6066695/Liam-Bridcutt,2014,sct Scotland,WCQ,24,1,90,0,0
Liam Bridcutt,https://fbref.com/en/players/d6066695/Liam-Bridcutt,2016,sct Scotland,Friendlies (M),26,1,22,0,0
Liam Moore,https://fbref.com/en/players/bcee97a4/Liam-Moore,2021,jm Jamaica,Friendlies (M),28,2,180,0,0
Liam Moore,https://fbref.com/en/players/bcee97a4/Liam-Moore,2021,jm Jamaica,Gold Cup,28,4,280,0,0
Liam Moore,https://fbref.com/en/players/bcee97a4/Liam-Moore,2022,jm Jamaica,WCQ,29,4,228,0,0
Libor Kozák,https://fbref.com/en/players/979d0640/Libor-Kozak,2012,cz Czechia,UEFA Euro Qualifying,22,0,,,
Libor Kozák,https://fbref.com/en/players/979d0640/Libor-Kozak,2014,cz Czechia,WCQ,24,5,377,1,1
Libor Kozák,https://fbref.com/en/players/979d0640/Libor-Kozak,2021,cz Czechia,UEFA Euro Qualifying,31,1,3,0,0
Lloyd Isgrove,https://fbref.com/en/players/430696d5/Lloyd-Isgrove,2014,wls Wales,WCQ,21,0,,,
Lloyd Isgrove,https://fbref.com/en/players/430696d5/Lloyd-Isgrove,2016,wls Wales,Friendlies (M),23,1,29,0,0
Loïc Rémy,https://fbref.com/en/players/5c2da10f/Loic-Remy,2010,fr France,WCQ,23,0,,,
Loïc Rémy,https://fbref.com/en/players/5c2da10f/Loic-Remy,2012,fr France,UEFA Euro Qualifying,25,7,283,2,
Loïc Rémy,https://fbref.com/en/players/5c2da10f/Loic-Remy,2014,fr France,1. World Cup,27,2,30,0,0
Loïc Rémy,https://fbref.com/en/players/5c2da10f/Loic-Remy,2014,fr France,WCQ,27,3,106,0,0
Loïc Rémy,https://fbref.com/en/players/5c2da10f/Loic-Remy,2014,fr France,Friendlies (M),27,7,287,3,0
Louis Saha,https://fbref.com/en/players/7106e4fe/Louis-Saha,2004,fr France,UEFA Euro,25,2,35,0,
Louis Saha,https://fbref.com/en/players/7106e4fe/Louis-Saha,2006,fr France,1. World Cup,27,3,32,0,
Louis Saha,https://fbref.com/en/players/7106e4fe/Louis-Saha,2006,fr France,WCQ,27,2,97,0,
Louis Saha,https://fbref.com/en/players/7106e4fe/Louis-Saha,2008,fr France,UEFA Euro Qualifying,29,4,177,2,
Louis Saha,https://fbref.com/en/players/7106e4fe/Louis-Saha,2012,fr France,UEFA Euro Qualifying,33,1,11,0,
Luís Boa Morte,https://fbref.com/en/players/59ab6332/Luis-Boa-Morte,2006,pt Portugal,1. World Cup,28,1,11,0,
Luís Boa Morte,https://fbref.com/en/players/59ab6332/Luis-Boa-Morte,2006,pt Portugal,WCQ,28,4,94,0,
Luís Boa Morte,https://fbref.com/en/players/59ab6332/Luis-Boa-Morte,2010,pt Portugal,WCQ,32,1,45,0,
Luis Alberto,https://fbref.com/en/players/eeba07f8/Luis-Javier-Suarez,2022,co Colombia,WCQ,24,3,112,0,0
Luis Alberto,https://fbref.com/en/players/eeba07f8/Luis-Javier-Suarez,2022,co Colombia,Friendlies (M),24,1,45,0,0
Luis Alberto,https://fbref.com/en/players/eeba07f8/Luis-Javier-Suarez,2025,co Colombia,Friendlies (M),27,2,137,0,0
Luis Alberto,https://fbref.com/en/players/eeba07f8/Luis-Javier-Suarez,2026,co Colombia,WCQ,28,2,113,4,0
nan,https://fbref.com/en/players/5294a83f/Luis-Alberto,2017,es Spain,Friendlies (M),24,1,17,0,0
nan,https://fbref.com/en/players/5294a83f/Luis-Alberto,2021,es Spain,UEFA Euro Qualifying,28,0,,,
Luis Suárez,https://fbref.com/en/players/a6154613/Luis-Suarez,2010,uy Uruguay,1. World Cup,23,6,539,3,
Luis Suárez,https://fbref.com/en/players/a6154613/Luis-Suarez,2013,uy Uruguay,FIFA Confederations Cup,26,5,404,3,0
Luis Suárez,https://fbref.com/en/players/a6154613/Luis-Suarez,2014,uy Uruguay,1. World Cup,27,2,177,2,0
Luis Suárez,https://fbref.com/en/players/a6154613/Luis-Suarez,2014,uy Uruguay,WCQ,27,9,796,8,1
Luis Suárez,https://fbref.com/en/players/a6154613/Luis-Suarez,2014,uy Uruguay,Friendlies (M),27,3,279,1,0
Luis Suárez,https://fbref.com/en/players/a6154613/Luis-Suarez,2018,uy Uruguay,1. World Cup,31,5,450,2,1
Luis Suárez,https://fbref.com/en/players/a6154613/Luis-Suarez,2018,uy Uruguay,WCQ,31,13,1146,5,7
Luis Suárez,https://fbref.com/en/players/a6154613/Luis-Suarez,2018,uy Uruguay,Friendlies (M),31,4,329,3,2
Luis Suárez,https://fbref.com/en/players/a6154613/Luis-Suarez,2019,uy Uruguay,Friendlies (M),32,3,163,2,2
Luis Suárez,https://fbref.com/en/players/a6154613/Luis-Suarez,2022,uy Uruguay,1. World Cup,35,3,146,0,1
Luis Suárez,https://fbref.com/en/players/a6154613/Luis-Suarez,2022,uy Uruguay,WCQ,35,14,1106,8,0
Luis Suárez,https://fbref.com/en/players/a6154613/Luis-Suarez,2022,uy Uruguay,Friendlies (M),35,2,135,0,1
Luis Suárez,https://fbref.com/en/players/a6154613/Luis-Suarez,2026,uy Uruguay,WCQ,39,2,108,0,0
Luka Modrić,https://fbref.com/en/players/6025fab1/Luka-Modric,2006,hr Croatia,1. World Cup,20,2,30,0,
Luka Modrić,https://fbref.com/en/players/6025fab1/Luka-Modric,2008,hr Croatia,UEFA Euro,22,3,300,1,
Luka Modrić,https://fbref.com/en/players/6025fab1/Luka-Modric,2008,hr Croatia,UEFA Euro Qualifying,22,12,1035,1,
Luka Modrić,https://fbref.com/en/players/6025fab1/Luka-Modric,2010,hr Croatia,WCQ,24,6,534,3,
Luka Modrić,https://fbref.com/en/players/6025fab1/Luka-Modric,2012,hr Croatia,UEFA Euro,26,3,270,0,0
Luka Modrić,https://fbref.com/en/players/6025fab1/Luka-Modric,2012,hr Croatia,UEFA Euro Qualifying,26,10,900,1,
Luka Modrić,https://fbref.com/en/players/6025fab1/Luka-Modric,2014,hr Croatia,1. World Cup,28,3,270,0,0
Luka Modrić,https://fbref.com/en/players/6025fab1/Luka-Modric,2014,hr Croatia,WCQ,28,11,980,0,0
Luka Modrić,https://fbref.com/en/players/6025fab1/Luka-Modric,2014,hr Croatia,Friendlies (M),28,4,170,0,1
Luka Modrić,https://fbref.com/en/players/6025fab1/Luka-Modric,2016,hr Croatia,Friendlies (M),30,3,202,0,0
Luka Modrić,https://fbref.com/en/players/6025fab1/Luka-Modric,2016,hr Croatia,UEFA Euro,30,3,270,1,0
Luka Modrić,https://fbref.com/en/players/6025fab1/Luka-Modric,2016,hr Croatia,UEFA Euro Qualifying,30,8,591,2,2
Luka Modrić,https://fbref.com/en/players/6025fab1/Luka-Modric,2018,hr Croatia,1. World Cup,32,7,691,2,1
Luka Modrić,https://fbref.com/en/players/6025fab1/Luka-Modric,2018,hr Croatia,WCQ,32,10,852,1,3
Luka Modrić,https://fbref.com/en/players/6025fab1/Luka-Modric,2018,hr Croatia,Friendlies (M),32,4,291,0,0
Luka Modrić,https://fbref.com/en/players/6025fab1/Luka-Modric,2018-2019,hr Croatia,UEFA Nations League,32,4,360,0,1
Luka Modrić,https://fbref.com/en/players/6025fab1/Luka-Modric,2019,hr Croatia,Friendlies (M),33,1,21,0,0
Luka Modrić,https://fbref.com/en/players/6025fab1/Luka-Modric,2020,hr Croatia,Friendlies (M),34,2,30,0,0
Luka Modrić,https://fbref.com/en/players/6025fab1/Luka-Modric,2020-2021,hr Croatia,UEFA Nations League,34,4,360,0,0
Luka Modrić,https://fbref.com/en/players/6025fab1/Luka-Modric,2021,hr Croatia,Friendlies (M),35,2,105,0,1
Luka Modrić,https://fbref.com/en/players/6025fab1/Luka-Modric,2021,hr Croatia,UEFA Euro,35,4,383,1,1
Luka Modrić,https://fbref.com/en/players/6025fab1/Luka-Modric,2021,hr Croatia,UEFA Euro Qualifying,35,8,695,2,1
Luka Modrić,https://fbref.com/en/players/6025fab1/Luka-Modric,2022,hr Croatia,1. World Cup,36,7,653,0,0
Luka Modrić,https://fbref.com/en/players/6025fab1/Luka-Modric,2022,hr Croatia,WCQ,36,7,533,3,2
Luka Modrić,https://fbref.com/en/players/6025fab1/Luka-Modric,2022,hr Croatia,Friendlies (M),36,3,113,1,1
Luka Modrić,https://fbref.com/en/players/6025fab1/Luka-Modric,2022-2023,hr Croatia,UEFA Nations League,36,8,663,3,1
Luka Modrić,https://fbref.com/en/players/6025fab1/Luka-Modric,2024,hr Croatia,Friendlies (M),38,1,53,1,0
Luka Modrić,https://fbref.com/en/players/6025fab1/Luka-Modric,2024,hr Croatia,UEFA Euro,38,3,233,1,0
Luka Modrić,https://fbref.com/en/players/6025fab1/Luka-Modric,2024,hr Croatia,UEFA Euro Qualifying,38,8,677,0,0
Luka Modrić,https://fbref.com/en/players/6025fab1/Luka-Modric,2024-2025,hr Croatia,UEFA Nations League,38,8,684,1,0
Luka Modrić,https://fbref.com/en/players/6025fab1/Luka-Modric,2026,hr Croatia,WCQ,40,8,399,1,2
Lukas Podolski,https://fbref.com/en/players/88f0a9a0/Lukas-Podolski,2004,de Germany,UEFA Euro,18,1,45,0,
Lukas Podolski,https://fbref.com/en/players/88f0a9a0/Lukas-Podolski,2005,de Germany,FIFA Confederations Cup,19,4,339,3,
Lukas Podolski,https://fbref.com/en/players/88f0a9a0/Lukas-Podolski,2006,de Germany,1. World Cup,21,7,633,3,
Lukas Podolski,https://fbref.com/en/players/88f0a9a0/Lukas-Podolski,2008,de Germany,UEFA Euro,22,6,532,3,
Lukas Podolski,https://fbref.com/en/players/88f0a9a0/Lukas-Podolski,2008,de Germany,UEFA Euro Qualifying,22,9,653,8,
Lukas Podolski,https://fbref.com/en/players/88f0a9a0/Lukas-Podolski,2010,de Germany,1. World Cup,25,6,530,2,
Lukas Podolski,https://fbref.com/en/players/88f0a9a0/Lukas-Podolski,2010,de Germany,WCQ,24,9,760,6,
Lukas Podolski,https://fbref.com/en/players/88f0a9a0/Lukas-Podolski,2012,de Germany,UEFA Euro Qualifying,26,9,671,3,
Lukas Podolski,https://fbref.com/en/players/88f0a9a0/Lukas-Podolski,2012,de Germany,UEFA Euro,26,4,288,1,0
Lukas Podolski,https://fbref.com/en/players/88f0a9a0/Lukas-Podolski,2014,de Germany,1. World Cup,29,2,54,0,0
Lukas Podolski,https://fbref.com/en/players/88f0a9a0/Lukas-Podolski,2014,de Germany,WCQ,28,5,133,0,0
Lukas Podolski,https://fbref.com/en/players/88f0a9a0/Lukas-Podolski,2014,de Germany,Friendlies (M),28,4,140,1,4
Lukas Podolski,https://fbref.com/en/players/88f0a9a0/Lukas-Podolski,2015,de Germany,Friendlies (M),29,2,63,1,0
Lukas Podolski,https://fbref.com/en/players/88f0a9a0/Lukas-Podolski,2016,de Germany,Friendlies (M),30,2,28,0,0
Lukas Podolski,https://fbref.com/en/players/88f0a9a0/Lukas-Podolski,2016,de Germany,UEFA Euro,30,1,19,0,0
Lukas Podolski,https://fbref.com/en/players/88f0a9a0/Lukas-Podolski,2016,de Germany,UEFA Euro Qualifying,30,7,198,0,1
Lukas Podolski,https://fbref.com/en/players/88f0a9a0/Lukas-Podolski,2017,de Germany,Friendlies (M),31,1,83,1,0
Luke Shaw,https://fbref.com/en/players/9c94165b/Luke-Shaw,2014,eng England,1. World Cup,18,1,90,0,0
Luke Shaw,https://fbref.com/en/players/9c94165b/Luke-Shaw,2014,eng England,Friendlies (M),18,3,183,0,0
Luke Shaw,https://fbref.com/en/players/9c94165b/Luke-Shaw,2016,eng England,UEFA Euro Qualifying,20,2,180,0,2
Luke Shaw,https://fbref.com/en/players/9c94165b/Luke-Shaw,2017,eng England,Friendlies (M),21,1,8,0,0
Luke Shaw,https://fbref.com/en/players/9c94165b/Luke-Shaw,2018,eng England,WCQ,22,0,,,
Luke Shaw,https://fbref.com/en/players/9c94165b/Luke-Shaw,2018-2019,eng England,UEFA Nations League,23,1,52,0,1
Luke Shaw,https://fbref.com/en/players/9c94165b/Luke-Shaw,2021,eng England,Friendlies (M),25,1,74,0,0
Luke Shaw,https://fbref.com/en/players/9c94165b/Luke-Shaw,2021,eng England,UEFA Euro,25,6,574,1,3
Luke Shaw,https://fbref.com/en/players/9c94165b/Luke-Shaw,2022,eng England,1. World Cup,26,5,424,0,1
Luke Shaw,https://fbref.com/en/players/9c94165b/Luke-Shaw,2022,eng England,WCQ,26,4,360,0,2
Luke Shaw,https://fbref.com/en/players/9c94165b/Luke-Shaw,2022,eng England,Friendlies (M),26,2,89,1,0
Luke Shaw,https://fbref.com/en/players/9c94165b/Luke-Shaw,2022-2023,eng England,UEFA Nations League,27,2,109,1,0
Luke Shaw,https://fbref.com/en/players/9c94165b/Luke-Shaw,2024,eng England,UEFA Euro,28,3,178,0,0
Luke Shaw,https://fbref.com/en/players/9c94165b/Luke-Shaw,2024,eng England,UEFA Euro Qualifying,28,3,228,0,1
Luke Young,https://fbref.com/en/players/409a29d7/Luke-Young,2006,eng England,WCQ,26,4,360,0,
Luke Young,https://fbref.com/en/players/409a29d7/Luke-Young,2008,eng England,UEFA Euro Qualifying,28,0,,,
Luuk de Jong,https://fbref.com/en/players/abb3bb95/Luuk-de-Jong,2012,nl Netherlands,UEFA Euro Qualifying,21,2,33,1,
Luuk de Jong,https://fbref.com/en/players/abb3bb95/Luuk-de-Jong,2012,nl Netherlands,UEFA Euro,21,0,,,
Luuk de Jong,https://fbref.com/en/players/abb3bb95/Luuk-de-Jong,2014,nl Netherlands,WCQ,23,0,,,
Luuk de Jong,https://fbref.com/en/players/abb3bb95/Luuk-de-Jong,2014,nl Netherlands,Friendlies (M),23,0,,,
Luuk de Jong,https://fbref.com/en/players/abb3bb95/Luuk-de-Jong,2015,nl Netherlands,Friendlies (M),24,1,13,0,0
Luuk de Jong,https://fbref.com/en/players/abb3bb95/Luuk-de-Jong,2016,nl Netherlands,Friendlies (M),25,3,115,2,1
Luuk de Jong,https://fbref.com/en/players/abb3bb95/Luuk-de-Jong,2016,nl Netherlands,UEFA Euro Qualifying,25,1,17,0,0
Luuk de Jong,https://fbref.com/en/players/abb3bb95/Luuk-de-Jong,2017,nl Netherlands,Friendlies (M),26,1,29,1,0
Luuk de Jong,https://fbref.com/en/players/abb3bb95/Luuk-de-Jong,2018,nl Netherlands,Friendlies (M),27,1,18,0,0
Luuk de Jong,https://fbref.com/en/players/abb3bb95/Luuk-de-Jong,2018,nl Netherlands,WCQ,27,1,22,0,0
Luuk de Jong,https://fbref.com/en/players/abb3bb95/Luuk-de-Jong,2018-2019,nl Netherlands,UEFA Nations League,27,3,38,0,0
Luuk de Jong,https://fbref.com/en/players/abb3bb95/Luuk-de-Jong,2020,nl Netherlands,Friendlies (M),29,2,118,0,0
Luuk de Jong,https://fbref.com/en/players/abb3bb95/Luuk-de-Jong,2020-2021,nl Netherlands,UEFA Nations League,29,6,288,0,0
Luuk de Jong,https://fbref.com/en/players/abb3bb95/Luuk-de-Jong,2021,nl Netherlands,Friendlies (M),30,1,6,0,0
Luuk de Jong,https://fbref.com/en/players/abb3bb95/Luuk-de-Jong,2021,nl Netherlands,UEFA Euro,30,2,12,0,0
Luuk de Jong,https://fbref.com/en/players/abb3bb95/Luuk-de-Jong,2021,nl Netherlands,UEFA Euro Qualifying,30,6,147,1,0
Luuk de Jong,https://fbref.com/en/players/abb3bb95/Luuk-de-Jong,2022,nl Netherlands,1. World Cup,31,1,57,0,0
Luuk de Jong,https://fbref.com/en/players/abb3bb95/Luuk-de-Jong,2022,nl Netherlands,WCQ,31,3,187,3,0
Márton Fülöp,https://fbref.com/en/players/3267fa3b/Marton-Fulop,2008,hu Hungary,UEFA Euro Qualifying,24,5,430,0,
Márton Fülöp,https://fbref.com/en/players/3267fa3b/Marton-Fulop,2010,hu Hungary,WCQ,26,3,270,0,
Márton Fülöp,https://fbref.com/en/players/3267fa3b/Marton-Fulop,2012,hu Hungary,UEFA Euro Qualifying,28,1,90,0,
Maarten Stekelenburg,https://fbref.com/en/players/fefce889/Maarten-Stekelenburg,2006,nl Netherlands,1. World Cup,23,0,,,
Maarten Stekelenburg,https://fbref.com/en/players/fefce889/Maarten-Stekelenburg,2006,nl Netherlands,WCQ,23,0,,,
Maarten Stekelenburg,https://fbref.com/en/players/fefce889/Maarten-Stekelenburg,2008,nl Netherlands,UEFA Euro,25,1,90,0,
Maarten Stekelenburg,https://fbref.com/en/players/fefce889/Maarten-Stekelenburg,2008,nl Netherlands,UEFA Euro Qualifying,25,4,360,0,
Maarten Stekelenburg,https://fbref.com/en/players/fefce889/Maarten-Stekelenburg,2010,nl Netherlands,1. World Cup,27,7,660,0,
Maarten Stekelenburg,https://fbref.com/en/players/fefce889/Maarten-Stekelenburg,2010,nl Netherlands,WCQ,27,5,450,0,
Maarten Stekelenburg,https://fbref.com/en/players/fefce889/Maarten-Stekelenburg,2012,nl Netherlands,UEFA Euro,29,3,270,0,0
Maarten Stekelenburg,https://fbref.com/en/players/fefce889/Maarten-Stekelenburg,2012,nl Netherlands,UEFA Euro Qualifying,29,6,540,0,
Maarten Stekelenburg,https://fbref.com/en/players/fefce889/Maarten-Stekelenburg,2014,nl Netherlands,WCQ,31,3,270,0,0
Maarten Stekelenburg,https://fbref.com/en/players/fefce889/Maarten-Stekelenburg,2015,nl Netherlands,Friendlies (M),32,0,,,
Maarten Stekelenburg,https://fbref.com/en/players/fefce889/Maarten-Stekelenburg,2016,nl Netherlands,Friendlies (M),33,1,90,0,0
Maarten Stekelenburg,https://fbref.com/en/players/fefce889/Maarten-Stekelenburg,2016,nl Netherlands,UEFA Euro Qualifying,33,0,,,
Maarten Stekelenburg,https://fbref.com/en/players/fefce889/Maarten-Stekelenburg,2018,nl Netherlands,WCQ,35,3,270,0,0
Maarten Stekelenburg,https://fbref.com/en/players/fefce889/Maarten-Stekelenburg,2021,nl Netherlands,Friendlies (M),38,1,90,0,0
Maarten Stekelenburg,https://fbref.com/en/players/fefce889/Maarten-Stekelenburg,2021,nl Netherlands,UEFA Euro,38,4,360,0,0
Maarten Stekelenburg,https://fbref.com/en/players/fefce889/Maarten-Stekelenburg,2022,nl Netherlands,WCQ,39,0,,,
Míchel Salgado,https://fbref.com/en/players/68f36bc6/Michel-Salgado,2000,es Spain,UEFA Euro,24,4,315,0,
Míchel Salgado,https://fbref.com/en/players/68f36bc6/Michel-Salgado,2006,es Spain,1. World Cup,30,1,90,0,
Míchel Salgado,https://fbref.com/en/players/68f36bc6/Michel-Salgado,2006,es Spain,WCQ,30,10,900,0,
Míchel Salgado,https://fbref.com/en/players/68f36bc6/Michel-Salgado,2008,es Spain,UEFA Euro Qualifying,32,1,45,0,
Magnus Wolff Eikrem,https://fbref.com/en/players/3a770838/Magnus-Wolff-Eikrem,2014,no Norway,WCQ,23,6,414,0,1
Magnus Wolff Eikrem,https://fbref.com/en/players/3a770838/Magnus-Wolff-Eikrem,2014,no Norway,Friendlies (M),23,0,,,
Magnus Wolff Eikrem,https://fbref.com/en/players/3a770838/Magnus-Wolff-Eikrem,2016,no Norway,Friendlies (M),25,1,67,0,0
Magnus Wolff Eikrem,https://fbref.com/en/players/3a770838/Magnus-Wolff-Eikrem,2016,no Norway,UEFA Euro Qualifying,25,1,23,0,0
Magnus Wolff Eikrem,https://fbref.com/en/players/3a770838/Magnus-Wolff-Eikrem,2018,no Norway,WCQ,27,0,,,
Mahamadou Diarra,https://fbref.com/en/players/4a6c3ade/Mahamadou-Diarra,2010,ml Mali,Africa Cup of Nations,28,2,180,0,0
Maicon Sisenando,https://fbref.com/en/players/fbc5d136/Maicon-Sisenando,2005,br Brazil,FIFA Confederations Cup,23,2,50,0,
Maicon Sisenando,https://fbref.com/en/players/fbc5d136/Maicon-Sisenando,2009,br Brazil,FIFA Confederations Cup,27,4,360,1,3
Maicon Sisenando,https://fbref.com/en/players/fbc5d136/Maicon-Sisenando,2010,br Brazil,1. World Cup,28,5,450,1,
Maicon Sisenando,https://fbref.com/en/players/fbc5d136/Maicon-Sisenando,2014,br Brazil,1. World Cup,32,3,270,0,0
Maicon Sisenando,https://fbref.com/en/players/fbc5d136/Maicon-Sisenando,2014,br Brazil,Friendlies (M),32,3,154,0,0
Mamadou Sakho,https://fbref.com/en/players/87935cf3/Mamadou-Sakho,2012,fr France,UEFA Euro Qualifying,21,1,90,0,
Mamadou Sakho,https://fbref.com/en/players/87935cf3/Mamadou-Sakho,2014,fr France,1. World Cup,24,4,286,0,0
Mamadou Sakho,https://fbref.com/en/players/87935cf3/Mamadou-Sakho,2014,fr France,WCQ,23,5,450,2,0
Mamadou Sakho,https://fbref.com/en/players/87935cf3/Mamadou-Sakho,2014,fr France,Friendlies (M),23,4,315,0,0
Mamadou Sakho,https://fbref.com/en/players/87935cf3/Mamadou-Sakho,2015,fr France,Friendlies (M),24,3,270,0,0
Mamadou Sakho,https://fbref.com/en/players/87935cf3/Mamadou-Sakho,2016,fr France,Friendlies (M),25,1,90,0,0
Mamadou Sakho,https://fbref.com/en/players/87935cf3/Mamadou-Sakho,2018,fr France,Friendlies (M),27,1,45,0,0
Mamadou Sakho,https://fbref.com/en/players/87935cf3/Mamadou-Sakho,2018-2019,fr France,UEFA Nations League,28,0,,,
Mame Biram Diouf,https://fbref.com/en/players/7f4f3e49/Mame-Biram-Diouf,2014,sn Senegal,WCQ,26,5,187,0,
Mame Biram Diouf,https://fbref.com/en/players/7f4f3e49/Mame-Biram-Diouf,2015,sn Senegal,Friendlies (M),27,2,133,0,0
Mame Biram Diouf,https://fbref.com/en/players/7f4f3e49/Mame-Biram-Diouf,2015,sn Senegal,Africa Cup of Nations,27,3,270,1,1
Mame Biram Diouf,https://fbref.com/en/players/7f4f3e49/Mame-Biram-Diouf,2015,sn Senegal,Africa Cup of Nations qualification,27,4,251,2,
Mame Biram Diouf,https://fbref.com/en/players/7f4f3e49/Mame-Biram-Diouf,2016,sn Senegal,Friendlies (M),28,1,48,1,0
Mame Biram Diouf,https://fbref.com/en/players/7f4f3e49/Mame-Biram-Diouf,2017,sn Senegal,Friendlies (M),29,3,213,0,1
Mame Biram Diouf,https://fbref.com/en/players/7f4f3e49/Mame-Biram-Diouf,2017,sn Senegal,Africa Cup of Nations,29,3,215,0,0
Mame Biram Diouf,https://fbref.com/en/players/7f4f3e49/Mame-Biram-Diouf,2017,sn Senegal,Africa Cup of Nations qualification,29,5,426,2,0
Mame Biram Diouf,https://fbref.com/en/players/7f4f3e49/Mame-Biram-Diouf,2018,sn Senegal,1. World Cup,30,2,66,0,0
Mame Biram Diouf,https://fbref.com/en/players/7f4f3e49/Mame-Biram-Diouf,2018,sn Senegal,WCQ,30,2,180,1,0
Mame Biram Diouf,https://fbref.com/en/players/7f4f3e49/Mame-Biram-Diouf,2018,sn Senegal,Friendlies (M),30,4,138,0,0
Mame Biram Diouf,https://fbref.com/en/players/7f4f3e49/Mame-Biram-Diouf,2019,sn Senegal,Africa Cup of Nations qualification,31,1,65,0,0
Manu García,https://fbref.com/en/players/6ed1a2a2/Manu-Garcia,2021,es Spain,Friendlies (M),23,1,53,0,0
Manuel da Costa,https://fbref.com/en/players/50e14b3c/Manuel-da-Costa,2014,ma Morocco,Friendlies (M),27,8,701,0,0
Manuel da Costa,https://fbref.com/en/players/50e14b3c/Manuel-da-Costa,2016,ma Morocco,Friendlies (M),29,3,196,0,0
Manuel da Costa,https://fbref.com/en/players/50e14b3c/Manuel-da-Costa,2017,ma Morocco,Friendlies (M),30,1,90,0,0
Manuel da Costa,https://fbref.com/en/players/50e14b3c/Manuel-da-Costa,2017,ma Morocco,Africa Cup of Nations,30,4,360,0,0
Manuel da Costa,https://fbref.com/en/players/50e14b3c/Manuel-da-Costa,2017,ma Morocco,Africa Cup of Nations qualification,30,4,360,0,0
Manuel da Costa,https://fbref.com/en/players/50e14b3c/Manuel-da-Costa,2018,ma Morocco,1. World Cup,32,3,189,0,0
Manuel da Costa,https://fbref.com/en/players/50e14b3c/Manuel-da-Costa,2018,ma Morocco,WCQ,31,2,180,0,0
Manuel da Costa,https://fbref.com/en/players/50e14b3c/Manuel-da-Costa,2018,ma Morocco,Friendlies (M),31,6,360,1,0
Manuel da Costa,https://fbref.com/en/players/50e14b3c/Manuel-da-Costa,2019,ma Morocco,Friendlies (M),32,1,86,0,0
Manuel da Costa,https://fbref.com/en/players/50e14b3c/Manuel-da-Costa,2019,ma Morocco,Africa Cup of Nations,32,3,211,0,0
Manuel da Costa,https://fbref.com/en/players/50e14b3c/Manuel-da-Costa,2019,ma Morocco,Africa Cup of Nations qualification,32,2,180,0,0
Manuel Lanzini,https://fbref.com/en/players/26f6dca8/Manuel-Lanzini,2017,ar Argentina,Friendlies (M),23,1,59,0,0
Manuel Lanzini,https://fbref.com/en/players/26f6dca8/Manuel-Lanzini,2018,ar Argentina,Friendlies (M),24,2,148,1,0
Manuel Lanzini,https://fbref.com/en/players/26f6dca8/Manuel-Lanzini,2019,ar Argentina,Friendlies (M),25,1,14,0,0
Manuel Lanzini,https://fbref.com/en/players/26f6dca8/Manuel-Lanzini,2022,ar Argentina,WCQ,28,0,,,
Mapou Yanga-Mbiwa,https://fbref.com/en/players/20573d10/Mapou-Yanga-Mbiwa,2014,fr France,WCQ,24,2,180,0,0
Mapou Yanga-Mbiwa,https://fbref.com/en/players/20573d10/Mapou-Yanga-Mbiwa,2014,fr France,Friendlies (M),24,1,90,0,0
Marc Wilson,https://fbref.com/en/players/c325c010/Marc-Wilson,2012,ie Rep. of Ireland,UEFA Euro Qualifying,24,0,,,
Marc Wilson,https://fbref.com/en/players/c325c010/Marc-Wilson,2014,ie Rep. of Ireland,WCQ,26,8,710,1,1
Marc Wilson,https://fbref.com/en/players/c325c010/Marc-Wilson,2014,ie Rep. of Ireland,Friendlies (M),26,3,219,0,1
Marc Wilson,https://fbref.com/en/players/c325c010/Marc-Wilson,2015,ie Rep. of Ireland,Friendlies (M),27,1,90,0,0
Marc Wilson,https://fbref.com/en/players/c325c010/Marc-Wilson,2016,ie Rep. of Ireland,Friendlies (M),28,1,90,0,0
Marc Wilson,https://fbref.com/en/players/c325c010/Marc-Wilson,2016,ie Rep. of Ireland,UEFA Euro Qualifying,28,6,474,0,0
Marc Wilson,https://fbref.com/en/players/c325c010/Marc-Wilson,2018,ie Rep. of Ireland,WCQ,30,0,,,
Marcin Wasilewski,https://fbref.com/en/players/24249219/Marcin-Wasilewski,2008,pl Poland,UEFA Euro,27,3,270,0,
Marcin Wasilewski,https://fbref.com/en/players/24249219/Marcin-Wasilewski,2008,pl Poland,UEFA Euro Qualifying,27,11,874,0,
Marcin Wasilewski,https://fbref.com/en/players/24249219/Marcin-Wasilewski,2010,pl Poland,WCQ,29,5,450,0,
Marcin Wasilewski,https://fbref.com/en/players/24249219/Marcin-Wasilewski,2012,pl Poland,UEFA Euro,31,3,270,0,0
Marcin Wasilewski,https://fbref.com/en/players/24249219/Marcin-Wasilewski,2014,pl Poland,WCQ,33,5,364,0,0
Marco Borriello,https://fbref.com/en/players/a889ffc7/Marco-Borriello,2008,it Italy,UEFA Euro,25,0,,,
Marco Borriello,https://fbref.com/en/players/a889ffc7/Marco-Borriello,2012,it Italy,UEFA Euro Qualifying,29,1,73,0,
Marco van Ginkel,https://fbref.com/en/players/47681787/Marco-van-Ginkel,2016,nl Netherlands,Friendlies (M),23,4,124,0,0
Marco van Ginkel,https://fbref.com/en/players/47681787/Marco-van-Ginkel,2017,nl Netherlands,Friendlies (M),24,1,29,0,0
Marco van Ginkel,https://fbref.com/en/players/47681787/Marco-van-Ginkel,2018,nl Netherlands,WCQ,25,1,5,0,0
Marcos Alonso,https://fbref.com/en/players/f4290206/Marcos-Alonso,2018,es Spain,Friendlies (M),27,1,12,0,0
Marcos Alonso,https://fbref.com/en/players/f4290206/Marcos-Alonso,2018-2019,es Spain,UEFA Nations League,27,2,176,0,0
Marcos Alonso,https://fbref.com/en/players/f4290206/Marcos-Alonso,2020-2021,es Spain,UEFA Nations League,29,2,180,0,0
Marcos Alonso,https://fbref.com/en/players/f4290206/Marcos-Alonso,2022,es Spain,Friendlies (M),31,2,95,0,2
Marcos Alonso,https://fbref.com/en/players/f4290206/Marcos-Alonso,2022-2023,es Spain,UEFA Nations League,31,2,167,0,0
Marcos Rojo,https://fbref.com/en/players/e0991c04/Marcos-Rojo,2014,ar Argentina,1. World Cup,24,6,614,1,0
Marcos Rojo,https://fbref.com/en/players/e0991c04/Marcos-Rojo,2014,ar Argentina,WCQ,23,10,802,0,0
Marcos Rojo,https://fbref.com/en/players/e0991c04/Marcos-Rojo,2014,ar Argentina,Friendlies (M),23,3,270,0,0
Marcos Rojo,https://fbref.com/en/players/e0991c04/Marcos-Rojo,2015,ar Argentina,Friendlies (M),24,3,250,0,0
Marcos Rojo,https://fbref.com/en/players/e0991c04/Marcos-Rojo,2016,ar Argentina,Friendlies (M),25,1,77,0,1
Marcos Rojo,https://fbref.com/en/players/e0991c04/Marcos-Rojo,2018,ar Argentina,1. World Cup,28,3,225,1,1
Marcos Rojo,https://fbref.com/en/players/e0991c04/Marcos-Rojo,2018,ar Argentina,WCQ,27,9,802,0,0
Marcos Rojo,https://fbref.com/en/players/e0991c04/Marcos-Rojo,2018,ar Argentina,Friendlies (M),27,2,135,0,0
Marcos Rojo,https://fbref.com/en/players/e0991c04/Marcos-Rojo,2019,ar Argentina,Friendlies (M),28,2,135,0,0
Marcus Hahnemann,https://fbref.com/en/players/c6be3102/Marcus-Hahnemann,2003,us United States,FIFA Confederations Cup,30,0,,,
Marcus Hahnemann,https://fbref.com/en/players/c6be3102/Marcus-Hahnemann,2006,us United States,1. World Cup,33,0,,,
Marcus Hahnemann,https://fbref.com/en/players/c6be3102/Marcus-Hahnemann,2006,us United States,WCQ,33,1,90,0,
Marcus Hahnemann,https://fbref.com/en/players/c6be3102/Marcus-Hahnemann,2010,us United States,1. World Cup,37,0,,,
Marcus Hahnemann,https://fbref.com/en/players/c6be3102/Marcus-Hahnemann,2010,us United States,WCQ,37,0,,,
Marcus Rashford,https://fbref.com/en/players/a1d5bd30/Marcus-Rashford,2016,eng England,UEFA Euro,18,2,22,0,0
Marcus Rashford,https://fbref.com/en/players/a1d5bd30/Marcus-Rashford,2016,eng England,Friendlies (M),18,2,85,1,0
Marcus Rashford,https://fbref.com/en/players/a1d5bd30/Marcus-Rashford,2017,eng England,Friendlies (M),19,3,126,0,0
Marcus Rashford,https://fbref.com/en/players/a1d5bd30/Marcus-Rashford,2018,eng England,1. World Cup,20,6,202,0,0
Marcus Rashford,https://fbref.com/en/players/a1d5bd30/Marcus-Rashford,2018,eng England,WCQ,20,8,416,1,2
Marcus Rashford,https://fbref.com/en/players/a1d5bd30/Marcus-Rashford,2018,eng England,Friendlies (M),20,6,298,2,0
Marcus Rashford,https://fbref.com/en/players/a1d5bd30/Marcus-Rashford,2018-2019,eng England,UEFA Nations League,20,5,386,3,0
Marcus Rashford,https://fbref.com/en/players/a1d5bd30/Marcus-Rashford,2020,eng England,Friendlies (M),22,0,,,
Marcus Rashford,https://fbref.com/en/players/a1d5bd30/Marcus-Rashford,2020-2021,eng England,UEFA Nations League,22,2,161,1,0
Marcus Rashford,https://fbref.com/en/players/a1d5bd30/Marcus-Rashford,2021,eng England,Friendlies (M),23,1,74,1,0
Marcus Rashford,https://fbref.com/en/players/a1d5bd30/Marcus-Rashford,2021,eng England,UEFA Euro Qualifying,23,6,311,3,0
Marcus Rashford,https://fbref.com/en/players/a1d5bd30/Marcus-Rashford,2021,eng England,UEFA Euro,23,5,88,0,0
Marcus Rashford,https://fbref.com/en/players/a1d5bd30/Marcus-Rashford,2022,eng England,1. World Cup,24,5,140,3,0
Marcus Rashford,https://fbref.com/en/players/a1d5bd30/Marcus-Rashford,2023,eng England,Friendlies (M),25,2,101,0,0
Marcus Rashford,https://fbref.com/en/players/a1d5bd30/Marcus-Rashford,2024,eng England,Friendlies (M),26,1,16,0,0
Marcus Rashford,https://fbref.com/en/players/a1d5bd30/Marcus-Rashford,2024,eng England,UEFA Euro Qualifying,26,6,271,2,0
Marcus Rashford,https://fbref.com/en/players/a1d5bd30/Marcus-Rashford,2025,eng England,Friendlies (M),27,1,45,0,0
Marcus Rashford,https://fbref.com/en/players/a1d5bd30/Marcus-Rashford,2026,eng England,WCQ,28,7,340,1,1
Marek Čech,https://fbref.com/en/players/4261b6d5/Marek-Cech,2006,sk Slovakia,WCQ,23,6,181,0,
Marek Čech,https://fbref.com/en/players/4261b6d5/Marek-Cech,2008,sk Slovakia,UEFA Euro Qualifying,25,7,563,2,
Marek Čech,https://fbref.com/en/players/4261b6d5/Marek-Cech,2010,sk Slovakia,1. World Cup,27,1,90,0,
Marek Čech,https://fbref.com/en/players/4261b6d5/Marek-Cech,2010,sk Slovakia,WCQ,27,4,279,2,
Marek Čech,https://fbref.com/en/players/4261b6d5/Marek-Cech,2012,sk Slovakia,UEFA Euro Qualifying,29,4,294,0,
Marek Čech,https://fbref.com/en/players/4261b6d5/Marek-Cech,2014,sk Slovakia,WCQ,31,0,,,
Mario Balotelli,https://fbref.com/en/players/8ff07990/Mario-Balotelli,2012,it Italy,UEFA Euro,21,6,419,3,0
Mario Balotelli,https://fbref.com/en/players/8ff07990/Mario-Balotelli,2012,it Italy,UEFA Euro Qualifying,21,2,21,0,
Mario Balotelli,https://fbref.com/en/players/8ff07990/Mario-Balotelli,2013,it Italy,FIFA Confederations Cup,22,3,265,2,1
Mario Balotelli,https://fbref.com/en/players/8ff07990/Mario-Balotelli,2014,it Italy,1. World Cup,23,3,207,1,0
Mario Balotelli,https://fbref.com/en/players/8ff07990/Mario-Balotelli,2014,it Italy,WCQ,23,5,371,5,0
Mario Balotelli,https://fbref.com/en/players/8ff07990/Mario-Balotelli,2014,it Italy,Friendlies (M),23,1,77,0,1
Mario Balotelli,https://fbref.com/en/players/8ff07990/Mario-Balotelli,2018,it Italy,Friendlies (M),27,2,142,1,0
Mario Balotelli,https://fbref.com/en/players/8ff07990/Mario-Balotelli,2018-2019,it Italy,UEFA Nations League,27,1,60,0,0
Mario Suárez,https://fbref.com/en/players/7106f0a0/Mario-Suarez,2014,es Spain,WCQ,26,1,90,0,0
Mario Suárez,https://fbref.com/en/players/7106f0a0/Mario-Suarez,2015,es Spain,Friendlies (M),27,1,68,0,0
Mario Suárez,https://fbref.com/en/players/7106f0a0/Mario-Suarez,2016,es Spain,UEFA Euro Qualifying,28,0,,,
Mark Schwarzer,https://fbref.com/en/players/da409c6f/Mark-Schwarzer,2001,au Australia,FIFA Confederations Cup,28,5,450,0,
Mark Schwarzer,https://fbref.com/en/players/da409c6f/Mark-Schwarzer,2005,au Australia,FIFA Confederations Cup,32,2,180,0,
Mark Schwarzer,https://fbref.com/en/players/da409c6f/Mark-Schwarzer,2006,au Australia,1. World Cup,33,3,270,0,
Mark Schwarzer,https://fbref.com/en/players/da409c6f/Mark-Schwarzer,2007,au Australia,Asian Cup,34,4,390,0,
Mark Schwarzer,https://fbref.com/en/players/da409c6f/Mark-Schwarzer,2007,au Australia,Asian Cup qualification,34,2,180,0,
Mark Schwarzer,https://fbref.com/en/players/da409c6f/Mark-Schwarzer,2010,au Australia,1. World Cup,37,3,270,0,
Mark Schwarzer,https://fbref.com/en/players/da409c6f/Mark-Schwarzer,2010,au Australia,WCQ,37,13,1170,0,
Mark Schwarzer,https://fbref.com/en/players/da409c6f/Mark-Schwarzer,2011,au Australia,Asian Cup,38,6,600,0,0
Mark Schwarzer,https://fbref.com/en/players/da409c6f/Mark-Schwarzer,2011,au Australia,Asian Cup qualification,38,2,180,0,
Mark Schwarzer,https://fbref.com/en/players/da409c6f/Mark-Schwarzer,2014,au Australia,WCQ,41,13,1170,0,
Marko Arnautović,https://fbref.com/en/players/00459419/Marko-Arnautovic,2010,at Austria,WCQ,20,3,125,0,
Marko Arnautović,https://fbref.com/en/players/00459419/Marko-Arnautovic,2012,at Austria,UEFA Euro Qualifying,22,8,615,4,
Marko Arnautović,https://fbref.com/en/players/00459419/Marko-Arnautovic,2014,at Austria,WCQ,24,9,727,0,3
Marko Arnautović,https://fbref.com/en/players/00459419/Marko-Arnautovic,2014,at Austria,Friendlies (M),24,2,156,0,0
Marko Arnautović,https://fbref.com/en/players/00459419/Marko-Arnautovic,2015,at Austria,Friendlies (M),25,2,151,0,0
Marko Arnautović,https://fbref.com/en/players/00459419/Marko-Arnautovic,2016,at Austria,Friendlies (M),26,5,378,1,1
Marko Arnautović,https://fbref.com/en/players/00459419/Marko-Arnautovic,2016,at Austria,UEFA Euro,26,3,270,0,0
Marko Arnautović,https://fbref.com/en/players/00459419/Marko-Arnautovic,2016,at Austria,UEFA Euro Qualifying,26,10,856,3,2
Marko Arnautović,https://fbref.com/en/players/00459419/Marko-Arnautovic,2017,at Austria,Friendlies (M),27,2,130,1,0
Marko Arnautović,https://fbref.com/en/players/00459419/Marko-Arnautovic,2018,at Austria,WCQ,28,9,795,4,3
Marko Arnautović,https://fbref.com/en/players/00459419/Marko-Arnautovic,2018,at Austria,Friendlies (M),28,6,471,3,3
Marko Arnautović,https://fbref.com/en/players/00459419/Marko-Arnautovic,2018-2019,at Austria,UEFA Nations League,29,4,290,1,1
Marko Arnautović,https://fbref.com/en/players/00459419/Marko-Arnautovic,2020-2021,at Austria,UEFA Nations League,31,2,118,0,2
Marko Arnautović,https://fbref.com/en/players/00459419/Marko-Arnautovic,2021,at Austria,Friendlies (M),31,1,28,0,0
Marko Arnautović,https://fbref.com/en/players/00459419/Marko-Arnautovic,2021,at Austria,UEFA Euro,31,3,217,1,0
Marko Arnautović,https://fbref.com/en/players/00459419/Marko-Arnautovic,2021,at Austria,UEFA Euro Qualifying,31,8,708,6,2
Marko Arnautović,https://fbref.com/en/players/00459419/Marko-Arnautovic,2022,at Austria,WCQ,32,6,538,5,2
Marko Arnautović,https://fbref.com/en/players/00459419/Marko-Arnautovic,2022,at Austria,Friendlies (M),32,3,206,1,1
Marko Arnautović,https://fbref.com/en/players/00459419/Marko-Arnautovic,2022-2023,at Austria,UEFA Nations League,33,6,303,1,1
Marko Arnautović,https://fbref.com/en/players/00459419/Marko-Arnautovic,2023,at Austria,Friendlies (M),33,1,45,0,0
Marko Arnautović,https://fbref.com/en/players/00459419/Marko-Arnautovic,2024,at Austria,Friendlies (M),34,1,45,0,0
Marko Arnautović,https://fbref.com/en/players/00459419/Marko-Arnautovic,2024,at Austria,UEFA Euro,34,4,279,1,0
Marko Arnautović,https://fbref.com/en/players/00459419/Marko-Arnautovic,2024,at Austria,UEFA Euro Qualifying,34,4,220,2,0
Marko Arnautović,https://fbref.com/en/players/00459419/Marko-Arnautovic,2024-2025,at Austria,UEFA Nations League,35,5,280,2,1
Marko Arnautović,https://fbref.com/en/players/00459419/Marko-Arnautovic,2026,at Austria,WCQ,36,7,426,8,1
Marko Marin,https://fbref.com/en/players/a022e78c/Marko-Marin,2010,de Germany,1. World Cup,21,2,31,0,
Marko Marin,https://fbref.com/en/players/a022e78c/Marko-Marin,2010,de Germany,WCQ,20,2,37,0,
Marko Marin,https://fbref.com/en/players/a022e78c/Marko-Marin,2012,de Germany,UEFA Euro Qualifying,22,3,51,0,
Marouane Chamakh,https://fbref.com/en/players/790ca5f3/Marouane-Chamakh,2012,ma Morocco,Africa Cup of Nations,28,2,167,0,1
Marouane Chamakh,https://fbref.com/en/players/790ca5f3/Marouane-Chamakh,2014,ma Morocco,Friendlies (M),30,2,155,1,1
Marouane Fellaini,https://fbref.com/en/players/87575fd9/Marouane-Fellaini,2008,be Belgium,UEFA Euro Qualifying,20,7,590,1,
Marouane Fellaini,https://fbref.com/en/players/87575fd9/Marouane-Fellaini,2010,be Belgium,WCQ,22,8,720,1,
Marouane Fellaini,https://fbref.com/en/players/87575fd9/Marouane-Fellaini,2012,be Belgium,UEFA Euro Qualifying,24,6,530,2,
Marouane Fellaini,https://fbref.com/en/players/87575fd9/Marouane-Fellaini,2014,be Belgium,1. World Cup,26,5,416,1,0
Marouane Fellaini,https://fbref.com/en/players/87575fd9/Marouane-Fellaini,2014,be Belgium,WCQ,26,7,432,1,0
Marouane Fellaini,https://fbref.com/en/players/87575fd9/Marouane-Fellaini,2014,be Belgium,Friendlies (M),26,5,282,1,1
Marouane Fellaini,https://fbref.com/en/players/87575fd9/Marouane-Fellaini,2015,be Belgium,Friendlies (M),27,1,76,2,1
Marouane Fellaini,https://fbref.com/en/players/87575fd9/Marouane-Fellaini,2016,be Belgium,Friendlies (M),28,4,274,0,0
Marouane Fellaini,https://fbref.com/en/players/87575fd9/Marouane-Fellaini,2016,be Belgium,UEFA Euro,28,3,145,0,0
Marouane Fellaini,https://fbref.com/en/players/87575fd9/Marouane-Fellaini,2016,be Belgium,UEFA Euro Qualifying,28,8,509,4,0
Marouane Fellaini,https://fbref.com/en/players/87575fd9/Marouane-Fellaini,2017,be Belgium,Friendlies (M),29,1,45,1,0
Marouane Fellaini,https://fbref.com/en/players/87575fd9/Marouane-Fellaini,2018,be Belgium,1. World Cup,30,5,317,1,0
Marouane Fellaini,https://fbref.com/en/players/87575fd9/Marouane-Fellaini,2018,be Belgium,WCQ,30,6,444,0,0
Marouane Fellaini,https://fbref.com/en/players/87575fd9/Marouane-Fellaini,2018,be Belgium,Friendlies (M),30,2,90,1,0
Marouane Fellaini,https://fbref.com/en/players/87575fd9/Marouane-Fellaini,2018-2019,be Belgium,UEFA Nations League,30,0,,,
Martín Demichelis,https://fbref.com/en/players/e9c7102a/Martin-Demichelis,2005,ar Argentina,FIFA Confederations Cup,24,0,,,
Martín Demichelis,https://fbref.com/en/players/e9c7102a/Martin-Demichelis,2010,ar Argentina,1. World Cup,29,5,450,1,
Martín Demichelis,https://fbref.com/en/players/e9c7102a/Martin-Demichelis,2014,ar Argentina,1. World Cup,33,3,330,0,0
Martín Demichelis,https://fbref.com/en/players/e9c7102a/Martin-Demichelis,2014,ar Argentina,WCQ,33,2,180,0,0
Martín Demichelis,https://fbref.com/en/players/e9c7102a/Martin-Demichelis,2014,ar Argentina,Friendlies (M),33,3,225,0,0
Martín Demichelis,https://fbref.com/en/players/e9c7102a/Martin-Demichelis,2015,ar Argentina,Friendlies (M),34,2,106,0,0
Martín Demichelis,https://fbref.com/en/players/e9c7102a/Martin-Demichelis,2018,ar Argentina,WCQ,37,2,180,0,0
Martin Škrtel,https://fbref.com/en/players/defb905a/Martin-Skrtel,2006,sk Slovakia,WCQ,21,5,450,0,
Martin Škrtel,https://fbref.com/en/players/defb905a/Martin-Skrtel,2008,sk Slovakia,UEFA Euro Qualifying,23,8,720,3,
Martin Škrtel,https://fbref.com/en/players/defb905a/Martin-Skrtel,2010,sk Slovakia,1. World Cup,25,4,360,0,
Martin Škrtel,https://fbref.com/en/players/defb905a/Martin-Skrtel,2010,sk Slovakia,WCQ,25,6,540,1,
Martin Škrtel,https://fbref.com/en/players/defb905a/Martin-Skrtel,2012,sk Slovakia,UEFA Euro Qualifying,27,7,630,0,
Martin Škrtel,https://fbref.com/en/players/defb905a/Martin-Skrtel,2014,sk Slovakia,WCQ,29,8,718,0,0
Martin Škrtel,https://fbref.com/en/players/defb905a/Martin-Skrtel,2014,sk Slovakia,Friendlies (M),29,2,155,0,0
Martin Škrtel,https://fbref.com/en/players/defb905a/Martin-Skrtel,2015,sk Slovakia,Friendlies (M),30,2,135,0,0
Martin Škrtel,https://fbref.com/en/players/defb905a/Martin-Skrtel,2016,sk Slovakia,Friendlies (M),31,4,351,0,0
Martin Škrtel,https://fbref.com/en/players/defb905a/Martin-Skrtel,2016,sk Slovakia,UEFA Euro,31,4,360,0,0
Martin Škrtel,https://fbref.com/en/players/defb905a/Martin-Skrtel,2016,sk Slovakia,UEFA Euro Qualifying,31,8,720,0,0
Martin Škrtel,https://fbref.com/en/players/defb905a/Martin-Skrtel,2017,sk Slovakia,Friendlies (M),32,2,180,0,0
Martin Škrtel,https://fbref.com/en/players/defb905a/Martin-Skrtel,2018,sk Slovakia,WCQ,33,8,686,1,0
Martin Škrtel,https://fbref.com/en/players/defb905a/Martin-Skrtel,2018,sk Slovakia,Friendlies (M),33,4,326,0,0
Martin Škrtel,https://fbref.com/en/players/defb905a/Martin-Skrtel,2018-2019,sk Slovakia,UEFA Nations League,33,4,360,0,0
Martin Škrtel,https://fbref.com/en/players/defb905a/Martin-Skrtel,2019,sk Slovakia,Friendlies (M),34,1,30,0,0
Martin Jiránek,https://fbref.com/en/players/eb005dc3/Martin-Jiranek,2004,cz Czechia,UEFA Euro,24,4,223,0,
Martin Jiránek,https://fbref.com/en/players/eb005dc3/Martin-Jiranek,2006,cz Czechia,1. World Cup,27,0,,,
Martin Jiránek,https://fbref.com/en/players/eb005dc3/Martin-Jiranek,2006,cz Czechia,WCQ,26,5,354,0,
Martin Jiránek,https://fbref.com/en/players/eb005dc3/Martin-Jiranek,2008,cz Czechia,UEFA Euro Qualifying,28,5,424,0,
Martin Jiránek,https://fbref.com/en/players/eb005dc3/Martin-Jiranek,2010,cz Czechia,WCQ,30,0,,,
Martin Olsson,https://fbref.com/en/players/2f72f79e/Martin-Olsson,2012,se Sweden,UEFA Euro Qualifying,23,4,288,2,
Martin Olsson,https://fbref.com/en/players/2f72f79e/Martin-Olsson,2012,se Sweden,UEFA Euro,23,3,270,0,0
Martin Olsson,https://fbref.com/en/players/2f72f79e/Martin-Olsson,2014,se Sweden,WCQ,25,7,630,1,0
Martin Olsson,https://fbref.com/en/players/2f72f79e/Martin-Olsson,2014,se Sweden,Friendlies (M),25,1,76,0,0
Martin Olsson,https://fbref.com/en/players/2f72f79e/Martin-Olsson,2015,se Sweden,Friendlies (M),26,0,,,
Martin Olsson,https://fbref.com/en/players/2f72f79e/Martin-Olsson,2016,se Sweden,Friendlies (M),27,2,135,0,1
Martin Olsson,https://fbref.com/en/players/2f72f79e/Martin-Olsson,2016,se Sweden,UEFA Euro,27,3,270,0,0
Martin Olsson,https://fbref.com/en/players/2f72f79e/Martin-Olsson,2016,se Sweden,UEFA Euro Qualifying,27,10,806,0,0
Martin Olsson,https://fbref.com/en/players/2f72f79e/Martin-Olsson,2018,se Sweden,1. World Cup,30,2,35,0,0
Martin Olsson,https://fbref.com/en/players/2f72f79e/Martin-Olsson,2018,se Sweden,Friendlies (M),29,3,270,0,0
Martin Olsson,https://fbref.com/en/players/2f72f79e/Martin-Olsson,2018,se Sweden,WCQ,29,3,161,0,0
Martin Olsson,https://fbref.com/en/players/2f72f79e/Martin-Olsson,2018-2019,se Sweden,UEFA Nations League,30,2,159,0,0
Martin Olsson,https://fbref.com/en/players/2f72f79e/Martin-Olsson,2020,se Sweden,Friendlies (M),31,2,109,0,0
Martin Olsson,https://fbref.com/en/players/2f72f79e/Martin-Olsson,2020-2021,se Sweden,UEFA Nations League,32,1,3,0,0
Martin Olsson,https://fbref.com/en/players/2f72f79e/Martin-Olsson,2021,se Sweden,Friendlies (M),32,1,90,0,0
Martin Olsson,https://fbref.com/en/players/2f72f79e/Martin-Olsson,2022,se Sweden,WCQ,33,3,70,0,0
Martin Olsson,https://fbref.com/en/players/2f72f79e/Martin-Olsson,2024,se Sweden,UEFA Euro Qualifying,35,1,90,0,0
Martin Petrov,https://fbref.com/en/players/011360ce/Martin-Petrov,2004,bg Bulgaria,UEFA Euro,25,3,263,1,
Martin Petrov,https://fbref.com/en/players/011360ce/Martin-Petrov,2006,bg Bulgaria,WCQ,27,8,667,3,
Martin Petrov,https://fbref.com/en/players/011360ce/Martin-Petrov,2008,bg Bulgaria,UEFA Euro Qualifying,29,10,837,6,
Martin Petrov,https://fbref.com/en/players/011360ce/Martin-Petrov,2010,bg Bulgaria,WCQ,31,7,487,2,
Martin Petrov,https://fbref.com/en/players/011360ce/Martin-Petrov,2012,bg Bulgaria,UEFA Euro Qualifying,33,6,506,0,
Massadio Haïdara,https://fbref.com/en/players/5167c97e/Massadio-Haidara,2019,ml Mali,Friendlies (M),26,2,178,0,1
Massadio Haïdara,https://fbref.com/en/players/5167c97e/Massadio-Haidara,2019,ml Mali,Africa Cup of Nations,26,1,90,0,0
Massadio Haïdara,https://fbref.com/en/players/5167c97e/Massadio-Haidara,2019,ml Mali,Africa Cup of Nations qualification,26,0,,,
Massadio Haïdara,https://fbref.com/en/players/5167c97e/Massadio-Haidara,2020,ml Mali,Friendlies (M),27,1,90,0,0
Massadio Haïdara,https://fbref.com/en/players/5167c97e/Massadio-Haidara,2021,ml Mali,Africa Cup of Nations,28,4,390,1,0
Massadio Haïdara,https://fbref.com/en/players/5167c97e/Massadio-Haidara,2021,ml Mali,Africa Cup of Nations qualification,28,3,270,0,0
Massadio Haïdara,https://fbref.com/en/players/5167c97e/Massadio-Haidara,2022,ml Mali,WCQ,29,2,180,0,0
Massadio Haïdara,https://fbref.com/en/players/5167c97e/Massadio-Haidara,2022,ml Mali,Friendlies (M),29,1,90,1,0
Massadio Haïdara,https://fbref.com/en/players/5167c97e/Massadio-Haidara,2023,ml Mali,Africa Cup of Nations qualification,30,2,180,0,0
Massadio Haïdara,https://fbref.com/en/players/5167c97e/Massadio-Haidara,2026,ml Mali,WCQ,33,2,180,0,1
Matěj Vydra,https://fbref.com/en/players/0d4ceb32/Matej-Vydra,2014,cz Czechia,WCQ,21,4,284,2,0
Matěj Vydra,https://fbref.com/en/players/0d4ceb32/Matej-Vydra,2014,cz Czechia,Friendlies (M),21,3,180,2,0
Matěj Vydra,https://fbref.com/en/players/0d4ceb32/Matej-Vydra,2016,cz Czechia,Friendlies (M),23,3,135,1,0
Matěj Vydra,https://fbref.com/en/players/0d4ceb32/Matej-Vydra,2016,cz Czechia,UEFA Euro Qualifying,23,2,26,0,0
Matěj Vydra,https://fbref.com/en/players/0d4ceb32/Matej-Vydra,2018,cz Czechia,WCQ,25,1,75,0,0
Matěj Vydra,https://fbref.com/en/players/0d4ceb32/Matej-Vydra,2018,cz Czechia,Friendlies (M),25,1,65,0,0
Matěj Vydra,https://fbref.com/en/players/0d4ceb32/Matej-Vydra,2018-2019,cz Czechia,UEFA Nations League,26,3,217,0,0
Matěj Vydra,https://fbref.com/en/players/0d4ceb32/Matej-Vydra,2019,cz Czechia,Friendlies (M),26,1,38,0,0
Matěj Vydra,https://fbref.com/en/players/0d4ceb32/Matej-Vydra,2020,cz Czechia,Friendlies (M),27,2,106,0,0
Matěj Vydra,https://fbref.com/en/players/0d4ceb32/Matej-Vydra,2020-2021,cz Czechia,UEFA Nations League,28,4,177,1,0
Matěj Vydra,https://fbref.com/en/players/0d4ceb32/Matej-Vydra,2021,cz Czechia,Friendlies (M),28,3,105,1,1
Matěj Vydra,https://fbref.com/en/players/0d4ceb32/Matej-Vydra,2021,cz Czechia,UEFA Euro,28,3,38,0,0
Matěj Vydra,https://fbref.com/en/players/0d4ceb32/Matej-Vydra,2021,cz Czechia,UEFA Euro Qualifying,28,1,45,0,0
Matěj Vydra,https://fbref.com/en/players/0d4ceb32/Matej-Vydra,2022,cz Czechia,WCQ,29,8,263,0,0
Matěj Vydra,https://fbref.com/en/players/0d4ceb32/Matej-Vydra,2026,cz Czechia,WCQ,33,2,74,0,0
Mathieu Debuchy,https://fbref.com/en/players/92232aad/Mathieu-Debuchy,2012,fr France,UEFA Euro,26,4,333,0,0
Mathieu Debuchy,https://fbref.com/en/players/92232aad/Mathieu-Debuchy,2012,fr France,UEFA Euro Qualifying,26,1,90,0,
Mathieu Debuchy,https://fbref.com/en/players/92232aad/Mathieu-Debuchy,2014,fr France,1. World Cup,28,4,360,0,0
Mathieu Debuchy,https://fbref.com/en/players/92232aad/Mathieu-Debuchy,2014,fr France,WCQ,28,4,347,0,0
Mathieu Debuchy,https://fbref.com/en/players/92232aad/Mathieu-Debuchy,2014,fr France,Friendlies (M),28,4,311,0,1
Mathieu Debuchy,https://fbref.com/en/players/92232aad/Mathieu-Debuchy,2015,fr France,Friendlies (M),29,1,45,0,0
Mathieu Flamini,https://fbref.com/en/players/148d4105/Mathieu-Flamini,2010,fr France,WCQ,25,1,1,0,
Matija Nastasić,https://fbref.com/en/players/f35430a4/Matija-Nastasic,2014,rs Serbia,WCQ,20,9,810,0,0
Matija Nastasić,https://fbref.com/en/players/f35430a4/Matija-Nastasic,2014,rs Serbia,Friendlies (M),20,1,90,0,0
Matija Nastasić,https://fbref.com/en/players/f35430a4/Matija-Nastasic,2015,rs Serbia,Friendlies (M),21,1,90,0,0
Matija Nastasić,https://fbref.com/en/players/f35430a4/Matija-Nastasic,2016,rs Serbia,UEFA Euro Qualifying,22,4,360,0,0
Matija Nastasić,https://fbref.com/en/players/f35430a4/Matija-Nastasic,2018,rs Serbia,WCQ,24,7,630,0,0
Matija Nastasić,https://fbref.com/en/players/f35430a4/Matija-Nastasic,2018,rs Serbia,Friendlies (M),24,1,90,0,0
Matija Nastasić,https://fbref.com/en/players/f35430a4/Matija-Nastasic,2021,rs Serbia,Friendlies (M),27,1,45,0,0
Matija Nastasić,https://fbref.com/en/players/f35430a4/Matija-Nastasic,2021,rs Serbia,UEFA Euro Qualifying,27,1,90,0,0
Matija Nastasić,https://fbref.com/en/players/f35430a4/Matija-Nastasic,2022,rs Serbia,WCQ,28,3,262,0,0
Matija Nastasić,https://fbref.com/en/players/f35430a4/Matija-Nastasic,2022,rs Serbia,Friendlies (M),28,2,109,0,0
Mats Møller Dæhli,https://fbref.com/en/players/fcf5211e/Mats-Moller-Daehli,2014,no Norway,Friendlies (M),18,4,261,0,0
Mats Møller Dæhli,https://fbref.com/en/players/fcf5211e/Mats-Moller-Daehli,2016,no Norway,UEFA Euro Qualifying,20,5,359,1,0
Mats Møller Dæhli,https://fbref.com/en/players/fcf5211e/Mats-Moller-Daehli,2017,no Norway,Friendlies (M),21,3,148,0,0
Mats Møller Dæhli,https://fbref.com/en/players/fcf5211e/Mats-Moller-Daehli,2018,no Norway,WCQ,22,5,279,0,0
Mats Møller Dæhli,https://fbref.com/en/players/fcf5211e/Mats-Moller-Daehli,2018,no Norway,Friendlies (M),22,1,1,0,0
Mats Møller Dæhli,https://fbref.com/en/players/fcf5211e/Mats-Moller-Daehli,2018-2019,no Norway,UEFA Nations League,23,0,,,
Mats Møller Dæhli,https://fbref.com/en/players/fcf5211e/Mats-Moller-Daehli,2020-2021,no Norway,UEFA Nations League,25,1,66,0,0
Mats Møller Dæhli,https://fbref.com/en/players/fcf5211e/Mats-Moller-Daehli,2021,no Norway,UEFA Euro Qualifying,25,2,65,0,0
Mats Møller Dæhli,https://fbref.com/en/players/fcf5211e/Mats-Moller-Daehli,2022,no Norway,WCQ,26,5,136,0,0
Mats Møller Dæhli,https://fbref.com/en/players/fcf5211e/Mats-Moller-Daehli,2022,no Norway,Friendlies (M),26,3,110,1,1
Mats Møller Dæhli,https://fbref.com/en/players/fcf5211e/Mats-Moller-Daehli,2022-2023,no Norway,UEFA Nations League,27,3,92,0,0
Mats Møller Dæhli,https://fbref.com/en/players/fcf5211e/Mats-Moller-Daehli,2024,no Norway,UEFA Euro Qualifying,28,1,7,0,0
Matt Doherty,https://fbref.com/en/players/d557d734/Matt-Doherty,2016,ie Rep. of Ireland,Friendlies (M),24,0,,,
Matt Doherty,https://fbref.com/en/players/d557d734/Matt-Doherty,2018,ie Rep. of Ireland,WCQ,26,0,,,
Matt Doherty,https://fbref.com/en/players/d557d734/Matt-Doherty,2018,ie Rep. of Ireland,Friendlies (M),26,3,74,0,0
Matt Doherty,https://fbref.com/en/players/d557d734/Matt-Doherty,2018-2019,ie Rep. of Ireland,UEFA Nations League,26,2,180,0,0
Matt Doherty,https://fbref.com/en/players/d557d734/Matt-Doherty,2020,ie Rep. of Ireland,Friendlies (M),28,1,90,0,0
Matt Doherty,https://fbref.com/en/players/d557d734/Matt-Doherty,2020-2021,ie Rep. of Ireland,UEFA Nations League,28,5,450,0,0
Matt Doherty,https://fbref.com/en/players/d557d734/Matt-Doherty,2021,ie Rep. of Ireland,Friendlies (M),29,3,225,0,0
Matt Doherty,https://fbref.com/en/players/d557d734/Matt-Doherty,2021,ie Rep. of Ireland,UEFA Euro Qualifying,29,5,365,1,0
Matt Doherty,https://fbref.com/en/players/d557d734/Matt-Doherty,2022,ie Rep. of Ireland,WCQ,30,8,663,0,0
Matt Doherty,https://fbref.com/en/players/d557d734/Matt-Doherty,2022,ie Rep. of Ireland,Friendlies (M),30,4,360,0,0
Matt Doherty,https://fbref.com/en/players/d557d734/Matt-Doherty,2022-2023,ie Rep. of Ireland,UEFA Nations League,30,2,165,0,0
Matt Doherty,https://fbref.com/en/players/d557d734/Matt-Doherty,2023,ie Rep. of Ireland,Friendlies (M),31,2,134,0,0
Matt Doherty,https://fbref.com/en/players/d557d734/Matt-Doherty,2024,ie Rep. of Ireland,Friendlies (M),32,4,110,0,0
Matt Doherty,https://fbref.com/en/players/d557d734/Matt-Doherty,2024,ie Rep. of Ireland,UEFA Euro Qualifying,32,6,508,1,1
Matt Doherty,https://fbref.com/en/players/d557d734/Matt-Doherty,2024-2025,ie Rep. of Ireland,UEFA Nations League,32,3,149,0,0
Matt Doherty,https://fbref.com/en/players/d557d734/Matt-Doherty,2025,ie Rep. of Ireland,Friendlies (M),33,2,81,0,0
Matt Doherty,https://fbref.com/en/players/d557d734/Matt-Doherty,2026,ie Rep. of Ireland,WCQ,34,1,65,0,0
Matt Gilks,https://fbref.com/en/players/49b8c292/Matt-Gilks,2012,sct Scotland,UEFA Euro Qualifying,29,0,,,
Matt Gilks,https://fbref.com/en/players/49b8c292/Matt-Gilks,2014,sct Scotland,WCQ,31,1,45,0,0
Matt Gilks,https://fbref.com/en/players/49b8c292/Matt-Gilks,2014,sct Scotland,Friendlies (M),31,0,,,
Matt Gilks,https://fbref.com/en/players/49b8c292/Matt-Gilks,2016,sct Scotland,UEFA Euro Qualifying,33,0,,,
Matt Miazga,https://fbref.com/en/players/9fc0f253/Matt-Miazga,2016,us United States,Friendlies (M),20,1,45,0,0
Matt Miazga,https://fbref.com/en/players/9fc0f253/Matt-Miazga,2017,us United States,Friendlies (M),21,1,90,0,0
Matt Miazga,https://fbref.com/en/players/9fc0f253/Matt-Miazga,2017,us United States,Gold Cup,21,1,90,1,0
Matt Miazga,https://fbref.com/en/players/9fc0f253/Matt-Miazga,2018,us United States,WCQ,22,1,27,0,0
Matt Miazga,https://fbref.com/en/players/9fc0f253/Matt-Miazga,2018,us United States,Friendlies (M),22,7,599,0,1
Matt Miazga,https://fbref.com/en/players/9fc0f253/Matt-Miazga,2019,us United States,Friendlies (M),23,3,251,0,0
Matt Miazga,https://fbref.com/en/players/9fc0f253/Matt-Miazga,2019,us United States,Gold Cup,23,3,270,0,0
Matt Miazga,https://fbref.com/en/players/9fc0f253/Matt-Miazga,2020,us United States,Friendlies (M),24,2,169,0,1
Matt Miazga,https://fbref.com/en/players/9fc0f253/Matt-Miazga,2021,us United States,Friendlies (M),25,1,90,0,0
Matt Miazga,https://fbref.com/en/players/9fc0f253/Matt-Miazga,2023,us United States,Friendlies (M),27,1,21,0,0
Matt Miazga,https://fbref.com/en/players/9fc0f253/Matt-Miazga,2023,us United States,Gold Cup,27,5,321,0,0
Matt Phillips,https://fbref.com/en/players/7bb5f40e/Matt-Phillips,2014,sct Scotland,WCQ,22,1,11,0,0
Matt Phillips,https://fbref.com/en/players/7bb5f40e/Matt-Phillips,2016,sct Scotland,Friendlies (M),24,2,103,0,0
Matt Phillips,https://fbref.com/en/players/7bb5f40e/Matt-Phillips,2017,sct Scotland,Friendlies (M),25,1,90,0,0
Matt Phillips,https://fbref.com/en/players/7bb5f40e/Matt-Phillips,2018,sct Scotland,WCQ,26,4,360,0,0
Matt Phillips,https://fbref.com/en/players/7bb5f40e/Matt-Phillips,2018,sct Scotland,Friendlies (M),26,3,167,1,0
Matt Phillips,https://fbref.com/en/players/7bb5f40e/Matt-Phillips,2018-2019,sct Scotland,UEFA Nations League,27,2,38,0,0
Matt Phillips,https://fbref.com/en/players/7bb5f40e/Matt-Phillips,2021,sct Scotland,UEFA Euro Qualifying,29,2,89,0,0
Matt Ritchie,https://fbref.com/en/players/71ef519e/Matt-Ritchie,2015,sct Scotland,Friendlies (M),25,2,180,1,0
Matt Ritchie,https://fbref.com/en/players/71ef519e/Matt-Ritchie,2016,sct Scotland,Friendlies (M),26,3,261,1,0
Matt Ritchie,https://fbref.com/en/players/71ef519e/Matt-Ritchie,2016,sct Scotland,UEFA Euro Qualifying,26,5,253,1,1
Matt Ritchie,https://fbref.com/en/players/71ef519e/Matt-Ritchie,2018,sct Scotland,WCQ,28,5,252,0,1
Matt Ritchie,https://fbref.com/en/players/71ef519e/Matt-Ritchie,2018,sct Scotland,Friendlies (M),28,1,86,0,0
Matt Upson,https://fbref.com/en/players/1a6e6d03/Matt-Upson,2006,eng England,WCQ,26,0,,,
Matt Upson,https://fbref.com/en/players/1a6e6d03/Matt-Upson,2010,eng England,1. World Cup,31,2,180,1,
Matt Upson,https://fbref.com/en/players/1a6e6d03/Matt-Upson,2010,eng England,WCQ,30,5,362,0,
Matteo Darmian,https://fbref.com/en/players/96e0490d/Matteo-Darmian,2014,it Italy,1. World Cup,24,3,270,0,0
Matteo Darmian,https://fbref.com/en/players/96e0490d/Matteo-Darmian,2014,it Italy,Friendlies (M),24,2,158,0,0
Matteo Darmian,https://fbref.com/en/players/96e0490d/Matteo-Darmian,2015,it Italy,Friendlies (M),25,4,342,0,0
Matteo Darmian,https://fbref.com/en/players/96e0490d/Matteo-Darmian,2016,it Italy,Friendlies (M),26,4,329,0,0
Matteo Darmian,https://fbref.com/en/players/96e0490d/Matteo-Darmian,2016,it Italy,UEFA Euro,26,4,131,0,1
Matteo Darmian,https://fbref.com/en/players/96e0490d/Matteo-Darmian,2016,it Italy,UEFA Euro Qualifying,26,10,860,1,0
Matteo Darmian,https://fbref.com/en/players/96e0490d/Matteo-Darmian,2017,it Italy,Friendlies (M),27,2,178,0,0
Matteo Darmian,https://fbref.com/en/players/96e0490d/Matteo-Darmian,2018,it Italy,WCQ,28,7,572,0,0
Matteo Darmian,https://fbref.com/en/players/96e0490d/Matteo-Darmian,2018,it Italy,Friendlies (M),28,0,,,
Matteo Darmian,https://fbref.com/en/players/96e0490d/Matteo-Darmian,2022-2023,it Italy,UEFA Nations League,32,1,45,0,0
Matteo Darmian,https://fbref.com/en/players/96e0490d/Matteo-Darmian,2024,it Italy,Friendlies (M),34,2,180,0,0
Matteo Darmian,https://fbref.com/en/players/96e0490d/Matteo-Darmian,2024,it Italy,UEFA Euro,34,3,161,0,0
Matteo Darmian,https://fbref.com/en/players/96e0490d/Matteo-Darmian,2024,it Italy,UEFA Euro Qualifying,34,4,226,1,0
Matthew Briggs,https://fbref.com/en/players/182c89db/Matthew-Briggs,2015,gy Guyana,Friendlies (M),23,1,84,0,0
Matthew Briggs,https://fbref.com/en/players/182c89db/Matthew-Briggs,2019,gy Guyana,Friendlies (M),27,1,58,0,0
Matthew Briggs,https://fbref.com/en/players/182c89db/Matthew-Briggs,2019,gy Guyana,Gold Cup,27,2,180,0,0
Matthew Briggs,https://fbref.com/en/players/182c89db/Matthew-Briggs,2022,gy Guyana,WCQ,30,4,360,0,0
Maurice Edu,https://fbref.com/en/players/748dbb80/Maurice-Edu,2010,us United States,1. World Cup,24,3,198,0,
Maurice Edu,https://fbref.com/en/players/748dbb80/Maurice-Edu,2010,us United States,WCQ,23,4,194,0,
Maurice Edu,https://fbref.com/en/players/748dbb80/Maurice-Edu,2014,us United States,WCQ,27,8,417,0,0
Maurice Edu,https://fbref.com/en/players/748dbb80/Maurice-Edu,2014,us United States,Friendlies (M),27,1,19,0,0
Mauricio Isla,https://fbref.com/en/players/de4517dd/Mauricio-Isla,2010,cl Chile,1. World Cup,22,4,331,0,
Mauricio Isla,https://fbref.com/en/players/de4517dd/Mauricio-Isla,2014,cl Chile,1. World Cup,26,4,390,0,0
Mauricio Isla,https://fbref.com/en/players/de4517dd/Mauricio-Isla,2014,cl Chile,WCQ,25,7,630,0,0
Mauricio Isla,https://fbref.com/en/players/de4517dd/Mauricio-Isla,2014,cl Chile,Friendlies (M),25,5,450,0,1
Mauricio Isla,https://fbref.com/en/players/de4517dd/Mauricio-Isla,2015,cl Chile,Friendlies (M),26,4,299,0,1
Mauricio Isla,https://fbref.com/en/players/de4517dd/Mauricio-Isla,2016,cl Chile,Friendlies (M),27,1,90,0,0
Mauricio Isla,https://fbref.com/en/players/de4517dd/Mauricio-Isla,2017,cl Chile,FIFA Confederations Cup,28,5,479,0,0
Mauricio Isla,https://fbref.com/en/players/de4517dd/Mauricio-Isla,2017,cl Chile,Friendlies (M),28,3,188,1,0
Mauricio Isla,https://fbref.com/en/players/de4517dd/Mauricio-Isla,2018,cl Chile,WCQ,29,18,1618,0,2
Mauricio Isla,https://fbref.com/en/players/de4517dd/Mauricio-Isla,2018,cl Chile,Friendlies (M),29,6,510,0,0
Mauricio Isla,https://fbref.com/en/players/de4517dd/Mauricio-Isla,2019,cl Chile,Friendlies (M),30,5,381,0,1
Mauricio Isla,https://fbref.com/en/players/de4517dd/Mauricio-Isla,2022,cl Chile,WCQ,33,16,1358,1,1
Mauricio Isla,https://fbref.com/en/players/de4517dd/Mauricio-Isla,2024,cl Chile,Friendlies (M),35,3,235,0,1
Mauricio Isla,https://fbref.com/en/players/de4517dd/Mauricio-Isla,2026,cl Chile,WCQ,37,2,180,0,0
Max Gradel,https://fbref.com/en/players/c5a500ca/Max-Gradel,2012,ci Côte d'Ivoire,Africa Cup of Nations,24,5,285,0,0
Max Gradel,https://fbref.com/en/players/c5a500ca/Max-Gradel,2013,ci Côte d'Ivoire,Africa Cup of Nations,25,3,90,0,0
Max Gradel,https://fbref.com/en/players/c5a500ca/Max-Gradel,2014,ci Côte d'Ivoire,1. World Cup,26,1,66,0,0
Max Gradel,https://fbref.com/en/players/c5a500ca/Max-Gradel,2014,ci Côte d'Ivoire,WCQ,26,3,53,0,
Max Gradel,https://fbref.com/en/players/c5a500ca/Max-Gradel,2014,ci Côte d'Ivoire,Friendlies (M),26,1,27,1,0
Max Gradel,https://fbref.com/en/players/c5a500ca/Max-Gradel,2015,ci Côte d'Ivoire,Friendlies (M),27,5,305,1,0
Max Gradel,https://fbref.com/en/players/c5a500ca/Max-Gradel,2015,ci Côte d'Ivoire,Africa Cup of Nations,27,5,359,2,1
Max Gradel,https://fbref.com/en/players/c5a500ca/Max-Gradel,2016,ci Côte d'Ivoire,Friendlies (M),28,3,240,0,0
Max Gradel,https://fbref.com/en/players/c5a500ca/Max-Gradel,2017,ci Côte d'Ivoire,Africa Cup of Nations,29,3,90,0,1
Max Gradel,https://fbref.com/en/players/c5a500ca/Max-Gradel,2017,ci Côte d'Ivoire,Africa Cup of Nations qualification,29,3,149,1,0
Max Gradel,https://fbref.com/en/players/c5a500ca/Max-Gradel,2018,ci Côte d'Ivoire,WCQ,30,5,336,1,0
Max Gradel,https://fbref.com/en/players/c5a500ca/Max-Gradel,2018,ci Côte d'Ivoire,Friendlies (M),30,2,175,0,0
Max Gradel,https://fbref.com/en/players/c5a500ca/Max-Gradel,2019,ci Côte d'Ivoire,Africa Cup of Nations,31,4,327,1,1
Max Gradel,https://fbref.com/en/players/c5a500ca/Max-Gradel,2019,ci Côte d'Ivoire,Africa Cup of Nations qualification,31,5,436,1,1
Max Gradel,https://fbref.com/en/players/c5a500ca/Max-Gradel,2019,ci Côte d'Ivoire,Friendlies (M),31,6,389,0,0
Max Gradel,https://fbref.com/en/players/c5a500ca/Max-Gradel,2020,ci Côte d'Ivoire,Friendlies (M),32,2,85,0,0
Max Gradel,https://fbref.com/en/players/c5a500ca/Max-Gradel,2021,ci Côte d'Ivoire,Friendlies (M),33,2,101,0,1
Max Gradel,https://fbref.com/en/players/c5a500ca/Max-Gradel,2021,ci Côte d'Ivoire,Africa Cup of Nations,33,3,230,1,0
Max Gradel,https://fbref.com/en/players/c5a500ca/Max-Gradel,2021,ci Côte d'Ivoire,Africa Cup of Nations qualification,33,6,328,1,2
Max Gradel,https://fbref.com/en/players/c5a500ca/Max-Gradel,2022,ci Côte d'Ivoire,WCQ,34,5,328,2,1
Max Gradel,https://fbref.com/en/players/c5a500ca/Max-Gradel,2022,ci Côte d'Ivoire,Friendlies (M),34,4,75,0,0
Max Gradel,https://fbref.com/en/players/c5a500ca/Max-Gradel,2023,ci Côte d'Ivoire,Friendlies (M),35,1,33,0,0
Max Gradel,https://fbref.com/en/players/c5a500ca/Max-Gradel,2023,ci Côte d'Ivoire,Africa Cup of Nations,35,5,300,0,1
Max Gradel,https://fbref.com/en/players/c5a500ca/Max-Gradel,2023,ci Côte d'Ivoire,Africa Cup of Nations qualification,35,6,276,0,1
Max Gradel,https://fbref.com/en/players/c5a500ca/Max-Gradel,2024,ci Côte d'Ivoire,Friendlies (M),36,1,78,1,0
Max Gradel,https://fbref.com/en/players/c5a500ca/Max-Gradel,2026,ci Côte d'Ivoire,WCQ,38,0,,,
Maxi Rodríguez,https://fbref.com/en/players/4f06b1e0/Maxi-Rodriguez,2005,ar Argentina,FIFA Confederations Cup,24,2,145,0,
Maxi Rodríguez,https://fbref.com/en/players/4f06b1e0/Maxi-Rodriguez,2006,ar Argentina,1. World Cup,25,5,494,2,
Maxi Rodríguez,https://fbref.com/en/players/4f06b1e0/Maxi-Rodriguez,2010,ar Argentina,1. World Cup,29,5,345,0,
Maxi Rodríguez,https://fbref.com/en/players/4f06b1e0/Maxi-Rodriguez,2014,ar Argentina,1. World Cup,33,2,66,0,0
Maxi Rodríguez,https://fbref.com/en/players/4f06b1e0/Maxi-Rodriguez,2014,ar Argentina,WCQ,33,6,117,3,0
Maxi Rodríguez,https://fbref.com/en/players/4f06b1e0/Maxi-Rodriguez,2014,ar Argentina,Friendlies (M),33,2,36,1,0
Maxi Rodríguez,https://fbref.com/en/players/4f06b1e0/Maxi-Rodriguez,2015,ar Argentina,Friendlies (M),34,0,,,
Maya Yoshida,https://fbref.com/en/players/caffaf5a/Maya-Yoshida,2011,jp Japan,Asian Cup qualification,22,1,90,0,
Maya Yoshida,https://fbref.com/en/players/caffaf5a/Maya-Yoshida,2011,jp Japan,Asian Cup,22,5,424,1,0
Maya Yoshida,https://fbref.com/en/players/caffaf5a/Maya-Yoshida,2013,jp Japan,FIFA Confederations Cup,24,3,206,0,0
Maya Yoshida,https://fbref.com/en/players/caffaf5a/Maya-Yoshida,2014,jp Japan,1. World Cup,25,3,270,0,0
Maya Yoshida,https://fbref.com/en/players/caffaf5a/Maya-Yoshida,2014,jp Japan,WCQ,25,11,943,1,
Maya Yoshida,https://fbref.com/en/players/caffaf5a/Maya-Yoshida,2014,jp Japan,Friendlies (M),25,8,675,1,0
Maya Yoshida,https://fbref.com/en/players/caffaf5a/Maya-Yoshida,2015,jp Japan,Friendlies (M),26,3,270,0,0
Maya Yoshida,https://fbref.com/en/players/caffaf5a/Maya-Yoshida,2015,jp Japan,Asian Cup,26,4,390,1,0
Maya Yoshida,https://fbref.com/en/players/caffaf5a/Maya-Yoshida,2016,jp Japan,Friendlies (M),27,1,77,0,0
Maya Yoshida,https://fbref.com/en/players/caffaf5a/Maya-Yoshida,2017,jp Japan,Friendlies (M),28,4,360,0,0
Maya Yoshida,https://fbref.com/en/players/caffaf5a/Maya-Yoshida,2018,jp Japan,1. World Cup,29,4,360,0,0
Maya Yoshida,https://fbref.com/en/players/caffaf5a/Maya-Yoshida,2018,jp Japan,Friendlies (M),29,5,390,0,0
Maya Yoshida,https://fbref.com/en/players/caffaf5a/Maya-Yoshida,2018,jp Japan,WCQ,29,18,1620,4,0
Maya Yoshida,https://fbref.com/en/players/caffaf5a/Maya-Yoshida,2019,jp Japan,Friendlies (M),30,1,90,0,0
Maya Yoshida,https://fbref.com/en/players/caffaf5a/Maya-Yoshida,2019,jp Japan,Asian Cup,30,6,540,0,0
Maya Yoshida,https://fbref.com/en/players/caffaf5a/Maya-Yoshida,2020,jp Japan,Friendlies (M),31,4,360,0,0
Maya Yoshida,https://fbref.com/en/players/caffaf5a/Maya-Yoshida,2021,jp Japan,Friendlies (M),32,1,90,0,0
Maya Yoshida,https://fbref.com/en/players/caffaf5a/Maya-Yoshida,2022,jp Japan,1. World Cup,33,4,390,0,1
Maya Yoshida,https://fbref.com/en/players/caffaf5a/Maya-Yoshida,2022,jp Japan,WCQ,33,14,1187,2,1
Maya Yoshida,https://fbref.com/en/players/caffaf5a/Maya-Yoshida,2022,jp Japan,Friendlies (M),33,5,238,0,0
Maynor Figueroa,https://fbref.com/en/players/d8524b21/Maynor-Figueroa,2006,hn Honduras,WCQ,22,6,540,0,
Maynor Figueroa,https://fbref.com/en/players/d8524b21/Maynor-Figueroa,2010,hn Honduras,1. World Cup,27,3,270,0,
Maynor Figueroa,https://fbref.com/en/players/d8524b21/Maynor-Figueroa,2010,hn Honduras,WCQ,26,16,1406,0,
Maynor Figueroa,https://fbref.com/en/players/d8524b21/Maynor-Figueroa,2014,hn Honduras,1. World Cup,31,3,270,0,0
Maynor Figueroa,https://fbref.com/en/players/d8524b21/Maynor-Figueroa,2014,hn Honduras,WCQ,30,13,1170,1,1
Maynor Figueroa,https://fbref.com/en/players/d8524b21/Maynor-Figueroa,2014,hn Honduras,Friendlies (M),30,6,540,1,0
Maynor Figueroa,https://fbref.com/en/players/d8524b21/Maynor-Figueroa,2015,hn Honduras,Friendlies (M),31,5,450,0,0
Maynor Figueroa,https://fbref.com/en/players/d8524b21/Maynor-Figueroa,2015,hn Honduras,Gold Cup,31,3,270,0,0
Maynor Figueroa,https://fbref.com/en/players/d8524b21/Maynor-Figueroa,2016,hn Honduras,Friendlies (M),32,1,90,0,0
Maynor Figueroa,https://fbref.com/en/players/d8524b21/Maynor-Figueroa,2017,hn Honduras,Gold Cup,33,4,360,0,0
Maynor Figueroa,https://fbref.com/en/players/d8524b21/Maynor-Figueroa,2018,hn Honduras,WCQ,34,16,1440,0,0
Maynor Figueroa,https://fbref.com/en/players/d8524b21/Maynor-Figueroa,2018,hn Honduras,Friendlies (M),34,3,270,0,0
Maynor Figueroa,https://fbref.com/en/players/d8524b21/Maynor-Figueroa,2019,hn Honduras,Friendlies (M),35,5,426,1,0
Maynor Figueroa,https://fbref.com/en/players/d8524b21/Maynor-Figueroa,2019,hn Honduras,Gold Cup,35,3,270,0,1
Maynor Figueroa,https://fbref.com/en/players/d8524b21/Maynor-Figueroa,2020,hn Honduras,Friendlies (M),36,1,90,0,0
Maynor Figueroa,https://fbref.com/en/players/d8524b21/Maynor-Figueroa,2021,hn Honduras,Friendlies (M),37,3,270,0,0
Maynor Figueroa,https://fbref.com/en/players/d8524b21/Maynor-Figueroa,2021,hn Honduras,Gold Cup,37,4,314,0,0
Maynor Figueroa,https://fbref.com/en/players/d8524b21/Maynor-Figueroa,2022,hn Honduras,WCQ,38,8,679,0,1
Maynor Figueroa,https://fbref.com/en/players/d8524b21/Maynor-Figueroa,2022,hn Honduras,Friendlies (M),38,1,90,0,0
Mehdi Abeid,https://fbref.com/en/players/a4c3f7af/Mehdi-Abeid,2015,dz Algeria,Friendlies (M),22,1,45,0,0
Mehdi Abeid,https://fbref.com/en/players/a4c3f7af/Mehdi-Abeid,2017,dz Algeria,Africa Cup of Nations,24,1,1,0,0
Mehdi Abeid,https://fbref.com/en/players/a4c3f7af/Mehdi-Abeid,2017,dz Algeria,Africa Cup of Nations qualification,24,1,6,0,0
Mehdi Abeid,https://fbref.com/en/players/a4c3f7af/Mehdi-Abeid,2018,dz Algeria,WCQ,25,1,20,0,0
Mehdi Abeid,https://fbref.com/en/players/a4c3f7af/Mehdi-Abeid,2019,dz Algeria,Friendlies (M),26,4,144,0,0
Mehdi Abeid,https://fbref.com/en/players/a4c3f7af/Mehdi-Abeid,2019,dz Algeria,Africa Cup of Nations,26,3,99,0,0
Mehdi Abeid,https://fbref.com/en/players/a4c3f7af/Mehdi-Abeid,2019,dz Algeria,Africa Cup of Nations qualification,26,1,90,1,0
Mehdi Abeid,https://fbref.com/en/players/a4c3f7af/Mehdi-Abeid,2020,dz Algeria,Friendlies (M),27,1,90,0,0
Mehdi Abeid,https://fbref.com/en/players/a4c3f7af/Mehdi-Abeid,2021,dz Algeria,Friendlies (M),28,2,8,0,0
Mehdi Abeid,https://fbref.com/en/players/a4c3f7af/Mehdi-Abeid,2021,dz Algeria,Africa Cup of Nations qualification,28,3,154,0,0
Memphis,https://fbref.com/en/players/8f696594/Memphis,2014,nl Netherlands,WCQ,19,1,2,0,0
Memphis,https://fbref.com/en/players/8f696594/Memphis,2014,nl Netherlands,Friendlies (M),19,3,168,0,0
Memphis,https://fbref.com/en/players/8f696594/Memphis,2014,nl Netherlands,1. World Cup,20,4,178,2,1
Memphis,https://fbref.com/en/players/8f696594/Memphis,2015,nl Netherlands,Friendlies (M),20,2,174,1,1
Memphis,https://fbref.com/en/players/8f696594/Memphis,2016,nl Netherlands,Friendlies (M),21,4,219,0,1
Memphis,https://fbref.com/en/players/8f696594/Memphis,2016,nl Netherlands,UEFA Euro Qualifying,21,8,648,0,0
Memphis,https://fbref.com/en/players/8f696594/Memphis,2017,nl Netherlands,Friendlies (M),22,5,392,2,2
Memphis,https://fbref.com/en/players/8f696594/Memphis,2018,nl Netherlands,WCQ,23,4,208,3,1
Memphis,https://fbref.com/en/players/8f696594/Memphis,2018,nl Netherlands,Friendlies (M),23,6,527,3,2
Memphis,https://fbref.com/en/players/8f696594/Memphis,2018-2019,nl Netherlands,UEFA Nations League,24,6,570,2,2
Memphis,https://fbref.com/en/players/8f696594/Memphis,2020,nl Netherlands,Friendlies (M),25,2,168,0,0
Memphis,https://fbref.com/en/players/8f696594/Memphis,2020-2021,nl Netherlands,UEFA Nations League,26,5,437,2,0
Memphis,https://fbref.com/en/players/8f696594/Memphis,2021,nl Netherlands,Friendlies (M),26,2,180,3,2
Memphis,https://fbref.com/en/players/8f696594/Memphis,2021,nl Netherlands,UEFA Euro Qualifying,26,6,495,6,6
Memphis,https://fbref.com/en/players/8f696594/Memphis,2021,nl Netherlands,UEFA Euro,26,4,325,2,2
Memphis,https://fbref.com/en/players/8f696594/Memphis,2022,nl Netherlands,1. World Cup,28,5,297,1,0
Memphis,https://fbref.com/en/players/8f696594/Memphis,2022,nl Netherlands,WCQ,27,10,899,12,6
Memphis,https://fbref.com/en/players/8f696594/Memphis,2022,nl Netherlands,Friendlies (M),27,2,166,1,0
Memphis,https://fbref.com/en/players/8f696594/Memphis,2022-2023,nl Netherlands,UEFA Nations League,28,4,249,3,1
Memphis,https://fbref.com/en/players/8f696594/Memphis,2024,nl Netherlands,Friendlies (M),29,4,294,1,2
Memphis,https://fbref.com/en/players/8f696594/Memphis,2024,nl Netherlands,UEFA Euro,29,6,457,1,1
Memphis,https://fbref.com/en/players/8f696594/Memphis,2024,nl Netherlands,UEFA Euro Qualifying,29,2,152,1,0
Memphis,https://fbref.com/en/players/8f696594/Memphis,2024-2025,nl Netherlands,UEFA Nations League,30,2,183,1,0
Memphis,https://fbref.com/en/players/8f696594/Memphis,2026,nl Netherlands,WCQ,31,8,533,8,4
Mesut Özil,https://fbref.com/en/players/16380240/Mesut-Ozil,2010,de Germany,1. World Cup,21,7,583,1,
Mesut Özil,https://fbref.com/en/players/16380240/Mesut-Ozil,2010,de Germany,WCQ,21,4,214,0,
Mesut Özil,https://fbref.com/en/players/16380240/Mesut-Ozil,2012,de Germany,UEFA Euro,23,5,436,1,3
Mesut Özil,https://fbref.com/en/players/16380240/Mesut-Ozil,2012,de Germany,UEFA Euro Qualifying,23,9,784,5,
Mesut Özil,https://fbref.com/en/players/16380240/Mesut-Ozil,2014,de Germany,1. World Cup,25,7,651,1,1
Mesut Özil,https://fbref.com/en/players/16380240/Mesut-Ozil,2014,de Germany,WCQ,25,10,886,8,5
Mesut Özil,https://fbref.com/en/players/16380240/Mesut-Ozil,2014,de Germany,Friendlies (M),25,3,195,0,2
Mesut Özil,https://fbref.com/en/players/16380240/Mesut-Ozil,2015,de Germany,Friendlies (M),26,2,180,0,0
Mesut Özil,https://fbref.com/en/players/16380240/Mesut-Ozil,2016,de Germany,Friendlies (M),27,4,298,1,1
Mesut Özil,https://fbref.com/en/players/16380240/Mesut-Ozil,2016,de Germany,UEFA Euro,27,6,570,1,1
Mesut Özil,https://fbref.com/en/players/16380240/Mesut-Ozil,2016,de Germany,UEFA Euro Qualifying,27,6,539,0,2
Mesut Özil,https://fbref.com/en/players/16380240/Mesut-Ozil,2017,de Germany,Friendlies (M),28,2,180,0,1
Mesut Özil,https://fbref.com/en/players/16380240/Mesut-Ozil,2018,de Germany,1. World Cup,29,2,180,0,0
Mesut Özil,https://fbref.com/en/players/16380240/Mesut-Ozil,2018,de Germany,WCQ,29,6,435,1,3
Mesut Özil,https://fbref.com/en/players/16380240/Mesut-Ozil,2018,de Germany,Friendlies (M),29,2,165,1,0
Micah Richards,https://fbref.com/en/players/ff87875a/Micah-Richards,2008,eng England,UEFA Euro Qualifying,19,7,529,1,
Michael Bradley,https://fbref.com/en/players/fd5e3a73/Michael-Bradley,2009,us United States,FIFA Confederations Cup,21,4,356,1,0
Michael Bradley,https://fbref.com/en/players/fd5e3a73/Michael-Bradley,2010,us United States,1. World Cup,22,4,390,1,
Michael Bradley,https://fbref.com/en/players/fd5e3a73/Michael-Bradley,2010,us United States,WCQ,22,15,1325,5,
Michael Bradley,https://fbref.com/en/players/fd5e3a73/Michael-Bradley,2014,us United States,1. World Cup,26,4,390,0,1
Michael Bradley,https://fbref.com/en/players/fd5e3a73/Michael-Bradley,2014,us United States,WCQ,26,10,900,0,1
Michael Bradley,https://fbref.com/en/players/fd5e3a73/Michael-Bradley,2014,us United States,Friendlies (M),26,5,434,1,4
Michael Bradley,https://fbref.com/en/players/fd5e3a73/Michael-Bradley,2015,us United States,Friendlies (M),27,9,798,1,2
Michael Bradley,https://fbref.com/en/players/fd5e3a73/Michael-Bradley,2015,us United States,Gold Cup,27,6,570,2,3
Michael Bradley,https://fbref.com/en/players/fd5e3a73/Michael-Bradley,2016,us United States,Friendlies (M),28,6,522,0,2
Michael Bradley,https://fbref.com/en/players/fd5e3a73/Michael-Bradley,2017,us United States,Friendlies (M),29,3,209,0,0
Michael Bradley,https://fbref.com/en/players/fd5e3a73/Michael-Bradley,2017,us United States,Gold Cup,29,3,270,0,1
Michael Bradley,https://fbref.com/en/players/fd5e3a73/Michael-Bradley,2018,us United States,WCQ,30,15,1350,2,1
Michael Bradley,https://fbref.com/en/players/fd5e3a73/Michael-Bradley,2018,us United States,Friendlies (M),30,2,103,0,0
Michael Bradley,https://fbref.com/en/players/fd5e3a73/Michael-Bradley,2019,us United States,Friendlies (M),31,3,205,0,0
Michael Bradley,https://fbref.com/en/players/fd5e3a73/Michael-Bradley,2019,us United States,Gold Cup,31,5,421,0,1
Michael Carrick,https://fbref.com/en/players/ab7263c1/Michael-Carrick,2006,eng England,1. World Cup,24,1,90,0,
Michael Carrick,https://fbref.com/en/players/ab7263c1/Michael-Carrick,2008,eng England,UEFA Euro Qualifying,26,3,187,0,
Michael Carrick,https://fbref.com/en/players/ab7263c1/Michael-Carrick,2010,eng England,1. World Cup,28,0,,,
Michael Carrick,https://fbref.com/en/players/ab7263c1/Michael-Carrick,2010,eng England,WCQ,28,1,90,0,
Michael Carrick,https://fbref.com/en/players/ab7263c1/Michael-Carrick,2012,eng England,UEFA Euro Qualifying,30,0,,,
Michael Carrick,https://fbref.com/en/players/ab7263c1/Michael-Carrick,2014,eng England,WCQ,32,6,386,0,0
Michael Carrick,https://fbref.com/en/players/ab7263c1/Michael-Carrick,2014,eng England,Friendlies (M),32,0,,,
Michael Carrick,https://fbref.com/en/players/ab7263c1/Michael-Carrick,2015,eng England,Friendlies (M),33,2,136,0,0
Michael Carrick,https://fbref.com/en/players/ab7263c1/Michael-Carrick,2016,eng England,UEFA Euro Qualifying,34,1,90,0,0
Michael Dawson,https://fbref.com/en/players/4771114f/Michael-Dawson,2008,eng England,UEFA Euro Qualifying,24,0,,,
Michael Dawson,https://fbref.com/en/players/4771114f/Michael-Dawson,2010,eng England,1. World Cup,26,0,,,
Michael Dawson,https://fbref.com/en/players/4771114f/Michael-Dawson,2012,eng England,UEFA Euro Qualifying,28,2,146,0,
Michael Duff,https://fbref.com/en/players/eabdc970/Michael-Duff,2006,nir Northern Ireland,WCQ,28,3,172,1,
Michael Duff,https://fbref.com/en/players/eabdc970/Michael-Duff,2008,nir Northern Ireland,UEFA Euro Qualifying,30,8,644,0,
Michael Essien,https://fbref.com/en/players/d6577282/Michael-Essien,2006,gh Ghana,1. World Cup,23,3,270,0,
Michael Essien,https://fbref.com/en/players/d6577282/Michael-Essien,2010,gh Ghana,Africa Cup of Nations,27,1,45,0,0
Michael Essien,https://fbref.com/en/players/d6577282/Michael-Essien,2014,gh Ghana,1. World Cup,31,1,20,0,0
Michael Essien,https://fbref.com/en/players/d6577282/Michael-Essien,2014,gh Ghana,WCQ,31,3,216,0,
Michael Essien,https://fbref.com/en/players/d6577282/Michael-Essien,2014,gh Ghana,Friendlies (M),31,1,65,0,0
Michael Keane,https://fbref.com/en/players/c5b7c315/Michael-Keane,2016,eng England,Friendlies (M),23,0,,,
Michael Keane,https://fbref.com/en/players/c5b7c315/Michael-Keane,2017,eng England,Friendlies (M),24,1,90,0,0
Michael Keane,https://fbref.com/en/players/c5b7c315/Michael-Keane,2018,eng England,WCQ,25,3,186,0,0
Michael Keane,https://fbref.com/en/players/c5b7c315/Michael-Keane,2018,eng England,Friendlies (M),25,1,90,0,0
Michael Keane,https://fbref.com/en/players/c5b7c315/Michael-Keane,2018-2019,eng England,UEFA Nations League,25,0,,,
Michael Keane,https://fbref.com/en/players/c5b7c315/Michael-Keane,2020,eng England,Friendlies (M),27,2,180,0,0
Michael Keane,https://fbref.com/en/players/c5b7c315/Michael-Keane,2020-2021,eng England,UEFA Nations League,27,0,,,
Michael Keane,https://fbref.com/en/players/c5b7c315/Michael-Keane,2021,eng England,UEFA Euro Qualifying,28,5,450,1,1
Michael Owen,https://fbref.com/en/players/88b3f52c/Michael-Owen,1998,eng England,1. World Cup,18,4,235,2,0
Michael Owen,https://fbref.com/en/players/88b3f52c/Michael-Owen,2000,eng England,UEFA Euro,20,3,170,1,
Michael Owen,https://fbref.com/en/players/88b3f52c/Michael-Owen,2002,eng England,1. World Cup,22,5,368,2,
Michael Owen,https://fbref.com/en/players/88b3f52c/Michael-Owen,2004,eng England,UEFA Euro,24,4,349,1,
Michael Owen,https://fbref.com/en/players/88b3f52c/Michael-Owen,2006,eng England,1. World Cup,26,3,115,0,
Michael Owen,https://fbref.com/en/players/88b3f52c/Michael-Owen,2006,eng England,WCQ,26,9,792,4,
Michael Owen,https://fbref.com/en/players/88b3f52c/Michael-Owen,2008,eng England,UEFA Euro Qualifying,28,5,425,4,
Michail Antonio,https://fbref.com/en/players/ac05f970/Michail-Antonio,2018,eng England,WCQ,27,0,,,
Michail Antonio,https://fbref.com/en/players/ac05f970/Michail-Antonio,2022,jm Jamaica,WCQ,31,6,393,3,0
Michail Antonio,https://fbref.com/en/players/ac05f970/Michail-Antonio,2022,jm Jamaica,Friendlies (M),31,1,86,0,0
Michail Antonio,https://fbref.com/en/players/ac05f970/Michail-Antonio,2023,jm Jamaica,Gold Cup,32,5,355,0,1
Michail Antonio,https://fbref.com/en/players/ac05f970/Michail-Antonio,2025,jm Jamaica,Gold Cup,34,3,35,0,0
Michail Antonio,https://fbref.com/en/players/ac05f970/Michail-Antonio,2026,jm Jamaica,WCQ,35,1,90,0,0
Michel Vorm,https://fbref.com/en/players/1bebde9d/Michel-Vorm,2010,nl Netherlands,1. World Cup,26,0,,,
Michel Vorm,https://fbref.com/en/players/1bebde9d/Michel-Vorm,2010,nl Netherlands,WCQ,26,1,90,0,
Michel Vorm,https://fbref.com/en/players/1bebde9d/Michel-Vorm,2012,nl Netherlands,UEFA Euro,28,0,,,
Michel Vorm,https://fbref.com/en/players/1bebde9d/Michel-Vorm,2012,nl Netherlands,UEFA Euro Qualifying,28,4,360,0,
Michel Vorm,https://fbref.com/en/players/1bebde9d/Michel-Vorm,2014,nl Netherlands,1. World Cup,30,1,1,0,0
Michel Vorm,https://fbref.com/en/players/1bebde9d/Michel-Vorm,2014,nl Netherlands,WCQ,30,3,270,0,0
Michel Vorm,https://fbref.com/en/players/1bebde9d/Michel-Vorm,2016,nl Netherlands,Friendlies (M),32,0,,,
Michel Vorm,https://fbref.com/en/players/1bebde9d/Michel-Vorm,2017,nl Netherlands,Friendlies (M),33,0,,,
Michel Vorm,https://fbref.com/en/players/1bebde9d/Michel-Vorm,2018,nl Netherlands,WCQ,34,0,,,
Michu,https://fbref.com/en/players/98429b7b/Michu,2014,es Spain,WCQ,27,1,56,0,0
Miguel Layún,https://fbref.com/en/players/ad6295d4/Miguel-Layun,2014,mx Mexico,1. World Cup,25,4,360,0,0
Miguel Layún,https://fbref.com/en/players/ad6295d4/Miguel-Layun,2014,mx Mexico,WCQ,25,2,180,0,0
Miguel Layún,https://fbref.com/en/players/ad6295d4/Miguel-Layun,2014,mx Mexico,Friendlies (M),25,3,182,0,0
Miguel Layún,https://fbref.com/en/players/ad6295d4/Miguel-Layun,2015,mx Mexico,Friendlies (M),26,4,360,0,1
Miguel Layún,https://fbref.com/en/players/ad6295d4/Miguel-Layun,2015,mx Mexico,Gold Cup,26,6,556,0,1
Miguel Layún,https://fbref.com/en/players/ad6295d4/Miguel-Layun,2016,mx Mexico,Friendlies (M),27,1,90,0,1
Miguel Layún,https://fbref.com/en/players/ad6295d4/Miguel-Layun,2017,mx Mexico,Friendlies (M),28,4,315,0,0
Miguel Layún,https://fbref.com/en/players/ad6295d4/Miguel-Layun,2017,mx Mexico,FIFA Confederations Cup,28,4,390,0,0
Miguel Layún,https://fbref.com/en/players/ad6295d4/Miguel-Layun,2018,mx Mexico,1. World Cup,29,4,313,0,0
Miguel Layún,https://fbref.com/en/players/ad6295d4/Miguel-Layun,2018,mx Mexico,WCQ,29,12,1061,1,3
Miguel Layún,https://fbref.com/en/players/ad6295d4/Miguel-Layun,2018,mx Mexico,Friendlies (M),29,5,334,2,0
Miguel Layún,https://fbref.com/en/players/ad6295d4/Miguel-Layun,2019,mx Mexico,Friendlies (M),30,3,181,0,0
Miguel Layún,https://fbref.com/en/players/ad6295d4/Miguel-Layun,2020,mx Mexico,Friendlies (M),31,1,30,0,0
Mikele Leigertwood,https://fbref.com/en/players/3cd9228b/Mikele-Leigertwood,2014,ag Antigua,WCQ,31,5,450,0,0
Milan Jovanović,https://fbref.com/en/players/bd89b75e/Milan-Jovanovic,2008,rs Serbia,UEFA Euro Qualifying,26,7,371,2,
Milan Jovanović,https://fbref.com/en/players/bd89b75e/Milan-Jovanovic,2010,rs Serbia,1. World Cup,29,3,243,1,
Milan Jovanović,https://fbref.com/en/players/bd89b75e/Milan-Jovanovic,2010,rs Serbia,WCQ,28,8,651,5,
Milan Jovanović,https://fbref.com/en/players/bd89b75e/Milan-Jovanovic,2012,rs Serbia,UEFA Euro Qualifying,30,9,556,1,
Mile Jedinak,https://fbref.com/en/players/22fd2214/Mile-Jedinak,2010,au Australia,1. World Cup,25,1,17,0,
Mile Jedinak,https://fbref.com/en/players/22fd2214/Mile-Jedinak,2010,au Australia,WCQ,25,3,149,0,
Mile Jedinak,https://fbref.com/en/players/22fd2214/Mile-Jedinak,2011,au Australia,Asian Cup,26,6,571,2,0
Mile Jedinak,https://fbref.com/en/players/22fd2214/Mile-Jedinak,2011,au Australia,Asian Cup qualification,26,2,92,0,
Mile Jedinak,https://fbref.com/en/players/22fd2214/Mile-Jedinak,2014,au Australia,1. World Cup,29,3,270,1,0
Mile Jedinak,https://fbref.com/en/players/22fd2214/Mile-Jedinak,2014,au Australia,WCQ,29,7,584,1,
Mile Jedinak,https://fbref.com/en/players/22fd2214/Mile-Jedinak,2014,au Australia,Friendlies (M),29,7,536,2,0
Mile Jedinak,https://fbref.com/en/players/22fd2214/Mile-Jedinak,2015,au Australia,Friendlies (M),30,2,161,1,0
Mile Jedinak,https://fbref.com/en/players/22fd2214/Mile-Jedinak,2015,au Australia,Asian Cup,30,4,390,1,0
Mile Jedinak,https://fbref.com/en/players/22fd2214/Mile-Jedinak,2016,au Australia,Friendlies (M),31,2,180,0,0
Mile Jedinak,https://fbref.com/en/players/22fd2214/Mile-Jedinak,2018,au Australia,1. World Cup,33,3,270,2,0
Mile Jedinak,https://fbref.com/en/players/22fd2214/Mile-Jedinak,2018,au Australia,WCQ,33,11,913,7,0
Mile Jedinak,https://fbref.com/en/players/22fd2214/Mile-Jedinak,2018,au Australia,Friendlies (M),33,3,195,0,0
Miloš Veljković,https://fbref.com/en/players/a5ae8f8e/Milos-Veljkovic,2017,rs Serbia,Friendlies (M),21,2,41,0,0
Miloš Veljković,https://fbref.com/en/players/a5ae8f8e/Milos-Veljkovic,2018,rs Serbia,1. World Cup,22,1,90,0,0
Miloš Veljković,https://fbref.com/en/players/a5ae8f8e/Milos-Veljkovic,2018,rs Serbia,WCQ,22,0,,,
Miloš Veljković,https://fbref.com/en/players/a5ae8f8e/Milos-Veljkovic,2018,rs Serbia,Friendlies (M),22,0,,,
Miloš Veljković,https://fbref.com/en/players/a5ae8f8e/Milos-Veljkovic,2018-2019,rs Serbia,UEFA Nations League,22,6,540,0,0
Miloš Veljković,https://fbref.com/en/players/a5ae8f8e/Milos-Veljkovic,2019,rs Serbia,Friendlies (M),23,0,,,
Miloš Veljković,https://fbref.com/en/players/a5ae8f8e/Milos-Veljkovic,2021,rs Serbia,Friendlies (M),25,1,45,0,0
Miloš Veljković,https://fbref.com/en/players/a5ae8f8e/Milos-Veljkovic,2021,rs Serbia,UEFA Euro Qualifying,25,0,,,
Miloš Veljković,https://fbref.com/en/players/a5ae8f8e/Milos-Veljkovic,2022,rs Serbia,WCQ,26,5,342,0,1
Miloš Veljković,https://fbref.com/en/players/a5ae8f8e/Milos-Veljkovic,2022,rs Serbia,Friendlies (M),26,2,121,0,0
Miloš Veljković,https://fbref.com/en/players/a5ae8f8e/Milos-Veljkovic,2022,rs Serbia,1. World Cup,26,3,221,0,0
Miloš Veljković,https://fbref.com/en/players/a5ae8f8e/Milos-Veljkovic,2022-2023,rs Serbia,UEFA Nations League,26,4,344,0,0
Miloš Veljković,https://fbref.com/en/players/a5ae8f8e/Milos-Veljkovic,2023,rs Serbia,Friendlies (M),27,1,90,0,0
Miloš Veljković,https://fbref.com/en/players/a5ae8f8e/Milos-Veljkovic,2024,rs Serbia,Friendlies (M),28,1,90,0,0
Miloš Veljković,https://fbref.com/en/players/a5ae8f8e/Milos-Veljkovic,2024,rs Serbia,UEFA Euro,28,3,270,0,0
Miloš Veljković,https://fbref.com/en/players/a5ae8f8e/Milos-Veljkovic,2024,rs Serbia,UEFA Euro Qualifying,28,4,360,1,0
Miloš Veljković,https://fbref.com/en/players/a5ae8f8e/Milos-Veljkovic,2024-2025,rs Serbia,UEFA Nations League,28,2,180,0,0
Miloš Veljković,https://fbref.com/en/players/a5ae8f8e/Milos-Veljkovic,2026,rs Serbia,WCQ,30,4,240,0,0
Mladen Petrić,https://fbref.com/en/players/2cc63c53/Mladen-Petric,2008,hr Croatia,UEFA Euro,27,4,220,0,
Mladen Petrić,https://fbref.com/en/players/2cc63c53/Mladen-Petric,2008,hr Croatia,UEFA Euro Qualifying,27,10,530,7,
Mladen Petrić,https://fbref.com/en/players/2cc63c53/Mladen-Petric,2010,hr Croatia,WCQ,29,6,325,2,
Mladen Petrić,https://fbref.com/en/players/2cc63c53/Mladen-Petric,2012,hr Croatia,UEFA Euro Qualifying,31,4,271,1,
Mladen Petrić,https://fbref.com/en/players/2cc63c53/Mladen-Petric,2014,hr Croatia,WCQ,33,0,,,
Modibo Maïga,https://fbref.com/en/players/a546477d/Modibo-Maiga,2010,ml Mali,Africa Cup of Nations,22,3,133,0,1
Modibo Maïga,https://fbref.com/en/players/a546477d/Modibo-Maiga,2012,ml Mali,Africa Cup of Nations,24,4,376,0,1
Modibo Maïga,https://fbref.com/en/players/a546477d/Modibo-Maiga,2013,ml Mali,Africa Cup of Nations,25,4,300,0,0
Modibo Maïga,https://fbref.com/en/players/a546477d/Modibo-Maiga,2014,ml Mali,WCQ,26,2,176,1,
Modibo Maïga,https://fbref.com/en/players/a546477d/Modibo-Maiga,2015,ml Mali,Friendlies (M),27,4,233,0,0
Modibo Maïga,https://fbref.com/en/players/a546477d/Modibo-Maiga,2015,ml Mali,Africa Cup of Nations,27,3,98,1,0
Modibo Maïga,https://fbref.com/en/players/a546477d/Modibo-Maiga,2017,ml Mali,Africa Cup of Nations qualification,29,5,446,2,1
Modibo Maïga,https://fbref.com/en/players/a546477d/Modibo-Maiga,2018,ml Mali,WCQ,30,4,191,0,0
Modou Barrow,https://fbref.com/en/players/75783f5f/Modou-Barrow,2015,gm Gambia,Friendlies (M),22,1,90,0,0
Modou Barrow,https://fbref.com/en/players/75783f5f/Modou-Barrow,2017,gm Gambia,Friendlies (M),24,1,80,1,1
Modou Barrow,https://fbref.com/en/players/75783f5f/Modou-Barrow,2017,gm Gambia,Africa Cup of Nations qualification,24,3,265,0,0
Modou Barrow,https://fbref.com/en/players/75783f5f/Modou-Barrow,2018,gm Gambia,Friendlies (M),25,1,90,0,0
Modou Barrow,https://fbref.com/en/players/75783f5f/Modou-Barrow,2019,gm Gambia,Africa Cup of Nations qualification,26,1,90,0,0
Modou Barrow,https://fbref.com/en/players/75783f5f/Modou-Barrow,2021,gm Gambia,Friendlies (M),28,2,88,0,0
Modou Barrow,https://fbref.com/en/players/75783f5f/Modou-Barrow,2021,gm Gambia,Africa Cup of Nations,28,4,198,0,0
Modou Barrow,https://fbref.com/en/players/75783f5f/Modou-Barrow,2021,gm Gambia,Africa Cup of Nations qualification,28,3,234,1,1
Mohamed Diamé,https://fbref.com/en/players/b7d082af/Mohamed-Diame,2012,sn Senegal,Africa Cup of Nations,24,3,245,0,0
Mohamed Diamé,https://fbref.com/en/players/b7d082af/Mohamed-Diame,2014,sn Senegal,WCQ,26,6,527,0,
Mohamed Diamé,https://fbref.com/en/players/b7d082af/Mohamed-Diame,2014,sn Senegal,Friendlies (M),26,2,133,0,0
Mohamed Diamé,https://fbref.com/en/players/b7d082af/Mohamed-Diame,2015,sn Senegal,Africa Cup of Nations qualification,27,3,199,0,
Mohamed Diamé,https://fbref.com/en/players/b7d082af/Mohamed-Diame,2017,sn Senegal,Friendlies (M),29,1,25,0,0
Mohamed Diamé,https://fbref.com/en/players/b7d082af/Mohamed-Diame,2017,sn Senegal,Africa Cup of Nations,29,1,90,0,0
Mohamed Diamé,https://fbref.com/en/players/b7d082af/Mohamed-Diame,2017,sn Senegal,Africa Cup of Nations qualification,29,3,184,1,0
Mohamed Diamé,https://fbref.com/en/players/b7d082af/Mohamed-Diame,2018,sn Senegal,WCQ,30,1,61,0,0
Mohamed Elneny,https://fbref.com/en/players/47a34c4f/Mohamed-Elneny,2014,eg Egypt,Friendlies (M),21,2,180,1,0
Mohamed Elneny,https://fbref.com/en/players/47a34c4f/Mohamed-Elneny,2014,eg Egypt,WCQ,21,5,426,0,
Mohamed Elneny,https://fbref.com/en/players/47a34c4f/Mohamed-Elneny,2015,eg Egypt,Friendlies (M),22,2,160,0,0
Mohamed Elneny,https://fbref.com/en/players/47a34c4f/Mohamed-Elneny,2015,eg Egypt,Africa Cup of Nations qualification,22,6,485,1,
Mohamed Elneny,https://fbref.com/en/players/47a34c4f/Mohamed-Elneny,2016,eg Egypt,Friendlies (M),23,2,152,0,0
Mohamed Elneny,https://fbref.com/en/players/47a34c4f/Mohamed-Elneny,2017,eg Egypt,Friendlies (M),24,2,135,1,0
Mohamed Elneny,https://fbref.com/en/players/47a34c4f/Mohamed-Elneny,2017,eg Egypt,Africa Cup of Nations,24,4,360,1,0
Mohamed Elneny,https://fbref.com/en/players/47a34c4f/Mohamed-Elneny,2017,eg Egypt,Africa Cup of Nations qualification,24,4,450,0,1
Mohamed Elneny,https://fbref.com/en/players/47a34c4f/Mohamed-Elneny,2018,eg Egypt,1. World Cup,25,3,243,0,0
Mohamed Elneny,https://fbref.com/en/players/47a34c4f/Mohamed-Elneny,2018,eg Egypt,WCQ,25,8,720,1,0
Mohamed Elneny,https://fbref.com/en/players/47a34c4f/Mohamed-Elneny,2018,eg Egypt,Friendlies (M),25,3,270,0,0
Mohamed Elneny,https://fbref.com/en/players/47a34c4f/Mohamed-Elneny,2019,eg Egypt,Friendlies (M),26,3,228,0,0
Mohamed Elneny,https://fbref.com/en/players/47a34c4f/Mohamed-Elneny,2019,eg Egypt,Africa Cup of Nations qualification,26,5,450,1,1
Mohamed Elneny,https://fbref.com/en/players/47a34c4f/Mohamed-Elneny,2019,eg Egypt,Africa Cup of Nations,26,4,323,0,0
Mohamed Elneny,https://fbref.com/en/players/47a34c4f/Mohamed-Elneny,2021,eg Egypt,Africa Cup of Nations,28,7,702,0,0
Mohamed Elneny,https://fbref.com/en/players/47a34c4f/Mohamed-Elneny,2021,eg Egypt,Africa Cup of Nations qualification,28,3,206,1,1
Mohamed Elneny,https://fbref.com/en/players/47a34c4f/Mohamed-Elneny,2022,eg Egypt,WCQ,29,5,429,1,0
Mohamed Elneny,https://fbref.com/en/players/47a34c4f/Mohamed-Elneny,2022,eg Egypt,Friendlies (M),29,1,90,0,0
Mohamed Elneny,https://fbref.com/en/players/47a34c4f/Mohamed-Elneny,2023,eg Egypt,Friendlies (M),30,2,135,0,0
Mohamed Elneny,https://fbref.com/en/players/47a34c4f/Mohamed-Elneny,2023,eg Egypt,Africa Cup of Nations,30,3,255,0,0
Mohamed Elneny,https://fbref.com/en/players/47a34c4f/Mohamed-Elneny,2025,eg Egypt,Africa Cup of Nations qualification,32,2,57,0,0
Mohamed Elneny,https://fbref.com/en/players/47a34c4f/Mohamed-Elneny,2026,eg Egypt,WCQ,33,2,180,0,0
Mohamed Salah,https://fbref.com/en/players/e342ad68/Mohamed-Salah,2014,eg Egypt,Friendlies (M),21,2,179,1,3
Mohamed Salah,https://fbref.com/en/players/e342ad68/Mohamed-Salah,2014,eg Egypt,WCQ,21,8,720,6,
Mohamed Salah,https://fbref.com/en/players/e342ad68/Mohamed-Salah,2015,eg Egypt,Friendlies (M),22,2,163,0,0
Mohamed Salah,https://fbref.com/en/players/e342ad68/Mohamed-Salah,2015,eg Egypt,Africa Cup of Nations qualification,22,5,450,3,
Mohamed Salah,https://fbref.com/en/players/e342ad68/Mohamed-Salah,2016,eg Egypt,Friendlies (M),23,1,90,0,0
Mohamed Salah,https://fbref.com/en/players/e342ad68/Mohamed-Salah,2017,eg Egypt,Friendlies (M),24,1,24,0,0
Mohamed Salah,https://fbref.com/en/players/e342ad68/Mohamed-Salah,2017,eg Egypt,Africa Cup of Nations,24,6,549,2,2
Mohamed Salah,https://fbref.com/en/players/e342ad68/Mohamed-Salah,2017,eg Egypt,Africa Cup of Nations qualification,24,4,442,4,2
Mohamed Salah,https://fbref.com/en/players/e342ad68/Mohamed-Salah,2018,eg Egypt,1. World Cup,25,2,180,2,0
Mohamed Salah,https://fbref.com/en/players/e342ad68/Mohamed-Salah,2018,eg Egypt,WCQ,25,5,450,5,2
Mohamed Salah,https://fbref.com/en/players/e342ad68/Mohamed-Salah,2018,eg Egypt,Friendlies (M),25,1,78,1,0
Mohamed Salah,https://fbref.com/en/players/e342ad68/Mohamed-Salah,2019,eg Egypt,Friendlies (M),26,1,30,0,1
Mohamed Salah,https://fbref.com/en/players/e342ad68/Mohamed-Salah,2019,eg Egypt,Africa Cup of Nations qualification,26,4,360,4,2
Mohamed Salah,https://fbref.com/en/players/e342ad68/Mohamed-Salah,2019,eg Egypt,Africa Cup of Nations,26,4,360,2,0
Mohamed Salah,https://fbref.com/en/players/e342ad68/Mohamed-Salah,2021,eg Egypt,Africa Cup of Nations,28,7,749,2,0
Mohamed Salah,https://fbref.com/en/players/e342ad68/Mohamed-Salah,2021,eg Egypt,Africa Cup of Nations qualification,28,2,180,2,0
Mohamed Salah,https://fbref.com/en/players/e342ad68/Mohamed-Salah,2022,eg Egypt,WCQ,29,7,602,0,3
Mohamed Salah,https://fbref.com/en/players/e342ad68/Mohamed-Salah,2022,eg Egypt,Friendlies (M),29,2,177,2,1
Mohamed Salah,https://fbref.com/en/players/e342ad68/Mohamed-Salah,2023,eg Egypt,Friendlies (M),30,3,269,0,0
Mohamed Salah,https://fbref.com/en/players/e342ad68/Mohamed-Salah,2023,eg Egypt,Africa Cup of Nations,30,2,134,1,1
Mohamed Salah,https://fbref.com/en/players/e342ad68/Mohamed-Salah,2023,eg Egypt,Africa Cup of Nations qualification,30,4,345,2,3
Mohamed Salah,https://fbref.com/en/players/e342ad68/Mohamed-Salah,2025,eg Egypt,Africa Cup of Nations qualification,32,3,253,2,0
Mohamed Salah,https://fbref.com/en/players/e342ad68/Mohamed-Salah,2026,eg Egypt,WCQ,33,9,806,9,3
Morgan Schneiderlin,https://fbref.com/en/players/51b41c5c/Morgan-Schneiderlin,2014,fr France,1. World Cup,24,1,90,0,0
Morgan Schneiderlin,https://fbref.com/en/players/51b41c5c/Morgan-Schneiderlin,2014,fr France,Friendlies (M),24,6,216,0,0
Morgan Schneiderlin,https://fbref.com/en/players/51b41c5c/Morgan-Schneiderlin,2015,fr France,Friendlies (M),25,8,516,0,0
Morgan Schneiderlin,https://fbref.com/en/players/51b41c5c/Morgan-Schneiderlin,2016,fr France,Friendlies (M),26,0,,,
Morgan Schneiderlin,https://fbref.com/en/players/51b41c5c/Morgan-Schneiderlin,2016,fr France,UEFA Euro,26,0,,,
Morten Gamst Pedersen,https://fbref.com/en/players/c75d2fba/Morten-Gamst-Pedersen,2006,no Norway,WCQ,24,11,836,2,
Morten Gamst Pedersen,https://fbref.com/en/players/c75d2fba/Morten-Gamst-Pedersen,2008,no Norway,UEFA Euro Qualifying,26,11,952,2,
Morten Gamst Pedersen,https://fbref.com/en/players/c75d2fba/Morten-Gamst-Pedersen,2010,no Norway,WCQ,28,8,568,2,
Morten Gamst Pedersen,https://fbref.com/en/players/c75d2fba/Morten-Gamst-Pedersen,2012,no Norway,UEFA Euro Qualifying,30,6,495,1,
Morten Gamst Pedersen,https://fbref.com/en/players/c75d2fba/Morten-Gamst-Pedersen,2014,no Norway,Friendlies (M),32,4,210,1,1
Morten Gamst Pedersen,https://fbref.com/en/players/c75d2fba/Morten-Gamst-Pedersen,2016,no Norway,UEFA Euro Qualifying,34,1,16,0,0
Mousa Dembélé,https://fbref.com/en/players/f7ee69fb/Mousa-Dembele,2008,be Belgium,UEFA Euro Qualifying,20,10,784,4,
Mousa Dembélé,https://fbref.com/en/players/f7ee69fb/Mousa-Dembele,2010,be Belgium,WCQ,22,8,720,1,
Mousa Dembélé,https://fbref.com/en/players/f7ee69fb/Mousa-Dembele,2012,be Belgium,UEFA Euro Qualifying,24,6,460,0,
Mousa Dembélé,https://fbref.com/en/players/f7ee69fb/Mousa-Dembele,2014,be Belgium,1. World Cup,26,2,154,0,0
Mousa Dembélé,https://fbref.com/en/players/f7ee69fb/Mousa-Dembele,2014,be Belgium,WCQ,26,10,535,0,0
Mousa Dembélé,https://fbref.com/en/players/f7ee69fb/Mousa-Dembele,2014,be Belgium,Friendlies (M),26,4,235,0,0
Mousa Dembélé,https://fbref.com/en/players/f7ee69fb/Mousa-Dembele,2015,be Belgium,Friendlies (M),27,1,10,0,0
Mousa Dembélé,https://fbref.com/en/players/f7ee69fb/Mousa-Dembele,2016,be Belgium,Friendlies (M),28,4,118,0,0
Mousa Dembélé,https://fbref.com/en/players/f7ee69fb/Mousa-Dembele,2016,be Belgium,UEFA Euro,28,1,56,0,0
Mousa Dembélé,https://fbref.com/en/players/f7ee69fb/Mousa-Dembele,2016,be Belgium,UEFA Euro Qualifying,28,0,,,
Mousa Dembélé,https://fbref.com/en/players/f7ee69fb/Mousa-Dembele,2017,be Belgium,Friendlies (M),29,3,158,0,0
Mousa Dembélé,https://fbref.com/en/players/f7ee69fb/Mousa-Dembele,2018,be Belgium,1. World Cup,30,4,179,0,0
Mousa Dembélé,https://fbref.com/en/players/f7ee69fb/Mousa-Dembele,2018,be Belgium,WCQ,30,3,143,0,1
Mousa Dembélé,https://fbref.com/en/players/f7ee69fb/Mousa-Dembele,2018,be Belgium,Friendlies (M),30,4,157,0,0
Mousa Dembélé,https://fbref.com/en/players/f7ee69fb/Mousa-Dembele,2018-2019,be Belgium,UEFA Nations League,31,1,11,0,0
Moussa Sissoko,https://fbref.com/en/players/2acd49b9/Moussa-Sissoko,2010,fr France,WCQ,20,2,119,0,
Moussa Sissoko,https://fbref.com/en/players/2acd49b9/Moussa-Sissoko,2014,fr France,1. World Cup,24,4,215,1,0
Moussa Sissoko,https://fbref.com/en/players/2acd49b9/Moussa-Sissoko,2014,fr France,WCQ,24,6,190,0,0
Moussa Sissoko,https://fbref.com/en/players/2acd49b9/Moussa-Sissoko,2014,fr France,Friendlies (M),24,10,510,0,1
Moussa Sissoko,https://fbref.com/en/players/2acd49b9/Moussa-Sissoko,2015,fr France,Friendlies (M),25,7,356,0,1
Moussa Sissoko,https://fbref.com/en/players/2acd49b9/Moussa-Sissoko,2016,fr France,Friendlies (M),26,6,128,0,0
Moussa Sissoko,https://fbref.com/en/players/2acd49b9/Moussa-Sissoko,2016,fr France,UEFA Euro,26,6,381,0,0
Moussa Sissoko,https://fbref.com/en/players/2acd49b9/Moussa-Sissoko,2017,fr France,Friendlies (M),27,1,45,1,0
Moussa Sissoko,https://fbref.com/en/players/2acd49b9/Moussa-Sissoko,2018,fr France,WCQ,28,6,441,0,1
Moussa Sissoko,https://fbref.com/en/players/2acd49b9/Moussa-Sissoko,2018,fr France,Friendlies (M),28,1,1,0,0
Moussa Sissoko,https://fbref.com/en/players/2acd49b9/Moussa-Sissoko,2018-2019,fr France,UEFA Nations League,28,1,26,0,0
Moussa Sissoko,https://fbref.com/en/players/2acd49b9/Moussa-Sissoko,2020,fr France,Friendlies (M),30,1,90,0,0
Moussa Sissoko,https://fbref.com/en/players/2acd49b9/Moussa-Sissoko,2020-2021,fr France,UEFA Nations League,30,2,180,0,0
Moussa Sissoko,https://fbref.com/en/players/2acd49b9/Moussa-Sissoko,2021,fr France,Friendlies (M),31,2,34,0,0
Moussa Sissoko,https://fbref.com/en/players/2acd49b9/Moussa-Sissoko,2021,fr France,UEFA Euro,31,2,37,0,0
Moussa Sissoko,https://fbref.com/en/players/2acd49b9/Moussa-Sissoko,2021,fr France,UEFA Euro Qualifying,31,7,478,0,0
Moussa Sissoko,https://fbref.com/en/players/2acd49b9/Moussa-Sissoko,2022,fr France,WCQ,32,2,10,0,0
Muamer Tanković,https://fbref.com/en/players/b44c39da/Muamer-Tankovic,2014,se Sweden,Friendlies (M),18,1,24,0,0
Muamer Tanković,https://fbref.com/en/players/b44c39da/Muamer-Tankovic,2021,se Sweden,UEFA Euro Qualifying,25,1,90,0,0
Muhamed Bešić,https://fbref.com/en/players/7ca9f0f0/Muhamed-Besic,2012,ba Bosnia & Herz'na,UEFA Euro Qualifying,19,2,41,0,
Muhamed Bešić,https://fbref.com/en/players/7ca9f0f0/Muhamed-Besic,2014,ba Bosnia & Herz'na,1. World Cup,21,3,270,0,0
Muhamed Bešić,https://fbref.com/en/players/7ca9f0f0/Muhamed-Besic,2014,ba Bosnia & Herz'na,WCQ,21,0,,,
Muhamed Bešić,https://fbref.com/en/players/7ca9f0f0/Muhamed-Besic,2015,ba Bosnia & Herz'na,Friendlies (M),22,1,45,0,1
Muhamed Bešić,https://fbref.com/en/players/7ca9f0f0/Muhamed-Besic,2016,ba Bosnia & Herz'na,Friendlies (M),23,3,246,0,0
Muhamed Bešić,https://fbref.com/en/players/7ca9f0f0/Muhamed-Besic,2016,ba Bosnia & Herz'na,UEFA Euro Qualifying,23,9,692,0,0
Muhamed Bešić,https://fbref.com/en/players/7ca9f0f0/Muhamed-Besic,2018,ba Bosnia & Herz'na,WCQ,25,2,75,0,0
Muhamed Bešić,https://fbref.com/en/players/7ca9f0f0/Muhamed-Besic,2018,ba Bosnia & Herz'na,Friendlies (M),25,4,282,0,0
Muhamed Bešić,https://fbref.com/en/players/7ca9f0f0/Muhamed-Besic,2018-2019,ba Bosnia & Herz'na,UEFA Nations League,25,4,359,0,0
Muhamed Bešić,https://fbref.com/en/players/7ca9f0f0/Muhamed-Besic,2020-2021,ba Bosnia & Herz'na,UEFA Nations League,27,2,73,0,0
Muhamed Bešić,https://fbref.com/en/players/7ca9f0f0/Muhamed-Besic,2021,ba Bosnia & Herz'na,UEFA Euro Qualifying,28,7,514,0,1
Muhamed Bešić,https://fbref.com/en/players/7ca9f0f0/Muhamed-Besic,2022-2023,ba Bosnia & Herz'na,UEFA Nations League,29,2,82,0,0
Nélson Oliveira,https://fbref.com/en/players/f716e4e4/Nelson-Oliveira,2012,pt Portugal,UEFA Euro,20,4,115,0,0
Nélson Oliveira,https://fbref.com/en/players/f716e4e4/Nelson-Oliveira,2014,pt Portugal,WCQ,22,2,47,0,0
Nélson Oliveira,https://fbref.com/en/players/f716e4e4/Nelson-Oliveira,2015,pt Portugal,Friendlies (M),23,2,83,0,0
Nélson Oliveira,https://fbref.com/en/players/f716e4e4/Nelson-Oliveira,2018,pt Portugal,WCQ,26,1,10,1,0
Nabil Bentaleb,https://fbref.com/en/players/3189f61a/Nabil-Bentaleb,2014,dz Algeria,1. World Cup,19,3,270,0,0
Nabil Bentaleb,https://fbref.com/en/players/3189f61a/Nabil-Bentaleb,2014,dz Algeria,Friendlies (M),19,1,90,0,0
Nabil Bentaleb,https://fbref.com/en/players/3189f61a/Nabil-Bentaleb,2015,dz Algeria,Friendlies (M),20,3,270,0,0
Nabil Bentaleb,https://fbref.com/en/players/3189f61a/Nabil-Bentaleb,2015,dz Algeria,Africa Cup of Nations,20,4,360,1,0
Nabil Bentaleb,https://fbref.com/en/players/3189f61a/Nabil-Bentaleb,2017,dz Algeria,Friendlies (M),22,1,49,0,0
Nabil Bentaleb,https://fbref.com/en/players/3189f61a/Nabil-Bentaleb,2017,dz Algeria,Africa Cup of Nations,22,3,270,0,0
Nabil Bentaleb,https://fbref.com/en/players/3189f61a/Nabil-Bentaleb,2017,dz Algeria,Africa Cup of Nations qualification,22,1,90,1,0
Nabil Bentaleb,https://fbref.com/en/players/3189f61a/Nabil-Bentaleb,2018,dz Algeria,WCQ,23,5,350,1,0
Nabil Bentaleb,https://fbref.com/en/players/3189f61a/Nabil-Bentaleb,2018,dz Algeria,Friendlies (M),23,3,240,0,0
Nabil Bentaleb,https://fbref.com/en/players/3189f61a/Nabil-Bentaleb,2019,dz Algeria,Africa Cup of Nations qualification,24,4,331,0,0
Nabil Bentaleb,https://fbref.com/en/players/3189f61a/Nabil-Bentaleb,2022,dz Algeria,Friendlies (M),27,4,270,0,0
Nabil Bentaleb,https://fbref.com/en/players/3189f61a/Nabil-Bentaleb,2023,dz Algeria,Friendlies (M),28,1,90,0,0
Nabil Bentaleb,https://fbref.com/en/players/3189f61a/Nabil-Bentaleb,2023,dz Algeria,Africa Cup of Nations,28,3,180,0,0
Nabil Bentaleb,https://fbref.com/en/players/3189f61a/Nabil-Bentaleb,2023,dz Algeria,Africa Cup of Nations qualification,28,3,131,0,0
Nabil Bentaleb,https://fbref.com/en/players/3189f61a/Nabil-Bentaleb,2025,dz Algeria,Friendlies (M),30,2,121,1,1
Nabil Bentaleb,https://fbref.com/en/players/3189f61a/Nabil-Bentaleb,2026,dz Algeria,WCQ,31,6,415,0,0
Nacer Chadli,https://fbref.com/en/players/5b54bf3b/Nacer-Chadli,2012,be Belgium,UEFA Euro Qualifying,22,3,270,1,
Nacer Chadli,https://fbref.com/en/players/5b54bf3b/Nacer-Chadli,2014,be Belgium,1. World Cup,24,4,102,0,0
Nacer Chadli,https://fbref.com/en/players/5b54bf3b/Nacer-Chadli,2014,be Belgium,WCQ,24,8,481,0,1
Nacer Chadli,https://fbref.com/en/players/5b54bf3b/Nacer-Chadli,2014,be Belgium,Friendlies (M),24,4,125,1,2
Nacer Chadli,https://fbref.com/en/players/5b54bf3b/Nacer-Chadli,2015,be Belgium,Friendlies (M),25,1,14,0,0
Nacer Chadli,https://fbref.com/en/players/5b54bf3b/Nacer-Chadli,2016,be Belgium,Friendlies (M),26,1,90,0,0
Nacer Chadli,https://fbref.com/en/players/5b54bf3b/Nacer-Chadli,2016,be Belgium,UEFA Euro Qualifying,26,4,168,1,0
Nacer Chadli,https://fbref.com/en/players/5b54bf3b/Nacer-Chadli,2017,be Belgium,Friendlies (M),27,4,339,0,2
Nacer Chadli,https://fbref.com/en/players/5b54bf3b/Nacer-Chadli,2018,be Belgium,WCQ,28,6,325,1,0
Nacer Chadli,https://fbref.com/en/players/5b54bf3b/Nacer-Chadli,2018,be Belgium,Friendlies (M),28,4,225,0,1
Nacer Chadli,https://fbref.com/en/players/5b54bf3b/Nacer-Chadli,2018,be Belgium,1. World Cup,28,6,326,1,1
Nacer Chadli,https://fbref.com/en/players/5b54bf3b/Nacer-Chadli,2018-2019,be Belgium,UEFA Nations League,28,3,100,0,0
Nacer Chadli,https://fbref.com/en/players/5b54bf3b/Nacer-Chadli,2020,be Belgium,Friendlies (M),30,1,57,0,0
Nacer Chadli,https://fbref.com/en/players/5b54bf3b/Nacer-Chadli,2020-2021,be Belgium,UEFA Nations League,30,1,90,0,0
Nacer Chadli,https://fbref.com/en/players/5b54bf3b/Nacer-Chadli,2021,be Belgium,Friendlies (M),31,2,87,0,0
Nacer Chadli,https://fbref.com/en/players/5b54bf3b/Nacer-Chadli,2021,be Belgium,UEFA Euro,31,2,94,0,0
Nacer Chadli,https://fbref.com/en/players/5b54bf3b/Nacer-Chadli,2021,be Belgium,UEFA Euro Qualifying,31,4,208,2,1
Nacer Chadli,https://fbref.com/en/players/5b54bf3b/Nacer-Chadli,2022,be Belgium,WCQ,32,1,55,0,0
Nacho Monreal,https://fbref.com/en/players/d4cb83cc/Nacho-Monreal,2010,es Spain,WCQ,23,1,90,0,
Nacho Monreal,https://fbref.com/en/players/d4cb83cc/Nacho-Monreal,2012,es Spain,UEFA Euro Qualifying,25,0,,,
Nacho Monreal,https://fbref.com/en/players/d4cb83cc/Nacho-Monreal,2013,es Spain,FIFA Confederations Cup,26,1,90,0,1
Nacho Monreal,https://fbref.com/en/players/d4cb83cc/Nacho-Monreal,2014,es Spain,WCQ,27,2,135,0,1
Nacho Monreal,https://fbref.com/en/players/d4cb83cc/Nacho-Monreal,2016,es Spain,Friendlies (M),29,0,,,
Nacho Monreal,https://fbref.com/en/players/d4cb83cc/Nacho-Monreal,2017,es Spain,Friendlies (M),30,1,45,0,0
Nacho Monreal,https://fbref.com/en/players/d4cb83cc/Nacho-Monreal,2018,es Spain,1. World Cup,32,0,,,
Nacho Monreal,https://fbref.com/en/players/d4cb83cc/Nacho-Monreal,2018,es Spain,WCQ,31,4,360,1,1
Nacho Monreal,https://fbref.com/en/players/d4cb83cc/Nacho-Monreal,2018,es Spain,Friendlies (M),31,1,13,0,0
Nani,https://fbref.com/en/players/15e9c7e6/Nani,2008,pt Portugal,UEFA Euro,21,3,137,0,
Nani,https://fbref.com/en/players/15e9c7e6/Nani,2008,pt Portugal,UEFA Euro Qualifying,21,9,277,1,
Nani,https://fbref.com/en/players/15e9c7e6/Nani,2010,pt Portugal,WCQ,23,11,629,3,
Nani,https://fbref.com/en/players/15e9c7e6/Nani,2012,pt Portugal,UEFA Euro,25,5,467,0,2
Nani,https://fbref.com/en/players/15e9c7e6/Nani,2012,pt Portugal,UEFA Euro Qualifying,25,10,875,5,
Nani,https://fbref.com/en/players/15e9c7e6/Nani,2014,pt Portugal,1. World Cup,27,3,270,1,0
Nani,https://fbref.com/en/players/15e9c7e6/Nani,2014,pt Portugal,WCQ,27,10,757,1,1
Nani,https://fbref.com/en/players/15e9c7e6/Nani,2014,pt Portugal,Friendlies (M),27,3,183,0,1
Nani,https://fbref.com/en/players/15e9c7e6/Nani,2015,pt Portugal,Friendlies (M),28,4,224,1,0
Nani,https://fbref.com/en/players/15e9c7e6/Nani,2016,pt Portugal,Friendlies (M),29,5,336,3,0
Nani,https://fbref.com/en/players/15e9c7e6/Nani,2016,pt Portugal,UEFA Euro,29,7,703,3,1
Nani,https://fbref.com/en/players/15e9c7e6/Nani,2016,pt Portugal,UEFA Euro Qualifying,29,8,685,1,1
Nani,https://fbref.com/en/players/15e9c7e6/Nani,2017,pt Portugal,Friendlies (M),30,1,59,0,0
Nani,https://fbref.com/en/players/15e9c7e6/Nani,2017,pt Portugal,FIFA Confederations Cup,30,4,195,1,0
Nani,https://fbref.com/en/players/15e9c7e6/Nani,2018,pt Portugal,WCQ,31,3,165,0,0
Nathan Aké,https://fbref.com/en/players/eaeca114/Nathan-Ake,2017,nl Netherlands,Friendlies (M),21,3,270,0,0
Nathan Aké,https://fbref.com/en/players/eaeca114/Nathan-Ake,2018,nl Netherlands,WCQ,22,2,99,0,0
Nathan Aké,https://fbref.com/en/players/eaeca114/Nathan-Ake,2018,nl Netherlands,Friendlies (M),22,3,201,1,0
Nathan Aké,https://fbref.com/en/players/eaeca114/Nathan-Ake,2018-2019,nl Netherlands,UEFA Nations League,23,2,15,0,0
Nathan Aké,https://fbref.com/en/players/eaeca114/Nathan-Ake,2020,nl Netherlands,Friendlies (M),24,2,50,0,0
Nathan Aké,https://fbref.com/en/players/eaeca114/Nathan-Ake,2020-2021,nl Netherlands,UEFA Nations League,25,4,265,0,0
Nathan Aké,https://fbref.com/en/players/eaeca114/Nathan-Ake,2021,nl Netherlands,Friendlies (M),25,1,45,0,0
Nathan Aké,https://fbref.com/en/players/eaeca114/Nathan-Ake,2021,nl Netherlands,UEFA Euro,25,2,54,0,1
Nathan Aké,https://fbref.com/en/players/eaeca114/Nathan-Ake,2021,nl Netherlands,UEFA Euro Qualifying,25,3,101,1,0
Nathan Aké,https://fbref.com/en/players/eaeca114/Nathan-Ake,2022,nl Netherlands,1. World Cup,27,5,479,0,0
Nathan Aké,https://fbref.com/en/players/eaeca114/Nathan-Ake,2022,nl Netherlands,Friendlies (M),26,2,92,1,0
Nathan Aké,https://fbref.com/en/players/eaeca114/Nathan-Ake,2022,nl Netherlands,WCQ,26,1,2,0,0
Nathan Aké,https://fbref.com/en/players/eaeca114/Nathan-Ake,2022-2023,nl Netherlands,UEFA Nations League,27,6,493,0,0
Nathan Aké,https://fbref.com/en/players/eaeca114/Nathan-Ake,2024,nl Netherlands,Friendlies (M),28,3,245,0,1
Nathan Aké,https://fbref.com/en/players/eaeca114/Nathan-Ake,2024,nl Netherlands,UEFA Euro,28,6,470,0,1
Nathan Aké,https://fbref.com/en/players/eaeca114/Nathan-Ake,2024,nl Netherlands,UEFA Euro Qualifying,28,6,484,2,0
Nathan Aké,https://fbref.com/en/players/eaeca114/Nathan-Ake,2024-2025,nl Netherlands,UEFA Nations League,29,2,109,0,0
Nathan Aké,https://fbref.com/en/players/eaeca114/Nathan-Ake,2026,nl Netherlands,WCQ,30,4,232,0,0
Nathan Redmond,https://fbref.com/en/players/ab651565/Nathan-Redmond,2017,eng England,Friendlies (M),22,1,25,0,0
Nathan Redmond,https://fbref.com/en/players/ab651565/Nathan-Redmond,2018,eng England,WCQ,23,0,,,
Nathaniel Chalobah,https://fbref.com/en/players/422862ea/Nathaniel-Chalobah,2018,eng England,WCQ,23,0,,,
Nathaniel Chalobah,https://fbref.com/en/players/422862ea/Nathaniel-Chalobah,2018-2019,eng England,UEFA Nations League,23,1,1,0,0
Nathaniel Clyne,https://fbref.com/en/players/0442183b/Nathaniel-Clyne,2014,eng England,Friendlies (M),22,1,90,0,0
Nathaniel Clyne,https://fbref.com/en/players/0442183b/Nathaniel-Clyne,2015,eng England,Friendlies (M),23,2,135,0,0
Nathaniel Clyne,https://fbref.com/en/players/0442183b/Nathaniel-Clyne,2016,eng England,Friendlies (M),24,4,304,0,1
Nathaniel Clyne,https://fbref.com/en/players/0442183b/Nathaniel-Clyne,2016,eng England,UEFA Euro,24,1,90,0,0
Nathaniel Clyne,https://fbref.com/en/players/0442183b/Nathaniel-Clyne,2016,eng England,UEFA Euro Qualifying,24,6,433,0,0
Nathaniel Clyne,https://fbref.com/en/players/0442183b/Nathaniel-Clyne,2017,eng England,Friendlies (M),25,0,,,
Nathaniel Clyne,https://fbref.com/en/players/0442183b/Nathaniel-Clyne,2018,eng England,WCQ,26,0,,,
Neal Eardley,https://fbref.com/en/players/2bb4411f/Neal-Eardley,2008,wls Wales,UEFA Euro Qualifying,19,2,170,0,
Neal Eardley,https://fbref.com/en/players/2bb4411f/Neal-Eardley,2010,wls Wales,WCQ,21,3,101,0,
Neal Eardley,https://fbref.com/en/players/2bb4411f/Neal-Eardley,2012,wls Wales,UEFA Euro Qualifying,23,0,,,
Neil Taylor,https://fbref.com/en/players/c2f9d19f/Neil-Taylor,2012,wls Wales,UEFA Euro Qualifying,22,4,360,0,
Neil Taylor,https://fbref.com/en/players/c2f9d19f/Neil-Taylor,2014,wls Wales,WCQ,24,2,180,0,0
Neil Taylor,https://fbref.com/en/players/c2f9d19f/Neil-Taylor,2014,wls Wales,Friendlies (M),24,1,90,0,0
Neil Taylor,https://fbref.com/en/players/c2f9d19f/Neil-Taylor,2015,wls Wales,Friendlies (M),25,1,64,0,0
Neil Taylor,https://fbref.com/en/players/c2f9d19f/Neil-Taylor,2016,wls Wales,Friendlies (M),26,2,161,0,0
Neil Taylor,https://fbref.com/en/players/c2f9d19f/Neil-Taylor,2016,wls Wales,UEFA Euro,26,6,540,1,0
Neil Taylor,https://fbref.com/en/players/c2f9d19f/Neil-Taylor,2016,wls Wales,UEFA Euro Qualifying,26,9,810,0,0
Neil Taylor,https://fbref.com/en/players/c2f9d19f/Neil-Taylor,2017,wls Wales,Friendlies (M),27,2,180,0,0
Neil Taylor,https://fbref.com/en/players/c2f9d19f/Neil-Taylor,2018,wls Wales,WCQ,28,5,406,0,0
Neil Taylor,https://fbref.com/en/players/c2f9d19f/Neil-Taylor,2019,wls Wales,Friendlies (M),29,1,90,0,0
Neil Taylor,https://fbref.com/en/players/c2f9d19f/Neil-Taylor,2021,wls Wales,UEFA Euro Qualifying,31,1,79,0,0
Nemanja Matić,https://fbref.com/en/players/eb7822d7/Nemanja-Matic,2010,rs Serbia,WCQ,21,0,,,
Nemanja Matić,https://fbref.com/en/players/eb7822d7/Nemanja-Matic,2014,rs Serbia,WCQ,25,2,180,0,0
Nemanja Matić,https://fbref.com/en/players/eb7822d7/Nemanja-Matic,2014,rs Serbia,Friendlies (M),25,6,529,0,0
Nemanja Matić,https://fbref.com/en/players/eb7822d7/Nemanja-Matic,2015,rs Serbia,Friendlies (M),26,3,230,0,0
Nemanja Matić,https://fbref.com/en/players/eb7822d7/Nemanja-Matic,2016,rs Serbia,Friendlies (M),27,3,192,0,0
Nemanja Matić,https://fbref.com/en/players/eb7822d7/Nemanja-Matic,2016,rs Serbia,UEFA Euro Qualifying,27,8,692,1,0
Nemanja Matić,https://fbref.com/en/players/eb7822d7/Nemanja-Matic,2018,rs Serbia,1. World Cup,29,3,270,0,0
Nemanja Matić,https://fbref.com/en/players/eb7822d7/Nemanja-Matic,2018,rs Serbia,WCQ,29,7,616,1,0
Nemanja Matić,https://fbref.com/en/players/eb7822d7/Nemanja-Matic,2018,rs Serbia,Friendlies (M),29,4,220,0,0
Nemanja Matić,https://fbref.com/en/players/eb7822d7/Nemanja-Matic,2018-2019,rs Serbia,UEFA Nations League,29,3,191,0,0
Nemanja Matić,https://fbref.com/en/players/eb7822d7/Nemanja-Matic,2021,rs Serbia,UEFA Euro Qualifying,32,2,102,0,0
Nemanja Vidić,https://fbref.com/en/players/4b30b37e/Nemanja-Vidic,2006,rs Serbia & Montenegro,WCQ,24,8,713,0,
Nemanja Vidić,https://fbref.com/en/players/4b30b37e/Nemanja-Vidic,2008,rs Serbia,UEFA Euro Qualifying,26,6,540,0,
Nemanja Vidić,https://fbref.com/en/players/4b30b37e/Nemanja-Vidic,2010,rs Serbia,1. World Cup,28,3,270,0,
Nemanja Vidić,https://fbref.com/en/players/4b30b37e/Nemanja-Vidic,2010,rs Serbia,WCQ,28,8,657,0,
Nemanja Vidić,https://fbref.com/en/players/4b30b37e/Nemanja-Vidic,2012,rs Serbia,UEFA Euro Qualifying,30,5,450,0,
Nenad Milijaš,https://fbref.com/en/players/10206347/Nenad-Milijas,2010,rs Serbia,1. World Cup,27,1,61,0,
Nenad Milijaš,https://fbref.com/en/players/10206347/Nenad-Milijas,2010,rs Serbia,WCQ,26,8,604,2,
Nenad Milijaš,https://fbref.com/en/players/10206347/Nenad-Milijas,2012,rs Serbia,UEFA Euro Qualifying,28,3,154,0,
N'Golo Kanté,https://fbref.com/en/players/b9fbae28/NGolo-Kante,2016,fr France,UEFA Euro,24,4,245,0,1
N'Golo Kanté,https://fbref.com/en/players/b9fbae28/NGolo-Kante,2016,fr France,Friendlies (M),24,6,447,1,0
N'Golo Kanté,https://fbref.com/en/players/b9fbae28/NGolo-Kante,2017,fr France,Friendlies (M),25,3,225,0,0
N'Golo Kanté,https://fbref.com/en/players/b9fbae28/NGolo-Kante,2018,fr France,1. World Cup,27,7,593,0,0
N'Golo Kanté,https://fbref.com/en/players/b9fbae28/NGolo-Kante,2018,fr France,WCQ,26,7,397,0,0
N'Golo Kanté,https://fbref.com/en/players/b9fbae28/NGolo-Kante,2018,fr France,Friendlies (M),26,5,425,0,0
N'Golo Kanté,https://fbref.com/en/players/b9fbae28/NGolo-Kante,2018-2019,fr France,UEFA Nations League,27,4,359,0,0
N'Golo Kanté,https://fbref.com/en/players/b9fbae28/NGolo-Kante,2019,fr France,Friendlies (M),27,0,,,
N'Golo Kanté,https://fbref.com/en/players/b9fbae28/NGolo-Kante,2020,fr France,Friendlies (M),28,1,34,0,0
N'Golo Kanté,https://fbref.com/en/players/b9fbae28/NGolo-Kante,2020-2021,fr France,UEFA Nations League,29,4,332,1,0
N'Golo Kanté,https://fbref.com/en/players/b9fbae28/NGolo-Kante,2021,fr France,Friendlies (M),29,1,64,0,0
N'Golo Kanté,https://fbref.com/en/players/b9fbae28/NGolo-Kante,2021,fr France,UEFA Euro Qualifying,29,3,260,0,0
N'Golo Kanté,https://fbref.com/en/players/b9fbae28/NGolo-Kante,2021,fr France,UEFA Euro,29,4,390,0,0
N'Golo Kanté,https://fbref.com/en/players/b9fbae28/NGolo-Kante,2022,fr France,WCQ,30,2,160,0,0
N'Golo Kanté,https://fbref.com/en/players/b9fbae28/NGolo-Kante,2022,fr France,Friendlies (M),30,1,64,0,0
N'Golo Kanté,https://fbref.com/en/players/b9fbae28/NGolo-Kante,2022-2023,fr France,UEFA Nations League,31,1,90,0,0
N'Golo Kanté,https://fbref.com/en/players/b9fbae28/NGolo-Kante,2024,fr France,Friendlies (M),32,2,153,0,0
N'Golo Kanté,https://fbref.com/en/players/b9fbae28/NGolo-Kante,2024,fr France,UEFA Euro,32,6,511,0,0
N'Golo Kanté,https://fbref.com/en/players/b9fbae28/NGolo-Kante,2024-2025,fr France,UEFA Nations League,33,3,255,0,1
N'Golo Kanté,https://fbref.com/en/players/b9fbae28/NGolo-Kante,2026,fr France,WCQ,34,1,90,0,1
Nicklas Bendtner,https://fbref.com/en/players/9f9c57f0/Nicklas-Bendtner,2008,dk Denmark,UEFA Euro Qualifying,20,8,441,2,
Nicklas Bendtner,https://fbref.com/en/players/9f9c57f0/Nicklas-Bendtner,2010,dk Denmark,1. World Cup,22,3,241,1,
Nicklas Bendtner,https://fbref.com/en/players/9f9c57f0/Nicklas-Bendtner,2010,dk Denmark,WCQ,22,9,704,3,
Nicklas Bendtner,https://fbref.com/en/players/9f9c57f0/Nicklas-Bendtner,2012,dk Denmark,UEFA Euro,24,3,270,2,1
Nicklas Bendtner,https://fbref.com/en/players/9f9c57f0/Nicklas-Bendtner,2012,dk Denmark,UEFA Euro Qualifying,24,5,449,3,
Nicklas Bendtner,https://fbref.com/en/players/9f9c57f0/Nicklas-Bendtner,2014,dk Denmark,WCQ,26,3,263,3,0
Nicklas Bendtner,https://fbref.com/en/players/9f9c57f0/Nicklas-Bendtner,2014,dk Denmark,Friendlies (M),26,3,214,0,0
Nicklas Bendtner,https://fbref.com/en/players/9f9c57f0/Nicklas-Bendtner,2015,dk Denmark,Friendlies (M),27,4,315,3,0
Nicklas Bendtner,https://fbref.com/en/players/9f9c57f0/Nicklas-Bendtner,2016,dk Denmark,UEFA Euro Qualifying,28,10,865,2,3
Nicklas Bendtner,https://fbref.com/en/players/9f9c57f0/Nicklas-Bendtner,2018,dk Denmark,WCQ,30,5,138,1,0
Nicklas Bendtner,https://fbref.com/en/players/9f9c57f0/Nicklas-Bendtner,2018,dk Denmark,Friendlies (M),30,2,64,0,0
Nico Yennaris,https://fbref.com/en/players/8cc4b934/Nico-Yennaris,2019,cn China PR,Friendlies (M),25,2,112,0,0
Nico Yennaris,https://fbref.com/en/players/8cc4b934/Nico-Yennaris,2022,cn China PR,WCQ,28,4,88,0,0
Nico Yennaris,https://fbref.com/en/players/8cc4b934/Nico-Yennaris,2023,cn China PR,Friendlies (M),29,4,309,0,0
Nico Yennaris,https://fbref.com/en/players/8cc4b934/Nico-Yennaris,2026,cn China PR,WCQ,32,2,89,0,0
Nicolás Otamendi,https://fbref.com/en/players/0d267745/Nicolas-Otamendi,2010,ar Argentina,1. World Cup,22,3,249,0,
Nicolás Otamendi,https://fbref.com/en/players/0d267745/Nicolas-Otamendi,2014,ar Argentina,WCQ,25,2,180,0,0
Nicolás Otamendi,https://fbref.com/en/players/0d267745/Nicolas-Otamendi,2014,ar Argentina,Friendlies (M),25,2,180,0,0
Nicolás Otamendi,https://fbref.com/en/players/0d267745/Nicolas-Otamendi,2015,ar Argentina,Friendlies (M),26,3,240,0,0
Nicolás Otamendi,https://fbref.com/en/players/0d267745/Nicolas-Otamendi,2016,ar Argentina,Friendlies (M),27,1,76,0,0
Nicolás Otamendi,https://fbref.com/en/players/0d267745/Nicolas-Otamendi,2017,ar Argentina,Friendlies (M),28,2,180,0,0
Nicolás Otamendi,https://fbref.com/en/players/0d267745/Nicolas-Otamendi,2018,ar Argentina,1. World Cup,30,4,360,0,0
Nicolás Otamendi,https://fbref.com/en/players/0d267745/Nicolas-Otamendi,2018,ar Argentina,WCQ,29,15,1350,1,0
Nicolás Otamendi,https://fbref.com/en/players/0d267745/Nicolas-Otamendi,2018,ar Argentina,Friendlies (M),29,3,270,1,0
Nicolás Otamendi,https://fbref.com/en/players/0d267745/Nicolas-Otamendi,2019,ar Argentina,Friendlies (M),30,5,450,0,1
Nicolás Otamendi,https://fbref.com/en/players/0d267745/Nicolas-Otamendi,2022,ar Argentina,1. World Cup,34,7,690,0,1
Nicolás Otamendi,https://fbref.com/en/players/0d267745/Nicolas-Otamendi,2022,ar Argentina,WCQ,33,15,1331,0,0
Nicolás Otamendi,https://fbref.com/en/players/0d267745/Nicolas-Otamendi,2022,ar Argentina,Friendlies (M),33,2,135,0,0
Nicolás Otamendi,https://fbref.com/en/players/0d267745/Nicolas-Otamendi,2023,ar Argentina,Friendlies (M),34,3,139,0,0
Nicolás Otamendi,https://fbref.com/en/players/0d267745/Nicolas-Otamendi,2024,ar Argentina,Friendlies (M),35,3,216,0,0
Nicolás Otamendi,https://fbref.com/en/players/0d267745/Nicolas-Otamendi,2025,ar Argentina,Friendlies (M),36,1,45,0,0
Nicolás Otamendi,https://fbref.com/en/players/0d267745/Nicolas-Otamendi,2026,ar Argentina,WCQ,37,17,1452,3,0
Nicolas Anelka,https://fbref.com/en/players/931ed5e9/Nicolas-Anelka,2000,fr France,UEFA Euro,20,5,227,0,
Nicolas Anelka,https://fbref.com/en/players/931ed5e9/Nicolas-Anelka,2001,fr France,FIFA Confederations Cup,21,5,380,1,
Nicolas Anelka,https://fbref.com/en/players/931ed5e9/Nicolas-Anelka,2008,fr France,UEFA Euro,28,3,112,0,
Nicolas Anelka,https://fbref.com/en/players/931ed5e9/Nicolas-Anelka,2008,fr France,UEFA Euro Qualifying,28,7,510,4,
Nicolas Anelka,https://fbref.com/en/players/931ed5e9/Nicolas-Anelka,2010,fr France,1. World Cup,31,2,116,0,
Nicolas Anelka,https://fbref.com/en/players/931ed5e9/Nicolas-Anelka,2010,fr France,WCQ,30,8,627,3,
Nigel de Jong,https://fbref.com/en/players/a0e209bc/Nigel-de-Jong,2006,nl Netherlands,WCQ,21,7,494,0,
Nigel de Jong,https://fbref.com/en/players/a0e209bc/Nigel-de-Jong,2008,nl Netherlands,UEFA Euro,23,3,300,0,
Nigel de Jong,https://fbref.com/en/players/a0e209bc/Nigel-de-Jong,2008,nl Netherlands,UEFA Euro Qualifying,23,5,261,0,
Nigel de Jong,https://fbref.com/en/players/a0e209bc/Nigel-de-Jong,2010,nl Netherlands,1. World Cup,25,6,545,0,
Nigel de Jong,https://fbref.com/en/players/a0e209bc/Nigel-de-Jong,2010,nl Netherlands,WCQ,25,6,441,1,
Nigel de Jong,https://fbref.com/en/players/a0e209bc/Nigel-de-Jong,2012,nl Netherlands,UEFA Euro,27,3,250,0,0
Nigel de Jong,https://fbref.com/en/players/a0e209bc/Nigel-de-Jong,2012,nl Netherlands,UEFA Euro Qualifying,27,4,315,0,
Nigel de Jong,https://fbref.com/en/players/a0e209bc/Nigel-de-Jong,2014,nl Netherlands,1. World Cup,29,5,339,0,0
Nigel de Jong,https://fbref.com/en/players/a0e209bc/Nigel-de-Jong,2014,nl Netherlands,WCQ,29,3,270,0,0
Nigel de Jong,https://fbref.com/en/players/a0e209bc/Nigel-de-Jong,2014,nl Netherlands,Friendlies (M),29,1,62,0,0
Nigel de Jong,https://fbref.com/en/players/a0e209bc/Nigel-de-Jong,2015,nl Netherlands,Friendlies (M),30,0,,,
Nigel de Jong,https://fbref.com/en/players/a0e209bc/Nigel-de-Jong,2016,nl Netherlands,UEFA Euro Qualifying,31,4,297,0,0
Nikica Jelavić,https://fbref.com/en/players/1a29f38c/Nikica-Jelavic,2010,hr Croatia,WCQ,24,1,15,0,
Nikica Jelavić,https://fbref.com/en/players/1a29f38c/Nikica-Jelavic,2012,hr Croatia,UEFA Euro,26,3,178,1,0
Nikica Jelavić,https://fbref.com/en/players/1a29f38c/Nikica-Jelavic,2012,hr Croatia,UEFA Euro Qualifying,26,9,313,0,
Nikica Jelavić,https://fbref.com/en/players/1a29f38c/Nikica-Jelavic,2014,hr Croatia,1. World Cup,28,2,94,0,0
Nikica Jelavić,https://fbref.com/en/players/1a29f38c/Nikica-Jelavic,2014,hr Croatia,WCQ,28,6,187,1,0
Nikica Jelavić,https://fbref.com/en/players/1a29f38c/Nikica-Jelavic,2014,hr Croatia,Friendlies (M),28,3,134,1,0
Nikica Jelavić,https://fbref.com/en/players/1a29f38c/Nikica-Jelavic,2016,hr Croatia,UEFA Euro Qualifying,30,1,45,0,1
Niko Kranjčar,https://fbref.com/en/players/403d2184/Niko-Kranjcar,2006,hr Croatia,1. World Cup,21,3,231,0,
Niko Kranjčar,https://fbref.com/en/players/403d2184/Niko-Kranjcar,2006,hr Croatia,WCQ,21,9,730,2,
Niko Kranjčar,https://fbref.com/en/players/403d2184/Niko-Kranjcar,2008,hr Croatia,UEFA Euro,23,4,225,0,
Niko Kranjčar,https://fbref.com/en/players/403d2184/Niko-Kranjcar,2008,hr Croatia,UEFA Euro Qualifying,23,12,904,2,
Niko Kranjčar,https://fbref.com/en/players/403d2184/Niko-Kranjcar,2010,hr Croatia,WCQ,25,5,425,1,
Niko Kranjčar,https://fbref.com/en/players/403d2184/Niko-Kranjcar,2012,hr Croatia,UEFA Euro,27,2,20,0,0
Niko Kranjčar,https://fbref.com/en/players/403d2184/Niko-Kranjcar,2012,hr Croatia,UEFA Euro Qualifying,27,8,667,4,
Niko Kranjčar,https://fbref.com/en/players/403d2184/Niko-Kranjcar,2014,hr Croatia,WCQ,29,6,204,1,0
Nikola Žigić,https://fbref.com/en/players/aad584e0/Nikola-Zigic,2006,rs Serbia & Montenegro,1. World Cup,25,2,111,2,
Nikola Žigić,https://fbref.com/en/players/aad584e0/Nikola-Zigic,2006,rs Serbia & Montenegro,WCQ,25,4,205,0,
Nikola Žigić,https://fbref.com/en/players/aad584e0/Nikola-Zigic,2008,rs Serbia,UEFA Euro Qualifying,27,11,830,7,
Nikola Žigić,https://fbref.com/en/players/aad584e0/Nikola-Zigic,2010,rs Serbia,1. World Cup,29,3,224,0,
Nikola Žigić,https://fbref.com/en/players/aad584e0/Nikola-Zigic,2010,rs Serbia,WCQ,29,8,720,3,
Nikola Žigić,https://fbref.com/en/players/aad584e0/Nikola-Zigic,2012,rs Serbia,UEFA Euro Qualifying,31,5,302,3,
Nikola Kalinić,https://fbref.com/en/players/d4931a5a/Nikola-Kalinic,2008,hr Croatia,UEFA Euro,20,1,17,0,
Nikola Kalinić,https://fbref.com/en/players/d4931a5a/Nikola-Kalinic,2008,hr Croatia,UEFA Euro Qualifying,20,0,,,
Nikola Kalinić,https://fbref.com/en/players/d4931a5a/Nikola-Kalinic,2010,hr Croatia,WCQ,22,1,14,0,
Nikola Kalinić,https://fbref.com/en/players/d4931a5a/Nikola-Kalinic,2012,hr Croatia,UEFA Euro,24,0,,,
Nikola Kalinić,https://fbref.com/en/players/d4931a5a/Nikola-Kalinic,2012,hr Croatia,UEFA Euro Qualifying,24,6,244,2,
Nikola Kalinić,https://fbref.com/en/players/d4931a5a/Nikola-Kalinic,2014,hr Croatia,WCQ,26,5,146,0,0
Nikola Kalinić,https://fbref.com/en/players/d4931a5a/Nikola-Kalinic,2014,hr Croatia,Friendlies (M),26,0,,,
Nikola Kalinić,https://fbref.com/en/players/d4931a5a/Nikola-Kalinic,2015,hr Croatia,Friendlies (M),27,2,108,1,0
Nikola Kalinić,https://fbref.com/en/players/d4931a5a/Nikola-Kalinic,2016,hr Croatia,Friendlies (M),28,3,180,3,0
Nikola Kalinić,https://fbref.com/en/players/d4931a5a/Nikola-Kalinic,2016,hr Croatia,UEFA Euro,28,2,123,1,1
Nikola Kalinić,https://fbref.com/en/players/d4931a5a/Nikola-Kalinic,2016,hr Croatia,UEFA Euro Qualifying,28,4,170,1,1
Nikola Kalinić,https://fbref.com/en/players/d4931a5a/Nikola-Kalinic,2018,hr Croatia,1. World Cup,30,0,,,
Nikola Kalinić,https://fbref.com/en/players/d4931a5a/Nikola-Kalinic,2018,hr Croatia,WCQ,30,9,426,3,0
Nikola Kalinić,https://fbref.com/en/players/d4931a5a/Nikola-Kalinic,2018,hr Croatia,Friendlies (M),30,2,108,0,0
Noel Hunt,https://fbref.com/en/players/6825c1f9/Noel-Hunt,2010,ie Rep. of Ireland,WCQ,27,2,96,0,
Nordin Amrabat,https://fbref.com/en/players/7c2a398c/Nordin-Amrabat,2012,ma Morocco,Africa Cup of Nations,24,3,136,0,0
Nordin Amrabat,https://fbref.com/en/players/7c2a398c/Nordin-Amrabat,2013,ma Morocco,Africa Cup of Nations,25,2,135,0,0
Nordin Amrabat,https://fbref.com/en/players/7c2a398c/Nordin-Amrabat,2014,ma Morocco,WCQ,26,3,74,0,
Nordin Amrabat,https://fbref.com/en/players/7c2a398c/Nordin-Amrabat,2014,ma Morocco,Friendlies (M),26,6,253,1,0
Nordin Amrabat,https://fbref.com/en/players/7c2a398c/Nordin-Amrabat,2015,ma Morocco,Friendlies (M),27,1,74,0,0
Nordin Amrabat,https://fbref.com/en/players/7c2a398c/Nordin-Amrabat,2016,ma Morocco,Friendlies (M),28,3,165,0,0
Nordin Amrabat,https://fbref.com/en/players/7c2a398c/Nordin-Amrabat,2017,ma Morocco,Friendlies (M),29,1,84,0,0
Nordin Amrabat,https://fbref.com/en/players/7c2a398c/Nordin-Amrabat,2017,ma Morocco,Africa Cup of Nations qualification,29,5,318,1,1
Nordin Amrabat,https://fbref.com/en/players/7c2a398c/Nordin-Amrabat,2018,ma Morocco,1. World Cup,31,3,255,0,0
Nordin Amrabat,https://fbref.com/en/players/7c2a398c/Nordin-Amrabat,2018,ma Morocco,WCQ,30,6,513,0,3
Nordin Amrabat,https://fbref.com/en/players/7c2a398c/Nordin-Amrabat,2018,ma Morocco,Friendlies (M),30,5,397,0,0
Nordin Amrabat,https://fbref.com/en/players/7c2a398c/Nordin-Amrabat,2019,ma Morocco,Friendlies (M),31,5,320,2,0
Nordin Amrabat,https://fbref.com/en/players/7c2a398c/Nordin-Amrabat,2019,ma Morocco,Africa Cup of Nations,31,4,348,0,1
Nordin Amrabat,https://fbref.com/en/players/7c2a398c/Nordin-Amrabat,2019,ma Morocco,Africa Cup of Nations qualification,31,5,449,1,0
Nordin Amrabat,https://fbref.com/en/players/7c2a398c/Nordin-Amrabat,2021,ma Morocco,Africa Cup of Nations qualification,33,2,75,0,0
Nuri Şahin,https://fbref.com/en/players/f4081572/Nuri-Sahin,2008,tr Türkiye,UEFA Euro Qualifying,19,1,6,0,
Nuri Şahin,https://fbref.com/en/players/f4081572/Nuri-Sahin,2010,tr Türkiye,WCQ,21,4,180,0,
Nuri Şahin,https://fbref.com/en/players/f4081572/Nuri-Sahin,2012,tr Türkiye,UEFA Euro Qualifying,23,2,167,0,
Nuri Şahin,https://fbref.com/en/players/f4081572/Nuri-Sahin,2014,tr Türkiye,WCQ,25,7,378,0,0
Nuri Şahin,https://fbref.com/en/players/f4081572/Nuri-Sahin,2014,tr Türkiye,Friendlies (M),25,3,241,0,0
Nuri Şahin,https://fbref.com/en/players/f4081572/Nuri-Sahin,2016,tr Türkiye,Friendlies (M),27,3,55,0,0
Nuri Şahin,https://fbref.com/en/players/f4081572/Nuri-Sahin,2016,tr Türkiye,UEFA Euro,27,1,45,0,0
Nuri Şahin,https://fbref.com/en/players/f4081572/Nuri-Sahin,2018,tr Türkiye,WCQ,29,2,131,0,0
Obafemi Martins,https://fbref.com/en/players/70849fc2/Obafemi-Martins,2010,ng Nigeria,1. World Cup,25,2,73,0,
Obafemi Martins,https://fbref.com/en/players/70849fc2/Obafemi-Martins,2010,ng Nigeria,Africa Cup of Nations,25,4,190,1,0
Obafemi Martins,https://fbref.com/en/players/70849fc2/Obafemi-Martins,2014,ng Nigeria,WCQ,29,1,59,0,
Obafemi Martins,https://fbref.com/en/players/70849fc2/Obafemi-Martins,2018,ng Nigeria,WCQ,33,2,36,0,0
Odion Ighalo,https://fbref.com/en/players/03622183/Odion-Ighalo,2015,ng Nigeria,Friendlies (M),25,4,190,1,0
Odion Ighalo,https://fbref.com/en/players/03622183/Odion-Ighalo,2016,ng Nigeria,Friendlies (M),26,2,80,1,0
Odion Ighalo,https://fbref.com/en/players/03622183/Odion-Ighalo,2017,ng Nigeria,Africa Cup of Nations qualification,27,3,281,0,0
Odion Ighalo,https://fbref.com/en/players/03622183/Odion-Ighalo,2018,ng Nigeria,1. World Cup,28,3,122,0,0
Odion Ighalo,https://fbref.com/en/players/03622183/Odion-Ighalo,2018,ng Nigeria,WCQ,28,5,409,1,1
Odion Ighalo,https://fbref.com/en/players/03622183/Odion-Ighalo,2018,ng Nigeria,Friendlies (M),28,4,277,0,0
Odion Ighalo,https://fbref.com/en/players/03622183/Odion-Ighalo,2019,ng Nigeria,Friendlies (M),29,1,3,0,0
Odion Ighalo,https://fbref.com/en/players/03622183/Odion-Ighalo,2019,ng Nigeria,Africa Cup of Nations,29,7,504,5,1
Odion Ighalo,https://fbref.com/en/players/03622183/Odion-Ighalo,2019,ng Nigeria,Africa Cup of Nations qualification,29,4,341,7,1
Odion Ighalo,https://fbref.com/en/players/03622183/Odion-Ighalo,2022,ng Nigeria,WCQ,32,2,90,0,0
Ola Toivonen,https://fbref.com/en/players/de4fe7a2/Ola-Toivonen,2010,se Sweden,WCQ,23,0,,,
Ola Toivonen,https://fbref.com/en/players/de4fe7a2/Ola-Toivonen,2012,se Sweden,UEFA Euro,25,2,138,0,0
Ola Toivonen,https://fbref.com/en/players/de4fe7a2/Ola-Toivonen,2012,se Sweden,UEFA Euro Qualifying,25,9,480,2,
Ola Toivonen,https://fbref.com/en/players/de4fe7a2/Ola-Toivonen,2014,se Sweden,WCQ,27,5,254,0,0
Ola Toivonen,https://fbref.com/en/players/de4fe7a2/Ola-Toivonen,2014,se Sweden,Friendlies (M),27,3,169,1,0
Ola Toivonen,https://fbref.com/en/players/de4fe7a2/Ola-Toivonen,2015,se Sweden,Friendlies (M),28,2,73,1,0
Ola Toivonen,https://fbref.com/en/players/de4fe7a2/Ola-Toivonen,2016,se Sweden,Friendlies (M),29,0,,,
Ola Toivonen,https://fbref.com/en/players/de4fe7a2/Ola-Toivonen,2016,se Sweden,UEFA Euro Qualifying,29,4,136,1,0
Ola Toivonen,https://fbref.com/en/players/de4fe7a2/Ola-Toivonen,2017,se Sweden,Friendlies (M),30,0,,,
Ola Toivonen,https://fbref.com/en/players/de4fe7a2/Ola-Toivonen,2018,se Sweden,1. World Cup,31,5,397,1,1
Ola Toivonen,https://fbref.com/en/players/de4fe7a2/Ola-Toivonen,2018,se Sweden,WCQ,31,10,762,3,3
Ola Toivonen,https://fbref.com/en/players/de4fe7a2/Ola-Toivonen,2018,se Sweden,Friendlies (M),31,4,249,1,0
Olivier Giroud,https://fbref.com/en/players/16ceb862/Olivier-Giroud,2012,fr France,UEFA Euro,25,3,35,0,0
Olivier Giroud,https://fbref.com/en/players/16ceb862/Olivier-Giroud,2014,fr France,1. World Cup,27,5,166,1,1
Olivier Giroud,https://fbref.com/en/players/16ceb862/Olivier-Giroud,2014,fr France,WCQ,27,9,491,2,0
Olivier Giroud,https://fbref.com/en/players/16ceb862/Olivier-Giroud,2014,fr France,Friendlies (M),27,4,260,3,1
Olivier Giroud,https://fbref.com/en/players/16ceb862/Olivier-Giroud,2015,fr France,Friendlies (M),28,10,468,4,0
Olivier Giroud,https://fbref.com/en/players/16ceb862/Olivier-Giroud,2016,fr France,Friendlies (M),29,6,283,5,0
Olivier Giroud,https://fbref.com/en/players/16ceb862/Olivier-Giroud,2016,fr France,UEFA Euro,29,6,452,3,2
Olivier Giroud,https://fbref.com/en/players/16ceb862/Olivier-Giroud,2017,fr France,Friendlies (M),30,4,222,4,1
Olivier Giroud,https://fbref.com/en/players/16ceb862/Olivier-Giroud,2018,fr France,1. World Cup,31,7,545,0,1
Olivier Giroud,https://fbref.com/en/players/16ceb862/Olivier-Giroud,2018,fr France,WCQ,31,8,582,4,1
Olivier Giroud,https://fbref.com/en/players/16ceb862/Olivier-Giroud,2018,fr France,Friendlies (M),31,7,421,3,0
Olivier Giroud,https://fbref.com/en/players/16ceb862/Olivier-Giroud,2018-2019,fr France,UEFA Nations League,31,4,307,1,0
Olivier Giroud,https://fbref.com/en/players/16ceb862/Olivier-Giroud,2019,fr France,Friendlies (M),32,0,,,
Olivier Giroud,https://fbref.com/en/players/16ceb862/Olivier-Giroud,2020,fr France,Friendlies (M),33,2,128,2,0
Olivier Giroud,https://fbref.com/en/players/16ceb862/Olivier-Giroud,2020-2021,fr France,UEFA Nations League,33,6,294,3,0
Olivier Giroud,https://fbref.com/en/players/16ceb862/Olivier-Giroud,2021,fr France,Friendlies (M),34,1,50,2,0
Olivier Giroud,https://fbref.com/en/players/16ceb862/Olivier-Giroud,2021,fr France,UEFA Euro,34,2,42,0,0
Olivier Giroud,https://fbref.com/en/players/16ceb862/Olivier-Giroud,2021,fr France,UEFA Euro Qualifying,34,10,697,6,0
Olivier Giroud,https://fbref.com/en/players/16ceb862/Olivier-Giroud,2022,fr France,1. World Cup,35,6,419,4,0
Olivier Giroud,https://fbref.com/en/players/16ceb862/Olivier-Giroud,2022,fr France,WCQ,35,2,94,0,0
Olivier Giroud,https://fbref.com/en/players/16ceb862/Olivier-Giroud,2022,fr France,Friendlies (M),35,2,154,2,0
Olivier Giroud,https://fbref.com/en/players/16ceb862/Olivier-Giroud,2022-2023,fr France,UEFA Nations League,35,2,141,1,0
Olivier Giroud,https://fbref.com/en/players/16ceb862/Olivier-Giroud,2023,fr France,Friendlies (M),36,1,63,0,0
Olivier Giroud,https://fbref.com/en/players/16ceb862/Olivier-Giroud,2024,fr France,Friendlies (M),37,4,183,1,0
Olivier Giroud,https://fbref.com/en/players/16ceb862/Olivier-Giroud,2024,fr France,UEFA Euro,37,4,59,0,0
Olivier Giroud,https://fbref.com/en/players/16ceb862/Olivier-Giroud,2024,fr France,UEFA Euro Qualifying,37,8,287,3,1
Ondřej Čelůstka,https://fbref.com/en/players/393a257c/Ondrej-Celustka,2014,cz Czechia,WCQ,24,0,,,
Ondřej Čelůstka,https://fbref.com/en/players/393a257c/Ondrej-Celustka,2017,cz Czechia,Friendlies (M),27,2,135,0,0
Ondřej Čelůstka,https://fbref.com/en/players/393a257c/Ondrej-Celustka,2018,cz Czechia,WCQ,28,0,,,
Ondřej Čelůstka,https://fbref.com/en/players/393a257c/Ondrej-Celustka,2018,cz Czechia,Friendlies (M),28,1,90,0,0
Ondřej Čelůstka,https://fbref.com/en/players/393a257c/Ondrej-Celustka,2018-2019,cz Czechia,UEFA Nations League,29,3,270,0,0
Ondřej Čelůstka,https://fbref.com/en/players/393a257c/Ondrej-Celustka,2019,cz Czechia,Friendlies (M),29,2,102,0,0
Ondřej Čelůstka,https://fbref.com/en/players/393a257c/Ondrej-Celustka,2020,cz Czechia,Friendlies (M),30,0,,,
Ondřej Čelůstka,https://fbref.com/en/players/393a257c/Ondrej-Celustka,2020-2021,cz Czechia,UEFA Nations League,31,3,199,0,0
Ondřej Čelůstka,https://fbref.com/en/players/393a257c/Ondrej-Celustka,2021,cz Czechia,Friendlies (M),31,2,135,1,0
Ondřej Čelůstka,https://fbref.com/en/players/393a257c/Ondrej-Celustka,2021,cz Czechia,UEFA Euro,31,5,424,0,0
Ondřej Čelůstka,https://fbref.com/en/players/393a257c/Ondrej-Celustka,2021,cz Czechia,UEFA Euro Qualifying,31,8,720,1,1
Ondřej Čelůstka,https://fbref.com/en/players/393a257c/Ondrej-Celustka,2022,cz Czechia,WCQ,32,5,444,0,0
Oscar,https://fbref.com/en/players/57fe98dd/Oscar,2013,br Brazil,FIFA Confederations Cup,21,5,403,0,2
Oscar,https://fbref.com/en/players/57fe98dd/Oscar,2014,br Brazil,1. World Cup,22,7,638,2,2
Oscar,https://fbref.com/en/players/57fe98dd/Oscar,2014,br Brazil,Friendlies (M),22,8,461,1,2
Oscar,https://fbref.com/en/players/57fe98dd/Oscar,2015,br Brazil,Friendlies (M),23,1,85,1,0
Oscar,https://fbref.com/en/players/57fe98dd/Oscar,2018,br Brazil,WCQ,26,3,159,0,0
Oumar Niasse,https://fbref.com/en/players/af721f98/Oumar-Niasse,2016,sn Senegal,Friendlies (M),25,1,42,0,0
Oumar Niasse,https://fbref.com/en/players/af721f98/Oumar-Niasse,2017,sn Senegal,Africa Cup of Nations qualification,26,1,28,1,0
Oumar Niasse,https://fbref.com/en/players/af721f98/Oumar-Niasse,2018,sn Senegal,WCQ,27,1,55,0,0
Oumar Niasse,https://fbref.com/en/players/af721f98/Oumar-Niasse,2018,sn Senegal,Friendlies (M),27,1,66,0,0
Oussama Assaidi,https://fbref.com/en/players/483322fe/Oussama-Assaidi,2012,ma Morocco,Africa Cup of Nations,23,1,45,0,0
Oussama Assaidi,https://fbref.com/en/players/483322fe/Oussama-Assaidi,2013,ma Morocco,Africa Cup of Nations,24,2,143,0,0
Oussama Assaidi,https://fbref.com/en/players/483322fe/Oussama-Assaidi,2014,ma Morocco,Friendlies (M),25,2,67,1,0
Oussama Assaidi,https://fbref.com/en/players/483322fe/Oussama-Assaidi,2017,ma Morocco,Africa Cup of Nations qualification,28,2,46,0,0
Owen Hargreaves,https://fbref.com/en/players/1b2b5b86/Owen-Hargreaves,2002,eng England,1. World Cup,21,2,108,0,
Owen Hargreaves,https://fbref.com/en/players/1b2b5b86/Owen-Hargreaves,2004,eng England,UEFA Euro,23,3,77,0,
Owen Hargreaves,https://fbref.com/en/players/1b2b5b86/Owen-Hargreaves,2006,eng England,1. World Cup,25,4,308,0,
Owen Hargreaves,https://fbref.com/en/players/1b2b5b86/Owen-Hargreaves,2006,eng England,WCQ,25,5,52,0,
Owen Hargreaves,https://fbref.com/en/players/1b2b5b86/Owen-Hargreaves,2008,eng England,UEFA Euro Qualifying,27,4,360,0,
Pablo Armero,https://fbref.com/en/players/afabf74e/Pablo-Armero,2014,co Colombia,1. World Cup,27,5,414,1,0
Pablo Armero,https://fbref.com/en/players/afabf74e/Pablo-Armero,2014,co Colombia,WCQ,27,8,720,0,1
Pablo Armero,https://fbref.com/en/players/afabf74e/Pablo-Armero,2014,co Colombia,Friendlies (M),27,5,359,0,0
Pablo Armero,https://fbref.com/en/players/afabf74e/Pablo-Armero,2015,co Colombia,Friendlies (M),28,0,,,
Pablo Armero,https://fbref.com/en/players/afabf74e/Pablo-Armero,2017,co Colombia,Friendlies (M),30,1,90,0,0
Pablo Armero,https://fbref.com/en/players/afabf74e/Pablo-Armero,2018,co Colombia,WCQ,31,1,90,0,0
Pablo Barrera,https://fbref.com/en/players/ff70b131/Pablo-Barrera,2010,mx Mexico,1. World Cup,22,3,150,0,
Pablo Barrera,https://fbref.com/en/players/ff70b131/Pablo-Barrera,2010,mx Mexico,WCQ,22,3,76,0,
Pablo Barrera,https://fbref.com/en/players/ff70b131/Pablo-Barrera,2013,mx Mexico,FIFA Confederations Cup,25,2,34,0,0
Pablo Barrera,https://fbref.com/en/players/ff70b131/Pablo-Barrera,2014,mx Mexico,WCQ,26,4,269,0,0
Pablo Hernández,https://fbref.com/en/players/c0398aca/Pablo-Hernandez,2009,es Spain,FIFA Confederations Cup,23,1,31,0,0
Pablo Hernández,https://fbref.com/en/players/c0398aca/Pablo-Hernandez,2012,es Spain,UEFA Euro Qualifying,26,2,36,0,
Pablo Ibáñez,https://fbref.com/en/players/23ca89f2/Pablo-Ibanez,2006,es Spain,1. World Cup,24,3,270,0,
Pablo Ibáñez,https://fbref.com/en/players/23ca89f2/Pablo-Ibanez,2006,es Spain,WCQ,24,4,360,0,
Pablo Ibáñez,https://fbref.com/en/players/23ca89f2/Pablo-Ibanez,2008,es Spain,UEFA Euro Qualifying,26,4,297,0,
Pablo Zabaleta,https://fbref.com/en/players/6813ac34/Pablo-Zabaleta,2014,ar Argentina,1. World Cup,29,7,720,0,0
Pablo Zabaleta,https://fbref.com/en/players/6813ac34/Pablo-Zabaleta,2014,ar Argentina,WCQ,29,11,964,0,0
Pablo Zabaleta,https://fbref.com/en/players/6813ac34/Pablo-Zabaleta,2014,ar Argentina,Friendlies (M),29,4,286,0,1
Pablo Zabaleta,https://fbref.com/en/players/6813ac34/Pablo-Zabaleta,2015,ar Argentina,Friendlies (M),30,1,90,0,0
Pablo Zabaleta,https://fbref.com/en/players/6813ac34/Pablo-Zabaleta,2018,ar Argentina,WCQ,33,5,450,0,1
Paddy Kenny,https://fbref.com/en/players/b03eb26c/Paddy-Kenny,2006,ie Rep. of Ireland,WCQ,27,0,,,
Paddy Kenny,https://fbref.com/en/players/b03eb26c/Paddy-Kenny,2008,ie Rep. of Ireland,UEFA Euro Qualifying,29,1,90,0,
Paddy McNair,https://fbref.com/en/players/8ac454b5/Paddy-McNair,2015,nir Northern Ireland,Friendlies (M),19,2,171,0,0
Paddy McNair,https://fbref.com/en/players/8ac454b5/Paddy-McNair,2016,nir Northern Ireland,Friendlies (M),20,5,420,0,1
Paddy McNair,https://fbref.com/en/players/8ac454b5/Paddy-McNair,2016,nir Northern Ireland,UEFA Euro,20,2,46,0,0
Paddy McNair,https://fbref.com/en/players/8ac454b5/Paddy-McNair,2016,nir Northern Ireland,UEFA Euro Qualifying,20,3,147,0,0
Paddy McNair,https://fbref.com/en/players/8ac454b5/Paddy-McNair,2018,nir Northern Ireland,WCQ,22,5,141,0,0
Paddy McNair,https://fbref.com/en/players/8ac454b5/Paddy-McNair,2018,nir Northern Ireland,Friendlies (M),22,5,316,0,1
Paddy McNair,https://fbref.com/en/players/8ac454b5/Paddy-McNair,2018-2019,nir Northern Ireland,UEFA Nations League,23,3,163,0,0
Paddy McNair,https://fbref.com/en/players/8ac454b5/Paddy-McNair,2019,nir Northern Ireland,Friendlies (M),23,1,90,2,0
Paddy McNair,https://fbref.com/en/players/8ac454b5/Paddy-McNair,2020-2021,nir Northern Ireland,UEFA Nations League,25,6,473,1,1
Paddy McNair,https://fbref.com/en/players/8ac454b5/Paddy-McNair,2021,nir Northern Ireland,Friendlies (M),25,4,301,0,1
Paddy McNair,https://fbref.com/en/players/8ac454b5/Paddy-McNair,2021,nir Northern Ireland,UEFA Euro Qualifying,25,10,898,1,1
Paddy McNair,https://fbref.com/en/players/8ac454b5/Paddy-McNair,2022,nir Northern Ireland,WCQ,26,6,540,1,0
Paddy McNair,https://fbref.com/en/players/8ac454b5/Paddy-McNair,2022,nir Northern Ireland,Friendlies (M),26,1,90,0,0
Paddy McNair,https://fbref.com/en/players/8ac454b5/Paddy-McNair,2022-2023,nir Northern Ireland,UEFA Nations League,27,5,450,1,0
Paddy McNair,https://fbref.com/en/players/8ac454b5/Paddy-McNair,2024,nir Northern Ireland,Friendlies (M),28,2,180,0,0
Paddy McNair,https://fbref.com/en/players/8ac454b5/Paddy-McNair,2024,nir Northern Ireland,UEFA Euro Qualifying,28,9,810,0,0
Paddy McNair,https://fbref.com/en/players/8ac454b5/Paddy-McNair,2024-2025,nir Northern Ireland,UEFA Nations League,29,4,342,1,0
Paddy McNair,https://fbref.com/en/players/8ac454b5/Paddy-McNair,2025,nir Northern Ireland,Friendlies (M),29,2,180,0,0
Paddy McNair,https://fbref.com/en/players/8ac454b5/Paddy-McNair,2026,nir Northern Ireland,WCQ,30,6,499,0,0
Pajtim Kasami,https://fbref.com/en/players/fc8c588f/Pajtim-Kasami,2014,ch Switzerland,WCQ,21,1,20,0,0
Pajtim Kasami,https://fbref.com/en/players/fc8c588f/Pajtim-Kasami,2014,ch Switzerland,Friendlies (M),21,1,66,0,0
Pajtim Kasami,https://fbref.com/en/players/fc8c588f/Pajtim-Kasami,2015,ch Switzerland,Friendlies (M),22,3,192,0,0
Pajtim Kasami,https://fbref.com/en/players/fc8c588f/Pajtim-Kasami,2016,ch Switzerland,Friendlies (M),23,2,91,0,0
Pajtim Kasami,https://fbref.com/en/players/fc8c588f/Pajtim-Kasami,2016,ch Switzerland,UEFA Euro Qualifying,23,4,180,1,1
Pape Souaré,https://fbref.com/en/players/46b5375e/Pape-Souare,2014,sn Senegal,WCQ,23,4,359,0,
Pape Souaré,https://fbref.com/en/players/46b5375e/Pape-Souare,2014,sn Senegal,Friendlies (M),23,1,45,0,0
Pape Souaré,https://fbref.com/en/players/46b5375e/Pape-Souare,2015,sn Senegal,Friendlies (M),24,4,137,0,0
Pape Souaré,https://fbref.com/en/players/46b5375e/Pape-Souare,2015,sn Senegal,Africa Cup of Nations,24,2,153,0,0
Pape Souaré,https://fbref.com/en/players/46b5375e/Pape-Souare,2015,sn Senegal,Africa Cup of Nations qualification,24,3,270,0,
Pape Souaré,https://fbref.com/en/players/46b5375e/Pape-Souare,2016,sn Senegal,Friendlies (M),25,1,80,0,0
Pape Souaré,https://fbref.com/en/players/46b5375e/Pape-Souare,2017,sn Senegal,Africa Cup of Nations qualification,26,5,449,1,0
Pape Souaré,https://fbref.com/en/players/46b5375e/Pape-Souare,2018,sn Senegal,Friendlies (M),27,1,74,0,0
Papiss Cissé,https://fbref.com/en/players/40f3ff51/Papiss-Cisse,2012,sn Senegal,Africa Cup of Nations,26,3,159,0,0
Papiss Cissé,https://fbref.com/en/players/40f3ff51/Papiss-Cisse,2014,sn Senegal,WCQ,28,7,534,5,
Papiss Cissé,https://fbref.com/en/players/40f3ff51/Papiss-Cisse,2014,sn Senegal,Friendlies (M),28,1,45,0,0
Papiss Cissé,https://fbref.com/en/players/40f3ff51/Papiss-Cisse,2015,sn Senegal,Friendlies (M),29,1,45,0,0
Papiss Cissé,https://fbref.com/en/players/40f3ff51/Papiss-Cisse,2015,sn Senegal,Africa Cup of Nations,29,1,38,0,0
Papiss Cissé,https://fbref.com/en/players/40f3ff51/Papiss-Cisse,2015,sn Senegal,Africa Cup of Nations qualification,29,3,185,1,
Park Chu-young,https://fbref.com/en/players/d9fa272a/Park-Chu-young,2006,kr Korea Republic,1. World Cup,20,1,65,0,
Park Chu-young,https://fbref.com/en/players/d9fa272a/Park-Chu-young,2006,kr Korea Republic,WCQ,20,3,270,2,
Park Chu-young,https://fbref.com/en/players/d9fa272a/Park-Chu-young,2007,kr Korea Republic,Asian Cup qualification,21,2,63,0,
Park Chu-young,https://fbref.com/en/players/d9fa272a/Park-Chu-young,2010,kr Korea Republic,1. World Cup,24,4,345,1,
Park Chu-young,https://fbref.com/en/players/d9fa272a/Park-Chu-young,2010,kr Korea Republic,WCQ,24,12,838,4,
Park Chu-young,https://fbref.com/en/players/d9fa272a/Park-Chu-young,2014,kr Korea Republic,1. World Cup,28,2,111,0,0
Park Chu-young,https://fbref.com/en/players/d9fa272a/Park-Chu-young,2014,kr Korea Republic,WCQ,28,7,525,6,
Park Chu-young,https://fbref.com/en/players/d9fa272a/Park-Chu-young,2014,kr Korea Republic,Friendlies (M),28,4,228,1,0
Park Ji-sung,https://fbref.com/en/players/3de4cb30/Park-Ji-sung,2000,kr Korea Republic,Asian Cup,18,5,345,0,
Park Ji-sung,https://fbref.com/en/players/3de4cb30/Park-Ji-sung,2001,kr Korea Republic,FIFA Confederations Cup,19,3,270,0,
Park Ji-sung,https://fbref.com/en/players/3de4cb30/Park-Ji-sung,2002,kr Korea Republic,1. World Cup,21,7,637,1,
Park Ji-sung,https://fbref.com/en/players/3de4cb30/Park-Ji-sung,2004,kr Korea Republic,Asian Cup,22,3,225,0,
Park Ji-sung,https://fbref.com/en/players/3de4cb30/Park-Ji-sung,2006,kr Korea Republic,1. World Cup,25,3,270,1,
Park Ji-sung,https://fbref.com/en/players/3de4cb30/Park-Ji-sung,2006,kr Korea Republic,WCQ,24,8,720,1,
Park Ji-sung,https://fbref.com/en/players/3de4cb30/Park-Ji-sung,2007,kr Korea Republic,Asian Cup qualification,25,2,145,0,
Park Ji-sung,https://fbref.com/en/players/3de4cb30/Park-Ji-sung,2010,kr Korea Republic,1. World Cup,29,4,360,1,
Park Ji-sung,https://fbref.com/en/players/3de4cb30/Park-Ji-sung,2010,kr Korea Republic,WCQ,28,11,983,5,
Park Ji-sung,https://fbref.com/en/players/3de4cb30/Park-Ji-sung,2011,kr Korea Republic,Asian Cup,29,5,491,0,0
Patrice Evra,https://fbref.com/en/players/51a3caf1/Patrice-Evra,2006,fr France,WCQ,24,3,205,0,
Patrice Evra,https://fbref.com/en/players/51a3caf1/Patrice-Evra,2008,fr France,UEFA Euro,26,2,180,0,
Patrice Evra,https://fbref.com/en/players/51a3caf1/Patrice-Evra,2008,fr France,UEFA Euro Qualifying,26,1,90,0,
Patrice Evra,https://fbref.com/en/players/51a3caf1/Patrice-Evra,2010,fr France,1. World Cup,29,2,180,0,
Patrice Evra,https://fbref.com/en/players/51a3caf1/Patrice-Evra,2010,fr France,WCQ,28,10,930,0,
Patrice Evra,https://fbref.com/en/players/51a3caf1/Patrice-Evra,2012,fr France,UEFA Euro,30,1,90,0,0
Patrice Evra,https://fbref.com/en/players/51a3caf1/Patrice-Evra,2012,fr France,UEFA Euro Qualifying,30,5,405,0,
Patrice Evra,https://fbref.com/en/players/51a3caf1/Patrice-Evra,2014,fr France,1. World Cup,33,4,360,0,1
Patrice Evra,https://fbref.com/en/players/51a3caf1/Patrice-Evra,2014,fr France,WCQ,32,8,720,0,0
Patrice Evra,https://fbref.com/en/players/51a3caf1/Patrice-Evra,2014,fr France,Friendlies (M),32,6,427,0,1
Patrice Evra,https://fbref.com/en/players/51a3caf1/Patrice-Evra,2015,fr France,Friendlies (M),33,5,450,0,0
Patrice Evra,https://fbref.com/en/players/51a3caf1/Patrice-Evra,2016,fr France,Friendlies (M),34,4,262,0,1
Patrice Evra,https://fbref.com/en/players/51a3caf1/Patrice-Evra,2016,fr France,UEFA Euro,34,7,660,0,0
Patrice Evra,https://fbref.com/en/players/51a3caf1/Patrice-Evra,2018,fr France,WCQ,36,1,90,0,0
Patrick Bamford,https://fbref.com/en/players/93feac6e/Patrick-Bamford,2022,eng England,WCQ,28,1,61,0,0
Patrick van Aanholt,https://fbref.com/en/players/5f09991f/Patrick-van-Aanholt,2014,nl Netherlands,Friendlies (M),23,1,45,0,0
Patrick van Aanholt,https://fbref.com/en/players/5f09991f/Patrick-van-Aanholt,2016,nl Netherlands,Friendlies (M),25,4,158,0,0
Patrick van Aanholt,https://fbref.com/en/players/5f09991f/Patrick-van-Aanholt,2018,nl Netherlands,WCQ,27,0,,,
Patrick van Aanholt,https://fbref.com/en/players/5f09991f/Patrick-van-Aanholt,2018,nl Netherlands,Friendlies (M),27,3,194,0,0
Patrick van Aanholt,https://fbref.com/en/players/5f09991f/Patrick-van-Aanholt,2018-2019,nl Netherlands,UEFA Nations League,27,0,,,
Patrick van Aanholt,https://fbref.com/en/players/5f09991f/Patrick-van-Aanholt,2020,nl Netherlands,Friendlies (M),29,0,,,
Patrick van Aanholt,https://fbref.com/en/players/5f09991f/Patrick-van-Aanholt,2020-2021,nl Netherlands,UEFA Nations League,29,2,82,0,0
Patrick van Aanholt,https://fbref.com/en/players/5f09991f/Patrick-van-Aanholt,2021,nl Netherlands,Friendlies (M),30,2,40,0,0
Patrick van Aanholt,https://fbref.com/en/players/5f09991f/Patrick-van-Aanholt,2021,nl Netherlands,UEFA Euro,30,4,297,0,0
Patrick van Aanholt,https://fbref.com/en/players/5f09991f/Patrick-van-Aanholt,2021,nl Netherlands,UEFA Euro Qualifying,30,1,90,0,0
Patrick van Aanholt,https://fbref.com/en/players/5f09991f/Patrick-van-Aanholt,2022,nl Netherlands,WCQ,31,1,9,0,0
Patrick Vieira,https://fbref.com/en/players/f90f1086/Patrick-Vieira,1998,fr France,1. World Cup,21,2,107,0,1
Patrick Vieira,https://fbref.com/en/players/f90f1086/Patrick-Vieira,2000,fr France,UEFA Euro,23,6,542,0,
Patrick Vieira,https://fbref.com/en/players/f90f1086/Patrick-Vieira,2001,fr France,FIFA Confederations Cup,24,5,363,2,
Patrick Vieira,https://fbref.com/en/players/f90f1086/Patrick-Vieira,2002,fr France,1. World Cup,25,3,250,0,
Patrick Vieira,https://fbref.com/en/players/f90f1086/Patrick-Vieira,2004,fr France,UEFA Euro,27,3,270,0,
Patrick Vieira,https://fbref.com/en/players/f90f1086/Patrick-Vieira,2006,fr France,1. World Cup,29,7,585,2,
Patrick Vieira,https://fbref.com/en/players/f90f1086/Patrick-Vieira,2006,fr France,WCQ,29,9,718,0,
Patrick Vieira,https://fbref.com/en/players/f90f1086/Patrick-Vieira,2008,fr France,UEFA Euro,31,0,,,
Patrick Vieira,https://fbref.com/en/players/f90f1086/Patrick-Vieira,2008,fr France,UEFA Euro Qualifying,31,6,518,0,
Patrick Vieira,https://fbref.com/en/players/f90f1086/Patrick-Vieira,2010,fr France,WCQ,33,0,,,
Paul Dummett,https://fbref.com/en/players/3fe6bd8c/Paul-Dummett,2014,wls Wales,WCQ,22,0,,,
Paul Dummett,https://fbref.com/en/players/3fe6bd8c/Paul-Dummett,2015,wls Wales,Friendlies (M),23,1,26,0,0
Paul Dummett,https://fbref.com/en/players/3fe6bd8c/Paul-Dummett,2016,wls Wales,Friendlies (M),24,0,,,
Paul Dummett,https://fbref.com/en/players/3fe6bd8c/Paul-Dummett,2016,wls Wales,UEFA Euro Qualifying,24,0,,,
Paul Dummett,https://fbref.com/en/players/3fe6bd8c/Paul-Dummett,2018,wls Wales,WCQ,26,0,,,
Paul Dummett,https://fbref.com/en/players/3fe6bd8c/Paul-Dummett,2018-2019,wls Wales,UEFA Nations League,26,2,47,0,0
Paul Dummett,https://fbref.com/en/players/3fe6bd8c/Paul-Dummett,2019,wls Wales,Friendlies (M),27,1,60,0,0
Paul Dummett,https://fbref.com/en/players/3fe6bd8c/Paul-Dummett,2021,wls Wales,UEFA Euro Qualifying,29,0,,,
Paul McShane,https://fbref.com/en/players/5785993d/Paul-McShane,2008,ie Rep. of Ireland,UEFA Euro Qualifying,22,9,765,0,
Paul McShane,https://fbref.com/en/players/5785993d/Paul-McShane,2010,ie Rep. of Ireland,WCQ,24,6,425,0,
Paul McShane,https://fbref.com/en/players/5785993d/Paul-McShane,2012,ie Rep. of Ireland,UEFA Euro,26,0,,,
Paul McShane,https://fbref.com/en/players/5785993d/Paul-McShane,2012,ie Rep. of Ireland,UEFA Euro Qualifying,26,0,,,
Paul McShane,https://fbref.com/en/players/5785993d/Paul-McShane,2014,ie Rep. of Ireland,WCQ,28,0,,,
Paul McShane,https://fbref.com/en/players/5785993d/Paul-McShane,2015,ie Rep. of Ireland,Friendlies (M),29,1,20,0,0
Paul McShane,https://fbref.com/en/players/5785993d/Paul-McShane,2016,ie Rep. of Ireland,Friendlies (M),30,1,90,0,0
Paul McShane,https://fbref.com/en/players/5785993d/Paul-McShane,2016,ie Rep. of Ireland,UEFA Euro Qualifying,30,0,,,
Paul McShane,https://fbref.com/en/players/5785993d/Paul-McShane,2018,ie Rep. of Ireland,WCQ,32,0,,,
Paul Pogba,https://fbref.com/en/players/867239d3/Paul-Pogba,2014,fr France,WCQ,20,6,528,1,1
Paul Pogba,https://fbref.com/en/players/867239d3/Paul-Pogba,2014,fr France,Friendlies (M),20,10,712,3,0
Paul Pogba,https://fbref.com/en/players/867239d3/Paul-Pogba,2014,fr France,1. World Cup,21,5,354,1,1
Paul Pogba,https://fbref.com/en/players/867239d3/Paul-Pogba,2015,fr France,Friendlies (M),21,5,360,0,0
Paul Pogba,https://fbref.com/en/players/867239d3/Paul-Pogba,2016,fr France,Friendlies (M),22,6,443,0,3
Paul Pogba,https://fbref.com/en/players/867239d3/Paul-Pogba,2016,fr France,UEFA Euro,22,7,601,1,0
Paul Pogba,https://fbref.com/en/players/867239d3/Paul-Pogba,2017,fr France,Friendlies (M),23,2,135,0,0
Paul Pogba,https://fbref.com/en/players/867239d3/Paul-Pogba,2018,fr France,Friendlies (M),24,6,371,1,1
Paul Pogba,https://fbref.com/en/players/867239d3/Paul-Pogba,2018,fr France,WCQ,24,7,630,2,0
Paul Pogba,https://fbref.com/en/players/867239d3/Paul-Pogba,2018,fr France,1. World Cup,25,6,538,1,0
Paul Pogba,https://fbref.com/en/players/867239d3/Paul-Pogba,2018-2019,fr France,UEFA Nations League,25,3,270,0,0
Paul Pogba,https://fbref.com/en/players/867239d3/Paul-Pogba,2019,fr France,Friendlies (M),25,1,90,0,0
Paul Pogba,https://fbref.com/en/players/867239d3/Paul-Pogba,2020,fr France,Friendlies (M),26,2,87,0,0
Paul Pogba,https://fbref.com/en/players/867239d3/Paul-Pogba,2020-2021,fr France,UEFA Nations League,27,6,467,0,0
Paul Pogba,https://fbref.com/en/players/867239d3/Paul-Pogba,2021,fr France,Friendlies (M),27,2,152,0,0
Paul Pogba,https://fbref.com/en/players/867239d3/Paul-Pogba,2021,fr France,UEFA Euro,27,4,375,1,1
Paul Pogba,https://fbref.com/en/players/867239d3/Paul-Pogba,2021,fr France,UEFA Euro Qualifying,27,4,360,0,1
Paul Pogba,https://fbref.com/en/players/867239d3/Paul-Pogba,2022,fr France,WCQ,28,6,446,0,0
Paul Pogba,https://fbref.com/en/players/867239d3/Paul-Pogba,2022,fr France,Friendlies (M),28,2,113,0,1
Paul Robinson,https://fbref.com/en/players/3515ba56/Paul-Robinson,2004,eng England,UEFA Euro,24,0,,,
Paul Robinson,https://fbref.com/en/players/3515ba56/Paul-Robinson,2006,eng England,1. World Cup,26,5,480,0,
Paul Robinson,https://fbref.com/en/players/3515ba56/Paul-Robinson,2006,eng England,WCQ,26,9,810,0,
Paul Robinson,https://fbref.com/en/players/3515ba56/Paul-Robinson,2008,eng England,UEFA Euro Qualifying,28,11,972,0,
Paul Robinson,https://fbref.com/en/players/3515ba56/Paul-Robinson,2010,eng England,WCQ,30,0,,,
Paul Scharner,https://fbref.com/en/players/d8bcce3d/Paul-Scharner,2006,at Austria,WCQ,25,2,180,0,
Paul Scharner,https://fbref.com/en/players/d8bcce3d/Paul-Scharner,2010,at Austria,WCQ,29,9,785,0,
Paul Scharner,https://fbref.com/en/players/d8bcce3d/Paul-Scharner,2012,at Austria,UEFA Euro Qualifying,31,7,607,0,
Paul Scholes,https://fbref.com/en/players/24a3a72c/Paul-Scholes,1998,eng England,1. World Cup,23,4,329,1,0
Paul Scholes,https://fbref.com/en/players/24a3a72c/Paul-Scholes,2000,eng England,UEFA Euro,25,3,240,1,
Paul Scholes,https://fbref.com/en/players/24a3a72c/Paul-Scholes,2002,eng England,1. World Cup,27,5,408,0,
Paul Scholes,https://fbref.com/en/players/24a3a72c/Paul-Scholes,2004,eng England,UEFA Euro,29,4,268,1,
Paulinho,https://fbref.com/en/players/bb7337cc/Paulinho,2013,br Brazil,FIFA Confederations Cup,24,4,357,2,0
Paulinho,https://fbref.com/en/players/bb7337cc/Paulinho,2014,br Brazil,1. World Cup,25,6,383,0,0
Paulinho,https://fbref.com/en/players/bb7337cc/Paulinho,2014,br Brazil,Friendlies (M),25,2,109,0,1
Paulinho,https://fbref.com/en/players/bb7337cc/Paulinho,2017,br Brazil,Friendlies (M),28,2,172,0,1
Paulinho,https://fbref.com/en/players/bb7337cc/Paulinho,2018,br Brazil,1. World Cup,29,5,349,1,0
Paulinho,https://fbref.com/en/players/bb7337cc/Paulinho,2018,br Brazil,WCQ,29,11,961,6,2
Paulinho,https://fbref.com/en/players/bb7337cc/Paulinho,2018,br Brazil,Friendlies (M),29,5,407,1,0
Paulo Ferreira,https://fbref.com/en/players/4ca16d65/Paulo-Ferreira,2004,pt Portugal,UEFA Euro,25,2,138,0,
Paulo Ferreira,https://fbref.com/en/players/4ca16d65/Paulo-Ferreira,2006,pt Portugal,1. World Cup,27,3,149,0,
Paulo Ferreira,https://fbref.com/en/players/4ca16d65/Paulo-Ferreira,2006,pt Portugal,WCQ,27,9,782,0,
Paulo Ferreira,https://fbref.com/en/players/4ca16d65/Paulo-Ferreira,2008,pt Portugal,UEFA Euro,29,4,310,0,
Paulo Ferreira,https://fbref.com/en/players/4ca16d65/Paulo-Ferreira,2008,pt Portugal,UEFA Euro Qualifying,29,8,720,0,
Paulo Ferreira,https://fbref.com/en/players/4ca16d65/Paulo-Ferreira,2010,pt Portugal,1. World Cup,31,1,90,0,
Paulo Ferreira,https://fbref.com/en/players/4ca16d65/Paulo-Ferreira,2010,pt Portugal,WCQ,31,5,450,0,
Paulo Gazzaniga,https://fbref.com/en/players/63d17038/Paulo-Gazzaniga,2018,ar Argentina,Friendlies (M),26,1,32,0,0
Pavel Pogrebnyak,https://fbref.com/en/players/f1085969/Pavel-Pogrebnyak,2008,ru Russia,UEFA Euro Qualifying,24,5,217,1,
Pavel Pogrebnyak,https://fbref.com/en/players/f1085969/Pavel-Pogrebnyak,2010,ru Russia,WCQ,26,7,220,1,
Pavel Pogrebnyak,https://fbref.com/en/players/f1085969/Pavel-Pogrebnyak,2012,ru Russia,UEFA Euro,28,1,19,0,0
Pavel Pogrebnyak,https://fbref.com/en/players/f1085969/Pavel-Pogrebnyak,2012,ru Russia,UEFA Euro Qualifying,28,7,212,2,
Pedro,https://fbref.com/en/players/3ca7254a/Pedro,2010,es Spain,1. World Cup,22,5,177,0,
Pedro,https://fbref.com/en/players/3ca7254a/Pedro,2012,es Spain,UEFA Euro,24,3,92,0,0
Pedro,https://fbref.com/en/players/3ca7254a/Pedro,2012,es Spain,UEFA Euro Qualifying,24,2,116,0,
Pedro,https://fbref.com/en/players/3ca7254a/Pedro,2013,es Spain,FIFA Confederations Cup,25,4,322,1,1
Pedro,https://fbref.com/en/players/3ca7254a/Pedro,2014,es Spain,1. World Cup,26,2,103,0,0
Pedro,https://fbref.com/en/players/3ca7254a/Pedro,2014,es Spain,WCQ,26,8,560,4,2
Pedro,https://fbref.com/en/players/3ca7254a/Pedro,2014,es Spain,Friendlies (M),26,5,242,1,0
Pedro,https://fbref.com/en/players/3ca7254a/Pedro,2015,es Spain,Friendlies (M),27,2,62,0,0
Pedro,https://fbref.com/en/players/3ca7254a/Pedro,2016,es Spain,Friendlies (M),28,4,172,1,0
Pedro,https://fbref.com/en/players/3ca7254a/Pedro,2016,es Spain,UEFA Euro,28,2,19,0,0
Pedro,https://fbref.com/en/players/3ca7254a/Pedro,2016,es Spain,UEFA Euro Qualifying,28,8,490,2,0
Pedro,https://fbref.com/en/players/3ca7254a/Pedro,2017,es Spain,Friendlies (M),29,2,142,0,0
Pedro,https://fbref.com/en/players/3ca7254a/Pedro,2018,es Spain,WCQ,30,3,187,0,0
Pedro Obiang,https://fbref.com/en/players/ba1e04b3/Pedro-Obiang,2019,gq Equ. Guinea,Friendlies (M),26,1,90,0,0
Pedro Obiang,https://fbref.com/en/players/ba1e04b3/Pedro-Obiang,2019,gq Equ. Guinea,Africa Cup of Nations qualification,26,2,180,1,0
Pedro Obiang,https://fbref.com/en/players/ba1e04b3/Pedro-Obiang,2021,gq Equ. Guinea,Africa Cup of Nations qualification,28,6,535,2,0
Pedro Obiang,https://fbref.com/en/players/ba1e04b3/Pedro-Obiang,2022,gq Equ. Guinea,Friendlies (M),29,1,90,0,0
Pedro Obiang,https://fbref.com/en/players/ba1e04b3/Pedro-Obiang,2023,gq Equ. Guinea,Africa Cup of Nations qualification,30,1,90,0,0
Pedro Obiang,https://fbref.com/en/players/ba1e04b3/Pedro-Obiang,2025,gq Equ. Guinea,Africa Cup of Nations qualification,32,6,499,0,0
Pedro Obiang,https://fbref.com/en/players/ba1e04b3/Pedro-Obiang,2026,gq Equ. Guinea,WCQ,33,4,336,0,0
Pepe Reina,https://fbref.com/en/players/e358587b/Pepe-Reina,2006,es Spain,WCQ,23,0,,,
Pepe Reina,https://fbref.com/en/players/e358587b/Pepe-Reina,2006,es Spain,1. World Cup,23,0,,,
Pepe Reina,https://fbref.com/en/players/e358587b/Pepe-Reina,2008,es Spain,UEFA Euro,25,1,90,0,
Pepe Reina,https://fbref.com/en/players/e358587b/Pepe-Reina,2008,es Spain,UEFA Euro Qualifying,25,2,180,0,
Pepe Reina,https://fbref.com/en/players/e358587b/Pepe-Reina,2009,es Spain,FIFA Confederations Cup,26,1,90,0,0
Pepe Reina,https://fbref.com/en/players/e358587b/Pepe-Reina,2010,es Spain,1. World Cup,27,0,,,
Pepe Reina,https://fbref.com/en/players/e358587b/Pepe-Reina,2010,es Spain,WCQ,27,1,90,0,
Pepe Reina,https://fbref.com/en/players/e358587b/Pepe-Reina,2012,es Spain,UEFA Euro,29,0,,,
Pepe Reina,https://fbref.com/en/players/e358587b/Pepe-Reina,2012,es Spain,UEFA Euro Qualifying,29,0,,,
Pepe Reina,https://fbref.com/en/players/e358587b/Pepe-Reina,2013,es Spain,FIFA Confederations Cup,30,1,90,0,0
Pepe Reina,https://fbref.com/en/players/e358587b/Pepe-Reina,2014,es Spain,1. World Cup,31,1,90,0,0
Pepe Reina,https://fbref.com/en/players/e358587b/Pepe-Reina,2014,es Spain,WCQ,31,0,,,
Pepe Reina,https://fbref.com/en/players/e358587b/Pepe-Reina,2014,es Spain,Friendlies (M),31,1,90,0,0
Pepe Reina,https://fbref.com/en/players/e358587b/Pepe-Reina,2016,es Spain,Friendlies (M),33,1,90,0,0
Pepe Reina,https://fbref.com/en/players/e358587b/Pepe-Reina,2017,es Spain,Friendlies (M),34,1,90,0,0
Pepe Reina,https://fbref.com/en/players/e358587b/Pepe-Reina,2018,es Spain,1. World Cup,35,0,,,
Pepe Reina,https://fbref.com/en/players/e358587b/Pepe-Reina,2018,es Spain,WCQ,35,1,90,0,0
Pepe Reina,https://fbref.com/en/players/e358587b/Pepe-Reina,2018,es Spain,Friendlies (M),35,0,,,
Per Mertesacker,https://fbref.com/en/players/5be28712/Per-Mertesacker,2005,de Germany,FIFA Confederations Cup,20,5,480,1,
Per Mertesacker,https://fbref.com/en/players/5be28712/Per-Mertesacker,2006,de Germany,1. World Cup,21,6,600,0,
Per Mertesacker,https://fbref.com/en/players/5be28712/Per-Mertesacker,2008,de Germany,UEFA Euro,23,6,540,0,
Per Mertesacker,https://fbref.com/en/players/5be28712/Per-Mertesacker,2008,de Germany,UEFA Euro Qualifying,23,8,720,0,
Per Mertesacker,https://fbref.com/en/players/5be28712/Per-Mertesacker,2010,de Germany,1. World Cup,25,7,630,0,
Per Mertesacker,https://fbref.com/en/players/5be28712/Per-Mertesacker,2010,de Germany,WCQ,25,7,630,0,
Per Mertesacker,https://fbref.com/en/players/5be28712/Per-Mertesacker,2012,de Germany,UEFA Euro,27,0,,,
Per Mertesacker,https://fbref.com/en/players/5be28712/Per-Mertesacker,2012,de Germany,UEFA Euro Qualifying,27,7,550,0,
Per Mertesacker,https://fbref.com/en/players/5be28712/Per-Mertesacker,2014,de Germany,1. World Cup,29,6,436,0,0
Per Mertesacker,https://fbref.com/en/players/5be28712/Per-Mertesacker,2014,de Germany,WCQ,29,8,720,2,0
Per Mertesacker,https://fbref.com/en/players/5be28712/Per-Mertesacker,2014,de Germany,Friendlies (M),29,3,270,0,0
Peter Crouch,https://fbref.com/en/players/73d9bdc7/Peter-Crouch,2006,eng England,1. World Cup,25,4,323,1,
Peter Crouch,https://fbref.com/en/players/73d9bdc7/Peter-Crouch,2006,eng England,WCQ,25,2,114,0,
Peter Crouch,https://fbref.com/en/players/73d9bdc7/Peter-Crouch,2008,eng England,UEFA Euro Qualifying,27,8,559,5,
Peter Crouch,https://fbref.com/en/players/73d9bdc7/Peter-Crouch,2010,eng England,1. World Cup,29,2,19,0,
Peter Crouch,https://fbref.com/en/players/73d9bdc7/Peter-Crouch,2010,eng England,WCQ,29,4,279,4,
Peter Crouch,https://fbref.com/en/players/73d9bdc7/Peter-Crouch,2012,eng England,UEFA Euro Qualifying,31,1,69,0,
Peter Løvenkrands,https://fbref.com/en/players/609f6984/Peter-Lovenkrands,2002,dk Denmark,1. World Cup,22,1,2,0,
Peter Løvenkrands,https://fbref.com/en/players/609f6984/Peter-Lovenkrands,2004,dk Denmark,UEFA Euro,24,1,6,0,
Peter Løvenkrands,https://fbref.com/en/players/609f6984/Peter-Lovenkrands,2006,dk Denmark,WCQ,26,1,2,0,
Peter Løvenkrands,https://fbref.com/en/players/609f6984/Peter-Lovenkrands,2008,dk Denmark,UEFA Euro Qualifying,28,3,86,0,
Peter Løvenkrands,https://fbref.com/en/players/609f6984/Peter-Lovenkrands,2010,dk Denmark,WCQ,30,1,71,0,
Peter Løvenkrands,https://fbref.com/en/players/609f6984/Peter-Lovenkrands,2012,dk Denmark,UEFA Euro Qualifying,32,1,19,0,
Peter Odemwingie,https://fbref.com/en/players/b16150ac/Peter-Odemwingie,2010,ng Nigeria,1. World Cup,28,2,76,0,
Peter Odemwingie,https://fbref.com/en/players/b16150ac/Peter-Odemwingie,2010,ng Nigeria,Africa Cup of Nations,28,5,372,2,0
Peter Odemwingie,https://fbref.com/en/players/b16150ac/Peter-Odemwingie,2014,ng Nigeria,1. World Cup,32,4,281,1,0
Peter Odemwingie,https://fbref.com/en/players/b16150ac/Peter-Odemwingie,2014,ng Nigeria,Friendlies (M),32,2,98,0,0
Petr Čech,https://fbref.com/en/players/71672fa0/Petr-Cech,2004,cz Czechia,UEFA Euro,21,4,390,0,
Petr Čech,https://fbref.com/en/players/71672fa0/Petr-Cech,2006,cz Czechia,1. World Cup,24,3,270,0,
Petr Čech,https://fbref.com/en/players/71672fa0/Petr-Cech,2006,cz Czechia,WCQ,23,13,1170,0,
Petr Čech,https://fbref.com/en/players/71672fa0/Petr-Cech,2008,cz Czechia,UEFA Euro,25,3,270,0,
Petr Čech,https://fbref.com/en/players/71672fa0/Petr-Cech,2008,cz Czechia,UEFA Euro Qualifying,25,10,900,0,
Petr Čech,https://fbref.com/en/players/71672fa0/Petr-Cech,2010,cz Czechia,WCQ,27,8,720,0,
Petr Čech,https://fbref.com/en/players/71672fa0/Petr-Cech,2012,cz Czechia,UEFA Euro,29,4,360,0,0
Petr Čech,https://fbref.com/en/players/71672fa0/Petr-Cech,2012,cz Czechia,UEFA Euro Qualifying,29,9,810,0,
Petr Čech,https://fbref.com/en/players/71672fa0/Petr-Cech,2014,cz Czechia,WCQ,31,10,900,0,0
Petr Čech,https://fbref.com/en/players/71672fa0/Petr-Cech,2014,cz Czechia,Friendlies (M),31,2,180,0,0
Petr Čech,https://fbref.com/en/players/71672fa0/Petr-Cech,2015,cz Czechia,Friendlies (M),32,1,90,0,0
Petr Čech,https://fbref.com/en/players/71672fa0/Petr-Cech,2016,cz Czechia,Friendlies (M),33,3,225,0,0
Petr Čech,https://fbref.com/en/players/71672fa0/Petr-Cech,2016,cz Czechia,UEFA Euro,33,3,270,0,0
Petr Čech,https://fbref.com/en/players/71672fa0/Petr-Cech,2016,cz Czechia,UEFA Euro Qualifying,33,9,810,0,0
Phil Bardsley,https://fbref.com/en/players/1ae30132/Phil-Bardsley,2012,sct Scotland,UEFA Euro Qualifying,26,5,414,0,
Phil Bardsley,https://fbref.com/en/players/1ae30132/Phil-Bardsley,2014,sct Scotland,Friendlies (M),28,1,24,0,0
Phil Jagielka,https://fbref.com/en/players/3233eefd/Phil-Jagielka,2010,eng England,WCQ,27,1,3,0,
Phil Jagielka,https://fbref.com/en/players/3233eefd/Phil-Jagielka,2012,eng England,UEFA Euro,29,0,,,
Phil Jagielka,https://fbref.com/en/players/3233eefd/Phil-Jagielka,2012,eng England,UEFA Euro Qualifying,29,3,182,0,
Phil Jagielka,https://fbref.com/en/players/3233eefd/Phil-Jagielka,2014,eng England,1. World Cup,31,2,180,0,0
Phil Jagielka,https://fbref.com/en/players/3233eefd/Phil-Jagielka,2014,eng England,WCQ,31,7,630,0,0
Phil Jagielka,https://fbref.com/en/players/3233eefd/Phil-Jagielka,2014,eng England,Friendlies (M),31,4,214,1,0
Phil Jagielka,https://fbref.com/en/players/3233eefd/Phil-Jagielka,2015,eng England,Friendlies (M),32,2,107,0,0
Phil Jagielka,https://fbref.com/en/players/3233eefd/Phil-Jagielka,2016,eng England,Friendlies (M),33,2,66,0,0
Phil Jagielka,https://fbref.com/en/players/3233eefd/Phil-Jagielka,2016,eng England,UEFA Euro Qualifying,33,6,462,1,0
Phil Jagielka,https://fbref.com/en/players/3233eefd/Phil-Jagielka,2018,eng England,WCQ,35,0,,,
Phil Jones,https://fbref.com/en/players/def899bd/Phil-Jones,2012,eng England,UEFA Euro,19,0,,,
Phil Jones,https://fbref.com/en/players/def899bd/Phil-Jones,2012,eng England,UEFA Euro Qualifying,19,1,90,0,
Phil Jones,https://fbref.com/en/players/def899bd/Phil-Jones,2014,eng England,1. World Cup,22,1,90,0,0
Phil Jones,https://fbref.com/en/players/def899bd/Phil-Jones,2014,eng England,WCQ,21,0,,,
Phil Jones,https://fbref.com/en/players/def899bd/Phil-Jones,2014,eng England,Friendlies (M),21,2,180,0,0
Phil Jones,https://fbref.com/en/players/def899bd/Phil-Jones,2015,eng England,Friendlies (M),22,4,273,0,0
Phil Jones,https://fbref.com/en/players/def899bd/Phil-Jones,2016,eng England,UEFA Euro Qualifying,23,4,301,0,0
Phil Jones,https://fbref.com/en/players/def899bd/Phil-Jones,2017,eng England,Friendlies (M),24,2,105,0,0
Phil Jones,https://fbref.com/en/players/def899bd/Phil-Jones,2018,eng England,1. World Cup,26,2,180,0,0
Phil Jones,https://fbref.com/en/players/def899bd/Phil-Jones,2018,eng England,WCQ,25,2,180,0,0
Phil Jones,https://fbref.com/en/players/def899bd/Phil-Jones,2018,eng England,Friendlies (M),25,1,90,0,0
Phil Neville,https://fbref.com/en/players/3db5e0ec/Phil-Neville,2000,eng England,UEFA Euro,23,3,270,0,
Phil Neville,https://fbref.com/en/players/3db5e0ec/Phil-Neville,2004,eng England,UEFA Euro,27,2,71,0,
Phil Neville,https://fbref.com/en/players/3db5e0ec/Phil-Neville,2006,eng England,WCQ,29,0,,,
Phil Neville,https://fbref.com/en/players/3db5e0ec/Phil-Neville,2008,eng England,UEFA Euro Qualifying,31,6,294,0,
Philippe Coutinho,https://fbref.com/en/players/0ef89a37/Philippe-Coutinho,2014,br Brazil,Friendlies (M),21,4,106,0,1
Philippe Coutinho,https://fbref.com/en/players/0ef89a37/Philippe-Coutinho,2015,br Brazil,Friendlies (M),22,4,197,1,0
Philippe Coutinho,https://fbref.com/en/players/0ef89a37/Philippe-Coutinho,2016,br Brazil,Friendlies (M),23,1,79,0,1
Philippe Coutinho,https://fbref.com/en/players/0ef89a37/Philippe-Coutinho,2017,br Brazil,Friendlies (M),24,2,137,0,0
Philippe Coutinho,https://fbref.com/en/players/0ef89a37/Philippe-Coutinho,2018,br Brazil,1. World Cup,26,5,434,2,2
Philippe Coutinho,https://fbref.com/en/players/0ef89a37/Philippe-Coutinho,2018,br Brazil,WCQ,25,13,790,4,2
Philippe Coutinho,https://fbref.com/en/players/0ef89a37/Philippe-Coutinho,2018,br Brazil,Friendlies (M),25,7,499,3,1
Philippe Coutinho,https://fbref.com/en/players/0ef89a37/Philippe-Coutinho,2019,br Brazil,Friendlies (M),26,10,740,2,1
Philippe Coutinho,https://fbref.com/en/players/0ef89a37/Philippe-Coutinho,2022,br Brazil,WCQ,29,6,329,3,0
Philippe Coutinho,https://fbref.com/en/players/0ef89a37/Philippe-Coutinho,2022,br Brazil,Friendlies (M),29,1,13,1,0
Philippe Senderos,https://fbref.com/en/players/b1d82fc2/Philippe-Senderos,2006,ch Switzerland,1. World Cup,21,3,232,1,
Philippe Senderos,https://fbref.com/en/players/b1d82fc2/Philippe-Senderos,2006,ch Switzerland,WCQ,20,8,720,2,
Philippe Senderos,https://fbref.com/en/players/b1d82fc2/Philippe-Senderos,2008,ch Switzerland,UEFA Euro,22,3,270,0,
Philippe Senderos,https://fbref.com/en/players/b1d82fc2/Philippe-Senderos,2010,ch Switzerland,1. World Cup,25,1,35,0,
Philippe Senderos,https://fbref.com/en/players/b1d82fc2/Philippe-Senderos,2010,ch Switzerland,WCQ,24,3,270,2,
Philippe Senderos,https://fbref.com/en/players/b1d82fc2/Philippe-Senderos,2012,ch Switzerland,UEFA Euro Qualifying,26,2,180,0,
Philippe Senderos,https://fbref.com/en/players/b1d82fc2/Philippe-Senderos,2014,ch Switzerland,1. World Cup,29,1,82,0,0
Philippe Senderos,https://fbref.com/en/players/b1d82fc2/Philippe-Senderos,2014,ch Switzerland,WCQ,28,3,129,0,0
Philippe Senderos,https://fbref.com/en/players/b1d82fc2/Philippe-Senderos,2014,ch Switzerland,Friendlies (M),28,1,90,0,0
Philippe Senderos,https://fbref.com/en/players/b1d82fc2/Philippe-Senderos,2016,ch Switzerland,Friendlies (M),30,2,153,0,0
Philippe Senderos,https://fbref.com/en/players/b1d82fc2/Philippe-Senderos,2016,ch Switzerland,UEFA Euro Qualifying,30,1,69,0,0
Rémy Cabella,https://fbref.com/en/players/148e136f/Remy-Cabella,2014,fr France,1. World Cup,24,0,,,
Rémy Cabella,https://fbref.com/en/players/148e136f/Remy-Cabella,2014,fr France,Friendlies (M),23,4,117,0,1
Radamel Falcao,https://fbref.com/en/players/66116290/Radamel-Falcao,2014,co Colombia,WCQ,27,6,462,2,0
Radamel Falcao,https://fbref.com/en/players/66116290/Radamel-Falcao,2014,co Colombia,Friendlies (M),27,2,80,0,0
Radamel Falcao,https://fbref.com/en/players/66116290/Radamel-Falcao,2015,co Colombia,Friendlies (M),28,3,222,4,1
Radamel Falcao,https://fbref.com/en/players/66116290/Radamel-Falcao,2017,co Colombia,Friendlies (M),30,2,121,1,0
Radamel Falcao,https://fbref.com/en/players/66116290/Radamel-Falcao,2018,co Colombia,1. World Cup,32,4,375,1,0
Radamel Falcao,https://fbref.com/en/players/66116290/Radamel-Falcao,2018,co Colombia,WCQ,31,8,515,2,0
Radamel Falcao,https://fbref.com/en/players/66116290/Radamel-Falcao,2018,co Colombia,Friendlies (M),31,7,486,3,0
Radamel Falcao,https://fbref.com/en/players/66116290/Radamel-Falcao,2019,co Colombia,Friendlies (M),32,4,204,2,0
Radamel Falcao,https://fbref.com/en/players/66116290/Radamel-Falcao,2022,co Colombia,WCQ,35,10,323,1,0
Radamel Falcao,https://fbref.com/en/players/66116290/Radamel-Falcao,2022,co Colombia,Friendlies (M),35,3,106,1,0
Radamel Falcao,https://fbref.com/en/players/66116290/Radamel-Falcao,2023,co Colombia,Friendlies (M),36,2,26,0,0
Radosav Petrović,https://fbref.com/en/players/7214c684/Radosav-Petrovic,2010,rs Serbia,1. World Cup,21,1,16,0,
Radosav Petrović,https://fbref.com/en/players/7214c684/Radosav-Petrovic,2010,rs Serbia,WCQ,20,1,90,0,
Radosav Petrović,https://fbref.com/en/players/7214c684/Radosav-Petrovic,2012,rs Serbia,UEFA Euro Qualifying,22,7,285,0,
Radosav Petrović,https://fbref.com/en/players/7214c684/Radosav-Petrovic,2014,rs Serbia,WCQ,24,6,73,0,0
Radosav Petrović,https://fbref.com/en/players/7214c684/Radosav-Petrovic,2014,rs Serbia,Friendlies (M),24,3,171,1,0
Radosav Petrović,https://fbref.com/en/players/7214c684/Radosav-Petrovic,2015,rs Serbia,Friendlies (M),25,3,49,0,0
Radosav Petrović,https://fbref.com/en/players/7214c684/Radosav-Petrovic,2016,rs Serbia,UEFA Euro Qualifying,26,1,90,0,1
Radoslav Kováč,https://fbref.com/en/players/cf3f2f6d/Radoslav-Kovac,2006,cz Czechia,1. World Cup,26,1,77,0,
Radoslav Kováč,https://fbref.com/en/players/cf3f2f6d/Radoslav-Kovac,2006,cz Czechia,WCQ,26,4,79,0,
Radoslav Kováč,https://fbref.com/en/players/cf3f2f6d/Radoslav-Kovac,2008,cz Czechia,UEFA Euro,28,1,4,0,
Radoslav Kováč,https://fbref.com/en/players/cf3f2f6d/Radoslav-Kovac,2008,cz Czechia,UEFA Euro Qualifying,28,10,666,1,
Radoslav Kováč,https://fbref.com/en/players/cf3f2f6d/Radoslav-Kovac,2010,cz Czechia,WCQ,30,4,341,1,
Rafael van der Vaart,https://fbref.com/en/players/41473b67/Rafael-van-der-Vaart,2004,nl Netherlands,UEFA Euro,20,3,130,0,
Rafael van der Vaart,https://fbref.com/en/players/41473b67/Rafael-van-der-Vaart,2006,nl Netherlands,1. World Cup,23,3,166,0,
Rafael van der Vaart,https://fbref.com/en/players/41473b67/Rafael-van-der-Vaart,2006,nl Netherlands,WCQ,22,9,575,2,
Rafael van der Vaart,https://fbref.com/en/players/41473b67/Rafael-van-der-Vaart,2008,nl Netherlands,UEFA Euro,24,3,287,0,
Rafael van der Vaart,https://fbref.com/en/players/41473b67/Rafael-van-der-Vaart,2008,nl Netherlands,UEFA Euro Qualifying,24,6,428,1,
Rafael van der Vaart,https://fbref.com/en/players/41473b67/Rafael-van-der-Vaart,2010,nl Netherlands,1. World Cup,27,5,276,0,
Rafael van der Vaart,https://fbref.com/en/players/41473b67/Rafael-van-der-Vaart,2010,nl Netherlands,WCQ,26,7,437,2,
Rafael van der Vaart,https://fbref.com/en/players/41473b67/Rafael-van-der-Vaart,2012,nl Netherlands,UEFA Euro,28,3,155,1,0
Rafael van der Vaart,https://fbref.com/en/players/41473b67/Rafael-van-der-Vaart,2012,nl Netherlands,UEFA Euro Qualifying,28,8,626,2,
Rafael van der Vaart,https://fbref.com/en/players/41473b67/Rafael-van-der-Vaart,2014,nl Netherlands,WCQ,30,5,369,5,1
Rafik Halliche,https://fbref.com/en/players/ecb2f4e3/Rafik-Halliche,2010,dz Algeria,1. World Cup,23,3,270,0,
Rafik Halliche,https://fbref.com/en/players/ecb2f4e3/Rafik-Halliche,2010,dz Algeria,Africa Cup of Nations,23,5,427,1,0
Rafik Halliche,https://fbref.com/en/players/ecb2f4e3/Rafik-Halliche,2013,dz Algeria,Africa Cup of Nations,26,2,180,0,0
Rafik Halliche,https://fbref.com/en/players/ecb2f4e3/Rafik-Halliche,2014,dz Algeria,1. World Cup,27,4,366,1,0
Rafik Halliche,https://fbref.com/en/players/ecb2f4e3/Rafik-Halliche,2014,dz Algeria,WCQ,27,0,,,
Rafik Halliche,https://fbref.com/en/players/ecb2f4e3/Rafik-Halliche,2014,dz Algeria,Friendlies (M),27,1,40,0,0
Rafik Halliche,https://fbref.com/en/players/ecb2f4e3/Rafik-Halliche,2015,dz Algeria,Friendlies (M),28,1,90,0,0
Rafik Halliche,https://fbref.com/en/players/ecb2f4e3/Rafik-Halliche,2015,dz Algeria,Africa Cup of Nations,28,1,90,0,0
Rafik Halliche,https://fbref.com/en/players/ecb2f4e3/Rafik-Halliche,2019,dz Algeria,Friendlies (M),32,1,7,0,0
Rafik Halliche,https://fbref.com/en/players/ecb2f4e3/Rafik-Halliche,2019,dz Algeria,Africa Cup of Nations,32,1,90,0,0
Rafik Halliche,https://fbref.com/en/players/ecb2f4e3/Rafik-Halliche,2019,dz Algeria,Africa Cup of Nations qualification,32,1,90,0,0
Răzvan Raț,https://fbref.com/en/players/0a0ee36e/Razvan-Rat,2006,ro Romania,WCQ,24,9,798,0,
Răzvan Raț,https://fbref.com/en/players/0a0ee36e/Razvan-Rat,2008,ro Romania,UEFA Euro,26,3,270,0,
Răzvan Raț,https://fbref.com/en/players/0a0ee36e/Razvan-Rat,2008,ro Romania,UEFA Euro Qualifying,26,11,977,0,
Răzvan Raț,https://fbref.com/en/players/0a0ee36e/Razvan-Rat,2010,ro Romania,WCQ,28,8,720,0,
Răzvan Raț,https://fbref.com/en/players/0a0ee36e/Razvan-Rat,2012,ro Romania,UEFA Euro Qualifying,30,9,810,0,
Răzvan Raț,https://fbref.com/en/players/0a0ee36e/Razvan-Rat,2014,ro Romania,WCQ,32,10,834,0,1
Răzvan Raț,https://fbref.com/en/players/0a0ee36e/Razvan-Rat,2014,ro Romania,Friendlies (M),32,2,180,0,1
Răzvan Raț,https://fbref.com/en/players/0a0ee36e/Razvan-Rat,2015,ro Romania,Friendlies (M),33,1,82,0,0
Răzvan Raț,https://fbref.com/en/players/0a0ee36e/Razvan-Rat,2016,ro Romania,Friendlies (M),34,3,223,0,0
Răzvan Raț,https://fbref.com/en/players/0a0ee36e/Razvan-Rat,2016,ro Romania,UEFA Euro,34,2,150,0,0
Răzvan Raț,https://fbref.com/en/players/0a0ee36e/Razvan-Rat,2016,ro Romania,UEFA Euro Qualifying,34,9,810,0,3
Răzvan Raț,https://fbref.com/en/players/0a0ee36e/Razvan-Rat,2018,ro Romania,WCQ,36,0,,,
Raheem Sterling,https://fbref.com/en/players/b400bde0/Raheem-Sterling,2014,eng England,WCQ,19,0,,,
Raheem Sterling,https://fbref.com/en/players/b400bde0/Raheem-Sterling,2014,eng England,Friendlies (M),19,5,238,0,0
Raheem Sterling,https://fbref.com/en/players/b400bde0/Raheem-Sterling,2014,eng England,1. World Cup,19,3,182,0,0
Raheem Sterling,https://fbref.com/en/players/b400bde0/Raheem-Sterling,2015,eng England,Friendlies (M),20,3,222,0,1
Raheem Sterling,https://fbref.com/en/players/b400bde0/Raheem-Sterling,2016,eng England,Friendlies (M),21,4,236,0,3
Raheem Sterling,https://fbref.com/en/players/b400bde0/Raheem-Sterling,2016,eng England,UEFA Euro,21,3,190,0,0
Raheem Sterling,https://fbref.com/en/players/b400bde0/Raheem-Sterling,2016,eng England,UEFA Euro Qualifying,21,8,606,2,3
Raheem Sterling,https://fbref.com/en/players/b400bde0/Raheem-Sterling,2017,eng England,Friendlies (M),22,1,90,0,0
Raheem Sterling,https://fbref.com/en/players/b400bde0/Raheem-Sterling,2018,eng England,WCQ,23,7,363,0,2
Raheem Sterling,https://fbref.com/en/players/b400bde0/Raheem-Sterling,2018,eng England,Friendlies (M),23,3,229,0,0
Raheem Sterling,https://fbref.com/en/players/b400bde0/Raheem-Sterling,2018,eng England,1. World Cup,23,6,451,0,1
Raheem Sterling,https://fbref.com/en/players/b400bde0/Raheem-Sterling,2018-2019,eng England,UEFA Nations League,23,5,497,2,0
Raheem Sterling,https://fbref.com/en/players/b400bde0/Raheem-Sterling,2020-2021,eng England,UEFA Nations League,25,2,180,1,0
Raheem Sterling,https://fbref.com/en/players/b400bde0/Raheem-Sterling,2021,eng England,UEFA Euro,26,7,639,3,1
Raheem Sterling,https://fbref.com/en/players/b400bde0/Raheem-Sterling,2021,eng England,UEFA Euro Qualifying,26,7,572,8,7
Raheem Sterling,https://fbref.com/en/players/b400bde0/Raheem-Sterling,2022,eng England,1. World Cup,27,3,149,1,1
Raheem Sterling,https://fbref.com/en/players/b400bde0/Raheem-Sterling,2022,eng England,WCQ,27,7,555,2,2
Raheem Sterling,https://fbref.com/en/players/b400bde0/Raheem-Sterling,2022,eng England,Friendlies (M),27,2,90,1,1
Raheem Sterling,https://fbref.com/en/players/b400bde0/Raheem-Sterling,2022-2023,eng England,UEFA Nations League,27,5,368,0,0
Ramires,https://fbref.com/en/players/4cce2c67/Ramires,2009,br Brazil,FIFA Confederations Cup,21,5,360,0,1
Ramires,https://fbref.com/en/players/4cce2c67/Ramires,2010,br Brazil,1. World Cup,23,4,107,0,
Ramires,https://fbref.com/en/players/4cce2c67/Ramires,2014,br Brazil,1. World Cup,27,7,250,0,1
Ramires,https://fbref.com/en/players/4cce2c67/Ramires,2014,br Brazil,Friendlies (M),26,4,203,0,0
Ramiro Funes Mori,https://fbref.com/en/players/89cbc961/Ramiro-Funes-Mori,2015,ar Argentina,Friendlies (M),23,2,180,0,0
Ramiro Funes Mori,https://fbref.com/en/players/89cbc961/Ramiro-Funes-Mori,2016,ar Argentina,Friendlies (M),24,1,90,0,0
Ramiro Funes Mori,https://fbref.com/en/players/89cbc961/Ramiro-Funes-Mori,2018,ar Argentina,WCQ,26,10,845,1,0
Ramiro Funes Mori,https://fbref.com/en/players/89cbc961/Ramiro-Funes-Mori,2018,ar Argentina,Friendlies (M),26,5,425,1,0
Ramiro Funes Mori,https://fbref.com/en/players/89cbc961/Ramiro-Funes-Mori,2019,ar Argentina,Friendlies (M),27,1,18,0,1
Raul Meireles,https://fbref.com/en/players/e767cd27/Raul-Meireles,2008,pt Portugal,UEFA Euro,24,3,158,1,
Raul Meireles,https://fbref.com/en/players/e767cd27/Raul-Meireles,2008,pt Portugal,UEFA Euro Qualifying,24,5,220,0,
Raul Meireles,https://fbref.com/en/players/e767cd27/Raul-Meireles,2010,pt Portugal,1. World Cup,27,4,326,1,
Raul Meireles,https://fbref.com/en/players/e767cd27/Raul-Meireles,2010,pt Portugal,WCQ,26,12,1040,1,
Raul Meireles,https://fbref.com/en/players/e767cd27/Raul-Meireles,2012,pt Portugal,UEFA Euro,28,5,432,0,0
Raul Meireles,https://fbref.com/en/players/e767cd27/Raul-Meireles,2012,pt Portugal,UEFA Euro Qualifying,28,10,831,2,
Raul Meireles,https://fbref.com/en/players/e767cd27/Raul-Meireles,2014,pt Portugal,1. World Cup,31,2,159,0,0
Raul Meireles,https://fbref.com/en/players/e767cd27/Raul-Meireles,2014,pt Portugal,WCQ,30,8,577,0,0
Raul Meireles,https://fbref.com/en/players/e767cd27/Raul-Meireles,2014,pt Portugal,Friendlies (M),30,2,154,1,0
Raul Meireles,https://fbref.com/en/players/e767cd27/Raul-Meireles,2016,pt Portugal,UEFA Euro Qualifying,32,0,,,
Ravel Morrison,https://fbref.com/en/players/bf59c794/Ravel-Morrison,2020,jm Jamaica,Friendlies (M),26,2,134,0,0
Ravel Morrison,https://fbref.com/en/players/bf59c794/Ravel-Morrison,2021,jm Jamaica,Friendlies (M),27,1,19,0,0
Ravel Morrison,https://fbref.com/en/players/bf59c794/Ravel-Morrison,2022,jm Jamaica,WCQ,28,9,590,1,0
Ravel Morrison,https://fbref.com/en/players/bf59c794/Ravel-Morrison,2022,jm Jamaica,Friendlies (M),28,1,90,0,0
Ravel Morrison,https://fbref.com/en/players/bf59c794/Ravel-Morrison,2026,jm Jamaica,WCQ,32,1,7,0,0
Ricardo Fuller,https://fbref.com/en/players/c764fa54/Ricardo-Fuller,2002,jm Jamaica,WCQ,22,7,200,0,
Ricardo Fuller,https://fbref.com/en/players/c764fa54/Ricardo-Fuller,2006,jm Jamaica,WCQ,26,8,549,0,
Ricardo Fuller,https://fbref.com/en/players/c764fa54/Ricardo-Fuller,2010,jm Jamaica,WCQ,30,5,330,1,
Ricardo Fuller,https://fbref.com/en/players/c764fa54/Ricardo-Fuller,2014,jm Jamaica,WCQ,34,2,26,0,0
Ricardo Gardner,https://fbref.com/en/players/b6a1eaa0/Ricardo-Gardner,1998,jm Jamaica,1. World Cup,19,3,270,0,1
Ricardo Gardner,https://fbref.com/en/players/b6a1eaa0/Ricardo-Gardner,1998,jm Jamaica,WCQ,19,7,531,0,
Ricardo Gardner,https://fbref.com/en/players/b6a1eaa0/Ricardo-Gardner,2002,jm Jamaica,WCQ,23,9,733,1,
Ricardo Gardner,https://fbref.com/en/players/b6a1eaa0/Ricardo-Gardner,2006,jm Jamaica,WCQ,27,8,720,0,
Ricardo Gardner,https://fbref.com/en/players/b6a1eaa0/Ricardo-Gardner,2010,jm Jamaica,WCQ,31,8,675,1,
Richard Dunne,https://fbref.com/en/players/6cbc015d/Richard-Dunne,2002,ie Rep. of Ireland,1. World Cup,22,0,,,
Richard Dunne,https://fbref.com/en/players/6cbc015d/Richard-Dunne,2006,ie Rep. of Ireland,WCQ,26,3,270,0,
Richard Dunne,https://fbref.com/en/players/6cbc015d/Richard-Dunne,2008,ie Rep. of Ireland,UEFA Euro Qualifying,28,9,796,1,
Richard Dunne,https://fbref.com/en/players/6cbc015d/Richard-Dunne,2010,ie Rep. of Ireland,WCQ,30,12,1110,2,
Richard Dunne,https://fbref.com/en/players/6cbc015d/Richard-Dunne,2012,ie Rep. of Ireland,UEFA Euro,32,3,270,0,0
Richard Dunne,https://fbref.com/en/players/6cbc015d/Richard-Dunne,2012,ie Rep. of Ireland,UEFA Euro Qualifying,32,10,900,1,
Richard Dunne,https://fbref.com/en/players/6cbc015d/Richard-Dunne,2014,ie Rep. of Ireland,WCQ,34,3,270,0,0
Richard Kingson,https://fbref.com/en/players/05380aa0/Richard-Kingson,2006,gh Ghana,1. World Cup,28,4,360,0,
Richard Kingson,https://fbref.com/en/players/05380aa0/Richard-Kingson,2010,gh Ghana,1. World Cup,32,5,510,0,
Richard Kingson,https://fbref.com/en/players/05380aa0/Richard-Kingson,2010,gh Ghana,Africa Cup of Nations,31,5,450,0,0
Richard Kingson,https://fbref.com/en/players/05380aa0/Richard-Kingson,2014,gh Ghana,WCQ,35,0,,,
Rickie Lambert,https://fbref.com/en/players/495de82c/Rickie-Lambert,2014,eng England,1. World Cup,32,1,2,0,0
Rickie Lambert,https://fbref.com/en/players/495de82c/Rickie-Lambert,2014,eng England,WCQ,31,2,159,1,2
Rickie Lambert,https://fbref.com/en/players/495de82c/Rickie-Lambert,2014,eng England,Friendlies (M),31,4,108,1,1
Rickie Lambert,https://fbref.com/en/players/495de82c/Rickie-Lambert,2016,eng England,UEFA Euro Qualifying,33,2,12,0,1
Ricky Álvarez,https://fbref.com/en/players/92a5ac34/Ricky-Alvarez,2014,ar Argentina,1. World Cup,26,1,28,0,0
Ricky Álvarez,https://fbref.com/en/players/92a5ac34/Ricky-Alvarez,2014,ar Argentina,WCQ,25,1,58,0,0
Ricky Álvarez,https://fbref.com/en/players/92a5ac34/Ricky-Alvarez,2014,ar Argentina,Friendlies (M),25,2,26,0,0
Rio Ferdinand,https://fbref.com/en/players/52465662/Rio-Ferdinand,1998,eng England,1. World Cup,19,0,,,
Rio Ferdinand,https://fbref.com/en/players/52465662/Rio-Ferdinand,2002,eng England,1. World Cup,23,5,450,1,
Rio Ferdinand,https://fbref.com/en/players/52465662/Rio-Ferdinand,2006,eng England,1. World Cup,27,5,445,0,
Rio Ferdinand,https://fbref.com/en/players/52465662/Rio-Ferdinand,2006,eng England,WCQ,27,8,643,0,
Rio Ferdinand,https://fbref.com/en/players/52465662/Rio-Ferdinand,2008,eng England,UEFA Euro Qualifying,29,8,675,1,
Rio Ferdinand,https://fbref.com/en/players/52465662/Rio-Ferdinand,2010,eng England,WCQ,31,6,458,1,
Rio Ferdinand,https://fbref.com/en/players/52465662/Rio-Ferdinand,2012,eng England,UEFA Euro Qualifying,33,2,180,0,
Riyad Mahrez,https://fbref.com/en/players/892d5bb1/Riyad-Mahrez,2014,dz Algeria,1. World Cup,23,1,70,0,0
Riyad Mahrez,https://fbref.com/en/players/892d5bb1/Riyad-Mahrez,2015,dz Algeria,Friendlies (M),23,4,222,0,1
Riyad Mahrez,https://fbref.com/en/players/892d5bb1/Riyad-Mahrez,2015,dz Algeria,Africa Cup of Nations,23,4,239,1,1
Riyad Mahrez,https://fbref.com/en/players/892d5bb1/Riyad-Mahrez,2017,dz Algeria,Friendlies (M),25,2,161,0,1
Riyad Mahrez,https://fbref.com/en/players/892d5bb1/Riyad-Mahrez,2017,dz Algeria,Africa Cup of Nations,25,3,270,2,1
Riyad Mahrez,https://fbref.com/en/players/892d5bb1/Riyad-Mahrez,2017,dz Algeria,Africa Cup of Nations qualification,25,3,258,0,6
Riyad Mahrez,https://fbref.com/en/players/892d5bb1/Riyad-Mahrez,2018,dz Algeria,WCQ,26,6,510,1,1
Riyad Mahrez,https://fbref.com/en/players/892d5bb1/Riyad-Mahrez,2018,dz Algeria,Friendlies (M),26,4,337,0,3
Riyad Mahrez,https://fbref.com/en/players/892d5bb1/Riyad-Mahrez,2019,dz Algeria,Friendlies (M),27,6,392,2,2
Riyad Mahrez,https://fbref.com/en/players/892d5bb1/Riyad-Mahrez,2019,dz Algeria,Africa Cup of Nations,27,7,552,3,0
Riyad Mahrez,https://fbref.com/en/players/892d5bb1/Riyad-Mahrez,2019,dz Algeria,Africa Cup of Nations qualification,27,5,380,2,0
Riyad Mahrez,https://fbref.com/en/players/892d5bb1/Riyad-Mahrez,2020,dz Algeria,Friendlies (M),28,2,161,1,0
Riyad Mahrez,https://fbref.com/en/players/892d5bb1/Riyad-Mahrez,2021,dz Algeria,Friendlies (M),29,2,172,2,0
Riyad Mahrez,https://fbref.com/en/players/892d5bb1/Riyad-Mahrez,2021,dz Algeria,Africa Cup of Nations,29,3,270,0,0
Riyad Mahrez,https://fbref.com/en/players/892d5bb1/Riyad-Mahrez,2021,dz Algeria,Africa Cup of Nations qualification,29,4,329,3,3
Riyad Mahrez,https://fbref.com/en/players/892d5bb1/Riyad-Mahrez,2022,dz Algeria,WCQ,30,8,677,5,2
Riyad Mahrez,https://fbref.com/en/players/892d5bb1/Riyad-Mahrez,2022,dz Algeria,Friendlies (M),30,4,271,2,1
Riyad Mahrez,https://fbref.com/en/players/892d5bb1/Riyad-Mahrez,2023,dz Algeria,Friendlies (M),31,4,343,1,3
Riyad Mahrez,https://fbref.com/en/players/892d5bb1/Riyad-Mahrez,2023,dz Algeria,Africa Cup of Nations,31,3,208,0,0
Riyad Mahrez,https://fbref.com/en/players/892d5bb1/Riyad-Mahrez,2023,dz Algeria,Africa Cup of Nations qualification,31,4,212,1,2
Riyad Mahrez,https://fbref.com/en/players/892d5bb1/Riyad-Mahrez,2025,dz Algeria,Friendlies (M),33,3,194,1,0
Riyad Mahrez,https://fbref.com/en/players/892d5bb1/Riyad-Mahrez,2025,dz Algeria,Africa Cup of Nations qualification,33,5,317,1,0
Riyad Mahrez,https://fbref.com/en/players/892d5bb1/Riyad-Mahrez,2026,dz Algeria,WCQ,34,8,520,1,4
Rob Edwards,https://fbref.com/en/players/270efb21/Rob-Edwards,2006,wls Wales,WCQ,23,1,45,0,
Rob Edwards,https://fbref.com/en/players/270efb21/Rob-Edwards,2008,wls Wales,UEFA Euro Qualifying,25,2,70,0,
Rob Elliot,https://fbref.com/en/players/b1b25949/Rob-Elliot,2014,ie Rep. of Ireland,WCQ,27,0,,,
Rob Elliot,https://fbref.com/en/players/b1b25949/Rob-Elliot,2014,ie Rep. of Ireland,Friendlies (M),27,3,142,0,0
Rob Elliot,https://fbref.com/en/players/b1b25949/Rob-Elliot,2016,ie Rep. of Ireland,Friendlies (M),29,1,15,0,0
Rob Elliot,https://fbref.com/en/players/b1b25949/Rob-Elliot,2016,ie Rep. of Ireland,UEFA Euro Qualifying,29,0,,,
Rob Elliot,https://fbref.com/en/players/b1b25949/Rob-Elliot,2018,ie Rep. of Ireland,WCQ,31,0,,,
Robbie Brady,https://fbref.com/en/players/96bb8cc2/Robbie-Brady,2014,ie Rep. of Ireland,Friendlies (M),22,2,180,2,1
Robbie Brady,https://fbref.com/en/players/96bb8cc2/Robbie-Brady,2014,ie Rep. of Ireland,WCQ,22,2,53,0,0
Robbie Brady,https://fbref.com/en/players/96bb8cc2/Robbie-Brady,2015,ie Rep. of Ireland,Friendlies (M),23,1,90,0,0
Robbie Brady,https://fbref.com/en/players/96bb8cc2/Robbie-Brady,2016,ie Rep. of Ireland,Friendlies (M),24,4,270,1,1
Robbie Brady,https://fbref.com/en/players/96bb8cc2/Robbie-Brady,2016,ie Rep. of Ireland,UEFA Euro,24,4,360,2,0
Robbie Brady,https://fbref.com/en/players/96bb8cc2/Robbie-Brady,2016,ie Rep. of Ireland,UEFA Euro Qualifying,24,11,774,1,0
Robbie Brady,https://fbref.com/en/players/96bb8cc2/Robbie-Brady,2017,ie Rep. of Ireland,Friendlies (M),25,2,180,0,0
Robbie Brady,https://fbref.com/en/players/96bb8cc2/Robbie-Brady,2018,ie Rep. of Ireland,WCQ,26,9,798,0,2
Robbie Brady,https://fbref.com/en/players/96bb8cc2/Robbie-Brady,2018,ie Rep. of Ireland,Friendlies (M),26,1,90,0,0
Robbie Brady,https://fbref.com/en/players/96bb8cc2/Robbie-Brady,2018-2019,ie Rep. of Ireland,UEFA Nations League,26,1,64,0,0
Robbie Brady,https://fbref.com/en/players/96bb8cc2/Robbie-Brady,2019,ie Rep. of Ireland,Friendlies (M),27,1,90,0,1
Robbie Brady,https://fbref.com/en/players/96bb8cc2/Robbie-Brady,2020,ie Rep. of Ireland,Friendlies (M),28,1,30,0,0
Robbie Brady,https://fbref.com/en/players/96bb8cc2/Robbie-Brady,2020-2021,ie Rep. of Ireland,UEFA Nations League,28,6,381,0,1
Robbie Brady,https://fbref.com/en/players/96bb8cc2/Robbie-Brady,2021,ie Rep. of Ireland,Friendlies (M),29,1,21,0,0
Robbie Brady,https://fbref.com/en/players/96bb8cc2/Robbie-Brady,2021,ie Rep. of Ireland,UEFA Euro Qualifying,29,5,253,1,0
Robbie Brady,https://fbref.com/en/players/96bb8cc2/Robbie-Brady,2022,ie Rep. of Ireland,WCQ,30,2,57,0,0
Robbie Brady,https://fbref.com/en/players/96bb8cc2/Robbie-Brady,2022,ie Rep. of Ireland,Friendlies (M),30,1,16,0,0
Robbie Brady,https://fbref.com/en/players/96bb8cc2/Robbie-Brady,2022-2023,ie Rep. of Ireland,UEFA Nations League,30,2,98,1,1
Robbie Brady,https://fbref.com/en/players/96bb8cc2/Robbie-Brady,2024,ie Rep. of Ireland,Friendlies (M),32,4,271,0,0
Robbie Brady,https://fbref.com/en/players/96bb8cc2/Robbie-Brady,2024-2025,ie Rep. of Ireland,UEFA Nations League,32,4,351,1,1
Robbie Brady,https://fbref.com/en/players/96bb8cc2/Robbie-Brady,2025,ie Rep. of Ireland,Friendlies (M),33,2,104,0,0
Robbie Keane,https://fbref.com/en/players/f45e1bb2/Robbie-Keane,2002,ie Rep. of Ireland,1. World Cup,21,4,390,3,
Robbie Keane,https://fbref.com/en/players/f45e1bb2/Robbie-Keane,2006,ie Rep. of Ireland,WCQ,25,9,713,4,
Robbie Keane,https://fbref.com/en/players/f45e1bb2/Robbie-Keane,2008,ie Rep. of Ireland,UEFA Euro Qualifying,27,11,988,4,
Robbie Keane,https://fbref.com/en/players/f45e1bb2/Robbie-Keane,2010,ie Rep. of Ireland,WCQ,29,12,1093,6,
Robbie Keane,https://fbref.com/en/players/f45e1bb2/Robbie-Keane,2012,ie Rep. of Ireland,UEFA Euro,31,3,249,0,0
Robbie Keane,https://fbref.com/en/players/f45e1bb2/Robbie-Keane,2012,ie Rep. of Ireland,UEFA Euro Qualifying,31,11,956,7,
Robbie Keane,https://fbref.com/en/players/f45e1bb2/Robbie-Keane,2014,ie Rep. of Ireland,WCQ,33,7,605,6,0
Robbie Keane,https://fbref.com/en/players/f45e1bb2/Robbie-Keane,2014,ie Rep. of Ireland,Friendlies (M),33,3,142,0,0
Robbie Keane,https://fbref.com/en/players/f45e1bb2/Robbie-Keane,2016,ie Rep. of Ireland,Friendlies (M),35,1,56,1,0
Robbie Keane,https://fbref.com/en/players/f45e1bb2/Robbie-Keane,2016,ie Rep. of Ireland,UEFA Euro,35,2,25,0,0
Robbie Keane,https://fbref.com/en/players/f45e1bb2/Robbie-Keane,2016,ie Rep. of Ireland,UEFA Euro Qualifying,35,9,471,5,2
Robert Green,https://fbref.com/en/players/a350680b/Robert-Green,2010,eng England,1. World Cup,30,1,90,0,
Robert Green,https://fbref.com/en/players/a350680b/Robert-Green,2010,eng England,WCQ,30,4,281,0,
Robert Green,https://fbref.com/en/players/a350680b/Robert-Green,2012,eng England,UEFA Euro,32,0,,,
Robert Green,https://fbref.com/en/players/a350680b/Robert-Green,2012,eng England,UEFA Euro Qualifying,32,0,,,
Robert Green,https://fbref.com/en/players/a350680b/Robert-Green,2015,eng England,Friendlies (M),35,0,,,
Robert Green,https://fbref.com/en/players/a350680b/Robert-Green,2016,eng England,UEFA Euro Qualifying,36,0,,,
Robert Huth,https://fbref.com/en/players/0bd1ea64/Robert-Huth,2005,de Germany,FIFA Confederations Cup,20,5,480,1,
Robert Huth,https://fbref.com/en/players/0bd1ea64/Robert-Huth,2006,de Germany,1. World Cup,21,1,90,0,
Robert Koren,https://fbref.com/en/players/f68eaab2/Robert-Koren,2006,si Slovenia,WCQ,25,5,303,0,
Robert Koren,https://fbref.com/en/players/f68eaab2/Robert-Koren,2008,si Slovenia,UEFA Euro Qualifying,27,11,936,1,
Robert Koren,https://fbref.com/en/players/f68eaab2/Robert-Koren,2010,si Slovenia,1. World Cup,29,3,270,1,
Robert Koren,https://fbref.com/en/players/f68eaab2/Robert-Koren,2010,si Slovenia,WCQ,29,11,990,2,
Robert Koren,https://fbref.com/en/players/f68eaab2/Robert-Koren,2012,si Slovenia,UEFA Euro Qualifying,31,9,810,0,
Robert Pirès,https://fbref.com/en/players/59bfafcf/Robert-Pires,1998,fr France,1. World Cup,24,3,138,0,0
Robert Pirès,https://fbref.com/en/players/59bfafcf/Robert-Pires,2000,fr France,UEFA Euro,26,3,159,0,
Robert Pirès,https://fbref.com/en/players/59bfafcf/Robert-Pires,2001,fr France,FIFA Confederations Cup,27,5,363,2,
Robert Pirès,https://fbref.com/en/players/59bfafcf/Robert-Pires,2003,fr France,FIFA Confederations Cup,29,5,260,3,
Robert Pirès,https://fbref.com/en/players/59bfafcf/Robert-Pires,2004,fr France,UEFA Euro,30,4,263,0,
Robert Pirès,https://fbref.com/en/players/59bfafcf/Robert-Pires,2006,fr France,WCQ,32,4,250,0,
Robert Snodgrass,https://fbref.com/en/players/9f4647e9/Robert-Snodgrass,2012,sct Scotland,UEFA Euro Qualifying,24,1,7,0,
Robert Snodgrass,https://fbref.com/en/players/9f4647e9/Robert-Snodgrass,2014,sct Scotland,WCQ,26,5,385,2,0
Robert Snodgrass,https://fbref.com/en/players/9f4647e9/Robert-Snodgrass,2016,sct Scotland,Friendlies (M),28,2,155,0,0
Robert Snodgrass,https://fbref.com/en/players/9f4647e9/Robert-Snodgrass,2017,sct Scotland,Friendlies (M),29,1,61,0,0
Robert Snodgrass,https://fbref.com/en/players/9f4647e9/Robert-Snodgrass,2018,sct Scotland,WCQ,30,7,503,4,0
Robert Snodgrass,https://fbref.com/en/players/9f4647e9/Robert-Snodgrass,2018,sct Scotland,Friendlies (M),30,1,38,0,0
Robert Snodgrass,https://fbref.com/en/players/9f4647e9/Robert-Snodgrass,2018-2019,sct Scotland,UEFA Nations League,30,0,,,
Robert Snodgrass,https://fbref.com/en/players/9f4647e9/Robert-Snodgrass,2021,sct Scotland,UEFA Euro Qualifying,33,2,180,0,0
Roberto Firmino,https://fbref.com/en/players/4c370d81/Roberto-Firmino,2014,br Brazil,Friendlies (M),22,2,47,1,0
Roberto Firmino,https://fbref.com/en/players/4c370d81/Roberto-Firmino,2015,br Brazil,Friendlies (M),23,5,265,1,1
Roberto Firmino,https://fbref.com/en/players/4c370d81/Roberto-Firmino,2017,br Brazil,Friendlies (M),25,1,15,0,0
Roberto Firmino,https://fbref.com/en/players/4c370d81/Roberto-Firmino,2018,br Brazil,1. World Cup,26,4,85,1,0
Roberto Firmino,https://fbref.com/en/players/4c370d81/Roberto-Firmino,2018,br Brazil,WCQ,26,6,275,1,0
Roberto Firmino,https://fbref.com/en/players/4c370d81/Roberto-Firmino,2018,br Brazil,Friendlies (M),26,6,290,2,1
Roberto Firmino,https://fbref.com/en/players/4c370d81/Roberto-Firmino,2019,br Brazil,Friendlies (M),27,9,542,3,0
Roberto Firmino,https://fbref.com/en/players/4c370d81/Roberto-Firmino,2022,br Brazil,WCQ,30,6,405,3,1
Roberto Firmino,https://fbref.com/en/players/4c370d81/Roberto-Firmino,2022,br Brazil,Friendlies (M),30,0,,,
Roberto Soldado,https://fbref.com/en/players/9d66fbe3/Roberto-Soldado,2008,es Spain,UEFA Euro Qualifying,22,2,49,0,
Roberto Soldado,https://fbref.com/en/players/9d66fbe3/Roberto-Soldado,2013,es Spain,FIFA Confederations Cup,27,2,149,1,0
Roberto Soldado,https://fbref.com/en/players/9d66fbe3/Roberto-Soldado,2014,es Spain,WCQ,28,1,90,1,0
Robin van Persie,https://fbref.com/en/players/3fcab3a8/Robin-van-Persie,2006,nl Netherlands,1. World Cup,22,4,336,1,
Robin van Persie,https://fbref.com/en/players/3fcab3a8/Robin-van-Persie,2006,nl Netherlands,WCQ,22,6,295,1,
Robin van Persie,https://fbref.com/en/players/3fcab3a8/Robin-van-Persie,2008,nl Netherlands,UEFA Euro,24,4,221,2,
Robin van Persie,https://fbref.com/en/players/3fcab3a8/Robin-van-Persie,2008,nl Netherlands,UEFA Euro Qualifying,24,7,536,4,
Robin van Persie,https://fbref.com/en/players/3fcab3a8/Robin-van-Persie,2010,nl Netherlands,1. World Cup,26,7,594,1,
Robin van Persie,https://fbref.com/en/players/3fcab3a8/Robin-van-Persie,2010,nl Netherlands,WCQ,26,6,422,1,
Robin van Persie,https://fbref.com/en/players/3fcab3a8/Robin-van-Persie,2012,nl Netherlands,UEFA Euro,28,3,270,1,0
Robin van Persie,https://fbref.com/en/players/3fcab3a8/Robin-van-Persie,2012,nl Netherlands,UEFA Euro Qualifying,28,6,472,6,
Robin van Persie,https://fbref.com/en/players/3fcab3a8/Robin-van-Persie,2014,nl Netherlands,1. World Cup,30,6,544,4,0
Robin van Persie,https://fbref.com/en/players/3fcab3a8/Robin-van-Persie,2014,nl Netherlands,WCQ,30,9,686,11,2
Robin van Persie,https://fbref.com/en/players/3fcab3a8/Robin-van-Persie,2014,nl Netherlands,Friendlies (M),30,3,248,1,0
Robin van Persie,https://fbref.com/en/players/3fcab3a8/Robin-van-Persie,2015,nl Netherlands,Friendlies (M),31,1,56,0,0
Robin van Persie,https://fbref.com/en/players/3fcab3a8/Robin-van-Persie,2016,nl Netherlands,UEFA Euro Qualifying,32,8,556,3,2
Robin van Persie,https://fbref.com/en/players/3fcab3a8/Robin-van-Persie,2018,nl Netherlands,WCQ,34,1,27,0,0
Roger Espinoza,https://fbref.com/en/players/60b7c195/Roger-Espinoza,2010,hn Honduras,1. World Cup,23,2,135,0,
Roger Espinoza,https://fbref.com/en/players/60b7c195/Roger-Espinoza,2010,hn Honduras,WCQ,23,0,,,
Roger Espinoza,https://fbref.com/en/players/60b7c195/Roger-Espinoza,2014,hn Honduras,1. World Cup,27,3,225,0,0
Roger Espinoza,https://fbref.com/en/players/60b7c195/Roger-Espinoza,2014,hn Honduras,WCQ,27,12,1078,0,3
Roger Espinoza,https://fbref.com/en/players/60b7c195/Roger-Espinoza,2014,hn Honduras,Friendlies (M),27,2,131,0,0
Roger Espinoza,https://fbref.com/en/players/60b7c195/Roger-Espinoza,2016,hn Honduras,Friendlies (M),29,1,90,0,0
Roger Espinoza,https://fbref.com/en/players/60b7c195/Roger-Espinoza,2018,hn Honduras,WCQ,31,5,450,0,0
Roland Lamah,https://fbref.com/en/players/336a36fb/Roland-Lamah,2010,be Belgium,WCQ,22,3,178,0,
Roman Bednář,https://fbref.com/en/players/a6979454/Roman-Bednar,2010,cz Czechia,WCQ,26,1,10,0,
Roman Bednář,https://fbref.com/en/players/a6979454/Roman-Bednar,2012,cz Czechia,UEFA Euro Qualifying,28,3,66,0,
Roman Pavlyuchenko,https://fbref.com/en/players/fd7afe52/Roman-Pavlyuchenko,2006,ru Russia,WCQ,24,3,105,1,
Roman Pavlyuchenko,https://fbref.com/en/players/fd7afe52/Roman-Pavlyuchenko,2008,ru Russia,UEFA Euro,26,5,473,3,
Roman Pavlyuchenko,https://fbref.com/en/players/fd7afe52/Roman-Pavlyuchenko,2008,ru Russia,UEFA Euro Qualifying,26,6,230,2,
Roman Pavlyuchenko,https://fbref.com/en/players/fd7afe52/Roman-Pavlyuchenko,2010,ru Russia,WCQ,28,9,538,5,
Roman Pavlyuchenko,https://fbref.com/en/players/fd7afe52/Roman-Pavlyuchenko,2012,ru Russia,UEFA Euro,30,3,84,1,0
Roman Pavlyuchenko,https://fbref.com/en/players/fd7afe52/Roman-Pavlyuchenko,2012,ru Russia,UEFA Euro Qualifying,30,7,356,4,
Romelu Lukaku,https://fbref.com/en/players/5eae500a/Romelu-Lukaku,2012,be Belgium,UEFA Euro Qualifying,18,6,315,0,
Romelu Lukaku,https://fbref.com/en/players/5eae500a/Romelu-Lukaku,2014,be Belgium,1. World Cup,21,4,175,1,0
Romelu Lukaku,https://fbref.com/en/players/5eae500a/Romelu-Lukaku,2014,be Belgium,WCQ,20,4,210,2,0
Romelu Lukaku,https://fbref.com/en/players/5eae500a/Romelu-Lukaku,2014,be Belgium,Friendlies (M),20,5,224,5,0
Romelu Lukaku,https://fbref.com/en/players/5eae500a/Romelu-Lukaku,2015,be Belgium,Friendlies (M),21,2,94,0,0
Romelu Lukaku,https://fbref.com/en/players/5eae500a/Romelu-Lukaku,2016,be Belgium,Friendlies (M),22,6,300,4,0
Romelu Lukaku,https://fbref.com/en/players/5eae500a/Romelu-Lukaku,2016,be Belgium,UEFA Euro,22,5,397,2,0
Romelu Lukaku,https://fbref.com/en/players/5eae500a/Romelu-Lukaku,2016,be Belgium,UEFA Euro Qualifying,22,5,271,0,0
Romelu Lukaku,https://fbref.com/en/players/5eae500a/Romelu-Lukaku,2017,be Belgium,Friendlies (M),23,4,236,3,1
Romelu Lukaku,https://fbref.com/en/players/5eae500a/Romelu-Lukaku,2018,be Belgium,1. World Cup,25,6,473,4,1
Romelu Lukaku,https://fbref.com/en/players/5eae500a/Romelu-Lukaku,2018,be Belgium,WCQ,24,8,628,11,1
Romelu Lukaku,https://fbref.com/en/players/5eae500a/Romelu-Lukaku,2018,be Belgium,Friendlies (M),24,6,322,6,2
Romelu Lukaku,https://fbref.com/en/players/5eae500a/Romelu-Lukaku,2018-2019,be Belgium,UEFA Nations League,25,2,180,4,0
Romelu Lukaku,https://fbref.com/en/players/5eae500a/Romelu-Lukaku,2020-2021,be Belgium,UEFA Nations League,27,6,540,6,1
Romelu Lukaku,https://fbref.com/en/players/5eae500a/Romelu-Lukaku,2021,be Belgium,Friendlies (M),27,2,135,1,0
Romelu Lukaku,https://fbref.com/en/players/5eae500a/Romelu-Lukaku,2021,be Belgium,UEFA Euro,27,5,443,4,0
Romelu Lukaku,https://fbref.com/en/players/5eae500a/Romelu-Lukaku,2021,be Belgium,UEFA Euro Qualifying,27,5,402,7,3
Romelu Lukaku,https://fbref.com/en/players/5eae500a/Romelu-Lukaku,2022,be Belgium,1. World Cup,29,2,55,0,0
Romelu Lukaku,https://fbref.com/en/players/5eae500a/Romelu-Lukaku,2022,be Belgium,WCQ,28,4,333,5,1
Romelu Lukaku,https://fbref.com/en/players/5eae500a/Romelu-Lukaku,2022-2023,be Belgium,UEFA Nations League,29,1,25,0,0
Romelu Lukaku,https://fbref.com/en/players/5eae500a/Romelu-Lukaku,2023,be Belgium,Friendlies (M),29,1,67,1,0
Romelu Lukaku,https://fbref.com/en/players/5eae500a/Romelu-Lukaku,2024,be Belgium,Friendlies (M),30,2,172,2,1
Romelu Lukaku,https://fbref.com/en/players/5eae500a/Romelu-Lukaku,2024,be Belgium,UEFA Euro,30,4,359,0,1
Romelu Lukaku,https://fbref.com/en/players/5eae500a/Romelu-Lukaku,2024,be Belgium,UEFA Euro Qualifying,30,8,592,14,1
Romelu Lukaku,https://fbref.com/en/players/5eae500a/Romelu-Lukaku,2024-2025,be Belgium,UEFA Nations League,31,1,90,0,0
Romelu Lukaku,https://fbref.com/en/players/5eae500a/Romelu-Lukaku,2026,be Belgium,WCQ,32,2,171,1,0
Ron Vlaar,https://fbref.com/en/players/366f6f12/Ron-Vlaar,2006,nl Netherlands,WCQ,20,1,34,0,
Ron Vlaar,https://fbref.com/en/players/366f6f12/Ron-Vlaar,2012,nl Netherlands,UEFA Euro,26,2,180,0,0
Ron Vlaar,https://fbref.com/en/players/366f6f12/Ron-Vlaar,2012,nl Netherlands,UEFA Euro Qualifying,26,0,,,
Ron Vlaar,https://fbref.com/en/players/366f6f12/Ron-Vlaar,2014,nl Netherlands,1. World Cup,29,7,690,0,0
Ron Vlaar,https://fbref.com/en/players/366f6f12/Ron-Vlaar,2014,nl Netherlands,WCQ,28,7,545,0,0
Ron Vlaar,https://fbref.com/en/players/366f6f12/Ron-Vlaar,2014,nl Netherlands,Friendlies (M),28,2,113,0,0
Ron Vlaar,https://fbref.com/en/players/366f6f12/Ron-Vlaar,2016,nl Netherlands,Friendlies (M),30,0,,,
Roque Santa Cruz,https://fbref.com/en/players/7f2107eb/Roque-Santa-Cruz,2002,py Paraguay,1. World Cup,20,4,298,1,
Roque Santa Cruz,https://fbref.com/en/players/7f2107eb/Roque-Santa-Cruz,2006,py Paraguay,1. World Cup,24,3,242,0,
Roque Santa Cruz,https://fbref.com/en/players/7f2107eb/Roque-Santa-Cruz,2010,py Paraguay,1. World Cup,28,5,315,0,
Roque Santa Cruz,https://fbref.com/en/players/7f2107eb/Roque-Santa-Cruz,2014,py Paraguay,WCQ,32,5,341,1,0
Roque Santa Cruz,https://fbref.com/en/players/7f2107eb/Roque-Santa-Cruz,2014,py Paraguay,Friendlies (M),32,5,414,1,1
Roque Santa Cruz,https://fbref.com/en/players/7f2107eb/Roque-Santa-Cruz,2015,py Paraguay,Friendlies (M),33,1,90,2,0
Roque Santa Cruz,https://fbref.com/en/players/7f2107eb/Roque-Santa-Cruz,2018,py Paraguay,WCQ,36,2,97,0,0
Ross Barkley,https://fbref.com/en/players/3a24769f/Ross-Barkley,2014,eng England,1. World Cup,20,3,147,0,0
Ross Barkley,https://fbref.com/en/players/3a24769f/Ross-Barkley,2014,eng England,WCQ,20,1,31,0,0
Ross Barkley,https://fbref.com/en/players/3a24769f/Ross-Barkley,2014,eng England,Friendlies (M),20,4,141,0,1
Ross Barkley,https://fbref.com/en/players/3a24769f/Ross-Barkley,2015,eng England,Friendlies (M),21,4,211,0,0
Ross Barkley,https://fbref.com/en/players/3a24769f/Ross-Barkley,2016,eng England,Friendlies (M),22,3,138,0,0
Ross Barkley,https://fbref.com/en/players/3a24769f/Ross-Barkley,2016,eng England,UEFA Euro,22,0,,,
Ross Barkley,https://fbref.com/en/players/3a24769f/Ross-Barkley,2016,eng England,UEFA Euro Qualifying,22,5,357,2,2
Ross Barkley,https://fbref.com/en/players/3a24769f/Ross-Barkley,2017,eng England,Friendlies (M),23,0,,,
Ross Barkley,https://fbref.com/en/players/3a24769f/Ross-Barkley,2018,eng England,WCQ,24,0,,,
Ross Barkley,https://fbref.com/en/players/3a24769f/Ross-Barkley,2018,eng England,Friendlies (M),24,0,,,
Ross Barkley,https://fbref.com/en/players/3a24769f/Ross-Barkley,2018-2019,eng England,UEFA Nations League,24,5,362,0,0
Ross Barkley,https://fbref.com/en/players/3a24769f/Ross-Barkley,2021,eng England,UEFA Euro Qualifying,27,6,418,4,3
Ruben Loftus-Cheek,https://fbref.com/en/players/e97fd090/Ruben-Loftus-Cheek,2017,eng England,Friendlies (M),21,2,124,0,0
Ruben Loftus-Cheek,https://fbref.com/en/players/e97fd090/Ruben-Loftus-Cheek,2018,eng England,1. World Cup,22,4,274,0,1
Ruben Loftus-Cheek,https://fbref.com/en/players/e97fd090/Ruben-Loftus-Cheek,2018,eng England,Friendlies (M),22,4,183,0,1
Ruben Loftus-Cheek,https://fbref.com/en/players/e97fd090/Ruben-Loftus-Cheek,2018-2019,eng England,UEFA Nations League,22,0,,,
Ruben Loftus-Cheek,https://fbref.com/en/players/e97fd090/Ruben-Loftus-Cheek,2025,eng England,Friendlies (M),29,1,22,0,0
Ruben Loftus-Cheek,https://fbref.com/en/players/e97fd090/Ruben-Loftus-Cheek,2026,eng England,WCQ,30,0,,,
Rudy Gestede,https://fbref.com/en/players/822b3ef9/Rudy-Gestede,2014,bj Benin,WCQ,25,4,348,2,
Rudy Gestede,https://fbref.com/en/players/822b3ef9/Rudy-Gestede,2014,bj Benin,Friendlies (M),25,1,90,1,0
Rudy Gestede,https://fbref.com/en/players/822b3ef9/Rudy-Gestede,2015,bj Benin,Africa Cup of Nations qualification,26,1,75,0,
Rudy Gestede,https://fbref.com/en/players/822b3ef9/Rudy-Gestede,2017,bj Benin,Africa Cup of Nations qualification,28,4,234,0,0
Rudy Gestede,https://fbref.com/en/players/822b3ef9/Rudy-Gestede,2018,bj Benin,WCQ,29,1,44,0,0
Russell Martin,https://fbref.com/en/players/24952f1e/Russell-Martin,2014,sct Scotland,WCQ,28,4,360,0,0
Russell Martin,https://fbref.com/en/players/24952f1e/Russell-Martin,2014,sct Scotland,Friendlies (M),28,2,180,0,0
Russell Martin,https://fbref.com/en/players/24952f1e/Russell-Martin,2015,sct Scotland,Friendlies (M),29,1,45,0,0
Russell Martin,https://fbref.com/en/players/24952f1e/Russell-Martin,2016,sct Scotland,Friendlies (M),30,2,180,0,0
Russell Martin,https://fbref.com/en/players/24952f1e/Russell-Martin,2016,sct Scotland,UEFA Euro Qualifying,30,9,810,0,0
Russell Martin,https://fbref.com/en/players/24952f1e/Russell-Martin,2017,sct Scotland,Friendlies (M),31,0,,,
Russell Martin,https://fbref.com/en/players/24952f1e/Russell-Martin,2018,sct Scotland,WCQ,32,4,360,0,0
Ryan Babel,https://fbref.com/en/players/6438d426/Ryan-Babel,2006,nl Netherlands,1. World Cup,19,1,35,0,
Ryan Babel,https://fbref.com/en/players/6438d426/Ryan-Babel,2006,nl Netherlands,WCQ,19,3,115,1,
Ryan Babel,https://fbref.com/en/players/6438d426/Ryan-Babel,2008,nl Netherlands,UEFA Euro Qualifying,21,12,664,0,
Ryan Babel,https://fbref.com/en/players/6438d426/Ryan-Babel,2010,nl Netherlands,1. World Cup,23,0,,,
Ryan Babel,https://fbref.com/en/players/6438d426/Ryan-Babel,2010,nl Netherlands,WCQ,23,5,166,0,
Ryan Babel,https://fbref.com/en/players/6438d426/Ryan-Babel,2017,nl Netherlands,Friendlies (M),30,2,151,1,1
Ryan Babel,https://fbref.com/en/players/6438d426/Ryan-Babel,2018,nl Netherlands,WCQ,31,2,180,0,1
Ryan Babel,https://fbref.com/en/players/6438d426/Ryan-Babel,2018,nl Netherlands,Friendlies (M),31,4,274,1,0
Ryan Babel,https://fbref.com/en/players/6438d426/Ryan-Babel,2018-2019,nl Netherlands,UEFA Nations League,31,6,399,1,1
Ryan Babel,https://fbref.com/en/players/6438d426/Ryan-Babel,2020,nl Netherlands,Friendlies (M),33,2,74,0,0
Ryan Babel,https://fbref.com/en/players/6438d426/Ryan-Babel,2020-2021,nl Netherlands,UEFA Nations League,33,2,6,0,0
Ryan Babel,https://fbref.com/en/players/6438d426/Ryan-Babel,2021,nl Netherlands,UEFA Euro Qualifying,34,7,423,2,1
Ryan Babel,https://fbref.com/en/players/6438d426/Ryan-Babel,2022,nl Netherlands,WCQ,35,2,22,0,0
Ryan Bertrand,https://fbref.com/en/players/01226327/Ryan-Bertrand,2014,eng England,WCQ,24,1,18,0,0
Ryan Bertrand,https://fbref.com/en/players/01226327/Ryan-Bertrand,2015,eng England,Friendlies (M),25,4,194,0,0
Ryan Bertrand,https://fbref.com/en/players/01226327/Ryan-Bertrand,2016,eng England,Friendlies (M),26,1,90,0,0
Ryan Bertrand,https://fbref.com/en/players/01226327/Ryan-Bertrand,2016,eng England,UEFA Euro,26,1,90,0,0
Ryan Bertrand,https://fbref.com/en/players/01226327/Ryan-Bertrand,2016,eng England,UEFA Euro Qualifying,26,1,90,0,0
Ryan Bertrand,https://fbref.com/en/players/01226327/Ryan-Bertrand,2017,eng England,Friendlies (M),27,4,225,0,1
Ryan Bertrand,https://fbref.com/en/players/01226327/Ryan-Bertrand,2018,eng England,WCQ,28,6,468,1,0
Ryan Giggs,https://fbref.com/en/players/561de8d0/Ryan-Giggs,2006,wls Wales,WCQ,32,7,612,3,
Ryan Giggs,https://fbref.com/en/players/561de8d0/Ryan-Giggs,2008,wls Wales,UEFA Euro Qualifying,34,4,340,1,
Ryan Mason,https://fbref.com/en/players/c8fac933/Ryan-Mason,2015,eng England,Friendlies (M),23,1,17,0,1
Ryan Mason,https://fbref.com/en/players/c8fac933/Ryan-Mason,2016,eng England,UEFA Euro Qualifying,24,0,,,
Ryan McGivern,https://fbref.com/en/players/4c2e7e85/Ryan-McGivern,2010,nir Northern Ireland,WCQ,20,4,184,0,
Ryan McGivern,https://fbref.com/en/players/4c2e7e85/Ryan-McGivern,2012,nir Northern Ireland,UEFA Euro Qualifying,22,1,90,0,
Ryan McGivern,https://fbref.com/en/players/4c2e7e85/Ryan-McGivern,2014,nir Northern Ireland,WCQ,24,2,180,0,0
Ryan McGivern,https://fbref.com/en/players/4c2e7e85/Ryan-McGivern,2014,nir Northern Ireland,Friendlies (M),24,1,90,0,0
Ryan McGivern,https://fbref.com/en/players/4c2e7e85/Ryan-McGivern,2016,nir Northern Ireland,Friendlies (M),26,1,45,0,0
Ryan McGivern,https://fbref.com/en/players/4c2e7e85/Ryan-McGivern,2016,nir Northern Ireland,UEFA Euro Qualifying,26,2,122,0,0
Ryan McGivern,https://fbref.com/en/players/4c2e7e85/Ryan-McGivern,2018,nir Northern Ireland,WCQ,28,0,,,
Ryan Nelsen,https://fbref.com/en/players/510f2c7c/Ryan-Nelsen,2003,nz New Zealand,FIFA Confederations Cup,25,3,270,0,
Ryan Nelsen,https://fbref.com/en/players/510f2c7c/Ryan-Nelsen,2010,nz New Zealand,1. World Cup,32,3,270,0,
Séamus Coleman,https://fbref.com/en/players/0420d84f/Seamus-Coleman,2012,ie Rep. of Ireland,UEFA Euro Qualifying,23,0,,,
Séamus Coleman,https://fbref.com/en/players/0420d84f/Seamus-Coleman,2014,ie Rep. of Ireland,WCQ,25,9,810,0,1
Séamus Coleman,https://fbref.com/en/players/0420d84f/Seamus-Coleman,2014,ie Rep. of Ireland,Friendlies (M),25,3,270,0,0
Séamus Coleman,https://fbref.com/en/players/0420d84f/Seamus-Coleman,2015,ie Rep. of Ireland,Friendlies (M),26,1,90,0,0
Séamus Coleman,https://fbref.com/en/players/0420d84f/Seamus-Coleman,2016,ie Rep. of Ireland,Friendlies (M),27,2,180,0,0
Séamus Coleman,https://fbref.com/en/players/0420d84f/Seamus-Coleman,2016,ie Rep. of Ireland,UEFA Euro,27,4,360,0,1
Séamus Coleman,https://fbref.com/en/players/0420d84f/Seamus-Coleman,2016,ie Rep. of Ireland,UEFA Euro Qualifying,27,8,720,0,1
Séamus Coleman,https://fbref.com/en/players/0420d84f/Seamus-Coleman,2018,ie Rep. of Ireland,WCQ,29,5,431,1,1
Séamus Coleman,https://fbref.com/en/players/0420d84f/Seamus-Coleman,2018,ie Rep. of Ireland,Friendlies (M),29,4,332,0,0
Séamus Coleman,https://fbref.com/en/players/0420d84f/Seamus-Coleman,2018-2019,ie Rep. of Ireland,UEFA Nations League,29,2,180,0,0
Séamus Coleman,https://fbref.com/en/players/0420d84f/Seamus-Coleman,2019,ie Rep. of Ireland,Friendlies (M),30,0,,,
Séamus Coleman,https://fbref.com/en/players/0420d84f/Seamus-Coleman,2020-2021,ie Rep. of Ireland,UEFA Nations League,31,0,,,
Séamus Coleman,https://fbref.com/en/players/0420d84f/Seamus-Coleman,2021,ie Rep. of Ireland,Friendlies (M),32,1,90,0,0
Séamus Coleman,https://fbref.com/en/players/0420d84f/Seamus-Coleman,2021,ie Rep. of Ireland,UEFA Euro Qualifying,32,7,615,0,0
Séamus Coleman,https://fbref.com/en/players/0420d84f/Seamus-Coleman,2022,ie Rep. of Ireland,WCQ,33,6,540,0,0
Séamus Coleman,https://fbref.com/en/players/0420d84f/Seamus-Coleman,2022,ie Rep. of Ireland,Friendlies (M),33,2,180,0,0
Séamus Coleman,https://fbref.com/en/players/0420d84f/Seamus-Coleman,2022-2023,ie Rep. of Ireland,UEFA Nations League,33,2,95,0,0
Séamus Coleman,https://fbref.com/en/players/0420d84f/Seamus-Coleman,2024,ie Rep. of Ireland,Friendlies (M),35,4,339,0,0
Séamus Coleman,https://fbref.com/en/players/0420d84f/Seamus-Coleman,2024,ie Rep. of Ireland,UEFA Euro Qualifying,35,1,90,0,0
Séamus Coleman,https://fbref.com/en/players/0420d84f/Seamus-Coleman,2024-2025,ie Rep. of Ireland,UEFA Nations League,35,1,56,0,0
Séamus Coleman,https://fbref.com/en/players/0420d84f/Seamus-Coleman,2026,ie Rep. of Ireland,WCQ,37,4,298,0,0
Sébastien Bassong,https://fbref.com/en/players/0d521662/Sebastien-Bassong,2010,cm Cameroon,1. World Cup,23,2,161,0,
Sébastien Bassong,https://fbref.com/en/players/0d521662/Sebastien-Bassong,2014,cm Cameroon,WCQ,27,0,,,
Sébastien Bassong,https://fbref.com/en/players/0d521662/Sebastien-Bassong,2015,cm Cameroon,Friendlies (M),28,1,67,0,0
Sébastien Bassong,https://fbref.com/en/players/0d521662/Sebastien-Bassong,2017,cm Cameroon,Africa Cup of Nations qualification,30,0,,,
Sébastien Bassong,https://fbref.com/en/players/0d521662/Sebastien-Bassong,2018,cm Cameroon,WCQ,31,0,,,
Sébastien Pocognoli,https://fbref.com/en/players/cc41eec1/Sebastien-Pocognoli,2010,be Belgium,WCQ,22,1,32,0,
Sébastien Pocognoli,https://fbref.com/en/players/cc41eec1/Sebastien-Pocognoli,2012,be Belgium,UEFA Euro Qualifying,24,0,,,
Sébastien Pocognoli,https://fbref.com/en/players/cc41eec1/Sebastien-Pocognoli,2014,be Belgium,WCQ,26,2,105,0,0
Sébastien Pocognoli,https://fbref.com/en/players/cc41eec1/Sebastien-Pocognoli,2014,be Belgium,Friendlies (M),26,1,9,0,0
Sébastien Pocognoli,https://fbref.com/en/players/cc41eec1/Sebastien-Pocognoli,2016,be Belgium,UEFA Euro Qualifying,28,1,35,0,0
Sébastien Pocognoli,https://fbref.com/en/players/cc41eec1/Sebastien-Pocognoli,2018,be Belgium,WCQ,30,0,,,
Sébastien Squillaci,https://fbref.com/en/players/f7ec06db/Sebastien-Squillaci,2006,fr France,WCQ,25,5,375,0,
Sébastien Squillaci,https://fbref.com/en/players/f7ec06db/Sebastien-Squillaci,2008,fr France,UEFA Euro,27,0,,,
Sébastien Squillaci,https://fbref.com/en/players/f7ec06db/Sebastien-Squillaci,2008,fr France,UEFA Euro Qualifying,27,0,,,
Sébastien Squillaci,https://fbref.com/en/players/f7ec06db/Sebastien-Squillaci,2010,fr France,1. World Cup,29,1,90,0,
Sébastien Squillaci,https://fbref.com/en/players/f7ec06db/Sebastien-Squillaci,2010,fr France,WCQ,29,4,382,0,
Sadio Mané,https://fbref.com/en/players/c691bfe2/Sadio-Mane,2014,sn Senegal,Friendlies (M),21,2,135,1,0
Sadio Mané,https://fbref.com/en/players/c691bfe2/Sadio-Mane,2014,sn Senegal,WCQ,21,8,673,2,
Sadio Mané,https://fbref.com/en/players/c691bfe2/Sadio-Mane,2015,sn Senegal,Friendlies (M),22,2,180,0,1
Sadio Mané,https://fbref.com/en/players/c691bfe2/Sadio-Mane,2015,sn Senegal,Africa Cup of Nations,22,2,154,0,0
Sadio Mané,https://fbref.com/en/players/c691bfe2/Sadio-Mane,2015,sn Senegal,Africa Cup of Nations qualification,22,6,461,2,
Sadio Mané,https://fbref.com/en/players/c691bfe2/Sadio-Mane,2016,sn Senegal,Friendlies (M),23,1,90,0,0
Sadio Mané,https://fbref.com/en/players/c691bfe2/Sadio-Mane,2017,sn Senegal,Friendlies (M),24,2,110,0,1
Sadio Mané,https://fbref.com/en/players/c691bfe2/Sadio-Mane,2017,sn Senegal,Africa Cup of Nations,24,3,299,2,0
Sadio Mané,https://fbref.com/en/players/c691bfe2/Sadio-Mane,2017,sn Senegal,Africa Cup of Nations qualification,24,6,506,3,1
Sadio Mané,https://fbref.com/en/players/c691bfe2/Sadio-Mane,2018,sn Senegal,1. World Cup,26,3,270,1,0
Sadio Mané,https://fbref.com/en/players/c691bfe2/Sadio-Mane,2018,sn Senegal,WCQ,25,7,626,2,2
Sadio Mané,https://fbref.com/en/players/c691bfe2/Sadio-Mane,2018,sn Senegal,Friendlies (M),25,3,256,0,0
Sadio Mané,https://fbref.com/en/players/c691bfe2/Sadio-Mane,2019,sn Senegal,Africa Cup of Nations,26,6,570,3,1
Sadio Mané,https://fbref.com/en/players/c691bfe2/Sadio-Mane,2019,sn Senegal,Africa Cup of Nations qualification,26,4,360,0,1
Sadio Mané,https://fbref.com/en/players/c691bfe2/Sadio-Mane,2019,sn Senegal,Friendlies (M),26,2,103,1,1
Sadio Mané,https://fbref.com/en/players/c691bfe2/Sadio-Mane,2021,sn Senegal,Friendlies (M),28,2,180,2,1
Sadio Mané,https://fbref.com/en/players/c691bfe2/Sadio-Mane,2021,sn Senegal,Africa Cup of Nations,28,7,639,3,0
Sadio Mané,https://fbref.com/en/players/c691bfe2/Sadio-Mane,2021,sn Senegal,Africa Cup of Nations qualification,28,6,424,2,2
Sadio Mané,https://fbref.com/en/players/c691bfe2/Sadio-Mane,2022,sn Senegal,WCQ,29,7,599,3,4
Sadio Mané,https://fbref.com/en/players/c691bfe2/Sadio-Mane,2022,sn Senegal,Friendlies (M),29,2,180,1,0
Sadio Mané,https://fbref.com/en/players/c691bfe2/Sadio-Mane,2023,sn Senegal,Friendlies (M),30,3,270,3,0
Sadio Mané,https://fbref.com/en/players/c691bfe2/Sadio-Mane,2023,sn Senegal,Africa Cup of Nations,30,4,390,1,3
Sadio Mané,https://fbref.com/en/players/c691bfe2/Sadio-Mane,2023,sn Senegal,Africa Cup of Nations qualification,30,5,446,5,1
Sadio Mané,https://fbref.com/en/players/c691bfe2/Sadio-Mane,2024,sn Senegal,Friendlies (M),31,2,111,2,0
Sadio Mané,https://fbref.com/en/players/c691bfe2/Sadio-Mane,2025,sn Senegal,Friendlies (M),32,2,119,3,0
Sadio Mané,https://fbref.com/en/players/c691bfe2/Sadio-Mane,2025,sn Senegal,Africa Cup of Nations qualification,32,6,538,3,0
Sadio Mané,https://fbref.com/en/players/c691bfe2/Sadio-Mane,2026,sn Senegal,WCQ,33,8,638,5,1
Saido Berahino,https://fbref.com/en/players/25b166d0/Saido-Berahino,2014,eng England,Friendlies (M),20,0,,,
Saido Berahino,https://fbref.com/en/players/25b166d0/Saido-Berahino,2016,eng England,UEFA Euro Qualifying,22,0,,,
Saido Berahino,https://fbref.com/en/players/25b166d0/Saido-Berahino,2019,bi Burundi,Friendlies (M),25,2,164,0,1
Saido Berahino,https://fbref.com/en/players/25b166d0/Saido-Berahino,2019,bi Burundi,Africa Cup of Nations,25,3,172,0,0
Saido Berahino,https://fbref.com/en/players/25b166d0/Saido-Berahino,2019,bi Burundi,Africa Cup of Nations qualification,25,5,450,1,0
Saido Berahino,https://fbref.com/en/players/25b166d0/Saido-Berahino,2020,bi Burundi,Friendlies (M),26,1,71,0,0
Saido Berahino,https://fbref.com/en/players/25b166d0/Saido-Berahino,2021,bi Burundi,Africa Cup of Nations qualification,27,2,109,0,0
Saido Berahino,https://fbref.com/en/players/25b166d0/Saido-Berahino,2022,bi Burundi,WCQ,28,1,120,0,0
Saido Berahino,https://fbref.com/en/players/25b166d0/Saido-Berahino,2023,bi Burundi,Friendlies (M),29,1,90,1,0
Saido Berahino,https://fbref.com/en/players/25b166d0/Saido-Berahino,2023,bi Burundi,Africa Cup of Nations qualification,29,1,67,0,0
Salif Diao,https://fbref.com/en/players/acc326da/Salif-Diao,2002,sn Senegal,1. World Cup,25,3,289,1,
Salomón Rondón,https://fbref.com/en/players/b318a643/Salomon-Rondon,2014,ve Venezuela,Friendlies (M),24,1,80,0,0
Salomón Rondón,https://fbref.com/en/players/b318a643/Salomon-Rondon,2014,ve Venezuela,WCQ,24,6,459,2,0
Salomón Rondón,https://fbref.com/en/players/b318a643/Salomon-Rondon,2015,ve Venezuela,Friendlies (M),25,4,351,1,1
Salomón Rondón,https://fbref.com/en/players/b318a643/Salomon-Rondon,2016,ve Venezuela,Friendlies (M),26,2,180,2,0
Salomón Rondón,https://fbref.com/en/players/b318a643/Salomon-Rondon,2017,ve Venezuela,Friendlies (M),27,3,269,0,0
Salomón Rondón,https://fbref.com/en/players/b318a643/Salomon-Rondon,2018,ve Venezuela,Friendlies (M),28,4,208,2,0
Salomón Rondón,https://fbref.com/en/players/b318a643/Salomon-Rondon,2018,ve Venezuela,WCQ,28,14,1251,1,1
Salomón Rondón,https://fbref.com/en/players/b318a643/Salomon-Rondon,2019,ve Venezuela,Friendlies (M),29,6,446,9,0
Salomón Rondón,https://fbref.com/en/players/b318a643/Salomon-Rondon,2022,ve Venezuela,WCQ,32,6,511,4,0
Salomón Rondón,https://fbref.com/en/players/b318a643/Salomon-Rondon,2022,ve Venezuela,Friendlies (M),32,5,360,3,0
Salomón Rondón,https://fbref.com/en/players/b318a643/Salomon-Rondon,2023,ve Venezuela,Friendlies (M),33,4,284,1,2
Salomón Rondón,https://fbref.com/en/players/b318a643/Salomon-Rondon,2024,ve Venezuela,Friendlies (M),34,2,135,0,0
Salomón Rondón,https://fbref.com/en/players/b318a643/Salomon-Rondon,2026,ve Venezuela,WCQ,36,18,1488,6,1
Salomon Kalou,https://fbref.com/en/players/2042d931/Salomon-Kalou,2010,ci Côte d'Ivoire,1. World Cup,24,3,159,1,
Salomon Kalou,https://fbref.com/en/players/2042d931/Salomon-Kalou,2010,ci Côte d'Ivoire,Africa Cup of Nations,24,3,183,1,1
Salomon Kalou,https://fbref.com/en/players/2042d931/Salomon-Kalou,2012,ci Côte d'Ivoire,Africa Cup of Nations,26,5,273,1,1
Salomon Kalou,https://fbref.com/en/players/2042d931/Salomon-Kalou,2013,ci Côte d'Ivoire,Africa Cup of Nations,27,4,270,0,1
Salomon Kalou,https://fbref.com/en/players/2042d931/Salomon-Kalou,2014,ci Côte d'Ivoire,1. World Cup,28,3,204,0,0
Salomon Kalou,https://fbref.com/en/players/2042d931/Salomon-Kalou,2014,ci Côte d'Ivoire,WCQ,28,7,547,5,
Salomon Kalou,https://fbref.com/en/players/2042d931/Salomon-Kalou,2014,ci Côte d'Ivoire,Friendlies (M),28,1,90,0,0
Salomon Kalou,https://fbref.com/en/players/2042d931/Salomon-Kalou,2015,ci Côte d'Ivoire,Friendlies (M),29,6,336,2,1
Salomon Kalou,https://fbref.com/en/players/2042d931/Salomon-Kalou,2015,ci Côte d'Ivoire,Africa Cup of Nations,29,4,105,0,0
Salomon Kalou,https://fbref.com/en/players/2042d931/Salomon-Kalou,2016,ci Côte d'Ivoire,Friendlies (M),30,2,156,0,0
Salomon Kalou,https://fbref.com/en/players/2042d931/Salomon-Kalou,2017,ci Côte d'Ivoire,Africa Cup of Nations,31,3,194,0,0
Salomon Kalou,https://fbref.com/en/players/2042d931/Salomon-Kalou,2017,ci Côte d'Ivoire,Africa Cup of Nations qualification,31,3,236,0,0
Salomon Kalou,https://fbref.com/en/players/2042d931/Salomon-Kalou,2018,ci Côte d'Ivoire,WCQ,32,5,252,0,0
Sam Ricketts,https://fbref.com/en/players/3f8ef948/Sam-Ricketts,2006,wls Wales,WCQ,24,6,484,0,
Sam Ricketts,https://fbref.com/en/players/3f8ef948/Sam-Ricketts,2008,wls Wales,UEFA Euro Qualifying,26,9,719,0,
Sam Ricketts,https://fbref.com/en/players/3f8ef948/Sam-Ricketts,2010,wls Wales,WCQ,28,4,192,0,
Sam Ricketts,https://fbref.com/en/players/3f8ef948/Sam-Ricketts,2012,wls Wales,UEFA Euro Qualifying,30,2,180,0,
Sam Ricketts,https://fbref.com/en/players/3f8ef948/Sam-Ricketts,2014,wls Wales,WCQ,32,3,225,0,0
Sam Ricketts,https://fbref.com/en/players/3f8ef948/Sam-Ricketts,2014,wls Wales,Friendlies (M),32,1,27,0,0
Sam Ricketts,https://fbref.com/en/players/3f8ef948/Sam-Ricketts,2016,wls Wales,UEFA Euro Qualifying,34,0,,,
Sam Vokes,https://fbref.com/en/players/1d6ac165/Sam-Vokes,2010,wls Wales,WCQ,20,7,258,1,
Sam Vokes,https://fbref.com/en/players/1d6ac165/Sam-Vokes,2014,wls Wales,WCQ,24,5,155,0,0
Sam Vokes,https://fbref.com/en/players/1d6ac165/Sam-Vokes,2014,wls Wales,Friendlies (M),24,1,90,1,0
Sam Vokes,https://fbref.com/en/players/1d6ac165/Sam-Vokes,2016,wls Wales,Friendlies (M),26,3,177,0,0
Sam Vokes,https://fbref.com/en/players/1d6ac165/Sam-Vokes,2016,wls Wales,UEFA Euro,26,4,188,1,0
Sam Vokes,https://fbref.com/en/players/1d6ac165/Sam-Vokes,2016,wls Wales,UEFA Euro Qualifying,26,6,160,0,0
Sam Vokes,https://fbref.com/en/players/1d6ac165/Sam-Vokes,2017,wls Wales,Friendlies (M),27,2,128,0,0
Sam Vokes,https://fbref.com/en/players/1d6ac165/Sam-Vokes,2018,wls Wales,WCQ,28,10,645,1,1
Sam Vokes,https://fbref.com/en/players/1d6ac165/Sam-Vokes,2018,wls Wales,Friendlies (M),28,3,212,1,0
Sam Vokes,https://fbref.com/en/players/1d6ac165/Sam-Vokes,2018-2019,wls Wales,UEFA Nations League,28,0,,,
Sam Vokes,https://fbref.com/en/players/1d6ac165/Sam-Vokes,2019,wls Wales,Friendlies (M),29,1,16,0,0
Sam Vokes,https://fbref.com/en/players/1d6ac165/Sam-Vokes,2021,wls Wales,UEFA Euro Qualifying,31,2,28,0,0
Samba Diakité,https://fbref.com/en/players/6bc6f173/Samba-Diakite,2012,ml Mali,Africa Cup of Nations,23,5,463,0,0
Samba Diakité,https://fbref.com/en/players/6bc6f173/Samba-Diakite,2013,ml Mali,Africa Cup of Nations,24,4,211,0,0
Samir Nasri,https://fbref.com/en/players/165bed61/Samir-Nasri,2008,fr France,UEFA Euro,20,2,29,0,
Samir Nasri,https://fbref.com/en/players/165bed61/Samir-Nasri,2008,fr France,UEFA Euro Qualifying,20,4,237,1,
Samir Nasri,https://fbref.com/en/players/165bed61/Samir-Nasri,2010,fr France,WCQ,22,2,91,0,
Samir Nasri,https://fbref.com/en/players/165bed61/Samir-Nasri,2012,fr France,UEFA Euro,24,4,282,1,0
Samir Nasri,https://fbref.com/en/players/165bed61/Samir-Nasri,2012,fr France,UEFA Euro Qualifying,24,8,567,1,
Samir Nasri,https://fbref.com/en/players/165bed61/Samir-Nasri,2014,fr France,WCQ,26,4,182,1,0
Samuel Eto'o,https://fbref.com/en/players/06420c93/Samuel-Etoo,1998,cm Cameroon,1. World Cup,17,1,25,0,0
Samuel Eto'o,https://fbref.com/en/players/06420c93/Samuel-Etoo,2001,cm Cameroon,FIFA Confederations Cup,19,3,218,0,
Samuel Eto'o,https://fbref.com/en/players/06420c93/Samuel-Etoo,2002,cm Cameroon,1. World Cup,21,3,270,1,
Samuel Eto'o,https://fbref.com/en/players/06420c93/Samuel-Etoo,2003,cm Cameroon,FIFA Confederations Cup,21,4,249,1,
Samuel Eto'o,https://fbref.com/en/players/06420c93/Samuel-Etoo,2010,cm Cameroon,1. World Cup,29,3,270,2,
Samuel Eto'o,https://fbref.com/en/players/06420c93/Samuel-Etoo,2010,cm Cameroon,Africa Cup of Nations,28,4,390,2,0
Samuel Eto'o,https://fbref.com/en/players/06420c93/Samuel-Etoo,2014,cm Cameroon,1. World Cup,33,1,90,0,0
Samuel Eto'o,https://fbref.com/en/players/06420c93/Samuel-Etoo,2014,cm Cameroon,WCQ,32,4,323,2,
Samuel Eto'o,https://fbref.com/en/players/06420c93/Samuel-Etoo,2014,cm Cameroon,Friendlies (M),32,2,179,1,0
Santi Cazorla,https://fbref.com/en/players/e2e9c250/Santi-Cazorla,2008,es Spain,UEFA Euro,23,5,180,0,
Santi Cazorla,https://fbref.com/en/players/e2e9c250/Santi-Cazorla,2009,es Spain,FIFA Confederations Cup,24,5,256,0,2
Santi Cazorla,https://fbref.com/en/players/e2e9c250/Santi-Cazorla,2010,es Spain,WCQ,25,8,452,1,
Santi Cazorla,https://fbref.com/en/players/e2e9c250/Santi-Cazorla,2012,es Spain,UEFA Euro,27,2,18,0,0
Santi Cazorla,https://fbref.com/en/players/e2e9c250/Santi-Cazorla,2012,es Spain,UEFA Euro Qualifying,27,5,348,0,
Santi Cazorla,https://fbref.com/en/players/e2e9c250/Santi-Cazorla,2013,es Spain,FIFA Confederations Cup,28,2,101,0,0
Santi Cazorla,https://fbref.com/en/players/e2e9c250/Santi-Cazorla,2014,es Spain,1. World Cup,29,2,82,0,0
Santi Cazorla,https://fbref.com/en/players/e2e9c250/Santi-Cazorla,2014,es Spain,WCQ,29,5,250,0,0
Santi Cazorla,https://fbref.com/en/players/e2e9c250/Santi-Cazorla,2014,es Spain,Friendlies (M),29,4,192,0,0
Santi Cazorla,https://fbref.com/en/players/e2e9c250/Santi-Cazorla,2015,es Spain,Friendlies (M),30,3,171,1,0
Santi Cazorla,https://fbref.com/en/players/e2e9c250/Santi-Cazorla,2016,es Spain,UEFA Euro Qualifying,31,7,367,2,0
Santi Cazorla,https://fbref.com/en/players/e2e9c250/Santi-Cazorla,2021,es Spain,UEFA Euro Qualifying,36,4,236,1,1
Santiago Vergini,https://fbref.com/en/players/6d041dd0/Santiago-Vergini,2014,ar Argentina,WCQ,25,0,,,
Santiago Vergini,https://fbref.com/en/players/6d041dd0/Santiago-Vergini,2014,ar Argentina,Friendlies (M),25,2,180,0,0
Sascha Riether,https://fbref.com/en/players/3cb009c5/Sascha-Riether,2012,de Germany,UEFA Euro Qualifying,28,1,90,0,
Scott Arfield,https://fbref.com/en/players/b1313ec4/Scott-Arfield,2016,ca Canada,Friendlies (M),27,3,270,0,2
Scott Arfield,https://fbref.com/en/players/b1313ec4/Scott-Arfield,2017,ca Canada,Friendlies (M),28,2,179,0,0
Scott Arfield,https://fbref.com/en/players/b1313ec4/Scott-Arfield,2017,ca Canada,Gold Cup,28,4,360,1,1
Scott Arfield,https://fbref.com/en/players/b1313ec4/Scott-Arfield,2018,ca Canada,WCQ,29,3,225,0,0
Scott Arfield,https://fbref.com/en/players/b1313ec4/Scott-Arfield,2019,ca Canada,Gold Cup,30,4,300,1,1
Scott Carson,https://fbref.com/en/players/3e1550ee/Scott-Carson,2006,eng England,1. World Cup,20,0,,,
Scott Carson,https://fbref.com/en/players/3e1550ee/Scott-Carson,2008,eng England,UEFA Euro Qualifying,22,1,90,0,
Scott Carson,https://fbref.com/en/players/3e1550ee/Scott-Carson,2010,eng England,WCQ,24,0,,,
Scott Carson,https://fbref.com/en/players/3e1550ee/Scott-Carson,2012,eng England,UEFA Euro Qualifying,26,0,,,
Scott Parker,https://fbref.com/en/players/65faf2a1/Scott-Parker,2008,eng England,UEFA Euro Qualifying,27,1,72,0,
Scott Parker,https://fbref.com/en/players/65faf2a1/Scott-Parker,2012,eng England,UEFA Euro,31,4,350,0,0
Scott Parker,https://fbref.com/en/players/65faf2a1/Scott-Parker,2012,eng England,UEFA Euro Qualifying,31,5,376,0,
Scott Parker,https://fbref.com/en/players/65faf2a1/Scott-Parker,2014,eng England,WCQ,33,1,16,0,0
Sebastián Coates,https://fbref.com/en/players/1fbbfbde/Sebastian-Coates,2013,uy Uruguay,FIFA Confederations Cup,22,2,98,0,0
Sebastián Coates,https://fbref.com/en/players/1fbbfbde/Sebastian-Coates,2014,uy Uruguay,1. World Cup,23,1,3,0,0
Sebastián Coates,https://fbref.com/en/players/1fbbfbde/Sebastian-Coates,2014,uy Uruguay,WCQ,23,1,13,0,0
Sebastián Coates,https://fbref.com/en/players/1fbbfbde/Sebastian-Coates,2015,uy Uruguay,Friendlies (M),24,1,45,0,0
Sebastián Coates,https://fbref.com/en/players/1fbbfbde/Sebastian-Coates,2017,uy Uruguay,Friendlies (M),26,2,180,0,0
Sebastián Coates,https://fbref.com/en/players/1fbbfbde/Sebastian-Coates,2018,uy Uruguay,1. World Cup,27,1,90,0,0
Sebastián Coates,https://fbref.com/en/players/1fbbfbde/Sebastian-Coates,2018,uy Uruguay,WCQ,27,9,810,1,0
Sebastián Coates,https://fbref.com/en/players/1fbbfbde/Sebastian-Coates,2018,uy Uruguay,Friendlies (M),27,2,180,0,0
Sebastián Coates,https://fbref.com/en/players/1fbbfbde/Sebastian-Coates,2019,uy Uruguay,Friendlies (M),28,4,286,0,0
Sebastián Coates,https://fbref.com/en/players/1fbbfbde/Sebastian-Coates,2022,uy Uruguay,1. World Cup,31,2,180,0,0
Sebastián Coates,https://fbref.com/en/players/1fbbfbde/Sebastian-Coates,2022,uy Uruguay,WCQ,31,4,360,0,0
Sebastián Coates,https://fbref.com/en/players/1fbbfbde/Sebastian-Coates,2022,uy Uruguay,Friendlies (M),31,1,90,0,0
Sebastián Coates,https://fbref.com/en/players/1fbbfbde/Sebastian-Coates,2023,uy Uruguay,Friendlies (M),32,2,180,1,0
Sebastian Larsson,https://fbref.com/en/players/b26efc36/Sebastian-Larsson,2008,se Sweden,UEFA Euro Qualifying,22,0,,,
Sebastian Larsson,https://fbref.com/en/players/b26efc36/Sebastian-Larsson,2008,se Sweden,UEFA Euro,22,1,12,0,
Sebastian Larsson,https://fbref.com/en/players/b26efc36/Sebastian-Larsson,2010,se Sweden,WCQ,24,9,425,0,
Sebastian Larsson,https://fbref.com/en/players/b26efc36/Sebastian-Larsson,2012,se Sweden,UEFA Euro,26,3,247,1,2
Sebastian Larsson,https://fbref.com/en/players/b26efc36/Sebastian-Larsson,2012,se Sweden,UEFA Euro Qualifying,26,10,748,3,
Sebastian Larsson,https://fbref.com/en/players/b26efc36/Sebastian-Larsson,2014,se Sweden,WCQ,28,12,1014,0,2
Sebastian Larsson,https://fbref.com/en/players/b26efc36/Sebastian-Larsson,2014,se Sweden,Friendlies (M),28,4,360,0,1
Sebastian Larsson,https://fbref.com/en/players/b26efc36/Sebastian-Larsson,2015,se Sweden,Friendlies (M),29,2,121,0,1
Sebastian Larsson,https://fbref.com/en/players/b26efc36/Sebastian-Larsson,2016,se Sweden,Friendlies (M),30,4,270,0,0
Sebastian Larsson,https://fbref.com/en/players/b26efc36/Sebastian-Larsson,2016,se Sweden,UEFA Euro,30,3,248,0,0
Sebastian Larsson,https://fbref.com/en/players/b26efc36/Sebastian-Larsson,2016,se Sweden,UEFA Euro Qualifying,30,11,771,0,1
Sebastian Larsson,https://fbref.com/en/players/b26efc36/Sebastian-Larsson,2017,se Sweden,Friendlies (M),31,2,180,0,0
Sebastian Larsson,https://fbref.com/en/players/b26efc36/Sebastian-Larsson,2018,se Sweden,1. World Cup,33,4,316,0,0
Sebastian Larsson,https://fbref.com/en/players/b26efc36/Sebastian-Larsson,2018,se Sweden,WCQ,32,7,476,0,1
Sebastian Larsson,https://fbref.com/en/players/b26efc36/Sebastian-Larsson,2018,se Sweden,Friendlies (M),32,5,192,0,0
Sebastian Larsson,https://fbref.com/en/players/b26efc36/Sebastian-Larsson,2018-2019,se Sweden,UEFA Nations League,33,4,360,0,0
Sebastian Larsson,https://fbref.com/en/players/b26efc36/Sebastian-Larsson,2020,se Sweden,Friendlies (M),34,2,61,0,1
Sebastian Larsson,https://fbref.com/en/players/b26efc36/Sebastian-Larsson,2020-2021,se Sweden,UEFA Nations League,35,5,256,0,1
Sebastian Larsson,https://fbref.com/en/players/b26efc36/Sebastian-Larsson,2021,se Sweden,Friendlies (M),35,2,110,1,0
Sebastian Larsson,https://fbref.com/en/players/b26efc36/Sebastian-Larsson,2021,se Sweden,UEFA Euro,35,4,366,0,0
Sebastian Larsson,https://fbref.com/en/players/b26efc36/Sebastian-Larsson,2021,se Sweden,UEFA Euro Qualifying,35,9,657,2,2
Sebastian Larsson,https://fbref.com/en/players/b26efc36/Sebastian-Larsson,2022,se Sweden,WCQ,36,2,180,1,0
Sebastian Prödl,https://fbref.com/en/players/f5e6d08d/Sebastian-Prodl,2008,at Austria,UEFA Euro,20,2,180,0,
Sebastian Prödl,https://fbref.com/en/players/f5e6d08d/Sebastian-Prodl,2010,at Austria,WCQ,22,5,450,0,
Sebastian Prödl,https://fbref.com/en/players/f5e6d08d/Sebastian-Prodl,2012,at Austria,UEFA Euro Qualifying,24,5,450,1,
Sebastian Prödl,https://fbref.com/en/players/f5e6d08d/Sebastian-Prodl,2014,at Austria,WCQ,26,7,515,1,0
Sebastian Prödl,https://fbref.com/en/players/f5e6d08d/Sebastian-Prodl,2014,at Austria,Friendlies (M),26,1,3,0,0
Sebastian Prödl,https://fbref.com/en/players/f5e6d08d/Sebastian-Prodl,2015,at Austria,Friendlies (M),27,2,31,0,0
Sebastian Prödl,https://fbref.com/en/players/f5e6d08d/Sebastian-Prodl,2016,at Austria,Friendlies (M),28,2,110,0,0
Sebastian Prödl,https://fbref.com/en/players/f5e6d08d/Sebastian-Prodl,2016,at Austria,UEFA Euro,28,2,135,0,0
Sebastian Prödl,https://fbref.com/en/players/f5e6d08d/Sebastian-Prodl,2016,at Austria,UEFA Euro Qualifying,28,7,460,0,0
Sebastian Prödl,https://fbref.com/en/players/f5e6d08d/Sebastian-Prodl,2017,at Austria,Friendlies (M),29,1,90,0,1
Sebastian Prödl,https://fbref.com/en/players/f5e6d08d/Sebastian-Prodl,2018,at Austria,WCQ,30,4,226,0,0
Sebastian Prödl,https://fbref.com/en/players/f5e6d08d/Sebastian-Prodl,2018,at Austria,Friendlies (M),30,7,565,0,1
Sebastian Prödl,https://fbref.com/en/players/f5e6d08d/Sebastian-Prodl,2018-2019,at Austria,UEFA Nations League,31,2,180,0,0
Sebastian Prödl,https://fbref.com/en/players/f5e6d08d/Sebastian-Prodl,2021,at Austria,UEFA Euro Qualifying,33,0,,,
Serge Gnabry,https://fbref.com/en/players/88e357ef/Serge-Gnabry,2016,de Germany,Friendlies (M),20,1,31,0,0
Serge Gnabry,https://fbref.com/en/players/88e357ef/Serge-Gnabry,2018,de Germany,WCQ,22,1,90,3,0
Serge Gnabry,https://fbref.com/en/players/88e357ef/Serge-Gnabry,2018,de Germany,Friendlies (M),22,1,72,1,1
Serge Gnabry,https://fbref.com/en/players/88e357ef/Serge-Gnabry,2018-2019,de Germany,UEFA Nations League,23,2,152,0,1
Serge Gnabry,https://fbref.com/en/players/88e357ef/Serge-Gnabry,2019,de Germany,Friendlies (M),23,1,70,1,1
Serge Gnabry,https://fbref.com/en/players/88e357ef/Serge-Gnabry,2020-2021,de Germany,UEFA Nations League,25,4,359,1,0
Serge Gnabry,https://fbref.com/en/players/88e357ef/Serge-Gnabry,2021,de Germany,Friendlies (M),25,2,123,1,0
Serge Gnabry,https://fbref.com/en/players/88e357ef/Serge-Gnabry,2021,de Germany,UEFA Euro,25,4,249,0,0
Serge Gnabry,https://fbref.com/en/players/88e357ef/Serge-Gnabry,2021,de Germany,UEFA Euro Qualifying,25,7,591,8,1
Serge Gnabry,https://fbref.com/en/players/88e357ef/Serge-Gnabry,2022,de Germany,1. World Cup,26,3,263,1,1
Serge Gnabry,https://fbref.com/en/players/88e357ef/Serge-Gnabry,2022,de Germany,WCQ,26,8,574,5,1
Serge Gnabry,https://fbref.com/en/players/88e357ef/Serge-Gnabry,2022,de Germany,Friendlies (M),26,0,,,
Serge Gnabry,https://fbref.com/en/players/88e357ef/Serge-Gnabry,2022-2023,de Germany,UEFA Nations League,27,5,200,0,3
Serge Gnabry,https://fbref.com/en/players/88e357ef/Serge-Gnabry,2023,de Germany,Friendlies (M),27,6,357,1,0
Serge Gnabry,https://fbref.com/en/players/88e357ef/Serge-Gnabry,2024-2025,de Germany,UEFA Nations League,29,6,306,0,0
Serge Gnabry,https://fbref.com/en/players/88e357ef/Serge-Gnabry,2026,de Germany,WCQ,30,6,433,3,1
Sergei Kornilenko,https://fbref.com/en/players/be1797d6/Sergei-Kornilenko,2006,by Belarus,WCQ,22,2,110,0,
Sergei Kornilenko,https://fbref.com/en/players/be1797d6/Sergei-Kornilenko,2008,by Belarus,UEFA Euro Qualifying,24,11,641,3,
Sergei Kornilenko,https://fbref.com/en/players/be1797d6/Sergei-Kornilenko,2010,by Belarus,WCQ,26,6,462,2,
Sergei Kornilenko,https://fbref.com/en/players/be1797d6/Sergei-Kornilenko,2012,by Belarus,UEFA Euro Qualifying,28,7,417,2,
Sergei Kornilenko,https://fbref.com/en/players/be1797d6/Sergei-Kornilenko,2014,by Belarus,WCQ,30,3,134,1,0
Sergei Kornilenko,https://fbref.com/en/players/be1797d6/Sergei-Kornilenko,2014,by Belarus,Friendlies (M),30,1,70,1,1
Sergei Kornilenko,https://fbref.com/en/players/be1797d6/Sergei-Kornilenko,2015,by Belarus,Friendlies (M),31,2,98,0,0
Sergei Kornilenko,https://fbref.com/en/players/be1797d6/Sergei-Kornilenko,2016,by Belarus,Friendlies (M),32,4,148,0,0
Sergei Kornilenko,https://fbref.com/en/players/be1797d6/Sergei-Kornilenko,2016,by Belarus,UEFA Euro Qualifying,32,7,450,1,0
Sergei Kornilenko,https://fbref.com/en/players/be1797d6/Sergei-Kornilenko,2018,by Belarus,WCQ,34,4,148,0,1
Sergio Agüero,https://fbref.com/en/players/4d034881/Sergio-Aguero,2010,ar Argentina,1. World Cup,22,3,108,0,
Sergio Agüero,https://fbref.com/en/players/4d034881/Sergio-Aguero,2014,ar Argentina,1. World Cup,26,5,313,0,0
Sergio Agüero,https://fbref.com/en/players/4d034881/Sergio-Aguero,2014,ar Argentina,WCQ,25,8,574,5,0
Sergio Agüero,https://fbref.com/en/players/4d034881/Sergio-Aguero,2014,ar Argentina,Friendlies (M),25,3,199,1,1
Sergio Agüero,https://fbref.com/en/players/4d034881/Sergio-Aguero,2015,ar Argentina,Friendlies (M),26,4,231,7,4
Sergio Agüero,https://fbref.com/en/players/4d034881/Sergio-Aguero,2016,ar Argentina,Friendlies (M),27,1,26,0,0
Sergio Agüero,https://fbref.com/en/players/4d034881/Sergio-Aguero,2017,ar Argentina,Friendlies (M),28,2,131,2,0
Sergio Agüero,https://fbref.com/en/players/4d034881/Sergio-Aguero,2018,ar Argentina,1. World Cup,30,4,179,2,0
Sergio Agüero,https://fbref.com/en/players/4d034881/Sergio-Aguero,2018,ar Argentina,WCQ,29,8,401,0,0
Sergio Agüero,https://fbref.com/en/players/4d034881/Sergio-Aguero,2018,ar Argentina,Friendlies (M),29,1,32,1,0
Sergio Agüero,https://fbref.com/en/players/4d034881/Sergio-Aguero,2019,ar Argentina,Friendlies (M),30,2,135,1,0
Sergio Agüero,https://fbref.com/en/players/4d034881/Sergio-Aguero,2022,ar Argentina,WCQ,33,0,,,
Sergio Romero,https://fbref.com/en/players/1e26e376/Sergio-Romero,2010,ar Argentina,1. World Cup,23,5,450,0,
Sergio Romero,https://fbref.com/en/players/1e26e376/Sergio-Romero,2014,ar Argentina,1. World Cup,27,7,720,0,0
Sergio Romero,https://fbref.com/en/players/1e26e376/Sergio-Romero,2014,ar Argentina,WCQ,26,14,1260,0,0
Sergio Romero,https://fbref.com/en/players/1e26e376/Sergio-Romero,2014,ar Argentina,Friendlies (M),26,4,349,0,0
Sergio Romero,https://fbref.com/en/players/1e26e376/Sergio-Romero,2015,ar Argentina,Friendlies (M),27,3,225,0,0
Sergio Romero,https://fbref.com/en/players/1e26e376/Sergio-Romero,2016,ar Argentina,Friendlies (M),28,1,90,0,0
Sergio Romero,https://fbref.com/en/players/1e26e376/Sergio-Romero,2017,ar Argentina,Friendlies (M),29,1,90,0,0
Sergio Romero,https://fbref.com/en/players/1e26e376/Sergio-Romero,2018,ar Argentina,WCQ,30,18,1620,0,0
Sergio Romero,https://fbref.com/en/players/1e26e376/Sergio-Romero,2018,ar Argentina,Friendlies (M),30,2,111,0,0
Seydou Doumbia,https://fbref.com/en/players/c49afee6/Seydou-Doumbia,2010,ci Côte d'Ivoire,1. World Cup,22,1,12,0,
Seydou Doumbia,https://fbref.com/en/players/c49afee6/Seydou-Doumbia,2012,ci Côte d'Ivoire,Africa Cup of Nations,24,2,80,0,0
Seydou Doumbia,https://fbref.com/en/players/c49afee6/Seydou-Doumbia,2014,ci Côte d'Ivoire,WCQ,26,0,,,
Seydou Doumbia,https://fbref.com/en/players/c49afee6/Seydou-Doumbia,2014,ci Côte d'Ivoire,Friendlies (M),26,0,,,
Seydou Doumbia,https://fbref.com/en/players/c49afee6/Seydou-Doumbia,2015,ci Côte d'Ivoire,Friendlies (M),27,4,163,1,0
Seydou Doumbia,https://fbref.com/en/players/c49afee6/Seydou-Doumbia,2015,ci Côte d'Ivoire,Africa Cup of Nations,27,5,235,1,0
Seydou Doumbia,https://fbref.com/en/players/c49afee6/Seydou-Doumbia,2017,ci Côte d'Ivoire,Friendlies (M),29,0,,,
Seydou Doumbia,https://fbref.com/en/players/c49afee6/Seydou-Doumbia,2017,ci Côte d'Ivoire,Africa Cup of Nations qualification,29,1,61,0,0
Seydou Doumbia,https://fbref.com/en/players/c49afee6/Seydou-Doumbia,2018,ci Côte d'Ivoire,WCQ,30,5,415,2,0
Seydou Doumbia,https://fbref.com/en/players/c49afee6/Seydou-Doumbia,2019,ci Côte d'Ivoire,Africa Cup of Nations qualification,31,1,90,2,0
Shane Duffy,https://fbref.com/en/players/7314bba4/Shane-Duffy,2014,ie Rep. of Ireland,Friendlies (M),22,1,90,0,0
Shane Duffy,https://fbref.com/en/players/7314bba4/Shane-Duffy,2016,ie Rep. of Ireland,Friendlies (M),24,2,180,0,1
Shane Duffy,https://fbref.com/en/players/7314bba4/Shane-Duffy,2016,ie Rep. of Ireland,UEFA Euro,24,2,156,0,0
Shane Duffy,https://fbref.com/en/players/7314bba4/Shane-Duffy,2017,ie Rep. of Ireland,Friendlies (M),25,2,150,0,0
Shane Duffy,https://fbref.com/en/players/7314bba4/Shane-Duffy,2018,ie Rep. of Ireland,WCQ,26,10,900,2,0
Shane Duffy,https://fbref.com/en/players/7314bba4/Shane-Duffy,2018,ie Rep. of Ireland,Friendlies (M),26,4,346,0,0
Shane Duffy,https://fbref.com/en/players/7314bba4/Shane-Duffy,2018-2019,ie Rep. of Ireland,UEFA Nations League,26,4,360,0,0
Shane Duffy,https://fbref.com/en/players/7314bba4/Shane-Duffy,2019,ie Rep. of Ireland,Friendlies (M),27,0,,,
Shane Duffy,https://fbref.com/en/players/7314bba4/Shane-Duffy,2020,ie Rep. of Ireland,Friendlies (M),28,1,90,0,0
Shane Duffy,https://fbref.com/en/players/7314bba4/Shane-Duffy,2020-2021,ie Rep. of Ireland,UEFA Nations League,28,6,540,1,0
Shane Duffy,https://fbref.com/en/players/7314bba4/Shane-Duffy,2021,ie Rep. of Ireland,Friendlies (M),29,4,261,0,0
Shane Duffy,https://fbref.com/en/players/7314bba4/Shane-Duffy,2021,ie Rep. of Ireland,UEFA Euro Qualifying,29,9,840,1,0
Shane Duffy,https://fbref.com/en/players/7314bba4/Shane-Duffy,2022,ie Rep. of Ireland,WCQ,30,6,540,2,0
Shane Duffy,https://fbref.com/en/players/7314bba4/Shane-Duffy,2022,ie Rep. of Ireland,Friendlies (M),30,1,90,0,0
Shane Duffy,https://fbref.com/en/players/7314bba4/Shane-Duffy,2022-2023,ie Rep. of Ireland,UEFA Nations League,30,3,270,0,1
Shane Duffy,https://fbref.com/en/players/7314bba4/Shane-Duffy,2023,ie Rep. of Ireland,Friendlies (M),31,1,90,0,0
Shane Duffy,https://fbref.com/en/players/7314bba4/Shane-Duffy,2024,ie Rep. of Ireland,Friendlies (M),32,1,45,0,0
Shane Duffy,https://fbref.com/en/players/7314bba4/Shane-Duffy,2024,ie Rep. of Ireland,UEFA Euro Qualifying,32,4,360,0,0
nan,https://fbref.com/en/players/7314bba4/Shane-Duffyhttps://fbref.com/en/players/fa6292e2/Bryan-Ruiz,2014,ie Rep. of Ireland,Friendlies (M),22,1,90,0,0
nan,https://fbref.com/en/players/7314bba4/Shane-Duffyhttps://fbref.com/en/players/fa6292e2/Bryan-Ruiz,2016,ie Rep. of Ireland,Friendlies (M),24,2,180,0,1
nan,https://fbref.com/en/players/7314bba4/Shane-Duffyhttps://fbref.com/en/players/fa6292e2/Bryan-Ruiz,2016,ie Rep. of Ireland,UEFA Euro,24,2,156,0,0
nan,https://fbref.com/en/players/7314bba4/Shane-Duffyhttps://fbref.com/en/players/fa6292e2/Bryan-Ruiz,2017,ie Rep. of Ireland,Friendlies (M),25,2,150,0,0
nan,https://fbref.com/en/players/7314bba4/Shane-Duffyhttps://fbref.com/en/players/fa6292e2/Bryan-Ruiz,2018,ie Rep. of Ireland,WCQ,26,10,900,2,0
nan,https://fbref.com/en/players/7314bba4/Shane-Duffyhttps://fbref.com/en/players/fa6292e2/Bryan-Ruiz,2018,ie Rep. of Ireland,Friendlies (M),26,4,346,0,0
nan,https://fbref.com/en/players/7314bba4/Shane-Duffyhttps://fbref.com/en/players/fa6292e2/Bryan-Ruiz,2018-2019,ie Rep. of Ireland,UEFA Nations League,26,4,360,0,0
nan,https://fbref.com/en/players/7314bba4/Shane-Duffyhttps://fbref.com/en/players/fa6292e2/Bryan-Ruiz,2019,ie Rep. of Ireland,Friendlies (M),27,0,,,
nan,https://fbref.com/en/players/7314bba4/Shane-Duffyhttps://fbref.com/en/players/fa6292e2/Bryan-Ruiz,2020,ie Rep. of Ireland,Friendlies (M),28,1,90,0,0
nan,https://fbref.com/en/players/7314bba4/Shane-Duffyhttps://fbref.com/en/players/fa6292e2/Bryan-Ruiz,2020-2021,ie Rep. of Ireland,UEFA Nations League,28,6,540,1,0
nan,https://fbref.com/en/players/7314bba4/Shane-Duffyhttps://fbref.com/en/players/fa6292e2/Bryan-Ruiz,2021,ie Rep. of Ireland,Friendlies (M),29,4,261,0,0
nan,https://fbref.com/en/players/7314bba4/Shane-Duffyhttps://fbref.com/en/players/fa6292e2/Bryan-Ruiz,2021,ie Rep. of Ireland,UEFA Euro Qualifying,29,9,840,1,0
nan,https://fbref.com/en/players/7314bba4/Shane-Duffyhttps://fbref.com/en/players/fa6292e2/Bryan-Ruiz,2022,ie Rep. of Ireland,WCQ,30,6,540,2,0
nan,https://fbref.com/en/players/7314bba4/Shane-Duffyhttps://fbref.com/en/players/fa6292e2/Bryan-Ruiz,2022,ie Rep. of Ireland,Friendlies (M),30,1,90,0,0
nan,https://fbref.com/en/players/7314bba4/Shane-Duffyhttps://fbref.com/en/players/fa6292e2/Bryan-Ruiz,2022-2023,ie Rep. of Ireland,UEFA Nations League,30,3,270,0,1
nan,https://fbref.com/en/players/7314bba4/Shane-Duffyhttps://fbref.com/en/players/fa6292e2/Bryan-Ruiz,2023,ie Rep. of Ireland,Friendlies (M),31,1,90,0,0
nan,https://fbref.com/en/players/7314bba4/Shane-Duffyhttps://fbref.com/en/players/fa6292e2/Bryan-Ruiz,2024,ie Rep. of Ireland,Friendlies (M),32,1,45,0,0
nan,https://fbref.com/en/players/7314bba4/Shane-Duffyhttps://fbref.com/en/players/fa6292e2/Bryan-Ruiz,2024,ie Rep. of Ireland,UEFA Euro Qualifying,32,4,360,0,0
Shane Ferguson,https://fbref.com/en/players/a0f6ddc3/Shane-Ferguson,2014,nir Northern Ireland,Friendlies (M),22,1,18,0,0
Shane Ferguson,https://fbref.com/en/players/a0f6ddc3/Shane-Ferguson,2014,nir Northern Ireland,WCQ,22,8,561,0,1
Shane Ferguson,https://fbref.com/en/players/a0f6ddc3/Shane-Ferguson,2015,nir Northern Ireland,Friendlies (M),23,1,22,0,0
Shane Ferguson,https://fbref.com/en/players/a0f6ddc3/Shane-Ferguson,2016,nir Northern Ireland,Friendlies (M),24,3,145,0,0
Shane Ferguson,https://fbref.com/en/players/a0f6ddc3/Shane-Ferguson,2016,nir Northern Ireland,UEFA Euro,24,1,65,0,0
Shane Ferguson,https://fbref.com/en/players/a0f6ddc3/Shane-Ferguson,2016,nir Northern Ireland,UEFA Euro Qualifying,24,5,202,0,1
Shane Ferguson,https://fbref.com/en/players/a0f6ddc3/Shane-Ferguson,2017,nir Northern Ireland,Friendlies (M),25,1,45,0,0
Shane Ferguson,https://fbref.com/en/players/a0f6ddc3/Shane-Ferguson,2018,nir Northern Ireland,WCQ,26,7,366,0,1
Shane Ferguson,https://fbref.com/en/players/a0f6ddc3/Shane-Ferguson,2018,nir Northern Ireland,Friendlies (M),26,2,85,0,0
Shane Ferguson,https://fbref.com/en/players/a0f6ddc3/Shane-Ferguson,2018-2019,nir Northern Ireland,UEFA Nations League,27,1,54,0,0
Shane Ferguson,https://fbref.com/en/players/a0f6ddc3/Shane-Ferguson,2019,nir Northern Ireland,Friendlies (M),27,1,90,0,0
Shane Ferguson,https://fbref.com/en/players/a0f6ddc3/Shane-Ferguson,2020-2021,nir Northern Ireland,UEFA Nations League,29,3,215,0,0
Shane Ferguson,https://fbref.com/en/players/a0f6ddc3/Shane-Ferguson,2021,nir Northern Ireland,Friendlies (M),29,4,180,1,0
Shane Ferguson,https://fbref.com/en/players/a0f6ddc3/Shane-Ferguson,2021,nir Northern Ireland,UEFA Euro Qualifying,29,5,213,0,0
Shane Ferguson,https://fbref.com/en/players/a0f6ddc3/Shane-Ferguson,2022,nir Northern Ireland,WCQ,30,3,170,0,0
Shane Ferguson,https://fbref.com/en/players/a0f6ddc3/Shane-Ferguson,2022,nir Northern Ireland,Friendlies (M),30,1,90,0,0
Shane Ferguson,https://fbref.com/en/players/a0f6ddc3/Shane-Ferguson,2022-2023,nir Northern Ireland,UEFA Nations League,31,2,30,0,0
Shane Ferguson,https://fbref.com/en/players/a0f6ddc3/Shane-Ferguson,2024,nir Northern Ireland,UEFA Euro Qualifying,32,1,18,0,0
Shane Long,https://fbref.com/en/players/9f472354/Shane-Long,2008,ie Rep. of Ireland,UEFA Euro Qualifying,21,4,146,0,
Shane Long,https://fbref.com/en/players/9f472354/Shane-Long,2012,ie Rep. of Ireland,UEFA Euro,25,2,42,0,0
Shane Long,https://fbref.com/en/players/9f472354/Shane-Long,2012,ie Rep. of Ireland,UEFA Euro Qualifying,25,5,236,1,
Shane Long,https://fbref.com/en/players/9f472354/Shane-Long,2014,ie Rep. of Ireland,WCQ,27,7,410,0,0
Shane Long,https://fbref.com/en/players/9f472354/Shane-Long,2014,ie Rep. of Ireland,Friendlies (M),27,7,303,1,0
Shane Long,https://fbref.com/en/players/9f472354/Shane-Long,2015,ie Rep. of Ireland,Friendlies (M),28,1,45,0,0
Shane Long,https://fbref.com/en/players/9f472354/Shane-Long,2016,ie Rep. of Ireland,UEFA Euro Qualifying,29,9,282,3,0
Shane Long,https://fbref.com/en/players/9f472354/Shane-Long,2016,ie Rep. of Ireland,UEFA Euro,29,4,347,0,0
Shane Long,https://fbref.com/en/players/9f472354/Shane-Long,2016,ie Rep. of Ireland,Friendlies (M),29,5,262,2,1
Shane Long,https://fbref.com/en/players/9f472354/Shane-Long,2017,ie Rep. of Ireland,Friendlies (M),30,1,19,0,0
Shane Long,https://fbref.com/en/players/9f472354/Shane-Long,2018,ie Rep. of Ireland,WCQ,31,9,629,1,1
Shane Long,https://fbref.com/en/players/9f472354/Shane-Long,2018,ie Rep. of Ireland,Friendlies (M),31,2,98,0,0
Shane Long,https://fbref.com/en/players/9f472354/Shane-Long,2018-2019,ie Rep. of Ireland,UEFA Nations League,31,2,117,0,0
Shane Long,https://fbref.com/en/players/9f472354/Shane-Long,2020-2021,ie Rep. of Ireland,UEFA Nations League,33,2,87,0,0
Shane Long,https://fbref.com/en/players/9f472354/Shane-Long,2021,ie Rep. of Ireland,Friendlies (M),34,1,56,0,0
Shane Long,https://fbref.com/en/players/9f472354/Shane-Long,2021,ie Rep. of Ireland,UEFA Euro Qualifying,34,1,9,0,0
Shane Long,https://fbref.com/en/players/9f472354/Shane-Long,2022,ie Rep. of Ireland,WCQ,35,2,42,0,1
Shaun Cummings,https://fbref.com/en/players/6bfe339f/Shaun-Cummings,2014,jm Jamaica,WCQ,24,2,180,0,0
Shaun Cummings,https://fbref.com/en/players/6bfe339f/Shaun-Cummings,2015,jm Jamaica,Friendlies (M),25,1,90,0,0
Shaun MacDonald,https://fbref.com/en/players/fdcff59c/Shaun-MacDonald,2010,wls Wales,WCQ,21,0,,,
Shaun MacDonald,https://fbref.com/en/players/fdcff59c/Shaun-MacDonald,2012,wls Wales,UEFA Euro Qualifying,23,1,2,0,
Shaun MacDonald,https://fbref.com/en/players/fdcff59c/Shaun-MacDonald,2015,wls Wales,Friendlies (M),26,0,,,
Shaun MacDonald,https://fbref.com/en/players/fdcff59c/Shaun-MacDonald,2016,wls Wales,Friendlies (M),27,1,30,0,0
Shaun MacDonald,https://fbref.com/en/players/fdcff59c/Shaun-MacDonald,2016,wls Wales,UEFA Euro Qualifying,27,2,7,0,0
Shaun MacDonald,https://fbref.com/en/players/fdcff59c/Shaun-MacDonald,2018,wls Wales,WCQ,29,0,,,
Shaun Maloney,https://fbref.com/en/players/0558e236/Shaun-Maloney,2006,sct Scotland,WCQ,23,0,,,
Shaun Maloney,https://fbref.com/en/players/0558e236/Shaun-Maloney,2008,sct Scotland,UEFA Euro Qualifying,25,6,222,1,
Shaun Maloney,https://fbref.com/en/players/0558e236/Shaun-Maloney,2010,sct Scotland,WCQ,27,5,286,0,
Shaun Maloney,https://fbref.com/en/players/0558e236/Shaun-Maloney,2012,sct Scotland,UEFA Euro Qualifying,29,1,3,0,
Shaun Maloney,https://fbref.com/en/players/0558e236/Shaun-Maloney,2014,sct Scotland,WCQ,31,8,692,1,0
Shaun Maloney,https://fbref.com/en/players/0558e236/Shaun-Maloney,2014,sct Scotland,Friendlies (M),31,1,80,0,0
Shaun Maloney,https://fbref.com/en/players/0558e236/Shaun-Maloney,2015,sct Scotland,Friendlies (M),32,2,103,0,0
Shaun Maloney,https://fbref.com/en/players/0558e236/Shaun-Maloney,2016,sct Scotland,Friendlies (M),33,2,113,0,0
Shaun Maloney,https://fbref.com/en/players/0558e236/Shaun-Maloney,2016,sct Scotland,UEFA Euro Qualifying,33,10,720,5,0
Shaun Maloney,https://fbref.com/en/players/0558e236/Shaun-Maloney,2018,sct Scotland,WCQ,35,0,,,
Shaun Wright-Phillips,https://fbref.com/en/players/e1e0b05f/Shaun-Wright-Phillips,2006,eng England,WCQ,24,4,204,0,
Shaun Wright-Phillips,https://fbref.com/en/players/e1e0b05f/Shaun-Wright-Phillips,2008,eng England,UEFA Euro Qualifying,26,7,424,2,
Shaun Wright-Phillips,https://fbref.com/en/players/e1e0b05f/Shaun-Wright-Phillips,2010,eng England,1. World Cup,28,3,92,0,
Shaun Wright-Phillips,https://fbref.com/en/players/e1e0b05f/Shaun-Wright-Phillips,2010,eng England,WCQ,28,6,260,1,
Shaun Wright-Phillips,https://fbref.com/en/players/e1e0b05f/Shaun-Wright-Phillips,2012,eng England,UEFA Euro Qualifying,30,2,29,0,
Shay Given,https://fbref.com/en/players/0db918ff/Shay-Given,2002,ie Rep. of Ireland,1. World Cup,26,4,390,0,
Shay Given,https://fbref.com/en/players/0db918ff/Shay-Given,2006,ie Rep. of Ireland,WCQ,29,10,900,0,
Shay Given,https://fbref.com/en/players/0db918ff/Shay-Given,2008,ie Rep. of Ireland,UEFA Euro Qualifying,31,9,810,0,
Shay Given,https://fbref.com/en/players/0db918ff/Shay-Given,2010,ie Rep. of Ireland,WCQ,33,12,1110,0,
Shay Given,https://fbref.com/en/players/0db918ff/Shay-Given,2012,ie Rep. of Ireland,UEFA Euro,35,3,270,0,0
Shay Given,https://fbref.com/en/players/0db918ff/Shay-Given,2012,ie Rep. of Ireland,UEFA Euro Qualifying,35,11,990,0,
Shay Given,https://fbref.com/en/players/0db918ff/Shay-Given,2014,ie Rep. of Ireland,Friendlies (M),37,2,128,0,0
Shay Given,https://fbref.com/en/players/0db918ff/Shay-Given,2015,ie Rep. of Ireland,Friendlies (M),38,1,30,0,0
Shay Given,https://fbref.com/en/players/0db918ff/Shay-Given,2016,ie Rep. of Ireland,Friendlies (M),39,1,68,0,0
Shay Given,https://fbref.com/en/players/0db918ff/Shay-Given,2016,ie Rep. of Ireland,UEFA Euro,39,0,,,
Shay Given,https://fbref.com/en/players/0db918ff/Shay-Given,2016,ie Rep. of Ireland,UEFA Euro Qualifying,39,5,402,0,0
Shefki Kuqi,https://fbref.com/en/players/1e05027f/Shefki-Kuqi,2006,fi Finland,WCQ,29,6,540,2,
Shefki Kuqi,https://fbref.com/en/players/1e05027f/Shefki-Kuqi,2008,fi Finland,UEFA Euro Qualifying,31,8,200,1,
Shefki Kuqi,https://fbref.com/en/players/1e05027f/Shefki-Kuqi,2010,fi Finland,WCQ,33,6,123,1,
Shefki Kuqi,https://fbref.com/en/players/1e05027f/Shefki-Kuqi,2012,fi Finland,UEFA Euro Qualifying,35,1,10,0,
Shinji Kagawa,https://fbref.com/en/players/5afafbfe/Shinji-Kagawa,2010,jp Japan,WCQ,20,3,175,0,
Shinji Kagawa,https://fbref.com/en/players/5afafbfe/Shinji-Kagawa,2011,jp Japan,Asian Cup,21,5,419,2,2
Shinji Kagawa,https://fbref.com/en/players/5afafbfe/Shinji-Kagawa,2011,jp Japan,Asian Cup qualification,21,2,115,0,
Shinji Kagawa,https://fbref.com/en/players/5afafbfe/Shinji-Kagawa,2013,jp Japan,FIFA Confederations Cup,23,3,270,1,0
Shinji Kagawa,https://fbref.com/en/players/5afafbfe/Shinji-Kagawa,2014,jp Japan,1. World Cup,25,3,203,0,0
Shinji Kagawa,https://fbref.com/en/players/5afafbfe/Shinji-Kagawa,2014,jp Japan,WCQ,24,11,989,4,
Shinji Kagawa,https://fbref.com/en/players/5afafbfe/Shinji-Kagawa,2014,jp Japan,Friendlies (M),24,7,604,3,2
Shinji Kagawa,https://fbref.com/en/players/5afafbfe/Shinji-Kagawa,2015,jp Japan,Friendlies (M),25,4,209,0,1
Shinji Kagawa,https://fbref.com/en/players/5afafbfe/Shinji-Kagawa,2015,jp Japan,Asian Cup,25,4,390,1,1
Shinji Kagawa,https://fbref.com/en/players/5afafbfe/Shinji-Kagawa,2016,jp Japan,Friendlies (M),26,0,,,
Shinji Kagawa,https://fbref.com/en/players/5afafbfe/Shinji-Kagawa,2017,jp Japan,Friendlies (M),27,3,100,1,0
Shinji Kagawa,https://fbref.com/en/players/5afafbfe/Shinji-Kagawa,2018,jp Japan,1. World Cup,29,3,230,1,1
Shinji Kagawa,https://fbref.com/en/players/5afafbfe/Shinji-Kagawa,2018,jp Japan,WCQ,28,14,966,6,0
Shinji Kagawa,https://fbref.com/en/players/5afafbfe/Shinji-Kagawa,2018,jp Japan,Friendlies (M),28,3,150,1,2
Shinji Kagawa,https://fbref.com/en/players/5afafbfe/Shinji-Kagawa,2019,jp Japan,Friendlies (M),29,2,93,0,0
Shinji Okazaki,https://fbref.com/en/players/68796d61/Shinji-Okazaki,2010,jp Japan,1. World Cup,24,4,109,1,
Shinji Okazaki,https://fbref.com/en/players/68796d61/Shinji-Okazaki,2010,jp Japan,WCQ,23,7,317,1,
Shinji Okazaki,https://fbref.com/en/players/68796d61/Shinji-Okazaki,2011,jp Japan,Asian Cup,24,6,479,3,1
Shinji Okazaki,https://fbref.com/en/players/68796d61/Shinji-Okazaki,2011,jp Japan,Asian Cup qualification,24,5,435,6,
Shinji Okazaki,https://fbref.com/en/players/68796d61/Shinji-Okazaki,2013,jp Japan,FIFA Confederations Cup,26,3,270,2,0
Shinji Okazaki,https://fbref.com/en/players/68796d61/Shinji-Okazaki,2014,jp Japan,1. World Cup,28,3,248,1,0
Shinji Okazaki,https://fbref.com/en/players/68796d61/Shinji-Okazaki,2014,jp Japan,WCQ,27,14,1218,8,
Shinji Okazaki,https://fbref.com/en/players/68796d61/Shinji-Okazaki,2014,jp Japan,Friendlies (M),27,10,625,3,1
Shinji Okazaki,https://fbref.com/en/players/68796d61/Shinji-Okazaki,2015,jp Japan,Friendlies (M),28,3,180,2,0
Shinji Okazaki,https://fbref.com/en/players/68796d61/Shinji-Okazaki,2015,jp Japan,Asian Cup,28,4,311,1,0
Shinji Okazaki,https://fbref.com/en/players/68796d61/Shinji-Okazaki,2016,jp Japan,Friendlies (M),29,1,31,0,0
Shinji Okazaki,https://fbref.com/en/players/68796d61/Shinji-Okazaki,2017,jp Japan,Friendlies (M),30,1,6,0,0
Shinji Okazaki,https://fbref.com/en/players/68796d61/Shinji-Okazaki,2018,jp Japan,1. World Cup,32,3,68,0,0
Shinji Okazaki,https://fbref.com/en/players/68796d61/Shinji-Okazaki,2018,jp Japan,WCQ,31,14,884,5,1
Shinji Okazaki,https://fbref.com/en/players/68796d61/Shinji-Okazaki,2018,jp Japan,Friendlies (M),31,2,105,0,0
Shola Ameobi,https://fbref.com/en/players/e79a368b/Shola-Ameobi,2014,ng Nigeria,1. World Cup,32,2,65,0,0
Shola Ameobi,https://fbref.com/en/players/e79a368b/Shola-Ameobi,2014,ng Nigeria,WCQ,32,1,8,0,
Shola Ameobi,https://fbref.com/en/players/e79a368b/Shola-Ameobi,2014,ng Nigeria,Friendlies (M),32,1,63,0,0
Siem de Jong,https://fbref.com/en/players/cf2a6ace/Siem-de-Jong,2014,nl Netherlands,WCQ,25,1,5,0,0
Siem de Jong,https://fbref.com/en/players/cf2a6ace/Siem-de-Jong,2014,nl Netherlands,Friendlies (M),25,0,,,
Siem de Jong,https://fbref.com/en/players/cf2a6ace/Siem-de-Jong,2018,nl Netherlands,WCQ,29,0,,,
Silvestre Varela,https://fbref.com/en/players/9dffef9e/Silvestre-Varela,2012,pt Portugal,UEFA Euro,26,3,26,1,0
Silvestre Varela,https://fbref.com/en/players/9dffef9e/Silvestre-Varela,2012,pt Portugal,UEFA Euro Qualifying,26,2,8,0,
Silvestre Varela,https://fbref.com/en/players/9dffef9e/Silvestre-Varela,2014,pt Portugal,1. World Cup,29,2,51,1,0
Silvestre Varela,https://fbref.com/en/players/9dffef9e/Silvestre-Varela,2014,pt Portugal,WCQ,28,7,298,2,0
Silvestre Varela,https://fbref.com/en/players/9dffef9e/Silvestre-Varela,2014,pt Portugal,Friendlies (M),28,2,94,0,1
Silvestre Varela,https://fbref.com/en/players/9dffef9e/Silvestre-Varela,2015,pt Portugal,Friendlies (M),29,1,75,0,0
Silvestre Varela,https://fbref.com/en/players/9dffef9e/Silvestre-Varela,2016,pt Portugal,UEFA Euro Qualifying,30,0,,,
Simeon Jackson,https://fbref.com/en/players/8f8bbbac/Simeon-Jackson,2010,ca Canada,WCQ,22,0,,,
Simeon Jackson,https://fbref.com/en/players/8f8bbbac/Simeon-Jackson,2014,ca Canada,WCQ,26,12,711,4,0
Simeon Jackson,https://fbref.com/en/players/8f8bbbac/Simeon-Jackson,2014,ca Canada,Friendlies (M),26,3,195,0,0
Simeon Jackson,https://fbref.com/en/players/8f8bbbac/Simeon-Jackson,2015,ca Canada,Friendlies (M),27,3,51,0,0
Simeon Jackson,https://fbref.com/en/players/8f8bbbac/Simeon-Jackson,2015,ca Canada,Gold Cup,27,0,,,
Simeon Jackson,https://fbref.com/en/players/8f8bbbac/Simeon-Jackson,2016,ca Canada,Friendlies (M),28,3,95,0,0
Simeon Jackson,https://fbref.com/en/players/8f8bbbac/Simeon-Jackson,2017,ca Canada,Friendlies (M),29,1,75,0,0
Simeon Jackson,https://fbref.com/en/players/8f8bbbac/Simeon-Jackson,2018,ca Canada,WCQ,30,0,,,
Simon Cox,https://fbref.com/en/players/6124c209/Simon-Cox,2012,ie Rep. of Ireland,UEFA Euro,24,3,87,0,0
Simon Cox,https://fbref.com/en/players/6124c209/Simon-Cox,2012,ie Rep. of Ireland,UEFA Euro Qualifying,24,6,234,0,
Simon Cox,https://fbref.com/en/players/6124c209/Simon-Cox,2014,ie Rep. of Ireland,WCQ,26,5,297,0,0
Simon Cox,https://fbref.com/en/players/6124c209/Simon-Cox,2014,ie Rep. of Ireland,Friendlies (M),26,3,42,0,0
Simon Davies,https://fbref.com/en/players/522b6d6c/Simon-Davies,2006,wls Wales,WCQ,26,8,683,1,
Simon Davies,https://fbref.com/en/players/522b6d6c/Simon-Davies,2008,wls Wales,UEFA Euro Qualifying,28,12,1065,1,
Simon Davies,https://fbref.com/en/players/522b6d6c/Simon-Davies,2010,wls Wales,WCQ,30,6,540,0,
Simon Dawkins,https://fbref.com/en/players/9db762f1/Simon-Dawkins,2014,jm Jamaica,Friendlies (M),26,5,428,1,0
Simon Dawkins,https://fbref.com/en/players/9db762f1/Simon-Dawkins,2015,jm Jamaica,Friendlies (M),27,1,89,0,0
Simon Dawkins,https://fbref.com/en/players/9db762f1/Simon-Dawkins,2015,jm Jamaica,Gold Cup,27,5,346,0,0
Simon Dawkins,https://fbref.com/en/players/9db762f1/Simon-Dawkins,2018,jm Jamaica,WCQ,30,4,173,1,0
Simon Mignolet,https://fbref.com/en/players/d436eb94/Simon-Mignolet,2012,be Belgium,UEFA Euro Qualifying,23,6,540,0,
Simon Mignolet,https://fbref.com/en/players/d436eb94/Simon-Mignolet,2014,be Belgium,1. World Cup,26,0,,,
Simon Mignolet,https://fbref.com/en/players/d436eb94/Simon-Mignolet,2014,be Belgium,WCQ,25,0,,,
Simon Mignolet,https://fbref.com/en/players/d436eb94/Simon-Mignolet,2014,be Belgium,Friendlies (M),25,0,,,
Simon Mignolet,https://fbref.com/en/players/d436eb94/Simon-Mignolet,2015,be Belgium,Friendlies (M),26,1,90,0,0
Simon Mignolet,https://fbref.com/en/players/d436eb94/Simon-Mignolet,2016,be Belgium,Friendlies (M),27,1,90,0,0
Simon Mignolet,https://fbref.com/en/players/d436eb94/Simon-Mignolet,2016,be Belgium,UEFA Euro,27,0,,,
Simon Mignolet,https://fbref.com/en/players/d436eb94/Simon-Mignolet,2016,be Belgium,UEFA Euro Qualifying,27,2,180,0,0
Simon Mignolet,https://fbref.com/en/players/d436eb94/Simon-Mignolet,2017,be Belgium,Friendlies (M),28,2,180,0,0
Simon Mignolet,https://fbref.com/en/players/d436eb94/Simon-Mignolet,2018,be Belgium,Friendlies (M),29,2,180,0,0
Simon Mignolet,https://fbref.com/en/players/d436eb94/Simon-Mignolet,2018,be Belgium,WCQ,29,0,,,
Simon Mignolet,https://fbref.com/en/players/d436eb94/Simon-Mignolet,2018,be Belgium,1. World Cup,30,0,,,
Simon Mignolet,https://fbref.com/en/players/d436eb94/Simon-Mignolet,2018-2019,be Belgium,UEFA Nations League,30,0,,,
Simon Mignolet,https://fbref.com/en/players/d436eb94/Simon-Mignolet,2020,be Belgium,Friendlies (M),31,2,166,0,0
Simon Mignolet,https://fbref.com/en/players/d436eb94/Simon-Mignolet,2020-2021,be Belgium,UEFA Nations League,32,4,305,0,0
Simon Mignolet,https://fbref.com/en/players/d436eb94/Simon-Mignolet,2021,be Belgium,Friendlies (M),32,1,89,0,0
Simon Mignolet,https://fbref.com/en/players/d436eb94/Simon-Mignolet,2021,be Belgium,UEFA Euro,32,0,,,
Simon Mignolet,https://fbref.com/en/players/d436eb94/Simon-Mignolet,2021,be Belgium,UEFA Euro Qualifying,32,1,90,0,0
Simon Mignolet,https://fbref.com/en/players/d436eb94/Simon-Mignolet,2022,be Belgium,1. World Cup,34,0,,,
Simon Mignolet,https://fbref.com/en/players/d436eb94/Simon-Mignolet,2022,be Belgium,WCQ,33,1,90,0,0
Simon Mignolet,https://fbref.com/en/players/d436eb94/Simon-Mignolet,2022,be Belgium,Friendlies (M),33,1,90,0,0
Simon Mignolet,https://fbref.com/en/players/d436eb94/Simon-Mignolet,2022-2023,be Belgium,UEFA Nations League,34,3,270,0,0
Simon Vukčević,https://fbref.com/en/players/562d696a/Simon-Vukcevic,2006,rs Serbia & Montenegro,WCQ,20,1,9,0,
Simon Vukčević,https://fbref.com/en/players/562d696a/Simon-Vukcevic,2010,me Montenegro,WCQ,24,8,612,0,
Simon Vukčević,https://fbref.com/en/players/562d696a/Simon-Vukcevic,2012,me Montenegro,UEFA Euro Qualifying,26,8,631,0,
Simon Vukčević,https://fbref.com/en/players/562d696a/Simon-Vukcevic,2014,me Montenegro,WCQ,28,8,392,0,0
Simon Vukčević,https://fbref.com/en/players/562d696a/Simon-Vukcevic,2016,me Montenegro,UEFA Euro Qualifying,30,2,90,0,0
Sol Campbell,https://fbref.com/en/players/3e3b2fbd/Sol-Campbell,1998,eng England,1. World Cup,23,4,390,0,0
Sol Campbell,https://fbref.com/en/players/3e3b2fbd/Sol-Campbell,2000,eng England,UEFA Euro,25,3,270,0,
Sol Campbell,https://fbref.com/en/players/3e3b2fbd/Sol-Campbell,2002,eng England,1. World Cup,27,5,450,1,
Sol Campbell,https://fbref.com/en/players/3e3b2fbd/Sol-Campbell,2004,eng England,UEFA Euro,29,4,390,0,
Sol Campbell,https://fbref.com/en/players/3e3b2fbd/Sol-Campbell,2006,eng England,1. World Cup,31,1,35,0,
Sol Campbell,https://fbref.com/en/players/3e3b2fbd/Sol-Campbell,2006,eng England,WCQ,31,3,244,0,
Sol Campbell,https://fbref.com/en/players/3e3b2fbd/Sol-Campbell,2008,eng England,UEFA Euro Qualifying,33,3,270,0,
Somen Tchoyi,https://fbref.com/en/players/84f5fc82/Somen-Tchoyi,2010,cm Cameroon,Africa Cup of Nations,26,2,135,0,0
Son Heung-min,https://fbref.com/en/players/92e7e919/Son-Heung-min,2011,kr Korea Republic,Asian Cup,18,4,132,1,0
Son Heung-min,https://fbref.com/en/players/92e7e919/Son-Heung-min,2014,kr Korea Republic,1. World Cup,21,3,245,1,0
Son Heung-min,https://fbref.com/en/players/92e7e919/Son-Heung-min,2014,kr Korea Republic,WCQ,21,9,369,1,
Son Heung-min,https://fbref.com/en/players/92e7e919/Son-Heung-min,2014,kr Korea Republic,Friendlies (M),21,5,338,1,1
Son Heung-min,https://fbref.com/en/players/92e7e919/Son-Heung-min,2015,kr Korea Republic,Friendlies (M),22,3,168,0,1
Son Heung-min,https://fbref.com/en/players/92e7e919/Son-Heung-min,2015,kr Korea Republic,Asian Cup,22,5,462,3,0
Son Heung-min,https://fbref.com/en/players/92e7e919/Son-Heung-min,2016,kr Korea Republic,Friendlies (M),23,2,149,0,0
Son Heung-min,https://fbref.com/en/players/92e7e919/Son-Heung-min,2017,kr Korea Republic,Friendlies (M),24,5,382,3,0
Son Heung-min,https://fbref.com/en/players/92e7e919/Son-Heung-min,2018,kr Korea Republic,Friendlies (M),25,10,804,1,3
Son Heung-min,https://fbref.com/en/players/92e7e919/Son-Heung-min,2018,kr Korea Republic,WCQ,25,12,958,7,1
Son Heung-min,https://fbref.com/en/players/92e7e919/Son-Heung-min,2018,kr Korea Republic,1. World Cup,25,3,270,2,0
Son Heung-min,https://fbref.com/en/players/92e7e919/Son-Heung-min,2019,kr Korea Republic,Friendlies (M),26,6,510,1,1
Son Heung-min,https://fbref.com/en/players/92e7e919/Son-Heung-min,2019,kr Korea Republic,Asian Cup,26,3,298,0,1
Son Heung-min,https://fbref.com/en/players/92e7e919/Son-Heung-min,2020,kr Korea Republic,Friendlies (M),27,2,180,0,2
Son Heung-min,https://fbref.com/en/players/92e7e919/Son-Heung-min,2022,kr Korea Republic,1. World Cup,29,4,360,0,1
Son Heung-min,https://fbref.com/en/players/92e7e919/Son-Heung-min,2022,kr Korea Republic,WCQ,29,12,1047,7,1
Son Heung-min,https://fbref.com/en/players/92e7e919/Son-Heung-min,2022,kr Korea Republic,Friendlies (M),29,6,539,4,0
Son Heung-min,https://fbref.com/en/players/92e7e919/Son-Heung-min,2023,kr Korea Republic,Friendlies (M),30,6,471,3,1
Son Heung-min,https://fbref.com/en/players/92e7e919/Son-Heung-min,2023,kr Korea Republic,Asian Cup,30,6,600,3,0
Son Heung-min,https://fbref.com/en/players/92e7e919/Son-Heung-min,2025,kr Korea Republic,Friendlies (M),32,6,352,3,1
Son Heung-min,https://fbref.com/en/players/92e7e919/Son-Heung-min,2026,kr Korea Republic,WCQ,33,13,1064,10,4
Sone Aluko,https://fbref.com/en/players/5a75d4cc/Sone-Aluko,2014,ng Nigeria,WCQ,24,0,,,
Sone Aluko,https://fbref.com/en/players/5a75d4cc/Sone-Aluko,2015,ng Nigeria,Friendlies (M),25,1,26,0,0
Sotirios Kyrgiakos,https://fbref.com/en/players/2bc82fdc/Sotirios-Kyrgiakos,2005,gr Greece,FIFA Confederations Cup,25,2,180,0,
Sotirios Kyrgiakos,https://fbref.com/en/players/2bc82fdc/Sotirios-Kyrgiakos,2006,gr Greece,WCQ,26,3,221,0,
Sotirios Kyrgiakos,https://fbref.com/en/players/2bc82fdc/Sotirios-Kyrgiakos,2008,gr Greece,UEFA Euro,28,3,241,0,
Sotirios Kyrgiakos,https://fbref.com/en/players/2bc82fdc/Sotirios-Kyrgiakos,2008,gr Greece,UEFA Euro Qualifying,28,12,1080,3,
Sotirios Kyrgiakos,https://fbref.com/en/players/2bc82fdc/Sotirios-Kyrgiakos,2010,gr Greece,1. World Cup,30,2,180,0,
Sotirios Kyrgiakos,https://fbref.com/en/players/2bc82fdc/Sotirios-Kyrgiakos,2010,gr Greece,WCQ,30,11,881,0,
Stéphane Mbia,https://fbref.com/en/players/c39d9657/Stephane-Mbia,2010,cm Cameroon,1. World Cup,24,3,270,0,
Stéphane Mbia,https://fbref.com/en/players/c39d9657/Stephane-Mbia,2010,cm Cameroon,Africa Cup of Nations,23,1,45,0,0
Stéphane Mbia,https://fbref.com/en/players/c39d9657/Stephane-Mbia,2014,cm Cameroon,1. World Cup,28,3,270,0,0
Stéphane Mbia,https://fbref.com/en/players/c39d9657/Stephane-Mbia,2014,cm Cameroon,WCQ,27,7,422,0,
Stéphane Mbia,https://fbref.com/en/players/c39d9657/Stephane-Mbia,2014,cm Cameroon,Friendlies (M),27,1,45,0,0
Stéphane Mbia,https://fbref.com/en/players/c39d9657/Stephane-Mbia,2015,cm Cameroon,Friendlies (M),28,3,181,0,0
Stéphane Mbia,https://fbref.com/en/players/c39d9657/Stephane-Mbia,2015,cm Cameroon,Africa Cup of Nations,28,2,180,0,0
Stéphane Mbia,https://fbref.com/en/players/c39d9657/Stephane-Mbia,2017,cm Cameroon,Africa Cup of Nations qualification,30,3,270,0,0
Stéphane Mbia,https://fbref.com/en/players/c39d9657/Stephane-Mbia,2018,cm Cameroon,WCQ,31,2,161,1,0
Stéphane Sessègnon,https://fbref.com/en/players/35c5f9b1/Stephane-Sessegnon,2010,bj Benin,Africa Cup of Nations,25,2,180,0,0
Stéphane Sessègnon,https://fbref.com/en/players/35c5f9b1/Stephane-Sessegnon,2014,bj Benin,WCQ,29,4,359,1,
Stéphane Sessègnon,https://fbref.com/en/players/35c5f9b1/Stephane-Sessegnon,2014,bj Benin,Friendlies (M),29,1,89,0,0
Stéphane Sessègnon,https://fbref.com/en/players/35c5f9b1/Stephane-Sessegnon,2015,bj Benin,Friendlies (M),30,1,90,0,0
Stéphane Sessègnon,https://fbref.com/en/players/35c5f9b1/Stephane-Sessegnon,2015,bj Benin,Africa Cup of Nations qualification,30,4,390,4,
Stéphane Sessègnon,https://fbref.com/en/players/35c5f9b1/Stephane-Sessegnon,2017,bj Benin,Friendlies (M),32,3,270,1,0
Stéphane Sessègnon,https://fbref.com/en/players/35c5f9b1/Stephane-Sessegnon,2017,bj Benin,Africa Cup of Nations qualification,32,6,540,5,0
Stéphane Sessègnon,https://fbref.com/en/players/35c5f9b1/Stephane-Sessegnon,2018,bj Benin,WCQ,33,2,180,1,0
Stéphane Sessègnon,https://fbref.com/en/players/35c5f9b1/Stephane-Sessegnon,2019,bj Benin,Friendlies (M),34,3,255,2,0
Stéphane Sessègnon,https://fbref.com/en/players/35c5f9b1/Stephane-Sessegnon,2019,bj Benin,Africa Cup of Nations,34,4,390,0,0
Stéphane Sessègnon,https://fbref.com/en/players/35c5f9b1/Stephane-Sessegnon,2019,bj Benin,Africa Cup of Nations qualification,34,4,323,1,1
Stéphane Sessègnon,https://fbref.com/en/players/35c5f9b1/Stephane-Sessegnon,2021,bj Benin,Africa Cup of Nations qualification,36,2,179,1,0
Stéphane Sessègnon,https://fbref.com/en/players/35c5f9b1/Stephane-Sessegnon,2022,bj Benin,Friendlies (M),37,1,90,0,0
Stéphane Sessègnon,https://fbref.com/en/players/35c5f9b1/Stephane-Sessegnon,2023,bj Benin,Africa Cup of Nations qualification,38,4,77,0,0
Stanislav Manolev,https://fbref.com/en/players/42138efa/Stanislav-Manolev,2010,bg Bulgaria,WCQ,24,4,360,0,
Stanislav Manolev,https://fbref.com/en/players/42138efa/Stanislav-Manolev,2012,bg Bulgaria,UEFA Euro Qualifying,26,4,294,0,
Stanislav Manolev,https://fbref.com/en/players/42138efa/Stanislav-Manolev,2014,bg Bulgaria,WCQ,28,8,648,3,0
Stanislav Manolev,https://fbref.com/en/players/42138efa/Stanislav-Manolev,2014,bg Bulgaria,Friendlies (M),28,2,81,0,1
Stanislav Manolev,https://fbref.com/en/players/42138efa/Stanislav-Manolev,2015,bg Bulgaria,Friendlies (M),29,2,149,0,0
Stanislav Manolev,https://fbref.com/en/players/42138efa/Stanislav-Manolev,2016,bg Bulgaria,UEFA Euro Qualifying,30,7,578,0,1
Stanislav Manolev,https://fbref.com/en/players/42138efa/Stanislav-Manolev,2018,bg Bulgaria,WCQ,32,5,391,1,0
Stanislav Manolev,https://fbref.com/en/players/42138efa/Stanislav-Manolev,2018,bg Bulgaria,Friendlies (M),32,1,57,0,0
Stefan Maierhofer,https://fbref.com/en/players/6dfec8d4/Stefan-Maierhofer,2010,at Austria,WCQ,27,8,405,1,
Stefan Maierhofer,https://fbref.com/en/players/6dfec8d4/Stefan-Maierhofer,2012,at Austria,UEFA Euro Qualifying,29,7,329,0,
Stefan Savić,https://fbref.com/en/players/f6ac68c1/Stefan-Savic,2012,me Montenegro,UEFA Euro Qualifying,21,8,720,0,
Stefan Savić,https://fbref.com/en/players/f6ac68c1/Stefan-Savic,2014,me Montenegro,WCQ,23,8,675,0,0
Stefan Savić,https://fbref.com/en/players/f6ac68c1/Stefan-Savic,2014,me Montenegro,Friendlies (M),23,1,90,0,0
Stefan Savić,https://fbref.com/en/players/f6ac68c1/Stefan-Savic,2015,me Montenegro,Friendlies (M),24,2,180,0,0
Stefan Savić,https://fbref.com/en/players/f6ac68c1/Stefan-Savic,2016,me Montenegro,UEFA Euro Qualifying,25,8,720,1,0
Stefan Savić,https://fbref.com/en/players/f6ac68c1/Stefan-Savic,2017,me Montenegro,Friendlies (M),26,1,45,0,0
Stefan Savić,https://fbref.com/en/players/f6ac68c1/Stefan-Savic,2018,me Montenegro,WCQ,27,9,810,1,0
Stefan Savić,https://fbref.com/en/players/f6ac68c1/Stefan-Savic,2018,me Montenegro,Friendlies (M),27,2,133,0,0
Stefan Savić,https://fbref.com/en/players/f6ac68c1/Stefan-Savic,2018-2019,me Montenegro,UEFA Nations League,27,2,169,1,0
Stefan Savić,https://fbref.com/en/players/f6ac68c1/Stefan-Savic,2020,me Montenegro,Friendlies (M),29,0,,,
Stefan Savić,https://fbref.com/en/players/f6ac68c1/Stefan-Savic,2020-2021,me Montenegro,UEFA Nations League,29,3,270,0,0
Stefan Savić,https://fbref.com/en/players/f6ac68c1/Stefan-Savic,2021,me Montenegro,UEFA Euro Qualifying,30,2,128,0,0
Stefan Savić,https://fbref.com/en/players/f6ac68c1/Stefan-Savic,2022,me Montenegro,WCQ,31,6,461,0,1
Stefan Savić,https://fbref.com/en/players/f6ac68c1/Stefan-Savic,2022,me Montenegro,Friendlies (M),31,3,241,2,0
Stefan Savić,https://fbref.com/en/players/f6ac68c1/Stefan-Savic,2023,me Montenegro,Friendlies (M),32,1,90,0,0
Stefan Savić,https://fbref.com/en/players/f6ac68c1/Stefan-Savic,2024,me Montenegro,Friendlies (M),33,1,90,0,0
Stefan Savić,https://fbref.com/en/players/f6ac68c1/Stefan-Savic,2024,me Montenegro,UEFA Euro Qualifying,33,7,630,2,0
Stefan Savić,https://fbref.com/en/players/f6ac68c1/Stefan-Savic,2025,me Montenegro,Friendlies (M),34,0,,,
Stefan Savić,https://fbref.com/en/players/f6ac68c1/Stefan-Savic,2026,me Montenegro,WCQ,35,4,360,0,0
Stephen Carr,https://fbref.com/en/players/eb0ae1e9/Stephen-Carr,2006,ie Rep. of Ireland,WCQ,29,9,790,0,
Stephen Carr,https://fbref.com/en/players/eb0ae1e9/Stephen-Carr,2008,ie Rep. of Ireland,UEFA Euro Qualifying,31,1,90,0,
Stephen Crainey,https://fbref.com/en/players/2f6dd6a3/Stephen-Crainey,2012,sct Scotland,UEFA Euro Qualifying,30,1,21,0,
Stephen Hunt,https://fbref.com/en/players/51ac7604/Stephen-Hunt,2008,ie Rep. of Ireland,UEFA Euro Qualifying,26,6,176,0,
Stephen Hunt,https://fbref.com/en/players/51ac7604/Stephen-Hunt,2010,ie Rep. of Ireland,WCQ,28,10,618,0,
Stephen Hunt,https://fbref.com/en/players/51ac7604/Stephen-Hunt,2012,ie Rep. of Ireland,UEFA Euro,30,0,,,
Stephen Hunt,https://fbref.com/en/players/51ac7604/Stephen-Hunt,2012,ie Rep. of Ireland,UEFA Euro Qualifying,30,7,236,0,
Stephen Ireland,https://fbref.com/en/players/bcf30f17/Stephen-Ireland,2008,ie Rep. of Ireland,UEFA Euro Qualifying,21,5,373,4,
Stephen Kelly,https://fbref.com/en/players/4d7dd756/Stephen-Kelly,2008,ie Rep. of Ireland,UEFA Euro Qualifying,24,4,360,0,
Stephen Kelly,https://fbref.com/en/players/4d7dd756/Stephen-Kelly,2010,ie Rep. of Ireland,WCQ,26,1,90,0,
Stephen Kelly,https://fbref.com/en/players/4d7dd756/Stephen-Kelly,2012,ie Rep. of Ireland,UEFA Euro,28,0,,,
Stephen Kelly,https://fbref.com/en/players/4d7dd756/Stephen-Kelly,2012,ie Rep. of Ireland,UEFA Euro Qualifying,28,5,376,0,
Stephen Kelly,https://fbref.com/en/players/4d7dd756/Stephen-Kelly,2014,ie Rep. of Ireland,WCQ,30,2,100,0,0
Stephen Kelly,https://fbref.com/en/players/4d7dd756/Stephen-Kelly,2014,ie Rep. of Ireland,Friendlies (M),30,2,164,0,0
Stephen Kingsley,https://fbref.com/en/players/488cc9c7/Stephen-Kingsley,2016,sct Scotland,Friendlies (M),21,1,25,0,0
Stephen Kingsley,https://fbref.com/en/players/488cc9c7/Stephen-Kingsley,2018,sct Scotland,WCQ,23,0,,,
Stephen Kingsley,https://fbref.com/en/players/488cc9c7/Stephen-Kingsley,2022-2023,sct Scotland,UEFA Nations League,28,1,20,0,0
Stephen Quinn,https://fbref.com/en/players/9ff17f6f/Stephen-Quinn,2014,ie Rep. of Ireland,WCQ,27,0,,,
Stephen Quinn,https://fbref.com/en/players/9ff17f6f/Stephen-Quinn,2014,ie Rep. of Ireland,Friendlies (M),27,7,330,0,0
Stephen Quinn,https://fbref.com/en/players/9ff17f6f/Stephen-Quinn,2015,ie Rep. of Ireland,Friendlies (M),28,0,,,
Stephen Quinn,https://fbref.com/en/players/9ff17f6f/Stephen-Quinn,2016,ie Rep. of Ireland,Friendlies (M),29,3,190,0,0
Stephen Quinn,https://fbref.com/en/players/9ff17f6f/Stephen-Quinn,2016,ie Rep. of Ireland,UEFA Euro,29,1,1,0,0
Stephen Quinn,https://fbref.com/en/players/9ff17f6f/Stephen-Quinn,2016,ie Rep. of Ireland,UEFA Euro Qualifying,29,4,194,0,0
Stephen Quinn,https://fbref.com/en/players/9ff17f6f/Stephen-Quinn,2018,ie Rep. of Ireland,WCQ,31,1,21,0,0
Stephen Ward,https://fbref.com/en/players/3831b9fe/Stephen-Ward,2012,ie Rep. of Ireland,UEFA Euro,26,3,270,0,0
Stephen Ward,https://fbref.com/en/players/3831b9fe/Stephen-Ward,2012,ie Rep. of Ireland,UEFA Euro Qualifying,26,5,450,1,
Stephen Ward,https://fbref.com/en/players/3831b9fe/Stephen-Ward,2014,ie Rep. of Ireland,WCQ,28,2,180,0,1
Stephen Ward,https://fbref.com/en/players/3831b9fe/Stephen-Ward,2014,ie Rep. of Ireland,Friendlies (M),28,5,399,0,0
Stephen Ward,https://fbref.com/en/players/3831b9fe/Stephen-Ward,2015,ie Rep. of Ireland,Friendlies (M),29,0,,,
Stephen Ward,https://fbref.com/en/players/3831b9fe/Stephen-Ward,2016,ie Rep. of Ireland,Friendlies (M),30,3,213,1,0
Stephen Ward,https://fbref.com/en/players/3831b9fe/Stephen-Ward,2016,ie Rep. of Ireland,UEFA Euro,30,3,270,0,0
Stephen Ward,https://fbref.com/en/players/3831b9fe/Stephen-Ward,2016,ie Rep. of Ireland,UEFA Euro Qualifying,30,6,473,0,0
Stephen Ward,https://fbref.com/en/players/3831b9fe/Stephen-Ward,2017,ie Rep. of Ireland,Friendlies (M),31,1,90,0,0
Stephen Ward,https://fbref.com/en/players/3831b9fe/Stephen-Ward,2018,ie Rep. of Ireland,WCQ,32,11,915,0,1
Stephen Ward,https://fbref.com/en/players/3831b9fe/Stephen-Ward,2018-2019,ie Rep. of Ireland,UEFA Nations League,32,1,60,0,0
Stevan Jovetić,https://fbref.com/en/players/f36c432f/Stevan-Jovetic,2010,me Montenegro,WCQ,20,8,720,2,
Stevan Jovetić,https://fbref.com/en/players/f36c432f/Stevan-Jovetic,2012,me Montenegro,UEFA Euro Qualifying,22,5,379,1,
Stevan Jovetić,https://fbref.com/en/players/f36c432f/Stevan-Jovetic,2014,me Montenegro,WCQ,24,8,656,2,3
Stevan Jovetić,https://fbref.com/en/players/f36c432f/Stevan-Jovetic,2014,me Montenegro,Friendlies (M),24,1,71,0,0
Stevan Jovetić,https://fbref.com/en/players/f36c432f/Stevan-Jovetic,2015,me Montenegro,Friendlies (M),25,2,132,2,0
Stevan Jovetić,https://fbref.com/en/players/f36c432f/Stevan-Jovetic,2016,me Montenegro,Friendlies (M),26,0,,,
Stevan Jovetić,https://fbref.com/en/players/f36c432f/Stevan-Jovetic,2016,me Montenegro,UEFA Euro Qualifying,26,6,454,2,2
Stevan Jovetić,https://fbref.com/en/players/f36c432f/Stevan-Jovetic,2017,me Montenegro,Friendlies (M),27,1,63,1,0
Stevan Jovetić,https://fbref.com/en/players/f36c432f/Stevan-Jovetic,2018,me Montenegro,WCQ,28,8,630,7,3
Stevan Jovetić,https://fbref.com/en/players/f36c432f/Stevan-Jovetic,2018,me Montenegro,Friendlies (M),28,1,64,0,0
Stevan Jovetić,https://fbref.com/en/players/f36c432f/Stevan-Jovetic,2018-2019,me Montenegro,UEFA Nations League,28,1,90,0,0
Stevan Jovetić,https://fbref.com/en/players/f36c432f/Stevan-Jovetic,2020,me Montenegro,Friendlies (M),30,1,35,0,0
Stevan Jovetić,https://fbref.com/en/players/f36c432f/Stevan-Jovetic,2020-2021,me Montenegro,UEFA Nations League,30,6,424,4,2
Stevan Jovetić,https://fbref.com/en/players/f36c432f/Stevan-Jovetic,2022,me Montenegro,WCQ,32,4,311,3,0
Stevan Jovetić,https://fbref.com/en/players/f36c432f/Stevan-Jovetic,2022,me Montenegro,Friendlies (M),32,1,45,0,0
Stevan Jovetić,https://fbref.com/en/players/f36c432f/Stevan-Jovetic,2022-2023,me Montenegro,UEFA Nations League,32,2,100,0,0
Stevan Jovetić,https://fbref.com/en/players/f36c432f/Stevan-Jovetic,2023,me Montenegro,Friendlies (M),33,1,60,0,1
Stevan Jovetić,https://fbref.com/en/players/f36c432f/Stevan-Jovetic,2024,me Montenegro,Friendlies (M),34,4,248,2,1
Stevan Jovetić,https://fbref.com/en/players/f36c432f/Stevan-Jovetic,2024,me Montenegro,UEFA Euro Qualifying,34,8,534,3,3
Stevan Jovetić,https://fbref.com/en/players/f36c432f/Stevan-Jovetic,2024-2025,me Montenegro,UEFA Nations League,34,5,306,0,1
Stevan Jovetić,https://fbref.com/en/players/f36c432f/Stevan-Jovetic,2025,me Montenegro,Friendlies (M),35,1,28,0,0
Stevan Jovetić,https://fbref.com/en/players/f36c432f/Stevan-Jovetic,2026,me Montenegro,WCQ,36,6,473,1,2
Steve Morison,https://fbref.com/en/players/292064fa/Steve-Morison,2012,wls Wales,UEFA Euro Qualifying,28,8,534,1,
Steve Morison,https://fbref.com/en/players/292064fa/Steve-Morison,2014,wls Wales,WCQ,30,4,285,0,0
Steven Berghuis,https://fbref.com/en/players/713c144a/Steven-Berghuis,2015,nl Netherlands,Friendlies (M),23,0,,,
Steven Berghuis,https://fbref.com/en/players/713c144a/Steven-Berghuis,2016,nl Netherlands,Friendlies (M),24,4,246,0,1
Steven Berghuis,https://fbref.com/en/players/713c144a/Steven-Berghuis,2016,nl Netherlands,UEFA Euro Qualifying,24,0,,,
Steven Berghuis,https://fbref.com/en/players/713c144a/Steven-Berghuis,2017,nl Netherlands,Friendlies (M),25,5,157,0,2
Steven Berghuis,https://fbref.com/en/players/713c144a/Steven-Berghuis,2018,nl Netherlands,WCQ,26,2,58,0,0
Steven Berghuis,https://fbref.com/en/players/713c144a/Steven-Berghuis,2018,nl Netherlands,Friendlies (M),26,3,44,0,1
Steven Berghuis,https://fbref.com/en/players/713c144a/Steven-Berghuis,2020,nl Netherlands,Friendlies (M),28,2,107,0,0
Steven Berghuis,https://fbref.com/en/players/713c144a/Steven-Berghuis,2020-2021,nl Netherlands,UEFA Nations League,28,3,130,0,2
Steven Berghuis,https://fbref.com/en/players/713c144a/Steven-Berghuis,2021,nl Netherlands,Friendlies (M),29,2,36,0,0
Steven Berghuis,https://fbref.com/en/players/713c144a/Steven-Berghuis,2021,nl Netherlands,UEFA Euro,29,2,55,0,0
Steven Berghuis,https://fbref.com/en/players/713c144a/Steven-Berghuis,2021,nl Netherlands,UEFA Euro Qualifying,29,2,92,0,0
Steven Berghuis,https://fbref.com/en/players/713c144a/Steven-Berghuis,2022,nl Netherlands,1. World Cup,30,4,200,0,1
Steven Berghuis,https://fbref.com/en/players/713c144a/Steven-Berghuis,2022,nl Netherlands,WCQ,30,8,598,2,3
Steven Berghuis,https://fbref.com/en/players/713c144a/Steven-Berghuis,2022,nl Netherlands,Friendlies (M),30,2,147,0,1
Steven Berghuis,https://fbref.com/en/players/713c144a/Steven-Berghuis,2022-2023,nl Netherlands,UEFA Nations League,30,4,244,0,1
Steven Berghuis,https://fbref.com/en/players/713c144a/Steven-Berghuis,2024,nl Netherlands,UEFA Euro Qualifying,32,3,112,0,0
Steven Caldwell,https://fbref.com/en/players/6839f68e/Steven-Caldwell,2006,sct Scotland,WCQ,25,2,109,0,
Steven Caldwell,https://fbref.com/en/players/6839f68e/Steven-Caldwell,2010,sct Scotland,WCQ,29,1,47,0,
Steven Caulker,https://fbref.com/en/players/2592d9b5/Steven-Caulker,2014,eng England,WCQ,22,0,,,
Steven Caulker,https://fbref.com/en/players/2592d9b5/Steven-Caulker,2014,eng England,Friendlies (M),22,0,,,
Steven Caulker,https://fbref.com/en/players/2592d9b5/Steven-Caulker,2021,sl Sierra Leone,Africa Cup of Nations,29,3,270,0,1
Steven Caulker,https://fbref.com/en/players/2592d9b5/Steven-Caulker,2022,sl Sierra Leone,Friendlies (M),30,3,270,0,0
Steven Caulker,https://fbref.com/en/players/2592d9b5/Steven-Caulker,2023,sl Sierra Leone,Africa Cup of Nations qualification,31,5,391,0,0
Steven Caulker,https://fbref.com/en/players/2592d9b5/Steven-Caulker,2025,sl Sierra Leone,Africa Cup of Nations qualification,33,5,450,0,0
Steven Caulker,https://fbref.com/en/players/2592d9b5/Steven-Caulker,2026,sl Sierra Leone,WCQ,34,0,,,
Steven Davis,https://fbref.com/en/players/cf15bbb1/Steven-Davis,2006,nir Northern Ireland,WCQ,21,6,481,1,
Steven Davis,https://fbref.com/en/players/cf15bbb1/Steven-Davis,2008,nir Northern Ireland,UEFA Euro Qualifying,23,12,1068,0,
Steven Davis,https://fbref.com/en/players/cf15bbb1/Steven-Davis,2010,nir Northern Ireland,WCQ,25,8,720,1,
Steven Davis,https://fbref.com/en/players/cf15bbb1/Steven-Davis,2012,nir Northern Ireland,UEFA Euro Qualifying,27,8,720,2,
Steven Davis,https://fbref.com/en/players/cf15bbb1/Steven-Davis,2014,nir Northern Ireland,WCQ,29,10,900,1,1
Steven Davis,https://fbref.com/en/players/cf15bbb1/Steven-Davis,2014,nir Northern Ireland,Friendlies (M),29,1,90,0,0
Steven Davis,https://fbref.com/en/players/cf15bbb1/Steven-Davis,2015,nir Northern Ireland,Friendlies (M),30,2,105,1,0
Steven Davis,https://fbref.com/en/players/cf15bbb1/Steven-Davis,2016,nir Northern Ireland,Friendlies (M),31,5,360,0,0
Steven Davis,https://fbref.com/en/players/cf15bbb1/Steven-Davis,2016,nir Northern Ireland,UEFA Euro,31,4,360,0,0
Steven Davis,https://fbref.com/en/players/cf15bbb1/Steven-Davis,2016,nir Northern Ireland,UEFA Euro Qualifying,31,9,765,2,0
Steven Davis,https://fbref.com/en/players/cf15bbb1/Steven-Davis,2017,nir Northern Ireland,Friendlies (M),32,1,45,0,0
Steven Davis,https://fbref.com/en/players/cf15bbb1/Steven-Davis,2018,nir Northern Ireland,WCQ,33,12,1080,2,3
Steven Davis,https://fbref.com/en/players/cf15bbb1/Steven-Davis,2018,nir Northern Ireland,Friendlies (M),33,2,180,1,0
Steven Davis,https://fbref.com/en/players/cf15bbb1/Steven-Davis,2018-2019,nir Northern Ireland,UEFA Nations League,33,4,360,0,0
Steven Davis,https://fbref.com/en/players/cf15bbb1/Steven-Davis,2019,nir Northern Ireland,Friendlies (M),34,2,67,0,1
Steven Davis,https://fbref.com/en/players/cf15bbb1/Steven-Davis,2020-2021,nir Northern Ireland,UEFA Nations League,35,5,266,0,0
Steven Davis,https://fbref.com/en/players/cf15bbb1/Steven-Davis,2021,nir Northern Ireland,UEFA Euro Qualifying,36,10,960,1,1
Steven Davis,https://fbref.com/en/players/cf15bbb1/Steven-Davis,2022,nir Northern Ireland,WCQ,37,8,720,0,0
Steven Davis,https://fbref.com/en/players/cf15bbb1/Steven-Davis,2022,nir Northern Ireland,Friendlies (M),37,2,88,1,0
Steven Davis,https://fbref.com/en/players/cf15bbb1/Steven-Davis,2022-2023,nir Northern Ireland,UEFA Nations League,37,6,525,0,1
Steven Fletcher,https://fbref.com/en/players/2c9c3502/Steven-Fletcher,2010,sct Scotland,WCQ,22,4,199,1,
Steven Fletcher,https://fbref.com/en/players/2c9c3502/Steven-Fletcher,2012,sct Scotland,UEFA Euro Qualifying,24,0,,,
Steven Fletcher,https://fbref.com/en/players/2c9c3502/Steven-Fletcher,2014,sct Scotland,WCQ,26,3,169,0,1
Steven Fletcher,https://fbref.com/en/players/2c9c3502/Steven-Fletcher,2014,sct Scotland,Friendlies (M),26,1,45,0,0
Steven Fletcher,https://fbref.com/en/players/2c9c3502/Steven-Fletcher,2015,sct Scotland,Friendlies (M),27,1,62,0,0
Steven Fletcher,https://fbref.com/en/players/2c9c3502/Steven-Fletcher,2016,sct Scotland,Friendlies (M),28,3,147,0,0
Steven Fletcher,https://fbref.com/en/players/2c9c3502/Steven-Fletcher,2016,sct Scotland,UEFA Euro Qualifying,28,10,787,7,2
Steven Fletcher,https://fbref.com/en/players/2c9c3502/Steven-Fletcher,2017,sct Scotland,Friendlies (M),29,0,,,
Steven Fletcher,https://fbref.com/en/players/2c9c3502/Steven-Fletcher,2018,sct Scotland,WCQ,30,3,109,1,0
Steven Fletcher,https://fbref.com/en/players/2c9c3502/Steven-Fletcher,2018-2019,sct Scotland,UEFA Nations League,31,2,153,1,0
Steven Gerrard,https://fbref.com/en/players/caeb5442/Steven-Gerrard,2000,eng England,UEFA Euro,19,1,30,0,
Steven Gerrard,https://fbref.com/en/players/caeb5442/Steven-Gerrard,2004,eng England,UEFA Euro,23,4,350,1,
Steven Gerrard,https://fbref.com/en/players/caeb5442/Steven-Gerrard,2006,eng England,1. World Cup,26,5,411,2,
Steven Gerrard,https://fbref.com/en/players/caeb5442/Steven-Gerrard,2006,eng England,WCQ,25,7,579,2,
Steven Gerrard,https://fbref.com/en/players/caeb5442/Steven-Gerrard,2008,eng England,UEFA Euro Qualifying,27,11,969,3,
Steven Gerrard,https://fbref.com/en/players/caeb5442/Steven-Gerrard,2010,eng England,1. World Cup,30,4,360,1,
Steven Gerrard,https://fbref.com/en/players/caeb5442/Steven-Gerrard,2010,eng England,WCQ,29,7,530,3,
Steven Gerrard,https://fbref.com/en/players/caeb5442/Steven-Gerrard,2012,eng England,UEFA Euro,31,4,390,0,3
Steven Gerrard,https://fbref.com/en/players/caeb5442/Steven-Gerrard,2012,eng England,UEFA Euro Qualifying,31,3,270,0,
Steven Gerrard,https://fbref.com/en/players/caeb5442/Steven-Gerrard,2014,eng England,1. World Cup,34,3,198,0,0
Steven Gerrard,https://fbref.com/en/players/caeb5442/Steven-Gerrard,2014,eng England,WCQ,33,8,668,2,2
Steven Gerrard,https://fbref.com/en/players/caeb5442/Steven-Gerrard,2014,eng England,Friendlies (M),33,3,198,0,0
Steven Naismith,https://fbref.com/en/players/5e98c186/Steven-Naismith,2008,sct Scotland,UEFA Euro Qualifying,21,1,8,0,
Steven Naismith,https://fbref.com/en/players/5e98c186/Steven-Naismith,2010,sct Scotland,WCQ,23,1,90,0,
Steven Naismith,https://fbref.com/en/players/5e98c186/Steven-Naismith,2012,sct Scotland,UEFA Euro Qualifying,25,8,650,2,
Steven Naismith,https://fbref.com/en/players/5e98c186/Steven-Naismith,2014,sct Scotland,WCQ,27,6,401,1,0
Steven Naismith,https://fbref.com/en/players/5e98c186/Steven-Naismith,2014,sct Scotland,Friendlies (M),27,2,135,0,0
Steven Naismith,https://fbref.com/en/players/5e98c186/Steven-Naismith,2015,sct Scotland,Friendlies (M),28,2,103,0,0
Steven Naismith,https://fbref.com/en/players/5e98c186/Steven-Naismith,2016,sct Scotland,Friendlies (M),29,2,53,0,0
Steven Naismith,https://fbref.com/en/players/5e98c186/Steven-Naismith,2016,sct Scotland,UEFA Euro Qualifying,29,9,615,3,1
Steven Naismith,https://fbref.com/en/players/5e98c186/Steven-Naismith,2017,sct Scotland,Friendlies (M),30,1,90,1,0
Steven Naismith,https://fbref.com/en/players/5e98c186/Steven-Naismith,2018,sct Scotland,WCQ,31,1,41,0,0
Steven Naismith,https://fbref.com/en/players/5e98c186/Steven-Naismith,2018,sct Scotland,Friendlies (M),31,2,135,1,0
Steven Naismith,https://fbref.com/en/players/5e98c186/Steven-Naismith,2018-2019,sct Scotland,UEFA Nations League,31,2,165,1,0
Steven Naismith,https://fbref.com/en/players/5e98c186/Steven-Naismith,2021,sct Scotland,UEFA Euro Qualifying,34,2,138,1,0
Steven Nzonzi,https://fbref.com/en/players/c7526c18/Steven-Nzonzi,2017,fr France,Friendlies (M),28,2,72,0,0
Steven Nzonzi,https://fbref.com/en/players/c7526c18/Steven-Nzonzi,2018,fr France,1. World Cup,29,5,146,0,0
Steven Nzonzi,https://fbref.com/en/players/c7526c18/Steven-Nzonzi,2018,fr France,Friendlies (M),29,4,214,0,0
Steven Nzonzi,https://fbref.com/en/players/c7526c18/Steven-Nzonzi,2018-2019,fr France,UEFA Nations League,29,3,91,0,0
Steven Nzonzi,https://fbref.com/en/players/c7526c18/Steven-Nzonzi,2020,fr France,Friendlies (M),31,2,180,0,0
Steven Nzonzi,https://fbref.com/en/players/c7526c18/Steven-Nzonzi,2020-2021,fr France,UEFA Nations League,31,4,194,0,0
Steven Nzonzi,https://fbref.com/en/players/c7526c18/Steven-Nzonzi,2021,fr France,UEFA Euro Qualifying,32,0,,,
Steven Pienaar,https://fbref.com/en/players/8056f6e6/Steven-Pienaar,2002,za South Africa,1. World Cup,20,0,,,
Steven Pienaar,https://fbref.com/en/players/8056f6e6/Steven-Pienaar,2009,za South Africa,FIFA Confederations Cup,26,5,338,0,0
Steven Pienaar,https://fbref.com/en/players/8056f6e6/Steven-Pienaar,2010,za South Africa,1. World Cup,28,3,250,0,
Steven Pienaar,https://fbref.com/en/players/8056f6e6/Steven-Pienaar,2014,za South Africa,WCQ,31,2,180,0,
Steven Reid,https://fbref.com/en/players/e26f852b/Steven-Reid,2002,ie Rep. of Ireland,1. World Cup,21,2,32,0,
Steven Reid,https://fbref.com/en/players/e26f852b/Steven-Reid,2006,ie Rep. of Ireland,WCQ,24,2,43,0,
Steven Reid,https://fbref.com/en/players/e26f852b/Steven-Reid,2008,ie Rep. of Ireland,UEFA Euro Qualifying,26,1,90,0,
Steven Reid,https://fbref.com/en/players/e26f852b/Steven-Reid,2010,ie Rep. of Ireland,WCQ,28,2,180,0,
Steven Whittaker,https://fbref.com/en/players/06f81a8c/Steven-Whittaker,2010,sct Scotland,WCQ,25,3,179,0,
Steven Whittaker,https://fbref.com/en/players/06f81a8c/Steven-Whittaker,2012,sct Scotland,UEFA Euro Qualifying,27,4,357,0,
Steven Whittaker,https://fbref.com/en/players/06f81a8c/Steven-Whittaker,2014,sct Scotland,WCQ,29,4,349,0,0
Steven Whittaker,https://fbref.com/en/players/06f81a8c/Steven-Whittaker,2014,sct Scotland,Friendlies (M),29,1,90,0,0
Steven Whittaker,https://fbref.com/en/players/06f81a8c/Steven-Whittaker,2015,sct Scotland,Friendlies (M),30,1,78,0,0
Steven Whittaker,https://fbref.com/en/players/06f81a8c/Steven-Whittaker,2016,sct Scotland,Friendlies (M),31,1,90,0,0
Steven Whittaker,https://fbref.com/en/players/06f81a8c/Steven-Whittaker,2016,sct Scotland,UEFA Euro Qualifying,31,4,360,0,0
Steven Whittaker,https://fbref.com/en/players/06f81a8c/Steven-Whittaker,2018,sct Scotland,WCQ,33,0,,,
Stewart Downing,https://fbref.com/en/players/b13c4620/Stewart-Downing,2006,eng England,1. World Cup,21,3,52,0,
Stewart Downing,https://fbref.com/en/players/b13c4620/Stewart-Downing,2008,eng England,UEFA Euro Qualifying,23,8,352,0,
Stewart Downing,https://fbref.com/en/players/b13c4620/Stewart-Downing,2010,eng England,WCQ,25,1,45,0,
Stewart Downing,https://fbref.com/en/players/b13c4620/Stewart-Downing,2012,eng England,UEFA Euro,27,0,,,
Stewart Downing,https://fbref.com/en/players/b13c4620/Stewart-Downing,2012,eng England,UEFA Euro Qualifying,27,5,221,0,
Stewart Downing,https://fbref.com/en/players/b13c4620/Stewart-Downing,2014,eng England,Friendlies (M),29,1,45,0,0
Stewart Downing,https://fbref.com/en/players/b13c4620/Stewart-Downing,2016,eng England,UEFA Euro Qualifying,31,0,,,
Stiliyan Petrov,https://fbref.com/en/players/61e5c1a8/Stiliyan-Petrov,2004,bg Bulgaria,UEFA Euro,24,2,172,0,
Stiliyan Petrov,https://fbref.com/en/players/61e5c1a8/Stiliyan-Petrov,2006,bg Bulgaria,WCQ,26,8,675,1,
Stiliyan Petrov,https://fbref.com/en/players/61e5c1a8/Stiliyan-Petrov,2008,bg Bulgaria,UEFA Euro Qualifying,28,12,959,0,
Stiliyan Petrov,https://fbref.com/en/players/61e5c1a8/Stiliyan-Petrov,2010,bg Bulgaria,WCQ,30,9,787,1,
Stiliyan Petrov,https://fbref.com/en/players/61e5c1a8/Stiliyan-Petrov,2012,bg Bulgaria,UEFA Euro Qualifying,32,8,675,0,
Stuart Holden,https://fbref.com/en/players/b8e24504/Stuart-Holden,2010,us United States,1. World Cup,24,1,5,0,
Stuart Holden,https://fbref.com/en/players/b8e24504/Stuart-Holden,2010,us United States,WCQ,24,5,219,0,
Stuart Holden,https://fbref.com/en/players/b8e24504/Stuart-Holden,2014,us United States,WCQ,28,1,1,0,0
Sullay Kaikai,https://fbref.com/en/players/fc166e49/Sullay-Kaikai,2021,sl Sierra Leone,Friendlies (M),25,3,247,1,1
Sullay Kaikai,https://fbref.com/en/players/fc166e49/Sullay-Kaikai,2021,sl Sierra Leone,Africa Cup of Nations,25,2,15,0,0
Sullay Kaikai,https://fbref.com/en/players/fc166e49/Sullay-Kaikai,2023,sl Sierra Leone,Africa Cup of Nations qualification,27,3,158,0,1
Sullay Kaikai,https://fbref.com/en/players/fc166e49/Sullay-Kaikai,2025,sl Sierra Leone,Africa Cup of Nations qualification,29,5,252,0,0
Sullay Kaikai,https://fbref.com/en/players/fc166e49/Sullay-Kaikai,2026,sl Sierra Leone,WCQ,30,4,223,0,0
Sulley Muntari,https://fbref.com/en/players/e185aa52/Sulley-Muntari,2006,gh Ghana,1. World Cup,21,3,270,1,
Sulley Muntari,https://fbref.com/en/players/e185aa52/Sulley-Muntari,2010,gh Ghana,1. World Cup,25,4,136,1,
Sulley Muntari,https://fbref.com/en/players/e185aa52/Sulley-Muntari,2012,gh Ghana,Africa Cup of Nations,27,5,242,0,1
Sulley Muntari,https://fbref.com/en/players/e185aa52/Sulley-Muntari,2014,gh Ghana,1. World Cup,29,2,180,0,1
Sulley Muntari,https://fbref.com/en/players/e185aa52/Sulley-Muntari,2014,gh Ghana,WCQ,29,7,492,3,
Sulley Muntari,https://fbref.com/en/players/e185aa52/Sulley-Muntari,2014,gh Ghana,Friendlies (M),29,1,45,0,0
Suso,https://fbref.com/en/players/4e219ad2/Suso,2017,es Spain,Friendlies (M),23,1,45,0,0
Suso,https://fbref.com/en/players/4e219ad2/Suso,2018,es Spain,WCQ,24,0,,,
Suso,https://fbref.com/en/players/4e219ad2/Suso,2018,es Spain,Friendlies (M),24,2,138,0,2
Suso,https://fbref.com/en/players/4e219ad2/Suso,2018-2019,es Spain,UEFA Nations League,24,1,17,0,0
Suso,https://fbref.com/en/players/4e219ad2/Suso,2021,es Spain,UEFA Euro Qualifying,27,1,67,0,0
Tal Ben Haim,https://fbref.com/en/players/2277a390/Tal-Ben-Haim,2006,il Israel,WCQ,23,9,810,0,
Tal Ben Haim,https://fbref.com/en/players/2277a390/Tal-Ben-Haim,2008,il Israel,UEFA Euro Qualifying,25,10,900,0,
Tal Ben Haim,https://fbref.com/en/players/2277a390/Tal-Ben-Haim,2010,il Israel,WCQ,27,8,720,0,
Tal Ben Haim,https://fbref.com/en/players/2277a390/Tal-Ben-Haim,2012,il Israel,UEFA Euro Qualifying,29,8,690,1,
Tal Ben Haim,https://fbref.com/en/players/2277a390/Tal-Ben-Haim,2014,il Israel,WCQ,31,7,585,0,0
Tal Ben Haim,https://fbref.com/en/players/2277a390/Tal-Ben-Haim,2014,il Israel,Friendlies (M),31,1,90,0,0
Tal Ben Haim,https://fbref.com/en/players/2277a390/Tal-Ben-Haim,2016,il Israel,UEFA Euro Qualifying,33,10,855,0,0
Tal Ben Haim,https://fbref.com/en/players/2277a390/Tal-Ben-Haim,2017,il Israel,Friendlies (M),34,1,45,0,0
Tal Ben Haim,https://fbref.com/en/players/2277a390/Tal-Ben-Haim,2018,il Israel,WCQ,35,4,360,0,0
Tamir Cohen,https://fbref.com/en/players/d1b983de/Tamir-Cohen,2008,il Israel,UEFA Euro Qualifying,23,3,270,0,
Tamir Cohen,https://fbref.com/en/players/d1b983de/Tamir-Cohen,2010,il Israel,WCQ,25,6,465,0,
Tamir Cohen,https://fbref.com/en/players/d1b983de/Tamir-Cohen,2012,il Israel,UEFA Euro Qualifying,27,5,354,0,
Tammy Abraham,https://fbref.com/en/players/f586779e/Tammy-Abraham,2017,eng England,Friendlies (M),19,2,75,0,0
Tammy Abraham,https://fbref.com/en/players/f586779e/Tammy-Abraham,2020,eng England,Friendlies (M),22,1,28,0,0
Tammy Abraham,https://fbref.com/en/players/f586779e/Tammy-Abraham,2020-2021,eng England,UEFA Nations League,22,1,15,0,0
Tammy Abraham,https://fbref.com/en/players/f586779e/Tammy-Abraham,2021,eng England,UEFA Euro Qualifying,23,2,37,1,0
Tammy Abraham,https://fbref.com/en/players/f586779e/Tammy-Abraham,2022,eng England,WCQ,24,4,165,2,1
Tammy Abraham,https://fbref.com/en/players/f586779e/Tammy-Abraham,2022-2023,eng England,UEFA Nations League,24,1,64,0,0
Taye Taiwo,https://fbref.com/en/players/1e437f1f/Taye-Taiwo,2010,ng Nigeria,1. World Cup,25,2,128,0,
Taye Taiwo,https://fbref.com/en/players/1e437f1f/Taye-Taiwo,2010,ng Nigeria,Africa Cup of Nations,24,2,180,0,0
Theo Walcott,https://fbref.com/en/players/1ecb65be/Theo-Walcott,2006,eng England,1. World Cup,17,0,,,
Theo Walcott,https://fbref.com/en/players/1ecb65be/Theo-Walcott,2010,eng England,WCQ,20,6,454,3,
Theo Walcott,https://fbref.com/en/players/1ecb65be/Theo-Walcott,2012,eng England,UEFA Euro,22,4,112,1,1
Theo Walcott,https://fbref.com/en/players/1ecb65be/Theo-Walcott,2012,eng England,UEFA Euro Qualifying,22,5,319,0,
Theo Walcott,https://fbref.com/en/players/1ecb65be/Theo-Walcott,2014,eng England,WCQ,24,4,219,0,1
Theo Walcott,https://fbref.com/en/players/1ecb65be/Theo-Walcott,2014,eng England,Friendlies (M),24,0,,,
Theo Walcott,https://fbref.com/en/players/1ecb65be/Theo-Walcott,2015,eng England,Friendlies (M),25,2,63,0,0
Theo Walcott,https://fbref.com/en/players/1ecb65be/Theo-Walcott,2016,eng England,Friendlies (M),26,2,98,0,0
Theo Walcott,https://fbref.com/en/players/1ecb65be/Theo-Walcott,2016,eng England,UEFA Euro Qualifying,26,4,137,3,0
Theo Walcott,https://fbref.com/en/players/1ecb65be/Theo-Walcott,2018,eng England,WCQ,28,3,148,0,0
Thibaut Courtois,https://fbref.com/en/players/1840e36d/Thibaut-Courtois,2012,be Belgium,UEFA Euro Qualifying,19,0,,,
Thibaut Courtois,https://fbref.com/en/players/1840e36d/Thibaut-Courtois,2014,be Belgium,1. World Cup,22,5,480,0,0
Thibaut Courtois,https://fbref.com/en/players/1840e36d/Thibaut-Courtois,2014,be Belgium,WCQ,21,10,900,0,0
Thibaut Courtois,https://fbref.com/en/players/1840e36d/Thibaut-Courtois,2014,be Belgium,Friendlies (M),21,5,450,0,0
Thibaut Courtois,https://fbref.com/en/players/1840e36d/Thibaut-Courtois,2015,be Belgium,Friendlies (M),22,1,90,0,0
Thibaut Courtois,https://fbref.com/en/players/1840e36d/Thibaut-Courtois,2016,be Belgium,Friendlies (M),23,5,450,0,0
Thibaut Courtois,https://fbref.com/en/players/1840e36d/Thibaut-Courtois,2016,be Belgium,UEFA Euro,23,5,450,0,0
Thibaut Courtois,https://fbref.com/en/players/1840e36d/Thibaut-Courtois,2016,be Belgium,UEFA Euro Qualifying,23,8,720,0,0
Thibaut Courtois,https://fbref.com/en/players/1840e36d/Thibaut-Courtois,2017,be Belgium,Friendlies (M),24,2,180,0,0
Thibaut Courtois,https://fbref.com/en/players/1840e36d/Thibaut-Courtois,2018,be Belgium,Friendlies (M),25,4,360,0,0
Thibaut Courtois,https://fbref.com/en/players/1840e36d/Thibaut-Courtois,2018,be Belgium,WCQ,25,10,900,0,0
Thibaut Courtois,https://fbref.com/en/players/1840e36d/Thibaut-Courtois,2018,be Belgium,1. World Cup,26,7,630,0,0
Thibaut Courtois,https://fbref.com/en/players/1840e36d/Thibaut-Courtois,2018-2019,be Belgium,UEFA Nations League,26,4,360,0,0
Thibaut Courtois,https://fbref.com/en/players/1840e36d/Thibaut-Courtois,2020-2021,be Belgium,UEFA Nations League,28,4,360,0,0
Thibaut Courtois,https://fbref.com/en/players/1840e36d/Thibaut-Courtois,2021,be Belgium,Friendlies (M),28,1,90,0,0
Thibaut Courtois,https://fbref.com/en/players/1840e36d/Thibaut-Courtois,2021,be Belgium,UEFA Euro,28,5,450,0,0
Thibaut Courtois,https://fbref.com/en/players/1840e36d/Thibaut-Courtois,2021,be Belgium,UEFA Euro Qualifying,28,9,810,0,0
Thibaut Courtois,https://fbref.com/en/players/1840e36d/Thibaut-Courtois,2022,be Belgium,1. World Cup,30,3,270,0,0
Thibaut Courtois,https://fbref.com/en/players/1840e36d/Thibaut-Courtois,2022,be Belgium,WCQ,29,5,450,0,0
Thibaut Courtois,https://fbref.com/en/players/1840e36d/Thibaut-Courtois,2022,be Belgium,Friendlies (M),29,1,90,0,0
Thibaut Courtois,https://fbref.com/en/players/1840e36d/Thibaut-Courtois,2022-2023,be Belgium,UEFA Nations League,30,2,180,0,0
Thibaut Courtois,https://fbref.com/en/players/1840e36d/Thibaut-Courtois,2024,be Belgium,UEFA Euro Qualifying,31,2,180,0,0
Thibaut Courtois,https://fbref.com/en/players/1840e36d/Thibaut-Courtois,2026,be Belgium,WCQ,33,4,360,0,0
Thierry Henry,https://fbref.com/en/players/c0c5ee74/Thierry-Henry,1998,fr France,1. World Cup,20,6,368,3,0
Thierry Henry,https://fbref.com/en/players/c0c5ee74/Thierry-Henry,2000,fr France,UEFA Euro,22,5,482,3,
Thierry Henry,https://fbref.com/en/players/c0c5ee74/Thierry-Henry,2002,fr France,1. World Cup,24,2,114,0,
Thierry Henry,https://fbref.com/en/players/c0c5ee74/Thierry-Henry,2003,fr France,FIFA Confederations Cup,25,5,378,4,
Thierry Henry,https://fbref.com/en/players/c0c5ee74/Thierry-Henry,2004,fr France,UEFA Euro,26,4,360,2,
Thierry Henry,https://fbref.com/en/players/c0c5ee74/Thierry-Henry,2006,fr France,1. World Cup,28,7,632,3,
Thierry Henry,https://fbref.com/en/players/c0c5ee74/Thierry-Henry,2006,fr France,WCQ,28,6,473,2,
Thierry Henry,https://fbref.com/en/players/c0c5ee74/Thierry-Henry,2008,fr France,UEFA Euro,30,2,180,1,
Thierry Henry,https://fbref.com/en/players/c0c5ee74/Thierry-Henry,2008,fr France,UEFA Euro Qualifying,30,8,690,6,
Thierry Henry,https://fbref.com/en/players/c0c5ee74/Thierry-Henry,2010,fr France,1. World Cup,32,2,55,0,
Thierry Henry,https://fbref.com/en/players/c0c5ee74/Thierry-Henry,2010,fr France,WCQ,32,11,966,4,
Thievy Bifouma,https://fbref.com/en/players/5978dc3c/Thievy-Bifouma,2015,cg Congo,Friendlies (M),22,2,139,3,0
Thievy Bifouma,https://fbref.com/en/players/5978dc3c/Thievy-Bifouma,2015,cg Congo,Africa Cup of Nations,22,4,331,3,0
Thievy Bifouma,https://fbref.com/en/players/5978dc3c/Thievy-Bifouma,2015,cg Congo,Africa Cup of Nations qualification,22,1,53,0,
Thievy Bifouma,https://fbref.com/en/players/5978dc3c/Thievy-Bifouma,2016,cg Congo,Friendlies (M),23,1,60,0,0
Thievy Bifouma,https://fbref.com/en/players/5978dc3c/Thievy-Bifouma,2017,cg Congo,Friendlies (M),24,2,135,0,0
Thievy Bifouma,https://fbref.com/en/players/5978dc3c/Thievy-Bifouma,2017,cg Congo,Africa Cup of Nations qualification,24,3,270,0,0
Thievy Bifouma,https://fbref.com/en/players/5978dc3c/Thievy-Bifouma,2018,cg Congo,WCQ,25,7,590,3,2
Thievy Bifouma,https://fbref.com/en/players/5978dc3c/Thievy-Bifouma,2019,cg Congo,Africa Cup of Nations qualification,26,4,333,3,1
Thievy Bifouma,https://fbref.com/en/players/5978dc3c/Thievy-Bifouma,2021,cg Congo,Africa Cup of Nations qualification,28,2,164,0,0
Thievy Bifouma,https://fbref.com/en/players/5978dc3c/Thievy-Bifouma,2022,cg Congo,Friendlies (M),29,1,22,0,0
Thievy Bifouma,https://fbref.com/en/players/5978dc3c/Thievy-Bifouma,2023,cg Congo,Africa Cup of Nations qualification,30,6,470,1,0
Thomas Hitzlsperger,https://fbref.com/en/players/2757060a/Thomas-Hitzlsperger,2005,de Germany,FIFA Confederations Cup,22,3,247,0,
Thomas Hitzlsperger,https://fbref.com/en/players/2757060a/Thomas-Hitzlsperger,2006,de Germany,1. World Cup,24,1,12,0,
Thomas Hitzlsperger,https://fbref.com/en/players/2757060a/Thomas-Hitzlsperger,2008,de Germany,UEFA Euro,25,5,265,0,
Thomas Hitzlsperger,https://fbref.com/en/players/2757060a/Thomas-Hitzlsperger,2008,de Germany,UEFA Euro Qualifying,25,8,449,4,
Thomas Hitzlsperger,https://fbref.com/en/players/2757060a/Thomas-Hitzlsperger,2010,de Germany,WCQ,27,9,728,1,
Thomas Sørensen,https://fbref.com/en/players/31d82fec/Thomas-Sorensen,2000,dk Denmark,UEFA Euro,23,0,,,
Thomas Sørensen,https://fbref.com/en/players/31d82fec/Thomas-Sorensen,2002,dk Denmark,1. World Cup,26,4,360,0,
Thomas Sørensen,https://fbref.com/en/players/31d82fec/Thomas-Sorensen,2004,dk Denmark,UEFA Euro,27,4,360,0,
Thomas Sørensen,https://fbref.com/en/players/31d82fec/Thomas-Sorensen,2006,dk Denmark,WCQ,29,10,855,0,
Thomas Sørensen,https://fbref.com/en/players/31d82fec/Thomas-Sorensen,2008,dk Denmark,UEFA Euro Qualifying,31,10,877,0,
Thomas Sørensen,https://fbref.com/en/players/31d82fec/Thomas-Sorensen,2010,dk Denmark,1. World Cup,34,3,270,0,
Thomas Sørensen,https://fbref.com/en/players/31d82fec/Thomas-Sorensen,2010,dk Denmark,WCQ,33,7,630,0,
Thomas Sørensen,https://fbref.com/en/players/31d82fec/Thomas-Sorensen,2012,dk Denmark,UEFA Euro Qualifying,35,6,481,0,
Thomas Vermaelen,https://fbref.com/en/players/d0d79694/Thomas-Vermaelen,2008,be Belgium,UEFA Euro Qualifying,22,8,720,0,
Thomas Vermaelen,https://fbref.com/en/players/d0d79694/Thomas-Vermaelen,2010,be Belgium,WCQ,24,8,699,0,
Thomas Vermaelen,https://fbref.com/en/players/d0d79694/Thomas-Vermaelen,2012,be Belgium,UEFA Euro Qualifying,26,3,225,0,
Thomas Vermaelen,https://fbref.com/en/players/d0d79694/Thomas-Vermaelen,2014,be Belgium,1. World Cup,28,1,30,0,0
Thomas Vermaelen,https://fbref.com/en/players/d0d79694/Thomas-Vermaelen,2014,be Belgium,WCQ,28,7,630,0,0
Thomas Vermaelen,https://fbref.com/en/players/d0d79694/Thomas-Vermaelen,2014,be Belgium,Friendlies (M),28,2,180,0,0
Thomas Vermaelen,https://fbref.com/en/players/d0d79694/Thomas-Vermaelen,2015,be Belgium,Friendlies (M),29,0,,,
Thomas Vermaelen,https://fbref.com/en/players/d0d79694/Thomas-Vermaelen,2016,be Belgium,UEFA Euro Qualifying,30,2,180,0,0
Thomas Vermaelen,https://fbref.com/en/players/d0d79694/Thomas-Vermaelen,2016,be Belgium,UEFA Euro,30,4,360,0,0
Thomas Vermaelen,https://fbref.com/en/players/d0d79694/Thomas-Vermaelen,2016,be Belgium,Friendlies (M),30,3,246,0,0
Thomas Vermaelen,https://fbref.com/en/players/d0d79694/Thomas-Vermaelen,2017,be Belgium,Friendlies (M),31,4,313,0,0
Thomas Vermaelen,https://fbref.com/en/players/d0d79694/Thomas-Vermaelen,2018,be Belgium,1. World Cup,32,3,133,0,0
Thomas Vermaelen,https://fbref.com/en/players/d0d79694/Thomas-Vermaelen,2018,be Belgium,WCQ,32,3,270,0,0
Thomas Vermaelen,https://fbref.com/en/players/d0d79694/Thomas-Vermaelen,2018,be Belgium,Friendlies (M),32,2,90,0,0
Thomas Vermaelen,https://fbref.com/en/players/d0d79694/Thomas-Vermaelen,2018-2019,be Belgium,UEFA Nations League,32,1,72,0,0
Thomas Vermaelen,https://fbref.com/en/players/d0d79694/Thomas-Vermaelen,2021,be Belgium,Friendlies (M),35,1,45,0,0
Thomas Vermaelen,https://fbref.com/en/players/d0d79694/Thomas-Vermaelen,2021,be Belgium,UEFA Euro,35,5,285,0,0
Thomas Vermaelen,https://fbref.com/en/players/d0d79694/Thomas-Vermaelen,2021,be Belgium,UEFA Euro Qualifying,35,7,439,1,0
Thomas Vermaelen,https://fbref.com/en/players/d0d79694/Thomas-Vermaelen,2022,be Belgium,WCQ,36,1,45,0,0
Tim Cahill,https://fbref.com/en/players/e5a2dfc2/Tim-Cahill,2005,au Australia,FIFA Confederations Cup,25,3,193,0,
Tim Cahill,https://fbref.com/en/players/e5a2dfc2/Tim-Cahill,2006,au Australia,1. World Cup,26,4,273,2,
Tim Cahill,https://fbref.com/en/players/e5a2dfc2/Tim-Cahill,2007,au Australia,Asian Cup,27,4,141,1,
Tim Cahill,https://fbref.com/en/players/e5a2dfc2/Tim-Cahill,2007,au Australia,Asian Cup qualification,27,1,80,0,
Tim Cahill,https://fbref.com/en/players/e5a2dfc2/Tim-Cahill,2010,au Australia,1. World Cup,30,2,145,1,
Tim Cahill,https://fbref.com/en/players/e5a2dfc2/Tim-Cahill,2010,au Australia,WCQ,30,6,497,4,
Tim Cahill,https://fbref.com/en/players/e5a2dfc2/Tim-Cahill,2011,au Australia,Asian Cup,31,6,536,2,1
Tim Cahill,https://fbref.com/en/players/e5a2dfc2/Tim-Cahill,2011,au Australia,Asian Cup qualification,31,2,154,1,
Tim Cahill,https://fbref.com/en/players/e5a2dfc2/Tim-Cahill,2014,au Australia,WCQ,34,9,689,3,
Tim Cahill,https://fbref.com/en/players/e5a2dfc2/Tim-Cahill,2014,au Australia,Friendlies (M),34,8,438,5,0
Tim Cahill,https://fbref.com/en/players/e5a2dfc2/Tim-Cahill,2014,au Australia,1. World Cup,34,2,158,2,0
Tim Cahill,https://fbref.com/en/players/e5a2dfc2/Tim-Cahill,2015,au Australia,Asian Cup,35,6,343,3,0
Tim Cahill,https://fbref.com/en/players/e5a2dfc2/Tim-Cahill,2016,au Australia,Friendlies (M),36,2,109,0,0
Tim Cahill,https://fbref.com/en/players/e5a2dfc2/Tim-Cahill,2017,au Australia,Friendlies (M),37,1,56,0,0
Tim Cahill,https://fbref.com/en/players/e5a2dfc2/Tim-Cahill,2017,au Australia,FIFA Confederations Cup,37,3,81,0,0
Tim Cahill,https://fbref.com/en/players/e5a2dfc2/Tim-Cahill,2018,au Australia,1. World Cup,38,1,38,0,0
Tim Cahill,https://fbref.com/en/players/e5a2dfc2/Tim-Cahill,2018,au Australia,WCQ,38,15,784,11,0
Tim Cahill,https://fbref.com/en/players/e5a2dfc2/Tim-Cahill,2018,au Australia,Friendlies (M),38,3,48,0,0
Tim Howard,https://fbref.com/en/players/c444465e/Tim-Howard,2003,us United States,FIFA Confederations Cup,23,3,270,0,
Tim Howard,https://fbref.com/en/players/c444465e/Tim-Howard,2006,us United States,1. World Cup,27,0,,,
Tim Howard,https://fbref.com/en/players/c444465e/Tim-Howard,2006,us United States,WCQ,26,3,270,0,
Tim Howard,https://fbref.com/en/players/c444465e/Tim-Howard,2009,us United States,FIFA Confederations Cup,29,4,360,0,0
Tim Howard,https://fbref.com/en/players/c444465e/Tim-Howard,2010,us United States,1. World Cup,31,4,390,0,
Tim Howard,https://fbref.com/en/players/c444465e/Tim-Howard,2010,us United States,WCQ,30,13,1170,0,
Tim Howard,https://fbref.com/en/players/c444465e/Tim-Howard,2014,us United States,1. World Cup,35,4,390,0,0
Tim Howard,https://fbref.com/en/players/c444465e/Tim-Howard,2014,us United States,WCQ,34,13,1170,0,0
Tim Howard,https://fbref.com/en/players/c444465e/Tim-Howard,2014,us United States,Friendlies (M),34,4,315,0,0
Tim Howard,https://fbref.com/en/players/c444465e/Tim-Howard,2015,us United States,Friendlies (M),35,1,90,0,0
Tim Howard,https://fbref.com/en/players/c444465e/Tim-Howard,2016,us United States,Friendlies (M),36,1,45,0,0
Tim Howard,https://fbref.com/en/players/c444465e/Tim-Howard,2017,us United States,Friendlies (M),37,1,90,0,0
Tim Howard,https://fbref.com/en/players/c444465e/Tim-Howard,2017,us United States,Gold Cup,37,3,270,0,0
Tim Howard,https://fbref.com/en/players/c444465e/Tim-Howard,2018,us United States,WCQ,38,10,849,0,0
Tim Krul,https://fbref.com/en/players/f23f9d20/Tim-Krul,2012,nl Netherlands,UEFA Euro,23,0,,,
Tim Krul,https://fbref.com/en/players/f23f9d20/Tim-Krul,2012,nl Netherlands,UEFA Euro Qualifying,23,0,,,
Tim Krul,https://fbref.com/en/players/f23f9d20/Tim-Krul,2014,nl Netherlands,1. World Cup,26,1,1,0,0
Tim Krul,https://fbref.com/en/players/f23f9d20/Tim-Krul,2014,nl Netherlands,WCQ,25,1,90,0,0
Tim Krul,https://fbref.com/en/players/f23f9d20/Tim-Krul,2014,nl Netherlands,Friendlies (M),25,1,90,0,0
Tim Krul,https://fbref.com/en/players/f23f9d20/Tim-Krul,2015,nl Netherlands,Friendlies (M),26,0,,,
Tim Krul,https://fbref.com/en/players/f23f9d20/Tim-Krul,2016,nl Netherlands,UEFA Euro Qualifying,27,1,80,0,0
Tim Krul,https://fbref.com/en/players/f23f9d20/Tim-Krul,2020,nl Netherlands,Friendlies (M),31,1,90,0,0
Tim Krul,https://fbref.com/en/players/f23f9d20/Tim-Krul,2020-2021,nl Netherlands,UEFA Nations League,32,2,180,0,0
Tim Krul,https://fbref.com/en/players/f23f9d20/Tim-Krul,2021,nl Netherlands,Friendlies (M),32,1,90,0,0
Tim Krul,https://fbref.com/en/players/f23f9d20/Tim-Krul,2021,nl Netherlands,UEFA Euro,32,0,,,
Tim Krul,https://fbref.com/en/players/f23f9d20/Tim-Krul,2022,nl Netherlands,WCQ,33,3,270,0,0
Tim Krul,https://fbref.com/en/players/f23f9d20/Tim-Krul,2022,nl Netherlands,Friendlies (M),33,0,,,
Tim Krul,https://fbref.com/en/players/f23f9d20/Tim-Krul,2022-2023,nl Netherlands,UEFA Nations League,34,0,,,
Tim Ream,https://fbref.com/en/players/28b40c9c/Tim-Ream,2014,us United States,Friendlies (M),26,4,105,0,0
Tim Ream,https://fbref.com/en/players/28b40c9c/Tim-Ream,2015,us United States,Friendlies (M),27,5,289,0,1
Tim Ream,https://fbref.com/en/players/28b40c9c/Tim-Ream,2015,us United States,Gold Cup,27,2,210,0,0
Tim Ream,https://fbref.com/en/players/28b40c9c/Tim-Ream,2016,us United States,Friendlies (M),28,1,62,1,0
Tim Ream,https://fbref.com/en/players/28b40c9c/Tim-Ream,2017,us United States,Friendlies (M),29,1,28,0,0
Tim Ream,https://fbref.com/en/players/28b40c9c/Tim-Ream,2018,us United States,WCQ,30,6,448,0,0
Tim Ream,https://fbref.com/en/players/28b40c9c/Tim-Ream,2019,us United States,Friendlies (M),31,5,405,0,1
Tim Ream,https://fbref.com/en/players/28b40c9c/Tim-Ream,2019,us United States,Gold Cup,31,5,442,0,0
Tim Ream,https://fbref.com/en/players/28b40c9c/Tim-Ream,2020,us United States,Friendlies (M),32,1,90,0,0
Tim Ream,https://fbref.com/en/players/28b40c9c/Tim-Ream,2021,us United States,Friendlies (M),33,3,209,0,1
Tim Ream,https://fbref.com/en/players/28b40c9c/Tim-Ream,2022,us United States,1. World Cup,34,4,360,0,0
Tim Ream,https://fbref.com/en/players/28b40c9c/Tim-Ream,2022,us United States,WCQ,34,1,90,0,0
Tim Ream,https://fbref.com/en/players/28b40c9c/Tim-Ream,2023,us United States,Friendlies (M),35,2,180,0,0
Tim Ream,https://fbref.com/en/players/28b40c9c/Tim-Ream,2024,us United States,Friendlies (M),36,5,421,0,0
Tim Ream,https://fbref.com/en/players/28b40c9c/Tim-Ream,2025,us United States,Friendlies (M),37,6,477,0,0
Tim Ream,https://fbref.com/en/players/28b40c9c/Tim-Ream,2025,us United States,Gold Cup,37,6,540,0,0
Timm Klose,https://fbref.com/en/players/5f1d07f6/Timm-Klose,2012,ch Switzerland,UEFA Euro Qualifying,23,1,90,0,
Timm Klose,https://fbref.com/en/players/5f1d07f6/Timm-Klose,2014,ch Switzerland,WCQ,25,2,3,0,0
Timm Klose,https://fbref.com/en/players/5f1d07f6/Timm-Klose,2015,ch Switzerland,Friendlies (M),26,2,180,0,0
Timm Klose,https://fbref.com/en/players/5f1d07f6/Timm-Klose,2016,ch Switzerland,Friendlies (M),27,2,135,0,0
Timm Klose,https://fbref.com/en/players/5f1d07f6/Timm-Klose,2016,ch Switzerland,UEFA Euro Qualifying,27,2,180,0,0
Timm Klose,https://fbref.com/en/players/5f1d07f6/Timm-Klose,2017,ch Switzerland,Friendlies (M),28,1,45,0,0
Timm Klose,https://fbref.com/en/players/5f1d07f6/Timm-Klose,2018,ch Switzerland,WCQ,29,1,45,0,0
Timm Klose,https://fbref.com/en/players/5f1d07f6/Timm-Klose,2018,ch Switzerland,Friendlies (M),29,0,,,
Timm Klose,https://fbref.com/en/players/5f1d07f6/Timm-Klose,2018-2019,ch Switzerland,UEFA Nations League,30,1,90,0,0
Timm Klose,https://fbref.com/en/players/5f1d07f6/Timm-Klose,2021,ch Switzerland,UEFA Euro Qualifying,32,0,,,
Timothy Fosu-Mensah,https://fbref.com/en/players/a9142dc3/Timothy-Fosu-Mensah,2017,nl Netherlands,Friendlies (M),19,1,71,0,0
Timothy Fosu-Mensah,https://fbref.com/en/players/a9142dc3/Timothy-Fosu-Mensah,2018,nl Netherlands,WCQ,20,1,90,0,0
Timothy Fosu-Mensah,https://fbref.com/en/players/a9142dc3/Timothy-Fosu-Mensah,2018,nl Netherlands,Friendlies (M),20,1,7,0,0
Toby Alderweireld,https://fbref.com/en/players/f7d50789/Toby-Alderweireld,2010,be Belgium,WCQ,20,1,45,0,
Toby Alderweireld,https://fbref.com/en/players/f7d50789/Toby-Alderweireld,2012,be Belgium,UEFA Euro Qualifying,22,6,495,0,
Toby Alderweireld,https://fbref.com/en/players/f7d50789/Toby-Alderweireld,2014,be Belgium,1. World Cup,25,4,390,0,0
Toby Alderweireld,https://fbref.com/en/players/f7d50789/Toby-Alderweireld,2014,be Belgium,WCQ,24,8,720,0,0
Toby Alderweireld,https://fbref.com/en/players/f7d50789/Toby-Alderweireld,2014,be Belgium,Friendlies (M),24,6,405,0,0
Toby Alderweireld,https://fbref.com/en/players/f7d50789/Toby-Alderweireld,2015,be Belgium,Friendlies (M),25,2,180,0,1
Toby Alderweireld,https://fbref.com/en/players/f7d50789/Toby-Alderweireld,2016,be Belgium,Friendlies (M),26,4,360,0,1
Toby Alderweireld,https://fbref.com/en/players/f7d50789/Toby-Alderweireld,2016,be Belgium,UEFA Euro,26,5,450,1,0
Toby Alderweireld,https://fbref.com/en/players/f7d50789/Toby-Alderweireld,2016,be Belgium,UEFA Euro Qualifying,26,10,886,0,3
Toby Alderweireld,https://fbref.com/en/players/f7d50789/Toby-Alderweireld,2017,be Belgium,Friendlies (M),27,2,180,0,0
Toby Alderweireld,https://fbref.com/en/players/f7d50789/Toby-Alderweireld,2018,be Belgium,WCQ,28,9,810,1,1
Toby Alderweireld,https://fbref.com/en/players/f7d50789/Toby-Alderweireld,2018,be Belgium,Friendlies (M),28,5,450,0,0
Toby Alderweireld,https://fbref.com/en/players/f7d50789/Toby-Alderweireld,2018,be Belgium,1. World Cup,29,6,540,0,1
Toby Alderweireld,https://fbref.com/en/players/f7d50789/Toby-Alderweireld,2018-2019,be Belgium,UEFA Nations League,29,4,360,0,0
Toby Alderweireld,https://fbref.com/en/players/f7d50789/Toby-Alderweireld,2020-2021,be Belgium,UEFA Nations League,31,8,720,0,0
Toby Alderweireld,https://fbref.com/en/players/f7d50789/Toby-Alderweireld,2021,be Belgium,Friendlies (M),31,2,171,0,0
Toby Alderweireld,https://fbref.com/en/players/f7d50789/Toby-Alderweireld,2021,be Belgium,UEFA Euro,31,4,360,0,0
Toby Alderweireld,https://fbref.com/en/players/f7d50789/Toby-Alderweireld,2021,be Belgium,UEFA Euro Qualifying,31,10,900,2,0
Toby Alderweireld,https://fbref.com/en/players/f7d50789/Toby-Alderweireld,2022,be Belgium,1. World Cup,33,3,270,0,1
Toby Alderweireld,https://fbref.com/en/players/f7d50789/Toby-Alderweireld,2022,be Belgium,WCQ,32,6,532,0,1
Toby Alderweireld,https://fbref.com/en/players/f7d50789/Toby-Alderweireld,2022,be Belgium,Friendlies (M),32,1,90,0,0
Toby Alderweireld,https://fbref.com/en/players/f7d50789/Toby-Alderweireld,2022-2023,be Belgium,UEFA Nations League,33,5,450,0,1
Tokelo Rantie,https://fbref.com/en/players/7ef25942/Tokelo-Rantie,2013,za South Africa,Africa Cup of Nations,22,3,187,1,1
Tokelo Rantie,https://fbref.com/en/players/7ef25942/Tokelo-Rantie,2014,za South Africa,WCQ,23,4,249,0,
Tokelo Rantie,https://fbref.com/en/players/7ef25942/Tokelo-Rantie,2014,za South Africa,Friendlies (M),23,2,104,0,1
Tokelo Rantie,https://fbref.com/en/players/7ef25942/Tokelo-Rantie,2015,za South Africa,Friendlies (M),24,4,211,0,0
Tokelo Rantie,https://fbref.com/en/players/7ef25942/Tokelo-Rantie,2015,za South Africa,Africa Cup of Nations,24,3,238,0,0
Tokelo Rantie,https://fbref.com/en/players/7ef25942/Tokelo-Rantie,2016,za South Africa,Friendlies (M),25,0,,,
Tokelo Rantie,https://fbref.com/en/players/7ef25942/Tokelo-Rantie,2017,za South Africa,Africa Cup of Nations qualification,26,3,194,1,0
Tokelo Rantie,https://fbref.com/en/players/7ef25942/Tokelo-Rantie,2018,za South Africa,WCQ,27,4,348,2,0
Tokelo Rantie,https://fbref.com/en/players/7ef25942/Tokelo-Rantie,2019,za South Africa,Africa Cup of Nations qualification,28,1,79,1,0
Tom Cleverley,https://fbref.com/en/players/6cdd8245/Tom-Cleverley,2014,eng England,WCQ,24,7,464,0,2
Tom Cleverley,https://fbref.com/en/players/6cdd8245/Tom-Cleverley,2014,eng England,Friendlies (M),24,0,,,
Tom Cleverley,https://fbref.com/en/players/6cdd8245/Tom-Cleverley,2015,eng England,Friendlies (M),25,0,,,
Tom Cleverley,https://fbref.com/en/players/6cdd8245/Tom-Cleverley,2016,eng England,UEFA Euro Qualifying,26,0,,,
Tom Heaton,https://fbref.com/en/players/a6de6361/Tom-Heaton,2015,eng England,Friendlies (M),28,0,,,
Tom Heaton,https://fbref.com/en/players/a6de6361/Tom-Heaton,2016,eng England,Friendlies (M),29,2,49,0,0
Tom Heaton,https://fbref.com/en/players/a6de6361/Tom-Heaton,2016,eng England,UEFA Euro,29,0,,,
Tom Heaton,https://fbref.com/en/players/a6de6361/Tom-Heaton,2016,eng England,UEFA Euro Qualifying,29,0,,,
Tom Heaton,https://fbref.com/en/players/a6de6361/Tom-Heaton,2017,eng England,Friendlies (M),30,1,45,0,0
Tom Heaton,https://fbref.com/en/players/a6de6361/Tom-Heaton,2018,eng England,WCQ,31,0,,,
Tom Heaton,https://fbref.com/en/players/a6de6361/Tom-Heaton,2018,eng England,Friendlies (M),31,0,,,
Tom Heaton,https://fbref.com/en/players/a6de6361/Tom-Heaton,2018-2019,eng England,UEFA Nations League,32,0,,,
Tom Heaton,https://fbref.com/en/players/a6de6361/Tom-Heaton,2021,eng England,UEFA Euro Qualifying,34,0,,,
Tom Lawrence,https://fbref.com/en/players/7e2f45f4/Tom-Lawrence,2015,wls Wales,Friendlies (M),21,1,90,0,0
Tom Lawrence,https://fbref.com/en/players/7e2f45f4/Tom-Lawrence,2016,wls Wales,Friendlies (M),22,2,132,0,0
Tom Lawrence,https://fbref.com/en/players/7e2f45f4/Tom-Lawrence,2016,wls Wales,UEFA Euro Qualifying,22,1,45,0,0
Tom Lawrence,https://fbref.com/en/players/7e2f45f4/Tom-Lawrence,2017,wls Wales,Friendlies (M),23,2,97,1,0
Tom Lawrence,https://fbref.com/en/players/7e2f45f4/Tom-Lawrence,2018,wls Wales,WCQ,24,6,335,1,0
Tom Lawrence,https://fbref.com/en/players/7e2f45f4/Tom-Lawrence,2018,wls Wales,Friendlies (M),24,2,109,0,0
Tom Lawrence,https://fbref.com/en/players/7e2f45f4/Tom-Lawrence,2018-2019,wls Wales,UEFA Nations League,24,4,348,1,0
Tom Lawrence,https://fbref.com/en/players/7e2f45f4/Tom-Lawrence,2020,wls Wales,Friendlies (M),26,1,90,0,0
Tom Lawrence,https://fbref.com/en/players/7e2f45f4/Tom-Lawrence,2020-2021,wls Wales,UEFA Nations League,26,1,30,0,0
Tom Lawrence,https://fbref.com/en/players/7e2f45f4/Tom-Lawrence,2021,wls Wales,Friendlies (M),27,1,64,0,0
Tom Lawrence,https://fbref.com/en/players/7e2f45f4/Tom-Lawrence,2021,wls Wales,UEFA Euro Qualifying,27,2,168,0,0
Tom Lawrence,https://fbref.com/en/players/7e2f45f4/Tom-Lawrence,2022,wls Wales,WCQ,28,0,,,
Tom Lawrence,https://fbref.com/en/players/7e2f45f4/Tom-Lawrence,2026,wls Wales,WCQ,32,0,,,
Tomáš Kalas,https://fbref.com/en/players/df618867/Tomas-Kalas,2014,cz Czechia,WCQ,20,0,,,
Tomáš Kalas,https://fbref.com/en/players/df618867/Tomas-Kalas,2015,cz Czechia,Friendlies (M),21,1,75,0,0
Tomáš Kalas,https://fbref.com/en/players/df618867/Tomas-Kalas,2016,cz Czechia,Friendlies (M),22,2,127,0,0
Tomáš Kalas,https://fbref.com/en/players/df618867/Tomas-Kalas,2016,cz Czechia,UEFA Euro Qualifying,22,1,20,0,0
Tomáš Kalas,https://fbref.com/en/players/df618867/Tomas-Kalas,2017,cz Czechia,Friendlies (M),23,2,180,0,0
Tomáš Kalas,https://fbref.com/en/players/df618867/Tomas-Kalas,2018,cz Czechia,WCQ,24,4,278,0,0
Tomáš Kalas,https://fbref.com/en/players/df618867/Tomas-Kalas,2018,cz Czechia,Friendlies (M),24,4,270,1,0
Tomáš Kalas,https://fbref.com/en/players/df618867/Tomas-Kalas,2018-2019,cz Czechia,UEFA Nations League,25,2,180,0,0
Tomáš Kalas,https://fbref.com/en/players/df618867/Tomas-Kalas,2019,cz Czechia,Friendlies (M),25,0,,,
Tomáš Kalas,https://fbref.com/en/players/df618867/Tomas-Kalas,2020,cz Czechia,Friendlies (M),26,0,,,
Tomáš Kalas,https://fbref.com/en/players/df618867/Tomas-Kalas,2020-2021,cz Czechia,UEFA Nations League,27,3,270,0,0
Tomáš Kalas,https://fbref.com/en/players/df618867/Tomas-Kalas,2021,cz Czechia,Friendlies (M),27,1,90,0,0
Tomáš Kalas,https://fbref.com/en/players/df618867/Tomas-Kalas,2021,cz Czechia,UEFA Euro,27,5,450,0,2
Tomáš Kalas,https://fbref.com/en/players/df618867/Tomas-Kalas,2021,cz Czechia,UEFA Euro Qualifying,27,1,90,0,0
Tomáš Kalas,https://fbref.com/en/players/df618867/Tomas-Kalas,2022,cz Czechia,WCQ,28,3,270,0,0
Tomáš Rosický,https://fbref.com/en/players/dbb688e3/Tomas-Rosicky,2000,cz Czechia,UEFA Euro,19,2,151,0,
Tomáš Rosický,https://fbref.com/en/players/dbb688e3/Tomas-Rosicky,2004,cz Czechia,UEFA Euro,23,4,390,0,
Tomáš Rosický,https://fbref.com/en/players/dbb688e3/Tomas-Rosicky,2006,cz Czechia,1. World Cup,25,3,265,2,
Tomáš Rosický,https://fbref.com/en/players/dbb688e3/Tomas-Rosicky,2006,cz Czechia,WCQ,25,12,1047,7,
Tomáš Rosický,https://fbref.com/en/players/dbb688e3/Tomas-Rosicky,2008,cz Czechia,UEFA Euro Qualifying,27,10,872,2,
Tomáš Rosický,https://fbref.com/en/players/dbb688e3/Tomas-Rosicky,2010,cz Czechia,WCQ,29,3,203,0,
Tomáš Rosický,https://fbref.com/en/players/dbb688e3/Tomas-Rosicky,2012,cz Czechia,UEFA Euro,31,2,135,0,0
Tomáš Rosický,https://fbref.com/en/players/dbb688e3/Tomas-Rosicky,2012,cz Czechia,UEFA Euro Qualifying,31,9,803,0,
Tomáš Rosický,https://fbref.com/en/players/dbb688e3/Tomas-Rosicky,2014,cz Czechia,WCQ,33,5,335,1,1
Tomáš Rosický,https://fbref.com/en/players/dbb688e3/Tomas-Rosicky,2014,cz Czechia,Friendlies (M),33,2,135,1,0
Tomáš Rosický,https://fbref.com/en/players/dbb688e3/Tomas-Rosicky,2016,cz Czechia,Friendlies (M),35,3,239,1,0
Tomáš Rosický,https://fbref.com/en/players/dbb688e3/Tomas-Rosicky,2016,cz Czechia,UEFA Euro,35,2,177,0,1
Tomáš Rosický,https://fbref.com/en/players/dbb688e3/Tomas-Rosicky,2016,cz Czechia,UEFA Euro Qualifying,35,5,449,1,0
Tuncay Şanlı,https://fbref.com/en/players/e7a2dc67/Tuncay-Sanli,2003,tr Türkiye,FIFA Confederations Cup,21,5,437,3,
Tuncay Şanlı,https://fbref.com/en/players/e7a2dc67/Tuncay-Sanli,2006,tr Türkiye,WCQ,24,9,536,6,
Tuncay Şanlı,https://fbref.com/en/players/e7a2dc67/Tuncay-Sanli,2008,tr Türkiye,UEFA Euro,26,4,390,0,
Tuncay Şanlı,https://fbref.com/en/players/e7a2dc67/Tuncay-Sanli,2008,tr Türkiye,UEFA Euro Qualifying,26,11,803,3,
Tuncay Şanlı,https://fbref.com/en/players/e7a2dc67/Tuncay-Sanli,2010,tr Türkiye,WCQ,28,8,573,3,
Tuncay Şanlı,https://fbref.com/en/players/e7a2dc67/Tuncay-Sanli,2012,tr Türkiye,UEFA Euro Qualifying,30,4,288,0,
Tyias Browning,https://fbref.com/en/players/c4e180f0/Tyias-Browning,2022,cn China PR,WCQ,27,11,944,0,0
Tyias Browning,https://fbref.com/en/players/c4e180f0/Tyias-Browning,2023,cn China PR,Friendlies (M),28,6,540,1,0
Tyias Browning,https://fbref.com/en/players/c4e180f0/Tyias-Browning,2023,cn China PR,Asian Cup,28,3,270,0,0
Tyias Browning,https://fbref.com/en/players/c4e180f0/Tyias-Browning,2026,cn China PR,WCQ,31,11,854,0,0
Tyler Roberts,https://fbref.com/en/players/6c17e046/Tyler-Roberts,2018,wls Wales,Friendlies (M),19,0,,,
Tyler Roberts,https://fbref.com/en/players/6c17e046/Tyler-Roberts,2018-2019,wls Wales,UEFA Nations League,19,4,193,0,0
Tyler Roberts,https://fbref.com/en/players/6c17e046/Tyler-Roberts,2019,wls Wales,Friendlies (M),20,1,70,0,0
Tyler Roberts,https://fbref.com/en/players/6c17e046/Tyler-Roberts,2020,wls Wales,Friendlies (M),21,1,90,0,0
Tyler Roberts,https://fbref.com/en/players/6c17e046/Tyler-Roberts,2020-2021,wls Wales,UEFA Nations League,21,3,95,0,0
Tyler Roberts,https://fbref.com/en/players/6c17e046/Tyler-Roberts,2021,wls Wales,Friendlies (M),22,3,216,0,0
Tyler Roberts,https://fbref.com/en/players/6c17e046/Tyler-Roberts,2021,wls Wales,UEFA Euro,22,1,13,0,0
Tyler Roberts,https://fbref.com/en/players/6c17e046/Tyler-Roberts,2021,wls Wales,UEFA Euro Qualifying,22,2,36,0,0
Tyler Roberts,https://fbref.com/en/players/6c17e046/Tyler-Roberts,2022,wls Wales,WCQ,23,4,107,0,0
Tyler Roberts,https://fbref.com/en/players/6c17e046/Tyler-Roberts,2022-2023,wls Wales,UEFA Nations League,23,1,7,0,0
Tyrone Mings,https://fbref.com/en/players/8397a50c/Tyrone-Mings,2020,eng England,Friendlies (M),26,2,96,0,1
Tyrone Mings,https://fbref.com/en/players/8397a50c/Tyrone-Mings,2020-2021,eng England,UEFA Nations League,27,3,172,0,0
Tyrone Mings,https://fbref.com/en/players/8397a50c/Tyrone-Mings,2021,eng England,Friendlies (M),27,2,151,0,0
Tyrone Mings,https://fbref.com/en/players/8397a50c/Tyrone-Mings,2021,eng England,UEFA Euro,27,3,192,0,0
Tyrone Mings,https://fbref.com/en/players/8397a50c/Tyrone-Mings,2021,eng England,UEFA Euro Qualifying,27,2,180,0,0
Tyrone Mings,https://fbref.com/en/players/8397a50c/Tyrone-Mings,2022,eng England,WCQ,28,4,315,1,0
Tyrone Mings,https://fbref.com/en/players/8397a50c/Tyrone-Mings,2022,eng England,Friendlies (M),28,1,90,1,0
Tyrone Mings,https://fbref.com/en/players/8397a50c/Tyrone-Mings,2024,eng England,UEFA Euro Qualifying,30,1,31,0,0
Urby Emanuelson,https://fbref.com/en/players/66e83563/Urby-Emanuelson,2008,nl Netherlands,UEFA Euro Qualifying,21,7,303,0,
Urby Emanuelson,https://fbref.com/en/players/66e83563/Urby-Emanuelson,2012,nl Netherlands,UEFA Euro Qualifying,25,2,28,0,
Urby Emanuelson,https://fbref.com/en/players/66e83563/Urby-Emanuelson,2014,nl Netherlands,WCQ,27,1,16,0,0
Víctor Ibarbo,https://fbref.com/en/players/552d1e41/Victor-Ibarbo,2014,co Colombia,1. World Cup,24,3,187,0,0
Víctor Ibarbo,https://fbref.com/en/players/552d1e41/Victor-Ibarbo,2014,co Colombia,Friendlies (M),23,1,25,0,0
Víctor Ibarbo,https://fbref.com/en/players/552d1e41/Victor-Ibarbo,2015,co Colombia,Friendlies (M),24,0,,,
Víctor Ibarbo,https://fbref.com/en/players/552d1e41/Victor-Ibarbo,2018,co Colombia,WCQ,27,0,,,
Víctor Valdés,https://fbref.com/en/players/e029e404/Victor-Valdes,2010,es Spain,1. World Cup,28,0,,,
Víctor Valdés,https://fbref.com/en/players/e029e404/Victor-Valdes,2012,es Spain,UEFA Euro,30,0,,,
Víctor Valdés,https://fbref.com/en/players/e029e404/Victor-Valdes,2012,es Spain,UEFA Euro Qualifying,30,1,90,0,
Víctor Valdés,https://fbref.com/en/players/e029e404/Victor-Valdes,2013,es Spain,FIFA Confederations Cup,31,1,90,0,0
Víctor Valdés,https://fbref.com/en/players/e029e404/Victor-Valdes,2014,es Spain,WCQ,32,3,270,0,0
Víctor Valdés,https://fbref.com/en/players/e029e404/Victor-Valdes,2014,es Spain,Friendlies (M),32,1,45,0,0
Vadis Odjidja-Ofoe,https://fbref.com/en/players/518918ad/Vadis-Odjidja-Ofoe,2012,be Belgium,UEFA Euro Qualifying,22,2,29,0,
Valentin Roberge,https://fbref.com/en/players/f373db50/Valentin-Roberge,2022-2023,cy Cyprus,UEFA Nations League,35,2,180,1,0
Valentin Roberge,https://fbref.com/en/players/f373db50/Valentin-Roberge,2023,cy Cyprus,Friendlies (M),35,1,45,0,0
Valentin Roberge,https://fbref.com/en/players/f373db50/Valentin-Roberge,2024,cy Cyprus,UEFA Euro Qualifying,36,2,180,0,0
Valon Behrami,https://fbref.com/en/players/d3d758d8/Valon-Behrami,2006,ch Switzerland,WCQ,20,3,54,1,
Valon Behrami,https://fbref.com/en/players/d3d758d8/Valon-Behrami,2006,ch Switzerland,1. World Cup,21,1,3,0,
Valon Behrami,https://fbref.com/en/players/d3d758d8/Valon-Behrami,2008,ch Switzerland,UEFA Euro,22,3,263,0,
Valon Behrami,https://fbref.com/en/players/d3d758d8/Valon-Behrami,2010,ch Switzerland,1. World Cup,25,1,90,0,
Valon Behrami,https://fbref.com/en/players/d3d758d8/Valon-Behrami,2010,ch Switzerland,WCQ,24,3,267,0,
Valon Behrami,https://fbref.com/en/players/d3d758d8/Valon-Behrami,2012,ch Switzerland,UEFA Euro Qualifying,26,4,254,0,
Valon Behrami,https://fbref.com/en/players/d3d758d8/Valon-Behrami,2014,ch Switzerland,Friendlies (M),28,3,135,0,0
Valon Behrami,https://fbref.com/en/players/d3d758d8/Valon-Behrami,2014,ch Switzerland,WCQ,28,9,752,0,0
Valon Behrami,https://fbref.com/en/players/d3d758d8/Valon-Behrami,2014,ch Switzerland,1. World Cup,29,4,345,0,0
Valon Behrami,https://fbref.com/en/players/d3d758d8/Valon-Behrami,2015,ch Switzerland,Friendlies (M),29,3,168,0,0
Valon Behrami,https://fbref.com/en/players/d3d758d8/Valon-Behrami,2016,ch Switzerland,Friendlies (M),30,3,250,0,0
Valon Behrami,https://fbref.com/en/players/d3d758d8/Valon-Behrami,2016,ch Switzerland,UEFA Euro,30,4,346,0,0
Valon Behrami,https://fbref.com/en/players/d3d758d8/Valon-Behrami,2016,ch Switzerland,UEFA Euro Qualifying,30,7,618,0,1
Valon Behrami,https://fbref.com/en/players/d3d758d8/Valon-Behrami,2017,ch Switzerland,Friendlies (M),31,1,90,0,0
Valon Behrami,https://fbref.com/en/players/d3d758d8/Valon-Behrami,2018,ch Switzerland,1. World Cup,33,4,308,0,0
Valon Behrami,https://fbref.com/en/players/d3d758d8/Valon-Behrami,2018,ch Switzerland,WCQ,32,5,450,0,2
Valon Behrami,https://fbref.com/en/players/d3d758d8/Valon-Behrami,2018,ch Switzerland,Friendlies (M),32,3,212,0,0
Vangelis Moras,https://fbref.com/en/players/bffec2a8/Vangelis-Moras,2010,gr Greece,1. World Cup,28,1,90,0,
Vangelis Moras,https://fbref.com/en/players/bffec2a8/Vangelis-Moras,2010,gr Greece,WCQ,28,6,465,0,
Vangelis Moras,https://fbref.com/en/players/bffec2a8/Vangelis-Moras,2012,gr Greece,UEFA Euro Qualifying,30,1,90,0,
Vangelis Moras,https://fbref.com/en/players/bffec2a8/Vangelis-Moras,2014,gr Greece,1. World Cup,32,0,,,
Vangelis Moras,https://fbref.com/en/players/bffec2a8/Vangelis-Moras,2014,gr Greece,Friendlies (M),32,2,108,0,0
Vangelis Moras,https://fbref.com/en/players/bffec2a8/Vangelis-Moras,2015,gr Greece,Friendlies (M),33,2,102,0,0
Vangelis Moras,https://fbref.com/en/players/bffec2a8/Vangelis-Moras,2016,gr Greece,Friendlies (M),34,1,90,0,0
Vangelis Moras,https://fbref.com/en/players/bffec2a8/Vangelis-Moras,2016,gr Greece,UEFA Euro Qualifying,34,4,291,0,0
Vedran Ćorluka,https://fbref.com/en/players/6ceef869/Vedran-Corluka,2008,hr Croatia,UEFA Euro,21,4,364,0,
Vedran Ćorluka,https://fbref.com/en/players/6ceef869/Vedran-Corluka,2008,hr Croatia,UEFA Euro Qualifying,21,12,1080,0,
Vedran Ćorluka,https://fbref.com/en/players/6ceef869/Vedran-Corluka,2010,hr Croatia,WCQ,23,9,797,0,
Vedran Ćorluka,https://fbref.com/en/players/6ceef869/Vedran-Corluka,2012,hr Croatia,UEFA Euro,25,3,270,0,0
Vedran Ćorluka,https://fbref.com/en/players/6ceef869/Vedran-Corluka,2012,hr Croatia,UEFA Euro Qualifying,25,11,872,1,
Vedran Ćorluka,https://fbref.com/en/players/6ceef869/Vedran-Corluka,2014,hr Croatia,1. World Cup,28,3,270,0,0
Vedran Ćorluka,https://fbref.com/en/players/6ceef869/Vedran-Corluka,2014,hr Croatia,WCQ,27,9,800,1,0
Vedran Ćorluka,https://fbref.com/en/players/6ceef869/Vedran-Corluka,2014,hr Croatia,Friendlies (M),27,3,248,0,0
Vedran Ćorluka,https://fbref.com/en/players/6ceef869/Vedran-Corluka,2016,hr Croatia,Friendlies (M),29,3,225,0,0
Vedran Ćorluka,https://fbref.com/en/players/6ceef869/Vedran-Corluka,2016,hr Croatia,UEFA Euro,29,4,389,0,0
Vedran Ćorluka,https://fbref.com/en/players/6ceef869/Vedran-Corluka,2016,hr Croatia,UEFA Euro Qualifying,29,9,793,0,0
Vedran Ćorluka,https://fbref.com/en/players/6ceef869/Vedran-Corluka,2018,hr Croatia,1. World Cup,32,4,121,0,0
Vedran Ćorluka,https://fbref.com/en/players/6ceef869/Vedran-Corluka,2018,hr Croatia,WCQ,31,3,225,0,0
Vedran Ćorluka,https://fbref.com/en/players/6ceef869/Vedran-Corluka,2018,hr Croatia,Friendlies (M),31,4,305,0,0
Victor Moses,https://fbref.com/en/players/e726e11e/Victor-Moses,2013,ng Nigeria,Africa Cup of Nations,22,5,399,2,1
Victor Moses,https://fbref.com/en/players/e726e11e/Victor-Moses,2014,ng Nigeria,1. World Cup,23,2,139,0,0
Victor Moses,https://fbref.com/en/players/e726e11e/Victor-Moses,2014,ng Nigeria,WCQ,23,6,393,2,
Victor Moses,https://fbref.com/en/players/e726e11e/Victor-Moses,2014,ng Nigeria,Friendlies (M),23,3,250,1,0
Victor Moses,https://fbref.com/en/players/e726e11e/Victor-Moses,2016,ng Nigeria,Friendlies (M),25,1,60,0,0
Victor Moses,https://fbref.com/en/players/e726e11e/Victor-Moses,2017,ng Nigeria,Africa Cup of Nations qualification,26,3,192,0,0
Victor Moses,https://fbref.com/en/players/e726e11e/Victor-Moses,2018,ng Nigeria,1. World Cup,27,3,270,1,1
Victor Moses,https://fbref.com/en/players/e726e11e/Victor-Moses,2018,ng Nigeria,WCQ,27,4,352,3,1
Victor Moses,https://fbref.com/en/players/e726e11e/Victor-Moses,2018,ng Nigeria,Friendlies (M),27,4,275,1,0
Victor Obinna,https://fbref.com/en/players/c21b9d9d/Victor-Obinna,2010,ng Nigeria,1. World Cup,23,2,72,0,
Victor Obinna,https://fbref.com/en/players/c21b9d9d/Victor-Obinna,2010,ng Nigeria,Africa Cup of Nations,22,6,205,1,0
Victor Obinna,https://fbref.com/en/players/c21b9d9d/Victor-Obinna,2014,ng Nigeria,WCQ,26,1,13,1,
Victor Obinna,https://fbref.com/en/players/c21b9d9d/Victor-Obinna,2014,ng Nigeria,Friendlies (M),26,1,31,0,0
Victor Wanyama,https://fbref.com/en/players/e0900238/Victor-Wanyama,2014,ke Kenya,WCQ,22,7,630,1,
Victor Wanyama,https://fbref.com/en/players/e0900238/Victor-Wanyama,2014,ke Kenya,Friendlies (M),22,1,90,0,0
Victor Wanyama,https://fbref.com/en/players/e0900238/Victor-Wanyama,2015,ke Kenya,Friendlies (M),23,1,90,0,0
Victor Wanyama,https://fbref.com/en/players/e0900238/Victor-Wanyama,2016,ke Kenya,Friendlies (M),24,4,315,1,0
Victor Wanyama,https://fbref.com/en/players/e0900238/Victor-Wanyama,2017,ke Kenya,Friendlies (M),25,1,90,0,0
Victor Wanyama,https://fbref.com/en/players/e0900238/Victor-Wanyama,2017,ke Kenya,Africa Cup of Nations qualification,25,6,540,0,0
Victor Wanyama,https://fbref.com/en/players/e0900238/Victor-Wanyama,2018,ke Kenya,WCQ,26,4,360,0,0
Victor Wanyama,https://fbref.com/en/players/e0900238/Victor-Wanyama,2018,ke Kenya,Friendlies (M),26,1,90,1,0
Victor Wanyama,https://fbref.com/en/players/e0900238/Victor-Wanyama,2019,ke Kenya,Friendlies (M),27,3,270,1,0
Victor Wanyama,https://fbref.com/en/players/e0900238/Victor-Wanyama,2019,ke Kenya,Africa Cup of Nations,27,3,270,0,0
Victor Wanyama,https://fbref.com/en/players/e0900238/Victor-Wanyama,2019,ke Kenya,Africa Cup of Nations qualification,27,3,342,1,0
Victor Wanyama,https://fbref.com/en/players/e0900238/Victor-Wanyama,2021,ke Kenya,Africa Cup of Nations qualification,29,4,360,0,0
Vince Grella,https://fbref.com/en/players/db61f587/Vince-Grella,2006,au Australia,1. World Cup,26,4,332,0,
Vince Grella,https://fbref.com/en/players/db61f587/Vince-Grella,2007,au Australia,Asian Cup,27,4,315,0,
Vince Grella,https://fbref.com/en/players/db61f587/Vince-Grella,2007,au Australia,Asian Cup qualification,27,1,90,0,
Vince Grella,https://fbref.com/en/players/db61f587/Vince-Grella,2010,au Australia,1. World Cup,30,1,45,0,
Vince Grella,https://fbref.com/en/players/db61f587/Vince-Grella,2010,au Australia,WCQ,30,7,505,0,
Vincent Kompany,https://fbref.com/en/players/d2bff301/Vincent-Kompany,2006,be Belgium,WCQ,19,7,506,0,
Vincent Kompany,https://fbref.com/en/players/d2bff301/Vincent-Kompany,2008,be Belgium,UEFA Euro Qualifying,21,7,519,0,
Vincent Kompany,https://fbref.com/en/players/d2bff301/Vincent-Kompany,2010,be Belgium,WCQ,23,5,450,0,
Vincent Kompany,https://fbref.com/en/players/d2bff301/Vincent-Kompany,2012,be Belgium,UEFA Euro Qualifying,25,8,693,1,
Vincent Kompany,https://fbref.com/en/players/d2bff301/Vincent-Kompany,2014,be Belgium,1. World Cup,28,4,390,0,0
Vincent Kompany,https://fbref.com/en/players/d2bff301/Vincent-Kompany,2014,be Belgium,WCQ,27,6,540,2,0
Vincent Kompany,https://fbref.com/en/players/d2bff301/Vincent-Kompany,2014,be Belgium,Friendlies (M),27,5,405,0,0
Vincent Kompany,https://fbref.com/en/players/d2bff301/Vincent-Kompany,2016,be Belgium,UEFA Euro Qualifying,29,7,535,0,1
Vincent Kompany,https://fbref.com/en/players/d2bff301/Vincent-Kompany,2017,be Belgium,Friendlies (M),30,1,90,0,0
Vincent Kompany,https://fbref.com/en/players/d2bff301/Vincent-Kompany,2018,be Belgium,1. World Cup,32,5,377,0,0
Vincent Kompany,https://fbref.com/en/players/d2bff301/Vincent-Kompany,2018,be Belgium,WCQ,31,2,180,0,0
Vincent Kompany,https://fbref.com/en/players/d2bff301/Vincent-Kompany,2018,be Belgium,Friendlies (M),31,3,144,0,0
Vincent Kompany,https://fbref.com/en/players/d2bff301/Vincent-Kompany,2018-2019,be Belgium,UEFA Nations League,32,4,353,0,0
Vincent Kompany,https://fbref.com/en/players/d2bff301/Vincent-Kompany,2021,be Belgium,UEFA Euro Qualifying,34,2,166,0,0
Virgil van Dijk,https://fbref.com/en/players/e06683ca/Virgil-van-Dijk,2014,nl Netherlands,Friendlies (M),22,0,,,
Virgil van Dijk,https://fbref.com/en/players/e06683ca/Virgil-van-Dijk,2015,nl Netherlands,Friendlies (M),23,1,45,0,0
Virgil van Dijk,https://fbref.com/en/players/e06683ca/Virgil-van-Dijk,2016,nl Netherlands,Friendlies (M),24,5,405,0,0
Virgil van Dijk,https://fbref.com/en/players/e06683ca/Virgil-van-Dijk,2016,nl Netherlands,UEFA Euro Qualifying,24,2,153,0,0
Virgil van Dijk,https://fbref.com/en/players/e06683ca/Virgil-van-Dijk,2017,nl Netherlands,Friendlies (M),25,2,180,0,0
Virgil van Dijk,https://fbref.com/en/players/e06683ca/Virgil-van-Dijk,2018,nl Netherlands,WCQ,26,6,540,0,0
Virgil van Dijk,https://fbref.com/en/players/e06683ca/Virgil-van-Dijk,2018,nl Netherlands,Friendlies (M),26,4,360,1,0
Virgil van Dijk,https://fbref.com/en/players/e06683ca/Virgil-van-Dijk,2018-2019,nl Netherlands,UEFA Nations League,27,6,570,2,0
Virgil van Dijk,https://fbref.com/en/players/e06683ca/Virgil-van-Dijk,2020,nl Netherlands,Friendlies (M),28,1,45,0,0
Virgil van Dijk,https://fbref.com/en/players/e06683ca/Virgil-van-Dijk,2020-2021,nl Netherlands,UEFA Nations League,29,4,360,0,0
Virgil van Dijk,https://fbref.com/en/players/e06683ca/Virgil-van-Dijk,2021,nl Netherlands,UEFA Euro Qualifying,29,7,630,1,0
Virgil van Dijk,https://fbref.com/en/players/e06683ca/Virgil-van-Dijk,2022,nl Netherlands,1. World Cup,30,5,480,0,0
Virgil van Dijk,https://fbref.com/en/players/e06683ca/Virgil-van-Dijk,2022,nl Netherlands,WCQ,30,6,540,1,0
Virgil van Dijk,https://fbref.com/en/players/e06683ca/Virgil-van-Dijk,2022,nl Netherlands,Friendlies (M),30,2,180,0,0
Virgil van Dijk,https://fbref.com/en/players/e06683ca/Virgil-van-Dijk,2022-2023,nl Netherlands,UEFA Nations League,31,5,480,1,0
Virgil van Dijk,https://fbref.com/en/players/e06683ca/Virgil-van-Dijk,2024,nl Netherlands,Friendlies (M),32,4,289,2,0
Virgil van Dijk,https://fbref.com/en/players/e06683ca/Virgil-van-Dijk,2024,nl Netherlands,UEFA Euro,32,6,540,0,0
Virgil van Dijk,https://fbref.com/en/players/e06683ca/Virgil-van-Dijk,2024,nl Netherlands,UEFA Euro Qualifying,32,8,675,1,0
Virgil van Dijk,https://fbref.com/en/players/e06683ca/Virgil-van-Dijk,2024-2025,nl Netherlands,UEFA Nations League,33,6,558,0,0
Virgil van Dijk,https://fbref.com/en/players/e06683ca/Virgil-van-Dijk,2026,nl Netherlands,WCQ,34,8,720,2,0
Vlad Chiricheș,https://fbref.com/en/players/c316607a/Vlad-Chiriches,2012,ro Romania,UEFA Euro Qualifying,22,2,120,0,
Vlad Chiricheș,https://fbref.com/en/players/c316607a/Vlad-Chiriches,2014,ro Romania,WCQ,24,10,900,0,0
Vlad Chiricheș,https://fbref.com/en/players/c316607a/Vlad-Chiriches,2014,ro Romania,Friendlies (M),24,1,69,0,0
Vlad Chiricheș,https://fbref.com/en/players/c316607a/Vlad-Chiriches,2015,ro Romania,Friendlies (M),25,1,90,0,0
Vlad Chiricheș,https://fbref.com/en/players/c316607a/Vlad-Chiriches,2016,ro Romania,Friendlies (M),26,4,360,0,0
Vlad Chiricheș,https://fbref.com/en/players/c316607a/Vlad-Chiriches,2016,ro Romania,UEFA Euro,26,3,270,0,0
Vlad Chiricheș,https://fbref.com/en/players/c316607a/Vlad-Chiriches,2016,ro Romania,UEFA Euro Qualifying,26,10,900,0,0
Vlad Chiricheș,https://fbref.com/en/players/c316607a/Vlad-Chiriches,2017,ro Romania,Friendlies (M),27,3,270,0,0
Vlad Chiricheș,https://fbref.com/en/players/c316607a/Vlad-Chiriches,2018,ro Romania,WCQ,28,7,630,0,0
Vlad Chiricheș,https://fbref.com/en/players/c316607a/Vlad-Chiriches,2018-2019,ro Romania,UEFA Nations League,28,1,30,0,0
Vlad Chiricheș,https://fbref.com/en/players/c316607a/Vlad-Chiriches,2020-2021,ro Romania,UEFA Nations League,30,2,163,0,1
Vlad Chiricheș,https://fbref.com/en/players/c316607a/Vlad-Chiriches,2021,ro Romania,Friendlies (M),31,2,180,0,0
Vlad Chiricheș,https://fbref.com/en/players/c316607a/Vlad-Chiriches,2021,ro Romania,UEFA Euro Qualifying,31,3,217,0,0
Vlad Chiricheș,https://fbref.com/en/players/c316607a/Vlad-Chiriches,2022,ro Romania,WCQ,32,8,720,0,1
Vlad Chiricheș,https://fbref.com/en/players/c316607a/Vlad-Chiriches,2022,ro Romania,Friendlies (M),32,2,135,0,1
Vlad Chiricheș,https://fbref.com/en/players/c316607a/Vlad-Chiriches,2022-2023,ro Romania,UEFA Nations League,32,4,360,0,0
Vlad Chiricheș,https://fbref.com/en/players/c316607a/Vlad-Chiriches,2026,ro Romania,WCQ,36,2,145,0,0
Vurnon Anita,https://fbref.com/en/players/2d368fd5/Vurnon-Anita,2012,nl Netherlands,UEFA Euro Qualifying,22,1,90,0,
Vurnon Anita,https://fbref.com/en/players/2d368fd5/Vurnon-Anita,2016,nl Netherlands,UEFA Euro Qualifying,26,0,,,
Vurnon Anita,https://fbref.com/en/players/2d368fd5/Vurnon-Anita,2021,cw Curaçao,Friendlies (M),31,2,152,0,0
Vurnon Anita,https://fbref.com/en/players/2d368fd5/Vurnon-Anita,2022,cw Curaçao,WCQ,32,6,495,0,1
Vurnon Anita,https://fbref.com/en/players/2d368fd5/Vurnon-Anita,2023,cw Curaçao,Friendlies (M),33,1,83,0,0
Vurnon Anita,https://fbref.com/en/players/2d368fd5/Vurnon-Anita,2026,cw Curaçao,WCQ,36,0,,,
Wahbi Khazri,https://fbref.com/en/players/2677a1de/Wahbi-Khazri,2013,tn Tunisia,Africa Cup of Nations,21,1,61,0,0
Wahbi Khazri,https://fbref.com/en/players/2677a1de/Wahbi-Khazri,2014,tn Tunisia,WCQ,22,2,122,1,
Wahbi Khazri,https://fbref.com/en/players/2677a1de/Wahbi-Khazri,2014,tn Tunisia,Friendlies (M),22,1,45,1,0
Wahbi Khazri,https://fbref.com/en/players/2677a1de/Wahbi-Khazri,2015,tn Tunisia,Friendlies (M),23,2,154,2,1
Wahbi Khazri,https://fbref.com/en/players/2677a1de/Wahbi-Khazri,2015,tn Tunisia,Africa Cup of Nations,23,4,304,0,0
Wahbi Khazri,https://fbref.com/en/players/2677a1de/Wahbi-Khazri,2015,tn Tunisia,Africa Cup of Nations qualification,23,5,408,2,
Wahbi Khazri,https://fbref.com/en/players/2677a1de/Wahbi-Khazri,2016,tn Tunisia,Friendlies (M),24,1,56,0,0
Wahbi Khazri,https://fbref.com/en/players/2677a1de/Wahbi-Khazri,2017,tn Tunisia,Friendlies (M),25,1,15,0,0
Wahbi Khazri,https://fbref.com/en/players/2677a1de/Wahbi-Khazri,2017,tn Tunisia,Africa Cup of Nations,25,4,241,1,0
Wahbi Khazri,https://fbref.com/en/players/2677a1de/Wahbi-Khazri,2017,tn Tunisia,Africa Cup of Nations qualification,25,3,228,1,1
Wahbi Khazri,https://fbref.com/en/players/2677a1de/Wahbi-Khazri,2018,tn Tunisia,WCQ,26,6,417,2,0
Wahbi Khazri,https://fbref.com/en/players/2677a1de/Wahbi-Khazri,2018,tn Tunisia,Friendlies (M),26,3,245,1,0
Wahbi Khazri,https://fbref.com/en/players/2677a1de/Wahbi-Khazri,2018,tn Tunisia,1. World Cup,27,3,262,2,2
Wahbi Khazri,https://fbref.com/en/players/2677a1de/Wahbi-Khazri,2019,tn Tunisia,Friendlies (M),27,2,172,1,0
Wahbi Khazri,https://fbref.com/en/players/2677a1de/Wahbi-Khazri,2019,tn Tunisia,Africa Cup of Nations,27,7,623,1,1
Wahbi Khazri,https://fbref.com/en/players/2677a1de/Wahbi-Khazri,2019,tn Tunisia,Africa Cup of Nations qualification,27,2,180,0,2
Wahbi Khazri,https://fbref.com/en/players/2677a1de/Wahbi-Khazri,2020,tn Tunisia,Friendlies (M),28,2,152,0,2
Wahbi Khazri,https://fbref.com/en/players/2677a1de/Wahbi-Khazri,2021,tn Tunisia,Friendlies (M),29,2,149,0,0
Wahbi Khazri,https://fbref.com/en/players/2677a1de/Wahbi-Khazri,2021,tn Tunisia,Africa Cup of Nations,29,4,264,2,1
Wahbi Khazri,https://fbref.com/en/players/2677a1de/Wahbi-Khazri,2021,tn Tunisia,Africa Cup of Nations qualification,29,4,337,3,0
Wahbi Khazri,https://fbref.com/en/players/2677a1de/Wahbi-Khazri,2022,tn Tunisia,1. World Cup,31,2,83,1,0
Wahbi Khazri,https://fbref.com/en/players/2677a1de/Wahbi-Khazri,2022,tn Tunisia,WCQ,30,6,410,3,1
Wahbi Khazri,https://fbref.com/en/players/2677a1de/Wahbi-Khazri,2022,tn Tunisia,Friendlies (M),30,2,97,0,0
Wayne Bridge,https://fbref.com/en/players/86b982bc/Wayne-Bridge,2002,eng England,1. World Cup,21,2,17,0,
Wayne Bridge,https://fbref.com/en/players/86b982bc/Wayne-Bridge,2004,eng England,UEFA Euro,23,0,,,
Wayne Bridge,https://fbref.com/en/players/86b982bc/Wayne-Bridge,2006,eng England,1. World Cup,25,0,,,
Wayne Bridge,https://fbref.com/en/players/86b982bc/Wayne-Bridge,2006,eng England,WCQ,25,2,173,0,
Wayne Bridge,https://fbref.com/en/players/86b982bc/Wayne-Bridge,2008,eng England,UEFA Euro Qualifying,27,2,180,0,
Wayne Bridge,https://fbref.com/en/players/86b982bc/Wayne-Bridge,2010,eng England,WCQ,29,3,194,0,
Wayne Hennessey,https://fbref.com/en/players/76eca7e2/Wayne-Hennessey,2008,wls Wales,UEFA Euro Qualifying,21,5,450,0,
Wayne Hennessey,https://fbref.com/en/players/76eca7e2/Wayne-Hennessey,2010,wls Wales,WCQ,23,9,810,0,
Wayne Hennessey,https://fbref.com/en/players/76eca7e2/Wayne-Hennessey,2012,wls Wales,UEFA Euro Qualifying,25,8,720,0,
Wayne Hennessey,https://fbref.com/en/players/76eca7e2/Wayne-Hennessey,2014,wls Wales,WCQ,27,2,180,0,0
Wayne Hennessey,https://fbref.com/en/players/76eca7e2/Wayne-Hennessey,2014,wls Wales,Friendlies (M),27,1,90,0,0
Wayne Hennessey,https://fbref.com/en/players/76eca7e2/Wayne-Hennessey,2015,wls Wales,Friendlies (M),28,1,73,0,0
Wayne Hennessey,https://fbref.com/en/players/76eca7e2/Wayne-Hennessey,2016,wls Wales,Friendlies (M),29,3,180,0,0
Wayne Hennessey,https://fbref.com/en/players/76eca7e2/Wayne-Hennessey,2016,wls Wales,UEFA Euro,29,5,450,0,0
Wayne Hennessey,https://fbref.com/en/players/76eca7e2/Wayne-Hennessey,2016,wls Wales,UEFA Euro Qualifying,29,10,900,0,0
Wayne Hennessey,https://fbref.com/en/players/76eca7e2/Wayne-Hennessey,2017,wls Wales,Friendlies (M),30,1,90,0,0
Wayne Hennessey,https://fbref.com/en/players/76eca7e2/Wayne-Hennessey,2018,wls Wales,WCQ,31,10,900,0,0
Wayne Hennessey,https://fbref.com/en/players/76eca7e2/Wayne-Hennessey,2018,wls Wales,Friendlies (M),31,2,180,0,0
Wayne Hennessey,https://fbref.com/en/players/76eca7e2/Wayne-Hennessey,2018-2019,wls Wales,UEFA Nations League,31,4,360,0,0
Wayne Hennessey,https://fbref.com/en/players/76eca7e2/Wayne-Hennessey,2019,wls Wales,Friendlies (M),32,0,,,
Wayne Hennessey,https://fbref.com/en/players/76eca7e2/Wayne-Hennessey,2020,wls Wales,Friendlies (M),33,1,90,0,0
Wayne Hennessey,https://fbref.com/en/players/76eca7e2/Wayne-Hennessey,2020-2021,wls Wales,UEFA Nations League,33,4,348,0,0
Wayne Hennessey,https://fbref.com/en/players/76eca7e2/Wayne-Hennessey,2021,wls Wales,Friendlies (M),34,3,225,0,0
Wayne Hennessey,https://fbref.com/en/players/76eca7e2/Wayne-Hennessey,2021,wls Wales,UEFA Euro,34,0,,,
Wayne Hennessey,https://fbref.com/en/players/76eca7e2/Wayne-Hennessey,2021,wls Wales,UEFA Euro Qualifying,34,8,720,0,0
Wayne Hennessey,https://fbref.com/en/players/76eca7e2/Wayne-Hennessey,2022,wls Wales,1. World Cup,35,2,175,0,0
Wayne Hennessey,https://fbref.com/en/players/76eca7e2/Wayne-Hennessey,2022,wls Wales,WCQ,35,3,181,0,0
Wayne Hennessey,https://fbref.com/en/players/76eca7e2/Wayne-Hennessey,2022,wls Wales,Friendlies (M),35,1,59,0,0
Wayne Hennessey,https://fbref.com/en/players/76eca7e2/Wayne-Hennessey,2022-2023,wls Wales,UEFA Nations League,35,5,405,0,0
Wayne Hennessey,https://fbref.com/en/players/76eca7e2/Wayne-Hennessey,2023,wls Wales,Friendlies (M),36,1,45,0,0
Wayne Hennessey,https://fbref.com/en/players/76eca7e2/Wayne-Hennessey,2024,wls Wales,UEFA Euro Qualifying,37,0,,,
Wayne Rooney,https://fbref.com/en/players/f07be45a/Wayne-Rooney,2004,eng England,UEFA Euro,18,4,253,4,
Wayne Rooney,https://fbref.com/en/players/f07be45a/Wayne-Rooney,2006,eng England,1. World Cup,20,4,252,0,
Wayne Rooney,https://fbref.com/en/players/f07be45a/Wayne-Rooney,2006,eng England,WCQ,20,7,597,0,
Wayne Rooney,https://fbref.com/en/players/f07be45a/Wayne-Rooney,2008,eng England,UEFA Euro Qualifying,22,6,494,2,
Wayne Rooney,https://fbref.com/en/players/f07be45a/Wayne-Rooney,2010,eng England,1. World Cup,24,4,341,0,
Wayne Rooney,https://fbref.com/en/players/f07be45a/Wayne-Rooney,2010,eng England,WCQ,24,9,757,9,
Wayne Rooney,https://fbref.com/en/players/f07be45a/Wayne-Rooney,2012,eng England,UEFA Euro,26,2,206,1,0
Wayne Rooney,https://fbref.com/en/players/f07be45a/Wayne-Rooney,2012,eng England,UEFA Euro Qualifying,26,7,578,3,
Wayne Rooney,https://fbref.com/en/players/f07be45a/Wayne-Rooney,2014,eng England,1. World Cup,28,3,195,1,1
Wayne Rooney,https://fbref.com/en/players/f07be45a/Wayne-Rooney,2014,eng England,Friendlies (M),28,6,392,4,0
Wayne Rooney,https://fbref.com/en/players/f07be45a/Wayne-Rooney,2014,eng England,WCQ,28,6,468,7,1
Wayne Rooney,https://fbref.com/en/players/f07be45a/Wayne-Rooney,2015,eng England,Friendlies (M),29,4,272,1,1
Wayne Rooney,https://fbref.com/en/players/f07be45a/Wayne-Rooney,2016,eng England,Friendlies (M),30,2,122,1,0
Wayne Rooney,https://fbref.com/en/players/f07be45a/Wayne-Rooney,2016,eng England,UEFA Euro,30,4,288,1,0
Wayne Rooney,https://fbref.com/en/players/f07be45a/Wayne-Rooney,2016,eng England,UEFA Euro Qualifying,30,8,668,7,1
Wayne Rooney,https://fbref.com/en/players/f07be45a/Wayne-Rooney,2018,eng England,WCQ,32,4,288,0,1
Wayne Rooney,https://fbref.com/en/players/f07be45a/Wayne-Rooney,2018,eng England,Friendlies (M),32,1,33,0,0
Wes Brown,https://fbref.com/en/players/659ccc97/Wes-Brown,2002,eng England,1. World Cup,22,0,,,
Wes Brown,https://fbref.com/en/players/659ccc97/Wes-Brown,2008,eng England,UEFA Euro Qualifying,28,2,180,0,
Wes Brown,https://fbref.com/en/players/659ccc97/Wes-Brown,2010,eng England,WCQ,30,3,270,0,
Wes Hoolahan,https://fbref.com/en/players/5236a502/Wes-Hoolahan,2014,ie Rep. of Ireland,WCQ,31,3,108,0,0
Wes Hoolahan,https://fbref.com/en/players/5236a502/Wes-Hoolahan,2014,ie Rep. of Ireland,Friendlies (M),31,6,344,0,2
Wes Hoolahan,https://fbref.com/en/players/5236a502/Wes-Hoolahan,2015,ie Rep. of Ireland,Friendlies (M),32,0,,,
Wes Hoolahan,https://fbref.com/en/players/5236a502/Wes-Hoolahan,2016,ie Rep. of Ireland,Friendlies (M),33,5,156,0,0
Wes Hoolahan,https://fbref.com/en/players/5236a502/Wes-Hoolahan,2016,ie Rep. of Ireland,UEFA Euro,33,4,180,1,1
Wes Hoolahan,https://fbref.com/en/players/5236a502/Wes-Hoolahan,2016,ie Rep. of Ireland,UEFA Euro Qualifying,33,10,610,1,3
Wes Hoolahan,https://fbref.com/en/players/5236a502/Wes-Hoolahan,2017,ie Rep. of Ireland,Friendlies (M),34,2,72,0,1
Wes Hoolahan,https://fbref.com/en/players/5236a502/Wes-Hoolahan,2018,ie Rep. of Ireland,WCQ,35,6,366,0,2
Wes Morgan,https://fbref.com/en/players/80c31c97/Wes-Morgan,2014,jm Jamaica,WCQ,30,4,360,0,0
Wes Morgan,https://fbref.com/en/players/80c31c97/Wes-Morgan,2014,jm Jamaica,Friendlies (M),30,6,495,0,0
Wes Morgan,https://fbref.com/en/players/80c31c97/Wes-Morgan,2015,jm Jamaica,Friendlies (M),31,2,151,0,0
Wes Morgan,https://fbref.com/en/players/80c31c97/Wes-Morgan,2015,jm Jamaica,Gold Cup,31,6,540,0,0
Wes Morgan,https://fbref.com/en/players/80c31c97/Wes-Morgan,2018,jm Jamaica,WCQ,34,6,540,0,0
Wilfried Bony,https://fbref.com/en/players/61abe9b6/Wilfried-Bony,2012,ci Côte d'Ivoire,Africa Cup of Nations,23,4,149,1,0
Wilfried Bony,https://fbref.com/en/players/61abe9b6/Wilfried-Bony,2013,ci Côte d'Ivoire,Africa Cup of Nations,24,2,107,1,0
Wilfried Bony,https://fbref.com/en/players/61abe9b6/Wilfried-Bony,2014,ci Côte d'Ivoire,1. World Cup,25,3,166,2,0
Wilfried Bony,https://fbref.com/en/players/61abe9b6/Wilfried-Bony,2014,ci Côte d'Ivoire,WCQ,25,5,191,3,
Wilfried Bony,https://fbref.com/en/players/61abe9b6/Wilfried-Bony,2014,ci Côte d'Ivoire,Friendlies (M),25,1,8,0,0
Wilfried Bony,https://fbref.com/en/players/61abe9b6/Wilfried-Bony,2015,ci Côte d'Ivoire,Friendlies (M),26,4,257,0,0
Wilfried Bony,https://fbref.com/en/players/61abe9b6/Wilfried-Bony,2015,ci Côte d'Ivoire,Africa Cup of Nations,26,6,558,2,4
Wilfried Bony,https://fbref.com/en/players/61abe9b6/Wilfried-Bony,2016,ci Côte d'Ivoire,Friendlies (M),27,0,,,
Wilfried Bony,https://fbref.com/en/players/61abe9b6/Wilfried-Bony,2017,ci Côte d'Ivoire,Africa Cup of Nations,28,3,201,1,0
Wilfried Bony,https://fbref.com/en/players/61abe9b6/Wilfried-Bony,2017,ci Côte d'Ivoire,Africa Cup of Nations qualification,28,2,180,0,0
Wilfried Bony,https://fbref.com/en/players/61abe9b6/Wilfried-Bony,2018,ci Côte d'Ivoire,WCQ,29,2,26,0,0
Wilfried Bony,https://fbref.com/en/players/61abe9b6/Wilfried-Bony,2019,ci Côte d'Ivoire,Friendlies (M),30,3,97,3,0
Wilfried Bony,https://fbref.com/en/players/61abe9b6/Wilfried-Bony,2019,ci Côte d'Ivoire,Africa Cup of Nations,30,4,143,0,0
Wilfried Zaha,https://fbref.com/en/players/b2bc3b1f/Wilfried-Zaha,2017,ci Côte d'Ivoire,Friendlies (M),24,1,90,1,0
Wilfried Zaha,https://fbref.com/en/players/b2bc3b1f/Wilfried-Zaha,2017,ci Côte d'Ivoire,Africa Cup of Nations,24,3,233,0,0
Wilfried Zaha,https://fbref.com/en/players/b2bc3b1f/Wilfried-Zaha,2018,ci Côte d'Ivoire,WCQ,25,1,90,0,0
Wilfried Zaha,https://fbref.com/en/players/b2bc3b1f/Wilfried-Zaha,2019,ci Côte d'Ivoire,Friendlies (M),26,4,233,1,1
Wilfried Zaha,https://fbref.com/en/players/b2bc3b1f/Wilfried-Zaha,2019,ci Côte d'Ivoire,Africa Cup of Nations,26,4,295,2,1
Wilfried Zaha,https://fbref.com/en/players/b2bc3b1f/Wilfried-Zaha,2019,ci Côte d'Ivoire,Africa Cup of Nations qualification,26,1,90,0,1
Wilfried Zaha,https://fbref.com/en/players/b2bc3b1f/Wilfried-Zaha,2020,ci Côte d'Ivoire,Friendlies (M),27,1,90,0,0
Wilfried Zaha,https://fbref.com/en/players/b2bc3b1f/Wilfried-Zaha,2021,ci Côte d'Ivoire,Africa Cup of Nations,28,4,157,0,1
Wilfried Zaha,https://fbref.com/en/players/b2bc3b1f/Wilfried-Zaha,2021,ci Côte d'Ivoire,Africa Cup of Nations qualification,28,2,92,0,0
Wilfried Zaha,https://fbref.com/en/players/b2bc3b1f/Wilfried-Zaha,2022,ci Côte d'Ivoire,WCQ,29,1,73,0,0
Wilfried Zaha,https://fbref.com/en/players/b2bc3b1f/Wilfried-Zaha,2022,ci Côte d'Ivoire,Friendlies (M),29,4,283,0,0
Wilfried Zaha,https://fbref.com/en/players/b2bc3b1f/Wilfried-Zaha,2023,ci Côte d'Ivoire,Friendlies (M),30,2,82,0,0
Wilfried Zaha,https://fbref.com/en/players/b2bc3b1f/Wilfried-Zaha,2023,ci Côte d'Ivoire,Africa Cup of Nations qualification,30,2,117,0,0
Will Keane,https://fbref.com/en/players/fc7f8f87/Will-Keane,2022,ie Rep. of Ireland,WCQ,29,1,1,0,0
Will Keane,https://fbref.com/en/players/fc7f8f87/Will-Keane,2022,ie Rep. of Ireland,Friendlies (M),29,2,77,0,0
Will Keane,https://fbref.com/en/players/fc7f8f87/Will-Keane,2022-2023,ie Rep. of Ireland,UEFA Nations League,29,1,10,0,0
Will Keane,https://fbref.com/en/players/fc7f8f87/Will-Keane,2023,ie Rep. of Ireland,Friendlies (M),30,0,,,
Will Keane,https://fbref.com/en/players/fc7f8f87/Will-Keane,2024,ie Rep. of Ireland,UEFA Euro Qualifying,31,1,10,0,0
William Gallas,https://fbref.com/en/players/286fb7e0/William-Gallas,2003,fr France,FIFA Confederations Cup,25,3,300,0,
William Gallas,https://fbref.com/en/players/286fb7e0/William-Gallas,2004,fr France,UEFA Euro,26,4,304,0,
William Gallas,https://fbref.com/en/players/286fb7e0/William-Gallas,2006,fr France,1. World Cup,28,7,660,0,
William Gallas,https://fbref.com/en/players/286fb7e0/William-Gallas,2006,fr France,WCQ,28,10,900,0,
William Gallas,https://fbref.com/en/players/286fb7e0/William-Gallas,2008,fr France,UEFA Euro,30,3,270,0,
William Gallas,https://fbref.com/en/players/286fb7e0/William-Gallas,2008,fr France,UEFA Euro Qualifying,30,8,720,0,
William Gallas,https://fbref.com/en/players/286fb7e0/William-Gallas,2010,fr France,1. World Cup,32,3,270,0,
William Gallas,https://fbref.com/en/players/286fb7e0/William-Gallas,2010,fr France,WCQ,32,10,930,2,
William Kvist,https://fbref.com/en/players/1c639185/William-Kvist,2008,dk Denmark,UEFA Euro Qualifying,22,1,90,0,
William Kvist,https://fbref.com/en/players/1c639185/William-Kvist,2010,dk Denmark,1. World Cup,25,0,,,
William Kvist,https://fbref.com/en/players/1c639185/William-Kvist,2010,dk Denmark,WCQ,24,3,205,0,
William Kvist,https://fbref.com/en/players/1c639185/William-Kvist,2012,dk Denmark,UEFA Euro,26,3,270,0,0
William Kvist,https://fbref.com/en/players/1c639185/William-Kvist,2012,dk Denmark,UEFA Euro Qualifying,26,6,490,0,
William Kvist,https://fbref.com/en/players/1c639185/William-Kvist,2014,dk Denmark,WCQ,28,8,688,1,0
William Kvist,https://fbref.com/en/players/1c639185/William-Kvist,2014,dk Denmark,Friendlies (M),28,3,249,0,0
William Kvist,https://fbref.com/en/players/1c639185/William-Kvist,2015,dk Denmark,Friendlies (M),29,4,312,0,0
William Kvist,https://fbref.com/en/players/1c639185/William-Kvist,2016,dk Denmark,Friendlies (M),30,2,72,0,0
William Kvist,https://fbref.com/en/players/1c639185/William-Kvist,2016,dk Denmark,UEFA Euro Qualifying,30,8,554,0,0
William Kvist,https://fbref.com/en/players/1c639185/William-Kvist,2017,dk Denmark,Friendlies (M),31,1,45,0,0
William Kvist,https://fbref.com/en/players/1c639185/William-Kvist,2018,dk Denmark,1. World Cup,33,1,34,0,0
William Kvist,https://fbref.com/en/players/1c639185/William-Kvist,2018,dk Denmark,WCQ,32,11,945,0,0
William Kvist,https://fbref.com/en/players/1c639185/William-Kvist,2018,dk Denmark,Friendlies (M),32,3,214,0,0
Willy Caballero,https://fbref.com/en/players/a179d516/Willy-Caballero,2005,ar Argentina,FIFA Confederations Cup,23,0,,,
Willy Caballero,https://fbref.com/en/players/a179d516/Willy-Caballero,2014,ar Argentina,Friendlies (M),32,0,,,
Willy Caballero,https://fbref.com/en/players/a179d516/Willy-Caballero,2018,ar Argentina,1. World Cup,36,2,180,0,0
Willy Caballero,https://fbref.com/en/players/a179d516/Willy-Caballero,2018,ar Argentina,Friendlies (M),36,3,249,0,0
Wilson Palacios,https://fbref.com/en/players/58df81fc/Wilson-Palacios,2006,hn Honduras,WCQ,21,4,315,0,
Wilson Palacios,https://fbref.com/en/players/58df81fc/Wilson-Palacios,2010,hn Honduras,1. World Cup,25,3,270,0,
Wilson Palacios,https://fbref.com/en/players/58df81fc/Wilson-Palacios,2010,hn Honduras,WCQ,25,16,1415,2,
Wilson Palacios,https://fbref.com/en/players/58df81fc/Wilson-Palacios,2014,hn Honduras,1. World Cup,29,2,132,0,0
Wilson Palacios,https://fbref.com/en/players/58df81fc/Wilson-Palacios,2014,hn Honduras,WCQ,29,11,836,1,0
Wilson Palacios,https://fbref.com/en/players/58df81fc/Wilson-Palacios,2014,hn Honduras,Friendlies (M),29,2,156,0,0
Winston Reid,https://fbref.com/en/players/562eed5c/Winston-Reid,2010,nz New Zealand,1. World Cup,21,3,270,1,
Winston Reid,https://fbref.com/en/players/562eed5c/Winston-Reid,2015,nz New Zealand,Friendlies (M),26,1,90,0,0
Winston Reid,https://fbref.com/en/players/562eed5c/Winston-Reid,2016,nz New Zealand,Friendlies (M),27,2,163,0,0
Winston Reid,https://fbref.com/en/players/562eed5c/Winston-Reid,2017,nz New Zealand,Friendlies (M),28,1,90,0,0
Winston Reid,https://fbref.com/en/players/562eed5c/Winston-Reid,2019,nz New Zealand,Friendlies (M),30,1,45,0,0
Winston Reid,https://fbref.com/en/players/562eed5c/Winston-Reid,2021,nz New Zealand,Friendlies (M),32,1,57,0,0
Winston Reid,https://fbref.com/en/players/562eed5c/Winston-Reid,2022,nz New Zealand,WCQ,33,3,261,0,0
Winston Reid,https://fbref.com/en/players/562eed5c/Winston-Reid,2022,nz New Zealand,Friendlies (M),33,3,221,0,0
Winston Reid,https://fbref.com/en/players/562eed5c/Winston-Reid,2022,nz New Zealand,WCQ Play-offs,33,1,71,0,0
Wojciech Szczęsny,https://fbref.com/en/players/01b8a2b2/Wojciech-Szczesny,2012,pl Poland,UEFA Euro,21,1,68,0,0
Wojciech Szczęsny,https://fbref.com/en/players/01b8a2b2/Wojciech-Szczesny,2014,pl Poland,WCQ,23,1,90,0,0
Wojciech Szczęsny,https://fbref.com/en/players/01b8a2b2/Wojciech-Szczesny,2014,pl Poland,Friendlies (M),23,1,90,0,0
Wojciech Szczęsny,https://fbref.com/en/players/01b8a2b2/Wojciech-Szczesny,2015,pl Poland,Friendlies (M),24,2,135,0,0
Wojciech Szczęsny,https://fbref.com/en/players/01b8a2b2/Wojciech-Szczesny,2016,pl Poland,Friendlies (M),25,3,180,0,0
Wojciech Szczęsny,https://fbref.com/en/players/01b8a2b2/Wojciech-Szczesny,2016,pl Poland,UEFA Euro,25,1,90,0,0
Wojciech Szczęsny,https://fbref.com/en/players/01b8a2b2/Wojciech-Szczesny,2016,pl Poland,UEFA Euro Qualifying,25,4,360,0,0
Wojciech Szczęsny,https://fbref.com/en/players/01b8a2b2/Wojciech-Szczesny,2017,pl Poland,Friendlies (M),26,1,90,0,0
Wojciech Szczęsny,https://fbref.com/en/players/01b8a2b2/Wojciech-Szczesny,2018,pl Poland,1. World Cup,28,2,180,0,0
Wojciech Szczęsny,https://fbref.com/en/players/01b8a2b2/Wojciech-Szczesny,2018,pl Poland,WCQ,27,3,270,0,0
Wojciech Szczęsny,https://fbref.com/en/players/01b8a2b2/Wojciech-Szczesny,2018,pl Poland,Friendlies (M),27,4,225,0,0
Wojciech Szczęsny,https://fbref.com/en/players/01b8a2b2/Wojciech-Szczesny,2018-2019,pl Poland,UEFA Nations League,28,2,180,0,0
Wojciech Szczęsny,https://fbref.com/en/players/01b8a2b2/Wojciech-Szczesny,2020,pl Poland,Friendlies (M),29,0,,,
Wojciech Szczęsny,https://fbref.com/en/players/01b8a2b2/Wojciech-Szczesny,2020-2021,pl Poland,UEFA Nations League,30,3,270,0,0
Wojciech Szczęsny,https://fbref.com/en/players/01b8a2b2/Wojciech-Szczesny,2021,pl Poland,Friendlies (M),30,1,90,0,0
Wojciech Szczęsny,https://fbref.com/en/players/01b8a2b2/Wojciech-Szczesny,2021,pl Poland,UEFA Euro,30,3,270,0,0
Wojciech Szczęsny,https://fbref.com/en/players/01b8a2b2/Wojciech-Szczesny,2021,pl Poland,UEFA Euro Qualifying,30,6,540,0,0
Wojciech Szczęsny,https://fbref.com/en/players/01b8a2b2/Wojciech-Szczesny,2022,pl Poland,1. World Cup,32,4,360,0,0
Wojciech Szczęsny,https://fbref.com/en/players/01b8a2b2/Wojciech-Szczesny,2022,pl Poland,WCQ,31,10,855,0,0
Wojciech Szczęsny,https://fbref.com/en/players/01b8a2b2/Wojciech-Szczesny,2022,pl Poland,Friendlies (M),31,0,,,
Wojciech Szczęsny,https://fbref.com/en/players/01b8a2b2/Wojciech-Szczesny,2022-2023,pl Poland,UEFA Nations League,32,3,270,0,0
Wojciech Szczęsny,https://fbref.com/en/players/01b8a2b2/Wojciech-Szczesny,2023,pl Poland,Friendlies (M),32,1,90,0,0
Wojciech Szczęsny,https://fbref.com/en/players/01b8a2b2/Wojciech-Szczesny,2024,pl Poland,Friendlies (M),33,1,90,0,0
Wojciech Szczęsny,https://fbref.com/en/players/01b8a2b2/Wojciech-Szczesny,2024,pl Poland,UEFA Euro,33,2,180,0,0
Wojciech Szczęsny,https://fbref.com/en/players/01b8a2b2/Wojciech-Szczesny,2024,pl Poland,UEFA Euro Qualifying,33,10,930,0,0
Xherdan Shaqiri,https://fbref.com/en/players/6421ec64/Xherdan-Shaqiri,2010,ch Switzerland,1. World Cup,18,1,13,0,
Xherdan Shaqiri,https://fbref.com/en/players/6421ec64/Xherdan-Shaqiri,2012,ch Switzerland,UEFA Euro Qualifying,20,6,429,4,
Xherdan Shaqiri,https://fbref.com/en/players/6421ec64/Xherdan-Shaqiri,2014,ch Switzerland,1. World Cup,22,4,386,3,0
Xherdan Shaqiri,https://fbref.com/en/players/6421ec64/Xherdan-Shaqiri,2014,ch Switzerland,WCQ,22,9,741,2,3
Xherdan Shaqiri,https://fbref.com/en/players/6421ec64/Xherdan-Shaqiri,2014,ch Switzerland,Friendlies (M),22,3,206,0,1
Xherdan Shaqiri,https://fbref.com/en/players/6421ec64/Xherdan-Shaqiri,2015,ch Switzerland,Friendlies (M),23,4,284,1,1
Xherdan Shaqiri,https://fbref.com/en/players/6421ec64/Xherdan-Shaqiri,2016,ch Switzerland,Friendlies (M),24,2,180,0,0
Xherdan Shaqiri,https://fbref.com/en/players/6421ec64/Xherdan-Shaqiri,2016,ch Switzerland,UEFA Euro,24,4,375,1,1
Xherdan Shaqiri,https://fbref.com/en/players/6421ec64/Xherdan-Shaqiri,2016,ch Switzerland,UEFA Euro Qualifying,24,9,765,4,4
Xherdan Shaqiri,https://fbref.com/en/players/6421ec64/Xherdan-Shaqiri,2017,ch Switzerland,Friendlies (M),25,1,90,1,0
Xherdan Shaqiri,https://fbref.com/en/players/6421ec64/Xherdan-Shaqiri,2018,ch Switzerland,Friendlies (M),26,4,296,0,0
Xherdan Shaqiri,https://fbref.com/en/players/6421ec64/Xherdan-Shaqiri,2018,ch Switzerland,WCQ,26,10,854,1,5
Xherdan Shaqiri,https://fbref.com/en/players/6421ec64/Xherdan-Shaqiri,2018,ch Switzerland,1. World Cup,26,4,350,1,1
Xherdan Shaqiri,https://fbref.com/en/players/6421ec64/Xherdan-Shaqiri,2018-2019,ch Switzerland,UEFA Nations League,26,6,514,1,1
Xherdan Shaqiri,https://fbref.com/en/players/6421ec64/Xherdan-Shaqiri,2020,ch Switzerland,Friendlies (M),28,1,45,0,0
Xherdan Shaqiri,https://fbref.com/en/players/6421ec64/Xherdan-Shaqiri,2020-2021,ch Switzerland,UEFA Nations League,28,3,168,0,0
Xherdan Shaqiri,https://fbref.com/en/players/6421ec64/Xherdan-Shaqiri,2021,ch Switzerland,Friendlies (M),29,3,135,0,0
Xherdan Shaqiri,https://fbref.com/en/players/6421ec64/Xherdan-Shaqiri,2021,ch Switzerland,UEFA Euro,29,5,366,3,1
Xherdan Shaqiri,https://fbref.com/en/players/6421ec64/Xherdan-Shaqiri,2022,ch Switzerland,1. World Cup,30,3,229,1,1
Xherdan Shaqiri,https://fbref.com/en/players/6421ec64/Xherdan-Shaqiri,2022,ch Switzerland,WCQ,30,6,484,1,4
Xherdan Shaqiri,https://fbref.com/en/players/6421ec64/Xherdan-Shaqiri,2022,ch Switzerland,Friendlies (M),30,3,243,0,1
Xherdan Shaqiri,https://fbref.com/en/players/6421ec64/Xherdan-Shaqiri,2022-2023,ch Switzerland,UEFA Nations League,30,6,321,0,2
Xherdan Shaqiri,https://fbref.com/en/players/6421ec64/Xherdan-Shaqiri,2024,ch Switzerland,Friendlies (M),32,4,204,2,0
Xherdan Shaqiri,https://fbref.com/en/players/6421ec64/Xherdan-Shaqiri,2024,ch Switzerland,UEFA Euro,32,2,71,1,0
Xherdan Shaqiri,https://fbref.com/en/players/6421ec64/Xherdan-Shaqiri,2024,ch Switzerland,UEFA Euro Qualifying,32,7,557,2,3
Yacouba Sylla,https://fbref.com/en/players/f121f4b7/Yacouba-Sylla,2014,ml Mali,WCQ,23,3,201,0,
Yacouba Sylla,https://fbref.com/en/players/f121f4b7/Yacouba-Sylla,2015,ml Mali,Friendlies (M),24,5,405,0,0
Yacouba Sylla,https://fbref.com/en/players/f121f4b7/Yacouba-Sylla,2015,ml Mali,Africa Cup of Nations,24,3,270,0,0
Yacouba Sylla,https://fbref.com/en/players/f121f4b7/Yacouba-Sylla,2016,ml Mali,Friendlies (M),25,1,90,0,0
Yacouba Sylla,https://fbref.com/en/players/f121f4b7/Yacouba-Sylla,2017,ml Mali,Africa Cup of Nations,26,3,270,0,0
Yacouba Sylla,https://fbref.com/en/players/f121f4b7/Yacouba-Sylla,2017,ml Mali,Africa Cup of Nations qualification,26,6,540,0,0
Yacouba Sylla,https://fbref.com/en/players/f121f4b7/Yacouba-Sylla,2018,ml Mali,WCQ,27,5,450,0,0
Yacouba Sylla,https://fbref.com/en/players/f121f4b7/Yacouba-Sylla,2019,ml Mali,Africa Cup of Nations qualification,28,1,90,0,1
Yakubu Aiyegbeni,https://fbref.com/en/players/a1fe3f62/Yakubu-Aiyegbeni,2010,ng Nigeria,1. World Cup,27,3,249,1,
Yakubu Aiyegbeni,https://fbref.com/en/players/a1fe3f62/Yakubu-Aiyegbeni,2010,ng Nigeria,Africa Cup of Nations,27,5,305,1,1
Yann M'Vila,https://fbref.com/en/players/d4133fa1/Yann-MVila,2012,fr France,UEFA Euro,21,3,183,0,0
Yann M'Vila,https://fbref.com/en/players/d4133fa1/Yann-MVila,2012,fr France,UEFA Euro Qualifying,21,8,720,1,
Yannick Bolasie,https://fbref.com/en/players/715fc0fe/Yannick-Bolasie,2014,cd Congo DR,WCQ,24,3,183,0,
Yannick Bolasie,https://fbref.com/en/players/715fc0fe/Yannick-Bolasie,2015,cd Congo DR,Friendlies (M),25,5,375,1,1
Yannick Bolasie,https://fbref.com/en/players/715fc0fe/Yannick-Bolasie,2015,cd Congo DR,Africa Cup of Nations,25,6,541,1,1
Yannick Bolasie,https://fbref.com/en/players/715fc0fe/Yannick-Bolasie,2016,cd Congo DR,Friendlies (M),26,1,54,0,0
Yannick Bolasie,https://fbref.com/en/players/715fc0fe/Yannick-Bolasie,2017,cd Congo DR,Africa Cup of Nations qualification,27,6,479,1,0
Yannick Bolasie,https://fbref.com/en/players/715fc0fe/Yannick-Bolasie,2018,cd Congo DR,WCQ,28,4,347,3,1
Yannick Bolasie,https://fbref.com/en/players/715fc0fe/Yannick-Bolasie,2018,cd Congo DR,Friendlies (M),28,1,72,0,0
Yannick Bolasie,https://fbref.com/en/players/715fc0fe/Yannick-Bolasie,2019,cd Congo DR,Friendlies (M),29,3,176,0,2
Yannick Bolasie,https://fbref.com/en/players/715fc0fe/Yannick-Bolasie,2019,cd Congo DR,Africa Cup of Nations,29,3,147,0,0
Yannick Bolasie,https://fbref.com/en/players/715fc0fe/Yannick-Bolasie,2019,cd Congo DR,Africa Cup of Nations qualification,29,4,308,1,0
Yannick Bolasie,https://fbref.com/en/players/715fc0fe/Yannick-Bolasie,2021,cd Congo DR,Africa Cup of Nations qualification,31,2,123,0,0
Yannick Bolasie,https://fbref.com/en/players/715fc0fe/Yannick-Bolasie,2022,cd Congo DR,WCQ,32,5,231,0,0
Yannick Bolasie,https://fbref.com/en/players/715fc0fe/Yannick-Bolasie,2022,cd Congo DR,Friendlies (M),32,1,90,0,0
Yaya Touré,https://fbref.com/en/players/c204f844/Yaya-Toure,2006,ci Côte d'Ivoire,1. World Cup,23,3,270,0,
Yaya Touré,https://fbref.com/en/players/c204f844/Yaya-Toure,2010,ci Côte d'Ivoire,1. World Cup,27,3,270,1,
Yaya Touré,https://fbref.com/en/players/c204f844/Yaya-Toure,2010,ci Côte d'Ivoire,Africa Cup of Nations,26,3,280,0,0
Yaya Touré,https://fbref.com/en/players/c204f844/Yaya-Toure,2012,ci Côte d'Ivoire,Africa Cup of Nations,28,5,434,1,3
Yaya Touré,https://fbref.com/en/players/c204f844/Yaya-Toure,2013,ci Côte d'Ivoire,Africa Cup of Nations,29,3,270,2,1
Yaya Touré,https://fbref.com/en/players/c204f844/Yaya-Toure,2014,ci Côte d'Ivoire,1. World Cup,31,3,270,0,0
Yaya Touré,https://fbref.com/en/players/c204f844/Yaya-Toure,2014,ci Côte d'Ivoire,WCQ,30,6,540,4,
Yaya Touré,https://fbref.com/en/players/c204f844/Yaya-Toure,2014,ci Côte d'Ivoire,Friendlies (M),30,1,82,0,1
Yaya Touré,https://fbref.com/en/players/c204f844/Yaya-Toure,2015,ci Côte d'Ivoire,Friendlies (M),31,4,292,0,0
Yaya Touré,https://fbref.com/en/players/c204f844/Yaya-Toure,2015,ci Côte d'Ivoire,Africa Cup of Nations,31,6,554,1,0
Yohan Benalouane,https://fbref.com/en/players/8309b068/Yohan-Benalouane,2018,tn Tunisia,1. World Cup,31,1,50,0,0
Yohan Benalouane,https://fbref.com/en/players/8309b068/Yohan-Benalouane,2018,tn Tunisia,Friendlies (M),30,4,194,0,0
Yohan Cabaye,https://fbref.com/en/players/ad7b19ef/Yohan-Cabaye,2012,fr France,UEFA Euro,26,3,240,1,0
Yohan Cabaye,https://fbref.com/en/players/ad7b19ef/Yohan-Cabaye,2012,fr France,UEFA Euro Qualifying,26,3,180,0,
Yohan Cabaye,https://fbref.com/en/players/ad7b19ef/Yohan-Cabaye,2014,fr France,1. World Cup,28,4,316,0,0
Yohan Cabaye,https://fbref.com/en/players/ad7b19ef/Yohan-Cabaye,2014,fr France,WCQ,28,6,416,0,0
Yohan Cabaye,https://fbref.com/en/players/ad7b19ef/Yohan-Cabaye,2014,fr France,Friendlies (M),28,8,513,1,0
Yohan Cabaye,https://fbref.com/en/players/ad7b19ef/Yohan-Cabaye,2015,fr France,Friendlies (M),29,6,230,1,0
Yohan Cabaye,https://fbref.com/en/players/ad7b19ef/Yohan-Cabaye,2016,fr France,Friendlies (M),30,2,37,0,0
Yohan Cabaye,https://fbref.com/en/players/ad7b19ef/Yohan-Cabaye,2016,fr France,UEFA Euro,30,2,91,0,0
Yohan Cabaye,https://fbref.com/en/players/ad7b19ef/Yohan-Cabaye,2018,fr France,WCQ,32,0,,,
Yossi Benayoun,https://fbref.com/en/players/8414bb13/Yossi-Benayoun,2006,il Israel,WCQ,25,10,888,4,
Yossi Benayoun,https://fbref.com/en/players/8414bb13/Yossi-Benayoun,2008,il Israel,UEFA Euro Qualifying,27,9,772,2,
Yossi Benayoun,https://fbref.com/en/players/8414bb13/Yossi-Benayoun,2010,il Israel,WCQ,29,9,723,3,
Yossi Benayoun,https://fbref.com/en/players/8414bb13/Yossi-Benayoun,2012,il Israel,UEFA Euro Qualifying,31,6,470,4,
Yossi Benayoun,https://fbref.com/en/players/8414bb13/Yossi-Benayoun,2014,il Israel,WCQ,33,4,105,0,0
Yossi Benayoun,https://fbref.com/en/players/8414bb13/Yossi-Benayoun,2016,il Israel,Friendlies (M),35,1,15,0,0
Yossi Benayoun,https://fbref.com/en/players/8414bb13/Yossi-Benayoun,2017,il Israel,Friendlies (M),36,1,30,0,0
Yossi Benayoun,https://fbref.com/en/players/8414bb13/Yossi-Benayoun,2018,il Israel,WCQ,37,4,75,0,0
Younès Kaboul,https://fbref.com/en/players/3680d723/Younes-Kaboul,2012,fr France,UEFA Euro Qualifying,26,2,180,0,
Youssouf Mulumbu,https://fbref.com/en/players/a275b145/Youssouf-Mulumbu,2013,cd Congo DR,Africa Cup of Nations,26,3,270,0,0
Youssouf Mulumbu,https://fbref.com/en/players/a275b145/Youssouf-Mulumbu,2014,cd Congo DR,WCQ,27,4,360,0,
Youssouf Mulumbu,https://fbref.com/en/players/a275b145/Youssouf-Mulumbu,2015,cd Congo DR,Friendlies (M),28,3,138,0,0
Youssouf Mulumbu,https://fbref.com/en/players/a275b145/Youssouf-Mulumbu,2015,cd Congo DR,Africa Cup of Nations,28,2,111,0,0
Youssouf Mulumbu,https://fbref.com/en/players/a275b145/Youssouf-Mulumbu,2017,cd Congo DR,Africa Cup of Nations,30,2,109,0,0
Youssouf Mulumbu,https://fbref.com/en/players/a275b145/Youssouf-Mulumbu,2017,cd Congo DR,Africa Cup of Nations qualification,30,2,172,0,0
Youssouf Mulumbu,https://fbref.com/en/players/a275b145/Youssouf-Mulumbu,2018,cd Congo DR,WCQ,31,1,90,0,0
Youssouf Mulumbu,https://fbref.com/en/players/a275b145/Youssouf-Mulumbu,2019,cd Congo DR,Friendlies (M),32,2,125,0,0
Youssouf Mulumbu,https://fbref.com/en/players/a275b145/Youssouf-Mulumbu,2019,cd Congo DR,Africa Cup of Nations,32,2,141,0,0
Youssouf Mulumbu,https://fbref.com/en/players/a275b145/Youssouf-Mulumbu,2019,cd Congo DR,Africa Cup of Nations qualification,32,2,159,0,0
Yun Suk-young,https://fbref.com/en/players/121612e7/Yun-Suk-young,2014,kr Korea Republic,1. World Cup,24,3,270,0,0
Yun Suk-young,https://fbref.com/en/players/121612e7/Yun-Suk-young,2014,kr Korea Republic,WCQ,23,1,90,0,
Yun Suk-young,https://fbref.com/en/players/121612e7/Yun-Suk-young,2014,kr Korea Republic,Friendlies (M),23,3,223,0,0
Yun Suk-young,https://fbref.com/en/players/121612e7/Yun-Suk-young,2015,kr Korea Republic,Friendlies (M),24,1,71,0,0
Yun Suk-young,https://fbref.com/en/players/121612e7/Yun-Suk-young,2016,kr Korea Republic,Friendlies (M),25,2,125,0,0
Yun Suk-young,https://fbref.com/en/players/121612e7/Yun-Suk-young,2018,kr Korea Republic,Friendlies (M),27,1,60,0,0
Yuri Zhirkov,https://fbref.com/en/players/ed2b33cb/Yuri-Zhirkov,2006,ru Russia,WCQ,22,2,161,0,
Yuri Zhirkov,https://fbref.com/en/players/ed2b33cb/Yuri-Zhirkov,2008,ru Russia,UEFA Euro,24,5,476,0,
Yuri Zhirkov,https://fbref.com/en/players/ed2b33cb/Yuri-Zhirkov,2008,ru Russia,UEFA Euro Qualifying,24,9,761,0,
Yuri Zhirkov,https://fbref.com/en/players/ed2b33cb/Yuri-Zhirkov,2010,ru Russia,WCQ,26,9,809,0,
Yuri Zhirkov,https://fbref.com/en/players/ed2b33cb/Yuri-Zhirkov,2012,ru Russia,UEFA Euro,28,3,270,0,0
Yuri Zhirkov,https://fbref.com/en/players/ed2b33cb/Yuri-Zhirkov,2012,ru Russia,UEFA Euro Qualifying,28,8,704,0,
Yuri Zhirkov,https://fbref.com/en/players/ed2b33cb/Yuri-Zhirkov,2014,ru Russia,1. World Cup,30,1,70,0,0
Yuri Zhirkov,https://fbref.com/en/players/ed2b33cb/Yuri-Zhirkov,2014,ru Russia,WCQ,30,2,109,0,0
Yuri Zhirkov,https://fbref.com/en/players/ed2b33cb/Yuri-Zhirkov,2014,ru Russia,Friendlies (M),30,2,135,1,0
Yuri Zhirkov,https://fbref.com/en/players/ed2b33cb/Yuri-Zhirkov,2015,ru Russia,Friendlies (M),31,2,160,0,1
Yuri Zhirkov,https://fbref.com/en/players/ed2b33cb/Yuri-Zhirkov,2016,ru Russia,UEFA Euro Qualifying,32,3,250,0,0
Yuri Zhirkov,https://fbref.com/en/players/ed2b33cb/Yuri-Zhirkov,2016,ru Russia,Friendlies (M),32,5,293,1,0
Yuri Zhirkov,https://fbref.com/en/players/ed2b33cb/Yuri-Zhirkov,2017,ru Russia,Friendlies (M),33,5,320,0,1
Yuri Zhirkov,https://fbref.com/en/players/ed2b33cb/Yuri-Zhirkov,2017,ru Russia,FIFA Confederations Cup,33,3,247,0,0
Yuri Zhirkov,https://fbref.com/en/players/ed2b33cb/Yuri-Zhirkov,2018,ru Russia,1. World Cup,34,3,220,0,0
Yuri Zhirkov,https://fbref.com/en/players/ed2b33cb/Yuri-Zhirkov,2018,ru Russia,Friendlies (M),34,4,213,0,0
Yuri Zhirkov,https://fbref.com/en/players/ed2b33cb/Yuri-Zhirkov,2020,ru Russia,Friendlies (M),36,2,157,0,0
Yuri Zhirkov,https://fbref.com/en/players/ed2b33cb/Yuri-Zhirkov,2020-2021,ru Russia,UEFA Nations League,36,6,449,0,0
Yuri Zhirkov,https://fbref.com/en/players/ed2b33cb/Yuri-Zhirkov,2021,ru Russia,Friendlies (M),37,2,101,0,0
Yuri Zhirkov,https://fbref.com/en/players/ed2b33cb/Yuri-Zhirkov,2021,ru Russia,UEFA Euro,37,1,42,0,0
Yuri Zhirkov,https://fbref.com/en/players/ed2b33cb/Yuri-Zhirkov,2021,ru Russia,UEFA Euro Qualifying,37,5,384,0,0
Yuri Zhirkov,https://fbref.com/en/players/ed2b33cb/Yuri-Zhirkov,2022,ru Russia,WCQ,38,2,112,0,0
Zdeněk Grygera,https://fbref.com/en/players/a00c9b66/Zdenek-Grygera,2004,cz Czechia,UEFA Euro,23,4,251,0,
Zdeněk Grygera,https://fbref.com/en/players/a00c9b66/Zdenek-Grygera,2006,cz Czechia,1. World Cup,26,3,270,0,
Zdeněk Grygera,https://fbref.com/en/players/a00c9b66/Zdenek-Grygera,2006,cz Czechia,WCQ,25,11,919,1,
Zdeněk Grygera,https://fbref.com/en/players/a00c9b66/Zdenek-Grygera,2008,cz Czechia,UEFA Euro,27,3,270,0,
Zdeněk Grygera,https://fbref.com/en/players/a00c9b66/Zdenek-Grygera,2008,cz Czechia,UEFA Euro Qualifying,27,4,153,1,
Zdeněk Grygera,https://fbref.com/en/players/a00c9b66/Zdenek-Grygera,2010,cz Czechia,WCQ,29,6,493,0,
Rodrigo,https://fbref.com/en/players/1fb1c435/Rodrigo,2016,es Spain,UEFA Euro Qualifying,24,1,9,0,1
Rodrigo,https://fbref.com/en/players/1fb1c435/Rodrigo,2017,es Spain,Friendlies (M),25,1,90,0,0
Rodrigo,https://fbref.com/en/players/1fb1c435/Rodrigo,2018,es Spain,1. World Cup,27,3,26,0,0
Rodrigo,https://fbref.com/en/players/1fb1c435/Rodrigo,2018,es Spain,WCQ,26,1,81,1,0
Rodrigo,https://fbref.com/en/players/1fb1c435/Rodrigo,2018,es Spain,Friendlies (M),26,5,191,1,0
Rodrigo,https://fbref.com/en/players/1fb1c435/Rodrigo,2018-2019,es Spain,UEFA Nations League,27,4,311,2,1
Rodrigo,https://fbref.com/en/players/1fb1c435/Rodrigo,2020,es Spain,Friendlies (M),28,1,45,0,0
Rodrigo,https://fbref.com/en/players/1fb1c435/Rodrigo,2020-2021,es Spain,UEFA Nations League,29,2,147,0,1
Rodrigo,https://fbref.com/en/players/1fb1c435/Rodrigo,2021,es Spain,UEFA Euro Qualifying,29,7,447,4,0
Rodrigo,https://fbref.com/en/players/1fb1c435/Rodrigo,2022,es Spain,WCQ,30,2,66,0,0
Rodrigo,https://fbref.com/en/players/1fb1c435/Rodrigo,2022-2023,es Spain,UEFA Nations League,31,1,45,0,0
Paulo da Silva,https://fbref.com/en/players/47560da8/Paulo-da-Silva,2006,py Paraguay,1. World Cup,26,1,2,0,
Paulo da Silva,https://fbref.com/en/players/47560da8/Paulo-da-Silva,2010,py Paraguay,1. World Cup,30,5,480,0,
Paulo da Silva,https://fbref.com/en/players/47560da8/Paulo-da-Silva,2014,py Paraguay,WCQ,33,7,630,0,0
Paulo da Silva,https://fbref.com/en/players/47560da8/Paulo-da-Silva,2014,py Paraguay,Friendlies (M),33,2,180,0,0
Paulo da Silva,https://fbref.com/en/players/47560da8/Paulo-da-Silva,2015,py Paraguay,Friendlies (M),34,3,270,0,0
Paulo da Silva,https://fbref.com/en/players/47560da8/Paulo-da-Silva,2016,py Paraguay,Friendlies (M),35,1,90,0,0
Paulo da Silva,https://fbref.com/en/players/47560da8/Paulo-da-Silva,2018,py Paraguay,WCQ,37,17,1501,1,0
Willian,https://fbref.com/en/players/8b9ebd03/Willian,2014,br Brazil,1. World Cup,25,5,153,0,0
Willian,https://fbref.com/en/players/8b9ebd03/Willian,2014,br Brazil,Friendlies (M),25,8,416,3,1
Willian,https://fbref.com/en/players/8b9ebd03/Willian,2015,br Brazil,Friendlies (M),26,6,352,0,2
Willian,https://fbref.com/en/players/8b9ebd03/Willian,2016,br Brazil,Friendlies (M),27,1,63,0,0
Willian,https://fbref.com/en/players/8b9ebd03/Willian,2017,br Brazil,Friendlies (M),28,3,113,0,1
Willian,https://fbref.com/en/players/8b9ebd03/Willian,2018,br Brazil,1. World Cup,29,5,359,0,1
Willian,https://fbref.com/en/players/8b9ebd03/Willian,2018,br Brazil,WCQ,29,17,985,4,5
Willian,https://fbref.com/en/players/8b9ebd03/Willian,2018,br Brazil,Friendlies (M),29,7,473,0,4
Willian,https://fbref.com/en/players/8b9ebd03/Willian,2019,br Brazil,Friendlies (M),30,1,70,0,0
Zoltán Gera,https://fbref.com/en/players/08bd23a0/Zoltan-Gera,2006,hu Hungary,WCQ,26,7,615,4,
Zoltán Gera,https://fbref.com/en/players/08bd23a0/Zoltan-Gera,2008,hu Hungary,UEFA Euro Qualifying,28,11,962,4,
Zoltán Gera,https://fbref.com/en/players/08bd23a0/Zoltan-Gera,2010,hu Hungary,WCQ,30,7,496,1,
Zoltán Gera,https://fbref.com/en/players/08bd23a0/Zoltan-Gera,2012,hu Hungary,UEFA Euro Qualifying,32,6,540,3,
Zoltán Gera,https://fbref.com/en/players/08bd23a0/Zoltan-Gera,2014,hu Hungary,WCQ,34,4,292,2,0
Zoltán Gera,https://fbref.com/en/players/08bd23a0/Zoltan-Gera,2014,hu Hungary,Friendlies (M),34,0,,,
Zoltán Gera,https://fbref.com/en/players/08bd23a0/Zoltan-Gera,2015,hu Hungary,Friendlies (M),35,0,,,
Zoltán Gera,https://fbref.com/en/players/08bd23a0/Zoltan-Gera,2016,hu Hungary,Friendlies (M),36,3,167,0,0
Zoltán Gera,https://fbref.com/en/players/08bd23a0/Zoltan-Gera,2016,hu Hungary,UEFA Euro,36,4,270,1,0
Zoltán Gera,https://fbref.com/en/players/08bd23a0/Zoltan-Gera,2016,hu Hungary,UEFA Euro Qualifying,36,9,776,1,0
Zoltán Gera,https://fbref.com/en/players/08bd23a0/Zoltan-Gera,2018,hu Hungary,WCQ,38,4,340,1,1
