player_name,player_url,player_id,full_name,position,current_club,status
Alex,https://www.transfermarkt.com/alex/profil/spieler/15420,15420,Alex,Defender - Centre-Back,N/A,Success
Anderson,https://www.transfermarkt.com/anderson/profil/spieler/31645,31645,Anderson,Midfield - Central Midfield,N/A,Success
Bebé,https://www.transfermarkt.com/bebe/profil/spieler/153427,153427,Bebé,Attack - Left Winger,UD Ibiza,Success
Lee Chung-yong,https://www.transfermarkt.com/chung-yong-lee/profil/spieler/81801,81801,Chung-yong Lee,Attack - Right Winger,Incheon Utd.,Success
Rory Delap,https://www.transfermarkt.com/rory-delap/profil/spieler/4112,4112,Rory Delap,Midfield - Central Midfield,N/A,Success
Denílson,https://www.transfermarkt.com/denilson/profil/spieler/42352,42352,Denílson,Midfield - Defensive Midfield,N/A,Success
Fábio,https://www.transfermarkt.com/fabio/profil/spieler/61891,61891,Fábio,Defender - Right-Back,N/A,Success
Vince Grella,https://www.transfermarkt.com/vincenzo-grella/profil/spieler/6021,6021,Vincenzo Grella,Midfield - Central Midfield,N/A,Success
El Hadji Diouf,https://www.transfermarkt.com/el-hadji-diouf/profil/spieler/3604,3604,El-Hadji Diouf,Attack - Centre-Forward,N/A,Success
Park Ji-sung,https://www.transfermarkt.com/ji-sung-park/profil/spieler/4592,4592,Ji-sung Park,Midfield - Attacking Midfield,N/A,Success
Sergei Kornilenko,https://www.transfermarkt.com/sergey-kornilenko/profil/spieler/15881,15881,Sergey Kornilenko,Attack - Centre-Forward,N/A,Success
Sotirios Kyrgiakos,https://www.transfermarkt.com/sotiris-kyrgiakos/profil/spieler/9706,9706,Sotiris Kyrgiakos,Defender - Centre-Back,N/A,Success
Adrián López,https://www.transfermarkt.com/adrian-lopez/profil/spieler/44966,44966,Adrián López,Defender - Centre-Back,N/A,Success
Andy O'Brien,https://www.transfermarkt.com/andrew-obrien/profil/spieler/3228,3228,Andrew O'Brien,Defender - Centre-Back,N/A,Success
Frédéric Piquionne,https://www.transfermarkt.com/frederic-piquionne/profil/spieler/5683,5683,Frédéric Piquionne,Attack - Centre-Forward,N/A,Success
Rafael,https://www.transfermarkt.com/rafael/profil/spieler/61892,61892,Rafael,Defender - Right-Back,N/A,Success
Abdul Razak,https://www.transfermarkt.com/abdul-razak/profil/spieler/177321,177321,Abdul Razak,Midfield - Central Midfield,Without Club,Success
Jack Robinson,https://www.transfermarkt.com/jack-robinson/profil/spieler/128909,128909,Jack Robinson,Defender - Centre-Back,Birmingham,Success
Rodrigo,https://www.transfermarkt.com/rodrigo/profil/spieler/131505,131505,Rodrigo,Attack - Centre-Forward,Al-Rayyan,Success
Sandro,https://www.transfermarkt.com/sandro/profil/spieler/74590,74590,Sandro,Midfield - Central Midfield,N/A,Success
Paulo da Silva,https://www.transfermarkt.com/paulo-da-silva/profil/spieler/38800,38800,Paulo da Silva,Defender - Centre-Back,N/A,Success
Alan Smith,https://www.transfermarkt.com/alan-smith/profil/spieler/3768,3768,Alan Smith,Midfield - Central Midfield,N/A,Success
Alexandre Song,https://www.transfermarkt.com/alex-song/profil/spieler/27394,27394,Alex Song,Midfield - Defensive Midfield,N/A,Success
Matt Upson,https://www.transfermarkt.com/matthew-upson/profil/spieler/3273,3273,Matthew Upson,Defender - Centre-Back,N/A,Success
Xisco,https://www.transfermarkt.com/xisco/profil/spieler/34564,34564,Xisco,Attack - Centre-Forward,N/A,Success
Yuri Zhirkov,https://www.transfermarkt.com/yuriy-zhirkov/profil/spieler/16760,16760,Yuriy Zhirkov,Midfield - Left Midfield,N/A,Success
Patrick Agyemang,https://www.transfermarkt.com/patrick-agyemang/profil/spieler/13982,13982,Patrick Agyemang,Attack - Centre-Forward,N/A,Success
Bruno Andrade,https://www.transfermarkt.com/bruno-andrade/profil/spieler/169633,169633,Bruno Andrade,Midfield - Left Midfield,Bedford Town,Success
Park Chu-young,https://www.transfermarkt.com/chu-young-park/profil/spieler/30982,30982,Chu-young Park,Attack - Centre-Forward,N/A,Success
Ji Dong-won,https://www.transfermarkt.com/dong-won-ji/profil/spieler/164265,164265,Dong-won Ji,Attack - Centre-Forward,Macarthur,Success
Doni,https://www.transfermarkt.com/doni/profil/spieler/20392,20392,Doni,Goalkeeper,N/A,Success
Robert Hulse,https://www.transfermarkt.com/rob-hulse/profil/spieler/9980,9980,Rob Hulse,Attack - Centre-Forward,N/A,Success
Eggert Jónsson,https://www.transfermarkt.com/eggert-gunnthor-jonsson/profil/spieler/45298,45298,Eggert Gunnthór Jónsson,Midfield - Defensive Midfield,KFA,Success
Chris Martin,https://www.transfermarkt.com/chris-martin/profil/spieler/46154,46154,Chris Martin,Attack - Centre-Forward,Without Club,Success
Tommy Smith,https://www.transfermarkt.com/tommy-smith/profil/spieler/12401,12401,Tommy Smith,Attack - Centre-Forward,N/A,Success
Lee Camp,https://www.transfermarkt.com/lee-camp/profil/spieler/13443,13443,Lee Camp,Goalkeeper,N/A,Success
Javier Garrido,https://www.transfermarkt.com/javier-garrido/profil/spieler/23218,23218,Javier Garrido,Defender - Left-Back,N/A,Success
Giorgos Karagounis,https://www.transfermarkt.com/georgios-karagounis/profil/spieler/6106,6106,Georgios Karagounis,Midfield - Central Midfield,N/A,Success
Adam Mitchell,https://www.transfermarkt.com/adam-mitchell/profil/spieler/196316,196316,Adam Mitchell,Attack - Right Winger,West Auckland,Success
Maicon Sisenando,https://www.transfermarkt.com/maicon/profil/spieler/18301,18301,Maicon,Defender - Right-Back,N/A,Success
Alex Smith,https://www.transfermarkt.com/alex-smith/profil/spieler/116655,116655,Alex Smith,Midfield - Central Midfield,Without Club,Success
Ki Sung-yueng,https://www.transfermarkt.com/sung-yueng-ki/profil/spieler/81796,81796,Sung-yueng Ki,Midfield - Defensive Midfield,Pohang Steelers,Success
Adrián,https://www.transfermarkt.com/adrian/profil/spieler/71271,71271,Adrián,Goalkeeper,Real Betis,Success
Luis Alberto,https://www.transfermarkt.com/luis-alberto/profil/spieler/128220,128220,Luis Alberto,Midfield - Attacking Midfield,Al-Wakrah SC,Success
Sone Aluko,https://www.transfermarkt.com/sone-aluko/profil/spieler/42198,42198,Sone Aluko,Attack - Right Winger,N/A,Success
Kim Bo-kyung,https://www.transfermarkt.com/bo-kyung-kim/profil/spieler/128375,128375,Bo-kyung Kim,Midfield - Attacking Midfield,FC Anyang,Success
Cabral,https://www.transfermarkt.com/cabral/profil/spieler/33046,33046,Cabral,Midfield - Defensive Midfield,N/A,Success
Cala,https://www.transfermarkt.com/juan-cala/profil/spieler/67089,67089,Juan Cala,Defender - Centre-Back,N/A,Success
José Cañas,https://www.transfermarkt.com/jose-alberto-canas/profil/spieler/69609,69609,José Alberto Cañas,Midfield - Defensive Midfield,Mons Calpe,Success
Mohamed Gedo,https://www.transfermarkt.com/gedo/profil/spieler/104941,104941,Gedo,Attack - Centre-Forward,N/A,Success
Mats Møller Dæhli,https://www.transfermarkt.com/mats-moller-daehli/profil/spieler/190831,190831,Mats Møller Dæhli,Midfield - Central Midfield,Molde FK,Success
Liam O'Neil,https://www.transfermarkt.com/liam-oneil/profil/spieler/141349,141349,Liam O'Neil,Midfield - Defensive Midfield,N/A,Success
Willian,https://www.transfermarkt.com/willian/profil/spieler/52769,52769,Willian,Attack - Left Winger,Grêmio,Success
James Wilson,https://www.transfermarkt.com/james-wilson/profil/spieler/214104,214104,James Wilson,Attack - Centre-Forward,Without Club,Success
Michael Duff,https://www.transfermarkt.com/michael-duff/profil/spieler/36894,36894,Michael Duff,Defender - Centre-Back,N/A,Success
Fernando,https://www.transfermarkt.com/fernando/profil/spieler/51174,51174,Fernando,Midfield - Defensive Midfield,Without Club,Success
Nenê,https://www.transfermarkt.com/nene/profil/spieler/29091,29091,Nenê,Midfield - Attacking Midfield,Botafogo-PB,Success
José Pozo,https://www.transfermarkt.com/jose-pozo/profil/spieler/195605,195605,José Pozo,Midfield - Attacking Midfield,Pogon Szczecin,Success
Carlos Sánchez,https://www.transfermarkt.com/carlos-sanchez/profil/spieler/51226,51226,Carlos Sánchez,Midfield - Defensive Midfield,N/A,Success
Yun Suk-young,https://www.transfermarkt.com/seok-yeong-yun/profil/spieler/126643,126643,Seok-yeong Yun,Defender - Left-Back,Cheongju FC,Success
Filip Đuričić,https://www.transfermarkt.com/filip-djuricic/profil/spieler/94307,94307,Filip Djuricic,Midfield - Attacking Midfield,Panathinaikos,Success
Éder,https://www.transfermarkt.com/eder/profil/spieler/84481,84481,Éder,Attack - Centre-Forward,N/A,Success
Son Heung-min,https://www.transfermarkt.com/heung-min-son/profil/spieler/91845,91845,Heung-min Son,Attack - Left Winger,LAFC,Success
Jordan Pickford,https://www.transfermarkt.com/jordan-pickford/profil/spieler/130164,130164,Jordan Pickford,Goalkeeper,Everton,Success
Charlie Adam,https://www.transfermarkt.com/charlie-adam/profil/spieler/28990,28990,Charlie Adam,Midfield - Central Midfield,N/A,Success
Emmanuel Adebayor,https://www.transfermarkt.com/emmanuel-adebayor/profil/spieler/8883,8883,Emmanuel Adebayor,Attack - Centre-Forward,N/A,Success
Gabriel Agbonlahor,https://www.transfermarkt.com/gabriel-agbonlahor/profil/spieler/37148,37148,Gabriel Agbonlahor,Attack - Centre-Forward,N/A,Success
Daniel Agger,https://www.transfermarkt.com/daniel-agger/profil/spieler/22832,22832,Daniel Agger,Defender - Centre-Back,N/A,Success
Yakubu Aiyegbeni,https://www.transfermarkt.com/yakubu-aiyegbeni/profil/spieler/8559,8559,Yakubu Aiyegbeni,Attack - Centre-Forward,N/A,Success
Marc Albrighton,https://www.transfermarkt.com/marc-albrighton/profil/spieler/61560,61560,Marc Albrighton,Midfield - Right Midfield,N/A,Success
Antolín Alcaraz,https://www.transfermarkt.com/antoln-alcaraz/profil/spieler/14259,14259,Antolín Alcaraz,Defender - Centre-Back,N/A,Success
Manuel Almunia,https://www.transfermarkt.com/manuel-almunia/profil/spieler/16621,16621,Manuel Almunia,Goalkeeper,N/A,Success
Marcos Alonso,https://www.transfermarkt.com/marcos-alonso/profil/spieler/112515,112515,Marcos Alonso,Defender - Centre-Back,Celta de Vigo,Success
Sammy Ameobi,https://www.transfermarkt.com/sammy-ameobi/profil/spieler/92381,92381,Sammy Ameobi,Attack - Left Winger,N/A,Success
Shola Ameobi,https://www.transfermarkt.com/shola-ameobi/profil/spieler/3276,3276,Shola Ameobi,Attack - Centre-Forward,N/A,Success
Keith Andrews,https://www.transfermarkt.com/keith-andrews/profil/spieler/8035,8035,Keith Andrews,Midfield - Central Midfield,N/A,Success
Nicolas Anelka,https://www.transfermarkt.com/nicolas-anelka/profil/spieler/3226,3226,Nicolas Anelka,Attack - Centre-Forward,N/A,Success
Marcos Angeleri,https://www.transfermarkt.com/marcos-angeleri/profil/spieler/27448,27448,Marcos Angeleri,Defender - Right-Back,N/A,Success
Victor Anichebe,https://www.transfermarkt.com/victor-anichebe/profil/spieler/39532,39532,Victor Anichebe,Attack - Centre-Forward,N/A,Success
Andrey Arshavin,https://www.transfermarkt.com/andrey-arshavin/profil/spieler/15378,15378,Andrey Arshavin,Attack - Left Winger,N/A,Success
Mikel Arteta,https://www.transfermarkt.com/mikel-arteta/profil/spieler/7451,7451,Mikel Arteta,Midfield - Central Midfield,N/A,Success
Benoît Assou-Ekotto,https://www.transfermarkt.com/benot-assou-ekotto/profil/spieler/18310,18310,Benoît Assou-Ekotto,Defender - Left-Back,N/A,Success
Fábio Aurélio,https://www.transfermarkt.com/fbio-aurlio/profil/spieler/7570,7570,Fábio Aurélio,Defender - Left-Back,N/A,Success
Demba Ba,https://www.transfermarkt.com/demba-ba/profil/spieler/40205,40205,Demba Ba,Attack - Centre-Forward,N/A,Success
Ryan Babel,https://www.transfermarkt.com/ryan-babel/profil/spieler/16135,16135,Ryan Babel,Attack - Left Winger,N/A,Success
Leighton Baines,https://www.transfermarkt.com/leighton-baines/profil/spieler/13507,13507,Leighton Baines,Defender - Left-Back,N/A,Success
Chris Baird,https://www.transfermarkt.com/chris-baird/profil/spieler/4115,4115,Chris Baird,Midfield - Defensive Midfield,N/A,Success
Nathan Baker,https://www.transfermarkt.com/nathan-baker/profil/spieler/62638,62638,Nathan Baker,Defender - Centre-Back,N/A,Success
Gareth Bale,https://www.transfermarkt.com/gareth-bale/profil/spieler/39381,39381,Gareth Bale,Attack - Right Winger,N/A,Success
Mario Balotelli,https://www.transfermarkt.com/mario-balotelli/profil/spieler/45146,45146,Mario Balotelli,Attack - Centre-Forward,Al-Ittifaq,Success
Barry Bannan,https://www.transfermarkt.com/barry-bannan/profil/spieler/61561,61561,Barry Bannan,Midfield - Central Midfield,Millwall,Success
Alex Baptiste,https://www.transfermarkt.com/alex-baptiste/profil/spieler/16660,16660,Alex Baptiste,Defender - Centre-Back,Without Club,Success
Phil Bardsley,https://www.transfermarkt.com/phil-bardsley/profil/spieler/15773,15773,Phil Bardsley,Defender - Right-Back,N/A,Success
Giles Barnes,https://www.transfermarkt.com/giles-barnes/profil/spieler/37236,37236,Giles Barnes,Attack - Centre-Forward,N/A,Success
Pablo Barrera,https://www.transfermarkt.com/pablo-barrera/profil/spieler/51079,51079,Pablo Barrera,Attack - Right Winger,Querétaro FC,Success
Gareth Barry,https://www.transfermarkt.com/gareth-barry/profil/spieler/3291,3291,Gareth Barry,Midfield - Defensive Midfield,Hurstpierpoint,Success
Joey Barton,https://www.transfermarkt.com/joey-barton/profil/spieler/3292,3292,Joey Barton,Midfield - Central Midfield,N/A,Success
Chris Basham,https://www.transfermarkt.com/chris-basham/profil/spieler/52495,52495,Chris Basham,Defender - Centre-Back,N/A,Success
Sébastien Bassong,https://www.transfermarkt.com/sbastien-bassong/profil/spieler/33951,33951,Sébastien Bassong,Defender - Centre-Back,N/A,Success
Jose Baxter,https://www.transfermarkt.com/jose-baxter/profil/spieler/82734,82734,Jose Baxter,Midfield - Attacking Midfield,N/A,Success
James Beattie,https://www.transfermarkt.com/james-beattie/profil/spieler/3112,3112,James Beattie,Attack - Centre-Forward,N/A,Success
Jean Beausejour,https://www.transfermarkt.com/jean-beausejour/profil/spieler/18871,18871,Jean Beausejour,Defender - Left-Back,N/A,Success
Jermaine Beckford,https://www.transfermarkt.com/jermaine-beckford/profil/spieler/38874,38874,Jermaine Beckford,Attack - Centre-Forward,N/A,Success
Roman Bednář,https://www.transfermarkt.com/roman-bedn/profil/spieler/26898,26898,Roman Bednar,Attack - Centre-Forward,Hovorcovice,Success
Asmir Begović,https://www.transfermarkt.com/asmir-begovi/profil/spieler/33873,33873,Asmir Begovic,Goalkeeper,Leicester,Success
Valon Behrami,https://www.transfermarkt.com/valon-behrami/profil/spieler/21905,21905,Valon Behrami,Midfield - Central Midfield,N/A,Success
Hatem Ben Arfa,https://www.transfermarkt.com/hatem-ben-arfa/profil/spieler/18900,18900,Hatem Ben Arfa,Midfield - Attacking Midfield,N/A,Success
Tal Ben Haim,https://www.transfermarkt.com/tal-ben-haim/profil/spieler/20714,20714,Tal Ben Haim,Defender - Centre-Back,N/A,Success
Yossi Benayoun,https://www.transfermarkt.com/yossi-benayoun/profil/spieler/7858,7858,Yossi Benayoun,Attack - Right Winger,N/A,Success
Nicklas Bendtner,https://www.transfermarkt.com/nicklas-bendtner/profil/spieler/34557,34557,Nicklas Bendtner,Attack - Centre-Forward,N/A,Success
Benjani,https://www.transfermarkt.com/benjani/profil/spieler/12063,12063,Benjani,Attack - Centre-Forward,N/A,Success
Darren Bent,https://www.transfermarkt.com/darren-bent/profil/spieler/13239,13239,Darren Bent,Attack - Centre-Forward,N/A,Success
Marcus Bent,https://www.transfermarkt.com/marcus-bent/profil/spieler/9958,9958,Marcus Bent,Attack - Centre-Forward,Cornard United,Success
David Bentley,https://www.transfermarkt.com/david-bentley/profil/spieler/3205,3205,David Bentley,Midfield - Right Midfield,N/A,Success
Dimitar Berbatov,https://www.transfermarkt.com/dimitar-berbatov/profil/spieler/65,65,Dimitar Berbatov,Attack - Centre-Forward,N/A,Success
Christophe Berra,https://www.transfermarkt.com/christophe-berra/profil/spieler/36602,36602,Christophe Berra,Defender - Centre-Back,N/A,Success
Ryan Bertrand,https://www.transfermarkt.com/ryan-bertrand/profil/spieler/40611,40611,Ryan Bertrand,Defender - Left-Back,N/A,Success
Leon Best,https://www.transfermarkt.com/leon-best/profil/spieler/28244,28244,Leon Best,Attack - Centre-Forward,N/A,Success
Habib Beye,https://www.transfermarkt.com/habib-beye/profil/spieler/3923,3923,Habib Beye,Defender - Right-Back,N/A,Success
Diniyar Bilyaletdinov,https://www.transfermarkt.com/diniyar-bilyaletdinov/profil/spieler/16690,16690,Diniyar Bilyaletdinov,Midfield - Attacking Midfield,N/A,Success
Mame Biram Diouf,https://www.transfermarkt.com/mame-biram-diouf/profil/spieler/62049,62049,Mame Diouf,Attack - Centre-Forward,A. Keciörengücü,Success
Robbie Blake,https://www.transfermarkt.com/robbie-blake/profil/spieler/3490,3490,Robbie Blake,Attack - Second Striker,N/A,Success
Luís Boa Morte,https://www.transfermarkt.com/lus-boa-morte/profil/spieler/3422,3422,Luís Boa Morte,Midfield - Left Midfield,N/A,Success
Jérôme Boateng,https://www.transfermarkt.com/jrme-boateng/profil/spieler/26485,26485,Jérôme Boateng,Defender - Centre-Back,N/A,Success
Ruud Boffin,https://www.transfermarkt.com/ruud-boffin/profil/spieler/31336,31336,Ruud Boffin,Goalkeeper,N/A,Success
Ádám Bogdán,https://www.transfermarkt.com/dm-bogdn/profil/spieler/55247,55247,Ádám Bogdán,Goalkeeper,N/A,Success
Mauro Boselli,https://www.transfermarkt.com/mauro-boselli/profil/spieler/40822,40822,Mauro Boselli,Attack - Centre-Forward,N/A,Success
José Bosingwa,https://www.transfermarkt.com/jos-bosingwa/profil/spieler/9813,9813,Bosingwa,Defender - Right-Back,N/A,Success
Lee Bowyer,https://www.transfermarkt.com/lee-bowyer/profil/spieler/3877,3877,Lee Bowyer,Midfield - Central Midfield,N/A,Success
Dedryck Boyata,https://www.transfermarkt.com/dedryck-boyata/profil/spieler/88262,88262,Dedryck Boyata,Defender - Centre-Back,N/A,Success
Emmerson Boyce,https://www.transfermarkt.com/emmerson-boyce/profil/spieler/19641,19641,Emmerson Boyce,Defender - Right-Back,N/A,Success
Michael Bradley,https://www.transfermarkt.com/michael-bradley/profil/spieler/30593,30593,Michael Bradley,Midfield - Central Midfield,N/A,Success
Titus Bramble,https://www.transfermarkt.com/titus-bramble/profil/spieler/3130,3130,Titus Bramble,Defender - Centre-Back,N/A,Success
Wayne Bridge,https://www.transfermarkt.com/wayne-bridge/profil/spieler/3682,3682,Wayne Bridge,Defender - Left-Back,N/A,Success
Matthew Briggs,https://www.transfermarkt.com/matthew-briggs/profil/spieler/51318,51318,Matthew Briggs,Defender - Centre-Back,N/A,Success
Wes Brown,https://www.transfermarkt.com/wes-brown/profil/spieler/3405,3405,Wes Brown,Defender - Centre-Back,N/A,Success
Jeffrey Bruma,https://www.transfermarkt.com/jeffrey-bruma/profil/spieler/88721,88721,Jeffrey Bruma,Defender - Centre-Back,N/A,Success
Chris Brunt,https://www.transfermarkt.com/chris-brunt/profil/spieler/36814,36814,Chris Brunt,Midfield - Central Midfield,N/A,Success
Mark Bunn,https://www.transfermarkt.com/mark-bunn/profil/spieler/49319,49319,Mark Bunn,Goalkeeper,N/A,Success
Gary Cahill,https://www.transfermarkt.com/gary-cahill/profil/spieler/27511,27511,Gary Cahill,Defender - Centre-Back,N/A,Success
Tim Cahill,https://www.transfermarkt.com/tim-cahill/profil/spieler/13556,13556,Tim Cahill,Midfield - Attacking Midfield,N/A,Success
Gary Caldwell,https://www.transfermarkt.com/gary-caldwell/profil/spieler/3791,3791,Gary Caldwell,Defender - Centre-Back,N/A,Success
Steven Caldwell,https://www.transfermarkt.com/steven-caldwell/profil/spieler/3462,3462,Steven Caldwell,Defender - Centre-Back,N/A,Success
DJ Campbell,https://www.transfermarkt.com/dj-campbell/profil/spieler/37896,37896,DJ Campbell,Attack - Centre-Forward,N/A,Success
Fraizer Campbell,https://www.transfermarkt.com/fraizer-campbell/profil/spieler/42411,42411,Fraizer Campbell,Attack - Centre-Forward,N/A,Success
Sol Campbell,https://www.transfermarkt.com/sol-campbell/profil/spieler/3198,3198,Sol Campbell,Defender - Centre-Back,N/A,Success
John Carew,https://www.transfermarkt.com/john-carew/profil/spieler/3570,3570,John Carew,Attack - Centre-Forward,N/A,Success
David Carney,https://www.transfermarkt.com/david-carney/profil/spieler/10387,10387,David Carney,Midfield - Left Midfield,N/A,Success
Stephen Carr,https://www.transfermarkt.com/stephen-carr/profil/spieler/4046,4046,Stephen Carr,Defender - Right-Back,N/A,Success
Jamie Carragher,https://www.transfermarkt.com/jamie-carragher/profil/spieler/3597,3597,Jamie Carragher,Defender - Centre-Back,N/A,Success
Michael Carrick,https://www.transfermarkt.com/michael-carrick/profil/spieler/3878,3878,Michael Carrick,Midfield - Defensive Midfield,N/A,Success
Andy Carroll,https://www.transfermarkt.com/andy-carroll/profil/spieler/48066,48066,Andy Carroll,Attack - Centre-Forward,Dag & Red FC,Success
Scott Carson,https://www.transfermarkt.com/scott-carson/profil/spieler/14555,14555,Scott Carson,Goalkeeper,N/A,Success
Craig Cathcart,https://www.transfermarkt.com/craig-cathcart/profil/spieler/59606,59606,Craig Cathcart,Defender - Centre-Back,N/A,Success
Lee Cattermole,https://www.transfermarkt.com/lee-cattermole/profil/spieler/37363,37363,Lee Cattermole,Midfield - Defensive Midfield,N/A,Success
Marek Čech,https://www.transfermarkt.com/marek-ech/profil/spieler/21354,21354,Marek Cech,Defender - Left-Back,N/A,Success
Petr Čech,https://www.transfermarkt.com/petr-ech/profil/spieler/5658,5658,Petr Cech,Goalkeeper,N/A,Success
Marouane Chamakh,https://www.transfermarkt.com/marouane-chamakh/profil/spieler/19085,19085,Marouane Chamakh,Attack - Centre-Forward,N/A,Success
Pascal Chimbonda,https://www.transfermarkt.com/pascal-chimbonda/profil/spieler/18875,18875,Pascal Chimbonda,Defender - Right-Back,N/A,Success
Ciaran Clark,https://www.transfermarkt.com/ciaran-clark/profil/spieler/98240,98240,Ciaran Clark,Defender - Centre-Back,N/A,Success
Tom Cleverley,https://www.transfermarkt.com/tom-cleverley/profil/spieler/73484,73484,Tom Cleverley,Midfield - Central Midfield,N/A,Success
Gaël Clichy,https://www.transfermarkt.com/gal-clichy/profil/spieler/7449,7449,Gaël Clichy,Defender - Left-Back,N/A,Success
Tamir Cohen,https://www.transfermarkt.com/tamir-cohen/profil/spieler/24209,24209,Tamir Cohen,Midfield - Central Midfield,N/A,Success
Jack Colback,https://www.transfermarkt.com/jack-colback/profil/spieler/61644,61644,Jack Colback,Midfield - Defensive Midfield,Anstey Nomads,Success
Ashley Cole,https://www.transfermarkt.com/ashley-cole/profil/spieler/3182,3182,Ashley Cole,Defender - Left-Back,N/A,Success
Carlton Cole,https://www.transfermarkt.com/carlton-cole/profil/spieler/3179,3179,Carlton Cole,Attack - Centre-Forward,N/A,Success
Joe Cole,https://www.transfermarkt.com/joe-cole/profil/spieler/3876,3876,Joe Cole,Midfield - Attacking Midfield,N/A,Success
Séamus Coleman,https://www.transfermarkt.com/samus-coleman/profil/spieler/68390,68390,Séamus Coleman,Defender - Right-Back,Everton,Success
Danny Collins,https://www.transfermarkt.com/danny-collins/profil/spieler/26183,26183,Danny Collins,Defender - Centre-Back,N/A,Success
James Collins,https://www.transfermarkt.com/james-collins/profil/spieler/12691,12691,James Collins,Defender - Centre-Back,N/A,Success
Jack Collison,https://www.transfermarkt.com/jack-collison/profil/spieler/61568,61568,Jack Collison,Midfield - Central Midfield,N/A,Success
Fabricio Coloccini,https://www.transfermarkt.com/fabricio-coloccini/profil/spieler/6150,6150,Fabricio Coloccini,Defender - Centre-Back,N/A,Success
Jordan Cook,https://www.transfermarkt.com/jordan-cook/profil/spieler/61646,61646,Jordan Cook,Attack - Centre-Forward,Without Club,Success
Vedran Ćorluka,https://www.transfermarkt.com/vedran-orluka/profil/spieler/34393,34393,Vedran Corluka,Defender - Centre-Back,N/A,Success
Manuel da Costa,https://www.transfermarkt.com/manuel-da-costa/profil/spieler/37398,37398,Manuel da Costa,Defender - Centre-Back,N/A,Success
Simon Cox,https://www.transfermarkt.com/simon-cox/profil/spieler/37150,37150,Simon Cox,Attack - Centre-Forward,N/A,Success
Jody Craddock,https://www.transfermarkt.com/jody-craddock/profil/spieler/4129,4129,Jody Craddock,Defender - Centre-Back,N/A,Success
Stephen Crainey,https://www.transfermarkt.com/stephen-crainey/profil/spieler/9499,9499,Stephen Crainey,Defender - Left-Back,N/A,Success
Peter Crouch,https://www.transfermarkt.com/peter-crouch/profil/spieler/4072,4072,Peter Crouch,Attack - Centre-Forward,N/A,Success
Carlo Cudicini,https://www.transfermarkt.com/carlo-cudicini/profil/spieler/3151,3151,Carlo Cudicini,Goalkeeper,N/A,Success
Carlos Cuéllar,https://www.transfermarkt.com/carlos-cullar/profil/spieler/16576,16576,Carlos Cuéllar,Defender - Centre-Back,N/A,Success
Scott Dann,https://www.transfermarkt.com/scott-dann/profil/spieler/62688,62688,Scott Dann,Defender - Centre-Back,N/A,Success
Curtis Davies,https://www.transfermarkt.com/curtis-davies/profil/spieler/18227,18227,Curtis Davies,Defender - Centre-Back,N/A,Success
Kevin Davies,https://www.transfermarkt.com/kevin-davies/profil/spieler/4114,4114,Kevin Davies,Attack - Centre-Forward,N/A,Success
Mark Davies,https://www.transfermarkt.com/mark-davies/profil/spieler/36917,36917,Mark Davies,Midfield - Central Midfield,N/A,Success
Simon Davies,https://www.transfermarkt.com/simon-davies/profil/spieler/4056,4056,Simon Davies,Midfield - Right Midfield,N/A,Success
Michael Dawson,https://www.transfermarkt.com/michael-dawson/profil/spieler/9988,9988,Michael Dawson,Defender - Centre-Back,N/A,Success
Jermain Defoe,https://www.transfermarkt.com/jermain-defoe/profil/spieler/3875,3875,Jermain Defoe,Attack - Centre-Forward,N/A,Success
Nathan Delfouneso,https://www.transfermarkt.com/nathan-delfouneso/profil/spieler/62642,62642,Nathan Delfouneso,Attack - Centre-Forward,N/A,Success
Fabian Delph,https://www.transfermarkt.com/fabian-delph/profil/spieler/50362,50362,Fabian Delph,Midfield - Central Midfield,N/A,Success
Mousa Dembélé,https://www.transfermarkt.com/mousa-dembl/profil/spieler/19368,19368,Mousa Dembélé,Midfield - Central Midfield,N/A,Success
Ishmel Demontagnac,https://www.transfermarkt.com/ishmel-demontagnac/profil/spieler/42188,42188,Ishmel Demontagnac,Attack - Left Winger,N/A,Success
Clint Dempsey,https://www.transfermarkt.com/clint-dempsey/profil/spieler/27577,27577,Clint Dempsey,Attack - Second Striker,N/A,Success
Edwin van der Sar,https://www.transfermarkt.com/edwin-van-der-sar/profil/spieler/3516,3516,Edwin van der Sar,Goalkeeper,N/A,Success
Rafael van der Vaart,https://www.transfermarkt.com/rafael-van-der-vaart/profil/spieler/4192,4192,Rafael van der Vaart,Midfield - Attacking Midfield,N/A,Success
Matt Derbyshire,https://www.transfermarkt.com/matt-derbyshire/profil/spieler/15175,15175,Matt Derbyshire,Attack - Centre-Forward,Matlock,Success
Franco Di Santo,https://www.transfermarkt.com/franco-di-santo/profil/spieler/59783,59783,Franco Di Santo,Attack - Centre-Forward,N/A,Success
Abou Diaby,https://www.transfermarkt.com/abou-diaby/profil/spieler/26763,26763,Abou Diaby,Midfield - Central Midfield,N/A,Success
Alessandro Diamanti,https://www.transfermarkt.com/alessandro-diamanti/profil/spieler/23197,23197,Alessandro Diamanti,Midfield - Attacking Midfield,N/A,Success
Mohamed Diamé,https://www.transfermarkt.com/mohamed-diam/profil/spieler/70950,70950,Mohamed Diamé,Midfield - Central Midfield,N/A,Success
Salif Diao,https://www.transfermarkt.com/salif-diao/profil/spieler/3600,3600,Salif Diao,Midfield - Defensive Midfield,N/A,Success
Kagisho Dikgacoi,https://www.transfermarkt.com/kagisho-dikgacoi/profil/spieler/63285,63285,Kagisho Dikgacoi,Midfield - Central Midfield,N/A,Success
Sylvain Distin,https://www.transfermarkt.com/sylvain-distin/profil/spieler/3356,3356,Sylvain Distin,Defender - Centre-Back,N/A,Success
Johan Djourou,https://www.transfermarkt.com/johan-djourou/profil/spieler/34561,34561,Johan Djourou,Defender - Centre-Back,N/A,Success
Graham Dorrans,https://www.transfermarkt.com/graham-dorrans/profil/spieler/36608,36608,Graham Dorrans,Midfield - Central Midfield,Without Club,Success
Giovani dos Santos,https://www.transfermarkt.com/giovani-dos-santos/profil/spieler/44674,44674,Giovani dos Santos,Attack - Second Striker,N/A,Success
Stewart Downing,https://www.transfermarkt.com/stewart-downing/profil/spieler/4063,4063,Stewart Downing,Midfield - Left Midfield,N/A,Success
Colin Doyle,https://www.transfermarkt.com/colin-doyle/profil/spieler/28728,28728,Colin Doyle,Goalkeeper,N/A,Success
Kevin Doyle,https://www.transfermarkt.com/kevin-doyle/profil/spieler/35193,35193,Kevin Doyle,Attack - Centre-Forward,N/A,Success
Didier Drogba,https://www.transfermarkt.com/didier-drogba/profil/spieler/3924,3924,Didier Drogba,Attack - Centre-Forward,N/A,Success
Damien Duff,https://www.transfermarkt.com/damien-duff/profil/spieler/3259,3259,Damien Duff,Attack - Right Winger,N/A,Success
David Dunn,https://www.transfermarkt.com/david-dunn/profil/spieler/4243,4243,David Dunn,Midfield - Attacking Midfield,N/A,Success
Richard Dunne,https://www.transfermarkt.com/richard-dunne/profil/spieler/3807,3807,Richard Dunne,Defender - Centre-Back,N/A,Success
Kieron Dyer,https://www.transfermarkt.com/kieron-dyer/profil/spieler/3118,3118,Kieron Dyer,Midfield - Right Midfield,N/A,Success
Edin Džeko,https://www.transfermarkt.com/edin-deko/profil/spieler/28396,28396,Edin Dzeko,Attack - Centre-Forward,FC Schalke 04,Success
Neal Eardley,https://www.transfermarkt.com/neal-eardley/profil/spieler/49428,49428,Neal Eardley,Defender - Right-Back,N/A,Success
Sylvan Ebanks-Blake,https://www.transfermarkt.com/sylvan-ebanks-blake/profil/spieler/27621,27621,Sylvan Ebanks-Blake,Attack - Centre-Forward,N/A,Success
Emmanuel Eboué,https://www.transfermarkt.com/emmanuel-ebou/profil/spieler/13058,13058,Emmanuel Eboué,Defender - Right-Back,N/A,Success
Nathan Eccleston,https://www.transfermarkt.com/nathan-eccleston/profil/spieler/88983,88983,Nathan Eccleston,Attack - Centre-Forward,N/A,Success
David Edwards,https://www.transfermarkt.com/david-edwards/profil/spieler/54949,54949,David Edwards,Midfield - Central Midfield,N/A,Success
Rob Edwards,https://www.transfermarkt.com/rob-edwards/profil/spieler/4068,4068,Rob Edwards,Defender - Centre-Back,N/A,Success
Johan Elmander,https://www.transfermarkt.com/johan-elmander/profil/spieler/4383,4383,Johan Elmander,Attack - Centre-Forward,N/A,Success
Ahmed Elmohamady,https://www.transfermarkt.com/ahmed-elmohamady/profil/spieler/66333,66333,Ahmed El Mohamady,Defender - Right-Back,N/A,Success
George Elokobi,https://www.transfermarkt.com/george-elokobi/profil/spieler/42048,42048,George Elokobi,Defender - Centre-Back,N/A,Success
Brett Emerton,https://www.transfermarkt.com/brett-emerton/profil/spieler/4367,4367,Brett Emerton,Midfield - Right Midfield,N/A,Success
Jay Emmanuel-Thomas,https://www.transfermarkt.com/jay-emmanuel-thomas/profil/spieler/27969,27969,Jay Emmanuel-Thomas,Midfield - Attacking Midfield,Without Club,Success
José Enrique,https://www.transfermarkt.com/jos-enrique/profil/spieler/35571,35571,José Enrique,Defender - Left-Back,N/A,Success
Michael Essien,https://www.transfermarkt.com/michael-essien/profil/spieler/5588,5588,Michael Essien,Midfield - Defensive Midfield,N/A,Success
Matthew Etherington,https://www.transfermarkt.com/matthew-etherington/profil/spieler/3788,3788,Matthew Etherington,Midfield - Left Midfield,N/A,Success
Dickson Etuhu,https://www.transfermarkt.com/dickson-etuhu/profil/spieler/14011,14011,Dickson Etuhu,Midfield - Defensive Midfield,N/A,Success
Jason Euell,https://www.transfermarkt.com/jason-euell/profil/spieler/3092,3092,Jason Euell,Attack - Left Winger,N/A,Success
Jonny Evans,https://www.transfermarkt.com/jonny-evans/profil/spieler/42412,42412,Jonny Evans,Defender - Centre-Back,N/A,Success
Ian Evatt,https://www.transfermarkt.com/ian-evatt/profil/spieler/37127,37127,Ian Evatt,Defender - Centre-Back,N/A,Success
Patrice Evra,https://www.transfermarkt.com/patrice-evra/profil/spieler/5285,5285,Patrice Evra,Defender - Left-Back,N/A,Success
Łukasz Fabiański,https://www.transfermarkt.com/ukasz-fabiaski/profil/spieler/29692,29692,Lukasz Fabianski,Goalkeeper,West Ham,Success
Cesc Fàbregas,https://www.transfermarkt.com/cesc-fbregas/profil/spieler/8806,8806,Cesc Fàbregas,Midfield - Central Midfield,N/A,Success
Keith Fahey,https://www.transfermarkt.com/keith-fahey/profil/spieler/29878,29878,Keith Fahey,Midfield - Central Midfield,N/A,Success
Julien Faubert,https://www.transfermarkt.com/julien-faubert/profil/spieler/18093,18093,Julien Faubert,Defender - Right-Back,N/A,Success
Abdoulaye Faye,https://www.transfermarkt.com/abdoulaye-faye/profil/spieler/6107,6107,Abdoulaye Faye,Defender - Centre-Back,N/A,Success
Marouane Fellaini,https://www.transfermarkt.com/marouane-fellaini/profil/spieler/39679,39679,Marouane Fellaini,Midfield - Central Midfield,N/A,Success
Anton Ferdinand,https://www.transfermarkt.com/anton-ferdinand/profil/spieler/3698,3698,Anton Ferdinand,Defender - Centre-Back,N/A,Success
Rio Ferdinand,https://www.transfermarkt.com/rio-ferdinand/profil/spieler/3235,3235,Rio Ferdinand,Defender - Centre-Back,N/A,Success
Barry Ferguson,https://www.transfermarkt.com/barry-ferguson/profil/spieler/10251,10251,Barry Ferguson,Midfield - Defensive Midfield,N/A,Success
Shane Ferguson,https://www.transfermarkt.com/shane-ferguson/profil/spieler/62052,62052,Shane Ferguson,Midfield - Left Midfield,Without Club,Success
Paulo Ferreira,https://www.transfermarkt.com/paulo-ferreira/profil/spieler/9832,9832,Paulo Ferreira,Defender - Right-Back,N/A,Success
Maynor Figueroa,https://www.transfermarkt.com/maynor-figueroa/profil/spieler/62240,62240,Maynor Figueroa,Defender - Left-Back,N/A,Success
Jon Flanagan,https://www.transfermarkt.com/jon-flanagan/profil/spieler/145922,145922,Jon Flanagan,Defender - Right-Back,N/A,Success
Darren Fletcher,https://www.transfermarkt.com/darren-fletcher/profil/spieler/3547,3547,Darren Fletcher,Midfield - Central Midfield,N/A,Success
Steven Fletcher,https://www.transfermarkt.com/steven-fletcher/profil/spieler/35099,35099,Steven Fletcher,Attack - Centre-Forward,N/A,Success
Kevin Foley,https://www.transfermarkt.com/kevin-foley/profil/spieler/33491,33491,Kevin Foley,Defender - Right-Back,N/A,Success
Adam Forshaw,https://www.transfermarkt.com/adam-forshaw/profil/spieler/121257,121257,Adam Forshaw,Midfield - Central Midfield,Blackburn,Success
Marc-Antoine Fortuné,https://www.transfermarkt.com/marc-antoine-fortun/profil/spieler/5652,5652,Marc-Antoine Fortuné,Attack - Centre-Forward,N/A,Success
Ben Foster,https://www.transfermarkt.com/ben-foster/profil/spieler/13572,13572,Ben Foster,Goalkeeper,N/A,Success
Brad Friedel,https://www.transfermarkt.com/brad-friedel/profil/spieler/3476,3476,Brad Friedel,Goalkeeper,N/A,Success
Ricardo Fuller,https://www.transfermarkt.com/ricardo-fuller/profil/spieler/14014,14014,Ricardo Fuller,Attack - Centre-Forward,N/A,Success
Danny Gabbidon,https://www.transfermarkt.com/danny-gabbidon/profil/spieler/12709,12709,Danny Gabbidon,Defender - Centre-Back,N/A,Success
William Gallas,https://www.transfermarkt.com/william-gallas/profil/spieler/3156,3156,William Gallas,Defender - Centre-Back,N/A,Success
Morten Gamst Pedersen,https://www.transfermarkt.com/morten-gamst-pedersen/profil/spieler/22741,22741,Morten Gamst Pedersen,Midfield - Central Midfield,N/A,Success
Craig Gardner,https://www.transfermarkt.com/craig-gardner/profil/spieler/37171,37171,Craig Gardner,Midfield - Central Midfield,N/A,Success
Ricardo Gardner,https://www.transfermarkt.com/ricardo-gardner/profil/spieler/6264,6264,Ricardo Gardner,Defender - Left-Back,N/A,Success
Zoltán Gera,https://www.transfermarkt.com/zoltn-gera/profil/spieler/18324,18324,Zoltán Gera,Midfield - Attacking Midfield,N/A,Success
Steven Gerrard,https://www.transfermarkt.com/steven-gerrard/profil/spieler/3109,3109,Steven Gerrard,Midfield - Central Midfield,N/A,Success
Kieran Gibbs,https://www.transfermarkt.com/kieran-gibbs/profil/spieler/44792,44792,Kieran Gibbs,Defender - Left-Back,N/A,Success
Darron Gibson,https://www.transfermarkt.com/darron-gibson/profil/spieler/42413,42413,Darron Gibson,Midfield - Central Midfield,N/A,Success
Ryan Giggs,https://www.transfermarkt.com/ryan-giggs/profil/spieler/3406,3406,Ryan Giggs,Midfield - Left Midfield,N/A,Success
Matt Gilks,https://www.transfermarkt.com/matt-gilks/profil/spieler/48254,48254,Matt Gilks,Goalkeeper,N/A,Success
Gaël Givet,https://www.transfermarkt.com/gal-givet/profil/spieler/5286,5286,Gaël Givet,Defender - Centre-Back,N/A,Success
Steve Gohouri,https://www.transfermarkt.com/steve-gohouri/profil/spieler/19857,19857,Steve Gohouri,Defender - Centre-Back,N/A,Success
Heurelho Gomes,https://www.transfermarkt.com/heurelho-gomes/profil/spieler/19059,19059,Heurelho Gomes,Goalkeeper,N/A,Success
Jordi Gómez,https://www.transfermarkt.com/jordi-gmez/profil/spieler/39010,39010,Jordi Gómez,Midfield - Central Midfield,N/A,Success
Craig Gordon,https://www.transfermarkt.com/craig-gordon/profil/spieler/12589,12589,Craig Gordon,Goalkeeper,Heart of Midl.,Success
Dan Gosling,https://www.transfermarkt.com/dan-gosling/profil/spieler/44983,44983,Dan Gosling,Midfield - Central Midfield,N/A,Success
Hérold Goulon,https://www.transfermarkt.com/hrold-goulon/profil/spieler/41978,41978,Hérold Goulon,Defender - Centre-Back,Without Club,Success
Elliot Grandin,https://www.transfermarkt.com/elliot-grandin/profil/spieler/56785,56785,Elliot Grandin,Midfield - Attacking Midfield,N/A,Success
Robert Green,https://www.transfermarkt.com/robert-green/profil/spieler/11680,11680,Rob Green,Goalkeeper,N/A,Success
Jonathan Greening,https://www.transfermarkt.com/jonathan-greening/profil/spieler/3865,3865,Jonathan Greening,Midfield - Central Midfield,N/A,Success
Adlène Guedioura,https://www.transfermarkt.com/adlne-guedioura/profil/spieler/74768,74768,Adlène Guédioura,Midfield - Defensive Midfield,N/A,Success
Magaye Gueye,https://www.transfermarkt.com/magaye-gueye/profil/spieler/91956,91956,Magaye Gueye,Attack - Centre-Forward,CSO Băicoi,Success
Danny Guthrie,https://www.transfermarkt.com/danny-guthrie/profil/spieler/16716,16716,Danny Guthrie,Midfield - Central Midfield,N/A,Success
Jonás Gutiérrez,https://www.transfermarkt.com/jons-gutirrez/profil/spieler/26443,26443,Jonás Gutiérrez,Midfield - Left Midfield,N/A,Success
Eiður Guðjohnsen,https://www.transfermarkt.com/eiur-gujohnsen/profil/spieler/3176,3176,Eidur Gudjohnsen,Attack - Centre-Forward,N/A,Success
Asamoah Gyan,https://www.transfermarkt.com/asamoah-gyan/profil/spieler/26802,26802,Asamoah Gyan,Attack - Centre-Forward,N/A,Success
Ali Al-Habsi,https://www.transfermarkt.com/ali-al-habsi/profil/spieler/26633,26633,Ali Al-Habsi,Goalkeeper,N/A,Success
Marcus Hahnemann,https://www.transfermarkt.com/marcus-hahnemann/profil/spieler/4140,4140,Marcus Hahnemann,Goalkeeper,N/A,Success
Greg Halford,https://www.transfermarkt.com/greg-halford/profil/spieler/42062,42062,Greg Halford,Defender - Centre-Back,N/A,Success
Rafik Halliche,https://www.transfermarkt.com/rafik-halliche/profil/spieler/67815,67815,Rafik Halliche,Defender - Centre-Back,N/A,Success
Mark Halstead,https://www.transfermarkt.com/mark-halstead/profil/spieler/99972,99972,Mark Halstead,Goalkeeper,Radcliffe,Success
Adam Hammill,https://www.transfermarkt.com/adam-hammill/profil/spieler/38091,38091,Adam Hammill,Attack - Right Winger,Litherland,Success
Brede Hangeland,https://www.transfermarkt.com/brede-hangeland/profil/spieler/25553,25553,Brede Hangeland,Defender - Centre-Back,N/A,Success
Grant Hanley,https://www.transfermarkt.com/grant-hanley/profil/spieler/121385,121385,Grant Hanley,Defender - Centre-Back,Hibernian FC,Success
Marlon Harewood,https://www.transfermarkt.com/marlon-harewood/profil/spieler/10011,10011,Marlon Harewood,Attack - Centre-Forward,N/A,Success
Owen Hargreaves,https://www.transfermarkt.com/owen-hargreaves/profil/spieler/201,201,Owen Hargreaves,Midfield - Defensive Midfield,N/A,Success
Steve Harper,https://www.transfermarkt.com/steve-harper/profil/spieler/3562,3562,Steve Harper,Goalkeeper,N/A,Success
Joe Hart,https://www.transfermarkt.com/joe-hart/profil/spieler/40204,40204,Joe Hart,Goalkeeper,N/A,Success
John Heitinga,https://www.transfermarkt.com/john-heitinga/profil/spieler/4315,4315,John Heitinga,Defender - Centre-Back,N/A,Success
Bjørn Helge Riise,https://www.transfermarkt.com/bjrn-helge-riise/profil/spieler/13485,13485,Bjørn Helge Riise,Midfield - Central Midfield,N/A,Success
Jordan Henderson,https://www.transfermarkt.com/jordan-henderson/profil/spieler/61651,61651,Jordan Henderson,Midfield - Defensive Midfield,Brentford,Success
Wayne Hennessey,https://www.transfermarkt.com/wayne-hennessey/profil/spieler/45494,45494,Wayne Hennessey,Goalkeeper,N/A,Success
Karl Henry,https://www.transfermarkt.com/karl-henry/profil/spieler/13582,13582,Karl Henry,Midfield - Defensive Midfield,N/A,Success
Chris Herd,https://www.transfermarkt.com/chris-herd/profil/spieler/61572,61572,Chris Herd,Midfield - Defensive Midfield,N/A,Success
Javier Hernández,https://www.transfermarkt.com/javier-hernndez/profil/spieler/50935,50935,Chicharito,Attack - Centre-Forward,Without Club,Success
Emile Heskey,https://www.transfermarkt.com/emile-heskey/profil/spieler/3142,3142,Emile Heskey,Attack - Centre-Forward,N/A,Success
Tony Hibbert,https://www.transfermarkt.com/tony-hibbert/profil/spieler/3614,3614,Tony Hibbert,Defender - Right-Back,N/A,Success
Danny Higginbotham,https://www.transfermarkt.com/danny-higginbotham/profil/spieler/3686,3686,Danny Higginbotham,Defender - Centre-Back,N/A,Success
Zavon Hines,https://www.transfermarkt.com/zavon-hines/profil/spieler/67081,67081,Zavon Hines,Attack - Right Winger,N/A,Success
Thomas Hitzlsperger,https://www.transfermarkt.com/thomas-hitzlsperger/profil/spieler/1573,1573,Thomas Hitzlsperger,Midfield - Central Midfield,N/A,Success
Alexander Hleb,https://www.transfermarkt.com/alexander-hleb/profil/spieler/597,597,Aleksandr Hleb,Midfield - Attacking Midfield,N/A,Success
Jonathan Hogg,https://www.transfermarkt.com/jonathan-hogg/profil/spieler/61573,61573,Jonathan Hogg,Midfield - Defensive Midfield,Huddersf. U21,Success
Junior Hoilett,https://www.transfermarkt.com/junior-hoilett/profil/spieler/58993,58993,Junior Hoilett,Attack - Left Winger,Swindon Town,Success
Stuart Holden,https://www.transfermarkt.com/stuart-holden/profil/spieler/30071,30071,Stuart Holden,Midfield - Central Midfield,N/A,Success
Tim Howard,https://www.transfermarkt.com/tim-howard/profil/spieler/4267,4267,Tim Howard,Goalkeeper,N/A,Success
Tom Huddlestone,https://www.transfermarkt.com/tom-huddlestone/profil/spieler/13465,13465,Tom Huddlestone,Midfield - Defensive Midfield,N/A,Success
Aaron Hughes,https://www.transfermarkt.com/aaron-hughes/profil/spieler/3580,3580,Aaron Hughes,Defender - Centre-Back,N/A,Success
Stephen Hunt,https://www.transfermarkt.com/stephen-hunt/profil/spieler/36799,36799,Stephen Hunt,Midfield - Left Midfield,N/A,Success
James Hurst,https://www.transfermarkt.com/james-hurst/profil/spieler/110863,110863,James Hurst,Defender - Centre-Back,Career break,Success
Robert Huth,https://www.transfermarkt.com/robert-huth/profil/spieler/2998,2998,Robert Huth,Defender - Centre-Back,N/A,Success
Alan Hutton,https://www.transfermarkt.com/alan-hutton/profil/spieler/9619,9619,Alan Hutton,Defender - Right-Back,N/A,Success
Pablo Ibáñez,https://www.transfermarkt.com/pablo-ibez/profil/spieler/8116,8116,Pablo Ibáñez,Defender - Centre-Back,N/A,Success
Hérita Ilunga,https://www.transfermarkt.com/hrita-ilunga/profil/spieler/17432,17432,Hérita Ilunga,Defender - Left-Back,N/A,Success
Stephen Ireland,https://www.transfermarkt.com/stephen-ireland/profil/spieler/34838,34838,Stephen Ireland,Midfield - Attacking Midfield,Wythenshawe,Success
Branislav Ivanović,https://www.transfermarkt.com/branislav-ivanovi/profil/spieler/36827,36827,Branislav Ivanovic,Defender - Right-Back,N/A,Success
Jussi Jääskeläinen,https://www.transfermarkt.com/jussi-jskelinen/profil/spieler/3692,3692,Jussi Jääskeläinen,Goalkeeper,N/A,Success
Lars Jacobsen,https://www.transfermarkt.com/lars-jacobsen/profil/spieler/1423,1423,Lars Jacobsen,Defender - Right-Back,N/A,Success
Phil Jagielka,https://www.transfermarkt.com/phil-jagielka/profil/spieler/13520,13520,Phil Jagielka,Defender - Centre-Back,N/A,Success
Gonzalo Jara,https://www.transfermarkt.com/gonzalo-jara/profil/spieler/40429,40429,Gonzalo Jara,Defender - Centre-Back,N/A,Success
Matthew Jarvis,https://www.transfermarkt.com/matthew-jarvis/profil/spieler/15921,15921,Matt Jarvis,Attack - Left Winger,N/A,Success
Jermaine Jenas,https://www.transfermarkt.com/jermaine-jenas/profil/spieler/3461,3461,Jermaine Jenas,Midfield - Central Midfield,N/A,Success
Cameron Jerome,https://www.transfermarkt.com/cameron-jerome/profil/spieler/35855,35855,Cameron Jerome,Attack - Centre-Forward,FC Newsome,Success
Martin Jiránek,https://www.transfermarkt.com/martin-jirnek/profil/spieler/6065,6065,Martin Jiránek,Defender - Centre-Back,N/A,Success
Jô,https://www.transfermarkt.com/j/profil/spieler/34156,34156,Jô,Attack - Centre-Forward,N/A,Success
Adam Johnson,https://www.transfermarkt.com/adam-johnson/profil/spieler/31579,31579,Adam Johnson,Attack - Right Winger,N/A,Success
Andrew Johnson,https://www.transfermarkt.com/andrew-johnson/profil/spieler/14031,14031,Andy Johnson,Attack - Centre-Forward,N/A,Success
Eddie Johnson,https://www.transfermarkt.com/eddie-johnson/profil/spieler/38773,38773,Eddie Johnson,Attack - Centre-Forward,N/A,Success
Glen Johnson,https://www.transfermarkt.com/glen-johnson/profil/spieler/3881,3881,Glen Johnson,Defender - Right-Back,N/A,Success
Roger Johnson,https://www.transfermarkt.com/roger-johnson/profil/spieler/42751,42751,Roger Johnson,Defender - Centre-Back,N/A,Success
David Jones,https://www.transfermarkt.com/david-jones/profil/spieler/24634,24634,David Jones,Midfield - Central Midfield,N/A,Success
Jermaine Jones,https://www.transfermarkt.com/jermaine-jones/profil/spieler/1321,1321,Jermaine Jones,Midfield - Defensive Midfield,N/A,Success
Kenwyne Jones,https://www.transfermarkt.com/kenwyne-jones/profil/spieler/28245,28245,Kenwyne Jones,Attack - Centre-Forward,N/A,Success
Phil Jones,https://www.transfermarkt.com/phil-jones/profil/spieler/117996,117996,Phil Jones,Defender - Centre-Back,N/A,Success
Nigel de Jong,https://www.transfermarkt.com/nigel-de-jong/profil/spieler/4672,4672,Nigel de Jong,Midfield - Defensive Midfield,N/A,Success
Milan Jovanović,https://www.transfermarkt.com/milan-jovanovi/profil/spieler/14933,14933,Milan Jovanovic,Attack - Left Winger,N/A,Success
Younès Kaboul,https://www.transfermarkt.com/youns-kaboul/profil/spieler/27114,27114,Younès Kaboul,Defender - Centre-Back,N/A,Success
Gaël Kakuta,https://www.transfermarkt.com/gal-kakuta/profil/spieler/74297,74297,Gaël Kakuta,Midfield - Attacking Midfield,AE Larisa,Success
Nikola Kalinić,https://www.transfermarkt.com/nikola-kalini/profil/spieler/36371,36371,Nikola Kalinić,Attack - Centre-Forward,N/A,Success
Salomon Kalou,https://www.transfermarkt.com/salomon-kalou/profil/spieler/7971,7971,Salomon Kalou,Attack - Left Winger,N/A,Success
Diomansy Kamara,https://www.transfermarkt.com/diomansy-kamara/profil/spieler/6053,6053,Diomansy Kamara,Attack - Right Winger,N/A,Success
Robbie Keane,https://www.transfermarkt.com/robbie-keane/profil/spieler/3144,3144,Robbie Keane,Attack - Centre-Forward,N/A,Success
Dekel Keinan,https://www.transfermarkt.com/dekel-keinan/profil/spieler/24476,24476,Dekel Keinan,Defender - Centre-Back,LA Force,Success
Martin Kelly,https://www.transfermarkt.com/martin-kelly/profil/spieler/78959,78959,Martin Kelly,Defender - Right-Back,N/A,Success
Stephen Kelly,https://www.transfermarkt.com/stephen-kelly/profil/spieler/12125,12125,Stephen Kelly,Defender - Right-Back,N/A,Success
Andy Keogh,https://www.transfermarkt.com/andy-keogh/profil/spieler/29419,29419,Andy Keogh,Attack - Centre-Forward,Dianella WE,Success
Michael Kightly,https://www.transfermarkt.com/michael-kightly/profil/spieler/25366,25366,Michael Kightly,Attack - Left Winger,N/A,Success
Ledley King,https://www.transfermarkt.com/ledley-king/profil/spieler/3360,3360,Ledley King,Defender - Centre-Back,N/A,Success
Richard Kingson,https://www.transfermarkt.com/richard-kingson/profil/spieler/7125,7125,Richard Kingson,Goalkeeper,N/A,Success
Chris Kirkland,https://www.transfermarkt.com/chris-kirkland/profil/spieler/3219,3219,Chris Kirkland,Goalkeeper,N/A,Success
Ivan Klasnić,https://www.transfermarkt.com/ivan-klasni/profil/spieler/690,690,Ivan Klasnic,Attack - Centre-Forward,N/A,Success
Zat Knight,https://www.transfermarkt.com/zat-knight/profil/spieler/4012,4012,Zat Knight,Defender - Centre-Back,N/A,Success
Aleksandar Kolarov,https://www.transfermarkt.com/aleksandar-kolarov/profil/spieler/46156,46156,Aleksandar Kolarov,Defender - Left-Back,N/A,Success
Vincent Kompany,https://www.transfermarkt.com/vincent-kompany/profil/spieler/9594,9594,Vincent Kompany,Defender - Centre-Back,N/A,Success
Paul Konchesky,https://www.transfermarkt.com/paul-konchesky/profil/spieler/3296,3296,Paul Konchesky,Defender - Left-Back,N/A,Success
Laurent Koscielny,https://www.transfermarkt.com/laurent-koscielny/profil/spieler/76277,76277,Laurent Koscielny,Defender - Centre-Back,N/A,Success
Radoslav Kováč,https://www.transfermarkt.com/radoslav-kov/profil/spieler/9702,9702,Radoslav Kovac,Defender - Centre-Back,N/A,Success
Niko Kranjčar,https://www.transfermarkt.com/niko-kranjar/profil/spieler/16746,16746,Niko Kranjcar,Midfield - Attacking Midfield,N/A,Success
Tim Krul,https://www.transfermarkt.com/tim-krul/profil/spieler/33027,33027,Tim Krul,Goalkeeper,N/A,Success
Shefki Kuqi,https://www.transfermarkt.com/shefki-kuqi/profil/spieler/12398,12398,Shefki Kuqi,Attack - Centre-Forward,N/A,Success
Tomasz Kuszczak,https://www.transfermarkt.com/tomasz-kuszczak/profil/spieler/1320,1320,Tomasz Kuszczak,Goalkeeper,N/A,Success
Dirk Kuyt,https://www.transfermarkt.com/dirk-kuyt/profil/spieler/4010,4010,Dirk Kuyt,Attack - Right Winger,N/A,Success
Louis Laing,https://www.transfermarkt.com/louis-laing/profil/spieler/110865,110865,Louis Laing,Defender - Centre-Back,N/A,Success
Frank Lampard,https://www.transfermarkt.com/frank-lampard/profil/spieler/3163,3163,Frank Lampard,Midfield - Central Midfield,N/A,Success
Sebastian Larsson,https://www.transfermarkt.com/sebastian-larsson/profil/spieler/31720,31720,Sebastian Larsson,Midfield - Central Midfield,N/A,Success
Jens Lehmann,https://www.transfermarkt.com/jens-lehmann/profil/spieler/122,122,Jens Lehmann,Goalkeeper,N/A,Success
Lucas Leiva,https://www.transfermarkt.com/lucas-leiva/profil/spieler/41414,41414,Lucas Leiva,Midfield - Defensive Midfield,N/A,Success
Aaron Lennon,https://www.transfermarkt.com/aaron-lennon/profil/spieler/14221,14221,Aaron Lennon,Attack - Right Winger,N/A,Success
Joleon Lescott,https://www.transfermarkt.com/joleon-lescott/profil/spieler/4241,4241,Joleon Lescott,Defender - Centre-Back,N/A,Success
Eric Lichaj,https://www.transfermarkt.com/eric-lichaj/profil/spieler/61575,61575,Eric Lichaj,Defender - Right-Back,N/A,Success
Amine Linganzi,https://www.transfermarkt.com/amine-linganzi/profil/spieler/88596,88596,Amine Linganzi,Midfield - Central Midfield,N/A,Success
Jason Lowe,https://www.transfermarkt.com/jason-lowe/profil/spieler/117997,117997,Jason Lowe,Midfield - Defensive Midfield,Tranmere,Success
Kazenga LuaLua,https://www.transfermarkt.com/kazenga-lualua/profil/spieler/52576,52576,Kazenga LuaLua,Attack - Left Winger,Rimal Al-Sahra,Success
David Luiz,https://www.transfermarkt.com/david-luiz/profil/spieler/46741,46741,David Luiz,Defender - Centre-Back,Pafos,Success
Craig Lynch,https://www.transfermarkt.com/craig-lynch/profil/spieler/121334,121334,Craig Lynch,Attack - Left Winger,N/A,Success
Peter Løvenkrands,https://www.transfermarkt.com/peter-lvenkrands/profil/spieler/9620,9620,Peter Løvenkrands,Attack - Centre-Forward,N/A,Success
Federico Macheda,https://www.transfermarkt.com/federico-macheda/profil/spieler/61887,61887,Federico Macheda,Attack - Centre-Forward,Asteras Aktor,Success
Jean Makoun,https://www.transfermarkt.com/jean-makoun/profil/spieler/5648,5648,Jean Makoun,Midfield - Defensive Midfield,N/A,Success
Steed Malbranque,https://www.transfermarkt.com/steed-malbranque/profil/spieler/3569,3569,Steed Malbranque,Midfield - Left Midfield,N/A,Success
Florent Malouda,https://www.transfermarkt.com/florent-malouda/profil/spieler/5461,5461,Florent Malouda,Attack - Left Winger,N/A,Success
Michael Mancienne,https://www.transfermarkt.com/michael-mancienne/profil/spieler/38100,38100,Michael Mancienne,Defender - Centre-Back,N/A,Success
Obafemi Martins,https://www.transfermarkt.com/obafemi-martins/profil/spieler/5794,5794,Obafemi Martins,Attack - Centre-Forward,N/A,Success
Javier Mascherano,https://www.transfermarkt.com/javier-mascherano/profil/spieler/19981,19981,Javier Mascherano,Midfield - Defensive Midfield,N/A,Success
James McArthur,https://www.transfermarkt.com/james-mcarthur/profil/spieler/41416,41416,James McArthur,Midfield - Central Midfield,N/A,Success
Benni McCarthy,https://www.transfermarkt.com/benni-mccarthy/profil/spieler/3091,3091,Benni McCarthy,Attack - Centre-Forward,N/A,Success
James McCarthy,https://www.transfermarkt.com/james-mccarthy/profil/spieler/45333,45333,James McCarthy,Midfield - Central Midfield,Without Club,Success
Josh McEachran,https://www.transfermarkt.com/josh-mceachran/profil/spieler/128905,128905,Josh McEachran,Midfield - Central Midfield,Bristol Rovers,Success
James McFadden,https://www.transfermarkt.com/james-mcfadden/profil/spieler/9956,9956,James McFadden,Attack - Second Striker,N/A,Success
Ryan McGivern,https://www.transfermarkt.com/ryan-mcgivern/profil/spieler/61632,61632,Ryan McGivern,Defender - Centre-Back,N/A,Success
Callum McManaman,https://www.transfermarkt.com/callum-mcmanaman/profil/spieler/61711,61711,Callum McManaman,Attack - Right Winger,Wigan,Success
Raul Meireles,https://www.transfermarkt.com/raul-meireles/profil/spieler/13168,13168,Raúl Meireles,Midfield - Central Midfield,N/A,Success
Abdoulaye Méïté,https://www.transfermarkt.com/abdoulaye-mt/profil/spieler/5315,5315,Abdoulaye Méïté,Defender - Centre-Back,N/A,Success
John Mensah,https://www.transfermarkt.com/john-mensah/profil/spieler/5917,5917,John Mensah,Defender - Centre-Back,N/A,Success
David Meyler,https://www.transfermarkt.com/david-meyler/profil/spieler/68183,68183,David Meyler,Midfield - Central Midfield,N/A,Success
Simon Mignolet,https://www.transfermarkt.com/simon-mignolet/profil/spieler/50219,50219,Simon Mignolet,Goalkeeper,Club Brugge,Success
Nenad Milijaš,https://www.transfermarkt.com/nenad-milija/profil/spieler/36123,36123,Nenad Milijas,Midfield - Central Midfield,N/A,Success
Ishmael Miller,https://www.transfermarkt.com/ishmael-miller/profil/spieler/38776,38776,Ishmael Miller,Attack - Centre-Forward,N/A,Success
James Milner,https://www.transfermarkt.com/james-milner/profil/spieler/3333,3333,James Milner,Midfield - Central Midfield,Brighton,Success
Luka Modrić,https://www.transfermarkt.com/luka-modri/profil/spieler/27992,27992,Luka Modrić,Midfield - Central Midfield,AC Milan,Success
Josh Morris,https://www.transfermarkt.com/josh-morris/profil/spieler/121391,121391,Josh Morris,Midfield - Left Midfield,Without Club,Success
James Morrison,https://www.transfermarkt.com/james-morrison/profil/spieler/27614,27614,James Morrison,Midfield - Central Midfield,N/A,Success
Victor Moses,https://www.transfermarkt.com/victor-moses/profil/spieler/59866,59866,Victor Moses,Attack - Right Winger,Kaysar,Success
Steven Mouyokolo,https://www.transfermarkt.com/steven-mouyokolo/profil/spieler/58188,58188,Steven Mouyokolo,Defender - Centre-Back,N/A,Success
Fabrice Muamba,https://www.transfermarkt.com/fabrice-muamba/profil/spieler/35586,35586,Fabrice Muamba,Midfield - Central Midfield,N/A,Success
Geoffrey Mujangi Bia,https://www.transfermarkt.com/geoffrey-mujangi-bia/profil/spieler/45455,45455,Geoffrey Mujangi Bia,Attack - Right Winger,Career break,Success
Youssouf Mulumbu,https://www.transfermarkt.com/youssouf-mulumbu/profil/spieler/45272,45272,Youssouf Mulumbu,Midfield - Defensive Midfield,Without Club,Success
Sulley Muntari,https://www.transfermarkt.com/sulley-muntari/profil/spieler/17129,17129,Sulley Muntari,Midfield - Central Midfield,N/A,Success
Danny Murphy,https://www.transfermarkt.com/danny-murphy/profil/spieler/3221,3221,Danny Murphy,Midfield - Central Midfield,N/A,Success
David Murphy,https://www.transfermarkt.com/david-murphy/profil/spieler/3868,3868,David Murphy,Defender - Left-Back,N/A,Success
Jordon Mutch,https://www.transfermarkt.com/jordon-mutch/profil/spieler/57207,57207,Jordon Mutch,Midfield - Central Midfield,Without Club,Success
Boaz Myhill,https://www.transfermarkt.com/boaz-myhill/profil/spieler/3838,3838,Boaz Myhill,Goalkeeper,N/A,Success
David N'Gog,https://www.transfermarkt.com/david-ngog/profil/spieler/41242,41242,David N'Gog,Attack - Centre-Forward,N/A,Success
Charles N'Zogbia,https://www.transfermarkt.com/charles-nzogbia/profil/spieler/22165,22165,Charles N'Zogbia,Attack - Right Winger,N/A,Success
Nani,https://www.transfermarkt.com/nani/profil/spieler/33706,33706,Nani,Attack - Left Winger,Aktobe,Success
Samir Nasri,https://www.transfermarkt.com/samir-nasri/profil/spieler/18935,18935,Samir Nasri,Midfield - Attacking Midfield,N/A,Success
Ryan Nelsen,https://www.transfermarkt.com/ryan-nelsen/profil/spieler/28878,28878,Ryan Nelsen,Defender - Centre-Back,N/A,Success
Gary Neville,https://www.transfermarkt.com/gary-neville/profil/spieler/3403,3403,Gary Neville,Defender - Right-Back,N/A,Success
Phil Neville,https://www.transfermarkt.com/phil-neville/profil/spieler/3404,3404,Phil Neville,Defender - Right-Back,N/A,Success
Mark Noble,https://www.transfermarkt.com/mark-noble/profil/spieler/31835,31835,Mark Noble,Midfield - Central Midfield,N/A,Success
Ryan Noble,https://www.transfermarkt.com/ryan-noble/profil/spieler/121340,121340,Ryan Noble,Attack - Centre-Forward,N/A,Success
Kevin Nolan,https://www.transfermarkt.com/kevin-nolan/profil/spieler/3950,3950,Kevin Nolan,Midfield - Attacking Midfield,N/A,Success
Frank Nouble,https://www.transfermarkt.com/frank-nouble/profil/spieler/119123,119123,Frank Nouble,Attack - Centre-Forward,Spennymoor Town,Success
Steven Nzonzi,https://www.transfermarkt.com/steven-nzonzi/profil/spieler/73734,73734,Steven Nzonzi,Midfield - Defensive Midfield,Stoke City,Success
Garry O'Connor,https://www.transfermarkt.com/garry-oconnor/profil/spieler/15708,15708,Garry O'Connor,Attack - Centre-Forward,N/A,Success
Jamie O'Hara,https://www.transfermarkt.com/jamie-ohara/profil/spieler/38090,38090,Jamie O'Hara,Midfield - Central Midfield,N/A,Success
Gary O'Neil,https://www.transfermarkt.com/gary-oneil/profil/spieler/3995,3995,Gary O'Neil,Midfield - Central Midfield,N/A,Success
John O'Shea,https://www.transfermarkt.com/john-oshea/profil/spieler/3540,3540,John O'Shea,Defender - Centre-Back,N/A,Success
Gabriel Obertan,https://www.transfermarkt.com/gabriel-obertan/profil/spieler/43261,43261,Gabriel Obertan,Attack - Right Winger,Without Club,Success
John Obi Mikel,https://www.transfermarkt.com/john-obi-mikel/profil/spieler/30739,30739,John Obi Mikel,Midfield - Defensive Midfield,N/A,Success
Victor Obinna,https://www.transfermarkt.com/victor-obinna/profil/spieler/35852,35852,Victor Obinna,Attack - Second Striker,N/A,Success
Peter Odemwingie,https://www.transfermarkt.com/peter-odemwingie/profil/spieler/12516,12516,Peter Odemwingie,Attack - Centre-Forward,N/A,Success
Jonas Olsson,https://www.transfermarkt.com/jonas-olsson/profil/spieler/25248,25248,Jonas Olsson,Defender - Centre-Back,N/A,Success
Martin Olsson,https://www.transfermarkt.com/martin-olsson/profil/spieler/38073,38073,Martin Olsson,Defender - Left-Back,Without Club,Success
Nedum Onuoha,https://www.transfermarkt.com/nedum-onuoha/profil/spieler/28810,28810,Nedum Onuoha,Defender - Centre-Back,N/A,Success
Brett Ormerod,https://www.transfermarkt.com/brett-ormerod/profil/spieler/4113,4113,Brett Ormerod,Attack - Centre-Forward,N/A,Success
Leon Osman,https://www.transfermarkt.com/leon-osman/profil/spieler/3620,3620,Leon Osman,Midfield - Central Midfield,N/A,Success
Michael Owen,https://www.transfermarkt.com/michael-owen/profil/spieler/1397,1397,Michael Owen,Attack - Centre-Forward,N/A,Success
Daniel Pacheco,https://www.transfermarkt.com/daniel-pacheco/profil/spieler/28285,28285,Dani Pacheco,Midfield - Attacking Midfield,Wisla Plock,Success
John Paintsil,https://www.transfermarkt.com/john-paintsil/profil/spieler/35235,35235,John Paintsil,Defender - Right-Back,N/A,Success
Wilson Palacios,https://www.transfermarkt.com/wilson-palacios/profil/spieler/58361,58361,Wilson Palacios,Midfield - Defensive Midfield,N/A,Success
Scott Parker,https://www.transfermarkt.com/scott-parker/profil/spieler/3785,3785,Scott Parker,Midfield - Central Midfield,N/A,Success
Stuart Parnaby,https://www.transfermarkt.com/stuart-parnaby/profil/spieler/3866,3866,Stuart Parnaby,Defender - Right-Back,N/A,Success
Roman Pavlyuchenko,https://www.transfermarkt.com/roman-pavlyuchenko/profil/spieler/15072,15072,Roman Pavlyuchenko,Attack - Centre-Forward,N/A,Success
Jermaine Pennant,https://www.transfermarkt.com/jermaine-pennant/profil/spieler/3195,3195,Jermaine Pennant,Attack - Right Winger,N/A,Success
James Perch,https://www.transfermarkt.com/james-perch/profil/spieler/49409,49409,James Perch,Defender - Centre-Back,N/A,Success
Robin van Persie,https://www.transfermarkt.com/robin-van-persie/profil/spieler/4380,4380,Robin van Persie,Attack - Centre-Forward,N/A,Success
Martin Petrov,https://www.transfermarkt.com/martin-petrov/profil/spieler/670,670,Martin Petrov,Attack - Left Winger,N/A,Success
Stiliyan Petrov,https://www.transfermarkt.com/stiliyan-petrov/profil/spieler/3252,3252,Stiliyan Petrov,Midfield - Central Midfield,N/A,Success
Kevin Phillips,https://www.transfermarkt.com/kevin-phillips/profil/spieler/3131,3131,Kevin Phillips,Attack - Centre-Forward,N/A,Success
Matt Phillips,https://www.transfermarkt.com/matt-phillips/profil/spieler/77274,77274,Matt Phillips,Attack - Right Winger,Stevenage,Success
Steven Pienaar,https://www.transfermarkt.com/steven-pienaar/profil/spieler/4321,4321,Steven Pienaar,Midfield - Left Midfield,N/A,Success
Robert Pirès,https://www.transfermarkt.com/robert-pirs/profil/spieler/3185,3185,Robert Pirès,Midfield - Left Midfield,N/A,Success
Mike Pollitt,https://www.transfermarkt.com/mike-pollitt/profil/spieler/32217,32217,Mike Pollitt,Goalkeeper,N/A,Success
Christian Poulsen,https://www.transfermarkt.com/christian-poulsen/profil/spieler/1443,1443,Christian Poulsen,Midfield - Defensive Midfield,N/A,Success
Danny Pugh,https://www.transfermarkt.com/danny-pugh/profil/spieler/3546,3546,Danny Pugh,Defender - Left-Back,N/A,Success
Jason Puncheon,https://www.transfermarkt.com/jason-puncheon/profil/spieler/47995,47995,Jason Puncheon,Midfield - Central Midfield,N/A,Success
Paul Rachubka,https://www.transfermarkt.com/paul-rachubka/profil/spieler/4098,4098,Paul Rachubka,Goalkeeper,N/A,Success
Ramires,https://www.transfermarkt.com/ramires/profil/spieler/54170,54170,Ramires,Midfield - Central Midfield,N/A,Success
Aaron Ramsey,https://www.transfermarkt.com/aaron-ramsey/profil/spieler/50057,50057,Aaron Ramsey,Midfield - Central Midfield,Without Club,Success
Nile Ranger,https://www.transfermarkt.com/nile-ranger/profil/spieler/88750,88750,Nile Ranger,Attack - Centre-Forward,Chatham,Success
Andy Reid,https://www.transfermarkt.com/andy-reid/profil/spieler/10008,10008,Andy Reid,Midfield - Left Midfield,N/A,Success
Steven Reid,https://www.transfermarkt.com/steven-reid/profil/spieler/7330,7330,Steven Reid,Defender - Right-Back,N/A,Success
Winston Reid,https://www.transfermarkt.com/winston-reid/profil/spieler/37526,37526,Winston Reid,Defender - Centre-Back,N/A,Success
Pepe Reina,https://www.transfermarkt.com/pepe-reina/profil/spieler/7825,7825,Pepe Reina,Goalkeeper,N/A,Success
Nigel Reo-Coker,https://www.transfermarkt.com/nigel-reo-coker/profil/spieler/14060,14060,Nigel Reo-Coker,Midfield - Central Midfield,N/A,Success
Micah Richards,https://www.transfermarkt.com/micah-richards/profil/spieler/32617,32617,Micah Richards,Defender - Right-Back,N/A,Success
Kieran Richardson,https://www.transfermarkt.com/kieran-richardson/profil/spieler/3548,3548,Kieran Richardson,Defender - Left-Back,N/A,Success
Sam Ricketts,https://www.transfermarkt.com/sam-ricketts/profil/spieler/30434,30434,Sam Ricketts,Defender - Right-Back,N/A,Success
Liam Ridgewell,https://www.transfermarkt.com/liam-ridgewell/profil/spieler/4070,4070,Liam Ridgewell,Defender - Centre-Back,N/A,Success
Cristian Riveros,https://www.transfermarkt.com/cristian-riveros/profil/spieler/37713,37713,Cristian Riveros,Midfield - Defensive Midfield,N/A,Success
Jason Roberts,https://www.transfermarkt.com/jason-roberts/profil/spieler/3666,3666,Jason Roberts,Attack - Centre-Forward,N/A,Success
Paul Robinson,https://www.transfermarkt.com/paul-robinson/profil/spieler/3630,3630,Paul Robinson,Goalkeeper,N/A,Success
Rubén Rochina,https://www.transfermarkt.com/rubn-rochina/profil/spieler/67548,67548,Rubén Rochina,Attack - Right Winger,N/A,Success
Hugo Rodallega,https://www.transfermarkt.com/hugo-rodallega/profil/spieler/37934,37934,Hugo Rodallega,Attack - Centre-Forward,Indep. Santa Fe,Success
Maxi Rodríguez,https://www.transfermarkt.com/maxi-rodrguez/profil/spieler/7895,7895,Maxi Rodríguez,Attack - Left Winger,N/A,Success
Jack Rodwell,https://www.transfermarkt.com/jack-rodwell/profil/spieler/57079,57079,Jack Rodwell,Defender - Centre-Back,N/A,Success
Wayne Rooney,https://www.transfermarkt.com/wayne-rooney/profil/spieler/3332,3332,Wayne Rooney,Attack - Centre-Forward,N/A,Success
Danny Rose,https://www.transfermarkt.com/danny-rose/profil/spieler/50174,50174,Danny Rose,Defender - Left-Back,N/A,Success
Tomáš Rosický,https://www.transfermarkt.com/tom-rosick/profil/spieler/132,132,Tomas Rosicky,Midfield - Attacking Midfield,N/A,Success
Wayne Routledge,https://www.transfermarkt.com/wayne-routledge/profil/spieler/14066,14066,Wayne Routledge,Attack - Left Winger,N/A,Success
Bacary Sagna,https://www.transfermarkt.com/bacary-sagna/profil/spieler/26764,26764,Bacary Sagna,Defender - Right-Back,N/A,Success
Louis Saha,https://www.transfermarkt.com/louis-saha/profil/spieler/4015,4015,Louis Saha,Attack - Centre-Forward,N/A,Success
Carlos Salcido,https://www.transfermarkt.com/carlos-salcido/profil/spieler/31434,31434,Carlos Salcido,Defender - Centre-Back,N/A,Success
Míchel Salgado,https://www.transfermarkt.com/mchel-salgado/profil/spieler/7515,7515,Míchel Salgado,Defender - Right-Back,N/A,Success
Christopher Samba,https://www.transfermarkt.com/christopher-samba/profil/spieler/29016,29016,Christopher Samba,Defender - Centre-Back,N/A,Success
Conor Sammon,https://www.transfermarkt.com/conor-sammon/profil/spieler/68331,68331,Conor Sammon,Attack - Centre-Forward,Alloa Athletic,Success
Tuncay Şanlı,https://www.transfermarkt.com/tuncay-anl/profil/spieler/6934,6934,Tuncay Şanlı,Attack - Left Winger,N/A,Success
Roque Santa Cruz,https://www.transfermarkt.com/roque-santa-cruz/profil/spieler/215,215,Roque Santa Cruz,Attack - Centre-Forward,Nacional,Success
Paul Scharner,https://www.transfermarkt.com/paul-scharner/profil/spieler/2953,2953,Paul Scharner,Midfield - Defensive Midfield,N/A,Success
Paul Scholes,https://www.transfermarkt.com/paul-scholes/profil/spieler/3397,3397,Paul Scholes,Midfield - Central Midfield,N/A,Success
Mark Schwarzer,https://www.transfermarkt.com/mark-schwarzer/profil/spieler/3357,3357,Mark Schwarzer,Goalkeeper,N/A,Success
Freddie Sears,https://www.transfermarkt.com/freddie-sears/profil/spieler/70714,70714,Freddie Sears,Attack - Second Striker,Maldon/Tiptree,Success
Philippe Senderos,https://www.transfermarkt.com/philippe-senderos/profil/spieler/4277,4277,Philippe Senderos,Defender - Centre-Back,N/A,Success
Stéphane Sessègnon,https://www.transfermarkt.com/stphane-sessgnon/profil/spieler/37157,37157,Stéphane Sessègnon,Midfield - Attacking Midfield,N/A,Success
Ryan Shawcross,https://www.transfermarkt.com/ryan-shawcross/profil/spieler/45861,45861,Ryan Shawcross,Defender - Centre-Back,N/A,Success
Jonjo Shelvey,https://www.transfermarkt.com/jonjo-shelvey/profil/spieler/71292,71292,Jonjo Shelvey,Midfield - Central Midfield,Arabian Falcons,Success
Nicky Shorey,https://www.transfermarkt.com/nicky-shorey/profil/spieler/13426,13426,Nicky Shorey,Defender - Left-Back,N/A,Success
Ryan Shotton,https://www.transfermarkt.com/ryan-shotton/profil/spieler/92109,92109,Ryan Shotton,Defender - Centre-Back,Without Club,Success
Mamady Sidibé,https://www.transfermarkt.com/mamady-sidib/profil/spieler/14069,14069,Mamady Sidibé,Attack - Centre-Forward,N/A,Success
Steve Sidwell,https://www.transfermarkt.com/steve-sidwell/profil/spieler/13427,13427,Steve Sidwell,Midfield - Central Midfield,N/A,Success
David Silva,https://www.transfermarkt.com/david-silva/profil/spieler/35518,35518,David Silva,Midfield - Attacking Midfield,N/A,Success
Danny Simpson,https://www.transfermarkt.com/danny-simpson/profil/spieler/37442,37442,Danny Simpson,Defender - Right-Back,N/A,Success
Martin Škrtel,https://www.transfermarkt.com/martin-krtel/profil/spieler/24180,24180,Martin Skrtel,Defender - Centre-Back,Raztocno,Success
Chris Smalling,https://www.transfermarkt.com/chris-smalling/profil/spieler/103427,103427,Chris Smalling,Defender - Centre-Back,Al-Fayha,Success
Keith Southern,https://www.transfermarkt.com/keith-southern/profil/spieler/44986,44986,Keith Southern,Midfield - Central Midfield,N/A,Success
Jay Spearing,https://www.transfermarkt.com/jay-spearing/profil/spieler/52111,52111,Jay Spearing,Midfield - Defensive Midfield,Liverpool U21,Success
Jonathan Spector,https://www.transfermarkt.com/jonathan-spector/profil/spieler/24637,24637,Jonathan Spector,Defender - Centre-Back,N/A,Success
Jordan Spence,https://www.transfermarkt.com/jordan-spence/profil/spieler/61588,61588,Jordan Spence,Defender - Right-Back,N/A,Success
Sébastien Squillaci,https://www.transfermarkt.com/sbastien-squillaci/profil/spieler/5293,5293,Sébastien Squillaci,Defender - Centre-Back,N/A,Success
Ronnie Stam,https://www.transfermarkt.com/ronnie-stam/profil/spieler/24877,24877,Ronnie Stam,Defender - Right-Back,N/A,Success
Junior Stanislas,https://www.transfermarkt.com/junior-stanislas/profil/spieler/87672,87672,Junior Stanislas,Attack - Left Winger,N/A,Success
Richard Stearman,https://www.transfermarkt.com/richard-stearman/profil/spieler/34349,34349,Richard Stearman,Defender - Centre-Back,N/A,Success
Grétar Steinsson,https://www.transfermarkt.com/grtar-steinsson/profil/spieler/30304,30304,Grétar Steinsson,Defender - Right-Back,N/A,Success
David Stockdale,https://www.transfermarkt.com/david-stockdale/profil/spieler/67339,67339,David Stockdale,Goalkeeper,N/A,Success
Daniel Sturridge,https://www.transfermarkt.com/daniel-sturridge/profil/spieler/47082,47082,Daniel Sturridge,Attack - Centre-Forward,N/A,Success
Luis Suárez,https://www.transfermarkt.com/luis-surez/profil/spieler/44352,44352,Luis Suárez,Attack - Centre-Forward,Miami,Success
Ludovic Sylvestre,https://www.transfermarkt.com/ludovic-sylvestre/profil/spieler/43248,43248,Ludovic Sylvestre,Midfield - Central Midfield,N/A,Success
Wojciech Szczęsny,https://www.transfermarkt.com/wojciech-szczsny/profil/spieler/44058,44058,Wojciech Szczęsny,Goalkeeper,Barcelona,Success
Thomas Sørensen,https://www.transfermarkt.com/thomas-srensen/profil/spieler/3473,3473,Thomas Sörensen,Goalkeeper,N/A,Success
Gabriel Tamaș,https://www.transfermarkt.com/gabriel-tama/profil/spieler/6893,6893,Gabriel Tamaș,Defender - Centre-Back,N/A,Success
Matthew Taylor,https://www.transfermarkt.com/matthew-taylor/profil/spieler/9218,9218,Matthew Taylor,Midfield - Left Midfield,N/A,Success
Ryan Taylor,https://www.transfermarkt.com/ryan-taylor/profil/spieler/33785,33785,Ryan Taylor,Defender - Right-Back,N/A,Success
Steven Taylor,https://www.transfermarkt.com/steven-taylor/profil/spieler/17273,17273,Steven Taylor,Defender - Centre-Back,N/A,Success
Gary Taylor-Fletcher,https://www.transfermarkt.com/gary-taylor-fletcher/profil/spieler/49101,49101,Gary Taylor-Fletcher,Attack - Right Winger,N/A,Success
Somen Tchoyi,https://www.transfermarkt.com/somen-tchoyi/profil/spieler/37058,37058,Somen Tchoyi,Midfield - Attacking Midfield,SF Ow./Bf.,Success
John Terry,https://www.transfermarkt.com/john-terry/profil/spieler/3160,3160,John Terry,Defender - Centre-Back,N/A,Success
Carlos Tevez,https://www.transfermarkt.com/carlos-tevez/profil/spieler/4276,4276,Carlos Tevez,Attack - Centre-Forward,N/A,Success
Hendry Thomas,https://www.transfermarkt.com/hendry-thomas/profil/spieler/62275,62275,Hendry Thomas,Midfield - Defensive Midfield,N/A,Success
Jerome Thomas,https://www.transfermarkt.com/jerome-thomas/profil/spieler/3560,3560,Jerome Thomas,Attack - Left Winger,N/A,Success
George Thorne,https://www.transfermarkt.com/george-thorne/profil/spieler/128910,128910,George Thorne,Midfield - Central Midfield,St. Neots Town,Success
Cheick Tioté,https://www.transfermarkt.com/cheick-tiot/profil/spieler/33478,33478,Cheik Tioté,Midfield - Defensive Midfield,N/A,Success
James Tomkins,https://www.transfermarkt.com/james-tomkins/profil/spieler/61592,61592,James Tomkins,Defender - Centre-Back,N/A,Success
Michael Tonge,https://www.transfermarkt.com/michael-tonge/profil/spieler/13544,13544,Michael Tonge,Midfield - Central Midfield,N/A,Success
Fernando Torres,https://www.transfermarkt.com/fernando-torres/profil/spieler/7767,7767,Fernando Torres,Attack - Centre-Forward,N/A,Success
Kolo Touré,https://www.transfermarkt.com/kolo-tour/profil/spieler/3202,3202,Kolo Touré,Defender - Centre-Back,N/A,Success
Yaya Touré,https://www.transfermarkt.com/yaya-tour/profil/spieler/13091,13091,Yaya Touré,Midfield - Central Midfield,N/A,Success
Michael Turner,https://www.transfermarkt.com/michael-turner/profil/spieler/12127,12127,Michael Turner,Defender - Centre-Back,N/A,Success
Antonio Valencia,https://www.transfermarkt.com/antonio-valencia/profil/spieler/33544,33544,Antonio Valencia,Defender - Right-Back,N/A,Success
Jelle Van Damme,https://www.transfermarkt.com/jelle-van-damme/profil/spieler/4323,4323,Jelle Van Damme,Defender - Centre-Back,N/A,Success
Luke Varney,https://www.transfermarkt.com/luke-varney/profil/spieler/14177,14177,Luke Varney,Attack - Centre-Forward,N/A,Success
David Vaughan,https://www.transfermarkt.com/david-vaughan/profil/spieler/14178,14178,David Vaughan,Midfield - Defensive Midfield,N/A,Success
James Vaughan,https://www.transfermarkt.com/james-vaughan/profil/spieler/30471,30471,James Vaughan,Attack - Centre-Forward,N/A,Success
Carlos Vela,https://www.transfermarkt.com/carlos-vela/profil/spieler/35773,35773,Carlos Vela,Attack - Right Winger,N/A,Success
Apostolos Vellios,https://www.transfermarkt.com/apostolos-vellios/profil/spieler/124495,124495,Apostolos Vellios,Attack - Centre-Forward,Niki Volou,Success
Thomas Vermaelen,https://www.transfermarkt.com/thomas-vermaelen/profil/spieler/15904,15904,Thomas Vermaelen,Defender - Centre-Back,N/A,Success
Nemanja Vidić,https://www.transfermarkt.com/nemanja-vidi/profil/spieler/19726,19726,Nemanja Vidic‎,Defender - Centre-Back,N/A,Success
Patrick Vieira,https://www.transfermarkt.com/patrick-vieira/profil/spieler/3183,3183,Patrick Vieira,Midfield - Defensive Midfield,N/A,Success
Sam Vokes,https://www.transfermarkt.com/sam-vokes/profil/spieler/48078,48078,Sam Vokes,Attack - Centre-Forward,Gillingham,Success
Reece Wabara,https://www.transfermarkt.com/reece-wabara/profil/spieler/121416,121416,Reece Wabara,Defender - Right-Back,N/A,Success
Martyn Waghorn,https://www.transfermarkt.com/martyn-waghorn/profil/spieler/61674,61674,Martyn Waghorn,Attack - Centre-Forward,Anstey Nomads,Success
Theo Walcott,https://www.transfermarkt.com/theo-walcott/profil/spieler/33713,33713,Theo Walcott,Attack - Right Winger,N/A,Success
Kyle Walker,https://www.transfermarkt.com/kyle-walker/profil/spieler/95424,95424,Kyle Walker,Defender - Right-Back,Burnley,Success
Jonathan Walters,https://www.transfermarkt.com/jonathan-walters/profil/spieler/3306,3306,Jonathan Walters,Attack - Right Winger,N/A,Success
Stephen Ward,https://www.transfermarkt.com/stephen-ward/profil/spieler/34691,34691,Stephen Ward,Defender - Left-Back,N/A,Success
Stephen Warnock,https://www.transfermarkt.com/stephen-warnock/profil/spieler/3308,3308,Stephen Warnock,Defender - Left-Back,N/A,Success
Ben Watson,https://www.transfermarkt.com/ben-watson/profil/spieler/14081,14081,Ben Watson,Midfield - Central Midfield,N/A,Success
Andreas Weimann,https://www.transfermarkt.com/andreas-weimann/profil/spieler/49693,49693,Andreas Weimann,Midfield - Attacking Midfield,Rapid Vienna,Success
Danny Welbeck,https://www.transfermarkt.com/danny-welbeck/profil/spieler/67063,67063,Danny Welbeck,Attack - Centre-Forward,Brighton,Success
David Wheater,https://www.transfermarkt.com/david-wheater/profil/spieler/29199,29199,David Wheater,Defender - Centre-Back,N/A,Success
Glenn Whelan,https://www.transfermarkt.com/glenn-whelan/profil/spieler/12124,12124,Glenn Whelan,Midfield - Defensive Midfield,N/A,Success
Dean Whitehead,https://www.transfermarkt.com/dean-whitehead/profil/spieler/13683,13683,Dean Whitehead,Midfield - Central Midfield,N/A,Success
Andy Wilkinson,https://www.transfermarkt.com/andy-wilkinson/profil/spieler/13616,13616,Andy Wilkinson,Defender - Right-Back,N/A,Success
Mike Williamson,https://www.transfermarkt.com/mike-williamson/profil/spieler/10642,10642,Mike Williamson,Defender - Centre-Back,N/A,Success
Jack Wilshere,https://www.transfermarkt.com/jack-wilshere/profil/spieler/74223,74223,Jack Wilshere,Midfield - Central Midfield,N/A,Success
Danny Wilson,https://www.transfermarkt.com/danny-wilson/profil/spieler/103819,103819,Danny Wilson,Defender - Centre-Back,Livingston FC,Success
Marc Wilson,https://www.transfermarkt.com/marc-wilson/profil/spieler/30456,30456,Marc Wilson,Defender - Centre-Back,N/A,Success
Chris Wood,https://www.transfermarkt.com/chris-wood/profil/spieler/108725,108725,Chris Wood,Attack - Centre-Forward,Nott'm Forest,Success
Shaun Wright-Phillips,https://www.transfermarkt.com/shaun-wright-phillips/profil/spieler/3467,3467,Shaun Wright-Phillips,Attack - Right Winger,N/A,Success
Ashley Young,https://www.transfermarkt.com/ashley-young/profil/spieler/14086,14086,Ashley Young,Defender - Right-Back,Ipswich,Success
Luke Young,https://www.transfermarkt.com/luke-young/profil/spieler/3271,3271,Luke Young,Defender - Right-Back,N/A,Success
Pablo Zabaleta,https://www.transfermarkt.com/pablo-zabaleta/profil/spieler/20007,20007,Pablo Zabaleta,Defender - Right-Back,N/A,Success
Bobby Zamora,https://www.transfermarkt.com/bobby-zamora/profil/spieler/4205,4205,Bobby Zamora,Attack - Centre-Forward,N/A,Success
Boudewijn Zenden,https://www.transfermarkt.com/boudewijn-zenden/profil/spieler/3173,3173,Boudewijn Zenden,Attack - Left Winger,N/A,Success
Nikola Žigić,https://www.transfermarkt.com/nikola-igi/profil/spieler/19729,19729,Nikola Zigic,Attack - Centre-Forward,N/A,Success
Ronald Zubar,https://www.transfermarkt.com/ronald-zubar/profil/spieler/22645,22645,Ronald Zubar,Defender - Centre-Back,N/A,Success
Gianni Zuiverloon,https://www.transfermarkt.com/gianni-zuiverloon/profil/spieler/27304,27304,Gianni Zuiverloon,Defender - Centre-Back,N/A,Success
Patrick van Aanholt,https://www.transfermarkt.com/patrick-van-aanholt/profil/spieler/52119,52119,Patrick van Aanholt,Defender - Left-Back,Sparta R.,Success
Sergio Agüero,https://www.transfermarkt.com/sergio-agero/profil/spieler/26399,26399,Sergio Agüero,Attack - Centre-Forward,N/A,Success
Kemy Agustien,https://www.transfermarkt.com/kemy-agustien/profil/spieler/24862,24862,Kemy Agustien,Midfield - Central Midfield,N/A,Success
Joe Allen,https://www.transfermarkt.com/joe-allen/profil/spieler/51452,51452,Joe Allen,Midfield - Central Midfield,N/A,Success
Ben Amos,https://www.transfermarkt.com/ben-amos/profil/spieler/73472,73472,Ben Amos,Goalkeeper,Port Vale,Success
John Arne Riise,https://www.transfermarkt.com/john-arne-riise/profil/spieler/3220,3220,John Arne Riise,Defender - Left-Back,N/A,Success
Daniel Ayala,https://www.transfermarkt.com/daniel-ayala/profil/spieler/78966,78966,Daniel Ayala,Defender - Centre-Back,Without Club,Success
Ross Barkley,https://www.transfermarkt.com/ross-barkley/profil/spieler/131978,131978,Ross Barkley,Midfield - Central Midfield,Aston Villa,Success
Leon Barnett,https://www.transfermarkt.com/leon-barnett/profil/spieler/33484,33484,Leon Barnett,Defender - Centre-Back,N/A,Success
Craig Bellamy,https://www.transfermarkt.com/craig-bellamy/profil/spieler/3297,3297,Craig Bellamy,Attack - Left Winger,N/A,Success
Elliott Bennett,https://www.transfermarkt.com/elliott-bennett/profil/spieler/43193,43193,Elliott Bennett,Midfield - Right Midfield,N/A,Success
Ryan Bennett,https://www.transfermarkt.com/ryan-bennett/profil/spieler/67252,67252,Ryan Bennett,Defender - Centre-Back,N/A,Success
Federico Bessone,https://www.transfermarkt.com/federico-bessone/profil/spieler/57973,57973,Fede Bessone,Defender - Left-Back,N/A,Success
Nick Blackman,https://www.transfermarkt.com/nick-blackman/profil/spieler/67369,67369,Nick Blackman,Attack - Centre-Forward,Without Club,Success
Jay Bothroyd,https://www.transfermarkt.com/jay-bothroyd/profil/spieler/8188,8188,Jay Bothroyd,Attack - Centre-Forward,N/A,Success
Leon Britton,https://www.transfermarkt.com/leon-britton/profil/spieler/40043,40043,Leon Britton,Midfield - Central Midfield,N/A,Success
Ákos Buzsáky,https://www.transfermarkt.com/kos-buzsky/profil/spieler/13878,13878,Ákos Buzsáky,Midfield - Central Midfield,N/A,Success
Yohan Cabaye,https://www.transfermarkt.com/yohan-cabaye/profil/spieler/29434,29434,Yohan Cabaye,Midfield - Central Midfield,N/A,Success
Samir Carruthers,https://www.transfermarkt.com/samir-carruthers/profil/spieler/146488,146488,Samir Carruthers,Midfield - Central Midfield,Dartford,Success
Steven Caulker,https://www.transfermarkt.com/steven-caulker/profil/spieler/121280,121280,Steven Caulker,Defender - Centre-Back,N/A,Success
Radek Černý,https://www.transfermarkt.com/radek-ern/profil/spieler/21010,21010,Radek Cerny,Goalkeeper,N/A,Success
Djibril Cissé,https://www.transfermarkt.com/djibril-ciss/profil/spieler/3966,3966,Djibril Cissé,Attack - Centre-Forward,N/A,Success
Papiss Cissé,https://www.transfermarkt.com/papiss-ciss/profil/spieler/33952,33952,Papiss Demba Cissé,Attack - Centre-Forward,Wythenshawe,Success
Sebastián Coates,https://www.transfermarkt.com/sebastin-coates/profil/spieler/102427,102427,Sebastián Coates,Defender - Centre-Back,Nacional,Success
Matthew Connolly,https://www.transfermarkt.com/matthew-connolly/profil/spieler/34559,34559,Matthew Connolly,Defender - Centre-Back,N/A,Success
Francis Coquelin,https://www.transfermarkt.com/francis-coquelin/profil/spieler/74869,74869,Francis Coquelin,Midfield - Defensive Midfield,FC Nantes,Success
Andrew Crofts,https://www.transfermarkt.com/andrew-crofts/profil/spieler/14003,14003,Andrew Crofts,Midfield - Central Midfield,N/A,Success
Albert Crusat,https://www.transfermarkt.com/albert-crusat/profil/spieler/51536,51536,Albert Crusat,Attack - Left Winger,N/A,Success
David Davis,https://www.transfermarkt.com/david-davis/profil/spieler/129054,129054,David Davis,Midfield - Central Midfield,Kidderminster,Success
Craig Dawson,https://www.transfermarkt.com/craig-dawson/profil/spieler/121477,121477,Craig Dawson,Defender - Centre-Back,Without Club,Success
Ritchie De Laet,https://www.transfermarkt.com/ritchie-de-laet/profil/spieler/55687,55687,Ritchie De Laet,Defender - Right-Back,N/A,Success
Shaun Derry,https://www.transfermarkt.com/shaun-derry/profil/spieler/14007,14007,Shaun Derry,Midfield - Defensive Midfield,N/A,Success
Samba Diakité,https://www.transfermarkt.com/samba-diakit/profil/spieler/136589,136589,Samba Diakité,Midfield - Defensive Midfield,N/A,Success
Mahamadou Diarra,https://www.transfermarkt.com/mahamadou-diarra/profil/spieler/5352,5352,Mahamadou Diarra,Midfield - Defensive Midfield,N/A,Success
Stephen Dobbie,https://www.transfermarkt.com/stephen-dobbie/profil/spieler/12693,12693,Stephen Dobbie,Attack - Centre-Forward,N/A,Success
Matt Doherty,https://www.transfermarkt.com/matt-doherty/profil/spieler/171679,171679,Matt Doherty,Defender - Right-Back,Wolves,Success
Landon Donovan,https://www.transfermarkt.com/landon-donovan/profil/spieler/68,68,Landon Donovan,Attack - Centre-Forward,N/A,Success
Royston Drenthe,https://www.transfermarkt.com/royston-drenthe/profil/spieler/35631,35631,Royston Drenthe,Midfield - Left Midfield,N/A,Success
Adam Drury,https://www.transfermarkt.com/adam-drury/profil/spieler/11663,11663,Adam Drury,Defender - Left-Back,N/A,Success
Shane Duffy,https://www.transfermarkt.com/shane-duffy/profil/spieler/119269,119269,Shane Duffy,Defender - Centre-Back,Norwich,Success
Nathan Dyer,https://www.transfermarkt.com/nathan-dyer/profil/spieler/37011,37011,Nathan Dyer,Attack - Right Winger,N/A,Success
Chris Eagles,https://www.transfermarkt.com/chris-eagles/profil/spieler/24635,24635,Chris Eagles,Attack - Right Winger,N/A,Success
Hogan Ephraim,https://www.transfermarkt.com/hogan-ephraim/profil/spieler/31883,31883,Hogan Ephraim,Midfield - Left Midfield,N/A,Success
Alejandro Faurlín,https://www.transfermarkt.com/alejandro-faurln/profil/spieler/88067,88067,Alejandro Faurlín,Midfield - Central Midfield,N/A,Success
Anthony Forde,https://www.transfermarkt.com/anthony-forde/profil/spieler/146494,146494,Anthony Forde,Midfield - Right Midfield,Altrincham,Success
Mauro Formica,https://www.transfermarkt.com/mauro-formica/profil/spieler/55870,55870,Mauro Formica,Midfield - Attacking Midfield,N/A,Success
David Fox,https://www.transfermarkt.com/david-fox/profil/spieler/4219,4219,David Fox,Midfield - Central Midfield,N/A,Success
Kerim Frei,https://www.transfermarkt.com/kerim-frei/profil/spieler/146844,146844,Kerim Frei,Attack - Left Winger,Batman Petrol,Success
Emmanuel Frimpong,https://www.transfermarkt.com/emmanuel-frimpong/profil/spieler/93056,93056,Emmanuel Frimpong,Midfield - Defensive Midfield,N/A,Success
Zeki Fryers,https://www.transfermarkt.com/zeki-fryers/profil/spieler/141655,141655,Zeki Fryers,Defender - Left-Back,N/A,Success
Márton Fülöp,https://www.transfermarkt.com/mrton-flp/profil/spieler/17879,17879,Márton Fülöp,Goalkeeper,N/A,Success
Gary Gardner,https://www.transfermarkt.com/gary-gardner/profil/spieler/110861,110861,Gary Gardner,Midfield - Central Midfield,Without Club,Success
David de Gea,https://www.transfermarkt.com/david-de-gea/profil/spieler/59377,59377,David de Gea,Goalkeeper,Fiorentina,Success
Marcel Gecov,https://www.transfermarkt.com/marcel-gecov/profil/spieler/34534,34534,Marcel Gecov,Midfield - Central Midfield,N/A,Success
Gervinho,https://www.transfermarkt.com/gervinho/profil/spieler/33481,33481,Gervinho,Attack - Left Winger,N/A,Success
Shay Given,https://www.transfermarkt.com/shay-given/profil/spieler/3146,3146,Shay Given,Goalkeeper,N/A,Success
David Goodwillie,https://www.transfermarkt.com/david-goodwillie/profil/spieler/37677,37677,David Goodwillie,Attack - Centre-Forward,Glasgow United,Success
Johnny Gorman,https://www.transfermarkt.com/johnny-gorman/profil/spieler/145488,145488,Johnny Gorman,Attack - Left Winger,N/A,Success
Mark Gower,https://www.transfermarkt.com/mark-gower/profil/spieler/39700,39700,Mark Gower,Midfield - Central Midfield,N/A,Success
Danny Graham,https://www.transfermarkt.com/danny-graham/profil/spieler/29152,29152,Danny Graham,Attack - Centre-Forward,N/A,Success
Zdeněk Grygera,https://www.transfermarkt.com/zdenk-grygera/profil/spieler/6833,6833,Zdenek Grygera,Defender - Right-Back,N/A,Success
Brad Guzan,https://www.transfermarkt.com/brad-guzan/profil/spieler/39471,39471,Brad Guzan,Goalkeeper,N/A,Success
Fitz Hall,https://www.transfermarkt.com/fitz-hall/profil/spieler/6580,6580,Fitz Hall,Defender - Centre-Back,N/A,Success
Michael Harriman,https://www.transfermarkt.com/michael-harriman/profil/spieler/155233,155233,Michael Harriman,Defender - Centre-Back,Without Club,Success
Heiðar Helguson,https://www.transfermarkt.com/heiar-helguson/profil/spieler/9886,9886,Heidar Helguson,Attack - Centre-Forward,N/A,Success
Adam Henley,https://www.transfermarkt.com/adam-henley/profil/spieler/173585,173585,Adam Henley,Defender - Right-Back,Chorley,Success
Thierry Henry,https://www.transfermarkt.com/thierry-henry/profil/spieler/3207,3207,Thierry Henry,Attack - Centre-Forward,N/A,Success
Henrique Hilário,https://www.transfermarkt.com/henrique-hilrio/profil/spieler/13886,13886,Hilário,Goalkeeper,N/A,Success
Clint Hill,https://www.transfermarkt.com/clint-hill/profil/spieler/13583,13583,Clint Hill,Defender - Centre-Back,N/A,Success
Grant Holt,https://www.transfermarkt.com/grant-holt/profil/spieler/13412,13412,Grant Holt,Attack - Centre-Forward,N/A,Success
Wes Hoolahan,https://www.transfermarkt.com/wes-hoolahan/profil/spieler/24589,24589,Wes Hoolahan,Midfield - Attacking Midfield,Doncaster City,Success
Jonny Howson,https://www.transfermarkt.com/jonny-howson/profil/spieler/45395,45395,Jonathan Howson,Midfield - Central Midfield,Leeds U21,Success
Sam Hutchinson,https://www.transfermarkt.com/sam-hutchinson/profil/spieler/40617,40617,Sam Hutchinson,Midfield - Defensive Midfield,AFC Wimbledon,Success
Carl Ikeme,https://www.transfermarkt.com/carl-ikeme/profil/spieler/26412,26412,Carl Ikeme,Goalkeeper,N/A,Success
Simeon Jackson,https://www.transfermarkt.com/simeon-jackson/profil/spieler/44913,44913,Simeon Jackson,Attack - Centre-Forward,N/A,Success
Nikica Jelavić,https://www.transfermarkt.com/nikica-jelavi/profil/spieler/25742,25742,Nikica Jelavic,Attack - Centre-Forward,N/A,Success
Carl Jenkinson,https://www.transfermarkt.com/carl-jenkinson/profil/spieler/126321,126321,Carl Jenkinson,Defender - Right-Back,Bromley,Success
Bradley Johnson,https://www.transfermarkt.com/bradley-johnson/profil/spieler/49327,49327,Bradley Johnson,Midfield - Central Midfield,N/A,Success
Billy Jones,https://www.transfermarkt.com/billy-jones/profil/spieler/36866,36866,Billy Jones,Defender - Right-Back,N/A,Success
Brad Jones,https://www.transfermarkt.com/brad-jones/profil/spieler/4042,4042,Brad Jones,Goalkeeper,N/A,Success
Alexander Kačaniklić,https://www.transfermarkt.com/alexander-kaanikli/profil/spieler/51040,51040,Alexander Kacaniklic,Attack - Right Winger,N/A,Success
Pajtim Kasami,https://www.transfermarkt.com/pajtim-kasami/profil/spieler/130108,130108,Pajtim Kasami,Midfield - Central Midfield,FC Winterthur,Success
Jake Kean,https://www.transfermarkt.com/jake-kean/profil/spieler/121388,121388,Jake Kean,Goalkeeper,N/A,Success
Will Keane,https://www.transfermarkt.com/will-keane/profil/spieler/118535,118535,Will Keane,Attack - Centre-Forward,Reading,Success
Paddy Kenny,https://www.transfermarkt.com/paddy-kenny/profil/spieler/13524,13524,Paddy Kenny,Goalkeeper,N/A,Success
Matthew Kilgallon,https://www.transfermarkt.com/matthew-kilgallon/profil/spieler/4095,4095,Matthew Kilgallon,Defender - Centre-Back,N/A,Success
Cameron Lancaster,https://www.transfermarkt.com/cameron-lancaster/profil/spieler/182660,182660,Cameron Lancaster,Attack - Centre-Forward,Lexington SC,Success
Henri Lansbury,https://www.transfermarkt.com/henri-lansbury/profil/spieler/44794,44794,Henri Lansbury,Midfield - Central Midfield,N/A,Success
Simon Lappin,https://www.transfermarkt.com/simon-lappin/profil/spieler/14792,14792,Simon Lappin,Midfield - Central Midfield,N/A,Success
Anders Lindegaard,https://www.transfermarkt.com/anders-lindegaard/profil/spieler/22491,22491,Anders Lindegaard,Goalkeeper,N/A,Success
Leroy Lita,https://www.transfermarkt.com/leroy-lita/profil/spieler/20975,20975,Leroy Lita,Attack - Centre-Forward,Barwell,Success
Jake Livermore,https://www.transfermarkt.com/jake-livermore/profil/spieler/61832,61832,Jake Livermore,Midfield - Defensive Midfield,N/A,Success
Shane Long,https://www.transfermarkt.com/shane-long/profil/spieler/37304,37304,Shane Long,Attack - Centre-Forward,N/A,Success
Romelu Lukaku,https://www.transfermarkt.com/romelu-lukaku/profil/spieler/96341,96341,Romelu Lukaku,Attack - Centre-Forward,Napoli,Success
Jamie Mackie,https://www.transfermarkt.com/jamie-mackie/profil/spieler/15929,15929,Jamie Mackie,Attack - Centre-Forward,N/A,Success
Stefan Maierhofer,https://www.transfermarkt.com/stefan-maierhofer/profil/spieler/32660,32660,Stefan Maierhofer,Attack - Centre-Forward,N/A,Success
Shaun Maloney,https://www.transfermarkt.com/shaun-maloney/profil/spieler/9508,9508,Shaun Maloney,Midfield - Attacking Midfield,N/A,Success
Russell Martin,https://www.transfermarkt.com/russell-martin/profil/spieler/67303,67303,Russell Martin,Defender - Centre-Back,N/A,Success
Sylvain Marveaux,https://www.transfermarkt.com/sylvain-marveaux/profil/spieler/39909,39909,Sylvain Marveaux,Midfield - Attacking Midfield,N/A,Success
Juan Mata,https://www.transfermarkt.com/juan-mata/profil/spieler/44068,44068,Juan Mata,Midfield - Attacking Midfield,Melb. Victory,Success
Conor McAleny,https://www.transfermarkt.com/conor-mcaleny/profil/spieler/121260,121260,Conor McAleny,Attack - Centre-Forward,Harrogate Town,Success
Gareth McAuley,https://www.transfermarkt.com/gareth-mcauley/profil/spieler/40567,40567,Gareth McAuley,Defender - Centre-Back,N/A,Success
James McClean,https://www.transfermarkt.com/james-mcclean/profil/spieler/85935,85935,James McClean,Midfield - Left Midfield,Derry City,Success
Tyrone Mears,https://www.transfermarkt.com/tyrone-mears/profil/spieler/14050,14050,Tyrone Mears,Defender - Right-Back,N/A,Success
Per Mertesacker,https://www.transfermarkt.com/per-mertesacker/profil/spieler/6710,6710,Per Mertesacker,Defender - Centre-Back,N/A,Success
Ignasi Miquel,https://www.transfermarkt.com/ignasi-miquel/profil/spieler/70245,70245,Ignasi Miquel,Defender - Centre-Back,CD Leganés,Success
Ryo Miyaichi,https://www.transfermarkt.com/ryo-miyaichi/profil/spieler/129688,129688,Ryo Miyaichi,Attack - Right Winger,Yokohama F. M.,Success
Anthony Modeste,https://www.transfermarkt.com/anthony-modeste/profil/spieler/50512,50512,Anthony Modeste,Attack - Centre-Forward,Without Club,Success
Garry Monk,https://www.transfermarkt.com/garry-monk/profil/spieler/4111,4111,Garry Monk,Defender - Centre-Back,N/A,Success
Luke Moore,https://www.transfermarkt.com/luke-moore/profil/spieler/4075,4075,Luke Moore,Attack - Centre-Forward,N/A,Success
Vangelis Moras,https://www.transfermarkt.com/vangelis-moras/profil/spieler/9850,9850,Vangelis Moras,Defender - Centre-Back,N/A,Success
Steve Morison,https://www.transfermarkt.com/steve-morison/profil/spieler/104725,104725,Steve Morison,Attack - Centre-Forward,N/A,Success
Kyle Naughton,https://www.transfermarkt.com/kyle-naughton/profil/spieler/66219,66219,Kyle Naughton,Defender - Right-Back,Without Club,Success
Marcus Olsson,https://www.transfermarkt.com/marcus-olsson/profil/spieler/72264,72264,Marcus Olsson,Defender - Left-Back,Without Club,Success
Andrea Orlandi,https://www.transfermarkt.com/andrea-orlandi/profil/spieler/29117,29117,Andrea Orlandi,Midfield - Central Midfield,N/A,Success
Bradley Orr,https://www.transfermarkt.com/bradley-orr/profil/spieler/16091,16091,Bradley Orr,Defender - Right-Back,N/A,Success
Alex Oxlade-Chamberlain,https://www.transfermarkt.com/alex-oxlade-chamberlain/profil/spieler/143424,143424,Alex Oxlade-Chamberlain,Midfield - Central Midfield,Celtic,Success
Bruno Perone,https://www.transfermarkt.com/bruno-perone/profil/spieler/67996,67996,Bruno Perone,Defender - Centre-Back,Without Club,Success
Radosav Petrović,https://www.transfermarkt.com/radosav-petrovi/profil/spieler/75296,75296,Radosav Petrovic,Defender - Centre-Back,Without Club,Success
Anthony Pilkington,https://www.transfermarkt.com/anthony-pilkington/profil/spieler/67322,67322,Anthony Pilkington,Attack - Left Winger,N/A,Success
David Pizarro,https://www.transfermarkt.com/david-pizarro/profil/spieler/5896,5896,David Pizarro,Midfield - Central Midfield,N/A,Success
Paul Pogba,https://www.transfermarkt.com/paul-pogba/profil/spieler/122153,122153,Paul Pogba,Midfield - Central Midfield,Monaco,Success
Pavel Pogrebnyak,https://www.transfermarkt.com/pavel-pogrebnyak/profil/spieler/15074,15074,Pavel Pogrebnyak,Attack - Centre-Forward,N/A,Success
Darren Pratley,https://www.transfermarkt.com/darren-pratley/profil/spieler/28957,28957,Darren Pratley,Midfield - Central Midfield,N/A,Success
Àngel Rangel,https://www.transfermarkt.com/ngel-rangel/profil/spieler/66550,66550,Ángel Rangel,Defender - Right-Back,N/A,Success
Tim Ream,https://www.transfermarkt.com/tim-ream/profil/spieler/145466,145466,Tim Ream,Defender - Centre-Back,Charlotte,Success
Jazz Richards,https://www.transfermarkt.com/jazz-richards/profil/spieler/120241,120241,Jazz Richards,Defender - Right-Back,N/A,Success
Joe Riley,https://www.transfermarkt.com/joe-riley/profil/spieler/125117,125117,Joe Riley,Defender - Right-Back,N/A,Success
Oriol Romeu,https://www.transfermarkt.com/oriol-romeu/profil/spieler/66100,66100,Oriol Romeu,Midfield - Defensive Midfield,Southampton,Success
Declan Rudd,https://www.transfermarkt.com/declan-rudd/profil/spieler/74088,74088,Declan Rudd,Goalkeeper,N/A,Success
John Ruddy,https://www.transfermarkt.com/john-ruddy/profil/spieler/29712,29712,John Ruddy,Goalkeeper,Newcastle,Success
Bryan Ruiz,https://www.transfermarkt.com/bryan-ruiz/profil/spieler/39642,39642,Bryan Ruiz,Midfield - Attacking Midfield,N/A,Success
Orlando Sá,https://www.transfermarkt.com/orlando-s/profil/spieler/64535,64535,Orlando Sá,Attack - Centre-Forward,N/A,Success
Davide Santon,https://www.transfermarkt.com/davide-santon/profil/spieler/84344,84344,Davide Santon,Defender - Left-Back,N/A,Success
André Santos,https://www.transfermarkt.com/andr-santos/profil/spieler/54275,54275,André Santos,Defender - Left-Back,N/A,Success
Stefan Savić,https://www.transfermarkt.com/stefan-savi/profil/spieler/107010,107010,Stefan Savic,Defender - Centre-Back,Trabzonspor,Success
Gylfi Sigurðsson,https://www.transfermarkt.com/gylfi-sigursson/profil/spieler/90466,90466,Gylfi Sigurdsson,Midfield - Attacking Midfield,Víkingur,Success
Scott Sinclair,https://www.transfermarkt.com/scott-sinclair/profil/spieler/31552,31552,Scott Sinclair,Attack - Left Winger,Without Club,Success
Jordan Slew,https://www.transfermarkt.com/jordan-slew/profil/spieler/164785,164785,Jordan Slew,Attack - Centre-Forward,Southport,Success
Adam Smith,https://www.transfermarkt.com/adam-smith/profil/spieler/61841,61841,Adam Smith,Defender - Right-Back,Bournemouth,Success
Marvin Sordell,https://www.transfermarkt.com/marvin-sordell/profil/spieler/120599,120599,Marvin Sordell,Attack - Centre-Forward,Uxbridge FC,Success
Raheem Sterling,https://www.transfermarkt.com/raheem-sterling/profil/spieler/134425,134425,Raheem Sterling,Attack - Right Winger,Feyenoord,Success
Denis Stracqualursi,https://www.transfermarkt.com/denis-stracqualursi/profil/spieler/92544,92544,Denis Stracqualursi,Attack - Centre-Forward,N/A,Success
Andrew Surman,https://www.transfermarkt.com/andrew-surman/profil/spieler/29975,29975,Andrew Surman,Midfield - Central Midfield,N/A,Success
Adel Taarabt,https://www.transfermarkt.com/adel-taarabt/profil/spieler/45287,45287,Adel Taarabt,Midfield - Central Midfield,Sharjah FC,Success
Taye Taiwo,https://www.transfermarkt.com/taye-taiwo/profil/spieler/28922,28922,Taye Taiwo,Defender - Left-Back,N/A,Success
Alan Tate,https://www.transfermarkt.com/alan-tate/profil/spieler/7337,7337,Alan Tate,Defender - Centre-Back,N/A,Success
Neil Taylor,https://www.transfermarkt.com/neil-taylor/profil/spieler/67416,67416,Neil Taylor,Defender - Left-Back,N/A,Success
Marc Tierney,https://www.transfermarkt.com/marc-tierney/profil/spieler/67346,67346,Marc Tierney,Defender - Left-Back,N/A,Success
Armand Traoré,https://www.transfermarkt.com/armand-traor/profil/spieler/33783,33783,Armand Traoré,Defender - Left-Back,N/A,Success
Gerhard Tremmel,https://www.transfermarkt.com/gerhard-tremmel/profil/spieler/488,488,Gerhard Tremmel,Goalkeeper,N/A,Success
Marcello Trotta,https://www.transfermarkt.com/marcello-trotta/profil/spieler/129505,129505,Marcello Trotta,Attack - Centre-Forward,Sora,Success
Ross Turnbull,https://www.transfermarkt.com/ross-turnbull/profil/spieler/29159,29159,Ross Turnbull,Goalkeeper,N/A,Success
Josh Vela,https://www.transfermarkt.com/josh-vela/profil/spieler/173804,173804,Josh Vela,Midfield - Central Midfield,Warrington,Success
Michel Vorm,https://www.transfermarkt.com/michel-vorm/profil/spieler/26276,26276,Michel Vorm,Goalkeeper,N/A,Success
Dorus de Vries,https://www.transfermarkt.com/dorus-de-vries/profil/spieler/6404,6404,Dorus de Vries,Goalkeeper,N/A,Success
Haris Vučkić,https://www.transfermarkt.com/haris-vuki/profil/spieler/76560,76560,Haris Vuckic,Attack - Second Striker,Al-Hamriyah,Success
Simon Vukčević,https://www.transfermarkt.com/simon-vukevi/profil/spieler/27239,27239,Simon Vukcevic,Attack - Right Winger,N/A,Success
Elliott Ward,https://www.transfermarkt.com/elliott-ward/profil/spieler/15838,15838,Elliott Ward,Defender - Centre-Back,N/A,Success
Keiren Westwood,https://www.transfermarkt.com/keiren-westwood/profil/spieler/15164,15164,Keiren Westwood,Goalkeeper,N/A,Success
Zak Whitbread,https://www.transfermarkt.com/zak-whitbread/profil/spieler/22230,22230,Zak Whitbread,Defender - Centre-Back,N/A,Success
Connor Wickham,https://www.transfermarkt.com/connor-wickham/profil/spieler/95435,95435,Connor Wickham,Attack - Centre-Forward,Dubai City FC,Success
Aaron Wilbraham,https://www.transfermarkt.com/aaron-wilbraham/profil/spieler/67202,67202,Aaron Wilbraham,Attack - Centre-Forward,N/A,Success
Ashley Williams,https://www.transfermarkt.com/ashley-williams/profil/spieler/67355,67355,Ashley Williams,Defender - Centre-Back,N/A,Success
Jonathan Woodgate,https://www.transfermarkt.com/jonathan-woodgate/profil/spieler/3224,3224,Jonathan Woodgate,Defender - Centre-Back,N/A,Success
Nico Yennaris,https://www.transfermarkt.com/nico-yennaris/profil/spieler/122721,122721,Nico Yennaris,Midfield - Defensive Midfield,SH Shenhua,Success
Karim El Ahmadi,https://www.transfermarkt.com/karim-el-ahmadi/profil/spieler/25523,25523,Karim El Ahmadi,Midfield - Defensive Midfield,N/A,Success
Nathan Aké,https://www.transfermarkt.com/nathan-ak/profil/spieler/177476,177476,Nathan Aké,Defender - Centre-Back,Man City,Success
Hope Akpan,https://www.transfermarkt.com/hope-akpan/profil/spieler/61559,61559,Hope Akpan,Midfield - Central Midfield,N/A,Success
Vurnon Anita,https://www.transfermarkt.com/vurnon-anita/profil/spieler/30670,30670,Vurnon Anita,Midfield - Defensive Midfield,Ajax Amateurs,Success
Oussama Assaidi,https://www.transfermarkt.com/oussama-assaidi/profil/spieler/57275,57275,Oussama Assaidi,Attack - Left Winger,N/A,Success
César Azpilicueta,https://www.transfermarkt.com/csar-azpilicueta/profil/spieler/57500,57500,César Azpilicueta,Defender - Centre-Back,Sevilla FC,Success
Kyle Bartley,https://www.transfermarkt.com/kyle-bartley/profil/spieler/67421,67421,Kyle Bartley,Defender - Centre-Back,N/A,Success
Luciano Becchio,https://www.transfermarkt.com/luciano-becchio/profil/spieler/71020,71020,Luciano Becchio,Attack - Centre-Forward,N/A,Success
Joe Bennett,https://www.transfermarkt.com/joe-bennett/profil/spieler/90964,90964,Joe Bennett,Defender - Left-Back,Walton & Hersh.,Success
Christian Benteke,https://www.transfermarkt.com/christian-benteke/profil/spieler/50201,50201,Christian Benteke,Attack - Centre-Forward,Al-Wahda,Success
Gaël Bigirimana,https://www.transfermarkt.com/gal-bigirimana/profil/spieler/158697,158697,Gaël Bigirimana,Midfield - Defensive Midfield,Dungannon,Success
Fabio Borini,https://www.transfermarkt.com/fabio-borini/profil/spieler/96754,96754,Fabio Borini,Attack - Centre-Forward,Salford,Success
Artur Boruc,https://www.transfermarkt.com/artur-boruc/profil/spieler/15220,15220,Artur Boruc,Goalkeeper,N/A,Success
Jordan Bowery,https://www.transfermarkt.com/jordan-bowery/profil/spieler/94655,94655,Jordan Bowery,Defender - Centre-Back,Mansfield Town,Success
Izzy Brown,https://www.transfermarkt.com/izzy-brown/profil/spieler/245805,245805,Izzy Brown,Attack - Left Winger,N/A,Success
Alexander Büttner,https://www.transfermarkt.com/alexander-bttner/profil/spieler/38003,38003,Alexander Büttner,Defender - Left-Back,Vitesse,Success
Geoff Cameron,https://www.transfermarkt.com/geoff-cameron/profil/spieler/31642,31642,Geoff Cameron,Defender - Centre-Back,N/A,Success
Eduard Campabadal,https://www.transfermarkt.com/eduard-campabadal/profil/spieler/126722,126722,Edu Campabadal,Defender - Right-Back,Real Avilés,Success
Adam Campbell,https://www.transfermarkt.com/adam-campbell/profil/spieler/204354,204354,Adam Campbell,Attack - Left Winger,Hartlepool,Success
Daniel Carriço,https://www.transfermarkt.com/daniel-carrio/profil/spieler/37712,37712,Daniel Carriço,Defender - Centre-Back,N/A,Success
Tom Carroll,https://www.transfermarkt.com/tom-carroll/profil/spieler/121279,121279,Tom Carroll,Midfield - Central Midfield,Without Club,Success
Santi Cazorla,https://www.transfermarkt.com/santi-cazorla/profil/spieler/15799,15799,Santi Cazorla,Midfield - Central Midfield,Real Oviedo,Success
Júlio César,https://www.transfermarkt.com/jlio-csar/profil/spieler/22412,22412,Júlio César,Goalkeeper,N/A,Success
Richard Chaplow,https://www.transfermarkt.com/richard-chaplow/profil/spieler/9975,9975,Richard Chaplow,Midfield - Central Midfield,N/A,Success
Nathaniel Clyne,https://www.transfermarkt.com/nathaniel-clyne/profil/spieler/85177,85177,Nathaniel Clyne,Defender - Right-Back,Crystal Palace,Success
Conor Coady,https://www.transfermarkt.com/conor-coady/profil/spieler/128901,128901,Conor Coady,Defender - Centre-Back,Charlton,Success
Jack Cork,https://www.transfermarkt.com/jack-cork/profil/spieler/40613,40613,Jack Cork,Midfield - Defensive Midfield,Burnley U21,Success
Philippe Coutinho,https://www.transfermarkt.com/philippe-coutinho/profil/spieler/80444,80444,Philippe Coutinho,Midfield - Attacking Midfield,Vasco da Gama,Success
Shaun Cummings,https://www.transfermarkt.com/shaun-cummings/profil/spieler/40614,40614,Shaun Cummings,Defender - Right-Back,N/A,Success
Ben Davies,https://www.transfermarkt.com/ben-davies/profil/spieler/192765,192765,Ben Davies,Defender - Centre-Back,Tottenham,Success
Kelvin Davis,https://www.transfermarkt.com/kelvin-davis/profil/spieler/13640,13640,Kelvin Davis,Goalkeeper,N/A,Success
Steven Davis,https://www.transfermarkt.com/steven-davis/profil/spieler/28973,28973,Steven Davis,Midfield - Central Midfield,N/A,Success
Simon Dawkins,https://www.transfermarkt.com/simon-dawkins/profil/spieler/57488,57488,Simon Dawkins,Attack - Left Winger,N/A,Success
Steve De Ridder,https://www.transfermarkt.com/steve-de-ridder/profil/spieler/41818,41818,Steve De Ridder,Midfield - Central Midfield,N/A,Success
Mathieu Debuchy,https://www.transfermarkt.com/mathieu-debuchy/profil/spieler/27306,27306,Mathieu Debuchy,Defender - Right-Back,N/A,Success
Ashkan Dejagah,https://www.transfermarkt.com/ashkan-dejagah/profil/spieler/13979,13979,Ashkan Dejagah,Attack - Right Winger,N/A,Success
Guy Demel,https://www.transfermarkt.com/guy-demel/profil/spieler/1368,1368,Guy Demel,Defender - Right-Back,N/A,Success
Alou Diarra,https://www.transfermarkt.com/alou-diarra/profil/spieler/1327,1327,Alou Diarra,Midfield - Defensive Midfield,N/A,Success
Maurice Edu,https://www.transfermarkt.com/maurice-edu/profil/spieler/50987,50987,Maurice Edu,Midfield - Defensive Midfield,N/A,Success
Rob Elliot,https://www.transfermarkt.com/rob-elliot/profil/spieler/39037,39037,Rob Elliot,Goalkeeper,N/A,Success
Urby Emanuelson,https://www.transfermarkt.com/urby-emanuelson/profil/spieler/20586,20586,Urby Emanuelson,Midfield - Central Midfield,N/A,Success
Eyong Enoh,https://www.transfermarkt.com/eyong-enoh/profil/spieler/47344,47344,Eyong Enoh,Midfield - Defensive Midfield,N/A,Success
Roger Espinoza,https://www.transfermarkt.com/roger-espinoza/profil/spieler/71096,71096,Róger Espinoza,Midfield - Central Midfield,N/A,Success
Iago Falque,https://www.transfermarkt.com/iago-falque/profil/spieler/59340,59340,Iago Falque,Attack - Right Winger,N/A,Success
Adam Federici,https://www.transfermarkt.com/adam-federici/profil/spieler/4233,4233,Adam Federici,Goalkeeper,N/A,Success
Chico Flores,https://www.transfermarkt.com/chico-flores/profil/spieler/51681,51681,Chico Flores,Defender - Centre-Back,N/A,Success
José Fonte,https://www.transfermarkt.com/jos-fonte/profil/spieler/33829,33829,José Fonte,Defender - Centre-Back,Casa Pia,Success
Danny Fox,https://www.transfermarkt.com/danny-fox/profil/spieler/31553,31553,Danny Fox,Defender - Left-Back,Winsford,Success
Fraser Fyvie,https://www.transfermarkt.com/fraser-fyvie/profil/spieler/107350,107350,Fraser Fyvie,Midfield - Central Midfield,N/A,Success
Javi García,https://www.transfermarkt.com/javi-garca/profil/spieler/36350,36350,Javi García,Midfield - Defensive Midfield,N/A,Success
Paulo Gazzaniga,https://www.transfermarkt.com/paulo-gazzaniga/profil/spieler/195488,195488,Paulo Gazzaniga,Goalkeeper,Girona,Success
Olivier Giroud,https://www.transfermarkt.com/olivier-giroud/profil/spieler/82442,82442,Olivier Giroud,Attack - Centre-Forward,Lille,Success
Serge Gnabry,https://www.transfermarkt.com/serge-gnabry/profil/spieler/159471,159471,Serge Gnabry,Attack - Second Striker,Bayern Munich,Success
Román Golobart,https://www.transfermarkt.com/romn-golobart/profil/spieler/90273,90273,Román Golobart,Defender - Centre-Back,N/A,Success
Kaspars Gorkšs,https://www.transfermarkt.com/kaspars-gorks/profil/spieler/30379,30379,Kaspars Gorkss,Defender - Centre-Back,N/A,Success
Yoan Gouffran,https://www.transfermarkt.com/yoan-gouffran/profil/spieler/23825,23825,Yoan Gouffran,Attack - Left Winger,N/A,Success
Esteban Granero,https://www.transfermarkt.com/esteban-granero/profil/spieler/44065,44065,Esteban Granero,Midfield - Central Midfield,N/A,Success
Chris Gunter,https://www.transfermarkt.com/chris-gunter/profil/spieler/43853,43853,Chris Gunter,Defender - Right-Back,N/A,Success
Jonathan de Guzmán,https://www.transfermarkt.com/jonathan-de-guzmn/profil/spieler/31067,31067,Jonathan de Guzmán,Midfield - Central Midfield,Sparta R.,Success
Massadio Haïdara,https://www.transfermarkt.com/massadio-hadara/profil/spieler/170929,170929,Massadio Haïdara,Defender - Left-Back,Kocaelispor,Success
Robert Hall,https://www.transfermarkt.com/robert-hall/profil/spieler/121236,121236,Rob Hall,Attack - Right Winger,N/A,Success
Ian Harte,https://www.transfermarkt.com/ian-harte/profil/spieler/3634,3634,Ian Harte,Defender - Left-Back,N/A,Success
Eden Hazard,https://www.transfermarkt.com/eden-hazard/profil/spieler/50202,50202,Eden Hazard,Attack - Left Winger,N/A,Success
Ángelo Henríquez,https://www.transfermarkt.com/ngelo-henrquez/profil/spieler/189740,189740,Ángelo Henríquez,Attack - Centre-Forward,La Serena,Success
Pablo Hernández,https://www.transfermarkt.com/pablo-hernndez/profil/spieler/46220,46220,Pablo Hernández,Attack - Right Winger,N/A,Success
Brett Holman,https://www.transfermarkt.com/brett-holman/profil/spieler/21496,21496,Brett Holman,Midfield - Attacking Midfield,N/A,Success
Lewis Holtby,https://www.transfermarkt.com/lewis-holtby/profil/spieler/55508,55508,Lewis Holtby,Midfield - Central Midfield,NAC Breda,Success
Jos Hooiveld,https://www.transfermarkt.com/jos-hooiveld/profil/spieler/4624,4624,Jos Hooiveld,Defender - Centre-Back,N/A,Success
Noel Hunt,https://www.transfermarkt.com/noel-hunt/profil/spieler/12628,12628,Noel Hunt,Attack - Centre-Forward,N/A,Success
Jordon Ibe,https://www.transfermarkt.com/jordon-ibe/profil/spieler/195652,195652,Jordon Ibe,Attack - Right Winger,Loko Sofia,Success
Shinji Kagawa,https://www.transfermarkt.com/shinji-kagawa/profil/spieler/81785,81785,Shinji Kagawa,Midfield - Attacking Midfield,Cerezo Osaka,Success
Kei Kamara,https://www.transfermarkt.com/kei-kamara/profil/spieler/39049,39049,Kei Kamara,Attack - Centre-Forward,Without Club,Success
Harry Kane,https://www.transfermarkt.com/harry-kane/profil/spieler/132098,132098,Harry Kane,Attack - Centre-Forward,Bayern Munich,Success
Jem Karacan,https://www.transfermarkt.com/jem-karacan/profil/spieler/61447,61447,Jem Karacan,Midfield - Central Midfield,N/A,Success
Jimmy Kébé,https://www.transfermarkt.com/jimmy-kb/profil/spieler/33822,33822,Jimmy Kébé,Attack - Right Winger,N/A,Success
Billy Knott,https://www.transfermarkt.com/billy-knott/profil/spieler/133392,133392,Billy Knott,Midfield - Central Midfield,Hullbridge,Success
Arouna Koné,https://www.transfermarkt.com/arouna-kon/profil/spieler/8552,8552,Arouna Koné,Attack - Centre-Forward,N/A,Success
Adam Lallana,https://www.transfermarkt.com/adam-lallana/profil/spieler/43530,43530,Adam Lallana,Midfield - Attacking Midfield,N/A,Success
Roland Lamah,https://www.transfermarkt.com/roland-lamah/profil/spieler/35035,35035,Roland Lamah,Attack - Left Winger,N/A,Success
Rickie Lambert,https://www.transfermarkt.com/rickie-lambert/profil/spieler/49655,49655,Rickie Lambert,Attack - Centre-Forward,N/A,Success
Adam le Fondre,https://www.transfermarkt.com/adam-le-fondre/profil/spieler/46106,46106,Adam Le Fondre,Attack - Centre-Forward,FC United,Success
Mikele Leigertwood,https://www.transfermarkt.com/mikele-leigertwood/profil/spieler/14041,14041,Mikele Leigertwood,Midfield - Defensive Midfield,N/A,Success
Hugo Lloris,https://www.transfermarkt.com/hugo-lloris/profil/spieler/17965,17965,Hugo Lloris,Goalkeeper,LAFC,Success
Matthew Lowton,https://www.transfermarkt.com/matthew-lowton/profil/spieler/102258,102258,Matthew Lowton,Defender - Right-Back,Precision FC,Success
Modibo Maïga,https://www.transfermarkt.com/modibo-maga/profil/spieler/46831,46831,Modibo Maïga,Attack - Centre-Forward,N/A,Success
Mikael Mandron,https://www.transfermarkt.com/mikael-mandron/profil/spieler/218144,218144,Mikael Mandron,Attack - Centre-Forward,St. Mirren,Success
Kader Mangane,https://www.transfermarkt.com/kader-mangane/profil/spieler/4796,4796,Kader Mangane,Defender - Centre-Back,N/A,Success
Vito Mannone,https://www.transfermarkt.com/vito-mannone/profil/spieler/33781,33781,Vito Mannone,Goalkeeper,N/A,Success
Stanislav Manolev,https://www.transfermarkt.com/stanislav-manolev/profil/spieler/36233,36233,Stanislav Manolev,Defender - Right-Back,N/A,Success
Adrian Mariappa,https://www.transfermarkt.com/adrian-mariappa/profil/spieler/38145,38145,Adrian Mariappa,Defender - Centre-Back,St Albans City,Success
Marko Marin,https://www.transfermarkt.com/marko-marin/profil/spieler/35251,35251,Marko Marin,Midfield - Attacking Midfield,N/A,Success
Emmanuel Mayuka,https://www.transfermarkt.com/emmanuel-mayuka/profil/spieler/55709,55709,Emmanuel Mayuka,Attack - Centre-Forward,N/A,Success
Stéphane Mbia,https://www.transfermarkt.com/stphane-mbia/profil/spieler/27470,27470,Stéphane Mbia,Midfield - Defensive Midfield,N/A,Success
Jobi McAnuff,https://www.transfermarkt.com/jobi-mcanuff/profil/spieler/14047,14047,Jobi McAnuff,Attack - Left Winger,N/A,Success
Alex McCarthy,https://www.transfermarkt.com/alex-mccarthy/profil/spieler/95976,95976,Alex McCarthy,Goalkeeper,Southampton,Success
George McCartney,https://www.transfermarkt.com/george-mccartney/profil/spieler/3775,3775,George McCartney,Defender - Left-Back,N/A,Success
Garath McCleary,https://www.transfermarkt.com/garath-mccleary/profil/spieler/69653,69653,Garath McCleary,Attack - Right Winger,Gillingham,Success
Michu,https://www.transfermarkt.com/michu/profil/spieler/70789,70789,Michu,Attack - Second Striker,N/A,Success
Kevin Mirallas,https://www.transfermarkt.com/kevin-mirallas/profil/spieler/33639,33639,Kevin Mirallas,Attack - Right Winger,N/A,Success
Nacho Monreal,https://www.transfermarkt.com/nacho-monreal/profil/spieler/43003,43003,Nacho Monreal,Defender - Left-Back,N/A,Success
Sean Morrison,https://www.transfermarkt.com/sean-morrison/profil/spieler/79723,79723,Sean Morrison,Defender - Centre-Back,N/A,Success
Ján Mucha,https://www.transfermarkt.com/jn-mucha/profil/spieler/33195,33195,Jan Mucha,Goalkeeper,N/A,Success
Alfred N'Diaye,https://www.transfermarkt.com/alfred-ndiaye/profil/spieler/77737,77737,Alfred N'Diaye,Midfield - Defensive Midfield,Without Club,Success
Steven Naismith,https://www.transfermarkt.com/steven-naismith/profil/spieler/12763,12763,Steven Naismith,Attack - Second Striker,N/A,Success
Matija Nastasić,https://www.transfermarkt.com/matija-nastasi/profil/spieler/143559,143559,Matija Nastasić,Defender - Centre-Back,Al-Ula,Success
Joey O'Brien,https://www.transfermarkt.com/joey-obrien/profil/spieler/34672,34672,Joey O'Brien,Defender - Right-Back,N/A,Success
Oscar,https://www.transfermarkt.com/oscar/profil/spieler/85314,85314,Oscar,Midfield - Attacking Midfield,São Paulo,Success
Bryan Oviedo,https://www.transfermarkt.com/bryan-oviedo/profil/spieler/124983,124983,Bryan Oviedo,Defender - Left-Back,Without Club,Success
Alex Pearce,https://www.transfermarkt.com/alex-pearce/profil/spieler/47768,47768,Alex Pearce,Defender - Centre-Back,Without Club,Success
Mladen Petrić,https://www.transfermarkt.com/mladen-petri/profil/spieler/2874,2874,Mladen Petric,Attack - Centre-Forward,N/A,Success
Lucas Piazon,https://www.transfermarkt.com/lucas-piazon/profil/spieler/176485,176485,Lucas Piazón,Midfield - Defensive Midfield,Wieczysta,Success
Lukas Podolski,https://www.transfermarkt.com/lukas-podolski/profil/spieler/15185,15185,Lukas Podolski,Attack - Centre-Forward,Górnik Zabrze,Success
Emanuel Pogatetz,https://www.transfermarkt.com/emanuel-pogatetz/profil/spieler/1094,1094,Emanuel Pogatetz,Defender - Centre-Back,N/A,Success
Goran Popov,https://www.transfermarkt.com/goran-popov/profil/spieler/19721,19721,Goran Popov,Defender - Left-Back,N/A,Success
Dan Potts,https://www.transfermarkt.com/dan-potts/profil/spieler/207037,207037,Dan Potts,Defender - Centre-Back,Without Club,Success
Nick Powell,https://www.transfermarkt.com/nick-powell/profil/spieler/134424,134424,Nick Powell,Midfield - Attacking Midfield,Bradford,Success
Guly do Prado,https://www.transfermarkt.com/guly-do-prado/profil/spieler/22801,22801,Guly,Midfield - Attacking Midfield,N/A,Success
Gastón Ramírez,https://www.transfermarkt.com/gastn-ramrez/profil/spieler/123742,123742,Gastón Ramírez,Midfield - Central Midfield,Boston River,Success
Iván Ramis,https://www.transfermarkt.com/ivn-ramis/profil/spieler/26066,26066,Iván Ramis,Defender - Centre-Back,N/A,Success
Ben Reeves,https://www.transfermarkt.com/ben-reeves/profil/spieler/171234,171234,Ben Reeves,Midfield - Attacking Midfield,Southampton U21,Success
Karim Rekik,https://www.transfermarkt.com/karim-rekik/profil/spieler/182579,182579,Karim Rekik,Defender - Centre-Back,Al-Jazira,Success
Loïc Rémy,https://www.transfermarkt.com/loc-rmy/profil/spieler/45121,45121,Loïc Rémy,Attack - Centre-Forward,N/A,Success
Frazer Richardson,https://www.transfermarkt.com/frazer-richardson/profil/spieler/4094,4094,Frazer Richardson,Defender - Right-Back,N/A,Success
Sascha Riether,https://www.transfermarkt.com/sascha-riether/profil/spieler/1662,1662,Sascha Riether,Defender - Right-Back,N/A,Success
Joel Robles,https://www.transfermarkt.com/joel-robles/profil/spieler/101118,101118,Joel Robles,Goalkeeper,Estoril,Success
Hal Robson-Kanu,https://www.transfermarkt.com/hal-robson-kanu/profil/spieler/65976,65976,Hal Robson-Kanu,Attack - Centre-Forward,N/A,Success
Jay Rodriguez,https://www.transfermarkt.com/jay-rodriguez/profil/spieler/53360,53360,Jay Rodríguez,Attack - Centre-Forward,Wrexham,Success
Markus Rosenberg,https://www.transfermarkt.com/markus-rosenberg/profil/spieler/27505,27505,Markus Rosenberg,Attack - Centre-Forward,N/A,Success
Nuri Şahin,https://www.transfermarkt.com/nuri-ahin/profil/spieler/31095,31095,Nuri Şahin,Midfield - Defensive Midfield,N/A,Success
Dominic Samuel,https://www.transfermarkt.com/dominic-samuel/profil/spieler/203784,203784,Dominic Samuel,Attack - Centre-Forward,Ebbsfleet,Success
Morgan Schneiderlin,https://www.transfermarkt.com/morgan-schneiderlin/profil/spieler/56818,56818,Morgan Schneiderlin,Midfield - Defensive Midfield,N/A,Success
Billy Sharp,https://www.transfermarkt.com/billy-sharp/profil/spieler/49542,49542,Billy Sharp,Attack - Centre-Forward,Doncaster,Success
Luke Shaw,https://www.transfermarkt.com/luke-shaw/profil/spieler/183288,183288,Luke Shaw,Defender - Left-Back,Man Utd,Success
Brek Shea,https://www.transfermarkt.com/brek-shea/profil/spieler/71107,71107,Brek Shea,Midfield - Left Midfield,N/A,Success
Itay Shechter,https://www.transfermarkt.com/itay-shechter/profil/spieler/44760,44760,Itay Shechter,Attack - Centre-Forward,N/A,Success
Moussa Sissoko,https://www.transfermarkt.com/moussa-sissoko/profil/spieler/46001,46001,Moussa Sissoko,Midfield - Central Midfield,Panathinaikos,Success
Robert Snodgrass,https://www.transfermarkt.com/robert-snodgrass/profil/spieler/22614,22614,Robert Snodgrass,Attack - Right Winger,N/A,Success
Enda Stevens,https://www.transfermarkt.com/enda-stevens/profil/spieler/85706,85706,Enda Stevens,Defender - Left-Back,Shamrock Rovers,Success
Suso,https://www.transfermarkt.com/suso/profil/spieler/111961,111961,Suso,Midfield - Attacking Midfield,Cádiz CF,Success
Yacouba Sylla,https://www.transfermarkt.com/yacouba-sylla/profil/spieler/160080,160080,Yacouba Sylla,Midfield - Defensive Midfield,Without Club,Success
Jay Tabb,https://www.transfermarkt.com/jay-tabb/profil/spieler/42284,42284,Jay Tabb,Midfield - Left Midfield,N/A,Success
James Tavernier,https://www.transfermarkt.com/james-tavernier/profil/spieler/62094,62094,James Tavernier,Defender - Right-Back,Rangers,Success
Stuart Taylor,https://www.transfermarkt.com/stuart-taylor/profil/spieler/3190,3190,Stuart Taylor,Goalkeeper,N/A,Success
Alexander Tettey,https://www.transfermarkt.com/alexander-tettey/profil/spieler/12384,12384,Alexander Tettey,Midfield - Defensive Midfield,N/A,Success
Dwight Tiendalli,https://www.transfermarkt.com/dwight-tiendalli/profil/spieler/29356,29356,Dwight Tiendalli,Defender - Right-Back,N/A,Success
Andros Townsend,https://www.transfermarkt.com/andros-townsend/profil/spieler/61842,61842,Andros Townsend,Attack - Right Winger,Kanchanaburi FC,Success
Ricardo Vaz Tê,https://www.transfermarkt.com/ricardo-vaz-t/profil/spieler/9413,9413,Ricardo Vaz Tê,Attack - Right Winger,N/A,Success
Jan Vertonghen,https://www.transfermarkt.com/jan-vertonghen/profil/spieler/43250,43250,Jan Vertonghen,Defender - Centre-Back,N/A,Success
Ron Vlaar,https://www.transfermarkt.com/ron-vlaar/profil/spieler/30697,30697,Ron Vlaar,Defender - Centre-Back,N/A,Success
James Ward-Prowse,https://www.transfermarkt.com/james-ward-prowse/profil/spieler/181579,181579,James Ward-Prowse,Midfield - Central Midfield,Burnley,Success
Ashley Westwood,https://www.transfermarkt.com/ashley-westwood/profil/spieler/91317,91317,Ashley Westwood,Midfield - Defensive Midfield,Charlotte,Success
Steven Whittaker,https://www.transfermarkt.com/steven-whittaker/profil/spieler/12704,12704,Steven Whittaker,Defender - Right-Back,N/A,Success
Derrick Williams,https://www.transfermarkt.com/derrick-williams/profil/spieler/128287,128287,Derrick Williams,Defender - Centre-Back,Reading,Success
Andre Wisdom,https://www.transfermarkt.com/andre-wisdom/profil/spieler/128912,128912,Andre Wisdom,Defender - Right-Back,FC United,Success
Claudio Yacob,https://www.transfermarkt.com/claudio-yacob/profil/spieler/45330,45330,Claudio Yacob,Midfield - Defensive Midfield,N/A,Success
Mapou Yanga-Mbiwa,https://www.transfermarkt.com/mapou-yanga-mbiwa/profil/spieler/57480,57480,Mapou Yanga-Mbiwa,Defender - Centre-Back,Istres FC,Success
Maya Yoshida,https://www.transfermarkt.com/maya-yoshida/profil/spieler/81789,81789,Maya Yoshida,Defender - Centre-Back,LA Galaxy,Success
Chuba Akpom,https://www.transfermarkt.com/chuba-akpom/profil/spieler/197642,197642,Chuba Akpom,Attack - Centre-Forward,Ipswich,Success
Jozy Altidore,https://www.transfermarkt.com/jozy-altidore/profil/spieler/39378,39378,Jozy Altidore,Attack - Centre-Forward,Without Club,Success
Morgan Amalfitano,https://www.transfermarkt.com/morgan-amalfitano/profil/spieler/39883,39883,Morgan Amalfitano,Midfield - Right Midfield,N/A,Success
Jordi Amat,https://www.transfermarkt.com/jordi-amat/profil/spieler/85289,85289,Jordi Amat,Defender - Centre-Back,Persija,Success
Fernando Amorebieta,https://www.transfermarkt.com/fernando-amorebieta/profil/spieler/35548,35548,Fernando Amorebieta,Defender - Centre-Back,N/A,Success
Pablo Armero,https://www.transfermarkt.com/pablo-armero/profil/spieler/73786,73786,Pablo Armero,Midfield - Left Midfield,N/A,Success
Adam Armstrong,https://www.transfermarkt.com/adam-armstrong/profil/spieler/250426,250426,Adam Armstrong,Attack - Centre-Forward,Wolves,Success
Marko Arnautović,https://www.transfermarkt.com/marko-arnautovi/profil/spieler/41384,41384,Marko Arnautovic,Attack - Centre-Forward,Red Star,Success
Iago Aspas,https://www.transfermarkt.com/iago-aspas/profil/spieler/72047,72047,Iago Aspas,Attack - Centre-Forward,Celta de Vigo,Success
El-Hadji Ba,https://www.transfermarkt.com/el-hadji-ba/profil/spieler/169090,169090,El-Hadji Ba,Midfield - Central Midfield,Without Club,Success
Leandro Bacuna,https://www.transfermarkt.com/leandro-bacuna/profil/spieler/126014,126014,Leandro Bacuna,Midfield - Central Midfield,Igdir FK,Success
Nabil Bentaleb,https://www.transfermarkt.com/nabil-bentaleb/profil/spieler/245537,245537,Nabil Bentaleb,Midfield - Defensive Midfield,Lille,Success
Saido Berahino,https://www.transfermarkt.com/saido-berahino/profil/spieler/128897,128897,Saido Berahino,Attack - Centre-Forward,Without Club,Success
Thievy Bifouma,https://www.transfermarkt.com/thievy-bifouma/profil/spieler/181477,181477,Thievy Bifouma,Attack - Left Winger,Persepolis FC,Success
Derek Boateng,https://www.transfermarkt.com/derek-boateng/profil/spieler/18091,18091,Derek Boateng,Midfield - Defensive Midfield,N/A,Success
Yannick Bolasie,https://www.transfermarkt.com/yannick-bolasie/profil/spieler/75471,75471,Yannick Bolasie,Attack - Centre-Forward,Chapecoense,Success
Wilfried Bony,https://www.transfermarkt.com/wilfried-bony/profil/spieler/81808,81808,Wilfried Bony,Attack - Centre-Forward,N/A,Success
Marco Borriello,https://www.transfermarkt.com/marco-borriello/profil/spieler/5825,5825,Marco Borriello,Attack - Centre-Forward,N/A,Success
George Boyd,https://www.transfermarkt.com/george-boyd/profil/spieler/45623,45623,George Boyd,Attack - Left Winger,Wythenshawe,Success
Robbie Brady,https://www.transfermarkt.com/robbie-brady/profil/spieler/128229,128229,Robbie Brady,Midfield - Left Midfield,Preston,Success
Liam Bridcutt,https://www.transfermarkt.com/liam-bridcutt/profil/spieler/40612,40612,Liam Bridcutt,Midfield - Defensive Midfield,N/A,Success
Alex Bruce,https://www.transfermarkt.com/alex-bruce/profil/spieler/37957,37957,Alex Bruce,Defender - Centre-Back,N/A,Success
Dan Burn,https://www.transfermarkt.com/dan-burn/profil/spieler/134270,134270,Dan Burn,Defender - Centre-Back,Newcastle,Success
Jack Butland,https://www.transfermarkt.com/jack-butland/profil/spieler/128899,128899,Jack Butland,Goalkeeper,Rangers,Success
José Campaña,https://www.transfermarkt.com/jos-campaa/profil/spieler/120095,120095,José Campaña,Midfield - Central Midfield,AD Ceuta,Success
Étienne Capoue,https://www.transfermarkt.com/tienne-capoue/profil/spieler/63494,63494,Étienne Capoue,Midfield - Defensive Midfield,N/A,Success
João Carlos Teixeira,https://www.transfermarkt.com/joo-carlos-teixeira/profil/spieler/132214,132214,João Carlos Teixeira,Midfield - Attacking Midfield,SH Shenhua,Success
Ondřej Čelůstka,https://www.transfermarkt.com/ondej-elstka/profil/spieler/70131,70131,Ondrej Celustka,Defender - Centre-Back,N/A,Success
Nacer Chadli,https://www.transfermarkt.com/nacer-chadli/profil/spieler/59631,59631,Nacer Chadli,Attack - Left Winger,N/A,Success
Calum Chambers,https://www.transfermarkt.com/calum-chambers/profil/spieler/215118,215118,Calum Chambers,Defender - Centre-Back,Cardiff,Success
James Chester,https://www.transfermarkt.com/james-chester/profil/spieler/73482,73482,James Chester,Defender - Centre-Back,N/A,Success
Vlad Chiricheș,https://www.transfermarkt.com/vlad-chiriche/profil/spieler/123261,123261,Vlad Chiricheș,Midfield - Defensive Midfield,FCSB,Success
Aly Cissokho,https://www.transfermarkt.com/aly-cissokho/profil/spieler/57515,57515,Aly Cissokho,Defender - Centre-Back,Lamphun Warrior,Success
Larnell Cole,https://www.transfermarkt.com/larnell-cole/profil/spieler/141650,141650,Larnell Cole,Midfield - Right Midfield,Unknown,Success
Andreas Cornelius,https://www.transfermarkt.com/andreas-cornelius/profil/spieler/203412,203412,Andreas Cornelius,Attack - Centre-Forward,Copenhagen,Success
Don Cowie,https://www.transfermarkt.com/don-cowie/profil/spieler/14746,14746,Don Cowie,Midfield - Right Midfield,N/A,Success
Luke Daniels,https://www.transfermarkt.com/luke-daniels/profil/spieler/45921,45921,Luke Daniels,Goalkeeper,N/A,Success
Chris David,https://www.transfermarkt.com/chris-david/profil/spieler/187285,187285,Chris David,Midfield - Attacking Midfield,SVA Delmenhorst,Success
Kevin De Bruyne,https://www.transfermarkt.com/kevin-de-bruyne/profil/spieler/88755,88755,Kevin De Bruyne,Midfield - Attacking Midfield,Napoli,Success
Damien Delaney,https://www.transfermarkt.com/damien-delaney/profil/spieler/36861,36861,Damien Delaney,Defender - Centre-Back,N/A,Success
Moussa Dembélé,https://www.transfermarkt.com/moussa-dembl/profil/spieler/229004,229004,Moussa Dembélé,Attack - Centre-Forward,Al-Ettifaq,Success
Martín Demichelis,https://www.transfermarkt.com/martn-demichelis/profil/spieler/2963,2963,Martín Demichelis,Defender - Centre-Back,N/A,Success
Gerard Deulofeu,https://www.transfermarkt.com/gerard-deulofeu/profil/spieler/129476,129476,Gerard Deulofeu,Attack - Centre-Forward,Without Club,Success
Modibo Diakité,https://www.transfermarkt.com/modibo-diakit/profil/spieler/41749,41749,Modibo Diakité,Defender - Centre-Back,Without Club,Success
Andrea Dossena,https://www.transfermarkt.com/andrea-dossena/profil/spieler/21863,21863,Andrea Dossena,Midfield - Left Midfield,N/A,Success
Paul Dummett,https://www.transfermarkt.com/paul-dummett/profil/spieler/170321,170321,Paul Dummett,Defender - Left-Back,N/A,Success
Marvin Emnes,https://www.transfermarkt.com/marvin-emnes/profil/spieler/37787,37787,Marvin Emnes,Attack - Centre-Forward,N/A,Success
Christian Eriksen,https://www.transfermarkt.com/christian-eriksen/profil/spieler/69633,69633,Christian Eriksen,Midfield - Attacking Midfield,Wolfsburg,Success
Samuel Eto'o,https://www.transfermarkt.com/samuel-etoo/profil/spieler/4257,4257,Samuel Eto'o,Attack - Centre-Forward,N/A,Success
Leroy Fer,https://www.transfermarkt.com/leroy-fer/profil/spieler/63342,63342,Leroy Fer,Midfield - Defensive Midfield,Gulf United FC,Success
Fernandinho,https://www.transfermarkt.com/fernandinho/profil/spieler/26267,26267,Fernandinho,Midfield - Defensive Midfield,N/A,Success
Mathieu Flamini,https://www.transfermarkt.com/mathieu-flamini/profil/spieler/17396,17396,Mathieu Flamini,Midfield - Defensive Midfield,N/A,Success
Matty Fryatt,https://www.transfermarkt.com/matty-fryatt/profil/spieler/14013,14013,Matty Fryatt,Attack - Centre-Forward,N/A,Success
Jay Fulton,https://www.transfermarkt.com/jay-fulton/profil/spieler/171260,171260,Jay Fulton,Midfield - Central Midfield,Swansea,Success
Sam Gallagher,https://www.transfermarkt.com/sam-gallagher/profil/spieler/227183,227183,Sam Gallagher,Attack - Centre-Forward,Stoke City,Success
Luke Garbutt,https://www.transfermarkt.com/luke-garbutt/profil/spieler/110860,110860,Luke Garbutt,Defender - Left-Back,Salford,Success
Owen Garvan,https://www.transfermarkt.com/owen-garvan/profil/spieler/33249,33249,Owen Garvan,Midfield - Central Midfield,N/A,Success
Dwight Gayle,https://www.transfermarkt.com/dwight-gayle/profil/spieler/196522,196522,Dwight Gayle,Attack - Centre-Forward,N/A,Success
Rudy Gestede,https://www.transfermarkt.com/rudy-gestede/profil/spieler/39908,39908,Rudy Gestede,Attack - Centre-Forward,N/A,Success
Emanuele Giaccherini,https://www.transfermarkt.com/emanuele-giaccherini/profil/spieler/84835,84835,Emanuele Giaccherini,Midfield - Left Midfield,N/A,Success
Marco van Ginkel,https://www.transfermarkt.com/marco-van-ginkel/profil/spieler/147034,147034,Marco van Ginkel,Midfield - Central Midfield,N/A,Success
Jack Grealish,https://www.transfermarkt.com/jack-grealish/profil/spieler/203460,203460,Jack Grealish,Attack - Left Winger,Everton,Success
John Guidetti,https://www.transfermarkt.com/john-guidetti/profil/spieler/98596,98596,John Guidetti,Attack - Centre-Forward,Without Club,Success
Aron Gunnarsson,https://www.transfermarkt.com/aron-gunnarsson/profil/spieler/63821,63821,Aron Gunnarsson,Midfield - Defensive Midfield,Al-Gharafa,Success
Rhys Healey,https://www.transfermarkt.com/rhys-healey/profil/spieler/238185,238185,Rhys Healey,Attack - Centre-Forward,Huddersfield,Success
Nicklas Helenius,https://www.transfermarkt.com/nicklas-helenius/profil/spieler/102132,102132,Nicklas Helenius,Attack - Centre-Forward,Aalborg BK,Success
Gary Hooper,https://www.transfermarkt.com/gary-hooper/profil/spieler/42513,42513,Gary Hooper,Attack - Centre-Forward,Maldon/Tiptree,Success
Mark Hudson,https://www.transfermarkt.com/mark-hudson/profil/spieler/3640,3640,Mark Hudson,Defender - Centre-Back,N/A,Success
Tom Ince,https://www.transfermarkt.com/tom-ince/profil/spieler/157368,157368,Tom Ince,Attack - Right Winger,Watford,Success
Jo Inge Berget,https://www.transfermarkt.com/jo-inge-berget/profil/spieler/73323,73323,Jo Inge Berget,Midfield - Attacking Midfield,Sarpsborg 08,Success
Eldin Jakupović,https://www.transfermarkt.com/eldin-jakupovi/profil/spieler/2857,2857,Eldin Jakupović,Goalkeeper,Chattanooga FC,Success
Tom James,https://www.transfermarkt.com/tom-james/profil/spieler/325105,325105,Tom James,Defender - Right-Back,Leyton Orient,Success
Adnan Januzaj,https://www.transfermarkt.com/adnan-januzaj/profil/spieler/177847,177847,Adnan Januzaj,Attack - Right Winger,Sevilla FC,Success
Mile Jedinak,https://www.transfermarkt.com/mile-jedinak/profil/spieler/28336,28336,Mile Jedinak,Midfield - Defensive Midfield,N/A,Success
Declan John,https://www.transfermarkt.com/declan-john/profil/spieler/238585,238585,Declan John,Defender - Left-Back,St. Mirren,Success
Luuk de Jong,https://www.transfermarkt.com/luuk-de-jong/profil/spieler/72522,72522,Luuk de Jong,Attack - Centre-Forward,Porto,Success
Stevan Jovetić,https://www.transfermarkt.com/stevan-joveti/profil/spieler/46104,46104,Stevan Jovetić,Attack - Second Striker,Omonia Nicosia,Success
Tomáš Kalas,https://www.transfermarkt.com/tom-kalas/profil/spieler/148657,148657,Tomas Kalas,Defender - Centre-Back,FC Schalke 04,Success
Kim Källström,https://www.transfermarkt.com/kim-kllstrm/profil/spieler/3730,3730,Kim Källström,Midfield - Central Midfield,N/A,Success
Robert Koren,https://www.transfermarkt.com/robert-koren/profil/spieler/26946,26946,Robert Koren,Midfield - Attacking Midfield,N/A,Success
Libor Kozák,https://www.transfermarkt.com/libor-kozk/profil/spieler/63824,63824,Libor Kozák,Attack - Centre-Forward,N/A,Success
William Kvist,https://www.transfermarkt.com/william-kvist/profil/spieler/36787,36787,William Kvist,Midfield - Defensive Midfield,N/A,Success
Érik Lamela,https://www.transfermarkt.com/rik-lamela/profil/spieler/111630,111630,Erik Lamela,Attack - Right Winger,N/A,Success
Tom Lawrence,https://www.transfermarkt.com/tom-lawrence/profil/spieler/229970,229970,Tom Lawrence,Midfield - Attacking Midfield,Perth Glory,Success
Joe Ledley,https://www.transfermarkt.com/joe-ledley/profil/spieler/34409,34409,Joe Ledley,Midfield - Central Midfield,N/A,Success
Elliot Lee,https://www.transfermarkt.com/elliot-lee/profil/spieler/229826,229826,Elliot Lee,Midfield - Attacking Midfield,Doncaster,Success
Joe Lewis,https://www.transfermarkt.com/joe-lewis/profil/spieler/25834,25834,Joe Lewis,Goalkeeper,N/A,Success
Dejan Lovren,https://www.transfermarkt.com/dejan-lovren/profil/spieler/37838,37838,Dejan Lovren,Defender - Centre-Back,PAOK,Success
Jamar Loza,https://www.transfermarkt.com/jamar-loza/profil/spieler/203464,203464,Jamar Loza,Attack - Centre-Forward,Without Club,Success
Diego Lugano,https://www.transfermarkt.com/diego-lugano/profil/spieler/13829,13829,Diego Lugano,Defender - Centre-Back,N/A,Success
Antonio Luna,https://www.transfermarkt.com/antonio-luna/profil/spieler/126516,126516,Antonio Luna,Defender - Left-Back,Antequera CF,Success
David Marshall,https://www.transfermarkt.com/david-marshall/profil/spieler/9500,9500,David Marshall,Goalkeeper,N/A,Success
Nemanja Matić,https://www.transfermarkt.com/nemanja-mati/profil/spieler/74683,74683,Nemanja Matić,Midfield - Defensive Midfield,Sassuolo,Success
Charalampos Mavrias,https://www.transfermarkt.com/charalampos-mavrias/profil/spieler/136647,136647,Charalampos Mavrias,Defender - Right-Back,Panetolikos,Success
Nicky Maynard,https://www.transfermarkt.com/nicky-maynard/profil/spieler/39705,39705,Nicky Maynard,Attack - Centre-Forward,Winsford,Success
Paddy McCarthy,https://www.transfermarkt.com/paddy-mccarthy/profil/spieler/29974,29974,Patrick McCarthy,Defender - Centre-Back,N/A,Success
Aiden McGeady,https://www.transfermarkt.com/aiden-mcgeady/profil/spieler/21333,21333,Aiden McGeady,Attack - Left Winger,N/A,Success
Allan McGregor,https://www.transfermarkt.com/allan-mcgregor/profil/spieler/9422,9422,Allan McGregor,Goalkeeper,N/A,Success
Aaron McLean,https://www.transfermarkt.com/aaron-mclean/profil/spieler/45631,45631,Aaron McLean,Attack - Centre-Forward,N/A,Success
Kevin McNaughton,https://www.transfermarkt.com/kevin-mcnaughton/profil/spieler/11365,11365,Kevin McNaughton,Defender - Right-Back,N/A,Success
Paul McShane,https://www.transfermarkt.com/paul-mcshane/profil/spieler/24636,24636,Paul McShane,Defender - Centre-Back,N/A,Success
Gary Medel,https://www.transfermarkt.com/gary-medel/profil/spieler/60889,60889,Gary Medel,Defender - Centre-Back,U. Católica,Success
Mesca,https://www.transfermarkt.com/mesca/profil/spieler/160348,160348,Mesca,Midfield - Right Midfield,Without Club,Success
Kostas Mitroglou,https://www.transfermarkt.com/kostas-mitroglou/profil/spieler/34944,34944,Konstantinos Mitroglou,Attack - Centre-Forward,N/A,Success
Ravel Morrison,https://www.transfermarkt.com/ravel-morrison/profil/spieler/128907,128907,Ravel Morrison,Midfield - Attacking Midfield,Arabian Falcons,Success
Dean Moxey,https://www.transfermarkt.com/dean-moxey/profil/spieler/77559,77559,Dean Moxey,Defender - Left-Back,Tiverton,Success
Marc Muniesa,https://www.transfermarkt.com/marc-muniesa/profil/spieler/74228,74228,Marc Muniesa,Defender - Centre-Back,Al-Shahania SC,Success
Josh Murphy,https://www.transfermarkt.com/josh-murphy/profil/spieler/199528,199528,Josh Murphy,Attack - Left Winger,Portsmouth,Success
Glenn Murray,https://www.transfermarkt.com/glenn-murray/profil/spieler/45693,45693,Glenn Murray,Attack - Centre-Forward,N/A,Success
Jesús Navas,https://www.transfermarkt.com/jess-navas/profil/spieler/15956,15956,Jesús Navas,Midfield - Right Midfield,N/A,Success
Álvaro Negredo,https://www.transfermarkt.com/lvaro-negredo/profil/spieler/18644,18644,Álvaro Negredo,Attack - Centre-Forward,N/A,Success
Antonio Nocerino,https://www.transfermarkt.com/antonio-nocerino/profil/spieler/22203,22203,Antonio Nocerino,Midfield - Central Midfield,N/A,Success
Craig Noone,https://www.transfermarkt.com/craig-noone/profil/spieler/81202,81202,Craig Noone,Attack - Right Winger,Warrington,Success
Stuart O'Keefe,https://www.transfermarkt.com/stuart-okeefe/profil/spieler/93626,93626,Stuart O'Keefe,Midfield - Central Midfield,Without Club,Success
Jores Okore,https://www.transfermarkt.com/jores-okore/profil/spieler/129085,129085,Jores Okore,Defender - Centre-Back,N/A,Success
Dani Osvaldo,https://www.transfermarkt.com/dani-osvaldo/profil/spieler/37389,37389,Daniel Osvaldo,Attack - Centre-Forward,N/A,Success
Mesut Özil,https://www.transfermarkt.com/mesut-zil/profil/spieler/35664,35664,Mesut Özil,Midfield - Attacking Midfield,N/A,Success
Costel Pantilimon,https://www.transfermarkt.com/costel-pantilimon/profil/spieler/47659,47659,Costel Pantilimon,Goalkeeper,N/A,Success
Jonathan Parr,https://www.transfermarkt.com/jonathan-parr/profil/spieler/41665,41665,Jonathan Parr,Defender - Left-Back,N/A,Success
Paulinho,https://www.transfermarkt.com/paulinho/profil/spieler/57229,57229,Paulinho,Midfield - Central Midfield,N/A,Success
Erik Pieters,https://www.transfermarkt.com/erik-pieters/profil/spieler/43763,43763,Erik Pieters,Defender - Left-Back,Without Club,Success
Alejandro Pozuelo,https://www.transfermarkt.com/alejandro-pozuelo/profil/spieler/188853,188853,Alejandro Pozuelo,Midfield - Attacking Midfield,Palm City,Success
Alex Pritchard,https://www.transfermarkt.com/alex-pritchard/profil/spieler/200777,200777,Alex Pritchard,Midfield - Attacking Midfield,Without Club,Success
Nick Proschwitz,https://www.transfermarkt.com/nick-proschwitz/profil/spieler/31535,31535,Nick Proschwitz,Attack - Centre-Forward,Unknown,Success
Stephen Quinn,https://www.transfermarkt.com/stephen-quinn/profil/spieler/43266,43266,Stephen Quinn,Midfield - Central Midfield,Without Club,Success
Răzvan Raț,https://www.transfermarkt.com/rzvan-ra/profil/spieler/14940,14940,Răzvan Raț,Defender - Left-Back,N/A,Success
Nathan Redmond,https://www.transfermarkt.com/nathan-redmond/profil/spieler/129078,129078,Nathan Redmond,Attack - Right Winger,Without Club,Success
Harrison Reed,https://www.transfermarkt.com/harrison-reed/profil/spieler/226973,226973,Harrison Reed,Midfield - Central Midfield,Fulham,Success
Valentin Roberge,https://www.transfermarkt.com/valentin-roberge/profil/spieler/87422,87422,Valentin Roberge,Defender - Centre-Back,AEK Larnaca,Success
Patrick Roberts,https://www.transfermarkt.com/patrick-roberts/profil/spieler/225452,225452,Patrick Roberts,Attack - Right Winger,Birmingham,Success
Callum Robinson,https://www.transfermarkt.com/callum-robinson/profil/spieler/183299,183299,Callum Robinson,Attack - Centre-Forward,Cardiff,Success
Liam Rosenior,https://www.transfermarkt.com/liam-rosenior/profil/spieler/15166,15166,Liam Rosenior,Defender - Right-Back,N/A,Success
Yannick Sagbo,https://www.transfermarkt.com/yannick-sagbo/profil/spieler/60591,60591,Yannick Sagbo,Attack - Centre-Forward,N/A,Success
Mamadou Sakho,https://www.transfermarkt.com/mamadou-sakho/profil/spieler/47713,47713,Mamadou Sakho,Defender - Centre-Back,N/A,Success
Mohamed Salah,https://www.transfermarkt.com/mohamed-salah/profil/spieler/148455,148455,Mohamed Salah,Attack - Right Winger,Liverpool,Success
Yaya Sanogo,https://www.transfermarkt.com/yaya-sanogo/profil/spieler/127194,127194,Yaya Sanogo,Attack - Centre-Forward,Without Club,Success
André Schürrle,https://www.transfermarkt.com/andr-schrrle/profil/spieler/58205,58205,André Schürrle,Attack - Left Winger,N/A,Success
Ignacio Scocco,https://www.transfermarkt.com/ignacio-scocco/profil/spieler/51088,51088,Ignacio Scocco,Attack - Centre-Forward,N/A,Success
Brad Smith,https://www.transfermarkt.com/brad-smith/profil/spieler/175745,175745,Brad Smith,Defender - Left-Back,Without Club,Success
Roberto Soldado,https://www.transfermarkt.com/roberto-soldado/profil/spieler/34870,34870,Roberto Soldado,Attack - Centre-Forward,N/A,Success
Julián Speroni,https://www.transfermarkt.com/julin-speroni/profil/spieler/12814,12814,Julián Speroni,Goalkeeper,N/A,Success
Maarten Stekelenburg,https://www.transfermarkt.com/maarten-stekelenburg/profil/spieler/4311,4311,Maarten Stekelenburg,Goalkeeper,N/A,Success
John Stones,https://www.transfermarkt.com/john-stones/profil/spieler/186590,186590,John Stones,Defender - Centre-Back,Man City,Success
John Swift,https://www.transfermarkt.com/john-swift/profil/spieler/197693,197693,John Swift,Midfield - Attacking Midfield,Portsmouth,Success
Muamer Tanković,https://www.transfermarkt.com/muamer-tankovi/profil/spieler/198513,198513,Muamer Tankovic,Attack - Right Winger,Omonia Nicosia,Success
Andrew Taylor,https://www.transfermarkt.com/andrew-taylor/profil/spieler/29158,29158,Andrew Taylor,Defender - Left-Back,N/A,Success
Kévin Théophile-Catherine,https://www.transfermarkt.com/kvin-thophile-catherine/profil/spieler/60603,60603,Kévin Théophile-Catherine,Defender - Centre-Back,Dinamo Zagreb,Success
Aleksandar Tonev,https://www.transfermarkt.com/aleksandar-tonev/profil/spieler/87282,87282,Aleksandar Tonev,Attack - Left Winger,N/A,Success
Lacina Traoré,https://www.transfermarkt.com/lacina-traor/profil/spieler/69006,69006,Lacina Traoré,Attack - Centre-Forward,N/A,Success
Ryan Tunnicliffe,https://www.transfermarkt.com/ryan-tunnicliffe/profil/spieler/110868,110868,Ryan Tunnicliffe,Midfield - Central Midfield,Without Club,Success
Ben Turner,https://www.transfermarkt.com/ben-turner/profil/spieler/39518,39518,Ben Turner,Defender - Centre-Back,N/A,Success
Álvaro Vázquez,https://www.transfermarkt.com/lvaro-vzquez/profil/spieler/141835,141835,Álvaro Vázquez,Attack - Centre-Forward,Arenas Club,Success
Miloš Veljković,https://www.transfermarkt.com/milo-veljkovi/profil/spieler/202228,202228,Milos Veljkovic,Defender - Centre-Back,Red Star,Success
Santiago Vergini,https://www.transfermarkt.com/santiago-vergini/profil/spieler/94783,94783,Santiago Vergini,Defender - Centre-Back,N/A,Success
Matěj Vydra,https://www.transfermarkt.com/matj-vydra/profil/spieler/101500,101500,Matej Vydra,Attack - Centre-Forward,Viktoria Plzeň,Success
Victor Wanyama,https://www.transfermarkt.com/victor-wanyama/profil/spieler/77760,77760,Victor Wanyama,Midfield - Defensive Midfield,Without Club,Success
Joel Ward,https://www.transfermarkt.com/joel-ward/profil/spieler/92572,92572,Joel Ward,Defender - Right-Back,Swansea,Success
Peter Whittingham,https://www.transfermarkt.com/peter-whittingham/profil/spieler/3762,3762,Peter Whittingham,Midfield - Central Midfield,N/A,Success
Jonny Williams,https://www.transfermarkt.com/jonny-williams/profil/spieler/170322,170322,Jonny Williams,Midfield - Attacking Midfield,Gillingham,Success
Magnus Wolff Eikrem,https://www.transfermarkt.com/magnus-wolff-eikrem/profil/spieler/54775,54775,Magnus Wolff Eikrem,Attack - Second Striker,Without Club,Success
Ricky van Wolfswinkel,https://www.transfermarkt.com/ricky-van-wolfswinkel/profil/spieler/41355,41355,Ricky van Wolfswinkel,Attack - Centre-Forward,Twente FC,Success
Cauley Woodrow,https://www.transfermarkt.com/cauley-woodrow/profil/spieler/169801,169801,Cauley Woodrow,Attack - Centre-Forward,Wycombe,Success
Joseph Yobo,https://www.transfermarkt.com/joseph-yobo/profil/spieler/3270,3270,Joseph Yobo,Defender - Centre-Back,N/A,Success
Wilfried Zaha,https://www.transfermarkt.com/wilfried-zaha/profil/spieler/145988,145988,Wilfried Zaha,Attack - Left Winger,Charlotte,Success
Elsad Zverotić,https://www.transfermarkt.com/elsad-zveroti/profil/spieler/25542,25542,Elsad Zverotic,Defender - Right-Back,N/A,Success
Rolando Aarons,https://www.transfermarkt.com/rolando-aarons/profil/spieler/258188,258188,Rolando Aarons,Attack - Left Winger,Without Club,Success
Mehdi Abeid,https://www.transfermarkt.com/mehdi-abeid/profil/spieler/111036,111036,Mehdi Abeid,Midfield - Central Midfield,Without Club,Success
Toby Alderweireld,https://www.transfermarkt.com/toby-alderweireld/profil/spieler/42710,42710,Toby Alderweireld,Defender - Centre-Back,N/A,Success
Jak Alnwick,https://www.transfermarkt.com/jak-alnwick/profil/spieler/128895,128895,Jak Alnwick,Goalkeeper,Huddersfield,Success
Ricky Álvarez,https://www.transfermarkt.com/ricky-lvarez/profil/spieler/76077,76077,Ricardo Álvarez,Midfield - Central Midfield,N/A,Success
Scott Arfield,https://www.transfermarkt.com/scott-arfield/profil/spieler/55291,55291,Scott Arfield,Midfield - Central Midfield,Livingston FC,Success
Christian Atsu,https://www.transfermarkt.com/christian-atsu/profil/spieler/186997,186997,Christian Atsu,Attack - Left Winger,N/A,Success
Charlie Austin,https://www.transfermarkt.com/charlie-austin/profil/spieler/129627,129627,Charlie Austin,Attack - Centre-Forward,Hungerford,Success
Ashley Barnes,https://www.transfermarkt.com/ashley-barnes/profil/spieler/63200,63200,Ashley Barnes,Attack - Centre-Forward,Burnley,Success
Modou Barrow,https://www.transfermarkt.com/modou-barrow/profil/spieler/189070,189070,Modou Barrow,Attack - Left Winger,Without Club,Success
Héctor Bellerín,https://www.transfermarkt.com/hctor-bellern/profil/spieler/191217,191217,Héctor Bellerín,Defender - Right-Back,Real Betis,Success
Muhamed Bešić,https://www.transfermarkt.com/muhamed-bei/profil/spieler/93905,93905,Muhamed Besic,Midfield - Defensive Midfield,Spartak,Success
Tyler Blackett,https://www.transfermarkt.com/tyler-blackett/profil/spieler/134414,134414,Tyler Blackett,Defender - Centre-Back,Without Club,Success
Sebastián Blanco,https://www.transfermarkt.com/sebastin-blanco/profil/spieler/54576,54576,Sebastián Blanco,Midfield - Attacking Midfield,Miami FC,Success
Daley Blind,https://www.transfermarkt.com/daley-blind/profil/spieler/12282,12282,Daley Blind,Defender - Centre-Back,Girona,Success
Tyias Browning,https://www.transfermarkt.com/tyias-browning/profil/spieler/156934,156934,Tyias Browning,Defender - Centre-Back,SH Port,Success
Will Buckley,https://www.transfermarkt.com/will-buckley/profil/spieler/77329,77329,Will Buckley,Attack - Right Winger,N/A,Success
Reece Burke,https://www.transfermarkt.com/reece-burke/profil/spieler/264220,264220,Reece Burke,Defender - Centre-Back,Charlton,Success
Willy Caballero,https://www.transfermarkt.com/willy-caballero/profil/spieler/19948,19948,Willy Caballero,Goalkeeper,N/A,Success
Rémy Cabella,https://www.transfermarkt.com/rmy-cabella/profil/spieler/113707,113707,Rémy Cabella,Midfield - Attacking Midfield,FC Nantes,Success
Esteban Cambiasso,https://www.transfermarkt.com/esteban-cambiasso/profil/spieler/7520,7520,Esteban Cambiasso,Midfield - Defensive Midfield,N/A,Success
Joel Campbell,https://www.transfermarkt.com/joel-campbell/profil/spieler/131248,131248,Joel Campbell,Attack - Second Striker,LD Alajuelense,Success
Emre Can,https://www.transfermarkt.com/emre-can/profil/spieler/119296,119296,Emre Can,Defender - Centre-Back,Dortmund,Success
Nathaniel Chalobah,https://www.transfermarkt.com/nathaniel-chalobah/profil/spieler/128900,128900,Nathaniel Chalobah,Midfield - Defensive Midfield,Sheff Wed,Success
Andreas Christensen,https://www.transfermarkt.com/andreas-christensen/profil/spieler/196948,196948,Andreas Christensen,Defender - Centre-Back,Barcelona,Success
Brandon Comley,https://www.transfermarkt.com/brandon-comley/profil/spieler/362809,362809,Brandon Comley,Midfield - Defensive Midfield,Walsall,Success
Diego Costa,https://www.transfermarkt.com/diego-costa/profil/spieler/44779,44779,Diego Costa,Attack - Centre-Forward,Without Club,Success
Thibaut Courtois,https://www.transfermarkt.com/thibaut-courtois/profil/spieler/108390,108390,Thibaut Courtois,Goalkeeper,Real Madrid,Success
Aaron Cresswell,https://www.transfermarkt.com/aaron-cresswell/profil/spieler/92571,92571,Aaron Cresswell,Defender - Left-Back,Stoke City,Success
Juan Cuadrado,https://www.transfermarkt.com/juan-cuadrado/profil/spieler/91970,91970,Juan Cuadrado,Midfield - Right Midfield,Pisa,Success
Jason Davidson,https://www.transfermarkt.com/jason-davidson/profil/spieler/137669,137669,Jason Davidson,Defender - Left-Back,Melb. Victory,Success
Ángel Di María,https://www.transfermarkt.com/ngel-di-mara/profil/spieler/45320,45320,Ángel Di María,Attack - Right Winger,Rosario Central,Success
Eric Dier,https://www.transfermarkt.com/eric-dier/profil/spieler/175722,175722,Eric Dier,Defender - Centre-Back,Monaco,Success
Michael Doughty,https://www.transfermarkt.com/michael-doughty/profil/spieler/173832,173832,Michael Doughty,Midfield - Central Midfield,N/A,Success
Danny Drinkwater,https://www.transfermarkt.com/danny-drinkwater/profil/spieler/73491,73491,Danny Drinkwater,Midfield - Central Midfield,Wythenshawe,Success
Eljero Elia,https://www.transfermarkt.com/eljero-elia/profil/spieler/27805,27805,Eljero Elia,Attack - Left Winger,Madestein,Success
Radamel Falcao,https://www.transfermarkt.com/radamel-falcao/profil/spieler/39152,39152,Radamel Falcao,Attack - Centre-Forward,Millonarios,Success
Federico Fazio,https://www.transfermarkt.com/federico-fazio/profil/spieler/45314,45314,Federico Fazio,Defender - Centre-Back,N/A,Success
Federico Fernández,https://www.transfermarkt.com/federico-fernndez/profil/spieler/85475,85475,Federico Fernández,Defender - Centre-Back,N/A,Success
Fraser Forster,https://www.transfermarkt.com/fraser-forster/profil/spieler/52570,52570,Fraser Forster,Goalkeeper,Bournemouth,Success
Darnell Furlong,https://www.transfermarkt.com/darnell-furlong/profil/spieler/351755,351755,Darnell Furlong,Defender - Right-Back,Ipswich,Success
Brendan Galloway,https://www.transfermarkt.com/brendan-galloway/profil/spieler/208244,208244,Brendan Galloway,Defender - Centre-Back,Plymouth,Success
Cristian Gamboa,https://www.transfermarkt.com/cristian-gamboa/profil/spieler/121686,121686,Cristian Gamboa,Defender - Right-Back,N/A,Success
Dominic Gape,https://www.transfermarkt.com/dominic-gape/profil/spieler/226964,226964,Dominic Gape,Midfield - Defensive Midfield,Colchester Utd.,Success
Florin Gardoș,https://www.transfermarkt.com/florin-gardo/profil/spieler/57423,57423,Florin Gardoș,Defender - Centre-Back,N/A,Success
Carles Gil,https://www.transfermarkt.com/carles-gil/profil/spieler/127987,127987,Carles Gil,Midfield - Attacking Midfield,New England,Success
Bafétimbi Gomis,https://www.transfermarkt.com/baftimbi-gomis/profil/spieler/22388,22388,Bafétimbi Gomis,Attack - Centre-Forward,N/A,Success
Kenji Gorré,https://www.transfermarkt.com/kenji-gorr/profil/spieler/374889,374889,Kenji Gorré,Attack - Left Winger,Maccabi Haifa,Success
Reece Grego-Cox,https://www.transfermarkt.com/reece-grego-cox/profil/spieler/264199,264199,Reece Grego-Cox,Midfield - Right Midfield,Hampton & Rich.,Success
Matt Grimes,https://www.transfermarkt.com/matt-grimes/profil/spieler/265471,265471,Matt Grimes,Midfield - Defensive Midfield,Coventry,Success
Ben Hamer,https://www.transfermarkt.com/ben-hamer/profil/spieler/67283,67283,Ben Hamer,Goalkeeper,QPR,Success
Dean Hammond,https://www.transfermarkt.com/dean-hammond/profil/spieler/33065,33065,Dean Hammond,Midfield - Central Midfield,N/A,Success
Tom Heaton,https://www.transfermarkt.com/tom-heaton/profil/spieler/34130,34130,Tom Heaton,Goalkeeper,Man Utd,Success
Rushian Hepburn-Murphy,https://www.transfermarkt.com/rushian-hepburn-murphy/profil/spieler/314237,314237,Rushian Hepburn-Murphy,Attack - Centre-Forward,MK Dons,Success
Abel Hernández,https://www.transfermarkt.com/abel-hernndez/profil/spieler/76608,76608,Abel Hernández,Attack - Centre-Forward,Peñarol,Success
Ander Herrera,https://www.transfermarkt.com/ander-herrera/profil/spieler/99343,99343,Ander Herrera,Midfield - Central Midfield,Boca Juniors,Success
Jake Hesketh,https://www.transfermarkt.com/jake-hesketh/profil/spieler/315185,315185,Jake Hesketh,Midfield - Attacking Midfield,FC Sholing,Success
Brown Ideye,https://www.transfermarkt.com/brown-ideye/profil/spieler/64308,64308,Brown Ideye,Attack - Centre-Forward,N/A,Success
Danny Ings,https://www.transfermarkt.com/danny-ings/profil/spieler/134294,134294,Danny Ings,Attack - Centre-Forward,Sheff Utd,Success
Lloyd Isgrove,https://www.transfermarkt.com/lloyd-isgrove/profil/spieler/226965,226965,Lloyd Isgrove,Attack - Right Winger,St Albans,Success
Mauricio Isla,https://www.transfermarkt.com/mauricio-isla/profil/spieler/43722,43722,Mauricio Isla,Defender - Right-Back,Without Club,Success
Matty James,https://www.transfermarkt.com/matty-james/profil/spieler/73522,73522,Matty James,Midfield - Central Midfield,Wrexham,Success
Daryl Janmaat,https://www.transfermarkt.com/daryl-janmaat/profil/spieler/60744,60744,Daryl Janmaat,Defender - Right-Back,N/A,Success
Siem de Jong,https://www.transfermarkt.com/siem-de-jong/profil/spieler/45509,45509,Siem de Jong,Midfield - Attacking Midfield,N/A,Success
Lukas Jutkiewicz,https://www.transfermarkt.com/lukas-jutkiewicz/profil/spieler/33507,33507,Lukas Jutkiewicz,Attack - Centre-Forward,N/A,Success
Michael Keane,https://www.transfermarkt.com/michael-keane/profil/spieler/118534,118534,Michael Keane,Defender - Centre-Back,Everton,Success
Andy King,https://www.transfermarkt.com/andy-king/profil/spieler/56872,56872,Andy King,Midfield - Central Midfield,N/A,Success
Anthony Knockaert,https://www.transfermarkt.com/anthony-knockaert/profil/spieler/149237,149237,Anthony Knockaert,Attack - Right Winger,Mouscron,Success
Cheikhou Kouyaté,https://www.transfermarkt.com/cheikhou-kouyat/profil/spieler/66934,66934,Cheikhou Kouyaté,Midfield - Defensive Midfield,Without Club,Success
Cole Kpekawa,https://www.transfermarkt.com/cole-kpekawa/profil/spieler/347895,347895,Cole Kpekawa,Defender - Centre-Back,Potters Bar,Success
Andrej Kramarić,https://www.transfermarkt.com/andrej-kramari/profil/spieler/46580,46580,Andrej Kramaric,Midfield - Attacking Midfield,Hoffenheim,Success
Bojan Krkić,https://www.transfermarkt.com/bojan-krki/profil/spieler/44675,44675,Bojan Krkic,Attack - Second Striker,N/A,Success
Daniel Lafferty,https://www.transfermarkt.com/daniel-lafferty/profil/spieler/85928,85928,Danny Lafferty,Defender - Left-Back,Ballymena Utd,Success
Jesse Lingard,https://www.transfermarkt.com/jesse-lingard/profil/spieler/141660,141660,Jesse Lingard,Midfield - Attacking Midfield,Without Club,Success
Ruben Loftus-Cheek,https://www.transfermarkt.com/ruben-loftus-cheek/profil/spieler/202886,202886,Ruben Loftus-Cheek,Midfield - Central Midfield,AC Milan,Success
Kevin Long,https://www.transfermarkt.com/kevin-long/profil/spieler/111114,111114,Kevin Long,Defender - Centre-Back,Without Club,Success
Filipe Luís,https://www.transfermarkt.com/filipe-lus/profil/spieler/21725,21725,Filipe Luís,Defender - Left-Back,N/A,Success
Harry Maguire,https://www.transfermarkt.com/harry-maguire/profil/spieler/177907,177907,Harry Maguire,Defender - Centre-Back,Man Utd,Success
Riyad Mahrez,https://www.transfermarkt.com/riyad-mahrez/profil/spieler/171424,171424,Riyad Mahrez,Attack - Right Winger,Al-Ahli,Success
Ainsley Maitland-Niles,https://www.transfermarkt.com/ainsley-maitland-niles/profil/spieler/285845,285845,Ainsley Maitland-Niles,Defender - Right-Back,Lyon,Success
Sadio Mané,https://www.transfermarkt.com/sadio-man/profil/spieler/200512,200512,Sadio Mané,Attack - Left Winger,Al-Nassr,Success
Eliaquim Mangala,https://www.transfermarkt.com/eliaquim-mangala/profil/spieler/90681,90681,Eliaquim Mangala,Defender - Centre-Back,Oriente P.,Success
Javier Manquillo,https://www.transfermarkt.com/javier-manquillo/profil/spieler/162029,162029,Javier Manquillo,Defender - Right-Back,N/A,Success
Lazar Marković,https://www.transfermarkt.com/lazar-markovi/profil/spieler/144303,144303,Lazar Markovic,Attack - Right Winger,Apol. Limassol,Success
Dean Marney,https://www.transfermarkt.com/dean-marney/profil/spieler/4055,4055,Dean Marney,Midfield - Central Midfield,N/A,Success
Emiliano Martínez,https://www.transfermarkt.com/emiliano-martnez/profil/spieler/111873,111873,Emiliano Martínez,Goalkeeper,Aston Villa,Success
Ryan Mason,https://www.transfermarkt.com/ryan-mason/profil/spieler/61834,61834,Ryan Mason,Midfield - Central Midfield,N/A,Success
Jason McCarthy,https://www.transfermarkt.com/jason-mccarthy/profil/spieler/227185,227185,Jason McCarthy,Defender - Right-Back,N/A,Success
Paddy McNair,https://www.transfermarkt.com/paddy-mcnair/profil/spieler/167268,167268,Paddy McNair,Defender - Centre-Back,Hull City,Success
Ben Mee,https://www.transfermarkt.com/ben-mee/profil/spieler/74810,74810,Ben Mee,Defender - Centre-Back,Sheff Utd,Success
Jefferson Montero,https://www.transfermarkt.com/jefferson-montero/profil/spieler/77932,77932,Jefferson Montero,Attack - Left Winger,FC St Helens,Success
Liam Moore,https://www.transfermarkt.com/liam-moore/profil/spieler/128906,128906,Liam Moore,Defender - Centre-Back,Spalding United,Success
Alberto Moreno,https://www.transfermarkt.com/alberto-moreno/profil/spieler/207917,207917,Alberto Moreno,Defender - Left-Back,Como,Success
Wes Morgan,https://www.transfermarkt.com/wes-morgan/profil/spieler/10003,10003,Wes Morgan,Defender - Centre-Back,N/A,Success
Dame N'Doye,https://www.transfermarkt.com/dame-ndoye/profil/spieler/44855,44855,Dame N'Doye,Attack - Centre-Forward,N/A,Success
David Nugent,https://www.transfermarkt.com/david-nugent/profil/spieler/33963,33963,David Nugent,Attack - Centre-Forward,Anstey Nomads,Success
Nélson Oliveira,https://www.transfermarkt.com/nlson-oliveira/profil/spieler/72768,72768,Nélson Oliveira,Attack - Centre-Forward,Vit. Guimarães,Success
David Ospina,https://www.transfermarkt.com/david-ospina/profil/spieler/73396,73396,David Ospina,Goalkeeper,Atl. Nacional,Success
Gabriel Paulista,https://www.transfermarkt.com/gabriel-paulista/profil/spieler/149498,149498,Gabriel Paulista,Defender - Centre-Back,Corinthians,Success
Graziano Pellè,https://www.transfermarkt.com/graziano-pell/profil/spieler/29594,29594,Graziano Pellè,Attack - Centre-Forward,N/A,Success
Andreas Pereira,https://www.transfermarkt.com/andreas-pereira/profil/spieler/203394,203394,Andreas Pereira,Midfield - Attacking Midfield,Palmeiras,Success
Ayoze Pérez,https://www.transfermarkt.com/ayoze-prez/profil/spieler/246968,246968,Ayoze Pérez,Attack - Centre-Forward,Villarreal,Success
Sébastien Pocognoli,https://www.transfermarkt.com/sbastien-pocognoli/profil/spieler/17804,17804,Sébastien Pocognoli,Defender - Left-Back,N/A,Success
Diego Poyet,https://www.transfermarkt.com/diego-poyet/profil/spieler/183286,183286,Diego Poyet,Midfield - Central Midfield,N/A,Success
Anthony Réveillère,https://www.transfermarkt.com/anthony-rveillre/profil/spieler/5668,5668,Anthony Réveillère,Defender - Right-Back,N/A,Success
Emmanuel Rivière,https://www.transfermarkt.com/emmanuel-rivire/profil/spieler/61637,61637,Emmanuel Rivière,Attack - Centre-Forward,N/A,Success
Andrew Robertson,https://www.transfermarkt.com/andrew-robertson/profil/spieler/234803,234803,Andrew Robertson,Defender - Left-Back,Liverpool,Success
Marcos Rojo,https://www.transfermarkt.com/marcos-rojo/profil/spieler/93176,93176,Marcos Rojo,Defender - Centre-Back,Racing Club,Success
Diafra Sakho,https://www.transfermarkt.com/diafra-sakho/profil/spieler/120610,120610,Diafra Sakho,Attack - Centre-Forward,N/A,Success
Georgios Samaras,https://www.transfermarkt.com/georgios-samaras/profil/spieler/6855,6855,Georgios Samaras,Attack - Left Winger,N/A,Success
Alexis Sánchez,https://www.transfermarkt.com/alexis-snchez/profil/spieler/40433,40433,Alexis Sánchez,Attack - Centre-Forward,Sevilla FC,Success
Jeffrey Schlupp,https://www.transfermarkt.com/jeffrey-schlupp/profil/spieler/157506,157506,Jeffrey Schlupp,Midfield - Left Midfield,Norwich,Success
Kasper Schmeichel,https://www.transfermarkt.com/kasper-schmeichel/profil/spieler/16911,16911,Kasper Schmeichel,Goalkeeper,Celtic,Success
Ryan Seager,https://www.transfermarkt.com/ryan-seager/profil/spieler/247647,247647,Ryan Seager,Attack - Centre-Forward,Havant & Water.,Success
Jason Shackell,https://www.transfermarkt.com/jason-shackell/profil/spieler/11756,11756,Jason Shackell,Defender - Centre-Back,N/A,Success
Ollie Shenton,https://www.transfermarkt.com/ollie-shenton/profil/spieler/335541,335541,Oliver Shenton,Midfield - Central Midfield,Leek Town FC,Success
Jerome Sinclair,https://www.transfermarkt.com/jerome-sinclair/profil/spieler/236513,236513,Jerome Sinclair,Attack - Centre-Forward,N/A,Success
Pape Souaré,https://www.transfermarkt.com/pape-souar/profil/spieler/125868,125868,Pape Souaré,Defender - Left-Back,AFC Croydon,Success
Benjamin Stambouli,https://www.transfermarkt.com/benjamin-stambouli/profil/spieler/127160,127160,Benjamin Stambouli,Midfield - Defensive Midfield,FC Metz,Success
Jed Steer,https://www.transfermarkt.com/jed-steer/profil/spieler/110867,110867,Jed Steer,Goalkeeper,N/A,Success
Dušan Tadić,https://www.transfermarkt.com/duan-tadi/profil/spieler/36139,36139,Dušan Tadić,Attack - Right Winger,Al-Wahda,Success
Matt Targett,https://www.transfermarkt.com/matt-targett/profil/spieler/250478,250478,Matt Targett,Defender - Left-Back,Middlesbrough,Success
Dionatan Teixeira,https://www.transfermarkt.com/dionatan-teixeira/profil/spieler/107617,107617,Dionatan Teixeira,Defender - Centre-Back,N/A,Success
Tom Thorpe,https://www.transfermarkt.com/tom-thorpe/profil/spieler/128911,128911,Tom Thorpe,Defender - Centre-Back,Without Club,Success
Kieran Trippier,https://www.transfermarkt.com/kieran-trippier/profil/spieler/95810,95810,Kieran Trippier,Defender - Right-Back,Newcastle,Success
Leonardo Ulloa,https://www.transfermarkt.com/leonardo-ulloa/profil/spieler/54890,54890,Leonardo Ulloa,Attack - Centre-Forward,N/A,Success
Fredrik Ulvestad,https://www.transfermarkt.com/fredrik-ulvestad/profil/spieler/158022,158022,Fredrik Ulvestad,Midfield - Defensive Midfield,Pogon Szczecin,Success
Víctor Valdés,https://www.transfermarkt.com/vctor-valds/profil/spieler/7589,7589,Víctor Valdés,Goalkeeper,N/A,Success
Enner Valencia,https://www.transfermarkt.com/enner-valencia/profil/spieler/139503,139503,Enner Valencia,Attack - Centre-Forward,Pachuca,Success
Jamie Vardy,https://www.transfermarkt.com/jamie-vardy/profil/spieler/197838,197838,Jamie Vardy,Attack - Centre-Forward,Cremonese,Success
Silvestre Varela,https://www.transfermarkt.com/silvestre-varela/profil/spieler/31316,31316,Varela,Attack - Left Winger,N/A,Success
Eduardo Vargas,https://www.transfermarkt.com/eduardo-vargas/profil/spieler/89718,89718,Eduardo Vargas,Attack - Centre-Forward,U. de Chile,Success
Ross Wallace,https://www.transfermarkt.com/ross-wallace/profil/spieler/9509,9509,Ross Wallace,Midfield - Right Midfield,N/A,Success
Marcin Wasilewski,https://www.transfermarkt.com/marcin-wasilewski/profil/spieler/16947,16947,Marcin Wasilewski,Defender - Centre-Back,N/A,Success
Philipp Wollscheid,https://www.transfermarkt.com/philipp-wollscheid/profil/spieler/53173,53173,Philipp Wollscheid,Defender - Centre-Back,N/A,Success
DeAndre Yedlin,https://www.transfermarkt.com/deandre-yedlin/profil/spieler/255916,255916,DeAndre Yedlin,Defender - Right-Back,Salt Lake,Success
Mauro Zárate,https://www.transfermarkt.com/mauro-zrate/profil/spieler/26456,26456,Mauro Zárate,Attack - Centre-Forward,N/A,Success
Kurt Zouma,https://www.transfermarkt.com/kurt-zouma/profil/spieler/157509,157509,Kurt Zouma,Defender - Centre-Back,Without Club,Success
Almen Abdi,https://www.transfermarkt.com/almen-abdi/profil/spieler/9966,9966,Almen Abdi,Midfield - Central Midfield,N/A,Success
Tammy Abraham,https://www.transfermarkt.com/tammy-abraham/profil/spieler/331726,331726,Tammy Abraham,Attack - Centre-Forward,Aston Villa,Success
Ibrahim Afellay,https://www.transfermarkt.com/ibrahim-afellay/profil/spieler/15760,15760,Ibrahim Afellay,Midfield - Attacking Midfield,N/A,Success
Benik Afobe,https://www.transfermarkt.com/benik-afobe/profil/spieler/110858,110858,Benik Afobe,Attack - Centre-Forward,Al-Arabi,Success
Dele Alli,https://www.transfermarkt.com/dele-alli/profil/spieler/207929,207929,Dele Alli,Midfield - Attacking Midfield,Without Club,Success
Ryan Allsop,https://www.transfermarkt.com/ryan-allsop/profil/spieler/111073,111073,Ryan Allsop,Goalkeeper,Birmingham,Success
Daniel Amartey,https://www.transfermarkt.com/daniel-amartey/profil/spieler/214056,214056,Daniel Amartey,Defender - Centre-Back,Without Club,Success
Jordan Amavi,https://www.transfermarkt.com/jordan-amavi/profil/spieler/241229,241229,Jordan Amavi,Defender - Left-Back,Without Club,Success
Nordin Amrabat,https://www.transfermarkt.com/nordin-amrabat/profil/spieler/55619,55619,Nordin Amrabat,Attack - Right Winger,Wydad AC,Success
José Ángel Crespo,https://www.transfermarkt.com/jos-ngel-crespo/profil/spieler/37397,37397,José Crespo,Defender - Centre-Back,N/A,Success
Michail Antonio,https://www.transfermarkt.com/michail-antonio/profil/spieler/104124,104124,Michail Antonio,Attack - Centre-Forward,Without Club,Success
Ikechi Anya,https://www.transfermarkt.com/ikechi-anya/profil/spieler/107427,107427,Ikechi Anya,Midfield - Left Midfield,N/A,Success
Giedrius Arlauskis,https://www.transfermarkt.com/giedrius-arlauskis/profil/spieler/69001,69001,Giedrius Arlauskis,Goalkeeper,N/A,Success
Harry Arter,https://www.transfermarkt.com/harry-arter/profil/spieler/55742,55742,Harry Arter,Midfield - Central Midfield,Precision FC,Success
André Ayew,https://www.transfermarkt.com/andr-ayew/profil/spieler/45403,45403,André Ayew,Attack - Centre-Forward,NAC Breda,Success
Jordan Ayew,https://www.transfermarkt.com/jordan-ayew/profil/spieler/108354,108354,Jordan Ayew,Attack - Centre-Forward,Leicester,Success
Patrick Bamford,https://www.transfermarkt.com/patrick-bamford/profil/spieler/183334,183334,Patrick Bamford,Attack - Centre-Forward,Sheff Utd,Success
Yohan Benalouane,https://www.transfermarkt.com/yohan-benalouane/profil/spieler/50477,50477,Yohan Benalouane,Defender - Centre-Back,N/A,Success
Steven Berghuis,https://www.transfermarkt.com/steven-berghuis/profil/spieler/129554,129554,Steven Berghuis,Attack - Right Winger,Ajax,Success
Hiram Boateng,https://www.transfermarkt.com/hiram-boateng/profil/spieler/244125,244125,Hiram Boateng,Midfield - Central Midfield,York City,Success
Cameron Borthwick-Jackson,https://www.transfermarkt.com/cameron-borthwick-jackson/profil/spieler/258879,258879,Cameron Borthwick-Jackson,Defender - Left-Back,Macclesfield,Success
Cameron Brannagan,https://www.transfermarkt.com/cameron-brannagan/profil/spieler/261357,261357,Cameron Brannagan,Midfield - Central Midfield,Oxford United,Success
Miguel Britos,https://www.transfermarkt.com/miguel-britos/profil/spieler/76799,76799,Miguel Britos,Defender - Centre-Back,N/A,Success
Sam Byram,https://www.transfermarkt.com/sam-byram/profil/spieler/236953,236953,Sam Byram,Defender - Left-Back,Leeds,Success
Sergi Canós,https://www.transfermarkt.com/sergi-cans/profil/spieler/251845,251845,Sergi Canós,Attack - Left Winger,Real Valladolid,Success
Juan Carlos Paredes,https://www.transfermarkt.com/juan-carlos-paredes/profil/spieler/100507,100507,Juan Carlos Paredes,Midfield - Defensive Midfield,22 de Julio,Success
Bersant Celina,https://www.transfermarkt.com/bersant-celina/profil/spieler/229695,229695,Bersant Celina,Midfield - Attacking Midfield,AIK,Success
Pedro Chirivella,https://www.transfermarkt.com/pedro-chirivella/profil/spieler/242273,242273,Pedro Chirivella,Midfield - Defensive Midfield,Panathinaikos,Success
Jake Clarke-Salter,https://www.transfermarkt.com/jake-clarke-salter/profil/spieler/316551,316551,Jake Clarke-Salter,Defender - Centre-Back,QPR,Success
Jordy Clasie,https://www.transfermarkt.com/jordy-clasie/profil/spieler/104223,104223,Jordy Clasie,Midfield - Defensive Midfield,AZ Alkmaar,Success
Callum Connolly,https://www.transfermarkt.com/callum-connolly/profil/spieler/308632,308632,Callum Connolly,Defender - Centre-Back,Stockport,Success
Steve Cook,https://www.transfermarkt.com/steve-cook/profil/spieler/90836,90836,Steve Cook,Defender - Centre-Back,QPR,Success
Josh Cullen,https://www.transfermarkt.com/josh-cullen/profil/spieler/242606,242606,Josh Cullen,Midfield - Central Midfield,Burnley,Success
Charlie Daniels,https://www.transfermarkt.com/charlie-daniels/profil/spieler/61819,61819,Charlie Daniels,Defender - Left-Back,N/A,Success
Karl Darlow,https://www.transfermarkt.com/karl-darlow/profil/spieler/99397,99397,Karl Darlow,Goalkeeper,Leeds,Success
Matteo Darmian,https://www.transfermarkt.com/matteo-darmian/profil/spieler/54906,54906,Matteo Darmian,Defender - Right-Back,Inter,Success
Tom Davies,https://www.transfermarkt.com/tom-davies/profil/spieler/314210,314210,Tom Davies,Midfield - Central Midfield,Sheff Utd,Success
Troy Deeney,https://www.transfermarkt.com/troy-deeney/profil/spieler/65477,65477,Troy Deeney,Attack - Centre-Forward,Without Club,Success
Joe Dodoo,https://www.transfermarkt.com/joe-dodoo/profil/spieler/261738,261738,Joseph Dodoo,Attack - Left Winger,Alfreton,Success
Seydou Doumbia,https://www.transfermarkt.com/seydou-doumbia/profil/spieler/75287,75287,Seydou Doumbia,Attack - Centre-Forward,N/A,Success
Kieran Dowell,https://www.transfermarkt.com/kieran-dowell/profil/spieler/258916,258916,Kieran Dowell,Midfield - Attacking Midfield,Hull City,Success
Mohamed Elneny,https://www.transfermarkt.com/mohamed-elneny/profil/spieler/160438,160438,Mohamed Elneny,Midfield - Defensive Midfield,Al-Jazira,Success
Tommy Elphick,https://www.transfermarkt.com/tommy-elphick/profil/spieler/37152,37152,Tommy Elphick,Defender - Centre-Back,N/A,Success
Emmanuel Emenike,https://www.transfermarkt.com/emmanuel-emenike/profil/spieler/120630,120630,Emmanuel Emenike,Attack - Centre-Forward,N/A,Success
Sam Field,https://www.transfermarkt.com/sam-field/profil/spieler/387331,387331,Sam Field,Midfield - Defensive Midfield,Norwich,Success
Roberto Firmino,https://www.transfermarkt.com/roberto-firmino/profil/spieler/131789,131789,Roberto Firmino,Attack - Centre-Forward,Al-Sadd,Success
Timothy Fosu-Mensah,https://www.transfermarkt.com/timothy-fosu-mensah/profil/spieler/315131,315131,Timothy Fosu-Mensah,Defender - Right-Back,Without Club,Success
Simon Francis,https://www.transfermarkt.com/simon-francis/profil/spieler/13573,13573,Simon Francis,Defender - Right-Back,N/A,Success
Christian Fuchs,https://www.transfermarkt.com/christian-fuchs/profil/spieler/6636,6636,Christian Fuchs,Defender - Left-Back,N/A,Success
Ramiro Funes Mori,https://www.transfermarkt.com/ramiro-funes-mori/profil/spieler/11111,11111,Ramiro Funes Mori,Defender - Centre-Back,Estudiantes LP,Success
Idrissa Gana Gueye,https://www.transfermarkt.com/idrissa-gana-gueye/profil/spieler/126665,126665,Idrissa Gueye,Midfield - Defensive Midfield,Everton,Success
Manu García,https://www.transfermarkt.com/manu-garca/profil/spieler/277118,277118,Manu García,Midfield - Attacking Midfield,Kansas City,Success
Joe Gomez,https://www.transfermarkt.com/joe-gomez/profil/spieler/256178,256178,Joe Gomez,Defender - Centre-Back,Liverpool,Success
Lewis Grabban,https://www.transfermarkt.com/lewis-grabban/profil/spieler/35413,35413,Lewis Grabban,Attack - Centre-Forward,N/A,Success
Max Gradel,https://www.transfermarkt.com/max-gradel/profil/spieler/28140,28140,Max Gradel,Attack - Left Winger,Without Club,Success
Demarai Gray,https://www.transfermarkt.com/demarai-gray/profil/spieler/292417,292417,Demarai Gray,Attack - Left Winger,Birmingham,Success
André Green,https://www.transfermarkt.com/andr-green/profil/spieler/309841,309841,Andre Green,Attack - Left Winger,Avs FS,Success
Rees Greenwood,https://www.transfermarkt.com/rees-greenwood/profil/spieler/320213,320213,Rees Greenwood,Midfield - Attacking Midfield,Without Club,Success
Jakob Haugaard,https://www.transfermarkt.com/jakob-haugaard/profil/spieler/138335,138335,Jakob Haugaard,Goalkeeper,Tromsø,Success
José Holebas,https://www.transfermarkt.com/jos-holebas/profil/spieler/41112,41112,Jose Cholevas,Defender - Left-Back,N/A,Success
George Honeyman,https://www.transfermarkt.com/george-honeyman/profil/spieler/218140,218140,George Honeyman,Midfield - Attacking Midfield,Blackpool,Success
Víctor Ibarbo,https://www.transfermarkt.com/vctor-ibarbo/profil/spieler/92141,92141,Víctor Ibarbo,Attack - Second Striker,N/A,Success
Odion Ighalo,https://www.transfermarkt.com/odion-ighalo/profil/spieler/62121,62121,Odion Ighalo,Attack - Centre-Forward,Without Club,Success
Kelechi Iheanacho,https://www.transfermarkt.com/kelechi-iheanacho/profil/spieler/295330,295330,Kelechi Iheanacho,Attack - Centre-Forward,Celtic,Success
Giannelli Imbula,https://www.transfermarkt.com/giannelli-imbula/profil/spieler/130756,130756,Giannelli Imbula,Midfield - Defensive Midfield,N/A,Success
Gökhan Inler,https://www.transfermarkt.com/gkhan-inler/profil/spieler/19041,19041,Gökhan Inler,Midfield - Defensive Midfield,N/A,Success
Juan Iturbe,https://www.transfermarkt.com/juan-iturbe/profil/spieler/81455,81455,Juan Iturbe,Attack - Second Striker,Cerro Porteño,Success
Alex Iwobi,https://www.transfermarkt.com/alex-iwobi/profil/spieler/242631,242631,Alex Iwobi,Attack - Left Winger,Fulham,Success
Joselu,https://www.transfermarkt.com/joselu/profil/spieler/81999,81999,Joselu,Attack - Centre-Forward,Al-Gharafa,Success
Juanmi,https://www.transfermarkt.com/juanmi/profil/spieler/126737,126737,Juanmi,Attack - Left Winger,Getafe,Success
Sullay Kaikai,https://www.transfermarkt.com/sullay-kaikai/profil/spieler/244130,244130,Sullay Kaikai,Attack - Left Winger,Cambridge Utd.,Success
N'Golo Kanté,https://www.transfermarkt.com/ngolo-kant/profil/spieler/225083,225083,N'Golo Kanté,Midfield - Defensive Midfield,Fenerbahçe,Success
Kenedy,https://www.transfermarkt.com/kenedy/profil/spieler/281404,281404,Kenedy,Attack - Left Winger,Pachuca,Success
Jonjoe Kenny,https://www.transfermarkt.com/jonjoe-kenny/profil/spieler/258883,258883,Jonjoe Kenny,Defender - Right-Back,PAOK,Success
Yann Kermorgant,https://www.transfermarkt.com/yann-kermorgant/profil/spieler/57410,57410,Yann Kermorgant,Attack - Centre-Forward,N/A,Success
Wahbi Khazri,https://www.transfermarkt.com/wahbi-khazri/profil/spieler/103565,103565,Wahbi Khazri,Attack - Left Winger,N/A,Success
Joshua King,https://www.transfermarkt.com/joshua-king/profil/spieler/91059,91059,Joshua King,Attack - Centre-Forward,Al-Khaleej,Success
Stephen Kingsley,https://www.transfermarkt.com/stephen-kingsley/profil/spieler/184398,184398,Stephen Kingsley,Defender - Left-Back,Heart of Midl.,Success
Jan Kirchhoff,https://www.transfermarkt.com/jan-kirchhoff/profil/spieler/49734,49734,Jan Kirchhoff,Midfield - Defensive Midfield,N/A,Success
Timm Klose,https://www.transfermarkt.com/timm-klose/profil/spieler/65255,65255,Timm Klose,Defender - Centre-Back,N/A,Success
Lamine Koné,https://www.transfermarkt.com/lamine-kon/profil/spieler/57420,57420,Lamine Koné,Defender - Centre-Back,N/A,Success
Kyle Lafferty,https://www.transfermarkt.com/kyle-lafferty/profil/spieler/36884,36884,Kyle Lafferty,Attack - Centre-Forward,Johnstone Burgh,Success
Manuel Lanzini,https://www.transfermarkt.com/manuel-lanzini/profil/spieler/135853,135853,Manuel Lanzini,Midfield - Attacking Midfield,Vélez Sarsfield,Success
Jamaal Lascelles,https://www.transfermarkt.com/jamaal-lascelles/profil/spieler/183318,183318,Jamaal Lascelles,Defender - Centre-Back,Leicester,Success
Miguel Layún,https://www.transfermarkt.com/miguel-layn/profil/spieler/58576,58576,Miguel Layún,Defender - Right-Back,N/A,Success
Jonathan Leko,https://www.transfermarkt.com/jonathan-leko/profil/spieler/314266,314266,Jonathan Leko,Attack - Right Winger,MK Dons,Success
Jeremain Lens,https://www.transfermarkt.com/jeremain-lens/profil/spieler/38497,38497,Jeremain Lens,Attack - Right Winger,Real Sranang,Success
Donald Love,https://www.transfermarkt.com/donald-love/profil/spieler/179451,179451,Donald Love,Defender - Right-Back,Accrington,Success
Jordan Lyden,https://www.transfermarkt.com/jordan-lyden/profil/spieler/251289,251289,Jordan Lyden,Midfield - Central Midfield,Bromsgrove Spo,Success
Yann M'Vila,https://www.transfermarkt.com/yann-mvila/profil/spieler/60573,60573,Yann M'Vila,Midfield - Defensive Midfield,SM Caen,Success
Shaun MacDonald,https://www.transfermarkt.com/shaun-macdonald/profil/spieler/10375,10375,Shaun MacDonald,Midfield - Central Midfield,Trefelin BGC,Success
José Manuel Jurado,https://www.transfermarkt.com/jos-manuel-jurado/profil/spieler/28261,28261,José Manuel Jurado,Midfield - Attacking Midfield,N/A,Success
Anthony Martial,https://www.transfermarkt.com/anthony-martial/profil/spieler/182877,182877,Anthony Martial,Attack - Centre-Forward,Monterrey,Success
Cuco Martina,https://www.transfermarkt.com/cuco-martina/profil/spieler/91251,91251,Cuco Martina,Defender - Centre-Back,Victory Boys,Success
Adam Matthews,https://www.transfermarkt.com/adam-matthews/profil/spieler/108878,108878,Adam Matthews,Defender - Right-Back,Shamrock Rovers,Success
Kevin Mbabu,https://www.transfermarkt.com/kevin-mbabu/profil/spieler/183321,183321,Kevin Mbabu,Defender - Right-Back,Midtjylland,Success
Chancel Mbemba,https://www.transfermarkt.com/chancel-mbemba/profil/spieler/203348,203348,Chancel Mbemba,Defender - Centre-Back,Lille,Success
Dieumerci Mbokani,https://www.transfermarkt.com/dieumerci-mbokani/profil/spieler/44624,44624,Dieumerci Mbokani,Attack - Centre-Forward,N/A,Success
Memphis,https://www.transfermarkt.com/memphis/profil/spieler/167850,167850,Memphis Depay,Attack - Centre-Forward,Corinthians,Success
Matt Miazga,https://www.transfermarkt.com/matt-miazga/profil/spieler/245893,245893,Matt Miazga,Defender - Centre-Back,Cincinnati,Success
Tyrone Mings,https://www.transfermarkt.com/tyrone-mings/profil/spieler/253677,253677,Tyrone Mings,Defender - Centre-Back,Aston Villa,Success
Aleksandar Mitrović,https://www.transfermarkt.com/aleksandar-mitrovi/profil/spieler/51152,51152,Aleksandar Mitrović,Attack - Centre-Forward,Al-Rayyan,Success
Clinton N'Jie,https://www.transfermarkt.com/clinton-njie/profil/spieler/241119,241119,Clinton N'Jie,Attack - Right Winger,Without Club,Success
Oumar Niasse,https://www.transfermarkt.com/oumar-niasse/profil/spieler/209781,209781,Oumar Niasse,Attack - Centre-Forward,N/A,Success
Kristoffer Nordfeldt,https://www.transfermarkt.com/kristoffer-nordfeldt/profil/spieler/75890,75890,Kristoffer Nordfeldt,Goalkeeper,AIK,Success
Allan Nyom,https://www.transfermarkt.com/allan-nyom/profil/spieler/111508,111508,Allan Nyom,Defender - Right-Back,Getafe,Success
Eunan O'Kane,https://www.transfermarkt.com/eunan-okane/profil/spieler/61583,61583,Eunan O'Kane,Midfield - Central Midfield,N/A,Success
Pedro Obiang,https://www.transfermarkt.com/pedro-obiang/profil/spieler/101213,101213,Pedro Obiang,Midfield - Central Midfield,Monza,Success
Vadis Odjidja-Ofoe,https://www.transfermarkt.com/vadis-odjidja-ofoe/profil/spieler/38388,38388,Vadis Odjidja-Ofoe,Midfield - Central Midfield,Aalst Lede,Success
Angelo Ogbonna,https://www.transfermarkt.com/angelo-ogbonna/profil/spieler/48002,48002,Angelo Ogbonna,Defender - Centre-Back,Without Club,Success
Sheyi Ojo,https://www.transfermarkt.com/sheyi-ojo/profil/spieler/236510,236510,Sheyi Ojo,Attack - Right Winger,NK Maribor,Success
Shinji Okazaki,https://www.transfermarkt.com/shinji-okazaki/profil/spieler/79642,79642,Shinji Okazaki,Attack - Centre-Forward,N/A,Success
Josh Onomah,https://www.transfermarkt.com/josh-onomah/profil/spieler/243589,243589,Josh Onomah,Midfield - Central Midfield,Without Club,Success
Divock Origi,https://www.transfermarkt.com/divock-origi/profil/spieler/148368,148368,Divock Origi,Attack - Centre-Forward,Without Club,Success
Nicolás Otamendi,https://www.transfermarkt.com/nicols-otamendi/profil/spieler/54781,54781,Nicolás Otamendi,Defender - Centre-Back,Benfica,Success
Obbi Oulare,https://www.transfermarkt.com/obbi-oulare/profil/spieler/314959,314959,Obbi Oulare,Attack - Centre-Forward,Without Club,Success
Reece Oxford,https://www.transfermarkt.com/reece-oxford/profil/spieler/314295,314295,Reece Oxford,Defender - Centre-Back,Without Club,Success
Alberto Paloschi,https://www.transfermarkt.com/alberto-paloschi/profil/spieler/68306,68306,Alberto Paloschi,Attack - Centre-Forward,Chievo Verona,Success
Alexandre Pato,https://www.transfermarkt.com/alexandre-pato/profil/spieler/37579,37579,Alexandre Pato,Attack - Centre-Forward,N/A,Success
Dimitri Payet,https://www.transfermarkt.com/dimitri-payet/profil/spieler/37647,37647,Dimitri Payet,Midfield - Attacking Midfield,Without Club,Success
Pedro,https://www.transfermarkt.com/pedro/profil/spieler/65278,65278,Pedro,Attack - Right Winger,Lazio,Success
Matthew Pennington,https://www.transfermarkt.com/matthew-pennington/profil/spieler/220755,220755,Matthew Pennington,Defender - Centre-Back,Bradford,Success
Ivo Pinto,https://www.transfermarkt.com/ivo-pinto/profil/spieler/82281,82281,Ivo Pinto,Defender - Right-Back,Fortuna Sittard,Success
Sebastian Prödl,https://www.transfermarkt.com/sebastian-prdl/profil/spieler/37981,37981,Sebastian Prödl,Defender - Centre-Back,N/A,Success
Marc Pugh,https://www.transfermarkt.com/marc-pugh/profil/spieler/36939,36939,Marc Pugh,Attack - Left Winger,N/A,Success
Baba Rahman,https://www.transfermarkt.com/baba-rahman/profil/spieler/224884,224884,Abdul Rahman Baba,Defender - Left-Back,PAOK,Success
Connor Randall,https://www.transfermarkt.com/connor-randall/profil/spieler/262545,262545,Connor Randall,Defender - Right-Back,Ross County,Success
Darren Randolph,https://www.transfermarkt.com/darren-randolph/profil/spieler/51321,51321,Darren Randolph,Goalkeeper,N/A,Success
Tokelo Rantie,https://www.transfermarkt.com/tokelo-rantie/profil/spieler/198495,198495,Tokelo Rantie,Attack - Centre-Forward,N/A,Success
Marcus Rashford,https://www.transfermarkt.com/marcus-rashford/profil/spieler/258923,258923,Marcus Rashford,Attack - Left Winger,Barcelona,Success
Matt Ritchie,https://www.transfermarkt.com/matt-ritchie/profil/spieler/92469,92469,Matt Ritchie,Midfield - Right Midfield,Reading,Success
Tyler Roberts,https://www.transfermarkt.com/tyler-roberts/profil/spieler/296986,296986,Tyler Roberts,Attack - Second Striker,Mansfield Town,Success
Thomas Robson,https://www.transfermarkt.com/thomas-robson/profil/spieler/257968,257968,Tommy Robson,Defender - Left-Back,Clyde FC,Success
Sergio Romero,https://www.transfermarkt.com/sergio-romero/profil/spieler/30690,30690,Sergio Romero,Goalkeeper,Without Club,Success
Salomón Rondón,https://www.transfermarkt.com/salomn-rondn/profil/spieler/80197,80197,Salomón Rondón,Attack - Centre-Forward,Pachuca,Success
Jordan Rossiter,https://www.transfermarkt.com/jordan-rossiter/profil/spieler/258924,258924,Jordan Rossiter,Midfield - Defensive Midfield,Sporting JAX,Success
Henri Saivet,https://www.transfermarkt.com/henri-saivet/profil/spieler/51540,51540,Henri Saivet,Midfield - Central Midfield,Clermont Foot,Success
Bakary Sako,https://www.transfermarkt.com/bakary-sako/profil/spieler/46791,46791,Bakary Sako,Attack - Left Winger,LB Châteauroux,Success
Bastian Schweinsteiger,https://www.transfermarkt.com/bastian-schweinsteiger/profil/spieler/2514,2514,Bastian Schweinsteiger,Midfield - Central Midfield,N/A,Success
Xherdan Shaqiri,https://www.transfermarkt.com/xherdan-shaqiri/profil/spieler/86792,86792,Xherdan Shaqiri,Midfield - Attacking Midfield,Basel,Success
Cédric Soares,https://www.transfermarkt.com/cdric-soares/profil/spieler/112988,112988,Cédric Soares,Defender - Right-Back,São Paulo,Success
Jamie Sterry,https://www.transfermarkt.com/jamie-sterry/profil/spieler/250431,250431,Jamie Sterry,Defender - Right-Back,Doncaster,Success
Kevin Stewart,https://www.transfermarkt.com/kevin-stewart/profil/spieler/200782,200782,Kevin Stewart,Midfield - Defensive Midfield,N/A,Success
Mario Suárez,https://www.transfermarkt.com/mario-surez/profil/spieler/37337,37337,Mario Suárez,Midfield - Defensive Midfield,N/A,Success
Florian Thauvin,https://www.transfermarkt.com/florian-thauvin/profil/spieler/184892,184892,Florian Thauvin,Attack - Right Winger,Lens,Success
Ola Toivonen,https://www.transfermarkt.com/ola-toivonen/profil/spieler/36500,36500,Ola Toivonen,Attack - Centre-Forward,N/A,Success
Lee Tomlin,https://www.transfermarkt.com/lee-tomlin/profil/spieler/104586,104586,Lee Tomlin,Attack - Second Striker,N/A,Success
Fikayo Tomori,https://www.transfermarkt.com/fikayo-tomori/profil/spieler/303254,303254,Fikayo Tomori,Defender - Centre-Back,AC Milan,Success
Kevin Toner,https://www.transfermarkt.com/kevin-toner/profil/spieler/265132,265132,Kevin Toner,Defender - Centre-Back,Minera,Success
Ivan Toney,https://www.transfermarkt.com/ivan-toney/profil/spieler/251664,251664,Ivan Toney,Attack - Centre-Forward,Al-Ahli,Success
Adama Traoré,https://www.transfermarkt.com/adama-traor/profil/spieler/204103,204103,Adama Traoré,Attack - Right Winger,West Ham,Success
Bertrand Traoré,https://www.transfermarkt.com/bertrand-traor/profil/spieler/131996,131996,Bertrand Traoré,Attack - Right Winger,Sunderland,Success
Virgil van Dijk,https://www.transfermarkt.com/virgil-van-dijk/profil/spieler/139208,139208,Virgil van Dijk,Defender - Centre-Back,Liverpool,Success
Guillermo Varela,https://www.transfermarkt.com/guillermo-varela/profil/spieler/188862,188862,Guillermo Varela,Defender - Right-Back,Flamengo,Success
Jordan Veretout,https://www.transfermarkt.com/jordan-veretout/profil/spieler/164771,164771,Jordan Veretout,Midfield - Central Midfield,Al-Arabi SC,Success
Danny Ward,https://www.transfermarkt.com/danny-ward/profil/spieler/203026,203026,Danny Ward,Goalkeeper,Wrexham,Success
Duncan Watmore,https://www.transfermarkt.com/duncan-watmore/profil/spieler/248045,248045,Duncan Watmore,Attack - Right Winger,Rotherham,Success
James Weir,https://www.transfermarkt.com/james-weir/profil/spieler/251058,251058,James Weir,Midfield - Central Midfield,N/A,Success
Georginio Wijnaldum,https://www.transfermarkt.com/georginio-wijnaldum/profil/spieler/49499,49499,Georginio Wijnaldum,Midfield - Central Midfield,Al-Ettifaq,Success
Callum Wilson,https://www.transfermarkt.com/callum-wilson/profil/spieler/123682,123682,Callum Wilson,Attack - Centre-Forward,West Ham,Success
Kevin Wimmer,https://www.transfermarkt.com/kevin-wimmer/profil/spieler/122675,122675,Kevin Wimmer,Defender - Centre-Back,Slo. Bratislava,Success
